Logs for job 01M2HGV48S6Q204RDYRG2V5ECD of task train:
2026-09-15T03:59:56.253Z [36m[1m
2026-09-15T03:59:56.253Z ##########################################
2026-09-15T03:59:56.253Z ### [GANTRY] Validating environment... ###  
2026-09-15T03:59:56.253Z ##########################################
2026-09-15T03:59:56.253Z [0m
2026-09-15T03:59:56.256Z [36m[1m❯ [GANTRY INFO][0m Shell is GNU bash, version 5.1.16(1)-release (x86_64-pc-linux-gnu).
2026-09-15T03:59:56.256Z [36m[1m❯ [GANTRY INFO][0m Running on Beaker node 'saturn-cs-aus-239.reviz.ai2.in' (01KT4KHAS5EM0YGWJ0XG6TNDXA)
2026-09-15T03:59:56.256Z [36m[1m❯ [GANTRY INFO][0m Results dataset [94m[4mhttps://beaker.org/ds/01M2HGV45EK963Y3E7FGX92C7Z[0m mounted to '/results'.
2026-09-15T03:59:56.256Z [36m[1m❯ [GANTRY INFO][0m Checking for required tools...
2026-09-15T03:59:56.259Z [36m[1m❯ [GANTRY INFO][0m Using git version 2.34.1.
2026-09-15T03:59:56.269Z [36m[1m❯ [GANTRY INFO][0m Using curl 7.81.0 (x86_64-pc-linux-gnu) libcurl/7.81.0 OpenSSL/3.0.2 zlib/1.2.11 brotli/1.0.9 zstd/1.4.8 libidn2/2.3.2 libpsl/0.21.0 (+libidn2/2.3.2) libssh/0.9.6/openssl/zlib nghttp2/1.43.0 librtmp/2.3 OpenLDAP/2.5.19.
2026-09-15T03:59:56.269Z [36m[1m❯ [GANTRY INFO][0m Done.
2026-09-15T03:59:56.269Z [36m[1m❯ [GANTRY INFO][0m Installing AWS config...
2026-09-15T03:59:56.272Z [36m[1m❯ [GANTRY INFO][0m Done.
2026-09-15T03:59:56.272Z [36m[1m❯ [GANTRY INFO][0m Installing AWS credentials...
2026-09-15T03:59:56.274Z [36m[1m❯ [GANTRY INFO][0m Done.
2026-09-15T03:59:56.274Z [36m[1m❯ [GANTRY INFO][0m Installing Google Cloud credentials...
2026-09-15T03:59:56.277Z [36m[1m❯ [GANTRY INFO][0m Done.
2026-09-15T03:59:56.277Z [36m[1m❯ [GANTRY INFO][0m Creating PyTorch kernel cache directory...
2026-09-15T03:59:56.277Z [33m[1m❯ [GANTRY WARN][0m 'gcloud' CLI not found so credentials can't be activated globally. As a result some tools like 'gsutil' may not be able to authenticate.
2026-09-15T03:59:56.279Z [36m[1m❯ [GANTRY INFO][0m Done.
2026-09-15T03:59:56.279Z [36m[1m
2026-09-15T03:59:56.279Z #######################################
2026-09-15T03:59:56.279Z ### [GANTRY] Cloning source code... ###  
2026-09-15T03:59:56.279Z #######################################
2026-09-15T03:59:56.279Z [0m
2026-09-15T03:59:56.291Z [36m[1m❯ [GANTRY INFO][0m Cloning source from 'allenai/OLMo-core' @ '5ee1264fe3e0272bb492fdad2512e67c3a2b5616'...
2026-09-15T04:00:00.407Z [36m[1m❯ [GANTRY INFO][0m Done.
2026-09-15T04:00:00.407Z [36m[1m❯ [GANTRY INFO][0m Initializing git submodules...
2026-09-15T04:00:00.445Z [36m[1m❯ [GANTRY INFO][0m Done.
2026-09-15T04:00:00.445Z [36m[1m
2026-09-15T04:00:00.445Z #######################################
2026-09-15T04:00:00.445Z ### [GANTRY] Building Python env... ###  
2026-09-15T04:00:00.445Z #######################################
2026-09-15T04:00:00.445Z [0m
2026-09-15T04:00:00.445Z [36m[1m❯ [GANTRY INFO][0m Installing uv...
2026-09-15T04:00:01.372Z [36m[1m❯ [GANTRY INFO][0m Done. Installed uv 0.12.14 (x86_64-unknown-linux-gnu).
2026-09-15T04:00:01.378Z [36m[1m❯ [GANTRY INFO][0m Using existing Python 3.12.12 installation at '/opt/conda/bin/python'.
2026-09-15T04:00:01.381Z [36m[1m❯ [GANTRY INFO][0m Acquiring lock for uv install at '/results/lockfile'...
2026-09-15T04:00:01.382Z [36m[1m❯ [GANTRY INFO][0m Done.
2026-09-15T04:00:01.382Z [36m[1m❯ [GANTRY INFO][0m Installing local project...
2026-09-15T04:00:05.627Z [36m[1m❯ [GANTRY INFO][0m Done.
2026-09-15T04:00:05.650Z [36m[1m
2026-09-15T04:00:05.650Z ########################################
2026-09-15T04:00:05.650Z ### [GANTRY] Python environment info ###  
2026-09-15T04:00:05.650Z ########################################
2026-09-15T04:00:05.650Z [0m
2026-09-15T04:00:05.656Z [36m[1m❯ [GANTRY INFO][0m Using Python 3.12.12 from '/opt/conda/bin/python'.
2026-09-15T04:00:05.657Z [36m[1m❯ [GANTRY INFO][0m Packages:
2026-09-15T04:00:05.658Z [1mai2-olmo-core[0m @ file:///gantry-runtime
2026-09-15T04:00:05.658Z [1mai2-olmo-eval[0m==0.9.0
2026-09-15T04:00:05.658Z [1maiohappyeyeballs[0m==2.6.1
2026-09-15T04:00:05.658Z [1maiohttp[0m==3.13.2
2026-09-15T04:00:05.658Z [1maiosignal[0m==1.4.0
2026-09-15T04:00:05.658Z [1malabaster[0m==0.7.16
2026-09-15T04:00:05.658Z [1mannotated-types[0m==0.7.0
2026-09-15T04:00:05.658Z [1mantlr4-python3-runtime[0m==4.9.3
2026-09-15T04:00:05.658Z [1manyio[0m==4.11.0
2026-09-15T04:00:05.658Z [1mapache-tvm-ffi[0m==0.1.13.post3
2026-09-15T04:00:05.658Z [1marchspec[0m @ file:///home/conda/feedstock_root/build_artifacts/archspec_1737352602016/work
2026-09-15T04:00:05.658Z [1masttokens[0m @ file:///home/conda/feedstock_root/build_artifacts/asttokens_1763409923949/work
2026-09-15T04:00:05.658Z [1mattrs[0m @ file:///home/conda/feedstock_root/build_artifacts/attrs_1759762205280/work
2026-09-15T04:00:05.658Z [1mbabel[0m==2.17.0
2026-09-15T04:00:05.658Z [1mbeaker-gantry[0m==3.7.0
2026-09-15T04:00:05.658Z [1mbeaker-py[0m==2.8.0
2026-09-15T04:00:05.658Z [1mbeautifulsoup4[0m @ file:///home/conda/feedstock_root/build_artifacts/beautifulsoup4_1759146011391/work
2026-09-15T04:00:05.658Z [1mbettermap[0m==1.3.1
2026-09-15T04:00:05.658Z [1mblack[0m==23.12.1
2026-09-15T04:00:05.658Z [1mboltons[0m @ file:///home/conda/feedstock_root/build_artifacts/boltons_1749686179973/work
2026-09-15T04:00:05.658Z [1mboto3[0m==1.41.3
2026-09-15T04:00:05.658Z [1mbotocore[0m==1.41.3
2026-09-15T04:00:05.658Z [1mbrotli[0m @ file:///home/conda/feedstock_root/build_artifacts/brotli-split_1756599151967/work
2026-09-15T04:00:05.658Z [1mbuild[0m==1.3.0
2026-09-15T04:00:05.658Z [1mcached-path[0m==1.8.0
2026-09-15T04:00:05.658Z [1mcachetools[0m==6.2.2
2026-09-15T04:00:05.658Z [1mcertifi[0m @ file:///home/conda/feedstock_root/build_artifacts/certifi_1762976168352/work/certifi
2026-09-15T04:00:05.658Z [1mcffi[0m @ file:///home/conda/feedstock_root/build_artifacts/cffi_1761202850602/work
2026-09-15T04:00:05.658Z [1mchardet[0m @ file:///home/conda/feedstock_root/build_artifacts/chardet_1741797914774/work
2026-09-15T04:00:05.658Z [1mcharset-normalizer[0m @ file:///home/conda/feedstock_root/build_artifacts/charset-normalizer_1760437218288/work
2026-09-15T04:00:05.658Z [1mclick[0m @ file:///home/conda/feedstock_root/build_artifacts/click_1763248546991/work
2026-09-15T04:00:05.658Z [1mclick-help-colors[0m==0.9.4
2026-09-15T04:00:05.658Z [1mclick-option-group[0m==0.5.9
2026-09-15T04:00:05.658Z [1mcolorama[0m @ file:///home/conda/feedstock_root/build_artifacts/colorama_1733218098505/work
2026-09-15T04:00:05.658Z [1mcomet-ml[0m==3.54.2
2026-09-15T04:00:05.658Z [1mconda[0m @ file:///home/conda/feedstock_root/build_artifacts/conda_1760108593422/work/conda-src
2026-09-15T04:00:05.658Z [1mconda-build[0m @ file:///home/conda/feedstock_root/build_artifacts/conda-build_1763816195874/work
2026-09-15T04:00:05.658Z [1mconda-index[0m @ file:///home/conda/feedstock_root/build_artifacts/conda-index_1760661811794/work
2026-09-15T04:00:05.658Z [1mconda-libmamba-solver[0m @ file:///home/conda/feedstock_root/build_artifacts/conda-libmamba-solver_1745834476052/work/src
2026-09-15T04:00:05.658Z [1mconda-package-handling[0m @ file:///home/conda/feedstock_root/build_artifacts/conda-package-handling_1736345463896/work
2026-09-15T04:00:05.658Z [1mconda-package-streaming[0m @ file:///home/conda/feedstock_root/build_artifacts/conda-package-streaming_1751548120229/work
2026-09-15T04:00:05.658Z [1mconfigobj[0m==5.0.9
2026-09-15T04:00:05.658Z [1mcontourpy[0m==1.4.0
2026-09-15T04:00:05.658Z [1mcryptography[0m==46.0.3
2026-09-15T04:00:05.658Z [1mcuda-bindings[0m==13.4.1
2026-09-15T04:00:05.658Z [1mcuda-core[0m==1.2.0
2026-09-15T04:00:05.658Z [1mcuda-pathfinder[0m==1.8.1
2026-09-15T04:00:05.658Z [1mcuda-python[0m==13.4.1
2026-09-15T04:00:05.658Z [1mcycler[0m==0.12.1
2026-09-15T04:00:05.658Z [1mdataclass-extensions[0m==0.5.0
2026-09-15T04:00:05.658Z [1mdatasets[0m==3.6.0
2026-09-15T04:00:05.658Z [1mdecorator[0m @ file:///home/conda/feedstock_root/build_artifacts/decorator_1740384970518/work
2026-09-15T04:00:05.658Z [1mdill[0m==0.3.8
2026-09-15T04:00:05.658Z [1mdion[0m @ git+https://github.com/microsoft/dion.git@7452a5823cf9655b93c3f1d8020b4ebb2535239b
2026-09-15T04:00:05.658Z [1mdistro[0m @ file:///home/conda/feedstock_root/build_artifacts/distro_1734729835256/work
2026-09-15T04:00:05.658Z [1mdocker[0m==7.1.0
2026-09-15T04:00:05.658Z [1mdocutils[0m==0.20.1
2026-09-15T04:00:05.658Z [1mdulwich[0m==0.24.10
2026-09-15T04:00:05.658Z [1meinops[0m==0.8.1
2026-09-15T04:00:05.658Z [1mevalidate[0m @ file:///home/conda/feedstock_root/build_artifacts/bld/rattler-build_evalidate_1746793833/work
2026-09-15T04:00:05.658Z [1meverett[0m==3.1.0
2026-09-15T04:00:05.658Z [1mexecnet[0m==2.1.2
2026-09-15T04:00:05.658Z [1mexecuting[0m @ file:///home/conda/feedstock_root/build_artifacts/executing_1756729339227/work
2026-09-15T04:00:05.658Z [1mfilelock[0m @ file:///home/conda/feedstock_root/build_artifacts/filelock_1759948064277/work
2026-09-15T04:00:05.658Z [1mfla-core[0m==0.4.1
2026-09-15T04:00:05.658Z [1mflash-attn[0m==2.8.2
2026-09-15T04:00:05.658Z [1mflash-attn-4[0m==4.0.0b30
2026-09-15T04:00:05.658Z [1mflash-linear-attention[0m==0.4.1
2026-09-15T04:00:05.658Z [1mfonttools[0m==4.65.0
2026-09-15T04:00:05.658Z [1mfrozendict[0m @ file:///home/conda/feedstock_root/build_artifacts/frozendict_1756047928019/work
2026-09-15T04:00:05.658Z [1mfrozenlist[0m==1.8.0
2026-09-15T04:00:05.658Z [1mfsspec[0m==2025.3.0
2026-09-15T04:00:05.658Z [1mfuro[0m==2024.8.6
2026-09-15T04:00:05.658Z [1mgitdb[0m==4.0.12
2026-09-15T04:00:05.658Z [1mgitpython[0m==3.1.45
2026-09-15T04:00:05.658Z [1mgoogle-api-core[0m==2.28.1
2026-09-15T04:00:05.658Z [1mgoogle-auth[0m==2.43.0
2026-09-15T04:00:05.658Z [1mgoogle-cloud-compute[0m==1.40.0
2026-09-15T04:00:05.658Z [1mgoogle-cloud-core[0m==2.5.0
2026-09-15T04:00:05.658Z [1mgoogle-cloud-storage[0m==2.19.0
2026-09-15T04:00:05.658Z [1mgoogle-crc32c[0m==1.7.1
2026-09-15T04:00:05.658Z [1mgoogle-resumable-media[0m==2.8.0
2026-09-15T04:00:05.658Z [1mgoogleapis-common-protos[0m==1.72.0
2026-09-15T04:00:05.658Z [1mgrouped-gemm[0m @ git+https://git@github.com/tgale96/grouped_gemm.git@f1429a3c44c98f7912aa4b00125144cdf4e7fdb2
2026-09-15T04:00:05.658Z [1mgrpcio[0m==1.76.0
2026-09-15T04:00:05.658Z [1mgrpcio-status[0m==1.76.0
2026-09-15T04:00:05.658Z [1mh11[0m==0.16.0
2026-09-15T04:00:05.658Z [1mh2[0m @ file:///home/conda/feedstock_root/build_artifacts/bld/rattler-build_h2_1756364871/work
2026-09-15T04:00:05.658Z [1mhf-xet[0m==1.2.0
2026-09-15T04:00:05.658Z [1mhpack[0m @ file:///home/conda/feedstock_root/build_artifacts/hpack_1737618293087/work
2026-09-15T04:00:05.658Z [1mhttpcore[0m==1.0.9
2026-09-15T04:00:05.658Z [1mhttpx[0m==0.28.1
2026-09-15T04:00:05.658Z [1mhuggingface-hub[0m==0.36.0
2026-09-15T04:00:05.658Z [1mhyperframe[0m @ file:///home/conda/feedstock_root/build_artifacts/hyperframe_1737618333194/work
2026-09-15T04:00:05.658Z [1mid[0m==1.5.0
2026-09-15T04:00:05.658Z [1midna[0m @ file:///home/conda/feedstock_root/build_artifacts/idna_1760286409563/work
2026-09-15T04:00:05.658Z [1mimagesize[0m==1.4.1
2026-09-15T04:00:05.658Z [1mimportlib-metadata[0m==8.7.0
2026-09-15T04:00:05.658Z [1mimportlib-resources[0m==6.5.2
2026-09-15T04:00:05.658Z [1miniconfig[0m==2.3.0
2026-09-15T04:00:05.658Z [1mipython[0m @ file:///home/conda/feedstock_root/build_artifacts/bld/rattler-build_ipython_1762350942/work
2026-09-15T04:00:05.658Z [1mipython-pygments-lexers[0m @ file:///home/conda/feedstock_root/build_artifacts/ipython_pygments_lexers_1737123620466/work
2026-09-15T04:00:05.658Z [1misort[0m==5.13.2
2026-09-15T04:00:05.658Z [1mjaraco-classes[0m==3.4.0
2026-09-15T04:00:05.658Z [1mjaraco-context[0m==6.0.1
2026-09-15T04:00:05.658Z [1mjaraco-functools[0m==4.3.0
2026-09-15T04:00:05.658Z [1mjedi[0m @ file:///home/conda/feedstock_root/build_artifacts/jedi_1733300866624/work
2026-09-15T04:00:05.658Z [1mjeepney[0m==0.9.0
2026-09-15T04:00:05.658Z [1mjinja2[0m @ file:///home/conda/feedstock_root/build_artifacts/jinja2_1741263328855/work
2026-09-15T04:00:05.658Z [1mjmespath[0m==1.0.1
2026-09-15T04:00:05.658Z [1mjsonpatch[0m @ file:///home/conda/feedstock_root/build_artifacts/jsonpatch_1733814567314/work
2026-09-15T04:00:05.658Z [1mjsonpointer[0m @ file:///home/conda/feedstock_root/build_artifacts/jsonpointer_1756754132407/work
2026-09-15T04:00:05.658Z [1mjsonschema[0m @ file:///home/conda/feedstock_root/build_artifacts/bld/rattler-build_jsonschema_1755595646/work
2026-09-15T04:00:05.658Z [1mjsonschema-specifications[0m @ file:///tmp/tmptzik3dqa/src
2026-09-15T04:00:05.658Z [1mkeyring[0m==25.7.0
2026-09-15T04:00:05.658Z [1mkiwisolver[0m==1.5.1
2026-09-15T04:00:05.658Z [1mlibarchive-c[0m @ file:///home/conda/feedstock_root/build_artifacts/bld/rattler-build_python-libarchive-c_1754663558/work
2026-09-15T04:00:05.658Z [1mlibmambapy[0m @ file:///home/conda/feedstock_root/build_artifacts/bld/rattler-build_libmambapy_1760729597/work/libmambapy
2026-09-15T04:00:05.658Z [1mlief[0m @ file:///home/conda/feedstock_root/build_artifacts/lief_1760811648956/work/api/python
2026-09-15T04:00:05.658Z [1mliger-kernel[0m==0.6.4
2026-09-15T04:00:05.658Z [1mlightning-utilities[0m==0.15.2
2026-09-15T04:00:05.658Z [1mlinkify-it-py[0m==2.0.3
2026-09-15T04:00:05.658Z [1mmarkdown-it-py[0m==3.0.0
2026-09-15T04:00:05.658Z [1mmarkupsafe[0m @ file:///home/conda/feedstock_root/build_artifacts/markupsafe_1759055168201/work
2026-09-15T04:00:05.658Z [1mmatplotlib[0m==3.11.2
2026-09-15T04:00:05.658Z [1mmatplotlib-inline[0m @ file:///home/conda/feedstock_root/build_artifacts/matplotlib-inline_1761214490209/work
2026-09-15T04:00:05.658Z [1mmdit-py-plugins[0m==0.5.0
2026-09-15T04:00:05.658Z [1mmdurl[0m==0.1.2
2026-09-15T04:00:05.658Z [1mmemray[0m==1.19.1
2026-09-15T04:00:05.658Z [1mmenuinst[0m @ file:///home/conda/feedstock_root/build_artifacts/menuinst_1761299738838/work
2026-09-15T04:00:05.658Z [1mml-dtypes[0m==0.5.4
2026-09-15T04:00:05.658Z [1mmore-itertools[0m==10.8.0
2026-09-15T04:00:05.658Z [1mmpmath[0m==1.3.0
2026-09-15T04:00:05.658Z [1mmsgpack[0m @ file:///home/conda/feedstock_root/build_artifacts/msgpack-python_1762503974934/work
2026-09-15T04:00:05.658Z [1mmultidict[0m==6.7.0
2026-09-15T04:00:05.658Z [1mmultiprocess[0m==0.70.16
2026-09-15T04:00:05.658Z [1mmypy[0m==1.3.0
2026-09-15T04:00:05.658Z [1mmypy-extensions[0m==1.1.0
2026-09-15T04:00:05.658Z [1mmyst-parser[0m==2.0.0
2026-09-15T04:00:05.658Z [1mnetworkx[0m==3.5
2026-09-15T04:00:05.658Z [1mnh3[0m==0.3.2
2026-09-15T04:00:05.658Z [1mninja[0m==1.13.0
2026-09-15T04:00:05.658Z [1mnumpy[0m @ file:///home/conda/feedstock_root/build_artifacts/bld/rattler-build_numpy_1763351074/work/dist/numpy-2.3.5-cp312-cp312-linux_x86_64.whl#sha256=585a706a3c889590365479b2cdbe308c23addd9fae26c7937f4b74887269b6e3
2026-09-15T04:00:05.658Z [1mnvidia-cublas-cu12[0m==12.8.4.1
2026-09-15T04:00:05.658Z [1mnvidia-cuda-cupti-cu12[0m==12.8.90
2026-09-15T04:00:05.658Z [1mnvidia-cuda-nvdisasm[0m==13.4.49
2026-09-15T04:00:05.658Z [1mnvidia-cuda-nvrtc-cu12[0m==12.8.93
2026-09-15T04:00:05.658Z [1mnvidia-cuda-runtime-cu12[0m==12.8.90
2026-09-15T04:00:05.658Z [1mnvidia-cudnn-cu12[0m==9.10.2.21
2026-09-15T04:00:05.658Z [1mnvidia-cufft-cu12[0m==11.3.3.83
2026-09-15T04:00:05.658Z [1mnvidia-cufile-cu12[0m==1.13.1.3
2026-09-15T04:00:05.658Z [1mnvidia-curand-cu12[0m==10.3.9.90
2026-09-15T04:00:05.658Z [1mnvidia-cusolver-cu12[0m==11.7.3.90
2026-09-15T04:00:05.658Z [1mnvidia-cusparse-cu12[0m==12.5.8.93
2026-09-15T04:00:05.658Z [1mnvidia-cusparselt-cu12[0m==0.7.1
2026-09-15T04:00:05.659Z [1mnvidia-cutlass-dsl[0m==4.7.1
2026-09-15T04:00:05.659Z [1mnvidia-cutlass-dsl-libs-base[0m==4.7.1
2026-09-15T04:00:05.659Z [1mnvidia-cutlass-dsl-libs-core[0m==4.7.1
2026-09-15T04:00:05.659Z [1mnvidia-cutlass-dsl-libs-cu12[0m==4.7.1
2026-09-15T04:00:05.659Z [1mnvidia-nccl-cu12[0m==2.27.5
2026-09-15T04:00:05.659Z [1mnvidia-nvjitlink-cu12[0m==12.8.93
2026-09-15T04:00:05.659Z [1mnvidia-nvshmem-cu12[0m==3.3.20
2026-09-15T04:00:05.659Z [1mnvidia-nvtx-cu12[0m==12.8.90
2026-09-15T04:00:05.659Z [1momegaconf[0m==2.3.0
2026-09-15T04:00:05.659Z [1monnx[0m==1.19.1
2026-09-15T04:00:05.659Z [1monnx-ir[0m==0.1.12
2026-09-15T04:00:05.659Z [1monnxscript[0m==0.5.6
2026-09-15T04:00:05.659Z [1mpackaging[0m @ file:///home/conda/feedstock_root/build_artifacts/bld/rattler-build_packaging_1745345660/work
2026-09-15T04:00:05.659Z [1mpandas[0m==2.3.3
2026-09-15T04:00:05.659Z [1mparso[0m @ file:///home/conda/feedstock_root/build_artifacts/bld/rattler-build_parso_1755974222/work
2026-09-15T04:00:05.659Z [1mpathspec[0m==0.12.1
2026-09-15T04:00:05.659Z [1mpetname[0m==2.9
2026-09-15T04:00:05.659Z [1mpexpect[0m @ file:///home/conda/feedstock_root/build_artifacts/pexpect_1733301927746/work
2026-09-15T04:00:05.659Z [1mpillow[0m==11.3.0
2026-09-15T04:00:05.659Z [1mpip[0m==25.3
2026-09-15T04:00:05.659Z [1mpkginfo[0m @ file:///home/conda/feedstock_root/build_artifacts/pkginfo_1739984581450/work
2026-09-15T04:00:05.659Z [1mplatformdirs[0m @ file:///home/conda/feedstock_root/build_artifacts/bld/rattler-build_platformdirs_1759953252/work
2026-09-15T04:00:05.659Z [1mpluggy[0m @ file:///home/conda/feedstock_root/build_artifacts/pluggy_1747339660894/work
2026-09-15T04:00:05.659Z [1mprompt-toolkit[0m @ file:///home/conda/feedstock_root/build_artifacts/prompt-toolkit_1756321756983/work
2026-09-15T04:00:05.659Z [1mpropcache[0m==0.4.1
2026-09-15T04:00:05.659Z [1mproto-plus[0m==1.26.1
2026-09-15T04:00:05.659Z [1mprotobuf[0m==6.33.1
2026-09-15T04:00:05.659Z [1mpsutil[0m @ file:///home/conda/feedstock_root/build_artifacts/bld/rattler-build_psutil_1762092914/work
2026-09-15T04:00:05.659Z [1mptyprocess[0m @ file:///home/conda/feedstock_root/build_artifacts/ptyprocess_1733302279685/work/dist/ptyprocess-0.7.0-py2.py3-none-any.whl#sha256=92c32ff62b5fd8cf325bec5ab90d7be3d2a8ca8c8a3813ff487a8d2002630d1f
2026-09-15T04:00:05.659Z [1mpure-eval[0m @ file:///home/conda/feedstock_root/build_artifacts/pure_eval_1733569405015/work
2026-09-15T04:00:05.659Z [1mpyarrow[0m==19.0.1
2026-09-15T04:00:05.659Z [1mpyasn1[0m==0.6.1
2026-09-15T04:00:05.659Z [1mpyasn1-modules[0m==0.4.2
2026-09-15T04:00:05.659Z [1mpycosat[0m @ file:///home/conda/feedstock_root/build_artifacts/pycosat_1757744639790/work
2026-09-15T04:00:05.659Z [1mpycparser[0m @ file:///home/conda/feedstock_root/build_artifacts/bld/rattler-build_pycparser_1733195786/work
2026-09-15T04:00:05.659Z [1mpydantic[0m==2.12.4
2026-09-15T04:00:05.659Z [1mpydantic-core[0m==2.41.5
2026-09-15T04:00:05.659Z [1mpygments[0m @ file:///home/conda/feedstock_root/build_artifacts/pygments_1750615794071/work
2026-09-15T04:00:05.659Z [1mpyparsing[0m==3.3.2
2026-09-15T04:00:05.659Z [1mpyproject-hooks[0m==1.2.0
2026-09-15T04:00:05.659Z [1mpysocks[0m @ file:///home/conda/feedstock_root/build_artifacts/pysocks_1733217236728/work
2026-09-15T04:00:05.659Z [1mpytest[0m==9.0.1
2026-09-15T04:00:05.659Z [1mpytest-memray[0m==1.8.0
2026-09-15T04:00:05.659Z [1mpytest-sphinx[0m==0.6.3
2026-09-15T04:00:05.659Z [1mpytest-xdist[0m==3.8.0
2026-09-15T04:00:05.659Z [1mpython-box[0m==6.1.0
2026-09-15T04:00:05.659Z [1mpython-dateutil[0m==2.9.0.post0
2026-09-15T04:00:05.659Z [1mpytz[0m @ file:///home/conda/feedstock_root/build_artifacts/pytz_1742920838005/work
2026-09-15T04:00:05.659Z [1mpyyaml[0m @ file:///home/conda/feedstock_root/build_artifacts/pyyaml_1758891829620/work
2026-09-15T04:00:05.659Z [1mquack-kernels[0m==0.6.5
2026-09-15T04:00:05.659Z [1mreadme-renderer[0m==43.0
2026-09-15T04:00:05.659Z [1mreferencing[0m @ file:///home/conda/feedstock_root/build_artifacts/bld/rattler-build_referencing_1760379115/work
2026-09-15T04:00:05.659Z [1mregex[0m==2025.11.3
2026-09-15T04:00:05.659Z [1mrequests[0m @ file:///home/conda/feedstock_root/build_artifacts/requests_1755614211359/work
2026-09-15T04:00:05.659Z [1mrequests-toolbelt[0m==1.0.0
2026-09-15T04:00:05.659Z [1mrfc3986[0m==2.0.0
2026-09-15T04:00:05.659Z [1mrich[0m==13.9.4
2026-09-15T04:00:05.659Z [1mring-flash-attn[0m==0.1.8
2026-09-15T04:00:05.659Z [1mrpds-py[0m @ file:///home/conda/feedstock_root/build_artifacts/bld/rattler-build_rpds-py_1763327046/work
2026-09-15T04:00:05.659Z [1mrsa[0m==4.9.1
2026-09-15T04:00:05.659Z [1mruamel-yaml[0m @ file:///home/conda/feedstock_root/build_artifacts/ruamel.yaml_1761160588389/work
2026-09-15T04:00:05.659Z [1mruamel-yaml-clib[0m @ file:///home/conda/feedstock_root/build_artifacts/ruamel.yaml.clib_1760564169582/work
2026-09-15T04:00:05.659Z [1mruff[0m==0.14.6
2026-09-15T04:00:05.659Z [1ms3transfer[0m==0.15.0
2026-09-15T04:00:05.659Z [1msafetensors[0m==0.7.0
2026-09-15T04:00:05.659Z [1msecretstorage[0m==3.5.0
2026-09-15T04:00:05.659Z [1msemantic-version[0m==2.10.0
2026-09-15T04:00:05.659Z [1msentry-sdk[0m==2.46.0
2026-09-15T04:00:05.659Z [1msetuptools[0m==69.5.1
2026-09-15T04:00:05.659Z [1msimplejson[0m==3.20.2
2026-09-15T04:00:05.659Z [1msix[0m==1.17.0
2026-09-15T04:00:05.659Z [1msmmap[0m==5.0.2
2026-09-15T04:00:05.659Z [1msniffio[0m==1.3.1
2026-09-15T04:00:05.659Z [1msnowballstemmer[0m==3.0.1
2026-09-15T04:00:05.659Z [1msoupsieve[0m @ file:///home/conda/feedstock_root/build_artifacts/soupsieve_1756330469801/work
2026-09-15T04:00:05.659Z [1msphinx[0m==7.4.7
2026-09-15T04:00:05.659Z [1msphinx-autobuild[0m==2025.8.25
2026-09-15T04:00:05.659Z [1msphinx-autodoc-typehints[0m==1.23.3
2026-09-15T04:00:05.659Z [1msphinx-basic-ng[0m==1.0.0b2
2026-09-15T04:00:05.659Z [1msphinx-copybutton[0m==0.5.2
2026-09-15T04:00:05.659Z [1msphinx-inline-tabs[0m==2023.4.21
2026-09-15T04:00:05.659Z [1msphinxcontrib-applehelp[0m==2.0.0
2026-09-15T04:00:05.659Z [1msphinxcontrib-devhelp[0m==2.0.0
2026-09-15T04:00:05.659Z [1msphinxcontrib-htmlhelp[0m==2.1.0
2026-09-15T04:00:05.659Z [1msphinxcontrib-jsmath[0m==1.0.1
2026-09-15T04:00:05.659Z [1msphinxcontrib-qthelp[0m==2.0.0
2026-09-15T04:00:05.659Z [1msphinxcontrib-serializinghtml[0m==2.0.0
2026-09-15T04:00:05.659Z [1mstack-data[0m @ file:///home/conda/feedstock_root/build_artifacts/stack_data_1733569443808/work
2026-09-15T04:00:05.659Z [1mstarlette[0m==0.50.0
2026-09-15T04:00:05.659Z [1msympy[0m==1.14.0
2026-09-15T04:00:05.659Z [1mtextual[0m==6.2.1
2026-09-15T04:00:05.659Z [1mtokenizers[0m==0.22.1
2026-09-15T04:00:05.659Z [1mtomli[0m==2.4.1
2026-09-15T04:00:05.659Z [1mtorch[0m==2.9.1+cu128
2026-09-15T04:00:05.659Z [1mtorch-c-dlpack-ext[0m==0.1.5
2026-09-15T04:00:05.659Z [1mtorchao[0m==0.15.0
2026-09-15T04:00:05.659Z [1mtorchaudio[0m==2.9.1+cu128
2026-09-15T04:00:05.659Z [1mtorchmetrics[0m==1.8.2
2026-09-15T04:00:05.659Z [1mtorchvision[0m==0.24.1+cu128
2026-09-15T04:00:05.659Z [1mtqdm[0m @ file:///home/conda/feedstock_root/build_artifacts/tqdm_1735661334605/work
2026-09-15T04:00:05.659Z [1mtraitlets[0m @ file:///home/conda/feedstock_root/build_artifacts/traitlets_1733367359838/work
2026-09-15T04:00:05.659Z [1mtransformer-engine[0m==2.9.0
2026-09-15T04:00:05.659Z [1mtransformer-engine-cu12[0m==2.9.0
2026-09-15T04:00:05.659Z [1mtransformer-engine-torch[0m==2.9.0
2026-09-15T04:00:05.659Z [1mtransformers[0m==4.57.3
2026-09-15T04:00:05.659Z [1mtriton[0m==3.5.1
2026-09-15T04:00:05.659Z [1mtruststore[0m @ file:///home/conda/feedstock_root/build_artifacts/bld/rattler-build_truststore_1753886790/work
2026-09-15T04:00:05.659Z [1mtwine[0m==6.2.0
2026-09-15T04:00:05.659Z [1mtyping-extensions[0m @ file:///home/conda/feedstock_root/build_artifacts/bld/rattler-build_typing_extensions_1756220668/work
2026-09-15T04:00:05.659Z [1mtyping-inspection[0m==0.4.2
2026-09-15T04:00:05.659Z [1mtzdata[0m==2025.2
2026-09-15T04:00:05.659Z [1muc-micro-py[0m==1.0.3
2026-09-15T04:00:05.659Z [1murllib3[0m @ file:///home/conda/feedstock_root/build_artifacts/urllib3_1750271362675/work
2026-09-15T04:00:05.659Z [1muvicorn[0m==0.38.0
2026-09-15T04:00:05.659Z [1mwandb[0m==0.23.0
2026-09-15T04:00:05.659Z [1mwatchfiles[0m==1.1.1
2026-09-15T04:00:05.659Z [1mwcwidth[0m @ file:///home/conda/feedstock_root/build_artifacts/wcwidth_1758622279606/work
2026-09-15T04:00:05.659Z [1mwebsockets[0m==15.0.1
2026-09-15T04:00:05.659Z [1mwheel[0m==0.45.1
2026-09-15T04:00:05.659Z [1mwrapt[0m==2.0.1
2026-09-15T04:00:05.659Z [1mwurlitzer[0m==3.1.1
2026-09-15T04:00:05.659Z [1mxxhash[0m==3.6.0
2026-09-15T04:00:05.659Z [1myarl[0m==1.22.0
2026-09-15T04:00:05.659Z [1mzipp[0m==3.23.0
2026-09-15T04:00:05.659Z [1mzstandard[0m==0.25.0
2026-09-15T04:00:05.659Z [36m[1m
2026-09-15T04:00:05.659Z #####################################
2026-09-15T04:00:05.659Z ### [GANTRY] NVIDIA system status ###  
2026-09-15T04:00:05.659Z #####################################
2026-09-15T04:00:05.659Z [0m
2026-09-15T04:00:05.708Z Tue Sep 15 04:00:05 2026       
2026-09-15T04:00:05.711Z +-----------------------------------------------------------------------------------------+
2026-09-15T04:00:05.711Z | NVIDIA-SMI 570.124.06             Driver Version: 570.124.06     CUDA Version: 12.8     |
2026-09-15T04:00:05.711Z |-----------------------------------------+------------------------+----------------------+
2026-09-15T04:00:05.711Z | GPU  Name                 Persistence-M | Bus-Id          Disp.A | Volatile Uncorr. ECC |
2026-09-15T04:00:05.711Z | Fan  Temp   Perf          Pwr:Usage/Cap |           Memory-Usage | GPU-Util  Compute M. |
2026-09-15T04:00:05.711Z |                                         |                        |               MIG M. |
2026-09-15T04:00:05.711Z |=========================================+========================+======================|
2026-09-15T04:00:05.765Z |   0  NVIDIA A100-SXM4-80GB          On  |   00000000:91:00.0 Off |                    0 |
2026-09-15T04:00:05.765Z | N/A   31C    P0             63W /  400W |       1MiB /  81920MiB |      0%      Default |
2026-09-15T04:00:05.765Z |                                         |                        |             Disabled |
2026-09-15T04:00:05.765Z +-----------------------------------------+------------------------+----------------------+
2026-09-15T04:00:05.775Z |   1  NVIDIA A100-SXM4-80GB          On  |   00000000:CD:00.0 Off |                    0 |
2026-09-15T04:00:05.775Z | N/A   30C    P0             63W /  400W |       1MiB /  81920MiB |      0%      Default |
2026-09-15T04:00:05.775Z |                                         |                        |             Disabled |
2026-09-15T04:00:05.775Z +-----------------------------------------+------------------------+----------------------+
2026-09-15T04:00:05.776Z                                                                                          
2026-09-15T04:00:05.776Z +-----------------------------------------------------------------------------------------+
2026-09-15T04:00:05.776Z | Processes:                                                                              |
2026-09-15T04:00:05.776Z |  GPU   GI   CI              PID   Type   Process name                        GPU Memory |
2026-09-15T04:00:05.776Z |        ID   ID                                                               Usage      |
2026-09-15T04:00:05.776Z |=========================================================================================|
2026-09-15T04:00:05.777Z |  No running processes found                                                             |
2026-09-15T04:00:05.777Z +-----------------------------------------------------------------------------------------+
2026-09-15T04:00:06.564Z [36m[1m
2026-09-15T04:00:06.564Z ###############################
2026-09-15T04:00:06.564Z ### [GANTRY] Setup complete ###  (finished in 10 seconds)
2026-09-15T04:00:06.564Z ###############################
2026-09-15T04:00:06.564Z [0m
2026-09-15T04:00:16.158Z /opt/conda/lib/python3.12/site-packages/torchao/quantization/quant_api.py:2525: SyntaxWarning: invalid escape sequence '\.'
2026-09-15T04:00:16.159Z   * regex for parameter names, must start with `re:`, e.g. `re:language\.layers\..+\.q_proj.weight`.
2026-09-15T04:00:16.169Z /opt/conda/lib/python3.12/site-packages/torchao/quantization/quant_api.py:2525: SyntaxWarning: invalid escape sequence '\.'
2026-09-15T04:00:16.169Z   * regex for parameter names, must start with `re:`, e.g. `re:language\.layers\..+\.q_proj.weight`.
2026-09-15T04:00:16.557Z Supported flash-attn versions are >= 2.1.1, <= 2.8.1. Found flash-attn 2.8.2.
2026-09-15T04:00:16.560Z Supported flash-attn versions are >= 2.1.1, <= 2.8.1. Found flash-attn 2.8.2.
2026-09-15T04:00:16.561Z Supported flash-attn versions are >= 2.1.1, <= 2.8.1. Found flash-attn 2.8.2.
2026-09-15T04:00:16.564Z Supported flash-attn versions are >= 2.1.1, <= 2.8.1. Found flash-attn 2.8.2.
2026-09-15T04:00:17.964Z Setting env var 'TORCH_NCCL_AVOID_RECORD_STREAMS' to '1'
2026-09-15T04:00:17.964Z Setting env var 'TORCH_DIST_INIT_BARRIER' to '1'
2026-09-15T04:00:17.964Z Running in beaker on node 'saturn-cs-aus-239.reviz.ai2.in'
2026-09-15T04:00:17.964Z Setting env var 'TORCH_NCCL_AVOID_RECORD_STREAMS' to '1'
2026-09-15T04:00:17.964Z Setting env var 'TORCH_DIST_INIT_BARRIER' to '1'
2026-09-15T04:00:17.964Z Running in beaker on node 'saturn-cs-aus-239.reviz.ai2.in'
2026-09-15T04:00:18.329Z Initializing process group with timeout=datetime.timedelta(seconds=900)...
2026-09-15T04:00:18.329Z Initializing process group with timeout=datetime.timedelta(seconds=900)...
2026-09-15T04:00:18.377Z [Gloo] Rank 1 is connected to 1 peer ranks. Expected number of connected peer ranks is : 1
2026-09-15T04:00:18.377Z [Gloo] Rank 0 is connected to 1 peer ranks. Expected number of connected peer ranks is : 1
2026-09-15T04:00:18.377Z [W915 04:00:18.290206903 ProcessGroupNCCL.cpp:924] Warning: TORCH_NCCL_AVOID_RECORD_STREAMS is the default now, this environment variable is thus deprecated. (function operator())
2026-09-15T04:00:18.377Z [W915 04:00:18.290206532 ProcessGroupNCCL.cpp:924] Warning: TORCH_NCCL_AVOID_RECORD_STREAMS is the default now, this environment variable is thus deprecated. (function operator())
2026-09-15T04:00:18.378Z Global rank 0 = local rank 0 = file system local rank 0
2026-09-15T04:00:18.378Z Global rank 1 = local rank 1 = file system local rank 1
2026-09-15T04:00:18.379Z [2;36m[2026-09-15 04:00:18][0m [34mINFO    [0m [2m[olmo_core.utils:237, db3cfb97005b, rank=0][0m Env var 'OMP_NUM_THREADS' already set to '8'
2026-09-15T04:00:18.380Z [2;36m[2026-09-15 04:00:18][0m [34mINFO    [0m [2m[olmo_core.utils:237, db3cfb97005b, rank=0][0m Setting env var 'TOKENIZERS_PARALLELISM' to 'false'
2026-09-15T04:00:18.380Z [2;36m[2026-09-15 04:00:18][0m [34mINFO    [0m [2m[olmo_core.train:148, db3cfb97005b, rank=0][0m Using distributed backend cpu:gloo,cuda:nccl
2026-09-15T04:00:18.382Z [ctc-suite] task=outlier variant=softtoken scale=4b n_examples=1953 epochs=1 seq_len=4096 global_batch=32 world_size=2 curriculum=None
2026-09-15T04:00:18.382Z [ctc-suite] wandb group: https://wandb.ai/prasanns-allen-institute-for-ai/memory-networks/groups/f2k-q35-4b
2026-09-15T04:00:18.382Z [ctc-suite] task=outlier variant=softtoken scale=4b n_examples=1953 epochs=1 seq_len=4096 global_batch=32 world_size=2 curriculum=None
2026-09-15T04:00:18.382Z [ctc-suite] wandb group: https://wandb.ai/prasanns-allen-institute-for-ai/memory-networks/groups/f2k-q35-4b
2026-09-15T04:00:18.390Z [2;36m[2026-09-15 04:00:18][0m [34mINFO    [0m [2m[olmo_core.nn.transformer.config:373, db3cfb97005b, rank=0][0m Building transformer with 4,841,450,496 total params, 4,205,751,296 non-embedding params
2026-09-15T04:00:19.199Z [2;36m[2026-09-15 04:00:19][0m [34mINFO    [0m [2m[olmo_core.nn.attention:1150, db3cfb97005b, rank=0][0m Using attention backend 'flash_2'
2026-09-15T04:00:19.206Z [2;36m[2026-09-15 04:00:19][0m [34mINFO    [0m [2m[olmo_core.nn.attention:1150, db3cfb97005b, rank=0][0m Using attention backend 'flash_2'
2026-09-15T04:00:19.212Z [2;36m[2026-09-15 04:00:19][0m [34mINFO    [0m [2m[olmo_core.nn.attention:1150, db3cfb97005b, rank=0][0m Using attention backend 'flash_2'
2026-09-15T04:00:19.219Z [2;36m[2026-09-15 04:00:19][0m [34mINFO    [0m [2m[olmo_core.nn.attention:1150, db3cfb97005b, rank=0][0m Using attention backend 'flash_2'
2026-09-15T04:00:19.225Z [2;36m[2026-09-15 04:00:19][0m [34mINFO    [0m [2m[olmo_core.nn.attention:1150, db3cfb97005b, rank=0][0m Using attention backend 'flash_2'
2026-09-15T04:00:19.232Z [2;36m[2026-09-15 04:00:19][0m [34mINFO    [0m [2m[olmo_core.nn.attention:1150, db3cfb97005b, rank=0][0m Using attention backend 'flash_2'
2026-09-15T04:00:19.239Z [2;36m[2026-09-15 04:00:19][0m [34mINFO    [0m [2m[olmo_core.nn.attention:1150, db3cfb97005b, rank=0][0m Using attention backend 'flash_2'
2026-09-15T04:00:19.245Z [2;36m[2026-09-15 04:00:19][0m [34mINFO    [0m [2m[olmo_core.nn.attention:1150, db3cfb97005b, rank=0][0m Using attention backend 'flash_2'
2026-09-15T04:00:19.252Z [ctc-suite] softtoken: header_stop_id=None (count 1) detach_gdn=True detach=True len_bias=False distill_prob=0.0 keep_mode=gold_plus_random n_random=128 keep_frac=None gold_blind=True keep_prob=0.5 mix=(0.0->0.0 over 496/496 calls)
2026-09-15T04:00:19.257Z [2;36m[2026-09-15 04:00:19][0m [34mINFO    [0m [2m[olmo_core.nn.transformer.config:446, db3cfb97005b, rank=0][0m Transformer(
2026-09-15T04:00:19.257Z   (embeddings): Embedding(248320, 2560)
2026-09-15T04:00:19.257Z   (blocks): ModuleDict(
2026-09-15T04:00:19.257Z     (0): TransformerBlock(
2026-09-15T04:00:19.257Z       (attention): GatedDeltaNet(
2026-09-15T04:00:19.257Z         (w_q): Linear(in_features=2560, out_features=2048, bias=False)
2026-09-15T04:00:19.257Z         (w_k): Linear(in_features=2560, out_features=2048, bias=False)
2026-09-15T04:00:19.257Z         (w_v): Linear(in_features=2560, out_features=4096, bias=False)
2026-09-15T04:00:19.257Z         (w_a): Linear(in_features=2560, out_features=32, bias=False)
2026-09-15T04:00:19.257Z         (w_b): Linear(in_features=2560, out_features=32, bias=False)
2026-09-15T04:00:19.257Z         (q_conv1d): CausalConv1d(2048, 2048, kernel_size=(4,), stride=(1,), padding=(3,), groups=2048, bias=False)
2026-09-15T04:00:19.257Z         (k_conv1d): CausalConv1d(2048, 2048, kernel_size=(4,), stride=(1,), padding=(3,), groups=2048, bias=False)
2026-09-15T04:00:19.257Z         (v_conv1d): CausalConv1d(4096, 4096, kernel_size=(4,), stride=(1,), padding=(3,), groups=4096, bias=False)
2026-09-15T04:00:19.257Z         (w_g): Linear(in_features=2560, out_features=4096, bias=False)
2026-09-15T04:00:19.257Z         (o_norm): FusedRMSNormGated(128, eps=1e-06, activation=swish)
2026-09-15T04:00:19.257Z         (w_out): Linear(in_features=4096, out_features=2560, bias=False)
2026-09-15T04:00:19.257Z       )
2026-09-15T04:00:19.257Z       (attention_norm): QwenRMSNorm((2560,), eps=1e-06)
2026-09-15T04:00:19.257Z       (attention_residual_stream): ResidualStream(
2026-09-15T04:00:19.257Z         (dropout): Identity()
2026-09-15T04:00:19.257Z       )
2026-09-15T04:00:19.257Z       (feed_forward): FeedForward(
2026-09-15T04:00:19.257Z         (w1): Linear(in_features=2560, out_features=9216, bias=False)
2026-09-15T04:00:19.257Z         (w2): Linear(in_features=9216, out_features=2560, bias=False)
2026-09-15T04:00:19.257Z         (w3): Linear(in_features=2560, out_features=9216, bias=False)
2026-09-15T04:00:19.257Z       )
2026-09-15T04:00:19.257Z       (feed_forward_norm): QwenRMSNorm((2560,), eps=1e-06)
2026-09-15T04:00:19.257Z       (feed_forward_residual_stream): ResidualStream(
2026-09-15T04:00:19.257Z         (dropout): Identity()
2026-09-15T04:00:19.257Z       )
2026-09-15T04:00:19.257Z     )
2026-09-15T04:00:19.257Z     (1): TransformerBlock(
2026-09-15T04:00:19.257Z       (attention): GatedDeltaNet(
2026-09-15T04:00:19.257Z         (w_q): Linear(in_features=2560, out_features=2048, bias=False)
2026-09-15T04:00:19.257Z         (w_k): Linear(in_features=2560, out_features=2048, bias=False)
2026-09-15T04:00:19.257Z         (w_v): Linear(in_features=2560, out_features=4096, bias=False)
2026-09-15T04:00:19.257Z         (w_a): Linear(in_features=2560, out_features=32, bias=False)
2026-09-15T04:00:19.257Z         (w_b): Linear(in_features=2560, out_features=32, bias=False)
2026-09-15T04:00:19.257Z         (q_conv1d): CausalConv1d(2048, 2048, kernel_size=(4,), stride=(1,), padding=(3,), groups=2048, bias=False)
2026-09-15T04:00:19.257Z         (k_conv1d): CausalConv1d(2048, 2048, kernel_size=(4,), stride=(1,), padding=(3,), groups=2048, bias=False)
2026-09-15T04:00:19.257Z         (v_conv1d): CausalConv1d(4096, 4096, kernel_size=(4,), stride=(1,), padding=(3,), groups=4096, bias=False)
2026-09-15T04:00:19.257Z         (w_g): Linear(in_features=2560, out_features=4096, bias=False)
2026-09-15T04:00:19.257Z         (o_norm): FusedRMSNormGated(128, eps=1e-06, activation=swish)
2026-09-15T04:00:19.257Z         (w_out): Linear(in_features=4096, out_features=2560, bias=False)
2026-09-15T04:00:19.257Z       )
2026-09-15T04:00:19.257Z       (attention_norm): QwenRMSNorm((2560,), eps=1e-06)
2026-09-15T04:00:19.257Z       (attention_residual_stream): ResidualStream(
2026-09-15T04:00:19.257Z         (dropout): Identity()
2026-09-15T04:00:19.257Z       )
2026-09-15T04:00:19.257Z       (feed_forward): FeedForward(
2026-09-15T04:00:19.257Z         (w1): Linear(in_features=2560, out_features=9216, bias=False)
2026-09-15T04:00:19.257Z         (w2): Linear(in_features=9216, out_features=2560, bias=False)
2026-09-15T04:00:19.257Z         (w3): Linear(in_features=2560, out_features=9216, bias=False)
2026-09-15T04:00:19.257Z       )
2026-09-15T04:00:19.257Z       (feed_forward_norm): QwenRMSNorm((2560,), eps=1e-06)
2026-09-15T04:00:19.257Z       (feed_forward_residual_stream): ResidualStream(
2026-09-15T04:00:19.257Z         (dropout): Identity()
2026-09-15T04:00:19.257Z       )
2026-09-15T04:00:19.257Z     )
2026-09-15T04:00:19.257Z     (2): TransformerBlock(
2026-09-15T04:00:19.257Z       (attention): GatedDeltaNet(
2026-09-15T04:00:19.257Z         (w_q): Linear(in_features=2560, out_features=2048, bias=False)
2026-09-15T04:00:19.257Z         (w_k): Linear(in_features=2560, out_features=2048, bias=False)
2026-09-15T04:00:19.257Z         (w_v): Linear(in_features=2560, out_features=4096, bias=False)
2026-09-15T04:00:19.257Z         (w_a): Linear(in_features=2560, out_features=32, bias=False)
2026-09-15T04:00:19.257Z         (w_b): Linear(in_features=2560, out_features=32, bias=False)
2026-09-15T04:00:19.257Z         (q_conv1d): CausalConv1d(2048, 2048, kernel_size=(4,), stride=(1,), padding=(3,), groups=2048, bias=False)
2026-09-15T04:00:19.257Z         (k_conv1d): CausalConv1d(2048, 2048, kernel_size=(4,), stride=(1,), padding=(3,), groups=2048, bias=False)
2026-09-15T04:00:19.257Z         (v_conv1d): CausalConv1d(4096, 4096, kernel_size=(4,), stride=(1,), padding=(3,), groups=4096, bias=False)
2026-09-15T04:00:19.257Z         (w_g): Linear(in_features=2560, out_features=4096, bias=False)
2026-09-15T04:00:19.257Z         (o_norm): FusedRMSNormGated(128, eps=1e-06, activation=swish)
2026-09-15T04:00:19.257Z         (w_out): Linear(in_features=4096, out_features=2560, bias=False)
2026-09-15T04:00:19.257Z       )
2026-09-15T04:00:19.257Z       (attention_norm): QwenRMSNorm((2560,), eps=1e-06)
2026-09-15T04:00:19.257Z       (attention_residual_stream): ResidualStream(
2026-09-15T04:00:19.257Z         (dropout): Identity()
2026-09-15T04:00:19.257Z       )
2026-09-15T04:00:19.257Z       (feed_forward): FeedForward(
2026-09-15T04:00:19.257Z         (w1): Linear(in_features=2560, out_features=9216, bias=False)
2026-09-15T04:00:19.257Z         (w2): Linear(in_features=9216, out_features=2560, bias=False)
2026-09-15T04:00:19.257Z         (w3): Linear(in_features=2560, out_features=9216, bias=False)
2026-09-15T04:00:19.257Z       )
2026-09-15T04:00:19.257Z       (feed_forward_norm): QwenRMSNorm((2560,), eps=1e-06)
2026-09-15T04:00:19.257Z       (feed_forward_residual_stream): ResidualStream(
2026-09-15T04:00:19.257Z         (dropout): Identity()
2026-09-15T04:00:19.257Z       )
2026-09-15T04:00:19.257Z     )
2026-09-15T04:00:19.257Z     (3): TransformerBlock(
2026-09-15T04:00:19.257Z       (attention): Attention(
2026-09-15T04:00:19.257Z         (w_q): Linear(in_features=2560, out_features=4096, bias=False)
2026-09-15T04:00:19.257Z         (w_k): Linear(in_features=2560, out_features=1024, bias=False)
2026-09-15T04:00:19.257Z         (w_v): Linear(in_features=2560, out_features=1024, bias=False)
2026-09-15T04:00:19.257Z         (w_out): Linear(in_features=4096, out_features=2560, bias=False)
2026-09-15T04:00:19.257Z         (w_g): Linear(in_features=2560, out_features=4096, bias=False)
2026-09-15T04:00:19.257Z         (q_norm): QwenRMSNorm((256,), eps=1e-06)
2026-09-15T04:00:19.257Z         (k_norm): QwenRMSNorm((256,), eps=1e-06)
2026-09-15T04:00:19.257Z         (rope): RotaryEmbedding()
2026-09-15T04:00:19.257Z         (backend): FlashAttention2Backend()
2026-09-15T04:00:19.257Z       )
2026-09-15T04:00:19.257Z       (attention_norm): QwenRMSNorm((2560,), eps=1e-06)
2026-09-15T04:00:19.257Z       (attention_residual_stream): ResidualStream(
2026-09-15T04:00:19.257Z         (dropout): Identity()
2026-09-15T04:00:19.257Z       )
2026-09-15T04:00:19.257Z       (feed_forward): FeedForward(
2026-09-15T04:00:19.257Z         (w1): Linear(in_features=2560, out_features=9216, bias=False)
2026-09-15T04:00:19.257Z         (w2): Linear(in_features=9216, out_features=2560, bias=False)
2026-09-15T04:00:19.257Z         (w3): Linear(in_features=2560, out_features=9216, bias=False)
2026-09-15T04:00:19.257Z       )
2026-09-15T04:00:19.257Z       (feed_forward_norm): QwenRMSNorm((2560,), eps=1e-06)
2026-09-15T04:00:19.257Z       (feed_forward_residual_stream): ResidualStream(
2026-09-15T04:00:19.257Z         (dropout): Identity()
2026-09-15T04:00:19.257Z       )
2026-09-15T04:00:19.257Z     )
2026-09-15T04:00:19.257Z     (4): TransformerBlock(
2026-09-15T04:00:19.257Z       (attention): GatedDeltaNet(
2026-09-15T04:00:19.257Z         (w_q): Linear(in_features=2560, out_features=2048, bias=False)
2026-09-15T04:00:19.257Z         (w_k): Linear(in_features=2560, out_features=2048, bias=False)
2026-09-15T04:00:19.257Z         (w_v): Linear(in_features=2560, out_features=4096, bias=False)
2026-09-15T04:00:19.257Z         (w_a): Linear(in_features=2560, out_features=32, bias=False)
2026-09-15T04:00:19.257Z         (w_b): Linear(in_features=2560, out_features=32, bias=False)
2026-09-15T04:00:19.257Z         (q_conv1d): CausalConv1d(2048, 2048, kernel_size=(4,), stride=(1,), padding=(3,), groups=2048, bias=False)
2026-09-15T04:00:19.257Z         (k_conv1d): CausalConv1d(2048, 2048, kernel_size=(4,), stride=(1,), padding=(3,), groups=2048, bias=False)
2026-09-15T04:00:19.257Z         (v_conv1d): CausalConv1d(4096, 4096, kernel_size=(4,), stride=(1,), padding=(3,), groups=4096, bias=False)
2026-09-15T04:00:19.257Z         (w_g): Linear(in_features=2560, out_features=4096, bias=False)
2026-09-15T04:00:19.257Z         (o_norm): FusedRMSNormGated(128, eps=1e-06, activation=swish)
2026-09-15T04:00:19.257Z         (w_out): Linear(in_features=4096, out_features=2560, bias=False)
2026-09-15T04:00:19.257Z       )
2026-09-15T04:00:19.257Z       (attention_norm): QwenRMSNorm((2560,), eps=1e-06)
2026-09-15T04:00:19.257Z       (attention_residual_stream): ResidualStream(
2026-09-15T04:00:19.257Z         (dropout): Identity()
2026-09-15T04:00:19.257Z       )
2026-09-15T04:00:19.257Z       (feed_forward): FeedForward(
2026-09-15T04:00:19.257Z         (w1): Linear(in_features=2560, out_features=9216, bias=False)
2026-09-15T04:00:19.257Z         (w2): Linear(in_features=9216, out_features=2560, bias=False)
2026-09-15T04:00:19.257Z         (w3): Linear(in_features=2560, out_features=9216, bias=False)
2026-09-15T04:00:19.257Z       )
2026-09-15T04:00:19.257Z       (feed_forward_norm): QwenRMSNorm((2560,), eps=1e-06)
2026-09-15T04:00:19.257Z       (feed_forward_residual_stream): ResidualStream(
2026-09-15T04:00:19.257Z         (dropout): Identity()
2026-09-15T04:00:19.257Z       )
2026-09-15T04:00:19.257Z     )
2026-09-15T04:00:19.257Z     (5): TransformerBlock(
2026-09-15T04:00:19.257Z       (attention): GatedDeltaNet(
2026-09-15T04:00:19.257Z         (w_q): Linear(in_features=2560, out_features=2048, bias=False)
2026-09-15T04:00:19.257Z         (w_k): Linear(in_features=2560, out_features=2048, bias=False)
2026-09-15T04:00:19.257Z         (w_v): Linear(in_features=2560, out_features=4096, bias=False)
2026-09-15T04:00:19.257Z         (w_a): Linear(in_features=2560, out_features=32, bias=False)
2026-09-15T04:00:19.257Z         (w_b): Linear(in_features=2560, out_features=32, bias=False)
2026-09-15T04:00:19.257Z         (q_conv1d): CausalConv1d(2048, 2048, kernel_size=(4,), stride=(1,), padding=(3,), groups=2048, bias=False)
2026-09-15T04:00:19.257Z         (k_conv1d): CausalConv1d(2048, 2048, kernel_size=(4,), stride=(1,), padding=(3,), groups=2048, bias=False)
2026-09-15T04:00:19.257Z         (v_conv1d): CausalConv1d(4096, 4096, kernel_size=(4,), stride=(1,), padding=(3,), groups=4096, bias=False)
2026-09-15T04:00:19.257Z         (w_g): Linear(in_features=2560, out_features=4096, bias=False)
2026-09-15T04:00:19.257Z         (o_norm): FusedRMSNormGated(128, eps=1e-06, activation=swish)
2026-09-15T04:00:19.257Z         (w_out): Linear(in_features=4096, out_features=2560, bias=False)
2026-09-15T04:00:19.257Z       )
2026-09-15T04:00:19.257Z       (attention_norm): QwenRMSNorm((2560,), eps=1e-06)
2026-09-15T04:00:19.257Z       (attention_residual_stream): ResidualStream(
2026-09-15T04:00:19.257Z         (dropout): Identity()
2026-09-15T04:00:19.257Z       )
2026-09-15T04:00:19.257Z       (feed_forward): FeedForward(
2026-09-15T04:00:19.257Z         (w1): Linear(in_features=2560, out_features=9216, bias=False)
2026-09-15T04:00:19.257Z         (w2): Linear(in_features=9216, out_features=2560, bias=False)
2026-09-15T04:00:19.258Z         (w3): Linear(in_features=2560, out_features=9216, bias=False)
2026-09-15T04:00:19.258Z       )
2026-09-15T04:00:19.258Z       (feed_forward_norm): QwenRMSNorm((2560,), eps=1e-06)
2026-09-15T04:00:19.258Z       (feed_forward_residual_stream): ResidualStream(
2026-09-15T04:00:19.258Z         (dropout): Identity()
2026-09-15T04:00:19.258Z       )
2026-09-15T04:00:19.258Z     )
2026-09-15T04:00:19.258Z     (6): TransformerBlock(
2026-09-15T04:00:19.258Z       (attention): GatedDeltaNet(
2026-09-15T04:00:19.258Z         (w_q): Linear(in_features=2560, out_features=2048, bias=False)
2026-09-15T04:00:19.258Z         (w_k): Linear(in_features=2560, out_features=2048, bias=False)
2026-09-15T04:00:19.258Z         (w_v): Linear(in_features=2560, out_features=4096, bias=False)
2026-09-15T04:00:19.258Z         (w_a): Linear(in_features=2560, out_features=32, bias=False)
2026-09-15T04:00:19.258Z         (w_b): Linear(in_features=2560, out_features=32, bias=False)
2026-09-15T04:00:19.258Z         (q_conv1d): CausalConv1d(2048, 2048, kernel_size=(4,), stride=(1,), padding=(3,), groups=2048, bias=False)
2026-09-15T04:00:19.258Z         (k_conv1d): CausalConv1d(2048, 2048, kernel_size=(4,), stride=(1,), padding=(3,), groups=2048, bias=False)
2026-09-15T04:00:19.258Z         (v_conv1d): CausalConv1d(4096, 4096, kernel_size=(4,), stride=(1,), padding=(3,), groups=4096, bias=False)
2026-09-15T04:00:19.258Z         (w_g): Linear(in_features=2560, out_features=4096, bias=False)
2026-09-15T04:00:19.258Z         (o_norm): FusedRMSNormGated(128, eps=1e-06, activation=swish)
2026-09-15T04:00:19.258Z         (w_out): Linear(in_features=4096, out_features=2560, bias=False)
2026-09-15T04:00:19.258Z       )
2026-09-15T04:00:19.258Z       (attention_norm): QwenRMSNorm((2560,), eps=1e-06)
2026-09-15T04:00:19.258Z       (attention_residual_stream): ResidualStream(
2026-09-15T04:00:19.258Z         (dropout): Identity()
2026-09-15T04:00:19.258Z       )
2026-09-15T04:00:19.258Z       (feed_forward): FeedForward(
2026-09-15T04:00:19.258Z         (w1): Linear(in_features=2560, out_features=9216, bias=False)
2026-09-15T04:00:19.258Z         (w2): Linear(in_features=9216, out_features=2560, bias=False)
2026-09-15T04:00:19.258Z         (w3): Linear(in_features=2560, out_features=9216, bias=False)
2026-09-15T04:00:19.258Z       )
2026-09-15T04:00:19.258Z       (feed_forward_norm): QwenRMSNorm((2560,), eps=1e-06)
2026-09-15T04:00:19.258Z       (feed_forward_residual_stream): ResidualStream(
2026-09-15T04:00:19.258Z         (dropout): Identity()
2026-09-15T04:00:19.258Z       )
2026-09-15T04:00:19.258Z     )
2026-09-15T04:00:19.258Z     (7): TransformerBlock(
2026-09-15T04:00:19.258Z       (attention): Attention(
2026-09-15T04:00:19.258Z         (w_q): Linear(in_features=2560, out_features=4096, bias=False)
2026-09-15T04:00:19.258Z         (w_k): Linear(in_features=2560, out_features=1024, bias=False)
2026-09-15T04:00:19.258Z         (w_v): Linear(in_features=2560, out_features=1024, bias=False)
2026-09-15T04:00:19.258Z         (w_out): Linear(in_features=4096, out_features=2560, bias=False)
2026-09-15T04:00:19.258Z         (w_g): Linear(in_features=2560, out_features=4096, bias=False)
2026-09-15T04:00:19.258Z         (q_norm): QwenRMSNorm((256,), eps=1e-06)
2026-09-15T04:00:19.258Z         (k_norm): QwenRMSNorm((256,), eps=1e-06)
2026-09-15T04:00:19.258Z         (rope): RotaryEmbedding()
2026-09-15T04:00:19.258Z         (backend): FlashAttention2Backend()
2026-09-15T04:00:19.258Z       )
2026-09-15T04:00:19.258Z       (attention_norm): QwenRMSNorm((2560,), eps=1e-06)
2026-09-15T04:00:19.258Z       (attention_residual_stream): ResidualStream(
2026-09-15T04:00:19.258Z         (dropout): Identity()
2026-09-15T04:00:19.258Z       )
2026-09-15T04:00:19.258Z       (feed_forward): FeedForward(
2026-09-15T04:00:19.258Z         (w1): Linear(in_features=2560, out_features=9216, bias=False)
2026-09-15T04:00:19.258Z         (w2): Linear(in_features=9216, out_features=2560, bias=False)
2026-09-15T04:00:19.258Z         (w3): Linear(in_features=2560, out_features=9216, bias=False)
2026-09-15T04:00:19.258Z       )
2026-09-15T04:00:19.258Z       (feed_forward_norm): QwenRMSNorm((2560,), eps=1e-06)
2026-09-15T04:00:19.258Z       (feed_forward_residual_stream): ResidualStream(
2026-09-15T04:00:19.258Z         (dropout): Identity()
2026-09-15T04:00:19.258Z       )
2026-09-15T04:00:19.258Z     )
2026-09-15T04:00:19.258Z     (8): TransformerBlock(
2026-09-15T04:00:19.258Z       (attention): GatedDeltaNet(
2026-09-15T04:00:19.258Z         (w_q): Linear(in_features=2560, out_features=2048, bias=False)
2026-09-15T04:00:19.258Z         (w_k): Linear(in_features=2560, out_features=2048, bias=False)
2026-09-15T04:00:19.258Z         (w_v): Linear(in_features=2560, out_features=4096, bias=False)
2026-09-15T04:00:19.258Z         (w_a): Linear(in_features=2560, out_features=32, bias=False)
2026-09-15T04:00:19.258Z         (w_b): Linear(in_features=2560, out_features=32, bias=False)
2026-09-15T04:00:19.258Z         (q_conv1d): CausalConv1d(2048, 2048, kernel_size=(4,), stride=(1,), padding=(3,), groups=2048, bias=False)
2026-09-15T04:00:19.258Z         (k_conv1d): CausalConv1d(2048, 2048, kernel_size=(4,), stride=(1,), padding=(3,), groups=2048, bias=False)
2026-09-15T04:00:19.258Z         (v_conv1d): CausalConv1d(4096, 4096, kernel_size=(4,), stride=(1,), padding=(3,), groups=4096, bias=False)
2026-09-15T04:00:19.258Z         (w_g): Linear(in_features=2560, out_features=4096, bias=False)
2026-09-15T04:00:19.258Z         (o_norm): FusedRMSNormGated(128, eps=1e-06, activation=swish)
2026-09-15T04:00:19.258Z         (w_out): Linear(in_features=4096, out_features=2560, bias=False)
2026-09-15T04:00:19.258Z       )
2026-09-15T04:00:19.258Z       (attention_norm): QwenRMSNorm((2560,), eps=1e-06)
2026-09-15T04:00:19.258Z       (attention_residual_stream): ResidualStream(
2026-09-15T04:00:19.258Z         (dropout): Identity()
2026-09-15T04:00:19.258Z       )
2026-09-15T04:00:19.258Z       (feed_forward): FeedForward(
2026-09-15T04:00:19.258Z         (w1): Linear(in_features=2560, out_features=9216, bias=False)
2026-09-15T04:00:19.258Z         (w2): Linear(in_features=9216, out_features=2560, bias=False)
2026-09-15T04:00:19.258Z         (w3): Linear(in_features=2560, out_features=9216, bias=False)
2026-09-15T04:00:19.258Z       )
2026-09-15T04:00:19.258Z       (feed_forward_norm): QwenRMSNorm((2560,), eps=1e-06)
2026-09-15T04:00:19.258Z       (feed_forward_residual_stream): ResidualStream(
2026-09-15T04:00:19.258Z         (dropout): Identity()
2026-09-15T04:00:19.258Z       )
2026-09-15T04:00:19.258Z     )
2026-09-15T04:00:19.258Z     (9): TransformerBlock(
2026-09-15T04:00:19.258Z       (attention): GatedDeltaNet(
2026-09-15T04:00:19.258Z         (w_q): Linear(in_features=2560, out_features=2048, bias=False)
2026-09-15T04:00:19.258Z         (w_k): Linear(in_features=2560, out_features=2048, bias=False)
2026-09-15T04:00:19.258Z         (w_v): Linear(in_features=2560, out_features=4096, bias=False)
2026-09-15T04:00:19.258Z         (w_a): Linear(in_features=2560, out_features=32, bias=False)
2026-09-15T04:00:19.258Z         (w_b): Linear(in_features=2560, out_features=32, bias=False)
2026-09-15T04:00:19.258Z         (q_conv1d): CausalConv1d(2048, 2048, kernel_size=(4,), stride=(1,), padding=(3,), groups=2048, bias=False)
2026-09-15T04:00:19.258Z         (k_conv1d): CausalConv1d(2048, 2048, kernel_size=(4,), stride=(1,), padding=(3,), groups=2048, bias=False)
2026-09-15T04:00:19.258Z         (v_conv1d): CausalConv1d(4096, 4096, kernel_size=(4,), stride=(1,), padding=(3,), groups=4096, bias=False)
2026-09-15T04:00:19.258Z         (w_g): Linear(in_features=2560, out_features=4096, bias=False)
2026-09-15T04:00:19.258Z         (o_norm): FusedRMSNormGated(128, eps=1e-06, activation=swish)
2026-09-15T04:00:19.258Z         (w_out): Linear(in_features=4096, out_features=2560, bias=False)
2026-09-15T04:00:19.258Z       )
2026-09-15T04:00:19.258Z       (attention_norm): QwenRMSNorm((2560,), eps=1e-06)
2026-09-15T04:00:19.258Z       (attention_residual_stream): ResidualStream(
2026-09-15T04:00:19.258Z         (dropout): Identity()
2026-09-15T04:00:19.258Z       )
2026-09-15T04:00:19.258Z       (feed_forward): FeedForward(
2026-09-15T04:00:19.258Z         (w1): Linear(in_features=2560, out_features=9216, bias=False)
2026-09-15T04:00:19.258Z         (w2): Linear(in_features=9216, out_features=2560, bias=False)
2026-09-15T04:00:19.258Z         (w3): Linear(in_features=2560, out_features=9216, bias=False)
2026-09-15T04:00:19.258Z       )
2026-09-15T04:00:19.258Z       (feed_forward_norm): QwenRMSNorm((2560,), eps=1e-06)
2026-09-15T04:00:19.258Z       (feed_forward_residual_stream): ResidualStream(
2026-09-15T04:00:19.258Z         (dropout): Identity()
2026-09-15T04:00:19.258Z       )
2026-09-15T04:00:19.258Z     )
2026-09-15T04:00:19.258Z     (10): TransformerBlock(
2026-09-15T04:00:19.258Z       (attention): GatedDeltaNet(
2026-09-15T04:00:19.258Z         (w_q): Linear(in_features=2560, out_features=2048, bias=False)
2026-09-15T04:00:19.258Z         (w_k): Linear(in_features=2560, out_features=2048, bias=False)
2026-09-15T04:00:19.258Z         (w_v): Linear(in_features=2560, out_features=4096, bias=False)
2026-09-15T04:00:19.258Z         (w_a): Linear(in_features=2560, out_features=32, bias=False)
2026-09-15T04:00:19.258Z         (w_b): Linear(in_features=2560, out_features=32, bias=False)
2026-09-15T04:00:19.258Z         (q_conv1d): CausalConv1d(2048, 2048, kernel_size=(4,), stride=(1,), padding=(3,), groups=2048, bias=False)
2026-09-15T04:00:19.258Z         (k_conv1d): CausalConv1d(2048, 2048, kernel_size=(4,), stride=(1,), padding=(3,), groups=2048, bias=False)
2026-09-15T04:00:19.258Z         (v_conv1d): CausalConv1d(4096, 4096, kernel_size=(4,), stride=(1,), padding=(3,), groups=4096, bias=False)
2026-09-15T04:00:19.258Z         (w_g): Linear(in_features=2560, out_features=4096, bias=False)
2026-09-15T04:00:19.258Z         (o_norm): FusedRMSNormGated(128, eps=1e-06, activation=swish)
2026-09-15T04:00:19.258Z         (w_out): Linear(in_features=4096, out_features=2560, bias=False)
2026-09-15T04:00:19.258Z       )
2026-09-15T04:00:19.258Z       (attention_norm): QwenRMSNorm((2560,), eps=1e-06)
2026-09-15T04:00:19.258Z       (attention_residual_stream): ResidualStream(
2026-09-15T04:00:19.258Z         (dropout): Identity()
2026-09-15T04:00:19.258Z       )
2026-09-15T04:00:19.258Z       (feed_forward): FeedForward(
2026-09-15T04:00:19.258Z         (w1): Linear(in_features=2560, out_features=9216, bias=False)
2026-09-15T04:00:19.258Z         (w2): Linear(in_features=9216, out_features=2560, bias=False)
2026-09-15T04:00:19.258Z         (w3): Linear(in_features=2560, out_features=9216, bias=False)
2026-09-15T04:00:19.258Z       )
2026-09-15T04:00:19.258Z       (feed_forward_norm): QwenRMSNorm((2560,), eps=1e-06)
2026-09-15T04:00:19.258Z       (feed_forward_residual_stream): ResidualStream(
2026-09-15T04:00:19.258Z         (dropout): Identity()
2026-09-15T04:00:19.258Z       )
2026-09-15T04:00:19.258Z     )
2026-09-15T04:00:19.258Z     (11): TransformerBlock(
2026-09-15T04:00:19.258Z       (attention): Attention(
2026-09-15T04:00:19.258Z         (w_q): Linear(in_features=2560, out_features=4096, bias=False)
2026-09-15T04:00:19.258Z         (w_k): Linear(in_features=2560, out_features=1024, bias=False)
2026-09-15T04:00:19.258Z         (w_v): Linear(in_features=2560, out_features=1024, bias=False)
2026-09-15T04:00:19.258Z         (w_out): Linear(in_features=4096, out_features=2560, bias=False)
2026-09-15T04:00:19.258Z         (w_g): Linear(in_features=2560, out_features=4096, bias=False)
2026-09-15T04:00:19.258Z         (q_norm): QwenRMSNorm((256,), eps=1e-06)
2026-09-15T04:00:19.258Z         (k_norm): QwenRMSNorm((256,), eps=1e-06)
2026-09-15T04:00:19.258Z         (rope): RotaryEmbedding()
2026-09-15T04:00:19.258Z         (backend): FlashAttention2Backend()
2026-09-15T04:00:19.258Z       )
2026-09-15T04:00:19.258Z       (attention_norm): QwenRMSNorm((2560,), eps=1e-06)
2026-09-15T04:00:19.258Z       (attention_residual_stream): ResidualStream(
2026-09-15T04:00:19.258Z         (dropout): Identity()
2026-09-15T04:00:19.258Z       )
2026-09-15T04:00:19.258Z       (feed_forward): FeedForward(
2026-09-15T04:00:19.258Z         (w1): Linear(in_features=2560, out_features=9216, bias=False)
2026-09-15T04:00:19.258Z         (w2): Linear(in_features=9216, out_features=2560, bias=False)
2026-09-15T04:00:19.258Z         (w3): Linear(in_features=2560, out_features=9216, bias=False)
2026-09-15T04:00:19.258Z       )
2026-09-15T04:00:19.258Z       (feed_forward_norm): QwenRMSNorm((2560,), eps=1e-06)
2026-09-15T04:00:19.258Z       (feed_forward_residual_stream): ResidualStream(
2026-09-15T04:00:19.258Z         (dropout): Identity()
2026-09-15T04:00:19.258Z       )
2026-09-15T04:00:19.258Z     )
2026-09-15T04:00:19.258Z     (12): TransformerBlock(
2026-09-15T04:00:19.258Z       (attention): GatedDeltaNet(
2026-09-15T04:00:19.258Z         (w_q): Linear(in_features=2560, out_features=2048, bias=False)
2026-09-15T04:00:19.258Z         (w_k): Linear(in_features=2560, out_features=2048, bias=False)
2026-09-15T04:00:19.258Z         (w_v): Linear(in_features=2560, out_features=4096, bias=False)
2026-09-15T04:00:19.258Z         (w_a): Linear(in_features=2560, out_features=32, bias=False)
2026-09-15T04:00:19.258Z         (w_b): Linear(in_features=2560, out_features=32, bias=False)
2026-09-15T04:00:19.258Z         (q_conv1d): CausalConv1d(2048, 2048, kernel_size=(4,), stride=(1,), padding=(3,), groups=2048, bias=False)
2026-09-15T04:00:19.258Z         (k_conv1d): CausalConv1d(2048, 2048, kernel_size=(4,), stride=(1,), padding=(3,), groups=2048, bias=False)
2026-09-15T04:00:19.258Z         (v_conv1d): CausalConv1d(4096, 4096, kernel_size=(4,), stride=(1,), padding=(3,), groups=4096, bias=False)
2026-09-15T04:00:19.258Z         (w_g): Linear(in_features=2560, out_features=4096, bias=False)
2026-09-15T04:00:19.258Z         (o_norm): FusedRMSNormGated(128, eps=1e-06, activation=swish)
2026-09-15T04:00:19.258Z         (w_out): Linear(in_features=4096, out_features=2560, bias=False)
2026-09-15T04:00:19.258Z       )
2026-09-15T04:00:19.258Z       (attention_norm): QwenRMSNorm((2560,), eps=1e-06)
2026-09-15T04:00:19.258Z       (attention_residual_stream): ResidualStream(
2026-09-15T04:00:19.258Z         (dropout): Identity()
2026-09-15T04:00:19.258Z       )
2026-09-15T04:00:19.258Z       (feed_forward): FeedForward(
2026-09-15T04:00:19.258Z         (w1): Linear(in_features=2560, out_features=9216, bias=False)
2026-09-15T04:00:19.258Z         (w2): Linear(in_features=9216, out_features=2560, bias=False)
2026-09-15T04:00:19.258Z         (w3): Linear(in_features=2560, out_features=9216, bias=False)
2026-09-15T04:00:19.258Z       )
2026-09-15T04:00:19.258Z       (feed_forward_norm): QwenRMSNorm((2560,), eps=1e-06)
2026-09-15T04:00:19.258Z       (feed_forward_residual_stream): ResidualStream(
2026-09-15T04:00:19.258Z         (dropout): Identity()
2026-09-15T04:00:19.258Z       )
2026-09-15T04:00:19.258Z     )
2026-09-15T04:00:19.258Z     (13): TransformerBlock(
2026-09-15T04:00:19.258Z       (attention): GatedDeltaNet(
2026-09-15T04:00:19.258Z         (w_q): Linear(in_features=2560, out_features=2048, bias=False)
2026-09-15T04:00:19.258Z         (w_k): Linear(in_features=2560, out_features=2048, bias=False)
2026-09-15T04:00:19.258Z         (w_v): Linear(in_features=2560, out_features=4096, bias=False)
2026-09-15T04:00:19.258Z         (w_a): Linear(in_features=2560, out_features=32, bias=False)
2026-09-15T04:00:19.258Z         (w_b): Linear(in_features=2560, out_features=32, bias=False)
2026-09-15T04:00:19.258Z         (q_conv1d): CausalConv1d(2048, 2048, kernel_size=(4,), stride=(1,), padding=(3,), groups=2048, bias=False)
2026-09-15T04:00:19.258Z         (k_conv1d): CausalConv1d(2048, 2048, kernel_size=(4,), stride=(1,), padding=(3,), groups=2048, bias=False)
2026-09-15T04:00:19.258Z         (v_conv1d): CausalConv1d(4096, 4096, kernel_size=(4,), stride=(1,), padding=(3,), groups=4096, bias=False)
2026-09-15T04:00:19.258Z         (w_g): Linear(in_features=2560, out_features=4096, bias=False)
2026-09-15T04:00:19.258Z         (o_norm): FusedRMSNormGated(128, eps=1e-06, activation=swish)
2026-09-15T04:00:19.258Z         (w_out): Linear(in_features=4096, out_features=2560, bias=False)
2026-09-15T04:00:19.258Z       )
2026-09-15T04:00:19.258Z       (attention_norm): QwenRMSNorm((2560,), eps=1e-06)
2026-09-15T04:00:19.258Z       (attention_residual_stream): ResidualStream(
2026-09-15T04:00:19.258Z         (dropout): Identity()
2026-09-15T04:00:19.258Z       )
2026-09-15T04:00:19.258Z       (feed_forward): FeedForward(
2026-09-15T04:00:19.258Z         (w1): Linear(in_features=2560, out_features=9216, bias=False)
2026-09-15T04:00:19.258Z         (w2): Linear(in_features=9216, out_features=2560, bias=False)
2026-09-15T04:00:19.258Z         (w3): Linear(in_features=2560, out_features=9216, bias=False)
2026-09-15T04:00:19.258Z       )
2026-09-15T04:00:19.258Z       (feed_forward_norm): QwenRMSNorm((2560,), eps=1e-06)
2026-09-15T04:00:19.258Z       (feed_forward_residual_stream): ResidualStream(
2026-09-15T04:00:19.258Z         (dropout): Identity()
2026-09-15T04:00:19.258Z       )
2026-09-15T04:00:19.258Z     )
2026-09-15T04:00:19.258Z     (14): TransformerBlock(
2026-09-15T04:00:19.258Z       (attention): GatedDeltaNet(
2026-09-15T04:00:19.258Z         (w_q): Linear(in_features=2560, out_features=2048, bias=False)
2026-09-15T04:00:19.258Z         (w_k): Linear(in_features=2560, out_features=2048, bias=False)
2026-09-15T04:00:19.258Z         (w_v): Linear(in_features=2560, out_features=4096, bias=False)
2026-09-15T04:00:19.258Z         (w_a): Linear(in_features=2560, out_features=32, bias=False)
2026-09-15T04:00:19.258Z         (w_b): Linear(in_features=2560, out_features=32, bias=False)
2026-09-15T04:00:19.258Z         (q_conv1d): CausalConv1d(2048, 2048, kernel_size=(4,), stride=(1,), padding=(3,), groups=2048, bias=False)
2026-09-15T04:00:19.258Z         (k_conv1d): CausalConv1d(2048, 2048, kernel_size=(4,), stride=(1,), padding=(3,), groups=2048, bias=False)
2026-09-15T04:00:19.258Z         (v_conv1d): CausalConv1d(4096, 4096, kernel_size=(4,), stride=(1,), padding=(3,), groups=4096, bias=False)
2026-09-15T04:00:19.258Z         (w_g): Linear(in_features=2560, out_features=4096, bias=False)
2026-09-15T04:00:19.258Z         (o_norm): FusedRMSNormGated(128, eps=1e-06, activation=swish)
2026-09-15T04:00:19.258Z         (w_out): Linear(in_features=4096, out_features=2560, bias=False)
2026-09-15T04:00:19.258Z       )
2026-09-15T04:00:19.258Z       (attention_norm): QwenRMSNorm((2560,), eps=1e-06)
2026-09-15T04:00:19.258Z       (attention_residual_stream): ResidualStream(
2026-09-15T04:00:19.258Z         (dropout): Identity()
2026-09-15T04:00:19.258Z       )
2026-09-15T04:00:19.258Z       (feed_forward): FeedForward(
2026-09-15T04:00:19.258Z         (w1): Linear(in_features=2560, out_features=9216, bias=False)
2026-09-15T04:00:19.258Z         (w2): Linear(in_features=9216, out_features=2560, bias=False)
2026-09-15T04:00:19.258Z         (w3): Linear(in_features=2560, out_features=9216, bias=False)
2026-09-15T04:00:19.258Z       )
2026-09-15T04:00:19.258Z       (feed_forward_norm): QwenRMSNorm((2560,), eps=1e-06)
2026-09-15T04:00:19.258Z       (feed_forward_residual_stream): ResidualStream(
2026-09-15T04:00:19.258Z         (dropout): Identity()
2026-09-15T04:00:19.258Z       )
2026-09-15T04:00:19.258Z     )
2026-09-15T04:00:19.258Z     (15): TransformerBlock(
2026-09-15T04:00:19.258Z       (attention): Attention(
2026-09-15T04:00:19.258Z         (w_q): Linear(in_features=2560, out_features=4096, bias=False)
2026-09-15T04:00:19.258Z         (w_k): Linear(in_features=2560, out_features=1024, bias=False)
2026-09-15T04:00:19.258Z         (w_v): Linear(in_features=2560, out_features=1024, bias=False)
2026-09-15T04:00:19.258Z         (w_out): Linear(in_features=4096, out_features=2560, bias=False)
2026-09-15T04:00:19.258Z         (w_g): Linear(in_features=2560, out_features=4096, bias=False)
2026-09-15T04:00:19.258Z         (q_norm): QwenRMSNorm((256,), eps=1e-06)
2026-09-15T04:00:19.258Z         (k_norm): QwenRMSNorm((256,), eps=1e-06)
2026-09-15T04:00:19.258Z         (rope): RotaryEmbedding()
2026-09-15T04:00:19.258Z         (backend): FlashAttention2Backend()
2026-09-15T04:00:19.258Z       )
2026-09-15T04:00:19.258Z       (attention_norm): QwenRMSNorm((2560,), eps=1e-06)
2026-09-15T04:00:19.258Z       (attention_residual_stream): ResidualStream(
2026-09-15T04:00:19.258Z         (dropout): Identity()
2026-09-15T04:00:19.258Z       )
2026-09-15T04:00:19.258Z       (feed_forward): FeedForward(
2026-09-15T04:00:19.258Z         (w1): Linear(in_features=2560, out_features=9216, bias=False)
2026-09-15T04:00:19.259Z         (w2): Linear(in_features=9216, out_features=2560, bias=False)
2026-09-15T04:00:19.259Z         (w3): Linear(in_features=2560, out_features=9216, bias=False)
2026-09-15T04:00:19.259Z       )
2026-09-15T04:00:19.259Z       (feed_forward_norm): QwenRMSNorm((2560,), eps=1e-06)
2026-09-15T04:00:19.259Z       (feed_forward_residual_stream): ResidualStream(
2026-09-15T04:00:19.259Z         (dropout): Identity()
2026-09-15T04:00:19.259Z       )
2026-09-15T04:00:19.259Z     )
2026-09-15T04:00:19.259Z     (16): TransformerBlock(
2026-09-15T04:00:19.259Z       (attention): GatedDeltaNet(
2026-09-15T04:00:19.259Z         (w_q): Linear(in_features=2560, out_features=2048, bias=False)
2026-09-15T04:00:19.259Z         (w_k): Linear(in_features=2560, out_features=2048, bias=False)
2026-09-15T04:00:19.259Z         (w_v): Linear(in_features=2560, out_features=4096, bias=False)
2026-09-15T04:00:19.259Z         (w_a): Linear(in_features=2560, out_features=32, bias=False)
2026-09-15T04:00:19.259Z         (w_b): Linear(in_features=2560, out_features=32, bias=False)
2026-09-15T04:00:19.259Z         (q_conv1d): CausalConv1d(2048, 2048, kernel_size=(4,), stride=(1,), padding=(3,), groups=2048, bias=False)
2026-09-15T04:00:19.259Z         (k_conv1d): CausalConv1d(2048, 2048, kernel_size=(4,), stride=(1,), padding=(3,), groups=2048, bias=False)
2026-09-15T04:00:19.259Z         (v_conv1d): CausalConv1d(4096, 4096, kernel_size=(4,), stride=(1,), padding=(3,), groups=4096, bias=False)
2026-09-15T04:00:19.259Z         (w_g): Linear(in_features=2560, out_features=4096, bias=False)
2026-09-15T04:00:19.259Z         (o_norm): FusedRMSNormGated(128, eps=1e-06, activation=swish)
2026-09-15T04:00:19.259Z         (w_out): Linear(in_features=4096, out_features=2560, bias=False)
2026-09-15T04:00:19.259Z       )
2026-09-15T04:00:19.259Z       (attention_norm): QwenRMSNorm((2560,), eps=1e-06)
2026-09-15T04:00:19.259Z       (attention_residual_stream): ResidualStream(
2026-09-15T04:00:19.259Z         (dropout): Identity()
2026-09-15T04:00:19.259Z       )
2026-09-15T04:00:19.259Z       (feed_forward): FeedForward(
2026-09-15T04:00:19.259Z         (w1): Linear(in_features=2560, out_features=9216, bias=False)
2026-09-15T04:00:19.259Z         (w2): Linear(in_features=9216, out_features=2560, bias=False)
2026-09-15T04:00:19.259Z         (w3): Linear(in_features=2560, out_features=9216, bias=False)
2026-09-15T04:00:19.259Z       )
2026-09-15T04:00:19.259Z       (feed_forward_norm): QwenRMSNorm((2560,), eps=1e-06)
2026-09-15T04:00:19.259Z       (feed_forward_residual_stream): ResidualStream(
2026-09-15T04:00:19.259Z         (dropout): Identity()
2026-09-15T04:00:19.259Z       )
2026-09-15T04:00:19.259Z     )
2026-09-15T04:00:19.259Z     (17): TransformerBlock(
2026-09-15T04:00:19.259Z       (attention): GatedDeltaNet(
2026-09-15T04:00:19.259Z         (w_q): Linear(in_features=2560, out_features=2048, bias=False)
2026-09-15T04:00:19.259Z         (w_k): Linear(in_features=2560, out_features=2048, bias=False)
2026-09-15T04:00:19.259Z         (w_v): Linear(in_features=2560, out_features=4096, bias=False)
2026-09-15T04:00:19.259Z         (w_a): Linear(in_features=2560, out_features=32, bias=False)
2026-09-15T04:00:19.259Z         (w_b): Linear(in_features=2560, out_features=32, bias=False)
2026-09-15T04:00:19.259Z         (q_conv1d): CausalConv1d(2048, 2048, kernel_size=(4,), stride=(1,), padding=(3,), groups=2048, bias=False)
2026-09-15T04:00:19.259Z         (k_conv1d): CausalConv1d(2048, 2048, kernel_size=(4,), stride=(1,), padding=(3,), groups=2048, bias=False)
2026-09-15T04:00:19.259Z         (v_conv1d): CausalConv1d(4096, 4096, kernel_size=(4,), stride=(1,), padding=(3,), groups=4096, bias=False)
2026-09-15T04:00:19.259Z         (w_g): Linear(in_features=2560, out_features=4096, bias=False)
2026-09-15T04:00:19.259Z         (o_norm): FusedRMSNormGated(128, eps=1e-06, activation=swish)
2026-09-15T04:00:19.259Z         (w_out): Linear(in_features=4096, out_features=2560, bias=False)
2026-09-15T04:00:19.259Z       )
2026-09-15T04:00:19.259Z       (attention_norm): QwenRMSNorm((2560,), eps=1e-06)
2026-09-15T04:00:19.259Z       (attention_residual_stream): ResidualStream(
2026-09-15T04:00:19.259Z         (dropout): Identity()
2026-09-15T04:00:19.259Z       )
2026-09-15T04:00:19.259Z       (feed_forward): FeedForward(
2026-09-15T04:00:19.259Z         (w1): Linear(in_features=2560, out_features=9216, bias=False)
2026-09-15T04:00:19.259Z         (w2): Linear(in_features=9216, out_features=2560, bias=False)
2026-09-15T04:00:19.259Z         (w3): Linear(in_features=2560, out_features=9216, bias=False)
2026-09-15T04:00:19.259Z       )
2026-09-15T04:00:19.259Z       (feed_forward_norm): QwenRMSNorm((2560,), eps=1e-06)
2026-09-15T04:00:19.259Z       (feed_forward_residual_stream): ResidualStream(
2026-09-15T04:00:19.259Z         (dropout): Identity()
2026-09-15T04:00:19.259Z       )
2026-09-15T04:00:19.259Z     )
2026-09-15T04:00:19.259Z     (18): TransformerBlock(
2026-09-15T04:00:19.259Z       (attention): GatedDeltaNet(
2026-09-15T04:00:19.259Z         (w_q): Linear(in_features=2560, out_features=2048, bias=False)
2026-09-15T04:00:19.259Z         (w_k): Linear(in_features=2560, out_features=2048, bias=False)
2026-09-15T04:00:19.259Z         (w_v): Linear(in_features=2560, out_features=4096, bias=False)
2026-09-15T04:00:19.259Z         (w_a): Linear(in_features=2560, out_features=32, bias=False)
2026-09-15T04:00:19.259Z         (w_b): Linear(in_features=2560, out_features=32, bias=False)
2026-09-15T04:00:19.259Z         (q_conv1d): CausalConv1d(2048, 2048, kernel_size=(4,), stride=(1,), padding=(3,), groups=2048, bias=False)
2026-09-15T04:00:19.259Z         (k_conv1d): CausalConv1d(2048, 2048, kernel_size=(4,), stride=(1,), padding=(3,), groups=2048, bias=False)
2026-09-15T04:00:19.259Z         (v_conv1d): CausalConv1d(4096, 4096, kernel_size=(4,), stride=(1,), padding=(3,), groups=4096, bias=False)
2026-09-15T04:00:19.259Z         (w_g): Linear(in_features=2560, out_features=4096, bias=False)
2026-09-15T04:00:19.259Z         (o_norm): FusedRMSNormGated(128, eps=1e-06, activation=swish)
2026-09-15T04:00:19.259Z         (w_out): Linear(in_features=4096, out_features=2560, bias=False)
2026-09-15T04:00:19.259Z       )
2026-09-15T04:00:19.259Z       (attention_norm): QwenRMSNorm((2560,), eps=1e-06)
2026-09-15T04:00:19.259Z       (attention_residual_stream): ResidualStream(
2026-09-15T04:00:19.259Z         (dropout): Identity()
2026-09-15T04:00:19.259Z       )
2026-09-15T04:00:19.259Z       (feed_forward): FeedForward(
2026-09-15T04:00:19.259Z         (w1): Linear(in_features=2560, out_features=9216, bias=False)
2026-09-15T04:00:19.259Z         (w2): Linear(in_features=9216, out_features=2560, bias=False)
2026-09-15T04:00:19.259Z         (w3): Linear(in_features=2560, out_features=9216, bias=False)
2026-09-15T04:00:19.259Z       )
2026-09-15T04:00:19.259Z       (feed_forward_norm): QwenRMSNorm((2560,), eps=1e-06)
2026-09-15T04:00:19.259Z       (feed_forward_residual_stream): ResidualStream(
2026-09-15T04:00:19.259Z         (dropout): Identity()
2026-09-15T04:00:19.259Z       )
2026-09-15T04:00:19.259Z     )
2026-09-15T04:00:19.259Z     (19): TransformerBlock(
2026-09-15T04:00:19.259Z       (attention): Attention(
2026-09-15T04:00:19.259Z         (w_q): Linear(in_features=2560, out_features=4096, bias=False)
2026-09-15T04:00:19.259Z         (w_k): Linear(in_features=2560, out_features=1024, bias=False)
2026-09-15T04:00:19.259Z         (w_v): Linear(in_features=2560, out_features=1024, bias=False)
2026-09-15T04:00:19.259Z         (w_out): Linear(in_features=4096, out_features=2560, bias=False)
2026-09-15T04:00:19.259Z         (w_g): Linear(in_features=2560, out_features=4096, bias=False)
2026-09-15T04:00:19.259Z         (q_norm): QwenRMSNorm((256,), eps=1e-06)
2026-09-15T04:00:19.259Z         (k_norm): QwenRMSNorm((256,), eps=1e-06)
2026-09-15T04:00:19.259Z         (rope): RotaryEmbedding()
2026-09-15T04:00:19.259Z         (backend): FlashAttention2Backend()
2026-09-15T04:00:19.259Z       )
2026-09-15T04:00:19.259Z       (attention_norm): QwenRMSNorm((2560,), eps=1e-06)
2026-09-15T04:00:19.259Z       (attention_residual_stream): ResidualStream(
2026-09-15T04:00:19.259Z         (dropout): Identity()
2026-09-15T04:00:19.259Z       )
2026-09-15T04:00:19.259Z       (feed_forward): FeedForward(
2026-09-15T04:00:19.259Z         (w1): Linear(in_features=2560, out_features=9216, bias=False)
2026-09-15T04:00:19.259Z         (w2): Linear(in_features=9216, out_features=2560, bias=False)
2026-09-15T04:00:19.259Z         (w3): Linear(in_features=2560, out_features=9216, bias=False)
2026-09-15T04:00:19.259Z       )
2026-09-15T04:00:19.259Z       (feed_forward_norm): QwenRMSNorm((2560,), eps=1e-06)
2026-09-15T04:00:19.259Z       (feed_forward_residual_stream): ResidualStream(
2026-09-15T04:00:19.259Z         (dropout): Identity()
2026-09-15T04:00:19.259Z       )
2026-09-15T04:00:19.259Z     )
2026-09-15T04:00:19.259Z     (20): TransformerBlock(
2026-09-15T04:00:19.259Z       (attention): GatedDeltaNet(
2026-09-15T04:00:19.259Z         (w_q): Linear(in_features=2560, out_features=2048, bias=False)
2026-09-15T04:00:19.259Z         (w_k): Linear(in_features=2560, out_features=2048, bias=False)
2026-09-15T04:00:19.259Z         (w_v): Linear(in_features=2560, out_features=4096, bias=False)
2026-09-15T04:00:19.259Z         (w_a): Linear(in_features=2560, out_features=32, bias=False)
2026-09-15T04:00:19.259Z         (w_b): Linear(in_features=2560, out_features=32, bias=False)
2026-09-15T04:00:19.259Z         (q_conv1d): CausalConv1d(2048, 2048, kernel_size=(4,), stride=(1,), padding=(3,), groups=2048, bias=False)
2026-09-15T04:00:19.259Z         (k_conv1d): CausalConv1d(2048, 2048, kernel_size=(4,), stride=(1,), padding=(3,), groups=2048, bias=False)
2026-09-15T04:00:19.259Z         (v_conv1d): CausalConv1d(4096, 4096, kernel_size=(4,), stride=(1,), padding=(3,), groups=4096, bias=False)
2026-09-15T04:00:19.259Z         (w_g): Linear(in_features=2560, out_features=4096, bias=False)
2026-09-15T04:00:19.259Z         (o_norm): FusedRMSNormGated(128, eps=1e-06, activation=swish)
2026-09-15T04:00:19.259Z         (w_out): Linear(in_features=4096, out_features=2560, bias=False)
2026-09-15T04:00:19.259Z       )
2026-09-15T04:00:19.259Z       (attention_norm): QwenRMSNorm((2560,), eps=1e-06)
2026-09-15T04:00:19.259Z       (attention_residual_stream): ResidualStream(
2026-09-15T04:00:19.259Z         (dropout): Identity()
2026-09-15T04:00:19.259Z       )
2026-09-15T04:00:19.259Z       (feed_forward): FeedForward(
2026-09-15T04:00:19.259Z         (w1): Linear(in_features=2560, out_features=9216, bias=False)
2026-09-15T04:00:19.259Z         (w2): Linear(in_features=9216, out_features=2560, bias=False)
2026-09-15T04:00:19.259Z         (w3): Linear(in_features=2560, out_features=9216, bias=False)
2026-09-15T04:00:19.259Z       )
2026-09-15T04:00:19.259Z       (feed_forward_norm): QwenRMSNorm((2560,), eps=1e-06)
2026-09-15T04:00:19.259Z       (feed_forward_residual_stream): ResidualStream(
2026-09-15T04:00:19.259Z         (dropout): Identity()
2026-09-15T04:00:19.259Z       )
2026-09-15T04:00:19.259Z     )
2026-09-15T04:00:19.259Z     (21): TransformerBlock(
2026-09-15T04:00:19.259Z       (attention): GatedDeltaNet(
2026-09-15T04:00:19.259Z         (w_q): Linear(in_features=2560, out_features=2048, bias=False)
2026-09-15T04:00:19.259Z         (w_k): Linear(in_features=2560, out_features=2048, bias=False)
2026-09-15T04:00:19.259Z         (w_v): Linear(in_features=2560, out_features=4096, bias=False)
2026-09-15T04:00:19.259Z         (w_a): Linear(in_features=2560, out_features=32, bias=False)
2026-09-15T04:00:19.259Z         (w_b): Linear(in_features=2560, out_features=32, bias=False)
2026-09-15T04:00:19.259Z         (q_conv1d): CausalConv1d(2048, 2048, kernel_size=(4,), stride=(1,), padding=(3,), groups=2048, bias=False)
2026-09-15T04:00:19.259Z         (k_conv1d): CausalConv1d(2048, 2048, kernel_size=(4,), stride=(1,), padding=(3,), groups=2048, bias=False)
2026-09-15T04:00:19.259Z         (v_conv1d): CausalConv1d(4096, 4096, kernel_size=(4,), stride=(1,), padding=(3,), groups=4096, bias=False)
2026-09-15T04:00:19.259Z         (w_g): Linear(in_features=2560, out_features=4096, bias=False)
2026-09-15T04:00:19.259Z         (o_norm): FusedRMSNormGated(128, eps=1e-06, activation=swish)
2026-09-15T04:00:19.259Z         (w_out): Linear(in_features=4096, out_features=2560, bias=False)
2026-09-15T04:00:19.259Z       )
2026-09-15T04:00:19.259Z       (attention_norm): QwenRMSNorm((2560,), eps=1e-06)
2026-09-15T04:00:19.259Z       (attention_residual_stream): ResidualStream(
2026-09-15T04:00:19.259Z         (dropout): Identity()
2026-09-15T04:00:19.259Z       )
2026-09-15T04:00:19.259Z       (feed_forward): FeedForward(
2026-09-15T04:00:19.259Z         (w1): Linear(in_features=2560, out_features=9216, bias=False)
2026-09-15T04:00:19.259Z         (w2): Linear(in_features=9216, out_features=2560, bias=False)
2026-09-15T04:00:19.259Z         (w3): Linear(in_features=2560, out_features=9216, bias=False)
2026-09-15T04:00:19.259Z       )
2026-09-15T04:00:19.259Z       (feed_forward_norm): QwenRMSNorm((2560,), eps=1e-06)
2026-09-15T04:00:19.259Z       (feed_forward_residual_stream): ResidualStream(
2026-09-15T04:00:19.259Z         (dropout): Identity()
2026-09-15T04:00:19.259Z       )
2026-09-15T04:00:19.259Z     )
2026-09-15T04:00:19.259Z     (22): TransformerBlock(
2026-09-15T04:00:19.259Z       (attention): GatedDeltaNet(
2026-09-15T04:00:19.259Z         (w_q): Linear(in_features=2560, out_features=2048, bias=False)
2026-09-15T04:00:19.259Z         (w_k): Linear(in_features=2560, out_features=2048, bias=False)
2026-09-15T04:00:19.259Z         (w_v): Linear(in_features=2560, out_features=4096, bias=False)
2026-09-15T04:00:19.259Z         (w_a): Linear(in_features=2560, out_features=32, bias=False)
2026-09-15T04:00:19.259Z         (w_b): Linear(in_features=2560, out_features=32, bias=False)
2026-09-15T04:00:19.259Z         (q_conv1d): CausalConv1d(2048, 2048, kernel_size=(4,), stride=(1,), padding=(3,), groups=2048, bias=False)
2026-09-15T04:00:19.259Z         (k_conv1d): CausalConv1d(2048, 2048, kernel_size=(4,), stride=(1,), padding=(3,), groups=2048, bias=False)
2026-09-15T04:00:19.259Z         (v_conv1d): CausalConv1d(4096, 4096, kernel_size=(4,), stride=(1,), padding=(3,), groups=4096, bias=False)
2026-09-15T04:00:19.259Z         (w_g): Linear(in_features=2560, out_features=4096, bias=False)
2026-09-15T04:00:19.259Z         (o_norm): FusedRMSNormGated(128, eps=1e-06, activation=swish)
2026-09-15T04:00:19.259Z         (w_out): Linear(in_features=4096, out_features=2560, bias=False)
2026-09-15T04:00:19.259Z       )
2026-09-15T04:00:19.259Z       (attention_norm): QwenRMSNorm((2560,), eps=1e-06)
2026-09-15T04:00:19.259Z       (attention_residual_stream): ResidualStream(
2026-09-15T04:00:19.259Z         (dropout): Identity()
2026-09-15T04:00:19.259Z       )
2026-09-15T04:00:19.259Z       (feed_forward): FeedForward(
2026-09-15T04:00:19.259Z         (w1): Linear(in_features=2560, out_features=9216, bias=False)
2026-09-15T04:00:19.259Z         (w2): Linear(in_features=9216, out_features=2560, bias=False)
2026-09-15T04:00:19.259Z         (w3): Linear(in_features=2560, out_features=9216, bias=False)
2026-09-15T04:00:19.259Z       )
2026-09-15T04:00:19.259Z       (feed_forward_norm): QwenRMSNorm((2560,), eps=1e-06)
2026-09-15T04:00:19.259Z       (feed_forward_residual_stream): ResidualStream(
2026-09-15T04:00:19.259Z         (dropout): Identity()
2026-09-15T04:00:19.259Z       )
2026-09-15T04:00:19.259Z     )
2026-09-15T04:00:19.259Z     (23): TransformerBlock(
2026-09-15T04:00:19.259Z       (attention): Attention(
2026-09-15T04:00:19.259Z         (w_q): Linear(in_features=2560, out_features=4096, bias=False)
2026-09-15T04:00:19.259Z         (w_k): Linear(in_features=2560, out_features=1024, bias=False)
2026-09-15T04:00:19.259Z         (w_v): Linear(in_features=2560, out_features=1024, bias=False)
2026-09-15T04:00:19.259Z         (w_out): Linear(in_features=4096, out_features=2560, bias=False)
2026-09-15T04:00:19.259Z         (w_g): Linear(in_features=2560, out_features=4096, bias=False)
2026-09-15T04:00:19.259Z         (q_norm): QwenRMSNorm((256,), eps=1e-06)
2026-09-15T04:00:19.259Z         (k_norm): QwenRMSNorm((256,), eps=1e-06)
2026-09-15T04:00:19.259Z         (rope): RotaryEmbedding()
2026-09-15T04:00:19.259Z         (backend): FlashAttention2Backend()
2026-09-15T04:00:19.259Z       )
2026-09-15T04:00:19.259Z       (attention_norm): QwenRMSNorm((2560,), eps=1e-06)
2026-09-15T04:00:19.259Z       (attention_residual_stream): ResidualStream(
2026-09-15T04:00:19.259Z         (dropout): Identity()
2026-09-15T04:00:19.259Z       )
2026-09-15T04:00:19.259Z       (feed_forward): FeedForward(
2026-09-15T04:00:19.259Z         (w1): Linear(in_features=2560, out_features=9216, bias=False)
2026-09-15T04:00:19.259Z         (w2): Linear(in_features=9216, out_features=2560, bias=False)
2026-09-15T04:00:19.259Z         (w3): Linear(in_features=2560, out_features=9216, bias=False)
2026-09-15T04:00:19.259Z       )
2026-09-15T04:00:19.259Z       (feed_forward_norm): QwenRMSNorm((2560,), eps=1e-06)
2026-09-15T04:00:19.259Z       (feed_forward_residual_stream): ResidualStream(
2026-09-15T04:00:19.259Z         (dropout): Identity()
2026-09-15T04:00:19.259Z       )
2026-09-15T04:00:19.259Z     )
2026-09-15T04:00:19.259Z     (24): TransformerBlock(
2026-09-15T04:00:19.259Z       (attention): GatedDeltaNet(
2026-09-15T04:00:19.259Z         (w_q): Linear(in_features=2560, out_features=2048, bias=False)
2026-09-15T04:00:19.259Z         (w_k): Linear(in_features=2560, out_features=2048, bias=False)
2026-09-15T04:00:19.259Z         (w_v): Linear(in_features=2560, out_features=4096, bias=False)
2026-09-15T04:00:19.259Z         (w_a): Linear(in_features=2560, out_features=32, bias=False)
2026-09-15T04:00:19.259Z         (w_b): Linear(in_features=2560, out_features=32, bias=False)
2026-09-15T04:00:19.259Z         (q_conv1d): CausalConv1d(2048, 2048, kernel_size=(4,), stride=(1,), padding=(3,), groups=2048, bias=False)
2026-09-15T04:00:19.259Z         (k_conv1d): CausalConv1d(2048, 2048, kernel_size=(4,), stride=(1,), padding=(3,), groups=2048, bias=False)
2026-09-15T04:00:19.259Z         (v_conv1d): CausalConv1d(4096, 4096, kernel_size=(4,), stride=(1,), padding=(3,), groups=4096, bias=False)
2026-09-15T04:00:19.259Z         (w_g): Linear(in_features=2560, out_features=4096, bias=False)
2026-09-15T04:00:19.259Z         (o_norm): FusedRMSNormGated(128, eps=1e-06, activation=swish)
2026-09-15T04:00:19.259Z         (w_out): Linear(in_features=4096, out_features=2560, bias=False)
2026-09-15T04:00:19.259Z       )
2026-09-15T04:00:19.259Z       (attention_norm): QwenRMSNorm((2560,), eps=1e-06)
2026-09-15T04:00:19.259Z       (attention_residual_stream): ResidualStream(
2026-09-15T04:00:19.259Z         (dropout): Identity()
2026-09-15T04:00:19.259Z       )
2026-09-15T04:00:19.259Z       (feed_forward): FeedForward(
2026-09-15T04:00:19.259Z         (w1): Linear(in_features=2560, out_features=9216, bias=False)
2026-09-15T04:00:19.259Z         (w2): Linear(in_features=9216, out_features=2560, bias=False)
2026-09-15T04:00:19.260Z         (w3): Linear(in_features=2560, out_features=9216, bias=False)
2026-09-15T04:00:19.260Z       )
2026-09-15T04:00:19.260Z       (feed_forward_norm): QwenRMSNorm((2560,), eps=1e-06)
2026-09-15T04:00:19.260Z       (feed_forward_residual_stream): ResidualStream(
2026-09-15T04:00:19.260Z         (dropout): Identity()
2026-09-15T04:00:19.260Z       )
2026-09-15T04:00:19.260Z     )
2026-09-15T04:00:19.260Z     (25): TransformerBlock(
2026-09-15T04:00:19.260Z       (attention): GatedDeltaNet(
2026-09-15T04:00:19.260Z         (w_q): Linear(in_features=2560, out_features=2048, bias=False)
2026-09-15T04:00:19.260Z         (w_k): Linear(in_features=2560, out_features=2048, bias=False)
2026-09-15T04:00:19.260Z         (w_v): Linear(in_features=2560, out_features=4096, bias=False)
2026-09-15T04:00:19.260Z         (w_a): Linear(in_features=2560, out_features=32, bias=False)
2026-09-15T04:00:19.260Z         (w_b): Linear(in_features=2560, out_features=32, bias=False)
2026-09-15T04:00:19.260Z         (q_conv1d): CausalConv1d(2048, 2048, kernel_size=(4,), stride=(1,), padding=(3,), groups=2048, bias=False)
2026-09-15T04:00:19.260Z         (k_conv1d): CausalConv1d(2048, 2048, kernel_size=(4,), stride=(1,), padding=(3,), groups=2048, bias=False)
2026-09-15T04:00:19.260Z         (v_conv1d): CausalConv1d(4096, 4096, kernel_size=(4,), stride=(1,), padding=(3,), groups=4096, bias=False)
2026-09-15T04:00:19.260Z         (w_g): Linear(in_features=2560, out_features=4096, bias=False)
2026-09-15T04:00:19.260Z         (o_norm): FusedRMSNormGated(128, eps=1e-06, activation=swish)
2026-09-15T04:00:19.260Z         (w_out): Linear(in_features=4096, out_features=2560, bias=False)
2026-09-15T04:00:19.260Z       )
2026-09-15T04:00:19.260Z       (attention_norm): QwenRMSNorm((2560,), eps=1e-06)
2026-09-15T04:00:19.260Z       (attention_residual_stream): ResidualStream(
2026-09-15T04:00:19.260Z         (dropout): Identity()
2026-09-15T04:00:19.260Z       )
2026-09-15T04:00:19.260Z       (feed_forward): FeedForward(
2026-09-15T04:00:19.260Z         (w1): Linear(in_features=2560, out_features=9216, bias=False)
2026-09-15T04:00:19.260Z         (w2): Linear(in_features=9216, out_features=2560, bias=False)
2026-09-15T04:00:19.260Z         (w3): Linear(in_features=2560, out_features=9216, bias=False)
2026-09-15T04:00:19.260Z       )
2026-09-15T04:00:19.260Z       (feed_forward_norm): QwenRMSNorm((2560,), eps=1e-06)
2026-09-15T04:00:19.260Z       (feed_forward_residual_stream): ResidualStream(
2026-09-15T04:00:19.260Z         (dropout): Identity()
2026-09-15T04:00:19.260Z       )
2026-09-15T04:00:19.260Z     )
2026-09-15T04:00:19.260Z     (26): TransformerBlock(
2026-09-15T04:00:19.260Z       (attention): GatedDeltaNet(
2026-09-15T04:00:19.260Z         (w_q): Linear(in_features=2560, out_features=2048, bias=False)
2026-09-15T04:00:19.260Z         (w_k): Linear(in_features=2560, out_features=2048, bias=False)
2026-09-15T04:00:19.260Z         (w_v): Linear(in_features=2560, out_features=4096, bias=False)
2026-09-15T04:00:19.260Z         (w_a): Linear(in_features=2560, out_features=32, bias=False)
2026-09-15T04:00:19.260Z         (w_b): Linear(in_features=2560, out_features=32, bias=False)
2026-09-15T04:00:19.260Z         (q_conv1d): CausalConv1d(2048, 2048, kernel_size=(4,), stride=(1,), padding=(3,), groups=2048, bias=False)
2026-09-15T04:00:19.260Z         (k_conv1d): CausalConv1d(2048, 2048, kernel_size=(4,), stride=(1,), padding=(3,), groups=2048, bias=False)
2026-09-15T04:00:19.260Z         (v_conv1d): CausalConv1d(4096, 4096, kernel_size=(4,), stride=(1,), padding=(3,), groups=4096, bias=False)
2026-09-15T04:00:19.260Z         (w_g): Linear(in_features=2560, out_features=4096, bias=False)
2026-09-15T04:00:19.260Z         (o_norm): FusedRMSNormGated(128, eps=1e-06, activation=swish)
2026-09-15T04:00:19.260Z         (w_out): Linear(in_features=4096, out_features=2560, bias=False)
2026-09-15T04:00:19.260Z       )
2026-09-15T04:00:19.260Z       (attention_norm): QwenRMSNorm((2560,), eps=1e-06)
2026-09-15T04:00:19.260Z       (attention_residual_stream): ResidualStream(
2026-09-15T04:00:19.260Z         (dropout): Identity()
2026-09-15T04:00:19.260Z       )
2026-09-15T04:00:19.260Z       (feed_forward): FeedForward(
2026-09-15T04:00:19.260Z         (w1): Linear(in_features=2560, out_features=9216, bias=False)
2026-09-15T04:00:19.260Z         (w2): Linear(in_features=9216, out_features=2560, bias=False)
2026-09-15T04:00:19.260Z         (w3): Linear(in_features=2560, out_features=9216, bias=False)
2026-09-15T04:00:19.260Z       )
2026-09-15T04:00:19.260Z       (feed_forward_norm): QwenRMSNorm((2560,), eps=1e-06)
2026-09-15T04:00:19.260Z       (feed_forward_residual_stream): ResidualStream(
2026-09-15T04:00:19.260Z         (dropout): Identity()
2026-09-15T04:00:19.260Z       )
2026-09-15T04:00:19.260Z     )
2026-09-15T04:00:19.260Z     (27): TransformerBlock(
2026-09-15T04:00:19.260Z       (attention): Attention(
2026-09-15T04:00:19.260Z         (w_q): Linear(in_features=2560, out_features=4096, bias=False)
2026-09-15T04:00:19.260Z         (w_k): Linear(in_features=2560, out_features=1024, bias=False)
2026-09-15T04:00:19.260Z         (w_v): Linear(in_features=2560, out_features=1024, bias=False)
2026-09-15T04:00:19.260Z         (w_out): Linear(in_features=4096, out_features=2560, bias=False)
2026-09-15T04:00:19.260Z         (w_g): Linear(in_features=2560, out_features=4096, bias=False)
2026-09-15T04:00:19.260Z         (q_norm): QwenRMSNorm((256,), eps=1e-06)
2026-09-15T04:00:19.260Z         (k_norm): QwenRMSNorm((256,), eps=1e-06)
2026-09-15T04:00:19.260Z         (rope): RotaryEmbedding()
2026-09-15T04:00:19.260Z         (backend): FlashAttention2Backend()
2026-09-15T04:00:19.260Z       )
2026-09-15T04:00:19.260Z       (attention_norm): QwenRMSNorm((2560,), eps=1e-06)
2026-09-15T04:00:19.260Z       (attention_residual_stream): ResidualStream(
2026-09-15T04:00:19.260Z         (dropout): Identity()
2026-09-15T04:00:19.260Z       )
2026-09-15T04:00:19.260Z       (feed_forward): FeedForward(
2026-09-15T04:00:19.260Z         (w1): Linear(in_features=2560, out_features=9216, bias=False)
2026-09-15T04:00:19.260Z         (w2): Linear(in_features=9216, out_features=2560, bias=False)
2026-09-15T04:00:19.260Z         (w3): Linear(in_features=2560, out_features=9216, bias=False)
2026-09-15T04:00:19.260Z       )
2026-09-15T04:00:19.260Z       (feed_forward_norm): QwenRMSNorm((2560,), eps=1e-06)
2026-09-15T04:00:19.260Z       (feed_forward_residual_stream): ResidualStream(
2026-09-15T04:00:19.260Z         (dropout): Identity()
2026-09-15T04:00:19.260Z       )
2026-09-15T04:00:19.260Z     )
2026-09-15T04:00:19.260Z     (28): TransformerBlock(
2026-09-15T04:00:19.260Z       (attention): GatedDeltaNet(
2026-09-15T04:00:19.260Z         (w_q): Linear(in_features=2560, out_features=2048, bias=False)
2026-09-15T04:00:19.260Z         (w_k): Linear(in_features=2560, out_features=2048, bias=False)
2026-09-15T04:00:19.260Z         (w_v): Linear(in_features=2560, out_features=4096, bias=False)
2026-09-15T04:00:19.260Z         (w_a): Linear(in_features=2560, out_features=32, bias=False)
2026-09-15T04:00:19.260Z         (w_b): Linear(in_features=2560, out_features=32, bias=False)
2026-09-15T04:00:19.260Z         (q_conv1d): CausalConv1d(2048, 2048, kernel_size=(4,), stride=(1,), padding=(3,), groups=2048, bias=False)
2026-09-15T04:00:19.260Z         (k_conv1d): CausalConv1d(2048, 2048, kernel_size=(4,), stride=(1,), padding=(3,), groups=2048, bias=False)
2026-09-15T04:00:19.260Z         (v_conv1d): CausalConv1d(4096, 4096, kernel_size=(4,), stride=(1,), padding=(3,), groups=4096, bias=False)
2026-09-15T04:00:19.260Z         (w_g): Linear(in_features=2560, out_features=4096, bias=False)
2026-09-15T04:00:19.260Z         (o_norm): FusedRMSNormGated(128, eps=1e-06, activation=swish)
2026-09-15T04:00:19.260Z         (w_out): Linear(in_features=4096, out_features=2560, bias=False)
2026-09-15T04:00:19.260Z       )
2026-09-15T04:00:19.260Z       (attention_norm): QwenRMSNorm((2560,), eps=1e-06)
2026-09-15T04:00:19.260Z       (attention_residual_stream): ResidualStream(
2026-09-15T04:00:19.260Z         (dropout): Identity()
2026-09-15T04:00:19.260Z       )
2026-09-15T04:00:19.260Z       (feed_forward): FeedForward(
2026-09-15T04:00:19.260Z         (w1): Linear(in_features=2560, out_features=9216, bias=False)
2026-09-15T04:00:19.260Z         (w2): Linear(in_features=9216, out_features=2560, bias=False)
2026-09-15T04:00:19.260Z         (w3): Linear(in_features=2560, out_features=9216, bias=False)
2026-09-15T04:00:19.260Z       )
2026-09-15T04:00:19.260Z       (feed_forward_norm): QwenRMSNorm((2560,), eps=1e-06)
2026-09-15T04:00:19.260Z       (feed_forward_residual_stream): ResidualStream(
2026-09-15T04:00:19.260Z         (dropout): Identity()
2026-09-15T04:00:19.260Z       )
2026-09-15T04:00:19.260Z     )
2026-09-15T04:00:19.260Z     (29): TransformerBlock(
2026-09-15T04:00:19.260Z       (attention): GatedDeltaNet(
2026-09-15T04:00:19.260Z         (w_q): Linear(in_features=2560, out_features=2048, bias=False)
2026-09-15T04:00:19.260Z         (w_k): Linear(in_features=2560, out_features=2048, bias=False)
2026-09-15T04:00:19.260Z         (w_v): Linear(in_features=2560, out_features=4096, bias=False)
2026-09-15T04:00:19.260Z         (w_a): Linear(in_features=2560, out_features=32, bias=False)
2026-09-15T04:00:19.260Z         (w_b): Linear(in_features=2560, out_features=32, bias=False)
2026-09-15T04:00:19.260Z         (q_conv1d): CausalConv1d(2048, 2048, kernel_size=(4,), stride=(1,), padding=(3,), groups=2048, bias=False)
2026-09-15T04:00:19.260Z         (k_conv1d): CausalConv1d(2048, 2048, kernel_size=(4,), stride=(1,), padding=(3,), groups=2048, bias=False)
2026-09-15T04:00:19.260Z         (v_conv1d): CausalConv1d(4096, 4096, kernel_size=(4,), stride=(1,), padding=(3,), groups=4096, bias=False)
2026-09-15T04:00:19.260Z         (w_g): Linear(in_features=2560, out_features=4096, bias=False)
2026-09-15T04:00:19.260Z         (o_norm): FusedRMSNormGated(128, eps=1e-06, activation=swish)
2026-09-15T04:00:19.260Z         (w_out): Linear(in_features=4096, out_features=2560, bias=False)
2026-09-15T04:00:19.260Z       )
2026-09-15T04:00:19.260Z       (attention_norm): QwenRMSNorm((2560,), eps=1e-06)
2026-09-15T04:00:19.260Z       (attention_residual_stream): ResidualStream(
2026-09-15T04:00:19.260Z         (dropout): Identity()
2026-09-15T04:00:19.260Z       )
2026-09-15T04:00:19.260Z       (feed_forward): FeedForward(
2026-09-15T04:00:19.260Z         (w1): Linear(in_features=2560, out_features=9216, bias=False)
2026-09-15T04:00:19.260Z         (w2): Linear(in_features=9216, out_features=2560, bias=False)
2026-09-15T04:00:19.260Z         (w3): Linear(in_features=2560, out_features=9216, bias=False)
2026-09-15T04:00:19.260Z       )
2026-09-15T04:00:19.260Z       (feed_forward_norm): QwenRMSNorm((2560,), eps=1e-06)
2026-09-15T04:00:19.260Z       (feed_forward_residual_stream): ResidualStream(
2026-09-15T04:00:19.260Z         (dropout): Identity()
2026-09-15T04:00:19.260Z       )
2026-09-15T04:00:19.260Z     )
2026-09-15T04:00:19.260Z     (30): TransformerBlock(
2026-09-15T04:00:19.260Z       (attention): GatedDeltaNet(
2026-09-15T04:00:19.260Z         (w_q): Linear(in_features=2560, out_features=2048, bias=False)
2026-09-15T04:00:19.260Z         (w_k): Linear(in_features=2560, out_features=2048, bias=False)
2026-09-15T04:00:19.260Z         (w_v): Linear(in_features=2560, out_features=4096, bias=False)
2026-09-15T04:00:19.260Z         (w_a): Linear(in_features=2560, out_features=32, bias=False)
2026-09-15T04:00:19.260Z         (w_b): Linear(in_features=2560, out_features=32, bias=False)
2026-09-15T04:00:19.260Z         (q_conv1d): CausalConv1d(2048, 2048, kernel_size=(4,), stride=(1,), padding=(3,), groups=2048, bias=False)
2026-09-15T04:00:19.260Z         (k_conv1d): CausalConv1d(2048, 2048, kernel_size=(4,), stride=(1,), padding=(3,), groups=2048, bias=False)
2026-09-15T04:00:19.260Z         (v_conv1d): CausalConv1d(4096, 4096, kernel_size=(4,), stride=(1,), padding=(3,), groups=4096, bias=False)
2026-09-15T04:00:19.260Z         (w_g): Linear(in_features=2560, out_features=4096, bias=False)
2026-09-15T04:00:19.260Z         (o_norm): FusedRMSNormGated(128, eps=1e-06, activation=swish)
2026-09-15T04:00:19.260Z         (w_out): Linear(in_features=4096, out_features=2560, bias=False)
2026-09-15T04:00:19.260Z       )
2026-09-15T04:00:19.260Z       (attention_norm): QwenRMSNorm((2560,), eps=1e-06)
2026-09-15T04:00:19.260Z       (attention_residual_stream): ResidualStream(
2026-09-15T04:00:19.260Z         (dropout): Identity()
2026-09-15T04:00:19.260Z       )
2026-09-15T04:00:19.260Z       (feed_forward): FeedForward(
2026-09-15T04:00:19.260Z         (w1): Linear(in_features=2560, out_features=9216, bias=False)
2026-09-15T04:00:19.260Z         (w2): Linear(in_features=9216, out_features=2560, bias=False)
2026-09-15T04:00:19.260Z         (w3): Linear(in_features=2560, out_features=9216, bias=False)
2026-09-15T04:00:19.260Z       )
2026-09-15T04:00:19.260Z       (feed_forward_norm): QwenRMSNorm((2560,), eps=1e-06)
2026-09-15T04:00:19.260Z       (feed_forward_residual_stream): ResidualStream(
2026-09-15T04:00:19.260Z         (dropout): Identity()
2026-09-15T04:00:19.260Z       )
2026-09-15T04:00:19.260Z     )
2026-09-15T04:00:19.260Z     (31): TransformerBlock(
2026-09-15T04:00:19.260Z       (attention): Attention(
2026-09-15T04:00:19.260Z         (w_q): Linear(in_features=2560, out_features=4096, bias=False)
2026-09-15T04:00:19.260Z         (w_k): Linear(in_features=2560, out_features=1024, bias=False)
2026-09-15T04:00:19.260Z         (w_v): Linear(in_features=2560, out_features=1024, bias=False)
2026-09-15T04:00:19.260Z         (w_out): Linear(in_features=4096, out_features=2560, bias=False)
2026-09-15T04:00:19.260Z         (w_g): Linear(in_features=2560, out_features=4096, bias=False)
2026-09-15T04:00:19.260Z         (q_norm): QwenRMSNorm((256,), eps=1e-06)
2026-09-15T04:00:19.260Z         (k_norm): QwenRMSNorm((256,), eps=1e-06)
2026-09-15T04:00:19.260Z         (rope): RotaryEmbedding()
2026-09-15T04:00:19.260Z         (backend): FlashAttention2Backend()
2026-09-15T04:00:19.260Z       )
2026-09-15T04:00:19.260Z       (attention_norm): QwenRMSNorm((2560,), eps=1e-06)
2026-09-15T04:00:19.260Z       (attention_residual_stream): ResidualStream(
2026-09-15T04:00:19.260Z         (dropout): Identity()
2026-09-15T04:00:19.260Z       )
2026-09-15T04:00:19.260Z       (feed_forward): FeedForward(
2026-09-15T04:00:19.260Z         (w1): Linear(in_features=2560, out_features=9216, bias=False)
2026-09-15T04:00:19.260Z         (w2): Linear(in_features=9216, out_features=2560, bias=False)
2026-09-15T04:00:19.260Z         (w3): Linear(in_features=2560, out_features=9216, bias=False)
2026-09-15T04:00:19.260Z       )
2026-09-15T04:00:19.260Z       (feed_forward_norm): QwenRMSNorm((2560,), eps=1e-06)
2026-09-15T04:00:19.260Z       (feed_forward_residual_stream): ResidualStream(
2026-09-15T04:00:19.260Z         (dropout): Identity()
2026-09-15T04:00:19.260Z       )
2026-09-15T04:00:19.260Z     )
2026-09-15T04:00:19.260Z   )
2026-09-15T04:00:19.260Z   (lm_head): LMHead(
2026-09-15T04:00:19.260Z     (norm): QwenRMSNorm((2560,), eps=1e-06)
2026-09-15T04:00:19.260Z     (w_out): Linear(in_features=2560, out_features=248320, bias=False)
2026-09-15T04:00:19.260Z   )
2026-09-15T04:00:19.260Z )
2026-09-15T04:00:19.260Z [2;36m[2026-09-15 04:00:19][0m [34mINFO    [0m [2m[olmo_core.nn.transformer.config:447, db3cfb97005b, rank=0][0m Built model with:
2026-09-15T04:00:19.260Z - 4,841,450,496 total params
2026-09-15T04:00:19.260Z - 4,205,751,296 non-embedding params
2026-09-15T04:00:19.260Z - 4,841,450,496 trainable params
2026-09-15T04:00:19.261Z [ctc-suite] softtoken: header_stop_id=None (count 1) detach_gdn=True detach=True len_bias=False distill_prob=0.0 keep_mode=gold_plus_random n_random=128 keep_frac=None gold_blind=True keep_prob=0.5 mix=(0.0->0.0 over 496/496 calls)
2026-09-15T04:00:19.268Z [2;36m[2026-09-15 04:00:19][0m [34mINFO    [0m [2m[olmo_core.distributed.parallel:246, db3cfb97005b, rank=0][0m Built 1D device mesh with shape (dp=2,)
2026-09-15T04:00:19.268Z [2;36m[2026-09-15 04:00:19][0m [34mINFO    [0m [2m[olmo_core.train.train_module.transformer.train_module:142, db3cfb97005b, rank=0][0m Data parallel world size = 2
2026-09-15T04:00:19.269Z [2;36m[2026-09-15 04:00:19][0m [34mINFO    [0m [2m[olmo_core.train.train_module.transformer.common:103, db3cfb97005b, rank=0][0m Applied 'full' activation checkpointing to the model
2026-09-15T04:00:19.438Z [2;36m[2026-09-15 04:00:19][0m [34mINFO    [0m [2m[olmo_core.train.train_module.transformer.common:136, db3cfb97005b, rank=0][0m Applied FSDP to the model with 1D device mesh with shape (dp=2,)
2026-09-15T04:00:19.438Z [2;36m[2026-09-15 04:00:19][0m [34mINFO    [0m [2m[olmo_core.train.train_module.transformer.common:147, db3cfb97005b, rank=0][0m Initializing model weights...
2026-09-15T04:00:19.696Z NCCL version 2.27.5+cuda12.9
2026-09-15T04:00:20.827Z [2;36m[2026-09-15 04:00:20][0m [34mINFO    [0m [2m[olmo_core.train.train_module.transformer.train_module:200, db3cfb97005b, rank=0][0m Building optimizer...
2026-09-15T04:00:20.829Z [2;36m[2026-09-15 04:00:20][0m [34mINFO    [0m [2m[olmo_core.optim.config:202, db3cfb97005b, rank=0][0m Building SkipStepAdamW optimizer with 2 param group(s)...
2026-09-15T04:00:20.830Z [2;36m[2026-09-15 04:00:20][0m [34mINFO    [0m [2m[olmo_core.optim.config:210, db3cfb97005b, rank=0][0m Group 0, 1 parameter(s):
2026-09-15T04:00:20.830Z  - weight_decay: 0.0
2026-09-15T04:00:20.830Z  - lr: 5e-06
2026-09-15T04:00:20.830Z  - betas: (0.9, 0.95)
2026-09-15T04:00:20.830Z  - eps: 1e-08
2026-09-15T04:00:20.830Z  - initial_lr: 5e-06
2026-09-15T04:00:20.830Z [2;36m[2026-09-15 04:00:20][0m [34mINFO    [0m [2m[olmo_core.optim.config:210, db3cfb97005b, rank=0][0m Group 1, 534 parameter(s):
2026-09-15T04:00:20.830Z  - lr: 5e-06
2026-09-15T04:00:20.830Z  - betas: (0.9, 0.95)
2026-09-15T04:00:20.830Z  - eps: 1e-08
2026-09-15T04:00:20.830Z  - weight_decay: 0.0
2026-09-15T04:00:20.830Z  - initial_lr: 5e-06
2026-09-15T04:00:20.830Z [2;36m[2026-09-15 04:00:20][0m [34mINFO    [0m [2m[olmo_core.data.composable.numpy_document_source:778, db3cfb97005b, rank=0][0m Assuming dtype 'uint32' based on vocab size
2026-09-15T04:00:20.831Z [2;36m[2026-09-15 04:00:20][0m [34mINFO    [0m [2m[olmo_core.data.composable.numpy_document_source:232, db3cfb97005b, rank=0][0m Expanding globs...
2026-09-15T04:00:20.835Z [2;36m[2026-09-15 04:00:20][0m [34mINFO    [0m [2m[olmo_core.data.composable.numpy_document_source:257, db3cfb97005b, rank=0][0m Expanded '/weka/oe-training-default/ai2-llm/checkpoints/prasanns/ds64/fast2k/shards/outlier_f4M/token_ids_part_*.npy' into 1 paths:
2026-09-15T04:00:20.835Z - '/weka/oe-training-default/ai2-llm/checkpoints/prasanns/ds64/fast2k/shards/outlier_f4M/token_ids_part_000000.npy'
2026-09-15T04:00:20.835Z [2;36m[2026-09-15 04:00:20][0m [34mINFO    [0m [2m[olmo_core.data.composable.numpy_document_source:232, db3cfb97005b, rank=0][0m Expanding globs...
2026-09-15T04:00:20.836Z [2;36m[2026-09-15 04:00:20][0m [34mINFO    [0m [2m[olmo_core.data.composable.numpy_document_source:257, db3cfb97005b, rank=0][0m Expanded '/weka/oe-training-default/ai2-llm/checkpoints/prasanns/ds64/fast2k/shards/outlier_f4M/labels_mask_*.npy' into 1 paths:
2026-09-15T04:00:20.836Z - '/weka/oe-training-default/ai2-llm/checkpoints/prasanns/ds64/fast2k/shards/outlier_f4M/labels_mask_part_000000.npy'
2026-09-15T04:00:20.838Z 
2026-09-15T04:00:20.858Z [1;36m PadToLengthInstanceSource[0m[36m(5c510d5)[0m: [32m8.0M[0m tokens
2026-09-15T04:00:20.858Z └─ [1;36m NumpyDocumentSource[0m[36m(9ab04fc)[0m: [32m4.3M[0m tokens[35m [/weka/oe-trai.../shards/outlier_f4M/token_ids_part_*.npy][0m
2026-09-15T04:00:20.858Z 
2026-09-15T04:00:20.859Z [2;36m[2026-09-15 04:00:20][0m [34mINFO    [0m [2m[olmo_core.train.trainer:373, db3cfb97005b, rank=0][0m Creating new process group for async bookkeeping
2026-09-15T04:00:20.860Z [Gloo] Rank 1 is connected to 1 peer ranks. Expected number of connected peer ranks is : 1
2026-09-15T04:00:20.860Z [Gloo] Rank 0 is connected to 1 peer ranks. Expected number of connected peer ranks is : 1
2026-09-15T04:00:54.620Z [ctc-suite] tolerant base load from /weka/oe-training-default/ai2-llm/checkpoints/prasanns/ctc_suite/bases/q35-4b-base-markerfix/model_and_optim: 531 keys loaded, 4 new keys re-initialized deterministically (e.g. ['pooled_projector.w_in.bias', 'pooled_projector.w_in.weight']); ['pooled_projector: reset_parameters()']
2026-09-15T04:00:55.082Z [ctc-suite] tolerant base load from /weka/oe-training-default/ai2-llm/checkpoints/prasanns/ctc_suite/bases/q35-4b-base-markerfix/model_and_optim: 531 keys loaded, 4 new keys re-initialized deterministically (e.g. ['pooled_projector.w_in.bias', 'pooled_projector.w_in.weight']); ['pooled_projector: reset_parameters()']
2026-09-15T04:00:56.024Z [2;36m[2026-09-15 04:00:56][0m [33mWARNING [0m [2m[olmo_core.train.trainer:706, db3cfb97005b, rank=0][0m No checkpoint found in save folder ('/weka/oe-training-default/ai2-llm/checkpoints/prasanns/ctc_suite/ckpts/f2k-outlier-kvgb50-4M') or load path ('None'), will train from scratch...
2026-09-15T04:00:56.024Z [2;36m[2026-09-15 04:00:56][0m [33mWARNING [0m [2m[olmo_core.train.trainer:706, db3cfb97005b, rank=1][0m No checkpoint found in save folder ('/weka/oe-training-default/ai2-llm/checkpoints/prasanns/ctc_suite/ckpts/f2k-outlier-kvgb50-4M') or load path ('None'), will train from scratch...
2026-09-15T04:00:56.025Z [2;36m[2026-09-15 04:00:56][0m [34mINFO    [0m [2m[olmo_core.train.trainer:713, db3cfb97005b, rank=0][0m Callback order:
2026-09-15T04:00:56.025Z [2;36m[2026-09-15 04:00:56][0m [34mINFO    [0m [2m[olmo_core.train.trainer:715, db3cfb97005b, rank=0][0m   - Callback 1: checkpointer
2026-09-15T04:00:56.025Z [2;36m[2026-09-15 04:00:56][0m [34mINFO    [0m [2m[olmo_core.train.trainer:715, db3cfb97005b, rank=0][0m   - Callback 2: config_saver
2026-09-15T04:00:56.025Z [2;36m[2026-09-15 04:00:56][0m [34mINFO    [0m [2m[olmo_core.train.trainer:715, db3cfb97005b, rank=0][0m   - Callback 3: wandb
2026-09-15T04:00:56.026Z [2;36m[2026-09-15 04:00:56][0m [34mINFO    [0m [2m[olmo_core.train.trainer:715, db3cfb97005b, rank=0][0m   - Callback 4: flop_meter
2026-09-15T04:00:56.026Z [2;36m[2026-09-15 04:00:56][0m [34mINFO    [0m [2m[olmo_core.train.trainer:715, db3cfb97005b, rank=0][0m   - Callback 5: console_logger
2026-09-15T04:00:56.026Z [2;36m[2026-09-15 04:00:56][0m [34mINFO    [0m [2m[olmo_core.train.trainer:715, db3cfb97005b, rank=0][0m   - Callback 6: garbage_collector
2026-09-15T04:00:56.026Z [2;36m[2026-09-15 04:00:56][0m [34mINFO    [0m [2m[olmo_core.train.trainer:715, db3cfb97005b, rank=0][0m   - Callback 7: gpu_monitor
2026-09-15T04:00:56.026Z [2;36m[2026-09-15 04:00:56][0m [34mINFO    [0m [2m[olmo_core.train.trainer:715, db3cfb97005b, rank=0][0m   - Callback 8: speed_monitor
2026-09-15T04:00:56.026Z [2;36m[2026-09-15 04:00:56][0m [34mINFO    [0m [2m[olmo_core.train.trainer:718, db3cfb97005b, rank=0][0m Training for 61 steps
2026-09-15T04:00:56.767Z wandb: Currently logged in as: prasanns (allennlp) to https://api.wandb.ai. Use `wandb login --relogin` to force relogin
2026-09-15T04:00:57.578Z wandb: setting up run sgd5j9f2
2026-09-15T04:00:57.589Z wandb: Tracking run with wandb version 0.23.0
2026-09-15T04:00:57.593Z wandb: Run data is saved locally in /weka/oe-training-default/ai2-llm/checkpoints/prasanns/ctc_suite/ckpts/f2k-outlier-kvgb50-4M/wandb/wandb/run-20260915_040056-sgd5j9f2
2026-09-15T04:00:57.593Z wandb: Run `wandb offline` to turn off syncing.
2026-09-15T04:00:57.593Z wandb: Syncing run f2k-outlier-kvgb50-4M
2026-09-15T04:00:57.593Z wandb: ⭐️ View project at https://wandb.ai/prasanns-allen-institute-for-ai/memory-networks
2026-09-15T04:00:57.593Z wandb: 🚀 View run at https://wandb.ai/prasanns-allen-institute-for-ai/memory-networks/runs/sgd5j9f2
2026-09-15T04:00:57.781Z [2;36m[2026-09-15 04:00:57][0m [34mINFO    [0m [2m[olmo_core.train.callbacks.garbage_collector:33, db3cfb97005b, rank=0][0m Automatic GC disabled for training, will run GC every 1000 steps
2026-09-15T04:00:57.782Z [2;36m[2026-09-15 04:00:57][0m [34mINFO    [0m [2m[olmo_core.train.callbacks.gpu_memory_monitor:41, db3cfb97005b, rank=0][0m GPU capacity: NVIDIA A100-SXM4-80GB with 79.25GiB memory of which 9.06GiB is currently allocated and 9.07GiB is currently reserved.
2026-09-15T04:00:57.782Z [2;36m[2026-09-15 04:00:57][0m [34mINFO    [0m [2m[olmo_core.train.callbacks.speed_monitor:114, db3cfb97005b, rank=0][0m Device: NVIDIA A100-SXM4-80GB, Device peak Flops/s: 312000000000000
2026-09-15T04:00:57.799Z [2;36m[2026-09-15 04:00:57][0m [34mINFO    [0m [2m[olmo_core.train.trainer:1452, db3cfb97005b, rank=0][0m Starting forward/backward dry-run batch...
2026-09-15T04:06:00.319Z [2;36m[2026-09-15 04:06:00][0m [34mINFO    [0m [2m[olmo_core.train.trainer:1454, db3cfb97005b, rank=0][0m Dry-run complete
2026-09-15T04:06:00.322Z [2;36m[2026-09-15 04:06:00][0m [34mINFO    [0m [2m[olmo_core.data.composable.data_loader:570, db3cfb97005b, rank=0][0m Using existing global indices file for seed 34521 and epoch 1 at:
2026-09-15T04:06:00.322Z '/weka/oe-training-default/ai2-llm/checkpoints/prasanns/dataset-cache-ctc-suite/global_indices_epoch1_max_seq_len4096_seed34521_seq_len4096_shuffleinter_source_size1953_v1.npy'
2026-09-15T04:06:00.323Z [2;36m[2026-09-15 04:06:00][0m [34mINFO    [0m [2m[olmo_core.train.trainer:1459, db3cfb97005b, rank=0][0m Starting epoch 1...
2026-09-15T04:06:05.932Z Supported flash-attn versions are >= 2.1.1, <= 2.8.1. Found flash-attn 2.8.2.
2026-09-15T04:06:05.936Z Supported flash-attn versions are >= 2.1.1, <= 2.8.1. Found flash-attn 2.8.2.
2026-09-15T04:06:05.936Z Supported flash-attn versions are >= 2.1.1, <= 2.8.1. Found flash-attn 2.8.2.
2026-09-15T04:06:05.939Z Supported flash-attn versions are >= 2.1.1, <= 2.8.1. Found flash-attn 2.8.2.
2026-09-15T04:06:12.651Z Supported flash-attn versions are >= 2.1.1, <= 2.8.1. Found flash-attn 2.8.2.
2026-09-15T04:06:12.655Z Supported flash-attn versions are >= 2.1.1, <= 2.8.1. Found flash-attn 2.8.2.
2026-09-15T04:06:12.692Z Supported flash-attn versions are >= 2.1.1, <= 2.8.1. Found flash-attn 2.8.2.
2026-09-15T04:06:12.695Z Supported flash-attn versions are >= 2.1.1, <= 2.8.1. Found flash-attn 2.8.2.
2026-09-15T04:08:25.203Z [2;36m[2026-09-15 04:08:25][0m [33mWARNING [0m [2m[py.warnings:112, db3cfb97005b, rank=1][0m /opt/conda/lib/python3.12/site-packages/torch/distributed/utils.py:106: UserWarning: called a synchronizing CUDA operation (Triggered internally at /pytorch/c10/cuda/CUDAFunctions.cpp:162.)
2026-09-15T04:08:25.203Z   return (obj.to(target_device),)
2026-09-15T04:08:25.203Z 
2026-09-15T04:08:25.205Z [2;36m[2026-09-15 04:08:25][0m [33mWARNING [0m [2m[py.warnings:112, db3cfb97005b, rank=0][0m /opt/conda/lib/python3.12/site-packages/torch/distributed/utils.py:106: UserWarning: called a synchronizing CUDA operation (Triggered internally at /pytorch/c10/cuda/CUDAFunctions.cpp:162.)
2026-09-15T04:08:25.205Z   return (obj.to(target_device),)
2026-09-15T04:08:25.205Z 
2026-09-15T04:08:25.210Z [2;36m[2026-09-15 04:08:25][0m [34mINFO    [0m [2m[olmo_core.train.callbacks.console_logger:68, db3cfb97005b, rank=0][0m [step=1/61,epoch=1]
2026-09-15T04:08:25.210Z     gpu_memory/GPU active mem (%)=75.91
2026-09-15T04:08:25.210Z     gpu_memory/GPU active mem (GiB)=60.16
2026-09-15T04:08:25.210Z     gpu_memory/GPU reserved mem (%)=81.25
2026-09-15T04:08:25.210Z     gpu_memory/GPU reserved mem (GiB)=64.39
2026-09-15T04:08:25.210Z     optim/LR (group 0)=2.50E-06
2026-09-15T04:08:25.210Z     optim/LR (group 1)=2.50E-06
2026-09-15T04:08:25.210Z     optim/step skipped=0.0
2026-09-15T04:08:25.210Z     optim/total grad norm=82.11
2026-09-15T04:08:25.210Z     train/CE loss=1.082
2026-09-15T04:08:25.210Z     throughput/device/data loading (s)=13.59
2026-09-15T04:08:25.210Z     train/PPL=2.950
2026-09-15T04:08:25.213Z [2;36m[2026-09-15 04:08:25][0m [33mWARNING [0m [2m[py.warnings:112, db3cfb97005b, rank=0][0m /opt/conda/lib/python3.12/site-packages/olmo_core/nn/transformer/model.py:777: UserWarning: called a synchronizing CUDA operation (Triggered internally at /pytorch/c10/cuda/CUDAFunctions.cpp:162.)
2026-09-15T04:08:25.213Z   n_docs = int(chunk_ids.max().item()) + 1
2026-09-15T04:08:25.213Z 
2026-09-15T04:08:25.224Z [2;36m[2026-09-15 04:08:25][0m [33mWARNING [0m [2m[py.warnings:112, db3cfb97005b, rank=1][0m /opt/conda/lib/python3.12/site-packages/olmo_core/nn/transformer/model.py:834: UserWarning: called a synchronizing CUDA operation (Triggered internally at /pytorch/c10/cuda/CUDAFunctions.cpp:162.)
2026-09-15T04:08:25.224Z   flat = (torch.arange(B, device=emb.device)[:, None] * n_docs + cid.clamp(min=0)).reshape(
2026-09-15T04:08:25.224Z 
2026-09-15T04:08:25.224Z [2;36m[2026-09-15 04:08:25][0m [33mWARNING [0m [2m[py.warnings:112, db3cfb97005b, rank=0][0m /opt/conda/lib/python3.12/site-packages/olmo_core/nn/transformer/model.py:834: UserWarning: called a synchronizing CUDA operation (Triggered internally at /pytorch/c10/cuda/CUDAFunctions.cpp:162.)
2026-09-15T04:08:25.224Z   flat = (torch.arange(B, device=emb.device)[:, None] * n_docs + cid.clamp(min=0)).reshape(
2026-09-15T04:08:25.224Z 
2026-09-15T04:08:25.224Z [2;36m[2026-09-15 04:08:25][0m [33mWARNING [0m [2m[py.warnings:112, db3cfb97005b, rank=1][0m /opt/conda/lib/python3.12/site-packages/olmo_core/nn/transformer/model.py:838: UserWarning: called a synchronizing CUDA operation (Triggered internally at /pytorch/c10/cuda/CUDAFunctions.cpp:162.)
2026-09-15T04:08:25.224Z   0, flat, emb.reshape(B * T, D)[is_ctx.reshape(-1)]
2026-09-15T04:08:25.224Z 
2026-09-15T04:08:25.224Z [2;36m[2026-09-15 04:08:25][0m [33mWARNING [0m [2m[py.warnings:112, db3cfb97005b, rank=0][0m /opt/conda/lib/python3.12/site-packages/olmo_core/nn/transformer/model.py:838: UserWarning: called a synchronizing CUDA operation (Triggered internally at /pytorch/c10/cuda/CUDAFunctions.cpp:162.)
2026-09-15T04:08:25.224Z   0, flat, emb.reshape(B * T, D)[is_ctx.reshape(-1)]
2026-09-15T04:08:25.224Z 
2026-09-15T04:08:25.232Z [2;36m[2026-09-15 04:08:25][0m [33mWARNING [0m [2m[py.warnings:112, db3cfb97005b, rank=0][0m /opt/conda/lib/python3.12/site-packages/olmo_core/nn/pooled_soft_token.py:173: UserWarning: called a synchronizing CUDA operation (Triggered internally at /pytorch/c10/cuda/CUDAFunctions.cpp:162.)
2026-09-15T04:08:25.232Z   kept_idx = kept_tok.nonzero(as_tuple=True)[0]
2026-09-15T04:08:25.232Z 
2026-09-15T04:08:25.233Z [2;36m[2026-09-15 04:08:25][0m [33mWARNING [0m [2m[py.warnings:112, db3cfb97005b, rank=0][0m /opt/conda/lib/python3.12/site-packages/olmo_core/nn/pooled_soft_token.py:179: UserWarning: called a synchronizing CUDA operation (Triggered internally at /pytorch/c10/cuda/CUDAFunctions.cpp:162.)
2026-09-15T04:08:25.233Z   if is_ctx.any():
2026-09-15T04:08:25.233Z 
2026-09-15T04:08:25.233Z [2;36m[2026-09-15 04:08:25][0m [33mWARNING [0m [2m[py.warnings:112, db3cfb97005b, rank=1][0m /opt/conda/lib/python3.12/site-packages/olmo_core/nn/pooled_soft_token.py:173: UserWarning: called a synchronizing CUDA operation (Triggered internally at /pytorch/c10/cuda/CUDAFunctions.cpp:162.)
2026-09-15T04:08:25.233Z   kept_idx = kept_tok.nonzero(as_tuple=True)[0]
2026-09-15T04:08:25.233Z 
2026-09-15T04:08:25.233Z [2;36m[2026-09-15 04:08:25][0m [33mWARNING [0m [2m[py.warnings:112, db3cfb97005b, rank=0][0m /opt/conda/lib/python3.12/site-packages/olmo_core/nn/pooled_soft_token.py:180: UserWarning: called a synchronizing CUDA operation (Triggered internally at /pytorch/c10/cuda/CUDAFunctions.cpp:162.)
2026-09-15T04:08:25.233Z   d_ix = c[is_ctx]
2026-09-15T04:08:25.233Z 
2026-09-15T04:08:25.233Z [2;36m[2026-09-15 04:08:25][0m [33mWARNING [0m [2m[py.warnings:112, db3cfb97005b, rank=1][0m /opt/conda/lib/python3.12/site-packages/olmo_core/nn/pooled_soft_token.py:179: UserWarning: called a synchronizing CUDA operation (Triggered internally at /pytorch/c10/cuda/CUDAFunctions.cpp:162.)
2026-09-15T04:08:25.233Z   if is_ctx.any():
2026-09-15T04:08:25.233Z 
2026-09-15T04:08:25.234Z [2;36m[2026-09-15 04:08:25][0m [33mWARNING [0m [2m[py.warnings:112, db3cfb97005b, rank=0][0m /opt/conda/lib/python3.12/site-packages/olmo_core/nn/pooled_soft_token.py:181: UserWarning: called a synchronizing CUDA operation (Triggered internally at /pytorch/c10/cuda/CUDAFunctions.cpp:162.)
2026-09-15T04:08:25.234Z   pos_ix = is_ctx.nonzero(as_tuple=True)[0]
2026-09-15T04:08:25.234Z 
2026-09-15T04:08:25.234Z [2;36m[2026-09-15 04:08:25][0m [33mWARNING [0m [2m[py.warnings:112, db3cfb97005b, rank=1][0m /opt/conda/lib/python3.12/site-packages/olmo_core/nn/pooled_soft_token.py:180: UserWarning: called a synchronizing CUDA operation (Triggered internally at /pytorch/c10/cuda/CUDAFunctions.cpp:162.)
2026-09-15T04:08:25.234Z   d_ix = c[is_ctx]
2026-09-15T04:08:25.234Z 
2026-09-15T04:08:25.234Z [2;36m[2026-09-15 04:08:25][0m [33mWARNING [0m [2m[py.warnings:112, db3cfb97005b, rank=1][0m /opt/conda/lib/python3.12/site-packages/olmo_core/nn/pooled_soft_token.py:181: UserWarning: called a synchronizing CUDA operation (Triggered internally at /pytorch/c10/cuda/CUDAFunctions.cpp:162.)
2026-09-15T04:08:25.234Z   pos_ix = is_ctx.nonzero(as_tuple=True)[0]
2026-09-15T04:08:25.234Z 
2026-09-15T04:08:25.234Z [2;36m[2026-09-15 04:08:25][0m [33mWARNING [0m [2m[py.warnings:112, db3cfb97005b, rank=0][0m /opt/conda/lib/python3.12/site-packages/olmo_core/nn/pooled_soft_token.py:186: UserWarning: called a synchronizing CUDA operation (Triggered internally at /pytorch/c10/cuda/CUDAFunctions.cpp:162.)
2026-09-15T04:08:25.234Z   pooled_docs = pooled.nonzero(as_tuple=True)[0]
2026-09-15T04:08:25.234Z 
2026-09-15T04:08:25.235Z [2;36m[2026-09-15 04:08:25][0m [33mWARNING [0m [2m[py.warnings:112, db3cfb97005b, rank=1][0m /opt/conda/lib/python3.12/site-packages/olmo_core/nn/pooled_soft_token.py:186: UserWarning: called a synchronizing CUDA operation (Triggered internally at /pytorch/c10/cuda/CUDAFunctions.cpp:162.)
2026-09-15T04:08:25.235Z   pooled_docs = pooled.nonzero(as_tuple=True)[0]
2026-09-15T04:08:25.235Z 
2026-09-15T04:08:25.235Z [2;36m[2026-09-15 04:08:25][0m [33mWARNING [0m [2m[py.warnings:112, db3cfb97005b, rank=0][0m /opt/conda/lib/python3.12/site-packages/olmo_core/nn/pooled_soft_token.py:217: UserWarning: called a synchronizing CUDA operation (Triggered internally at /pytorch/c10/cuda/CUDAFunctions.cpp:162.)
2026-09-15T04:08:25.235Z   doc_len = torch.bincount(c[is_ctx], minlength=n_docs) if is_ctx.any() else torch.zeros(n_docs, dtype=torch.long, device=device)
2026-09-15T04:08:25.235Z 
2026-09-15T04:08:25.236Z [2;36m[2026-09-15 04:08:25][0m [33mWARNING [0m [2m[py.warnings:112, db3cfb97005b, rank=1][0m /opt/conda/lib/python3.12/site-packages/olmo_core/nn/pooled_soft_token.py:217: UserWarning: called a synchronizing CUDA operation (Triggered internally at /pytorch/c10/cuda/CUDAFunctions.cpp:162.)
2026-09-15T04:08:25.236Z   doc_len = torch.bincount(c[is_ctx], minlength=n_docs) if is_ctx.any() else torch.zeros(n_docs, dtype=torch.long, device=device)
2026-09-15T04:08:25.236Z 
2026-09-15T04:08:25.236Z [2;36m[2026-09-15 04:08:25][0m [33mWARNING [0m [2m[py.warnings:112, db3cfb97005b, rank=0][0m /opt/conda/lib/python3.12/site-packages/olmo_core/nn/pooled_soft_token.py:222: UserWarning: called a synchronizing CUDA operation (Triggered internally at /pytorch/c10/cuda/CUDAFunctions.cpp:162.)
2026-09-15T04:08:25.236Z   soft_cols_b = soft_mask.nonzero(as_tuple=True)[0]
2026-09-15T04:08:25.236Z 
2026-09-15T04:08:25.236Z [2;36m[2026-09-15 04:08:25][0m [33mWARNING [0m [2m[py.warnings:112, db3cfb97005b, rank=1][0m /opt/conda/lib/python3.12/site-packages/olmo_core/nn/pooled_soft_token.py:222: UserWarning: called a synchronizing CUDA operation (Triggered internally at /pytorch/c10/cuda/CUDAFunctions.cpp:162.)
2026-09-15T04:08:25.236Z   soft_cols_b = soft_mask.nonzero(as_tuple=True)[0]
2026-09-15T04:08:25.236Z 
2026-09-15T04:08:25.237Z [2;36m[2026-09-15 04:08:25][0m [33mWARNING [0m [2m[py.warnings:112, db3cfb97005b, rank=1][0m /opt/conda/lib/python3.12/site-packages/olmo_core/nn/pooled_soft_token.py:226: UserWarning: called a synchronizing CUDA operation (Triggered internally at /pytorch/c10/cuda/CUDAFunctions.cpp:162.)
2026-09-15T04:08:25.237Z   cols_l = soft_cols_b.tolist()
2026-09-15T04:08:25.237Z 
2026-09-15T04:08:25.237Z [2;36m[2026-09-15 04:08:25][0m [33mWARNING [0m [2m[py.warnings:112, db3cfb97005b, rank=0][0m /opt/conda/lib/python3.12/site-packages/olmo_core/nn/pooled_soft_token.py:226: UserWarning: called a synchronizing CUDA operation (Triggered internally at /pytorch/c10/cuda/CUDAFunctions.cpp:162.)
2026-09-15T04:08:25.237Z   cols_l = soft_cols_b.tolist()
2026-09-15T04:08:25.237Z 
2026-09-15T04:08:25.237Z [2;36m[2026-09-15 04:08:25][0m [33mWARNING [0m [2m[py.warnings:112, db3cfb97005b, rank=1][0m /opt/conda/lib/python3.12/site-packages/olmo_core/nn/pooled_soft_token.py:229: UserWarning: called a synchronizing CUDA operation (Triggered internally at /pytorch/c10/cuda/CUDAFunctions.cpp:162.)
2026-09-15T04:08:25.237Z   soft_docs += docs_b.tolist()
2026-09-15T04:08:25.237Z 
2026-09-15T04:08:25.237Z [2;36m[2026-09-15 04:08:25][0m [33mWARNING [0m [2m[py.warnings:112, db3cfb97005b, rank=0][0m /opt/conda/lib/python3.12/site-packages/olmo_core/nn/pooled_soft_token.py:229: UserWarning: called a synchronizing CUDA operation (Triggered internally at /pytorch/c10/cuda/CUDAFunctions.cpp:162.)
2026-09-15T04:08:25.237Z   soft_docs += docs_b.tolist()
2026-09-15T04:08:25.237Z 
2026-09-15T04:08:25.237Z [2;36m[2026-09-15 04:08:25][0m [33mWARNING [0m [2m[py.warnings:112, db3cfb97005b, rank=1][0m /opt/conda/lib/python3.12/site-packages/olmo_core/nn/pooled_soft_token.py:230: UserWarning: called a synchronizing CUDA operation (Triggered internally at /pytorch/c10/cuda/CUDAFunctions.cpp:162.)
2026-09-15T04:08:25.237Z   soft_log_len += lens_b.tolist()
2026-09-15T04:08:25.237Z 
2026-09-15T04:08:25.237Z [2;36m[2026-09-15 04:08:25][0m [33mWARNING [0m [2m[py.warnings:112, db3cfb97005b, rank=0][0m /opt/conda/lib/python3.12/site-packages/olmo_core/nn/pooled_soft_token.py:230: UserWarning: called a synchronizing CUDA operation (Triggered internally at /pytorch/c10/cuda/CUDAFunctions.cpp:162.)
2026-09-15T04:08:25.237Z   soft_log_len += lens_b.tolist()
2026-09-15T04:08:25.237Z 
2026-09-15T04:08:25.239Z [2;36m[2026-09-15 04:08:25][0m [33mWARNING [0m [2m[py.warnings:112, db3cfb97005b, rank=1][0m /opt/conda/lib/python3.12/site-packages/olmo_core/nn/pooled_soft_token.py:280: UserWarning: called a synchronizing CUDA operation (Triggered internally at /pytorch/c10/cuda/CUDAFunctions.cpp:162.)
2026-09-15T04:08:25.239Z   row_lens[b] = L
2026-09-15T04:08:25.239Z 
2026-09-15T04:08:25.239Z [2;36m[2026-09-15 04:08:25][0m [33mWARNING [0m [2m[py.warnings:112, db3cfb97005b, rank=1][0m /opt/conda/lib/python3.12/site-packages/olmo_core/nn/pooled_soft_token.py:297: UserWarning: called a synchronizing CUDA operation (Triggered internally at /pytorch/c10/cuda/CUDAFunctions.cpp:162.)
2026-09-15T04:08:25.239Z   soft_rows=torch.tensor(soft_rows, dtype=torch.long, device=device),
2026-09-15T04:08:25.239Z 
2026-09-15T04:08:25.240Z [2;36m[2026-09-15 04:08:25][0m [33mWARNING [0m [2m[py.warnings:112, db3cfb97005b, rank=0][0m /opt/conda/lib/python3.12/site-packages/olmo_core/nn/pooled_soft_token.py:280: UserWarning: called a synchronizing CUDA operation (Triggered internally at /pytorch/c10/cuda/CUDAFunctions.cpp:162.)
2026-09-15T04:08:25.240Z   row_lens[b] = L
2026-09-15T04:08:25.240Z 
2026-09-15T04:08:25.240Z [2;36m[2026-09-15 04:08:25][0m [33mWARNING [0m [2m[py.warnings:112, db3cfb97005b, rank=1][0m /opt/conda/lib/python3.12/site-packages/olmo_core/nn/pooled_soft_token.py:298: UserWarning: called a synchronizing CUDA operation (Triggered internally at /pytorch/c10/cuda/CUDAFunctions.cpp:162.)
2026-09-15T04:08:25.240Z   soft_cols=torch.tensor(soft_cols, dtype=torch.long, device=device),
2026-09-15T04:08:25.240Z 
2026-09-15T04:08:25.240Z [2;36m[2026-09-15 04:08:25][0m [33mWARNING [0m [2m[py.warnings:112, db3cfb97005b, rank=1][0m /opt/conda/lib/python3.12/site-packages/olmo_core/nn/pooled_soft_token.py:299: UserWarning: called a synchronizing CUDA operation (Triggered internally at /pytorch/c10/cuda/CUDAFunctions.cpp:162.)
2026-09-15T04:08:25.240Z   soft_docs=torch.tensor(soft_docs, dtype=torch.long, device=device),
2026-09-15T04:08:25.240Z 
2026-09-15T04:08:25.240Z [2;36m[2026-09-15 04:08:25][0m [33mWARNING [0m [2m[py.warnings:112, db3cfb97005b, rank=0][0m /opt/conda/lib/python3.12/site-packages/olmo_core/nn/pooled_soft_token.py:297: UserWarning: called a synchronizing CUDA operation (Triggered internally at /pytorch/c10/cuda/CUDAFunctions.cpp:162.)
2026-09-15T04:08:25.240Z   soft_rows=torch.tensor(soft_rows, dtype=torch.long, device=device),
2026-09-15T04:08:25.240Z 
2026-09-15T04:08:25.240Z [2;36m[2026-09-15 04:08:25][0m [33mWARNING [0m [2m[py.warnings:112, db3cfb97005b, rank=1][0m /opt/conda/lib/python3.12/site-packages/olmo_core/nn/pooled_soft_token.py:301: UserWarning: called a synchronizing CUDA operation (Triggered internally at /pytorch/c10/cuda/CUDAFunctions.cpp:162.)
2026-09-15T04:08:25.240Z   soft_log_len=torch.tensor(soft_log_len, dtype=torch.float32, device=device),
2026-09-15T04:08:25.240Z 
2026-09-15T04:08:25.241Z [2;36m[2026-09-15 04:08:25][0m [33mWARNING [0m [2m[py.warnings:112, db3cfb97005b, rank=0][0m /opt/conda/lib/python3.12/site-packages/olmo_core/nn/pooled_soft_token.py:298: UserWarning: called a synchronizing CUDA operation (Triggered internally at /pytorch/c10/cuda/CUDAFunctions.cpp:162.)
2026-09-15T04:08:25.241Z   soft_cols=torch.tensor(soft_cols, dtype=torch.long, device=device),
2026-09-15T04:08:25.241Z 
2026-09-15T04:08:25.241Z [2;36m[2026-09-15 04:08:25][0m [33mWARNING [0m [2m[py.warnings:112, db3cfb97005b, rank=1][0m /opt/conda/lib/python3.12/site-packages/olmo_core/nn/transformer/model.py:1502: UserWarning: called a synchronizing CUDA operation (Triggered internally at /pytorch/c10/cuda/CUDAFunctions.cpp:162.)
2026-09-15T04:08:25.241Z   kv_grad_mask[cb.soft_rows, cb.soft_cols] = False
2026-09-15T04:08:25.241Z 
2026-09-15T04:08:25.241Z [2;36m[2026-09-15 04:08:25][0m [33mWARNING [0m [2m[py.warnings:112, db3cfb97005b, rank=0][0m /opt/conda/lib/python3.12/site-packages/olmo_core/nn/pooled_soft_token.py:299: UserWarning: called a synchronizing CUDA operation (Triggered internally at /pytorch/c10/cuda/CUDAFunctions.cpp:162.)
2026-09-15T04:08:25.241Z   soft_docs=torch.tensor(soft_docs, dtype=torch.long, device=device),
2026-09-15T04:08:25.241Z 
2026-09-15T04:08:25.242Z [2;36m[2026-09-15 04:08:25][0m [33mWARNING [0m [2m[py.warnings:112, db3cfb97005b, rank=0][0m /opt/conda/lib/python3.12/site-packages/olmo_core/nn/pooled_soft_token.py:301: UserWarning: called a synchronizing CUDA operation (Triggered internally at /pytorch/c10/cuda/CUDAFunctions.cpp:162.)
2026-09-15T04:08:25.242Z   soft_log_len=torch.tensor(soft_log_len, dtype=torch.float32, device=device),
2026-09-15T04:08:25.242Z 
2026-09-15T04:08:25.242Z [2;36m[2026-09-15 04:08:25][0m [33mWARNING [0m [2m[py.warnings:112, db3cfb97005b, rank=0][0m /opt/conda/lib/python3.12/site-packages/olmo_core/nn/transformer/model.py:1502: UserWarning: called a synchronizing CUDA operation (Triggered internally at /pytorch/c10/cuda/CUDAFunctions.cpp:162.)
2026-09-15T04:08:25.242Z   kv_grad_mask[cb.soft_rows, cb.soft_cols] = False
2026-09-15T04:08:25.242Z 
2026-09-15T04:08:25.438Z [2;36m[2026-09-15 04:08:25][0m [33mWARNING [0m [2m[py.warnings:112, db3cfb97005b, rank=0][0m /opt/conda/lib/python3.12/site-packages/liger_kernel/ops/fused_linear_cross_entropy.py:75: UserWarning: called a synchronizing CUDA operation (Triggered internally at /pytorch/c10/cuda/CUDAFunctions.cpp:162.)
2026-09-15T04:08:25.438Z   total_n_non_ignore = target_mask.sum().item()
2026-09-15T04:08:25.438Z 
2026-09-15T04:08:25.440Z [2;36m[2026-09-15 04:08:25][0m [33mWARNING [0m [2m[py.warnings:112, db3cfb97005b, rank=1][0m /opt/conda/lib/python3.12/site-packages/liger_kernel/ops/fused_linear_cross_entropy.py:75: UserWarning: called a synchronizing CUDA operation (Triggered internally at /pytorch/c10/cuda/CUDAFunctions.cpp:162.)
2026-09-15T04:08:25.440Z   total_n_non_ignore = target_mask.sum().item()
2026-09-15T04:08:25.440Z 
2026-09-15T04:08:26.302Z [2;36m[2026-09-15 04:08:26][0m [33mWARNING [0m [2m[py.warnings:112, db3cfb97005b, rank=0][0m /opt/conda/lib/python3.12/site-packages/liger_kernel/ops/fused_linear_cross_entropy.py:233: UserWarning: called a synchronizing CUDA operation (Triggered internally at /pytorch/c10/cuda/CUDAFunctions.cpp:162.)
2026-09-15T04:08:26.302Z   if not torch.equal(grad_output, torch.tensor(1.0, device=grad_output.device)):
2026-09-15T04:08:26.302Z 
2026-09-15T04:08:26.363Z [2;36m[2026-09-15 04:08:26][0m [33mWARNING [0m [2m[py.warnings:112, db3cfb97005b, rank=1][0m /opt/conda/lib/python3.12/site-packages/liger_kernel/ops/fused_linear_cross_entropy.py:233: UserWarning: called a synchronizing CUDA operation (Triggered internally at /pytorch/c10/cuda/CUDAFunctions.cpp:162.)
2026-09-15T04:08:26.363Z   if not torch.equal(grad_output, torch.tensor(1.0, device=grad_output.device)):
2026-09-15T04:08:26.363Z 
2026-09-15T04:08:27.024Z [2;36m[2026-09-15 04:08:27][0m [33mWARNING [0m [2m[py.warnings:112, db3cfb97005b, rank=0][0m /opt/conda/lib/python3.12/site-packages/torch/autograd/graph.py:841: UserWarning: called a synchronizing CUDA operation (Triggered internally at /pytorch/c10/cuda/CUDAFunctions.cpp:162.)
2026-09-15T04:08:27.024Z   return Variable._execution_engine.run_backward(  # Calls into the C++ engine to run the backward pass
2026-09-15T04:08:27.024Z 
2026-09-15T04:08:27.026Z [2;36m[2026-09-15 04:08:27][0m [33mWARNING [0m [2m[py.warnings:112, db3cfb97005b, rank=1][0m /opt/conda/lib/python3.12/site-packages/torch/autograd/graph.py:841: UserWarning: called a synchronizing CUDA operation (Triggered internally at /pytorch/c10/cuda/CUDAFunctions.cpp:162.)
2026-09-15T04:08:27.026Z   return Variable._execution_engine.run_backward(  # Calls into the C++ engine to run the backward pass
2026-09-15T04:08:27.026Z 
2026-09-15T04:08:27.030Z [2;36m[2026-09-15 04:08:27][0m [33mWARNING [0m [2m[py.warnings:112, db3cfb97005b, rank=0][0m /opt/conda/lib/python3.12/site-packages/torch/distributed/utils.py:106: UserWarning: called a synchronizing CUDA operation (Triggered internally at /pytorch/c10/cuda/CUDAFunctions.cpp:162.)
2026-09-15T04:08:27.030Z   return (obj.to(target_device),)
2026-09-15T04:08:27.031Z 
2026-09-15T04:08:27.038Z [2;36m[2026-09-15 04:08:27][0m [33mWARNING [0m [2m[py.warnings:112, db3cfb97005b, rank=1][0m /opt/conda/lib/python3.12/site-packages/olmo_core/nn/transformer/model.py:777: UserWarning: called a synchronizing CUDA operation (Triggered internally at /pytorch/c10/cuda/CUDAFunctions.cpp:162.)
2026-09-15T04:08:27.038Z   n_docs = int(chunk_ids.max().item()) + 1
2026-09-15T04:08:27.038Z 
2026-09-15T04:08:27.038Z [2;36m[2026-09-15 04:08:27][0m [33mWARNING [0m [2m[py.warnings:112, db3cfb97005b, rank=0][0m /opt/conda/lib/python3.12/site-packages/olmo_core/nn/transformer/model.py:777: UserWarning: called a synchronizing CUDA operation (Triggered internally at /pytorch/c10/cuda/CUDAFunctions.cpp:162.)
2026-09-15T04:08:27.038Z   n_docs = int(chunk_ids.max().item()) + 1
2026-09-15T04:08:27.038Z 
2026-09-15T04:08:27.047Z [2;36m[2026-09-15 04:08:27][0m [33mWARNING [0m [2m[py.warnings:112, db3cfb97005b, rank=0][0m /opt/conda/lib/python3.12/site-packages/olmo_core/nn/transformer/model.py:834: UserWarning: called a synchronizing CUDA operation (Triggered internally at /pytorch/c10/cuda/CUDAFunctions.cpp:162.)
2026-09-15T04:08:27.047Z   flat = (torch.arange(B, device=emb.device)[:, None] * n_docs + cid.clamp(min=0)).reshape(
2026-09-15T04:08:27.047Z 
2026-09-15T04:08:27.047Z [2;36m[2026-09-15 04:08:27][0m [33mWARNING [0m [2m[py.warnings:112, db3cfb97005b, rank=0][0m /opt/conda/lib/python3.12/site-packages/olmo_core/nn/transformer/model.py:838: UserWarning: called a synchronizing CUDA operation (Triggered internally at /pytorch/c10/cuda/CUDAFunctions.cpp:162.)
2026-09-15T04:08:27.047Z   0, flat, emb.reshape(B * T, D)[is_ctx.reshape(-1)]
2026-09-15T04:08:27.047Z 
2026-09-15T04:08:27.055Z [2;36m[2026-09-15 04:08:27][0m [33mWARNING [0m [2m[py.warnings:112, db3cfb97005b, rank=0][0m /opt/conda/lib/python3.12/site-packages/olmo_core/nn/pooled_soft_token.py:173: UserWarning: called a synchronizing CUDA operation (Triggered internally at /pytorch/c10/cuda/CUDAFunctions.cpp:162.)
2026-09-15T04:08:27.055Z   kept_idx = kept_tok.nonzero(as_tuple=True)[0]
2026-09-15T04:08:27.055Z 
2026-09-15T04:08:27.056Z [2;36m[2026-09-15 04:08:27][0m [33mWARNING [0m [2m[py.warnings:112, db3cfb97005b, rank=0][0m /opt/conda/lib/python3.12/site-packages/olmo_core/nn/pooled_soft_token.py:179: UserWarning: called a synchronizing CUDA operation (Triggered internally at /pytorch/c10/cuda/CUDAFunctions.cpp:162.)
2026-09-15T04:08:27.056Z   if is_ctx.any():
2026-09-15T04:08:27.056Z 
2026-09-15T04:08:27.056Z [2;36m[2026-09-15 04:08:27][0m [33mWARNING [0m [2m[py.warnings:112, db3cfb97005b, rank=0][0m /opt/conda/lib/python3.12/site-packages/olmo_core/nn/pooled_soft_token.py:180: UserWarning: called a synchronizing CUDA operation (Triggered internally at /pytorch/c10/cuda/CUDAFunctions.cpp:162.)
2026-09-15T04:08:27.056Z   d_ix = c[is_ctx]
2026-09-15T04:08:27.056Z 
2026-09-15T04:08:27.057Z [2;36m[2026-09-15 04:08:27][0m [33mWARNING [0m [2m[py.warnings:112, db3cfb97005b, rank=0][0m /opt/conda/lib/python3.12/site-packages/olmo_core/nn/pooled_soft_token.py:181: UserWarning: called a synchronizing CUDA operation (Triggered internally at /pytorch/c10/cuda/CUDAFunctions.cpp:162.)
2026-09-15T04:08:27.057Z   pos_ix = is_ctx.nonzero(as_tuple=True)[0]
2026-09-15T04:08:27.057Z 
2026-09-15T04:08:27.057Z [2;36m[2026-09-15 04:08:27][0m [33mWARNING [0m [2m[py.warnings:112, db3cfb97005b, rank=0][0m /opt/conda/lib/python3.12/site-packages/olmo_core/nn/pooled_soft_token.py:186: UserWarning: called a synchronizing CUDA operation (Triggered internally at /pytorch/c10/cuda/CUDAFunctions.cpp:162.)
2026-09-15T04:08:27.057Z   pooled_docs = pooled.nonzero(as_tuple=True)[0]
2026-09-15T04:08:27.057Z 
2026-09-15T04:08:27.058Z [2;36m[2026-09-15 04:08:27][0m [33mWARNING [0m [2m[py.warnings:112, db3cfb97005b, rank=0][0m /opt/conda/lib/python3.12/site-packages/olmo_core/nn/pooled_soft_token.py:217: UserWarning: called a synchronizing CUDA operation (Triggered internally at /pytorch/c10/cuda/CUDAFunctions.cpp:162.)
2026-09-15T04:08:27.058Z   doc_len = torch.bincount(c[is_ctx], minlength=n_docs) if is_ctx.any() else torch.zeros(n_docs, dtype=torch.long, device=device)
2026-09-15T04:08:27.058Z 
2026-09-15T04:08:27.059Z [2;36m[2026-09-15 04:08:27][0m [33mWARNING [0m [2m[py.warnings:112, db3cfb97005b, rank=0][0m /opt/conda/lib/python3.12/site-packages/olmo_core/nn/pooled_soft_token.py:222: UserWarning: called a synchronizing CUDA operation (Triggered internally at /pytorch/c10/cuda/CUDAFunctions.cpp:162.)
2026-09-15T04:08:27.059Z   soft_cols_b = soft_mask.nonzero(as_tuple=True)[0]
2026-09-15T04:08:27.059Z 
2026-09-15T04:08:27.060Z [2;36m[2026-09-15 04:08:27][0m [33mWARNING [0m [2m[py.warnings:112, db3cfb97005b, rank=0][0m /opt/conda/lib/python3.12/site-packages/olmo_core/nn/pooled_soft_token.py:226: UserWarning: called a synchronizing CUDA operation (Triggered internally at /pytorch/c10/cuda/CUDAFunctions.cpp:162.)
2026-09-15T04:08:27.060Z   cols_l = soft_cols_b.tolist()
2026-09-15T04:08:27.060Z 
2026-09-15T04:08:27.060Z [2;36m[2026-09-15 04:08:27][0m [33mWARNING [0m [2m[py.warnings:112, db3cfb97005b, rank=0][0m /opt/conda/lib/python3.12/site-packages/olmo_core/nn/pooled_soft_token.py:229: UserWarning: called a synchronizing CUDA operation (Triggered internally at /pytorch/c10/cuda/CUDAFunctions.cpp:162.)
2026-09-15T04:08:27.060Z   soft_docs += docs_b.tolist()
2026-09-15T04:08:27.060Z 
2026-09-15T04:08:27.061Z [2;36m[2026-09-15 04:08:27][0m [33mWARNING [0m [2m[py.warnings:112, db3cfb97005b, rank=0][0m /opt/conda/lib/python3.12/site-packages/olmo_core/nn/pooled_soft_token.py:230: UserWarning: called a synchronizing CUDA operation (Triggered internally at /pytorch/c10/cuda/CUDAFunctions.cpp:162.)
2026-09-15T04:08:27.061Z   soft_log_len += lens_b.tolist()
2026-09-15T04:08:27.061Z 
2026-09-15T04:08:27.063Z [2;36m[2026-09-15 04:08:27][0m [33mWARNING [0m [2m[py.warnings:112, db3cfb97005b, rank=0][0m /opt/conda/lib/python3.12/site-packages/olmo_core/nn/pooled_soft_token.py:280: UserWarning: called a synchronizing CUDA operation (Triggered internally at /pytorch/c10/cuda/CUDAFunctions.cpp:162.)
2026-09-15T04:08:27.063Z   row_lens[b] = L
2026-09-15T04:08:27.063Z 
2026-09-15T04:08:27.064Z [2;36m[2026-09-15 04:08:27][0m [33mWARNING [0m [2m[py.warnings:112, db3cfb97005b, rank=0][0m /opt/conda/lib/python3.12/site-packages/olmo_core/nn/pooled_soft_token.py:297: UserWarning: called a synchronizing CUDA operation (Triggered internally at /pytorch/c10/cuda/CUDAFunctions.cpp:162.)
2026-09-15T04:08:27.064Z   soft_rows=torch.tensor(soft_rows, dtype=torch.long, device=device),
2026-09-15T04:08:27.064Z 
2026-09-15T04:08:27.064Z [2;36m[2026-09-15 04:08:27][0m [33mWARNING [0m [2m[py.warnings:112, db3cfb97005b, rank=0][0m /opt/conda/lib/python3.12/site-packages/olmo_core/nn/pooled_soft_token.py:298: UserWarning: called a synchronizing CUDA operation (Triggered internally at /pytorch/c10/cuda/CUDAFunctions.cpp:162.)
2026-09-15T04:08:27.064Z   soft_cols=torch.tensor(soft_cols, dtype=torch.long, device=device),
2026-09-15T04:08:27.064Z 
2026-09-15T04:08:27.064Z [2;36m[2026-09-15 04:08:27][0m [33mWARNING [0m [2m[py.warnings:112, db3cfb97005b, rank=0][0m /opt/conda/lib/python3.12/site-packages/olmo_core/nn/pooled_soft_token.py:299: UserWarning: called a synchronizing CUDA operation (Triggered internally at /pytorch/c10/cuda/CUDAFunctions.cpp:162.)
2026-09-15T04:08:27.064Z   soft_docs=torch.tensor(soft_docs, dtype=torch.long, device=device),
2026-09-15T04:08:27.064Z 
2026-09-15T04:08:27.065Z [2;36m[2026-09-15 04:08:27][0m [33mWARNING [0m [2m[py.warnings:112, db3cfb97005b, rank=0][0m /opt/conda/lib/python3.12/site-packages/olmo_core/nn/pooled_soft_token.py:301: UserWarning: called a synchronizing CUDA operation (Triggered internally at /pytorch/c10/cuda/CUDAFunctions.cpp:162.)
2026-09-15T04:08:27.065Z   soft_log_len=torch.tensor(soft_log_len, dtype=torch.float32, device=device),
2026-09-15T04:08:27.065Z 
2026-09-15T04:08:27.066Z [2;36m[2026-09-15 04:08:27][0m [33mWARNING [0m [2m[py.warnings:112, db3cfb97005b, rank=0][0m /opt/conda/lib/python3.12/site-packages/olmo_core/nn/transformer/model.py:1502: UserWarning: called a synchronizing CUDA operation (Triggered internally at /pytorch/c10/cuda/CUDAFunctions.cpp:162.)
2026-09-15T04:08:27.066Z   kv_grad_mask[cb.soft_rows, cb.soft_cols] = False
2026-09-15T04:08:27.066Z 
2026-09-15T04:08:46.271Z [2;36m[2026-09-15 04:08:46][0m [33mWARNING [0m [2m[py.warnings:112, db3cfb97005b, rank=1][0m /opt/conda/lib/python3.12/site-packages/liger_kernel/ops/fused_linear_cross_entropy.py:75: UserWarning: called a synchronizing CUDA operation (Triggered internally at /pytorch/c10/cuda/CUDAFunctions.cpp:162.)
2026-09-15T04:08:46.271Z   total_n_non_ignore = target_mask.sum().item()
2026-09-15T04:08:46.271Z 
2026-09-15T04:08:46.272Z [2;36m[2026-09-15 04:08:46][0m [33mWARNING [0m [2m[py.warnings:112, db3cfb97005b, rank=0][0m /opt/conda/lib/python3.12/site-packages/liger_kernel/ops/fused_linear_cross_entropy.py:75: UserWarning: called a synchronizing CUDA operation (Triggered internally at /pytorch/c10/cuda/CUDAFunctions.cpp:162.)
2026-09-15T04:08:46.272Z   total_n_non_ignore = target_mask.sum().item()
2026-09-15T04:08:46.272Z 
2026-09-15T04:08:46.885Z [2;36m[2026-09-15 04:08:46][0m [33mWARNING [0m [2m[py.warnings:112, db3cfb97005b, rank=1][0m /opt/conda/lib/python3.12/site-packages/liger_kernel/ops/fused_linear_cross_entropy.py:233: UserWarning: called a synchronizing CUDA operation (Triggered internally at /pytorch/c10/cuda/CUDAFunctions.cpp:162.)
2026-09-15T04:08:46.885Z   if not torch.equal(grad_output, torch.tensor(1.0, device=grad_output.device)):
2026-09-15T04:08:46.885Z 
2026-09-15T04:08:47.047Z [2;36m[2026-09-15 04:08:47][0m [33mWARNING [0m [2m[py.warnings:112, db3cfb97005b, rank=0][0m /opt/conda/lib/python3.12/site-packages/liger_kernel/ops/fused_linear_cross_entropy.py:233: UserWarning: called a synchronizing CUDA operation (Triggered internally at /pytorch/c10/cuda/CUDAFunctions.cpp:162.)
2026-09-15T04:08:47.047Z   if not torch.equal(grad_output, torch.tensor(1.0, device=grad_output.device)):
2026-09-15T04:08:47.047Z 
2026-09-15T04:09:14.689Z [2;36m[2026-09-15 04:09:14][0m [33mWARNING [0m [2m[py.warnings:112, db3cfb97005b, rank=1][0m /opt/conda/lib/python3.12/site-packages/torch/autograd/graph.py:841: UserWarning: called a synchronizing CUDA operation (Triggered internally at /pytorch/c10/cuda/CUDAFunctions.cpp:162.)
2026-09-15T04:09:14.689Z   return Variable._execution_engine.run_backward(  # Calls into the C++ engine to run the backward pass
2026-09-15T04:09:14.689Z 
2026-09-15T04:09:14.695Z [2;36m[2026-09-15 04:09:14][0m [33mWARNING [0m [2m[py.warnings:112, db3cfb97005b, rank=1][0m /opt/conda/lib/python3.12/site-packages/torch/distributed/utils.py:106: UserWarning: called a synchronizing CUDA operation (Triggered internally at /pytorch/c10/cuda/CUDAFunctions.cpp:162.)
2026-09-15T04:09:14.695Z   return (obj.to(target_device),)
2026-09-15T04:09:14.695Z 
2026-09-15T04:09:14.707Z [2;36m[2026-09-15 04:09:14][0m [33mWARNING [0m [2m[py.warnings:112, db3cfb97005b, rank=1][0m /opt/conda/lib/python3.12/site-packages/olmo_core/nn/transformer/model.py:777: UserWarning: called a synchronizing CUDA operation (Triggered internally at /pytorch/c10/cuda/CUDAFunctions.cpp:162.)
2026-09-15T04:09:14.707Z   n_docs = int(chunk_ids.max().item()) + 1
2026-09-15T04:09:14.707Z 
2026-09-15T04:09:14.716Z [2;36m[2026-09-15 04:09:14][0m [33mWARNING [0m [2m[py.warnings:112, db3cfb97005b, rank=1][0m /opt/conda/lib/python3.12/site-packages/olmo_core/nn/transformer/model.py:834: UserWarning: called a synchronizing CUDA operation (Triggered internally at /pytorch/c10/cuda/CUDAFunctions.cpp:162.)
2026-09-15T04:09:14.716Z   flat = (torch.arange(B, device=emb.device)[:, None] * n_docs + cid.clamp(min=0)).reshape(
2026-09-15T04:09:14.716Z 
2026-09-15T04:09:14.716Z [2;36m[2026-09-15 04:09:14][0m [33mWARNING [0m [2m[py.warnings:112, db3cfb97005b, rank=1][0m /opt/conda/lib/python3.12/site-packages/olmo_core/nn/transformer/model.py:838: UserWarning: called a synchronizing CUDA operation (Triggered internally at /pytorch/c10/cuda/CUDAFunctions.cpp:162.)
2026-09-15T04:09:14.716Z   0, flat, emb.reshape(B * T, D)[is_ctx.reshape(-1)]
2026-09-15T04:09:14.716Z 
2026-09-15T04:09:14.725Z [2;36m[2026-09-15 04:09:14][0m [33mWARNING [0m [2m[py.warnings:112, db3cfb97005b, rank=1][0m /opt/conda/lib/python3.12/site-packages/olmo_core/nn/pooled_soft_token.py:173: UserWarning: called a synchronizing CUDA operation (Triggered internally at /pytorch/c10/cuda/CUDAFunctions.cpp:162.)
2026-09-15T04:09:14.725Z   kept_idx = kept_tok.nonzero(as_tuple=True)[0]
2026-09-15T04:09:14.725Z 
2026-09-15T04:09:14.726Z [2;36m[2026-09-15 04:09:14][0m [33mWARNING [0m [2m[py.warnings:112, db3cfb97005b, rank=1][0m /opt/conda/lib/python3.12/site-packages/olmo_core/nn/pooled_soft_token.py:179: UserWarning: called a synchronizing CUDA operation (Triggered internally at /pytorch/c10/cuda/CUDAFunctions.cpp:162.)
2026-09-15T04:09:14.726Z   if is_ctx.any():
2026-09-15T04:09:14.726Z 
2026-09-15T04:09:14.726Z [2;36m[2026-09-15 04:09:14][0m [33mWARNING [0m [2m[py.warnings:112, db3cfb97005b, rank=1][0m /opt/conda/lib/python3.12/site-packages/olmo_core/nn/pooled_soft_token.py:180: UserWarning: called a synchronizing CUDA operation (Triggered internally at /pytorch/c10/cuda/CUDAFunctions.cpp:162.)
2026-09-15T04:09:14.726Z   d_ix = c[is_ctx]
2026-09-15T04:09:14.726Z 
2026-09-15T04:09:14.726Z [2;36m[2026-09-15 04:09:14][0m [33mWARNING [0m [2m[py.warnings:112, db3cfb97005b, rank=1][0m /opt/conda/lib/python3.12/site-packages/olmo_core/nn/pooled_soft_token.py:181: UserWarning: called a synchronizing CUDA operation (Triggered internally at /pytorch/c10/cuda/CUDAFunctions.cpp:162.)
2026-09-15T04:09:14.726Z   pos_ix = is_ctx.nonzero(as_tuple=True)[0]
2026-09-15T04:09:14.726Z 
2026-09-15T04:09:14.727Z [2;36m[2026-09-15 04:09:14][0m [33mWARNING [0m [2m[py.warnings:112, db3cfb97005b, rank=1][0m /opt/conda/lib/python3.12/site-packages/olmo_core/nn/pooled_soft_token.py:186: UserWarning: called a synchronizing CUDA operation (Triggered internally at /pytorch/c10/cuda/CUDAFunctions.cpp:162.)
2026-09-15T04:09:14.727Z   pooled_docs = pooled.nonzero(as_tuple=True)[0]
2026-09-15T04:09:14.727Z 
2026-09-15T04:09:14.728Z [2;36m[2026-09-15 04:09:14][0m [33mWARNING [0m [2m[py.warnings:112, db3cfb97005b, rank=1][0m /opt/conda/lib/python3.12/site-packages/olmo_core/nn/pooled_soft_token.py:217: UserWarning: called a synchronizing CUDA operation (Triggered internally at /pytorch/c10/cuda/CUDAFunctions.cpp:162.)
2026-09-15T04:09:14.728Z   doc_len = torch.bincount(c[is_ctx], minlength=n_docs) if is_ctx.any() else torch.zeros(n_docs, dtype=torch.long, device=device)
2026-09-15T04:09:14.728Z 
2026-09-15T04:09:14.728Z [2;36m[2026-09-15 04:09:14][0m [33mWARNING [0m [2m[py.warnings:112, db3cfb97005b, rank=1][0m /opt/conda/lib/python3.12/site-packages/olmo_core/nn/pooled_soft_token.py:222: UserWarning: called a synchronizing CUDA operation (Triggered internally at /pytorch/c10/cuda/CUDAFunctions.cpp:162.)
2026-09-15T04:09:14.728Z   soft_cols_b = soft_mask.nonzero(as_tuple=True)[0]
2026-09-15T04:09:14.728Z 
2026-09-15T04:09:14.729Z [2;36m[2026-09-15 04:09:14][0m [33mWARNING [0m [2m[py.warnings:112, db3cfb97005b, rank=1][0m /opt/conda/lib/python3.12/site-packages/olmo_core/nn/pooled_soft_token.py:226: UserWarning: called a synchronizing CUDA operation (Triggered internally at /pytorch/c10/cuda/CUDAFunctions.cpp:162.)
2026-09-15T04:09:14.729Z   cols_l = soft_cols_b.tolist()
2026-09-15T04:09:14.729Z 
2026-09-15T04:09:14.729Z [2;36m[2026-09-15 04:09:14][0m [33mWARNING [0m [2m[py.warnings:112, db3cfb97005b, rank=1][0m /opt/conda/lib/python3.12/site-packages/olmo_core/nn/pooled_soft_token.py:229: UserWarning: called a synchronizing CUDA operation (Triggered internally at /pytorch/c10/cuda/CUDAFunctions.cpp:162.)
2026-09-15T04:09:14.729Z   soft_docs += docs_b.tolist()
2026-09-15T04:09:14.729Z 
2026-09-15T04:09:14.729Z [2;36m[2026-09-15 04:09:14][0m [33mWARNING [0m [2m[py.warnings:112, db3cfb97005b, rank=1][0m /opt/conda/lib/python3.12/site-packages/olmo_core/nn/pooled_soft_token.py:230: UserWarning: called a synchronizing CUDA operation (Triggered internally at /pytorch/c10/cuda/CUDAFunctions.cpp:162.)
2026-09-15T04:09:14.729Z   soft_log_len += lens_b.tolist()
2026-09-15T04:09:14.729Z 
2026-09-15T04:09:14.731Z [2;36m[2026-09-15 04:09:14][0m [33mWARNING [0m [2m[py.warnings:112, db3cfb97005b, rank=1][0m /opt/conda/lib/python3.12/site-packages/olmo_core/nn/pooled_soft_token.py:280: UserWarning: called a synchronizing CUDA operation (Triggered internally at /pytorch/c10/cuda/CUDAFunctions.cpp:162.)
2026-09-15T04:09:14.731Z   row_lens[b] = L
2026-09-15T04:09:14.731Z 
2026-09-15T04:09:14.732Z [2;36m[2026-09-15 04:09:14][0m [33mWARNING [0m [2m[py.warnings:112, db3cfb97005b, rank=1][0m /opt/conda/lib/python3.12/site-packages/olmo_core/nn/pooled_soft_token.py:297: UserWarning: called a synchronizing CUDA operation (Triggered internally at /pytorch/c10/cuda/CUDAFunctions.cpp:162.)
2026-09-15T04:09:14.732Z   soft_rows=torch.tensor(soft_rows, dtype=torch.long, device=device),
2026-09-15T04:09:14.732Z 
2026-09-15T04:09:14.732Z [2;36m[2026-09-15 04:09:14][0m [33mWARNING [0m [2m[py.warnings:112, db3cfb97005b, rank=1][0m /opt/conda/lib/python3.12/site-packages/olmo_core/nn/pooled_soft_token.py:298: UserWarning: called a synchronizing CUDA operation (Triggered internally at /pytorch/c10/cuda/CUDAFunctions.cpp:162.)
2026-09-15T04:09:14.732Z   soft_cols=torch.tensor(soft_cols, dtype=torch.long, device=device),
2026-09-15T04:09:14.732Z 
2026-09-15T04:09:14.732Z [2;36m[2026-09-15 04:09:14][0m [33mWARNING [0m [2m[py.warnings:112, db3cfb97005b, rank=1][0m /opt/conda/lib/python3.12/site-packages/olmo_core/nn/pooled_soft_token.py:299: UserWarning: called a synchronizing CUDA operation (Triggered internally at /pytorch/c10/cuda/CUDAFunctions.cpp:162.)
2026-09-15T04:09:14.732Z   soft_docs=torch.tensor(soft_docs, dtype=torch.long, device=device),
2026-09-15T04:09:14.732Z 
2026-09-15T04:09:14.733Z [2;36m[2026-09-15 04:09:14][0m [33mWARNING [0m [2m[py.warnings:112, db3cfb97005b, rank=1][0m /opt/conda/lib/python3.12/site-packages/olmo_core/nn/pooled_soft_token.py:301: UserWarning: called a synchronizing CUDA operation (Triggered internally at /pytorch/c10/cuda/CUDAFunctions.cpp:162.)
2026-09-15T04:09:14.733Z   soft_log_len=torch.tensor(soft_log_len, dtype=torch.float32, device=device),
2026-09-15T04:09:14.733Z 
2026-09-15T04:09:14.733Z [2;36m[2026-09-15 04:09:14][0m [33mWARNING [0m [2m[py.warnings:112, db3cfb97005b, rank=1][0m /opt/conda/lib/python3.12/site-packages/olmo_core/nn/transformer/model.py:1502: UserWarning: called a synchronizing CUDA operation (Triggered internally at /pytorch/c10/cuda/CUDAFunctions.cpp:162.)
2026-09-15T04:09:14.733Z   kv_grad_mask[cb.soft_rows, cb.soft_cols] = False
2026-09-15T04:09:14.733Z 
2026-09-15T04:09:14.921Z [2;36m[2026-09-15 04:09:14][0m [33mWARNING [0m [2m[py.warnings:112, db3cfb97005b, rank=1][0m /opt/conda/lib/python3.12/site-packages/liger_kernel/ops/fused_linear_cross_entropy.py:75: UserWarning: called a synchronizing CUDA operation (Triggered internally at /pytorch/c10/cuda/CUDAFunctions.cpp:162.)
2026-09-15T04:09:14.921Z   total_n_non_ignore = target_mask.sum().item()
2026-09-15T04:09:14.921Z 
2026-09-15T04:09:15.863Z [2;36m[2026-09-15 04:09:15][0m [33mWARNING [0m [2m[py.warnings:112, db3cfb97005b, rank=1][0m /opt/conda/lib/python3.12/site-packages/liger_kernel/ops/fused_linear_cross_entropy.py:233: UserWarning: called a synchronizing CUDA operation (Triggered internally at /pytorch/c10/cuda/CUDAFunctions.cpp:162.)
2026-09-15T04:09:15.863Z   if not torch.equal(grad_output, torch.tensor(1.0, device=grad_output.device)):
2026-09-15T04:09:15.863Z 
2026-09-15T04:09:28.783Z [2;36m[2026-09-15 04:09:28][0m [33mWARNING [0m [2m[py.warnings:112, db3cfb97005b, rank=0][0m /opt/conda/lib/python3.12/site-packages/liger_kernel/ops/fused_linear_cross_entropy.py:75: UserWarning: called a synchronizing CUDA operation (Triggered internally at /pytorch/c10/cuda/CUDAFunctions.cpp:162.)
2026-09-15T04:09:28.783Z   total_n_non_ignore = target_mask.sum().item()
2026-09-15T04:09:28.783Z 
2026-09-15T04:09:29.757Z [2;36m[2026-09-15 04:09:29][0m [33mWARNING [0m [2m[py.warnings:112, db3cfb97005b, rank=0][0m /opt/conda/lib/python3.12/site-packages/liger_kernel/ops/fused_linear_cross_entropy.py:233: UserWarning: called a synchronizing CUDA operation (Triggered internally at /pytorch/c10/cuda/CUDAFunctions.cpp:162.)
2026-09-15T04:09:29.757Z   if not torch.equal(grad_output, torch.tensor(1.0, device=grad_output.device)):
2026-09-15T04:09:29.757Z 
2026-09-15T04:09:42.423Z [2;36m[2026-09-15 04:09:42][0m [33mWARNING [0m [2m[py.warnings:112, db3cfb97005b, rank=1][0m /opt/conda/lib/python3.12/site-packages/torch/autograd/graph.py:841: UserWarning: called a synchronizing CUDA operation (Triggered internally at /pytorch/c10/cuda/CUDAFunctions.cpp:162.)
2026-09-15T04:09:42.423Z   return Variable._execution_engine.run_backward(  # Calls into the C++ engine to run the backward pass
2026-09-15T04:09:42.423Z 
2026-09-15T04:09:42.430Z [2;36m[2026-09-15 04:09:42][0m [33mWARNING [0m [2m[py.warnings:112, db3cfb97005b, rank=1][0m /opt/conda/lib/python3.12/site-packages/torch/distributed/utils.py:106: UserWarning: called a synchronizing CUDA operation (Triggered internally at /pytorch/c10/cuda/CUDAFunctions.cpp:162.)
2026-09-15T04:09:42.430Z   return (obj.to(target_device),)
2026-09-15T04:09:42.430Z 
2026-09-15T04:09:42.433Z [2;36m[2026-09-15 04:09:42][0m [33mWARNING [0m [2m[py.warnings:112, db3cfb97005b, rank=0][0m /opt/conda/lib/python3.12/site-packages/torch/autograd/graph.py:841: UserWarning: called a synchronizing CUDA operation (Triggered internally at /pytorch/c10/cuda/CUDAFunctions.cpp:162.)
2026-09-15T04:09:42.434Z   return Variable._execution_engine.run_backward(  # Calls into the C++ engine to run the backward pass
2026-09-15T04:09:42.434Z 
2026-09-15T04:09:42.435Z [2;36m[2026-09-15 04:09:42][0m [33mWARNING [0m [2m[py.warnings:112, db3cfb97005b, rank=0][0m /opt/conda/lib/python3.12/site-packages/torch/distributed/utils.py:106: UserWarning: called a synchronizing CUDA operation (Triggered internally at /pytorch/c10/cuda/CUDAFunctions.cpp:162.)
2026-09-15T04:09:42.435Z   return (obj.to(target_device),)
2026-09-15T04:09:42.435Z 
2026-09-15T04:09:42.443Z [2;36m[2026-09-15 04:09:42][0m [33mWARNING [0m [2m[py.warnings:112, db3cfb97005b, rank=1][0m /opt/conda/lib/python3.12/site-packages/olmo_core/nn/transformer/model.py:777: UserWarning: called a synchronizing CUDA operation (Triggered internally at /pytorch/c10/cuda/CUDAFunctions.cpp:162.)
2026-09-15T04:09:42.443Z   n_docs = int(chunk_ids.max().item()) + 1
2026-09-15T04:09:42.443Z 
2026-09-15T04:09:42.443Z [2;36m[2026-09-15 04:09:42][0m [33mWARNING [0m [2m[py.warnings:112, db3cfb97005b, rank=0][0m /opt/conda/lib/python3.12/site-packages/olmo_core/nn/transformer/model.py:777: UserWarning: called a synchronizing CUDA operation (Triggered internally at /pytorch/c10/cuda/CUDAFunctions.cpp:162.)
2026-09-15T04:09:42.443Z   n_docs = int(chunk_ids.max().item()) + 1
2026-09-15T04:09:42.443Z 
2026-09-15T04:09:42.452Z [2;36m[2026-09-15 04:09:42][0m [33mWARNING [0m [2m[py.warnings:112, db3cfb97005b, rank=1][0m /opt/conda/lib/python3.12/site-packages/olmo_core/nn/transformer/model.py:834: UserWarning: called a synchronizing CUDA operation (Triggered internally at /pytorch/c10/cuda/CUDAFunctions.cpp:162.)
2026-09-15T04:09:42.452Z   flat = (torch.arange(B, device=emb.device)[:, None] * n_docs + cid.clamp(min=0)).reshape(
2026-09-15T04:09:42.452Z 
2026-09-15T04:09:42.452Z [2;36m[2026-09-15 04:09:42][0m [33mWARNING [0m [2m[py.warnings:112, db3cfb97005b, rank=0][0m /opt/conda/lib/python3.12/site-packages/olmo_core/nn/transformer/model.py:834: UserWarning: called a synchronizing CUDA operation (Triggered internally at /pytorch/c10/cuda/CUDAFunctions.cpp:162.)
2026-09-15T04:09:42.452Z   flat = (torch.arange(B, device=emb.device)[:, None] * n_docs + cid.clamp(min=0)).reshape(
2026-09-15T04:09:42.452Z 
2026-09-15T04:09:42.453Z [2;36m[2026-09-15 04:09:42][0m [33mWARNING [0m [2m[py.warnings:112, db3cfb97005b, rank=1][0m /opt/conda/lib/python3.12/site-packages/olmo_core/nn/transformer/model.py:838: UserWarning: called a synchronizing CUDA operation (Triggered internally at /pytorch/c10/cuda/CUDAFunctions.cpp:162.)
2026-09-15T04:09:42.453Z   0, flat, emb.reshape(B * T, D)[is_ctx.reshape(-1)]
2026-09-15T04:09:42.453Z 
2026-09-15T04:09:42.453Z [2;36m[2026-09-15 04:09:42][0m [33mWARNING [0m [2m[py.warnings:112, db3cfb97005b, rank=0][0m /opt/conda/lib/python3.12/site-packages/olmo_core/nn/transformer/model.py:838: UserWarning: called a synchronizing CUDA operation (Triggered internally at /pytorch/c10/cuda/CUDAFunctions.cpp:162.)
2026-09-15T04:09:42.453Z   0, flat, emb.reshape(B * T, D)[is_ctx.reshape(-1)]
2026-09-15T04:09:42.453Z 
2026-09-15T04:09:42.460Z [2;36m[2026-09-15 04:09:42][0m [33mWARNING [0m [2m[py.warnings:112, db3cfb97005b, rank=0][0m /opt/conda/lib/python3.12/site-packages/olmo_core/nn/pooled_soft_token.py:173: UserWarning: called a synchronizing CUDA operation (Triggered internally at /pytorch/c10/cuda/CUDAFunctions.cpp:162.)
2026-09-15T04:09:42.460Z   kept_idx = kept_tok.nonzero(as_tuple=True)[0]
2026-09-15T04:09:42.460Z 
2026-09-15T04:09:42.461Z [2;36m[2026-09-15 04:09:42][0m [33mWARNING [0m [2m[py.warnings:112, db3cfb97005b, rank=1][0m /opt/conda/lib/python3.12/site-packages/olmo_core/nn/pooled_soft_token.py:173: UserWarning: called a synchronizing CUDA operation (Triggered internally at /pytorch/c10/cuda/CUDAFunctions.cpp:162.)
2026-09-15T04:09:42.461Z   kept_idx = kept_tok.nonzero(as_tuple=True)[0]
2026-09-15T04:09:42.461Z 
2026-09-15T04:09:42.461Z [2;36m[2026-09-15 04:09:42][0m [33mWARNING [0m [2m[py.warnings:112, db3cfb97005b, rank=0][0m /opt/conda/lib/python3.12/site-packages/olmo_core/nn/pooled_soft_token.py:179: UserWarning: called a synchronizing CUDA operation (Triggered internally at /pytorch/c10/cuda/CUDAFunctions.cpp:162.)
2026-09-15T04:09:42.461Z   if is_ctx.any():
2026-09-15T04:09:42.461Z 
2026-09-15T04:09:42.461Z [2;36m[2026-09-15 04:09:42][0m [33mWARNING [0m [2m[py.warnings:112, db3cfb97005b, rank=1][0m /opt/conda/lib/python3.12/site-packages/olmo_core/nn/pooled_soft_token.py:179: UserWarning: called a synchronizing CUDA operation (Triggered internally at /pytorch/c10/cuda/CUDAFunctions.cpp:162.)
2026-09-15T04:09:42.461Z   if is_ctx.any():
2026-09-15T04:09:42.461Z 
2026-09-15T04:09:42.461Z [2;36m[2026-09-15 04:09:42][0m [33mWARNING [0m [2m[py.warnings:112, db3cfb97005b, rank=0][0m /opt/conda/lib/python3.12/site-packages/olmo_core/nn/pooled_soft_token.py:180: UserWarning: called a synchronizing CUDA operation (Triggered internally at /pytorch/c10/cuda/CUDAFunctions.cpp:162.)
2026-09-15T04:09:42.461Z   d_ix = c[is_ctx]
2026-09-15T04:09:42.461Z 
2026-09-15T04:09:42.462Z [2;36m[2026-09-15 04:09:42][0m [33mWARNING [0m [2m[py.warnings:112, db3cfb97005b, rank=1][0m /opt/conda/lib/python3.12/site-packages/olmo_core/nn/pooled_soft_token.py:180: UserWarning: called a synchronizing CUDA operation (Triggered internally at /pytorch/c10/cuda/CUDAFunctions.cpp:162.)
2026-09-15T04:09:42.462Z   d_ix = c[is_ctx]
2026-09-15T04:09:42.462Z 
2026-09-15T04:09:42.462Z [2;36m[2026-09-15 04:09:42][0m [33mWARNING [0m [2m[py.warnings:112, db3cfb97005b, rank=0][0m /opt/conda/lib/python3.12/site-packages/olmo_core/nn/pooled_soft_token.py:181: UserWarning: called a synchronizing CUDA operation (Triggered internally at /pytorch/c10/cuda/CUDAFunctions.cpp:162.)
2026-09-15T04:09:42.462Z   pos_ix = is_ctx.nonzero(as_tuple=True)[0]
2026-09-15T04:09:42.462Z 
2026-09-15T04:09:42.462Z [2;36m[2026-09-15 04:09:42][0m [33mWARNING [0m [2m[py.warnings:112, db3cfb97005b, rank=1][0m /opt/conda/lib/python3.12/site-packages/olmo_core/nn/pooled_soft_token.py:181: UserWarning: called a synchronizing CUDA operation (Triggered internally at /pytorch/c10/cuda/CUDAFunctions.cpp:162.)
2026-09-15T04:09:42.462Z   pos_ix = is_ctx.nonzero(as_tuple=True)[0]
2026-09-15T04:09:42.462Z 
2026-09-15T04:09:42.462Z [2;36m[2026-09-15 04:09:42][0m [33mWARNING [0m [2m[py.warnings:112, db3cfb97005b, rank=1][0m /opt/conda/lib/python3.12/site-packages/olmo_core/nn/pooled_soft_token.py:186: UserWarning: called a synchronizing CUDA operation (Triggered internally at /pytorch/c10/cuda/CUDAFunctions.cpp:162.)
2026-09-15T04:09:42.462Z   pooled_docs = pooled.nonzero(as_tuple=True)[0]
2026-09-15T04:09:42.462Z 
2026-09-15T04:09:42.463Z [2;36m[2026-09-15 04:09:42][0m [33mWARNING [0m [2m[py.warnings:112, db3cfb97005b, rank=0][0m /opt/conda/lib/python3.12/site-packages/olmo_core/nn/pooled_soft_token.py:186: UserWarning: called a synchronizing CUDA operation (Triggered internally at /pytorch/c10/cuda/CUDAFunctions.cpp:162.)
2026-09-15T04:09:42.463Z   pooled_docs = pooled.nonzero(as_tuple=True)[0]
2026-09-15T04:09:42.463Z 
2026-09-15T04:09:42.463Z [2;36m[2026-09-15 04:09:42][0m [33mWARNING [0m [2m[py.warnings:112, db3cfb97005b, rank=1][0m /opt/conda/lib/python3.12/site-packages/olmo_core/nn/pooled_soft_token.py:217: UserWarning: called a synchronizing CUDA operation (Triggered internally at /pytorch/c10/cuda/CUDAFunctions.cpp:162.)
2026-09-15T04:09:42.463Z   doc_len = torch.bincount(c[is_ctx], minlength=n_docs) if is_ctx.any() else torch.zeros(n_docs, dtype=torch.long, device=device)
2026-09-15T04:09:42.463Z 
2026-09-15T04:09:42.464Z [2;36m[2026-09-15 04:09:42][0m [33mWARNING [0m [2m[py.warnings:112, db3cfb97005b, rank=0][0m /opt/conda/lib/python3.12/site-packages/olmo_core/nn/pooled_soft_token.py:217: UserWarning: called a synchronizing CUDA operation (Triggered internally at /pytorch/c10/cuda/CUDAFunctions.cpp:162.)
2026-09-15T04:09:42.464Z   doc_len = torch.bincount(c[is_ctx], minlength=n_docs) if is_ctx.any() else torch.zeros(n_docs, dtype=torch.long, device=device)
2026-09-15T04:09:42.464Z 
2026-09-15T04:09:42.464Z [2;36m[2026-09-15 04:09:42][0m [33mWARNING [0m [2m[py.warnings:112, db3cfb97005b, rank=1][0m /opt/conda/lib/python3.12/site-packages/olmo_core/nn/pooled_soft_token.py:222: UserWarning: called a synchronizing CUDA operation (Triggered internally at /pytorch/c10/cuda/CUDAFunctions.cpp:162.)
2026-09-15T04:09:42.464Z   soft_cols_b = soft_mask.nonzero(as_tuple=True)[0]
2026-09-15T04:09:42.464Z 
2026-09-15T04:09:42.464Z [2;36m[2026-09-15 04:09:42][0m [33mWARNING [0m [2m[py.warnings:112, db3cfb97005b, rank=0][0m /opt/conda/lib/python3.12/site-packages/olmo_core/nn/pooled_soft_token.py:222: UserWarning: called a synchronizing CUDA operation (Triggered internally at /pytorch/c10/cuda/CUDAFunctions.cpp:162.)
2026-09-15T04:09:42.464Z   soft_cols_b = soft_mask.nonzero(as_tuple=True)[0]
2026-09-15T04:09:42.464Z 
2026-09-15T04:09:42.464Z [2;36m[2026-09-15 04:09:42][0m [33mWARNING [0m [2m[py.warnings:112, db3cfb97005b, rank=1][0m /opt/conda/lib/python3.12/site-packages/olmo_core/nn/pooled_soft_token.py:226: UserWarning: called a synchronizing CUDA operation (Triggered internally at /pytorch/c10/cuda/CUDAFunctions.cpp:162.)
2026-09-15T04:09:42.464Z   cols_l = soft_cols_b.tolist()
2026-09-15T04:09:42.464Z 
2026-09-15T04:09:42.465Z [2;36m[2026-09-15 04:09:42][0m [33mWARNING [0m [2m[py.warnings:112, db3cfb97005b, rank=1][0m /opt/conda/lib/python3.12/site-packages/olmo_core/nn/pooled_soft_token.py:229: UserWarning: called a synchronizing CUDA operation (Triggered internally at /pytorch/c10/cuda/CUDAFunctions.cpp:162.)
2026-09-15T04:09:42.465Z   soft_docs += docs_b.tolist()
2026-09-15T04:09:42.465Z 
2026-09-15T04:09:42.465Z [2;36m[2026-09-15 04:09:42][0m [33mWARNING [0m [2m[py.warnings:112, db3cfb97005b, rank=0][0m /opt/conda/lib/python3.12/site-packages/olmo_core/nn/pooled_soft_token.py:226: UserWarning: called a synchronizing CUDA operation (Triggered internally at /pytorch/c10/cuda/CUDAFunctions.cpp:162.)
2026-09-15T04:09:42.465Z   cols_l = soft_cols_b.tolist()
2026-09-15T04:09:42.465Z 
2026-09-15T04:09:42.465Z [2;36m[2026-09-15 04:09:42][0m [33mWARNING [0m [2m[py.warnings:112, db3cfb97005b, rank=1][0m /opt/conda/lib/python3.12/site-packages/olmo_core/nn/pooled_soft_token.py:230: UserWarning: called a synchronizing CUDA operation (Triggered internally at /pytorch/c10/cuda/CUDAFunctions.cpp:162.)
2026-09-15T04:09:42.465Z   soft_log_len += lens_b.tolist()
2026-09-15T04:09:42.465Z 
2026-09-15T04:09:42.465Z [2;36m[2026-09-15 04:09:42][0m [33mWARNING [0m [2m[py.warnings:112, db3cfb97005b, rank=0][0m /opt/conda/lib/python3.12/site-packages/olmo_core/nn/pooled_soft_token.py:229: UserWarning: called a synchronizing CUDA operation (Triggered internally at /pytorch/c10/cuda/CUDAFunctions.cpp:162.)
2026-09-15T04:09:42.465Z   soft_docs += docs_b.tolist()
2026-09-15T04:09:42.465Z 
2026-09-15T04:09:42.466Z [2;36m[2026-09-15 04:09:42][0m [33mWARNING [0m [2m[py.warnings:112, db3cfb97005b, rank=0][0m /opt/conda/lib/python3.12/site-packages/olmo_core/nn/pooled_soft_token.py:230: UserWarning: called a synchronizing CUDA operation (Triggered internally at /pytorch/c10/cuda/CUDAFunctions.cpp:162.)
2026-09-15T04:09:42.466Z   soft_log_len += lens_b.tolist()
2026-09-15T04:09:42.466Z 
2026-09-15T04:09:42.467Z [2;36m[2026-09-15 04:09:42][0m [33mWARNING [0m [2m[py.warnings:112, db3cfb97005b, rank=1][0m /opt/conda/lib/python3.12/site-packages/olmo_core/nn/pooled_soft_token.py:280: UserWarning: called a synchronizing CUDA operation (Triggered internally at /pytorch/c10/cuda/CUDAFunctions.cpp:162.)
2026-09-15T04:09:42.467Z   row_lens[b] = L
2026-09-15T04:09:42.467Z 
2026-09-15T04:09:42.467Z [2;36m[2026-09-15 04:09:42][0m [33mWARNING [0m [2m[py.warnings:112, db3cfb97005b, rank=1][0m /opt/conda/lib/python3.12/site-packages/olmo_core/nn/pooled_soft_token.py:297: UserWarning: called a synchronizing CUDA operation (Triggered internally at /pytorch/c10/cuda/CUDAFunctions.cpp:162.)
2026-09-15T04:09:42.467Z   soft_rows=torch.tensor(soft_rows, dtype=torch.long, device=device),
2026-09-15T04:09:42.467Z 
2026-09-15T04:09:42.468Z [2;36m[2026-09-15 04:09:42][0m [33mWARNING [0m [2m[py.warnings:112, db3cfb97005b, rank=1][0m /opt/conda/lib/python3.12/site-packages/olmo_core/nn/pooled_soft_token.py:298: UserWarning: called a synchronizing CUDA operation (Triggered internally at /pytorch/c10/cuda/CUDAFunctions.cpp:162.)
2026-09-15T04:09:42.468Z   soft_cols=torch.tensor(soft_cols, dtype=torch.long, device=device),
2026-09-15T04:09:42.468Z 
2026-09-15T04:09:42.468Z [2;36m[2026-09-15 04:09:42][0m [33mWARNING [0m [2m[py.warnings:112, db3cfb97005b, rank=1][0m /opt/conda/lib/python3.12/site-packages/olmo_core/nn/pooled_soft_token.py:299: UserWarning: called a synchronizing CUDA operation (Triggered internally at /pytorch/c10/cuda/CUDAFunctions.cpp:162.)
2026-09-15T04:09:42.468Z   soft_docs=torch.tensor(soft_docs, dtype=torch.long, device=device),
2026-09-15T04:09:42.468Z 
2026-09-15T04:09:42.468Z [2;36m[2026-09-15 04:09:42][0m [33mWARNING [0m [2m[py.warnings:112, db3cfb97005b, rank=0][0m /opt/conda/lib/python3.12/site-packages/olmo_core/nn/pooled_soft_token.py:280: UserWarning: called a synchronizing CUDA operation (Triggered internally at /pytorch/c10/cuda/CUDAFunctions.cpp:162.)
2026-09-15T04:09:42.468Z   row_lens[b] = L
2026-09-15T04:09:42.468Z 
2026-09-15T04:09:42.468Z [2;36m[2026-09-15 04:09:42][0m [33mWARNING [0m [2m[py.warnings:112, db3cfb97005b, rank=1][0m /opt/conda/lib/python3.12/site-packages/olmo_core/nn/pooled_soft_token.py:301: UserWarning: called a synchronizing CUDA operation (Triggered internally at /pytorch/c10/cuda/CUDAFunctions.cpp:162.)
2026-09-15T04:09:42.468Z   soft_log_len=torch.tensor(soft_log_len, dtype=torch.float32, device=device),
2026-09-15T04:09:42.468Z 
2026-09-15T04:09:42.469Z [2;36m[2026-09-15 04:09:42][0m [33mWARNING [0m [2m[py.warnings:112, db3cfb97005b, rank=1][0m /opt/conda/lib/python3.12/site-packages/olmo_core/nn/transformer/model.py:1502: UserWarning: called a synchronizing CUDA operation (Triggered internally at /pytorch/c10/cuda/CUDAFunctions.cpp:162.)
2026-09-15T04:09:42.469Z   kv_grad_mask[cb.soft_rows, cb.soft_cols] = False
2026-09-15T04:09:42.469Z 
2026-09-15T04:09:42.469Z [2;36m[2026-09-15 04:09:42][0m [33mWARNING [0m [2m[py.warnings:112, db3cfb97005b, rank=0][0m /opt/conda/lib/python3.12/site-packages/olmo_core/nn/pooled_soft_token.py:297: UserWarning: called a synchronizing CUDA operation (Triggered internally at /pytorch/c10/cuda/CUDAFunctions.cpp:162.)
2026-09-15T04:09:42.469Z   soft_rows=torch.tensor(soft_rows, dtype=torch.long, device=device),
2026-09-15T04:09:42.469Z 
2026-09-15T04:09:42.469Z [2;36m[2026-09-15 04:09:42][0m [33mWARNING [0m [2m[py.warnings:112, db3cfb97005b, rank=0][0m /opt/conda/lib/python3.12/site-packages/olmo_core/nn/pooled_soft_token.py:298: UserWarning: called a synchronizing CUDA operation (Triggered internally at /pytorch/c10/cuda/CUDAFunctions.cpp:162.)
2026-09-15T04:09:42.469Z   soft_cols=torch.tensor(soft_cols, dtype=torch.long, device=device),
2026-09-15T04:09:42.469Z 
2026-09-15T04:09:42.470Z [2;36m[2026-09-15 04:09:42][0m [33mWARNING [0m [2m[py.warnings:112, db3cfb97005b, rank=0][0m /opt/conda/lib/python3.12/site-packages/olmo_core/nn/pooled_soft_token.py:299: UserWarning: called a synchronizing CUDA operation (Triggered internally at /pytorch/c10/cuda/CUDAFunctions.cpp:162.)
2026-09-15T04:09:42.470Z   soft_docs=torch.tensor(soft_docs, dtype=torch.long, device=device),
2026-09-15T04:09:42.470Z 
2026-09-15T04:09:42.470Z [2;36m[2026-09-15 04:09:42][0m [33mWARNING [0m [2m[py.warnings:112, db3cfb97005b, rank=0][0m /opt/conda/lib/python3.12/site-packages/olmo_core/nn/pooled_soft_token.py:301: UserWarning: called a synchronizing CUDA operation (Triggered internally at /pytorch/c10/cuda/CUDAFunctions.cpp:162.)
2026-09-15T04:09:42.470Z   soft_log_len=torch.tensor(soft_log_len, dtype=torch.float32, device=device),
2026-09-15T04:09:42.470Z 
2026-09-15T04:09:42.471Z [2;36m[2026-09-15 04:09:42][0m [33mWARNING [0m [2m[py.warnings:112, db3cfb97005b, rank=0][0m /opt/conda/lib/python3.12/site-packages/olmo_core/nn/transformer/model.py:1502: UserWarning: called a synchronizing CUDA operation (Triggered internally at /pytorch/c10/cuda/CUDAFunctions.cpp:162.)
2026-09-15T04:09:42.471Z   kv_grad_mask[cb.soft_rows, cb.soft_cols] = False
2026-09-15T04:09:42.471Z 
2026-09-15T04:09:42.632Z [2;36m[2026-09-15 04:09:42][0m [33mWARNING [0m [2m[py.warnings:112, db3cfb97005b, rank=1][0m /opt/conda/lib/python3.12/site-packages/liger_kernel/ops/fused_linear_cross_entropy.py:75: UserWarning: called a synchronizing CUDA operation (Triggered internally at /pytorch/c10/cuda/CUDAFunctions.cpp:162.)
2026-09-15T04:09:42.632Z   total_n_non_ignore = target_mask.sum().item()
2026-09-15T04:09:42.632Z 
2026-09-15T04:09:42.633Z [2;36m[2026-09-15 04:09:42][0m [33mWARNING [0m [2m[py.warnings:112, db3cfb97005b, rank=0][0m /opt/conda/lib/python3.12/site-packages/liger_kernel/ops/fused_linear_cross_entropy.py:75: UserWarning: called a synchronizing CUDA operation (Triggered internally at /pytorch/c10/cuda/CUDAFunctions.cpp:162.)
2026-09-15T04:09:42.633Z   total_n_non_ignore = target_mask.sum().item()
2026-09-15T04:09:42.633Z 
2026-09-15T04:09:43.356Z [2;36m[2026-09-15 04:09:43][0m [33mWARNING [0m [2m[py.warnings:112, db3cfb97005b, rank=1][0m /opt/conda/lib/python3.12/site-packages/liger_kernel/ops/fused_linear_cross_entropy.py:233: UserWarning: called a synchronizing CUDA operation (Triggered internally at /pytorch/c10/cuda/CUDAFunctions.cpp:162.)
2026-09-15T04:09:43.356Z   if not torch.equal(grad_output, torch.tensor(1.0, device=grad_output.device)):
2026-09-15T04:09:43.356Z 
2026-09-15T04:09:43.377Z [2;36m[2026-09-15 04:09:43][0m [33mWARNING [0m [2m[py.warnings:112, db3cfb97005b, rank=0][0m /opt/conda/lib/python3.12/site-packages/liger_kernel/ops/fused_linear_cross_entropy.py:233: UserWarning: called a synchronizing CUDA operation (Triggered internally at /pytorch/c10/cuda/CUDAFunctions.cpp:162.)
2026-09-15T04:09:43.377Z   if not torch.equal(grad_output, torch.tensor(1.0, device=grad_output.device)):
2026-09-15T04:09:43.377Z 
2026-09-15T04:09:54.578Z [2;36m[2026-09-15 04:09:54][0m [33mWARNING [0m [2m[py.warnings:112, db3cfb97005b, rank=0][0m /opt/conda/lib/python3.12/site-packages/liger_kernel/ops/fused_linear_cross_entropy.py:75: UserWarning: called a synchronizing CUDA operation (Triggered internally at /pytorch/c10/cuda/CUDAFunctions.cpp:162.)
2026-09-15T04:09:54.578Z   total_n_non_ignore = target_mask.sum().item()
2026-09-15T04:09:54.578Z 
2026-09-15T04:09:54.580Z [2;36m[2026-09-15 04:09:54][0m [33mWARNING [0m [2m[py.warnings:112, db3cfb97005b, rank=1][0m /opt/conda/lib/python3.12/site-packages/liger_kernel/ops/fused_linear_cross_entropy.py:75: UserWarning: called a synchronizing CUDA operation (Triggered internally at /pytorch/c10/cuda/CUDAFunctions.cpp:162.)
2026-09-15T04:09:54.580Z   total_n_non_ignore = target_mask.sum().item()
2026-09-15T04:09:54.580Z 
2026-09-15T04:09:55.213Z [2;36m[2026-09-15 04:09:55][0m [33mWARNING [0m [2m[py.warnings:112, db3cfb97005b, rank=1][0m /opt/conda/lib/python3.12/site-packages/liger_kernel/ops/fused_linear_cross_entropy.py:233: UserWarning: called a synchronizing CUDA operation (Triggered internally at /pytorch/c10/cuda/CUDAFunctions.cpp:162.)
2026-09-15T04:09:55.213Z   if not torch.equal(grad_output, torch.tensor(1.0, device=grad_output.device)):
2026-09-15T04:09:55.213Z 
2026-09-15T04:09:55.221Z [2;36m[2026-09-15 04:09:55][0m [33mWARNING [0m [2m[py.warnings:112, db3cfb97005b, rank=0][0m /opt/conda/lib/python3.12/site-packages/liger_kernel/ops/fused_linear_cross_entropy.py:233: UserWarning: called a synchronizing CUDA operation (Triggered internally at /pytorch/c10/cuda/CUDAFunctions.cpp:162.)
2026-09-15T04:09:55.221Z   if not torch.equal(grad_output, torch.tensor(1.0, device=grad_output.device)):
2026-09-15T04:09:55.221Z 
2026-09-15T04:10:08.055Z [2;36m[2026-09-15 04:10:08][0m [33mWARNING [0m [2m[py.warnings:112, db3cfb97005b, rank=1][0m /opt/conda/lib/python3.12/site-packages/torch/autograd/graph.py:841: UserWarning: called a synchronizing CUDA operation (Triggered internally at /pytorch/c10/cuda/CUDAFunctions.cpp:162.)
2026-09-15T04:10:08.055Z   return Variable._execution_engine.run_backward(  # Calls into the C++ engine to run the backward pass
2026-09-15T04:10:08.055Z 
2026-09-15T04:10:08.056Z [2;36m[2026-09-15 04:10:08][0m [33mWARNING [0m [2m[py.warnings:112, db3cfb97005b, rank=1][0m /opt/conda/lib/python3.12/site-packages/torch/distributed/utils.py:106: UserWarning: called a synchronizing CUDA operation (Triggered internally at /pytorch/c10/cuda/CUDAFunctions.cpp:162.)
2026-09-15T04:10:08.056Z   return (obj.to(target_device),)
2026-09-15T04:10:08.056Z 
2026-09-15T04:10:08.059Z [2;36m[2026-09-15 04:10:08][0m [33mWARNING [0m [2m[py.warnings:112, db3cfb97005b, rank=0][0m /opt/conda/lib/python3.12/site-packages/torch/autograd/graph.py:841: UserWarning: called a synchronizing CUDA operation (Triggered internally at /pytorch/c10/cuda/CUDAFunctions.cpp:162.)
2026-09-15T04:10:08.059Z   return Variable._execution_engine.run_backward(  # Calls into the C++ engine to run the backward pass
2026-09-15T04:10:08.059Z 
2026-09-15T04:10:08.061Z [2;36m[2026-09-15 04:10:08][0m [33mWARNING [0m [2m[py.warnings:112, db3cfb97005b, rank=0][0m /opt/conda/lib/python3.12/site-packages/torch/distributed/utils.py:106: UserWarning: called a synchronizing CUDA operation (Triggered internally at /pytorch/c10/cuda/CUDAFunctions.cpp:162.)
2026-09-15T04:10:08.061Z   return (obj.to(target_device),)
2026-09-15T04:10:08.061Z 
2026-09-15T04:10:08.069Z [2;36m[2026-09-15 04:10:08][0m [33mWARNING [0m [2m[py.warnings:112, db3cfb97005b, rank=1][0m /opt/conda/lib/python3.12/site-packages/olmo_core/nn/transformer/model.py:777: UserWarning: called a synchronizing CUDA operation (Triggered internally at /pytorch/c10/cuda/CUDAFunctions.cpp:162.)
2026-09-15T04:10:08.069Z   n_docs = int(chunk_ids.max().item()) + 1
2026-09-15T04:10:08.069Z 
2026-09-15T04:10:08.069Z [2;36m[2026-09-15 04:10:08][0m [33mWARNING [0m [2m[py.warnings:112, db3cfb97005b, rank=0][0m /opt/conda/lib/python3.12/site-packages/olmo_core/nn/transformer/model.py:777: UserWarning: called a synchronizing CUDA operation (Triggered internally at /pytorch/c10/cuda/CUDAFunctions.cpp:162.)
2026-09-15T04:10:08.069Z   n_docs = int(chunk_ids.max().item()) + 1
2026-09-15T04:10:08.069Z 
2026-09-15T04:10:08.078Z [2;36m[2026-09-15 04:10:08][0m [33mWARNING [0m [2m[py.warnings:112, db3cfb97005b, rank=1][0m /opt/conda/lib/python3.12/site-packages/olmo_core/nn/transformer/model.py:834: UserWarning: called a synchronizing CUDA operation (Triggered internally at /pytorch/c10/cuda/CUDAFunctions.cpp:162.)
2026-09-15T04:10:08.078Z   flat = (torch.arange(B, device=emb.device)[:, None] * n_docs + cid.clamp(min=0)).reshape(
2026-09-15T04:10:08.078Z 
2026-09-15T04:10:08.078Z [2;36m[2026-09-15 04:10:08][0m [33mWARNING [0m [2m[py.warnings:112, db3cfb97005b, rank=0][0m /opt/conda/lib/python3.12/site-packages/olmo_core/nn/transformer/model.py:834: UserWarning: called a synchronizing CUDA operation (Triggered internally at /pytorch/c10/cuda/CUDAFunctions.cpp:162.)
2026-09-15T04:10:08.078Z   flat = (torch.arange(B, device=emb.device)[:, None] * n_docs + cid.clamp(min=0)).reshape(
2026-09-15T04:10:08.078Z 
2026-09-15T04:10:08.078Z [2;36m[2026-09-15 04:10:08][0m [33mWARNING [0m [2m[py.warnings:112, db3cfb97005b, rank=1][0m /opt/conda/lib/python3.12/site-packages/olmo_core/nn/transformer/model.py:838: UserWarning: called a synchronizing CUDA operation (Triggered internally at /pytorch/c10/cuda/CUDAFunctions.cpp:162.)
2026-09-15T04:10:08.078Z   0, flat, emb.reshape(B * T, D)[is_ctx.reshape(-1)]
2026-09-15T04:10:08.078Z 
2026-09-15T04:10:08.078Z [2;36m[2026-09-15 04:10:08][0m [33mWARNING [0m [2m[py.warnings:112, db3cfb97005b, rank=0][0m /opt/conda/lib/python3.12/site-packages/olmo_core/nn/transformer/model.py:838: UserWarning: called a synchronizing CUDA operation (Triggered internally at /pytorch/c10/cuda/CUDAFunctions.cpp:162.)
2026-09-15T04:10:08.078Z   0, flat, emb.reshape(B * T, D)[is_ctx.reshape(-1)]
2026-09-15T04:10:08.078Z 
2026-09-15T04:10:08.085Z [2;36m[2026-09-15 04:10:08][0m [33mWARNING [0m [2m[py.warnings:112, db3cfb97005b, rank=0][0m /opt/conda/lib/python3.12/site-packages/olmo_core/nn/pooled_soft_token.py:173: UserWarning: called a synchronizing CUDA operation (Triggered internally at /pytorch/c10/cuda/CUDAFunctions.cpp:162.)
2026-09-15T04:10:08.085Z   kept_idx = kept_tok.nonzero(as_tuple=True)[0]
2026-09-15T04:10:08.085Z 
2026-09-15T04:10:08.085Z [2;36m[2026-09-15 04:10:08][0m [33mWARNING [0m [2m[py.warnings:112, db3cfb97005b, rank=1][0m /opt/conda/lib/python3.12/site-packages/olmo_core/nn/pooled_soft_token.py:173: UserWarning: called a synchronizing CUDA operation (Triggered internally at /pytorch/c10/cuda/CUDAFunctions.cpp:162.)
2026-09-15T04:10:08.085Z   kept_idx = kept_tok.nonzero(as_tuple=True)[0]
2026-09-15T04:10:08.086Z 
2026-09-15T04:10:08.086Z [2;36m[2026-09-15 04:10:08][0m [33mWARNING [0m [2m[py.warnings:112, db3cfb97005b, rank=0][0m /opt/conda/lib/python3.12/site-packages/olmo_core/nn/pooled_soft_token.py:179: UserWarning: called a synchronizing CUDA operation (Triggered internally at /pytorch/c10/cuda/CUDAFunctions.cpp:162.)
2026-09-15T04:10:08.086Z   if is_ctx.any():
2026-09-15T04:10:08.086Z 
2026-09-15T04:10:08.086Z [2;36m[2026-09-15 04:10:08][0m [33mWARNING [0m [2m[py.warnings:112, db3cfb97005b, rank=1][0m /opt/conda/lib/python3.12/site-packages/olmo_core/nn/pooled_soft_token.py:179: UserWarning: called a synchronizing CUDA operation (Triggered internally at /pytorch/c10/cuda/CUDAFunctions.cpp:162.)
2026-09-15T04:10:08.086Z   if is_ctx.any():
2026-09-15T04:10:08.086Z 
2026-09-15T04:10:08.086Z [2;36m[2026-09-15 04:10:08][0m [33mWARNING [0m [2m[py.warnings:112, db3cfb97005b, rank=0][0m /opt/conda/lib/python3.12/site-packages/olmo_core/nn/pooled_soft_token.py:180: UserWarning: called a synchronizing CUDA operation (Triggered internally at /pytorch/c10/cuda/CUDAFunctions.cpp:162.)
2026-09-15T04:10:08.086Z   d_ix = c[is_ctx]
2026-09-15T04:10:08.086Z 
2026-09-15T04:10:08.086Z [2;36m[2026-09-15 04:10:08][0m [33mWARNING [0m [2m[py.warnings:112, db3cfb97005b, rank=1][0m /opt/conda/lib/python3.12/site-packages/olmo_core/nn/pooled_soft_token.py:180: UserWarning: called a synchronizing CUDA operation (Triggered internally at /pytorch/c10/cuda/CUDAFunctions.cpp:162.)
2026-09-15T04:10:08.086Z   d_ix = c[is_ctx]
2026-09-15T04:10:08.086Z 
2026-09-15T04:10:08.086Z [2;36m[2026-09-15 04:10:08][0m [33mWARNING [0m [2m[py.warnings:112, db3cfb97005b, rank=0][0m /opt/conda/lib/python3.12/site-packages/olmo_core/nn/pooled_soft_token.py:181: UserWarning: called a synchronizing CUDA operation (Triggered internally at /pytorch/c10/cuda/CUDAFunctions.cpp:162.)
2026-09-15T04:10:08.087Z   pos_ix = is_ctx.nonzero(as_tuple=True)[0]
2026-09-15T04:10:08.087Z 
2026-09-15T04:10:08.087Z [2;36m[2026-09-15 04:10:08][0m [33mWARNING [0m [2m[py.warnings:112, db3cfb97005b, rank=1][0m /opt/conda/lib/python3.12/site-packages/olmo_core/nn/pooled_soft_token.py:181: UserWarning: called a synchronizing CUDA operation (Triggered internally at /pytorch/c10/cuda/CUDAFunctions.cpp:162.)
2026-09-15T04:10:08.087Z   pos_ix = is_ctx.nonzero(as_tuple=True)[0]
2026-09-15T04:10:08.087Z 
2026-09-15T04:10:08.087Z [2;36m[2026-09-15 04:10:08][0m [33mWARNING [0m [2m[py.warnings:112, db3cfb97005b, rank=1][0m /opt/conda/lib/python3.12/site-packages/olmo_core/nn/pooled_soft_token.py:186: UserWarning: called a synchronizing CUDA operation (Triggered internally at /pytorch/c10/cuda/CUDAFunctions.cpp:162.)
2026-09-15T04:10:08.087Z   pooled_docs = pooled.nonzero(as_tuple=True)[0]
2026-09-15T04:10:08.087Z 
2026-09-15T04:10:08.087Z [2;36m[2026-09-15 04:10:08][0m [33mWARNING [0m [2m[py.warnings:112, db3cfb97005b, rank=0][0m /opt/conda/lib/python3.12/site-packages/olmo_core/nn/pooled_soft_token.py:186: UserWarning: called a synchronizing CUDA operation (Triggered internally at /pytorch/c10/cuda/CUDAFunctions.cpp:162.)
2026-09-15T04:10:08.087Z   pooled_docs = pooled.nonzero(as_tuple=True)[0]
2026-09-15T04:10:08.087Z 
2026-09-15T04:10:08.088Z [2;36m[2026-09-15 04:10:08][0m [33mWARNING [0m [2m[py.warnings:112, db3cfb97005b, rank=1][0m /opt/conda/lib/python3.12/site-packages/olmo_core/nn/pooled_soft_token.py:217: UserWarning: called a synchronizing CUDA operation (Triggered internally at /pytorch/c10/cuda/CUDAFunctions.cpp:162.)
2026-09-15T04:10:08.088Z   doc_len = torch.bincount(c[is_ctx], minlength=n_docs) if is_ctx.any() else torch.zeros(n_docs, dtype=torch.long, device=device)
2026-09-15T04:10:08.088Z 
2026-09-15T04:10:08.088Z [2;36m[2026-09-15 04:10:08][0m [33mWARNING [0m [2m[py.warnings:112, db3cfb97005b, rank=0][0m /opt/conda/lib/python3.12/site-packages/olmo_core/nn/pooled_soft_token.py:217: UserWarning: called a synchronizing CUDA operation (Triggered internally at /pytorch/c10/cuda/CUDAFunctions.cpp:162.)
2026-09-15T04:10:08.088Z   doc_len = torch.bincount(c[is_ctx], minlength=n_docs) if is_ctx.any() else torch.zeros(n_docs, dtype=torch.long, device=device)
2026-09-15T04:10:08.088Z 
2026-09-15T04:10:08.089Z [2;36m[2026-09-15 04:10:08][0m [33mWARNING [0m [2m[py.warnings:112, db3cfb97005b, rank=1][0m /opt/conda/lib/python3.12/site-packages/olmo_core/nn/pooled_soft_token.py:222: UserWarning: called a synchronizing CUDA operation (Triggered internally at /pytorch/c10/cuda/CUDAFunctions.cpp:162.)
2026-09-15T04:10:08.089Z   soft_cols_b = soft_mask.nonzero(as_tuple=True)[0]
2026-09-15T04:10:08.089Z 
2026-09-15T04:10:08.089Z [2;36m[2026-09-15 04:10:08][0m [33mWARNING [0m [2m[py.warnings:112, db3cfb97005b, rank=0][0m /opt/conda/lib/python3.12/site-packages/olmo_core/nn/pooled_soft_token.py:222: UserWarning: called a synchronizing CUDA operation (Triggered internally at /pytorch/c10/cuda/CUDAFunctions.cpp:162.)
2026-09-15T04:10:08.089Z   soft_cols_b = soft_mask.nonzero(as_tuple=True)[0]
2026-09-15T04:10:08.089Z 
2026-09-15T04:10:08.089Z [2;36m[2026-09-15 04:10:08][0m [33mWARNING [0m [2m[py.warnings:112, db3cfb97005b, rank=1][0m /opt/conda/lib/python3.12/site-packages/olmo_core/nn/pooled_soft_token.py:226: UserWarning: called a synchronizing CUDA operation (Triggered internally at /pytorch/c10/cuda/CUDAFunctions.cpp:162.)
2026-09-15T04:10:08.089Z   cols_l = soft_cols_b.tolist()
2026-09-15T04:10:08.089Z 
2026-09-15T04:10:08.089Z [2;36m[2026-09-15 04:10:08][0m [33mWARNING [0m [2m[py.warnings:112, db3cfb97005b, rank=1][0m /opt/conda/lib/python3.12/site-packages/olmo_core/nn/pooled_soft_token.py:229: UserWarning: called a synchronizing CUDA operation (Triggered internally at /pytorch/c10/cuda/CUDAFunctions.cpp:162.)
2026-09-15T04:10:08.089Z   soft_docs += docs_b.tolist()
2026-09-15T04:10:08.089Z 
2026-09-15T04:10:08.090Z [2;36m[2026-09-15 04:10:08][0m [33mWARNING [0m [2m[py.warnings:112, db3cfb97005b, rank=0][0m /opt/conda/lib/python3.12/site-packages/olmo_core/nn/pooled_soft_token.py:226: UserWarning: called a synchronizing CUDA operation (Triggered internally at /pytorch/c10/cuda/CUDAFunctions.cpp:162.)
2026-09-15T04:10:08.090Z   cols_l = soft_cols_b.tolist()
2026-09-15T04:10:08.090Z 
2026-09-15T04:10:08.090Z [2;36m[2026-09-15 04:10:08][0m [33mWARNING [0m [2m[py.warnings:112, db3cfb97005b, rank=1][0m /opt/conda/lib/python3.12/site-packages/olmo_core/nn/pooled_soft_token.py:230: UserWarning: called a synchronizing CUDA operation (Triggered internally at /pytorch/c10/cuda/CUDAFunctions.cpp:162.)
2026-09-15T04:10:08.090Z   soft_log_len += lens_b.tolist()
2026-09-15T04:10:08.090Z 
2026-09-15T04:10:08.090Z [2;36m[2026-09-15 04:10:08][0m [33mWARNING [0m [2m[py.warnings:112, db3cfb97005b, rank=0][0m /opt/conda/lib/python3.12/site-packages/olmo_core/nn/pooled_soft_token.py:229: UserWarning: called a synchronizing CUDA operation (Triggered internally at /pytorch/c10/cuda/CUDAFunctions.cpp:162.)
2026-09-15T04:10:08.090Z   soft_docs += docs_b.tolist()
2026-09-15T04:10:08.090Z 
2026-09-15T04:10:08.090Z [2;36m[2026-09-15 04:10:08][0m [33mWARNING [0m [2m[py.warnings:112, db3cfb97005b, rank=0][0m /opt/conda/lib/python3.12/site-packages/olmo_core/nn/pooled_soft_token.py:230: UserWarning: called a synchronizing CUDA operation (Triggered internally at /pytorch/c10/cuda/CUDAFunctions.cpp:162.)
2026-09-15T04:10:08.090Z   soft_log_len += lens_b.tolist()
2026-09-15T04:10:08.090Z 
2026-09-15T04:10:08.092Z [2;36m[2026-09-15 04:10:08][0m [33mWARNING [0m [2m[py.warnings:112, db3cfb97005b, rank=1][0m /opt/conda/lib/python3.12/site-packages/olmo_core/nn/pooled_soft_token.py:280: UserWarning: called a synchronizing CUDA operation (Triggered internally at /pytorch/c10/cuda/CUDAFunctions.cpp:162.)
2026-09-15T04:10:08.092Z   row_lens[b] = L
2026-09-15T04:10:08.092Z 
2026-09-15T04:10:08.092Z [2;36m[2026-09-15 04:10:08][0m [33mWARNING [0m [2m[py.warnings:112, db3cfb97005b, rank=1][0m /opt/conda/lib/python3.12/site-packages/olmo_core/nn/pooled_soft_token.py:297: UserWarning: called a synchronizing CUDA operation (Triggered internally at /pytorch/c10/cuda/CUDAFunctions.cpp:162.)
2026-09-15T04:10:08.092Z   soft_rows=torch.tensor(soft_rows, dtype=torch.long, device=device),
2026-09-15T04:10:08.092Z 
2026-09-15T04:10:08.092Z [2;36m[2026-09-15 04:10:08][0m [33mWARNING [0m [2m[py.warnings:112, db3cfb97005b, rank=1][0m /opt/conda/lib/python3.12/site-packages/olmo_core/nn/pooled_soft_token.py:298: UserWarning: called a synchronizing CUDA operation (Triggered internally at /pytorch/c10/cuda/CUDAFunctions.cpp:162.)
2026-09-15T04:10:08.092Z   soft_cols=torch.tensor(soft_cols, dtype=torch.long, device=device),
2026-09-15T04:10:08.092Z 
2026-09-15T04:10:08.093Z [2;36m[2026-09-15 04:10:08][0m [33mWARNING [0m [2m[py.warnings:112, db3cfb97005b, rank=0][0m /opt/conda/lib/python3.12/site-packages/olmo_core/nn/pooled_soft_token.py:280: UserWarning: called a synchronizing CUDA operation (Triggered internally at /pytorch/c10/cuda/CUDAFunctions.cpp:162.)
2026-09-15T04:10:08.093Z   row_lens[b] = L
2026-09-15T04:10:08.093Z 
2026-09-15T04:10:08.093Z [2;36m[2026-09-15 04:10:08][0m [33mWARNING [0m [2m[py.warnings:112, db3cfb97005b, rank=1][0m /opt/conda/lib/python3.12/site-packages/olmo_core/nn/pooled_soft_token.py:299: UserWarning: called a synchronizing CUDA operation (Triggered internally at /pytorch/c10/cuda/CUDAFunctions.cpp:162.)
2026-09-15T04:10:08.093Z   soft_docs=torch.tensor(soft_docs, dtype=torch.long, device=device),
2026-09-15T04:10:08.093Z 
2026-09-15T04:10:08.093Z [2;36m[2026-09-15 04:10:08][0m [33mWARNING [0m [2m[py.warnings:112, db3cfb97005b, rank=1][0m /opt/conda/lib/python3.12/site-packages/olmo_core/nn/pooled_soft_token.py:301: UserWarning: called a synchronizing CUDA operation (Triggered internally at /pytorch/c10/cuda/CUDAFunctions.cpp:162.)
2026-09-15T04:10:08.093Z   soft_log_len=torch.tensor(soft_log_len, dtype=torch.float32, device=device),
2026-09-15T04:10:08.093Z 
2026-09-15T04:10:08.093Z [2;36m[2026-09-15 04:10:08][0m [33mWARNING [0m [2m[py.warnings:112, db3cfb97005b, rank=0][0m /opt/conda/lib/python3.12/site-packages/olmo_core/nn/pooled_soft_token.py:297: UserWarning: called a synchronizing CUDA operation (Triggered internally at /pytorch/c10/cuda/CUDAFunctions.cpp:162.)
2026-09-15T04:10:08.093Z   soft_rows=torch.tensor(soft_rows, dtype=torch.long, device=device),
2026-09-15T04:10:08.093Z 
2026-09-15T04:10:08.094Z [2;36m[2026-09-15 04:10:08][0m [33mWARNING [0m [2m[py.warnings:112, db3cfb97005b, rank=1][0m /opt/conda/lib/python3.12/site-packages/olmo_core/nn/transformer/model.py:1502: UserWarning: called a synchronizing CUDA operation (Triggered internally at /pytorch/c10/cuda/CUDAFunctions.cpp:162.)
2026-09-15T04:10:08.094Z   kv_grad_mask[cb.soft_rows, cb.soft_cols] = False
2026-09-15T04:10:08.094Z 
2026-09-15T04:10:08.094Z [2;36m[2026-09-15 04:10:08][0m [33mWARNING [0m [2m[py.warnings:112, db3cfb97005b, rank=0][0m /opt/conda/lib/python3.12/site-packages/olmo_core/nn/pooled_soft_token.py:298: UserWarning: called a synchronizing CUDA operation (Triggered internally at /pytorch/c10/cuda/CUDAFunctions.cpp:162.)
2026-09-15T04:10:08.094Z   soft_cols=torch.tensor(soft_cols, dtype=torch.long, device=device),
2026-09-15T04:10:08.094Z 
2026-09-15T04:10:08.094Z [2;36m[2026-09-15 04:10:08][0m [33mWARNING [0m [2m[py.warnings:112, db3cfb97005b, rank=0][0m /opt/conda/lib/python3.12/site-packages/olmo_core/nn/pooled_soft_token.py:299: UserWarning: called a synchronizing CUDA operation (Triggered internally at /pytorch/c10/cuda/CUDAFunctions.cpp:162.)
2026-09-15T04:10:08.094Z   soft_docs=torch.tensor(soft_docs, dtype=torch.long, device=device),
2026-09-15T04:10:08.094Z 
2026-09-15T04:10:08.095Z [2;36m[2026-09-15 04:10:08][0m [33mWARNING [0m [2m[py.warnings:112, db3cfb97005b, rank=0][0m /opt/conda/lib/python3.12/site-packages/olmo_core/nn/pooled_soft_token.py:301: UserWarning: called a synchronizing CUDA operation (Triggered internally at /pytorch/c10/cuda/CUDAFunctions.cpp:162.)
2026-09-15T04:10:08.095Z   soft_log_len=torch.tensor(soft_log_len, dtype=torch.float32, device=device),
2026-09-15T04:10:08.095Z 
2026-09-15T04:10:08.096Z [2;36m[2026-09-15 04:10:08][0m [33mWARNING [0m [2m[py.warnings:112, db3cfb97005b, rank=0][0m /opt/conda/lib/python3.12/site-packages/olmo_core/nn/transformer/model.py:1502: UserWarning: called a synchronizing CUDA operation (Triggered internally at /pytorch/c10/cuda/CUDAFunctions.cpp:162.)
2026-09-15T04:10:08.096Z   kv_grad_mask[cb.soft_rows, cb.soft_cols] = False
2026-09-15T04:10:08.096Z 
2026-09-15T04:10:08.274Z [2;36m[2026-09-15 04:10:08][0m [33mWARNING [0m [2m[py.warnings:112, db3cfb97005b, rank=1][0m /opt/conda/lib/python3.12/site-packages/liger_kernel/ops/fused_linear_cross_entropy.py:75: UserWarning: called a synchronizing CUDA operation (Triggered internally at /pytorch/c10/cuda/CUDAFunctions.cpp:162.)
2026-09-15T04:10:08.275Z   total_n_non_ignore = target_mask.sum().item()
2026-09-15T04:10:08.275Z 
2026-09-15T04:10:08.280Z [2;36m[2026-09-15 04:10:08][0m [33mWARNING [0m [2m[py.warnings:112, db3cfb97005b, rank=0][0m /opt/conda/lib/python3.12/site-packages/liger_kernel/ops/fused_linear_cross_entropy.py:75: UserWarning: called a synchronizing CUDA operation (Triggered internally at /pytorch/c10/cuda/CUDAFunctions.cpp:162.)
2026-09-15T04:10:08.280Z   total_n_non_ignore = target_mask.sum().item()
2026-09-15T04:10:08.280Z 
2026-09-15T04:10:08.969Z [2;36m[2026-09-15 04:10:08][0m [33mWARNING [0m [2m[py.warnings:112, db3cfb97005b, rank=1][0m /opt/conda/lib/python3.12/site-packages/liger_kernel/ops/fused_linear_cross_entropy.py:233: UserWarning: called a synchronizing CUDA operation (Triggered internally at /pytorch/c10/cuda/CUDAFunctions.cpp:162.)
2026-09-15T04:10:08.969Z   if not torch.equal(grad_output, torch.tensor(1.0, device=grad_output.device)):
2026-09-15T04:10:08.969Z 
2026-09-15T04:10:09.225Z [2;36m[2026-09-15 04:10:09][0m [33mWARNING [0m [2m[py.warnings:112, db3cfb97005b, rank=0][0m /opt/conda/lib/python3.12/site-packages/liger_kernel/ops/fused_linear_cross_entropy.py:233: UserWarning: called a synchronizing CUDA operation (Triggered internally at /pytorch/c10/cuda/CUDAFunctions.cpp:162.)
2026-09-15T04:10:09.225Z   if not torch.equal(grad_output, torch.tensor(1.0, device=grad_output.device)):
2026-09-15T04:10:09.225Z 
2026-09-15T04:10:10.003Z [2;36m[2026-09-15 04:10:10][0m [34mINFO    [0m [2m[olmo_core.train.callbacks.console_logger:68, db3cfb97005b, rank=0][0m [step=2/61,epoch=1,eta=1h42m]
2026-09-15T04:10:10.003Z     gpu_memory/GPU active mem (%)=75.91
2026-09-15T04:10:10.003Z     gpu_memory/GPU active mem (GiB)=60.16
2026-09-15T04:10:10.003Z     gpu_memory/GPU reserved mem (%)=81.25
2026-09-15T04:10:10.003Z     gpu_memory/GPU reserved mem (GiB)=64.39
2026-09-15T04:10:10.003Z     optim/LR (group 0)=5.00E-06
2026-09-15T04:10:10.003Z     optim/LR (group 1)=5.00E-06
2026-09-15T04:10:10.003Z     optim/step skipped=0.0
2026-09-15T04:10:10.003Z     optim/total grad norm=31.97
2026-09-15T04:10:10.003Z     throughput/chinchilla multiple=3.12E-06
2026-09-15T04:10:10.003Z     throughput/device/BPS=0.0095
2026-09-15T04:10:10.003Z     throughput/device/BPS (actual avg)=0.0095
2026-09-15T04:10:10.003Z     throughput/device/MFU=4.591
2026-09-15T04:10:10.003Z     throughput/device/MFU (actual avg)=4.591
2026-09-15T04:10:10.003Z     throughput/device/TPS=625.5
2026-09-15T04:10:10.003Z     throughput/device/TPS (actual avg)=625.5
2026-09-15T04:10:10.003Z     throughput/device/flopsPS=14.32T
2026-09-15T04:10:10.003Z     throughput/device/flopsPS (actual avg)=14.32T
2026-09-15T04:10:10.003Z     throughput/total petaflops=6.003
2026-09-15T04:10:10.003Z     throughput/total tokens=262,144
2026-09-15T04:10:10.003Z     train/CE loss=0.7451
2026-09-15T04:10:10.003Z     throughput/device/data loading (%)=0.0324
2026-09-15T04:10:10.003Z     throughput/device/data loading (s)=0.0340
2026-09-15T04:10:10.003Z     train/PPL=2.107
2026-09-15T04:10:11.915Z [2;36m[2026-09-15 04:10:11][0m [33mWARNING [0m [2m[py.warnings:112, db3cfb97005b, rank=0][0m /opt/conda/lib/python3.12/site-packages/torch/autograd/graph.py:841: UserWarning: called a synchronizing CUDA operation (Triggered internally at /pytorch/c10/cuda/CUDAFunctions.cpp:162.)
2026-09-15T04:10:11.915Z   return Variable._execution_engine.run_backward(  # Calls into the C++ engine to run the backward pass
2026-09-15T04:10:11.915Z 
2026-09-15T04:10:11.916Z [2;36m[2026-09-15 04:10:11][0m [33mWARNING [0m [2m[py.warnings:112, db3cfb97005b, rank=0][0m /opt/conda/lib/python3.12/site-packages/torch/distributed/utils.py:106: UserWarning: called a synchronizing CUDA operation (Triggered internally at /pytorch/c10/cuda/CUDAFunctions.cpp:162.)
2026-09-15T04:10:11.916Z   return (obj.to(target_device),)
2026-09-15T04:10:11.916Z 
2026-09-15T04:10:11.923Z [2;36m[2026-09-15 04:10:11][0m [33mWARNING [0m [2m[py.warnings:112, db3cfb97005b, rank=0][0m /opt/conda/lib/python3.12/site-packages/olmo_core/nn/transformer/model.py:777: UserWarning: called a synchronizing CUDA operation (Triggered internally at /pytorch/c10/cuda/CUDAFunctions.cpp:162.)
2026-09-15T04:10:11.923Z   n_docs = int(chunk_ids.max().item()) + 1
2026-09-15T04:10:11.924Z 
2026-09-15T04:10:11.932Z [2;36m[2026-09-15 04:10:11][0m [33mWARNING [0m [2m[py.warnings:112, db3cfb97005b, rank=0][0m /opt/conda/lib/python3.12/site-packages/olmo_core/nn/transformer/model.py:834: UserWarning: called a synchronizing CUDA operation (Triggered internally at /pytorch/c10/cuda/CUDAFunctions.cpp:162.)
2026-09-15T04:10:11.932Z   flat = (torch.arange(B, device=emb.device)[:, None] * n_docs + cid.clamp(min=0)).reshape(
2026-09-15T04:10:11.932Z 
2026-09-15T04:10:11.933Z [2;36m[2026-09-15 04:10:11][0m [33mWARNING [0m [2m[py.warnings:112, db3cfb97005b, rank=0][0m /opt/conda/lib/python3.12/site-packages/olmo_core/nn/transformer/model.py:838: UserWarning: called a synchronizing CUDA operation (Triggered internally at /pytorch/c10/cuda/CUDAFunctions.cpp:162.)
2026-09-15T04:10:11.933Z   0, flat, emb.reshape(B * T, D)[is_ctx.reshape(-1)]
2026-09-15T04:10:11.933Z 
2026-09-15T04:10:11.941Z [2;36m[2026-09-15 04:10:11][0m [33mWARNING [0m [2m[py.warnings:112, db3cfb97005b, rank=0][0m /opt/conda/lib/python3.12/site-packages/olmo_core/nn/pooled_soft_token.py:173: UserWarning: called a synchronizing CUDA operation (Triggered internally at /pytorch/c10/cuda/CUDAFunctions.cpp:162.)
2026-09-15T04:10:11.941Z   kept_idx = kept_tok.nonzero(as_tuple=True)[0]
2026-09-15T04:10:11.941Z 
2026-09-15T04:10:11.942Z [2;36m[2026-09-15 04:10:11][0m [33mWARNING [0m [2m[py.warnings:112, db3cfb97005b, rank=0][0m /opt/conda/lib/python3.12/site-packages/olmo_core/nn/pooled_soft_token.py:179: UserWarning: called a synchronizing CUDA operation (Triggered internally at /pytorch/c10/cuda/CUDAFunctions.cpp:162.)
2026-09-15T04:10:11.942Z   if is_ctx.any():
2026-09-15T04:10:11.942Z 
2026-09-15T04:10:11.942Z [2;36m[2026-09-15 04:10:11][0m [33mWARNING [0m [2m[py.warnings:112, db3cfb97005b, rank=0][0m /opt/conda/lib/python3.12/site-packages/olmo_core/nn/pooled_soft_token.py:180: UserWarning: called a synchronizing CUDA operation (Triggered internally at /pytorch/c10/cuda/CUDAFunctions.cpp:162.)
2026-09-15T04:10:11.942Z   d_ix = c[is_ctx]
2026-09-15T04:10:11.942Z 
2026-09-15T04:10:11.943Z [2;36m[2026-09-15 04:10:11][0m [33mWARNING [0m [2m[py.warnings:112, db3cfb97005b, rank=0][0m /opt/conda/lib/python3.12/site-packages/olmo_core/nn/pooled_soft_token.py:181: UserWarning: called a synchronizing CUDA operation (Triggered internally at /pytorch/c10/cuda/CUDAFunctions.cpp:162.)
2026-09-15T04:10:11.943Z   pos_ix = is_ctx.nonzero(as_tuple=True)[0]
2026-09-15T04:10:11.943Z 
2026-09-15T04:10:11.943Z [2;36m[2026-09-15 04:10:11][0m [33mWARNING [0m [2m[py.warnings:112, db3cfb97005b, rank=0][0m /opt/conda/lib/python3.12/site-packages/olmo_core/nn/pooled_soft_token.py:186: UserWarning: called a synchronizing CUDA operation (Triggered internally at /pytorch/c10/cuda/CUDAFunctions.cpp:162.)
2026-09-15T04:10:11.943Z   pooled_docs = pooled.nonzero(as_tuple=True)[0]
2026-09-15T04:10:11.943Z 
2026-09-15T04:10:11.944Z [2;36m[2026-09-15 04:10:11][0m [33mWARNING [0m [2m[py.warnings:112, db3cfb97005b, rank=0][0m /opt/conda/lib/python3.12/site-packages/olmo_core/nn/pooled_soft_token.py:217: UserWarning: called a synchronizing CUDA operation (Triggered internally at /pytorch/c10/cuda/CUDAFunctions.cpp:162.)
2026-09-15T04:10:11.944Z   doc_len = torch.bincount(c[is_ctx], minlength=n_docs) if is_ctx.any() else torch.zeros(n_docs, dtype=torch.long, device=device)
2026-09-15T04:10:11.944Z 
2026-09-15T04:10:11.945Z [2;36m[2026-09-15 04:10:11][0m [33mWARNING [0m [2m[py.warnings:112, db3cfb97005b, rank=0][0m /opt/conda/lib/python3.12/site-packages/olmo_core/nn/pooled_soft_token.py:222: UserWarning: called a synchronizing CUDA operation (Triggered internally at /pytorch/c10/cuda/CUDAFunctions.cpp:162.)
2026-09-15T04:10:11.945Z   soft_cols_b = soft_mask.nonzero(as_tuple=True)[0]
2026-09-15T04:10:11.945Z 
2026-09-15T04:10:11.946Z [2;36m[2026-09-15 04:10:11][0m [33mWARNING [0m [2m[py.warnings:112, db3cfb97005b, rank=0][0m /opt/conda/lib/python3.12/site-packages/olmo_core/nn/pooled_soft_token.py:226: UserWarning: called a synchronizing CUDA operation (Triggered internally at /pytorch/c10/cuda/CUDAFunctions.cpp:162.)
2026-09-15T04:10:11.946Z   cols_l = soft_cols_b.tolist()
2026-09-15T04:10:11.946Z 
2026-09-15T04:10:11.946Z [2;36m[2026-09-15 04:10:11][0m [33mWARNING [0m [2m[py.warnings:112, db3cfb97005b, rank=0][0m /opt/conda/lib/python3.12/site-packages/olmo_core/nn/pooled_soft_token.py:229: UserWarning: called a synchronizing CUDA operation (Triggered internally at /pytorch/c10/cuda/CUDAFunctions.cpp:162.)
2026-09-15T04:10:11.946Z   soft_docs += docs_b.tolist()
2026-09-15T04:10:11.946Z 
2026-09-15T04:10:11.946Z [2;36m[2026-09-15 04:10:11][0m [33mWARNING [0m [2m[py.warnings:112, db3cfb97005b, rank=0][0m /opt/conda/lib/python3.12/site-packages/olmo_core/nn/pooled_soft_token.py:230: UserWarning: called a synchronizing CUDA operation (Triggered internally at /pytorch/c10/cuda/CUDAFunctions.cpp:162.)
2026-09-15T04:10:11.946Z   soft_log_len += lens_b.tolist()
2026-09-15T04:10:11.946Z 
2026-09-15T04:10:11.948Z [2;36m[2026-09-15 04:10:11][0m [33mWARNING [0m [2m[py.warnings:112, db3cfb97005b, rank=0][0m /opt/conda/lib/python3.12/site-packages/olmo_core/nn/pooled_soft_token.py:280: UserWarning: called a synchronizing CUDA operation (Triggered internally at /pytorch/c10/cuda/CUDAFunctions.cpp:162.)
2026-09-15T04:10:11.948Z   row_lens[b] = L
2026-09-15T04:10:11.948Z 
2026-09-15T04:10:11.949Z [2;36m[2026-09-15 04:10:11][0m [33mWARNING [0m [2m[py.warnings:112, db3cfb97005b, rank=0][0m /opt/conda/lib/python3.12/site-packages/olmo_core/nn/pooled_soft_token.py:297: UserWarning: called a synchronizing CUDA operation (Triggered internally at /pytorch/c10/cuda/CUDAFunctions.cpp:162.)
2026-09-15T04:10:11.949Z   soft_rows=torch.tensor(soft_rows, dtype=torch.long, device=device),
2026-09-15T04:10:11.949Z 
2026-09-15T04:10:11.950Z [2;36m[2026-09-15 04:10:11][0m [33mWARNING [0m [2m[py.warnings:112, db3cfb97005b, rank=0][0m /opt/conda/lib/python3.12/site-packages/olmo_core/nn/pooled_soft_token.py:298: UserWarning: called a synchronizing CUDA operation (Triggered internally at /pytorch/c10/cuda/CUDAFunctions.cpp:162.)
2026-09-15T04:10:11.950Z   soft_cols=torch.tensor(soft_cols, dtype=torch.long, device=device),
2026-09-15T04:10:11.950Z 
2026-09-15T04:10:11.950Z [2;36m[2026-09-15 04:10:11][0m [33mWARNING [0m [2m[py.warnings:112, db3cfb97005b, rank=0][0m /opt/conda/lib/python3.12/site-packages/olmo_core/nn/pooled_soft_token.py:299: UserWarning: called a synchronizing CUDA operation (Triggered internally at /pytorch/c10/cuda/CUDAFunctions.cpp:162.)
2026-09-15T04:10:11.950Z   soft_docs=torch.tensor(soft_docs, dtype=torch.long, device=device),
2026-09-15T04:10:11.950Z 
2026-09-15T04:10:11.950Z [2;36m[2026-09-15 04:10:11][0m [33mWARNING [0m [2m[py.warnings:112, db3cfb97005b, rank=0][0m /opt/conda/lib/python3.12/site-packages/olmo_core/nn/pooled_soft_token.py:301: UserWarning: called a synchronizing CUDA operation (Triggered internally at /pytorch/c10/cuda/CUDAFunctions.cpp:162.)
2026-09-15T04:10:11.950Z   soft_log_len=torch.tensor(soft_log_len, dtype=torch.float32, device=device),
2026-09-15T04:10:11.950Z 
2026-09-15T04:10:11.951Z [2;36m[2026-09-15 04:10:11][0m [33mWARNING [0m [2m[py.warnings:112, db3cfb97005b, rank=0][0m /opt/conda/lib/python3.12/site-packages/olmo_core/nn/transformer/model.py:1502: UserWarning: called a synchronizing CUDA operation (Triggered internally at /pytorch/c10/cuda/CUDAFunctions.cpp:162.)
2026-09-15T04:10:11.951Z   kv_grad_mask[cb.soft_rows, cb.soft_cols] = False
2026-09-15T04:10:11.951Z 
2026-09-15T04:10:23.622Z [2;36m[2026-09-15 04:10:23][0m [33mWARNING [0m [2m[py.warnings:112, db3cfb97005b, rank=0][0m /opt/conda/lib/python3.12/site-packages/liger_kernel/ops/fused_linear_cross_entropy.py:75: UserWarning: called a synchronizing CUDA operation (Triggered internally at /pytorch/c10/cuda/CUDAFunctions.cpp:162.)
2026-09-15T04:10:23.622Z   total_n_non_ignore = target_mask.sum().item()
2026-09-15T04:10:23.622Z 
2026-09-15T04:10:24.255Z [2;36m[2026-09-15 04:10:24][0m [33mWARNING [0m [2m[py.warnings:112, db3cfb97005b, rank=0][0m /opt/conda/lib/python3.12/site-packages/liger_kernel/ops/fused_linear_cross_entropy.py:233: UserWarning: called a synchronizing CUDA operation (Triggered internally at /pytorch/c10/cuda/CUDAFunctions.cpp:162.)
2026-09-15T04:10:24.255Z   if not torch.equal(grad_output, torch.tensor(1.0, device=grad_output.device)):
2026-09-15T04:10:24.255Z 
2026-09-15T04:10:38.734Z [2;36m[2026-09-15 04:10:38][0m [33mWARNING [0m [2m[py.warnings:112, db3cfb97005b, rank=0][0m /opt/conda/lib/python3.12/site-packages/torch/autograd/graph.py:841: UserWarning: called a synchronizing CUDA operation (Triggered internally at /pytorch/c10/cuda/CUDAFunctions.cpp:162.)
2026-09-15T04:10:38.734Z   return Variable._execution_engine.run_backward(  # Calls into the C++ engine to run the backward pass
2026-09-15T04:10:38.734Z 
2026-09-15T04:10:38.735Z [2;36m[2026-09-15 04:10:38][0m [33mWARNING [0m [2m[py.warnings:112, db3cfb97005b, rank=0][0m /opt/conda/lib/python3.12/site-packages/torch/distributed/utils.py:106: UserWarning: called a synchronizing CUDA operation (Triggered internally at /pytorch/c10/cuda/CUDAFunctions.cpp:162.)
2026-09-15T04:10:38.735Z   return (obj.to(target_device),)
2026-09-15T04:10:38.735Z 
2026-09-15T04:10:38.744Z [2;36m[2026-09-15 04:10:38][0m [33mWARNING [0m [2m[py.warnings:112, db3cfb97005b, rank=0][0m /opt/conda/lib/python3.12/site-packages/olmo_core/nn/transformer/model.py:777: UserWarning: called a synchronizing CUDA operation (Triggered internally at /pytorch/c10/cuda/CUDAFunctions.cpp:162.)
2026-09-15T04:10:38.744Z   n_docs = int(chunk_ids.max().item()) + 1
2026-09-15T04:10:38.744Z 
2026-09-15T04:10:38.753Z [2;36m[2026-09-15 04:10:38][0m [33mWARNING [0m [2m[py.warnings:112, db3cfb97005b, rank=0][0m /opt/conda/lib/python3.12/site-packages/olmo_core/nn/transformer/model.py:834: UserWarning: called a synchronizing CUDA operation (Triggered internally at /pytorch/c10/cuda/CUDAFunctions.cpp:162.)
2026-09-15T04:10:38.753Z   flat = (torch.arange(B, device=emb.device)[:, None] * n_docs + cid.clamp(min=0)).reshape(
2026-09-15T04:10:38.753Z 
2026-09-15T04:10:38.753Z [2;36m[2026-09-15 04:10:38][0m [33mWARNING [0m [2m[py.warnings:112, db3cfb97005b, rank=0][0m /opt/conda/lib/python3.12/site-packages/olmo_core/nn/transformer/model.py:838: UserWarning: called a synchronizing CUDA operation (Triggered internally at /pytorch/c10/cuda/CUDAFunctions.cpp:162.)
2026-09-15T04:10:38.753Z   0, flat, emb.reshape(B * T, D)[is_ctx.reshape(-1)]
2026-09-15T04:10:38.753Z 
2026-09-15T04:10:38.763Z [2;36m[2026-09-15 04:10:38][0m [33mWARNING [0m [2m[py.warnings:112, db3cfb97005b, rank=0][0m /opt/conda/lib/python3.12/site-packages/olmo_core/nn/pooled_soft_token.py:173: UserWarning: called a synchronizing CUDA operation (Triggered internally at /pytorch/c10/cuda/CUDAFunctions.cpp:162.)
2026-09-15T04:10:38.763Z   kept_idx = kept_tok.nonzero(as_tuple=True)[0]
2026-09-15T04:10:38.763Z 
2026-09-15T04:10:38.764Z [2;36m[2026-09-15 04:10:38][0m [33mWARNING [0m [2m[py.warnings:112, db3cfb97005b, rank=0][0m /opt/conda/lib/python3.12/site-packages/olmo_core/nn/pooled_soft_token.py:179: UserWarning: called a synchronizing CUDA operation (Triggered internally at /pytorch/c10/cuda/CUDAFunctions.cpp:162.)
2026-09-15T04:10:38.764Z   if is_ctx.any():
2026-09-15T04:10:38.764Z 
2026-09-15T04:10:38.764Z [2;36m[2026-09-15 04:10:38][0m [33mWARNING [0m [2m[py.warnings:112, db3cfb97005b, rank=0][0m /opt/conda/lib/python3.12/site-packages/olmo_core/nn/pooled_soft_token.py:180: UserWarning: called a synchronizing CUDA operation (Triggered internally at /pytorch/c10/cuda/CUDAFunctions.cpp:162.)
2026-09-15T04:10:38.764Z   d_ix = c[is_ctx]
2026-09-15T04:10:38.764Z 
2026-09-15T04:10:38.765Z [2;36m[2026-09-15 04:10:38][0m [33mWARNING [0m [2m[py.warnings:112, db3cfb97005b, rank=0][0m /opt/conda/lib/python3.12/site-packages/olmo_core/nn/pooled_soft_token.py:181: UserWarning: called a synchronizing CUDA operation (Triggered internally at /pytorch/c10/cuda/CUDAFunctions.cpp:162.)
2026-09-15T04:10:38.765Z   pos_ix = is_ctx.nonzero(as_tuple=True)[0]
2026-09-15T04:10:38.765Z 
2026-09-15T04:10:38.765Z [2;36m[2026-09-15 04:10:38][0m [33mWARNING [0m [2m[py.warnings:112, db3cfb97005b, rank=0][0m /opt/conda/lib/python3.12/site-packages/olmo_core/nn/pooled_soft_token.py:186: UserWarning: called a synchronizing CUDA operation (Triggered internally at /pytorch/c10/cuda/CUDAFunctions.cpp:162.)
2026-09-15T04:10:38.765Z   pooled_docs = pooled.nonzero(as_tuple=True)[0]
2026-09-15T04:10:38.765Z 
2026-09-15T04:10:38.766Z [2;36m[2026-09-15 04:10:38][0m [33mWARNING [0m [2m[py.warnings:112, db3cfb97005b, rank=0][0m /opt/conda/lib/python3.12/site-packages/olmo_core/nn/pooled_soft_token.py:217: UserWarning: called a synchronizing CUDA operation (Triggered internally at /pytorch/c10/cuda/CUDAFunctions.cpp:162.)
2026-09-15T04:10:38.766Z   doc_len = torch.bincount(c[is_ctx], minlength=n_docs) if is_ctx.any() else torch.zeros(n_docs, dtype=torch.long, device=device)
2026-09-15T04:10:38.766Z 
2026-09-15T04:10:38.767Z [2;36m[2026-09-15 04:10:38][0m [33mWARNING [0m [2m[py.warnings:112, db3cfb97005b, rank=0][0m /opt/conda/lib/python3.12/site-packages/olmo_core/nn/pooled_soft_token.py:222: UserWarning: called a synchronizing CUDA operation (Triggered internally at /pytorch/c10/cuda/CUDAFunctions.cpp:162.)
2026-09-15T04:10:38.767Z   soft_cols_b = soft_mask.nonzero(as_tuple=True)[0]
2026-09-15T04:10:38.767Z 
2026-09-15T04:10:38.768Z [2;36m[2026-09-15 04:10:38][0m [33mWARNING [0m [2m[py.warnings:112, db3cfb97005b, rank=0][0m /opt/conda/lib/python3.12/site-packages/olmo_core/nn/pooled_soft_token.py:226: UserWarning: called a synchronizing CUDA operation (Triggered internally at /pytorch/c10/cuda/CUDAFunctions.cpp:162.)
2026-09-15T04:10:38.768Z   cols_l = soft_cols_b.tolist()
2026-09-15T04:10:38.768Z 
2026-09-15T04:10:38.768Z [2;36m[2026-09-15 04:10:38][0m [33mWARNING [0m [2m[py.warnings:112, db3cfb97005b, rank=0][0m /opt/conda/lib/python3.12/site-packages/olmo_core/nn/pooled_soft_token.py:229: UserWarning: called a synchronizing CUDA operation (Triggered internally at /pytorch/c10/cuda/CUDAFunctions.cpp:162.)
2026-09-15T04:10:38.768Z   soft_docs += docs_b.tolist()
2026-09-15T04:10:38.768Z 
2026-09-15T04:10:38.768Z [2;36m[2026-09-15 04:10:38][0m [33mWARNING [0m [2m[py.warnings:112, db3cfb97005b, rank=0][0m /opt/conda/lib/python3.12/site-packages/olmo_core/nn/pooled_soft_token.py:230: UserWarning: called a synchronizing CUDA operation (Triggered internally at /pytorch/c10/cuda/CUDAFunctions.cpp:162.)
2026-09-15T04:10:38.768Z   soft_log_len += lens_b.tolist()
2026-09-15T04:10:38.768Z 
2026-09-15T04:10:38.771Z [2;36m[2026-09-15 04:10:38][0m [33mWARNING [0m [2m[py.warnings:112, db3cfb97005b, rank=0][0m /opt/conda/lib/python3.12/site-packages/olmo_core/nn/pooled_soft_token.py:280: UserWarning: called a synchronizing CUDA operation (Triggered internally at /pytorch/c10/cuda/CUDAFunctions.cpp:162.)
2026-09-15T04:10:38.771Z   row_lens[b] = L
2026-09-15T04:10:38.771Z 
2026-09-15T04:10:38.771Z [2;36m[2026-09-15 04:10:38][0m [33mWARNING [0m [2m[py.warnings:112, db3cfb97005b, rank=0][0m /opt/conda/lib/python3.12/site-packages/olmo_core/nn/pooled_soft_token.py:297: UserWarning: called a synchronizing CUDA operation (Triggered internally at /pytorch/c10/cuda/CUDAFunctions.cpp:162.)
2026-09-15T04:10:38.771Z   soft_rows=torch.tensor(soft_rows, dtype=torch.long, device=device),
2026-09-15T04:10:38.771Z 
2026-09-15T04:10:38.772Z [2;36m[2026-09-15 04:10:38][0m [33mWARNING [0m [2m[py.warnings:112, db3cfb97005b, rank=0][0m /opt/conda/lib/python3.12/site-packages/olmo_core/nn/pooled_soft_token.py:298: UserWarning: called a synchronizing CUDA operation (Triggered internally at /pytorch/c10/cuda/CUDAFunctions.cpp:162.)
2026-09-15T04:10:38.772Z   soft_cols=torch.tensor(soft_cols, dtype=torch.long, device=device),
2026-09-15T04:10:38.772Z 
2026-09-15T04:10:38.772Z [2;36m[2026-09-15 04:10:38][0m [33mWARNING [0m [2m[py.warnings:112, db3cfb97005b, rank=0][0m /opt/conda/lib/python3.12/site-packages/olmo_core/nn/pooled_soft_token.py:299: UserWarning: called a synchronizing CUDA operation (Triggered internally at /pytorch/c10/cuda/CUDAFunctions.cpp:162.)
2026-09-15T04:10:38.772Z   soft_docs=torch.tensor(soft_docs, dtype=torch.long, device=device),
2026-09-15T04:10:38.772Z 
2026-09-15T04:10:38.773Z [2;36m[2026-09-15 04:10:38][0m [33mWARNING [0m [2m[py.warnings:112, db3cfb97005b, rank=0][0m /opt/conda/lib/python3.12/site-packages/olmo_core/nn/pooled_soft_token.py:301: UserWarning: called a synchronizing CUDA operation (Triggered internally at /pytorch/c10/cuda/CUDAFunctions.cpp:162.)
2026-09-15T04:10:38.773Z   soft_log_len=torch.tensor(soft_log_len, dtype=torch.float32, device=device),
2026-09-15T04:10:38.773Z 
2026-09-15T04:10:38.776Z [2;36m[2026-09-15 04:10:38][0m [33mWARNING [0m [2m[py.warnings:112, db3cfb97005b, rank=0][0m /opt/conda/lib/python3.12/site-packages/olmo_core/nn/transformer/model.py:1502: UserWarning: called a synchronizing CUDA operation (Triggered internally at /pytorch/c10/cuda/CUDAFunctions.cpp:162.)
2026-09-15T04:10:38.776Z   kv_grad_mask[cb.soft_rows, cb.soft_cols] = False
2026-09-15T04:10:38.776Z 
2026-09-15T04:10:50.480Z [2;36m[2026-09-15 04:10:50][0m [33mWARNING [0m [2m[py.warnings:112, db3cfb97005b, rank=0][0m /opt/conda/lib/python3.12/site-packages/liger_kernel/ops/fused_linear_cross_entropy.py:75: UserWarning: called a synchronizing CUDA operation (Triggered internally at /pytorch/c10/cuda/CUDAFunctions.cpp:162.)
2026-09-15T04:10:50.480Z   total_n_non_ignore = target_mask.sum().item()
2026-09-15T04:10:50.480Z 
2026-09-15T04:10:51.071Z [2;36m[2026-09-15 04:10:51][0m [33mWARNING [0m [2m[py.warnings:112, db3cfb97005b, rank=0][0m /opt/conda/lib/python3.12/site-packages/liger_kernel/ops/fused_linear_cross_entropy.py:233: UserWarning: called a synchronizing CUDA operation (Triggered internally at /pytorch/c10/cuda/CUDAFunctions.cpp:162.)
2026-09-15T04:10:51.071Z   if not torch.equal(grad_output, torch.tensor(1.0, device=grad_output.device)):
2026-09-15T04:10:51.071Z 
2026-09-15T04:11:05.881Z [2;36m[2026-09-15 04:11:05][0m [33mWARNING [0m [2m[py.warnings:112, db3cfb97005b, rank=0][0m /opt/conda/lib/python3.12/site-packages/torch/autograd/graph.py:841: UserWarning: called a synchronizing CUDA operation (Triggered internally at /pytorch/c10/cuda/CUDAFunctions.cpp:162.)
2026-09-15T04:11:05.881Z   return Variable._execution_engine.run_backward(  # Calls into the C++ engine to run the backward pass
2026-09-15T04:11:05.881Z 
2026-09-15T04:11:05.883Z [2;36m[2026-09-15 04:11:05][0m [33mWARNING [0m [2m[py.warnings:112, db3cfb97005b, rank=0][0m /opt/conda/lib/python3.12/site-packages/torch/distributed/utils.py:106: UserWarning: called a synchronizing CUDA operation (Triggered internally at /pytorch/c10/cuda/CUDAFunctions.cpp:162.)
2026-09-15T04:11:05.883Z   return (obj.to(target_device),)
2026-09-15T04:11:05.883Z 
2026-09-15T04:11:05.891Z [2;36m[2026-09-15 04:11:05][0m [33mWARNING [0m [2m[py.warnings:112, db3cfb97005b, rank=0][0m /opt/conda/lib/python3.12/site-packages/olmo_core/nn/transformer/model.py:777: UserWarning: called a synchronizing CUDA operation (Triggered internally at /pytorch/c10/cuda/CUDAFunctions.cpp:162.)
2026-09-15T04:11:05.891Z   n_docs = int(chunk_ids.max().item()) + 1
2026-09-15T04:11:05.891Z 
2026-09-15T04:11:05.901Z [2;36m[2026-09-15 04:11:05][0m [33mWARNING [0m [2m[py.warnings:112, db3cfb97005b, rank=0][0m /opt/conda/lib/python3.12/site-packages/olmo_core/nn/transformer/model.py:834: UserWarning: called a synchronizing CUDA operation (Triggered internally at /pytorch/c10/cuda/CUDAFunctions.cpp:162.)
2026-09-15T04:11:05.901Z   flat = (torch.arange(B, device=emb.device)[:, None] * n_docs + cid.clamp(min=0)).reshape(
2026-09-15T04:11:05.901Z 
2026-09-15T04:11:05.901Z [2;36m[2026-09-15 04:11:05][0m [33mWARNING [0m [2m[py.warnings:112, db3cfb97005b, rank=0][0m /opt/conda/lib/python3.12/site-packages/olmo_core/nn/transformer/model.py:838: UserWarning: called a synchronizing CUDA operation (Triggered internally at /pytorch/c10/cuda/CUDAFunctions.cpp:162.)
2026-09-15T04:11:05.901Z   0, flat, emb.reshape(B * T, D)[is_ctx.reshape(-1)]
2026-09-15T04:11:05.901Z 
2026-09-15T04:11:05.909Z [2;36m[2026-09-15 04:11:05][0m [33mWARNING [0m [2m[py.warnings:112, db3cfb97005b, rank=0][0m /opt/conda/lib/python3.12/site-packages/olmo_core/nn/pooled_soft_token.py:173: UserWarning: called a synchronizing CUDA operation (Triggered internally at /pytorch/c10/cuda/CUDAFunctions.cpp:162.)
2026-09-15T04:11:05.909Z   kept_idx = kept_tok.nonzero(as_tuple=True)[0]
2026-09-15T04:11:05.909Z 
2026-09-15T04:11:05.909Z [2;36m[2026-09-15 04:11:05][0m [33mWARNING [0m [2m[py.warnings:112, db3cfb97005b, rank=0][0m /opt/conda/lib/python3.12/site-packages/olmo_core/nn/pooled_soft_token.py:179: UserWarning: called a synchronizing CUDA operation (Triggered internally at /pytorch/c10/cuda/CUDAFunctions.cpp:162.)
2026-09-15T04:11:05.909Z   if is_ctx.any():
2026-09-15T04:11:05.909Z 
2026-09-15T04:11:05.910Z [2;36m[2026-09-15 04:11:05][0m [33mWARNING [0m [2m[py.warnings:112, db3cfb97005b, rank=0][0m /opt/conda/lib/python3.12/site-packages/olmo_core/nn/pooled_soft_token.py:180: UserWarning: called a synchronizing CUDA operation (Triggered internally at /pytorch/c10/cuda/CUDAFunctions.cpp:162.)
2026-09-15T04:11:05.910Z   d_ix = c[is_ctx]
2026-09-15T04:11:05.910Z 
2026-09-15T04:11:05.910Z [2;36m[2026-09-15 04:11:05][0m [33mWARNING [0m [2m[py.warnings:112, db3cfb97005b, rank=0][0m /opt/conda/lib/python3.12/site-packages/olmo_core/nn/pooled_soft_token.py:181: UserWarning: called a synchronizing CUDA operation (Triggered internally at /pytorch/c10/cuda/CUDAFunctions.cpp:162.)
2026-09-15T04:11:05.910Z   pos_ix = is_ctx.nonzero(as_tuple=True)[0]
2026-09-15T04:11:05.910Z 
2026-09-15T04:11:05.911Z [2;36m[2026-09-15 04:11:05][0m [33mWARNING [0m [2m[py.warnings:112, db3cfb97005b, rank=0][0m /opt/conda/lib/python3.12/site-packages/olmo_core/nn/pooled_soft_token.py:186: UserWarning: called a synchronizing CUDA operation (Triggered internally at /pytorch/c10/cuda/CUDAFunctions.cpp:162.)
2026-09-15T04:11:05.911Z   pooled_docs = pooled.nonzero(as_tuple=True)[0]
2026-09-15T04:11:05.911Z 
2026-09-15T04:11:05.912Z [2;36m[2026-09-15 04:11:05][0m [33mWARNING [0m [2m[py.warnings:112, db3cfb97005b, rank=0][0m /opt/conda/lib/python3.12/site-packages/olmo_core/nn/pooled_soft_token.py:217: UserWarning: called a synchronizing CUDA operation (Triggered internally at /pytorch/c10/cuda/CUDAFunctions.cpp:162.)
2026-09-15T04:11:05.912Z   doc_len = torch.bincount(c[is_ctx], minlength=n_docs) if is_ctx.any() else torch.zeros(n_docs, dtype=torch.long, device=device)
2026-09-15T04:11:05.912Z 
2026-09-15T04:11:05.913Z [2;36m[2026-09-15 04:11:05][0m [33mWARNING [0m [2m[py.warnings:112, db3cfb97005b, rank=0][0m /opt/conda/lib/python3.12/site-packages/olmo_core/nn/pooled_soft_token.py:222: UserWarning: called a synchronizing CUDA operation (Triggered internally at /pytorch/c10/cuda/CUDAFunctions.cpp:162.)
2026-09-15T04:11:05.913Z   soft_cols_b = soft_mask.nonzero(as_tuple=True)[0]
2026-09-15T04:11:05.913Z 
2026-09-15T04:11:05.913Z [2;36m[2026-09-15 04:11:05][0m [33mWARNING [0m [2m[py.warnings:112, db3cfb97005b, rank=0][0m /opt/conda/lib/python3.12/site-packages/olmo_core/nn/pooled_soft_token.py:226: UserWarning: called a synchronizing CUDA operation (Triggered internally at /pytorch/c10/cuda/CUDAFunctions.cpp:162.)
2026-09-15T04:11:05.913Z   cols_l = soft_cols_b.tolist()
2026-09-15T04:11:05.913Z 
2026-09-15T04:11:05.914Z [2;36m[2026-09-15 04:11:05][0m [33mWARNING [0m [2m[py.warnings:112, db3cfb97005b, rank=0][0m /opt/conda/lib/python3.12/site-packages/olmo_core/nn/pooled_soft_token.py:229: UserWarning: called a synchronizing CUDA operation (Triggered internally at /pytorch/c10/cuda/CUDAFunctions.cpp:162.)
2026-09-15T04:11:05.914Z   soft_docs += docs_b.tolist()
2026-09-15T04:11:05.914Z 
2026-09-15T04:11:05.914Z [2;36m[2026-09-15 04:11:05][0m [33mWARNING [0m [2m[py.warnings:112, db3cfb97005b, rank=0][0m /opt/conda/lib/python3.12/site-packages/olmo_core/nn/pooled_soft_token.py:230: UserWarning: called a synchronizing CUDA operation (Triggered internally at /pytorch/c10/cuda/CUDAFunctions.cpp:162.)
2026-09-15T04:11:05.914Z   soft_log_len += lens_b.tolist()
2026-09-15T04:11:05.914Z 
2026-09-15T04:11:05.917Z [2;36m[2026-09-15 04:11:05][0m [33mWARNING [0m [2m[py.warnings:112, db3cfb97005b, rank=0][0m /opt/conda/lib/python3.12/site-packages/olmo_core/nn/pooled_soft_token.py:280: UserWarning: called a synchronizing CUDA operation (Triggered internally at /pytorch/c10/cuda/CUDAFunctions.cpp:162.)
2026-09-15T04:11:05.917Z   row_lens[b] = L
2026-09-15T04:11:05.917Z 
2026-09-15T04:11:05.917Z [2;36m[2026-09-15 04:11:05][0m [33mWARNING [0m [2m[py.warnings:112, db3cfb97005b, rank=0][0m /opt/conda/lib/python3.12/site-packages/olmo_core/nn/pooled_soft_token.py:297: UserWarning: called a synchronizing CUDA operation (Triggered internally at /pytorch/c10/cuda/CUDAFunctions.cpp:162.)
2026-09-15T04:11:05.917Z   soft_rows=torch.tensor(soft_rows, dtype=torch.long, device=device),
2026-09-15T04:11:05.917Z 
2026-09-15T04:11:05.918Z [2;36m[2026-09-15 04:11:05][0m [33mWARNING [0m [2m[py.warnings:112, db3cfb97005b, rank=0][0m /opt/conda/lib/python3.12/site-packages/olmo_core/nn/pooled_soft_token.py:298: UserWarning: called a synchronizing CUDA operation (Triggered internally at /pytorch/c10/cuda/CUDAFunctions.cpp:162.)
2026-09-15T04:11:05.918Z   soft_cols=torch.tensor(soft_cols, dtype=torch.long, device=device),
2026-09-15T04:11:05.918Z 
2026-09-15T04:11:05.918Z [2;36m[2026-09-15 04:11:05][0m [33mWARNING [0m [2m[py.warnings:112, db3cfb97005b, rank=0][0m /opt/conda/lib/python3.12/site-packages/olmo_core/nn/pooled_soft_token.py:299: UserWarning: called a synchronizing CUDA operation (Triggered internally at /pytorch/c10/cuda/CUDAFunctions.cpp:162.)
2026-09-15T04:11:05.918Z   soft_docs=torch.tensor(soft_docs, dtype=torch.long, device=device),
2026-09-15T04:11:05.918Z 
2026-09-15T04:11:05.919Z [2;36m[2026-09-15 04:11:05][0m [33mWARNING [0m [2m[py.warnings:112, db3cfb97005b, rank=0][0m /opt/conda/lib/python3.12/site-packages/olmo_core/nn/pooled_soft_token.py:301: UserWarning: called a synchronizing CUDA operation (Triggered internally at /pytorch/c10/cuda/CUDAFunctions.cpp:162.)
2026-09-15T04:11:05.919Z   soft_log_len=torch.tensor(soft_log_len, dtype=torch.float32, device=device),
2026-09-15T04:11:05.919Z 
2026-09-15T04:11:05.920Z [2;36m[2026-09-15 04:11:05][0m [33mWARNING [0m [2m[py.warnings:112, db3cfb97005b, rank=0][0m /opt/conda/lib/python3.12/site-packages/olmo_core/nn/transformer/model.py:1502: UserWarning: called a synchronizing CUDA operation (Triggered internally at /pytorch/c10/cuda/CUDAFunctions.cpp:162.)
2026-09-15T04:11:05.920Z   kv_grad_mask[cb.soft_rows, cb.soft_cols] = False
2026-09-15T04:11:05.920Z 
2026-09-15T04:11:16.865Z [2;36m[2026-09-15 04:11:16][0m [33mWARNING [0m [2m[py.warnings:112, db3cfb97005b, rank=0][0m /opt/conda/lib/python3.12/site-packages/liger_kernel/ops/fused_linear_cross_entropy.py:75: UserWarning: called a synchronizing CUDA operation (Triggered internally at /pytorch/c10/cuda/CUDAFunctions.cpp:162.)
2026-09-15T04:11:16.865Z   total_n_non_ignore = target_mask.sum().item()
2026-09-15T04:11:16.865Z 
2026-09-15T04:11:17.395Z [2;36m[2026-09-15 04:11:17][0m [33mWARNING [0m [2m[py.warnings:112, db3cfb97005b, rank=0][0m /opt/conda/lib/python3.12/site-packages/liger_kernel/ops/fused_linear_cross_entropy.py:233: UserWarning: called a synchronizing CUDA operation (Triggered internally at /pytorch/c10/cuda/CUDAFunctions.cpp:162.)
2026-09-15T04:11:17.395Z   if not torch.equal(grad_output, torch.tensor(1.0, device=grad_output.device)):
2026-09-15T04:11:17.395Z 
2026-09-15T04:11:30.404Z [2;36m[2026-09-15 04:11:30][0m [33mWARNING [0m [2m[py.warnings:112, db3cfb97005b, rank=0][0m /opt/conda/lib/python3.12/site-packages/torch/autograd/graph.py:841: UserWarning: called a synchronizing CUDA operation (Triggered internally at /pytorch/c10/cuda/CUDAFunctions.cpp:162.)
2026-09-15T04:11:30.404Z   return Variable._execution_engine.run_backward(  # Calls into the C++ engine to run the backward pass
2026-09-15T04:11:30.404Z 
2026-09-15T04:11:30.406Z [2;36m[2026-09-15 04:11:30][0m [33mWARNING [0m [2m[py.warnings:112, db3cfb97005b, rank=0][0m /opt/conda/lib/python3.12/site-packages/torch/distributed/utils.py:106: UserWarning: called a synchronizing CUDA operation (Triggered internally at /pytorch/c10/cuda/CUDAFunctions.cpp:162.)
2026-09-15T04:11:30.406Z   return (obj.to(target_device),)
2026-09-15T04:11:30.406Z 
2026-09-15T04:11:30.416Z [2;36m[2026-09-15 04:11:30][0m [33mWARNING [0m [2m[py.warnings:112, db3cfb97005b, rank=0][0m /opt/conda/lib/python3.12/site-packages/olmo_core/nn/transformer/model.py:777: UserWarning: called a synchronizing CUDA operation (Triggered internally at /pytorch/c10/cuda/CUDAFunctions.cpp:162.)
2026-09-15T04:11:30.416Z   n_docs = int(chunk_ids.max().item()) + 1
2026-09-15T04:11:30.416Z 
2026-09-15T04:11:30.425Z [2;36m[2026-09-15 04:11:30][0m [33mWARNING [0m [2m[py.warnings:112, db3cfb97005b, rank=0][0m /opt/conda/lib/python3.12/site-packages/olmo_core/nn/transformer/model.py:834: UserWarning: called a synchronizing CUDA operation (Triggered internally at /pytorch/c10/cuda/CUDAFunctions.cpp:162.)
2026-09-15T04:11:30.425Z   flat = (torch.arange(B, device=emb.device)[:, None] * n_docs + cid.clamp(min=0)).reshape(
2026-09-15T04:11:30.425Z 
2026-09-15T04:11:30.426Z [2;36m[2026-09-15 04:11:30][0m [33mWARNING [0m [2m[py.warnings:112, db3cfb97005b, rank=0][0m /opt/conda/lib/python3.12/site-packages/olmo_core/nn/transformer/model.py:838: UserWarning: called a synchronizing CUDA operation (Triggered internally at /pytorch/c10/cuda/CUDAFunctions.cpp:162.)
2026-09-15T04:11:30.426Z   0, flat, emb.reshape(B * T, D)[is_ctx.reshape(-1)]
2026-09-15T04:11:30.426Z 
2026-09-15T04:11:30.434Z [2;36m[2026-09-15 04:11:30][0m [33mWARNING [0m [2m[py.warnings:112, db3cfb97005b, rank=0][0m /opt/conda/lib/python3.12/site-packages/olmo_core/nn/pooled_soft_token.py:173: UserWarning: called a synchronizing CUDA operation (Triggered internally at /pytorch/c10/cuda/CUDAFunctions.cpp:162.)
2026-09-15T04:11:30.434Z   kept_idx = kept_tok.nonzero(as_tuple=True)[0]
2026-09-15T04:11:30.434Z 
2026-09-15T04:11:30.434Z [2;36m[2026-09-15 04:11:30][0m [33mWARNING [0m [2m[py.warnings:112, db3cfb97005b, rank=0][0m /opt/conda/lib/python3.12/site-packages/olmo_core/nn/pooled_soft_token.py:179: UserWarning: called a synchronizing CUDA operation (Triggered internally at /pytorch/c10/cuda/CUDAFunctions.cpp:162.)
2026-09-15T04:11:30.434Z   if is_ctx.any():
2026-09-15T04:11:30.434Z 
2026-09-15T04:11:30.435Z [2;36m[2026-09-15 04:11:30][0m [33mWARNING [0m [2m[py.warnings:112, db3cfb97005b, rank=0][0m /opt/conda/lib/python3.12/site-packages/olmo_core/nn/pooled_soft_token.py:180: UserWarning: called a synchronizing CUDA operation (Triggered internally at /pytorch/c10/cuda/CUDAFunctions.cpp:162.)
2026-09-15T04:11:30.435Z   d_ix = c[is_ctx]
2026-09-15T04:11:30.435Z 
2026-09-15T04:11:30.435Z [2;36m[2026-09-15 04:11:30][0m [33mWARNING [0m [2m[py.warnings:112, db3cfb97005b, rank=0][0m /opt/conda/lib/python3.12/site-packages/olmo_core/nn/pooled_soft_token.py:181: UserWarning: called a synchronizing CUDA operation (Triggered internally at /pytorch/c10/cuda/CUDAFunctions.cpp:162.)
2026-09-15T04:11:30.435Z   pos_ix = is_ctx.nonzero(as_tuple=True)[0]
2026-09-15T04:11:30.435Z 
2026-09-15T04:11:30.436Z [2;36m[2026-09-15 04:11:30][0m [33mWARNING [0m [2m[py.warnings:112, db3cfb97005b, rank=0][0m /opt/conda/lib/python3.12/site-packages/olmo_core/nn/pooled_soft_token.py:186: UserWarning: called a synchronizing CUDA operation (Triggered internally at /pytorch/c10/cuda/CUDAFunctions.cpp:162.)
2026-09-15T04:11:30.436Z   pooled_docs = pooled.nonzero(as_tuple=True)[0]
2026-09-15T04:11:30.436Z 
2026-09-15T04:11:30.437Z [2;36m[2026-09-15 04:11:30][0m [33mWARNING [0m [2m[py.warnings:112, db3cfb97005b, rank=0][0m /opt/conda/lib/python3.12/site-packages/olmo_core/nn/pooled_soft_token.py:217: UserWarning: called a synchronizing CUDA operation (Triggered internally at /pytorch/c10/cuda/CUDAFunctions.cpp:162.)
2026-09-15T04:11:30.437Z   doc_len = torch.bincount(c[is_ctx], minlength=n_docs) if is_ctx.any() else torch.zeros(n_docs, dtype=torch.long, device=device)
2026-09-15T04:11:30.437Z 
2026-09-15T04:11:30.438Z [2;36m[2026-09-15 04:11:30][0m [33mWARNING [0m [2m[py.warnings:112, db3cfb97005b, rank=0][0m /opt/conda/lib/python3.12/site-packages/olmo_core/nn/pooled_soft_token.py:222: UserWarning: called a synchronizing CUDA operation (Triggered internally at /pytorch/c10/cuda/CUDAFunctions.cpp:162.)
2026-09-15T04:11:30.438Z   soft_cols_b = soft_mask.nonzero(as_tuple=True)[0]
2026-09-15T04:11:30.438Z 
2026-09-15T04:11:30.439Z [2;36m[2026-09-15 04:11:30][0m [33mWARNING [0m [2m[py.warnings:112, db3cfb97005b, rank=0][0m /opt/conda/lib/python3.12/site-packages/olmo_core/nn/pooled_soft_token.py:226: UserWarning: called a synchronizing CUDA operation (Triggered internally at /pytorch/c10/cuda/CUDAFunctions.cpp:162.)
2026-09-15T04:11:30.439Z   cols_l = soft_cols_b.tolist()
2026-09-15T04:11:30.439Z 
2026-09-15T04:11:30.439Z [2;36m[2026-09-15 04:11:30][0m [33mWARNING [0m [2m[py.warnings:112, db3cfb97005b, rank=0][0m /opt/conda/lib/python3.12/site-packages/olmo_core/nn/pooled_soft_token.py:229: UserWarning: called a synchronizing CUDA operation (Triggered internally at /pytorch/c10/cuda/CUDAFunctions.cpp:162.)
2026-09-15T04:11:30.439Z   soft_docs += docs_b.tolist()
2026-09-15T04:11:30.439Z 
2026-09-15T04:11:30.440Z [2;36m[2026-09-15 04:11:30][0m [33mWARNING [0m [2m[py.warnings:112, db3cfb97005b, rank=0][0m /opt/conda/lib/python3.12/site-packages/olmo_core/nn/pooled_soft_token.py:230: UserWarning: called a synchronizing CUDA operation (Triggered internally at /pytorch/c10/cuda/CUDAFunctions.cpp:162.)
2026-09-15T04:11:30.440Z   soft_log_len += lens_b.tolist()
2026-09-15T04:11:30.440Z 
2026-09-15T04:11:30.442Z [2;36m[2026-09-15 04:11:30][0m [33mWARNING [0m [2m[py.warnings:112, db3cfb97005b, rank=0][0m /opt/conda/lib/python3.12/site-packages/olmo_core/nn/pooled_soft_token.py:280: UserWarning: called a synchronizing CUDA operation (Triggered internally at /pytorch/c10/cuda/CUDAFunctions.cpp:162.)
2026-09-15T04:11:30.442Z   row_lens[b] = L
2026-09-15T04:11:30.442Z 
2026-09-15T04:11:30.442Z [2;36m[2026-09-15 04:11:30][0m [33mWARNING [0m [2m[py.warnings:112, db3cfb97005b, rank=0][0m /opt/conda/lib/python3.12/site-packages/olmo_core/nn/pooled_soft_token.py:297: UserWarning: called a synchronizing CUDA operation (Triggered internally at /pytorch/c10/cuda/CUDAFunctions.cpp:162.)
2026-09-15T04:11:30.442Z   soft_rows=torch.tensor(soft_rows, dtype=torch.long, device=device),
2026-09-15T04:11:30.442Z 
2026-09-15T04:11:30.443Z [2;36m[2026-09-15 04:11:30][0m [33mWARNING [0m [2m[py.warnings:112, db3cfb97005b, rank=0][0m /opt/conda/lib/python3.12/site-packages/olmo_core/nn/pooled_soft_token.py:298: UserWarning: called a synchronizing CUDA operation (Triggered internally at /pytorch/c10/cuda/CUDAFunctions.cpp:162.)
2026-09-15T04:11:30.443Z   soft_cols=torch.tensor(soft_cols, dtype=torch.long, device=device),
2026-09-15T04:11:30.443Z 
2026-09-15T04:11:30.443Z [2;36m[2026-09-15 04:11:30][0m [33mWARNING [0m [2m[py.warnings:112, db3cfb97005b, rank=0][0m /opt/conda/lib/python3.12/site-packages/olmo_core/nn/pooled_soft_token.py:299: UserWarning: called a synchronizing CUDA operation (Triggered internally at /pytorch/c10/cuda/CUDAFunctions.cpp:162.)
2026-09-15T04:11:30.443Z   soft_docs=torch.tensor(soft_docs, dtype=torch.long, device=device),
2026-09-15T04:11:30.443Z 
2026-09-15T04:11:30.444Z [2;36m[2026-09-15 04:11:30][0m [33mWARNING [0m [2m[py.warnings:112, db3cfb97005b, rank=0][0m /opt/conda/lib/python3.12/site-packages/olmo_core/nn/pooled_soft_token.py:301: UserWarning: called a synchronizing CUDA operation (Triggered internally at /pytorch/c10/cuda/CUDAFunctions.cpp:162.)
2026-09-15T04:11:30.444Z   soft_log_len=torch.tensor(soft_log_len, dtype=torch.float32, device=device),
2026-09-15T04:11:30.444Z 
2026-09-15T04:11:30.444Z [2;36m[2026-09-15 04:11:30][0m [33mWARNING [0m [2m[py.warnings:112, db3cfb97005b, rank=0][0m /opt/conda/lib/python3.12/site-packages/olmo_core/nn/transformer/model.py:1502: UserWarning: called a synchronizing CUDA operation (Triggered internally at /pytorch/c10/cuda/CUDAFunctions.cpp:162.)
2026-09-15T04:11:30.444Z   kv_grad_mask[cb.soft_rows, cb.soft_cols] = False
2026-09-15T04:11:30.444Z 
2026-09-15T04:11:30.602Z [2;36m[2026-09-15 04:11:30][0m [33mWARNING [0m [2m[py.warnings:112, db3cfb97005b, rank=0][0m /opt/conda/lib/python3.12/site-packages/liger_kernel/ops/fused_linear_cross_entropy.py:75: UserWarning: called a synchronizing CUDA operation (Triggered internally at /pytorch/c10/cuda/CUDAFunctions.cpp:162.)
2026-09-15T04:11:30.602Z   total_n_non_ignore = target_mask.sum().item()
2026-09-15T04:11:30.602Z 
2026-09-15T04:11:31.336Z [2;36m[2026-09-15 04:11:31][0m [33mWARNING [0m [2m[py.warnings:112, db3cfb97005b, rank=0][0m /opt/conda/lib/python3.12/site-packages/liger_kernel/ops/fused_linear_cross_entropy.py:233: UserWarning: called a synchronizing CUDA operation (Triggered internally at /pytorch/c10/cuda/CUDAFunctions.cpp:162.)
2026-09-15T04:11:31.336Z   if not torch.equal(grad_output, torch.tensor(1.0, device=grad_output.device)):
2026-09-15T04:11:31.336Z 
2026-09-15T04:11:46.016Z [2;36m[2026-09-15 04:11:46][0m [33mWARNING [0m [2m[py.warnings:112, db3cfb97005b, rank=1][0m /opt/conda/lib/python3.12/site-packages/liger_kernel/ops/fused_linear_cross_entropy.py:75: UserWarning: called a synchronizing CUDA operation (Triggered internally at /pytorch/c10/cuda/CUDAFunctions.cpp:162.)
2026-09-15T04:11:46.016Z   total_n_non_ignore = target_mask.sum().item()
2026-09-15T04:11:46.016Z 
2026-09-15T04:11:46.611Z [2;36m[2026-09-15 04:11:46][0m [33mWARNING [0m [2m[py.warnings:112, db3cfb97005b, rank=1][0m /opt/conda/lib/python3.12/site-packages/liger_kernel/ops/fused_linear_cross_entropy.py:233: UserWarning: called a synchronizing CUDA operation (Triggered internally at /pytorch/c10/cuda/CUDAFunctions.cpp:162.)
2026-09-15T04:11:46.611Z   if not torch.equal(grad_output, torch.tensor(1.0, device=grad_output.device)):
2026-09-15T04:11:46.611Z 
2026-09-15T04:12:01.093Z [2;36m[2026-09-15 04:12:01][0m [33mWARNING [0m [2m[py.warnings:112, db3cfb97005b, rank=1][0m /opt/conda/lib/python3.12/site-packages/torch/autograd/graph.py:841: UserWarning: called a synchronizing CUDA operation (Triggered internally at /pytorch/c10/cuda/CUDAFunctions.cpp:162.)
2026-09-15T04:12:01.093Z   return Variable._execution_engine.run_backward(  # Calls into the C++ engine to run the backward pass
2026-09-15T04:12:01.093Z 
2026-09-15T04:12:01.348Z [2;36m[2026-09-15 04:12:01][0m [33mWARNING [0m [2m[py.warnings:112, db3cfb97005b, rank=1][0m /opt/conda/lib/python3.12/site-packages/torch/distributed/utils.py:106: UserWarning: called a synchronizing CUDA operation (Triggered internally at /pytorch/c10/cuda/CUDAFunctions.cpp:162.)
2026-09-15T04:12:01.348Z   return (obj.to(target_device),)
2026-09-15T04:12:01.348Z 
2026-09-15T04:12:01.353Z [2;36m[2026-09-15 04:12:01][0m [34mINFO    [0m [2m[olmo_core.train.callbacks.console_logger:68, db3cfb97005b, rank=0][0m [step=3/61,epoch=1,eta=1h43m]
2026-09-15T04:12:01.353Z     gpu_memory/GPU active mem (%)=75.91
2026-09-15T04:12:01.353Z     gpu_memory/GPU active mem (GiB)=60.16
2026-09-15T04:12:01.353Z     gpu_memory/GPU reserved mem (%)=81.25
2026-09-15T04:12:01.353Z     gpu_memory/GPU reserved mem (GiB)=64.39
2026-09-15T04:12:01.353Z     optim/LR (group 0)=4.92E-06
2026-09-15T04:12:01.353Z     optim/LR (group 1)=4.92E-06
2026-09-15T04:12:01.353Z     optim/step skipped=0.0
2026-09-15T04:12:01.353Z     optim/total grad norm=17.13
2026-09-15T04:12:01.353Z     throughput/chinchilla multiple=4.67E-06
2026-09-15T04:12:01.353Z     throughput/device/BPS=0.0090
2026-09-15T04:12:01.353Z     throughput/device/BPS (actual avg)=0.0093
2026-09-15T04:12:01.353Z     throughput/device/MFU=4.320
2026-09-15T04:12:01.353Z     throughput/device/MFU (actual avg)=4.451
2026-09-15T04:12:01.353Z     throughput/device/TPS=588.6
2026-09-15T04:12:01.353Z     throughput/device/TPS (actual avg)=606.5
2026-09-15T04:12:01.353Z     throughput/device/flopsPS=13.48T
2026-09-15T04:12:01.353Z     throughput/device/flopsPS (actual avg)=13.89T
2026-09-15T04:12:01.353Z     throughput/total petaflops=9.004
2026-09-15T04:12:01.353Z     throughput/total tokens=393,216
2026-09-15T04:12:01.353Z     train/CE loss=0.5845
2026-09-15T04:12:01.353Z     throughput/device/data loading (%)=0.0049
2026-09-15T04:12:01.353Z     throughput/device/data loading (s)=0.0054
2026-09-15T04:12:01.353Z     train/PPL=1.794
2026-09-15T04:12:01.366Z [2;36m[2026-09-15 04:12:01][0m [33mWARNING [0m [2m[py.warnings:112, db3cfb97005b, rank=1][0m /opt/conda/lib/python3.12/site-packages/olmo_core/nn/transformer/model.py:834: UserWarning: called a synchronizing CUDA operation (Triggered internally at /pytorch/c10/cuda/CUDAFunctions.cpp:162.)
2026-09-15T04:12:01.366Z   flat = (torch.arange(B, device=emb.device)[:, None] * n_docs + cid.clamp(min=0)).reshape(
2026-09-15T04:12:01.366Z 
2026-09-15T04:12:01.366Z [2;36m[2026-09-15 04:12:01][0m [33mWARNING [0m [2m[py.warnings:112, db3cfb97005b, rank=1][0m /opt/conda/lib/python3.12/site-packages/olmo_core/nn/transformer/model.py:838: UserWarning: called a synchronizing CUDA operation (Triggered internally at /pytorch/c10/cuda/CUDAFunctions.cpp:162.)
2026-09-15T04:12:01.366Z   0, flat, emb.reshape(B * T, D)[is_ctx.reshape(-1)]
2026-09-15T04:12:01.366Z 
2026-09-15T04:12:01.376Z [2;36m[2026-09-15 04:12:01][0m [33mWARNING [0m [2m[py.warnings:112, db3cfb97005b, rank=1][0m /opt/conda/lib/python3.12/site-packages/olmo_core/nn/pooled_soft_token.py:173: UserWarning: called a synchronizing CUDA operation (Triggered internally at /pytorch/c10/cuda/CUDAFunctions.cpp:162.)
2026-09-15T04:12:01.376Z   kept_idx = kept_tok.nonzero(as_tuple=True)[0]
2026-09-15T04:12:01.376Z 
2026-09-15T04:12:01.376Z [2;36m[2026-09-15 04:12:01][0m [33mWARNING [0m [2m[py.warnings:112, db3cfb97005b, rank=1][0m /opt/conda/lib/python3.12/site-packages/olmo_core/nn/pooled_soft_token.py:179: UserWarning: called a synchronizing CUDA operation (Triggered internally at /pytorch/c10/cuda/CUDAFunctions.cpp:162.)
2026-09-15T04:12:01.376Z   if is_ctx.any():
2026-09-15T04:12:01.376Z 
2026-09-15T04:12:01.377Z [2;36m[2026-09-15 04:12:01][0m [33mWARNING [0m [2m[py.warnings:112, db3cfb97005b, rank=1][0m /opt/conda/lib/python3.12/site-packages/olmo_core/nn/pooled_soft_token.py:180: UserWarning: called a synchronizing CUDA operation (Triggered internally at /pytorch/c10/cuda/CUDAFunctions.cpp:162.)
2026-09-15T04:12:01.377Z   d_ix = c[is_ctx]
2026-09-15T04:12:01.377Z 
2026-09-15T04:12:01.377Z [2;36m[2026-09-15 04:12:01][0m [33mWARNING [0m [2m[py.warnings:112, db3cfb97005b, rank=1][0m /opt/conda/lib/python3.12/site-packages/olmo_core/nn/pooled_soft_token.py:181: UserWarning: called a synchronizing CUDA operation (Triggered internally at /pytorch/c10/cuda/CUDAFunctions.cpp:162.)
2026-09-15T04:12:01.377Z   pos_ix = is_ctx.nonzero(as_tuple=True)[0]
2026-09-15T04:12:01.377Z 
2026-09-15T04:12:01.377Z [2;36m[2026-09-15 04:12:01][0m [33mWARNING [0m [2m[py.warnings:112, db3cfb97005b, rank=1][0m /opt/conda/lib/python3.12/site-packages/olmo_core/nn/pooled_soft_token.py:186: UserWarning: called a synchronizing CUDA operation (Triggered internally at /pytorch/c10/cuda/CUDAFunctions.cpp:162.)
2026-09-15T04:12:01.377Z   pooled_docs = pooled.nonzero(as_tuple=True)[0]
2026-09-15T04:12:01.377Z 
2026-09-15T04:12:01.378Z [2;36m[2026-09-15 04:12:01][0m [33mWARNING [0m [2m[py.warnings:112, db3cfb97005b, rank=1][0m /opt/conda/lib/python3.12/site-packages/olmo_core/nn/pooled_soft_token.py:217: UserWarning: called a synchronizing CUDA operation (Triggered internally at /pytorch/c10/cuda/CUDAFunctions.cpp:162.)
2026-09-15T04:12:01.378Z   doc_len = torch.bincount(c[is_ctx], minlength=n_docs) if is_ctx.any() else torch.zeros(n_docs, dtype=torch.long, device=device)
2026-09-15T04:12:01.378Z 
2026-09-15T04:12:01.379Z [2;36m[2026-09-15 04:12:01][0m [33mWARNING [0m [2m[py.warnings:112, db3cfb97005b, rank=1][0m /opt/conda/lib/python3.12/site-packages/olmo_core/nn/pooled_soft_token.py:222: UserWarning: called a synchronizing CUDA operation (Triggered internally at /pytorch/c10/cuda/CUDAFunctions.cpp:162.)
2026-09-15T04:12:01.379Z   soft_cols_b = soft_mask.nonzero(as_tuple=True)[0]
2026-09-15T04:12:01.379Z 
2026-09-15T04:12:01.379Z [2;36m[2026-09-15 04:12:01][0m [33mWARNING [0m [2m[py.warnings:112, db3cfb97005b, rank=1][0m /opt/conda/lib/python3.12/site-packages/olmo_core/nn/pooled_soft_token.py:226: UserWarning: called a synchronizing CUDA operation (Triggered internally at /pytorch/c10/cuda/CUDAFunctions.cpp:162.)
2026-09-15T04:12:01.379Z   cols_l = soft_cols_b.tolist()
2026-09-15T04:12:01.379Z 
2026-09-15T04:12:01.380Z [2;36m[2026-09-15 04:12:01][0m [33mWARNING [0m [2m[py.warnings:112, db3cfb97005b, rank=1][0m /opt/conda/lib/python3.12/site-packages/olmo_core/nn/pooled_soft_token.py:229: UserWarning: called a synchronizing CUDA operation (Triggered internally at /pytorch/c10/cuda/CUDAFunctions.cpp:162.)
2026-09-15T04:12:01.380Z   soft_docs += docs_b.tolist()
2026-09-15T04:12:01.380Z 
2026-09-15T04:12:01.380Z [2;36m[2026-09-15 04:12:01][0m [33mWARNING [0m [2m[py.warnings:112, db3cfb97005b, rank=1][0m /opt/conda/lib/python3.12/site-packages/olmo_core/nn/pooled_soft_token.py:230: UserWarning: called a synchronizing CUDA operation (Triggered internally at /pytorch/c10/cuda/CUDAFunctions.cpp:162.)
2026-09-15T04:12:01.380Z   soft_log_len += lens_b.tolist()
2026-09-15T04:12:01.380Z 
2026-09-15T04:12:01.382Z [2;36m[2026-09-15 04:12:01][0m [33mWARNING [0m [2m[py.warnings:112, db3cfb97005b, rank=1][0m /opt/conda/lib/python3.12/site-packages/olmo_core/nn/pooled_soft_token.py:280: UserWarning: called a synchronizing CUDA operation (Triggered internally at /pytorch/c10/cuda/CUDAFunctions.cpp:162.)
2026-09-15T04:12:01.382Z   row_lens[b] = L
2026-09-15T04:12:01.382Z 
2026-09-15T04:12:01.382Z [2;36m[2026-09-15 04:12:01][0m [33mWARNING [0m [2m[py.warnings:112, db3cfb97005b, rank=1][0m /opt/conda/lib/python3.12/site-packages/olmo_core/nn/pooled_soft_token.py:297: UserWarning: called a synchronizing CUDA operation (Triggered internally at /pytorch/c10/cuda/CUDAFunctions.cpp:162.)
2026-09-15T04:12:01.382Z   soft_rows=torch.tensor(soft_rows, dtype=torch.long, device=device),
2026-09-15T04:12:01.382Z 
2026-09-15T04:12:01.382Z [2;36m[2026-09-15 04:12:01][0m [33mWARNING [0m [2m[py.warnings:112, db3cfb97005b, rank=1][0m /opt/conda/lib/python3.12/site-packages/olmo_core/nn/pooled_soft_token.py:298: UserWarning: called a synchronizing CUDA operation (Triggered internally at /pytorch/c10/cuda/CUDAFunctions.cpp:162.)
2026-09-15T04:12:01.382Z   soft_cols=torch.tensor(soft_cols, dtype=torch.long, device=device),
2026-09-15T04:12:01.382Z 
2026-09-15T04:12:01.383Z [2;36m[2026-09-15 04:12:01][0m [33mWARNING [0m [2m[py.warnings:112, db3cfb97005b, rank=1][0m /opt/conda/lib/python3.12/site-packages/olmo_core/nn/pooled_soft_token.py:299: UserWarning: called a synchronizing CUDA operation (Triggered internally at /pytorch/c10/cuda/CUDAFunctions.cpp:162.)
2026-09-15T04:12:01.383Z   soft_docs=torch.tensor(soft_docs, dtype=torch.long, device=device),
2026-09-15T04:12:01.383Z 
2026-09-15T04:12:01.383Z [2;36m[2026-09-15 04:12:01][0m [33mWARNING [0m [2m[py.warnings:112, db3cfb97005b, rank=1][0m /opt/conda/lib/python3.12/site-packages/olmo_core/nn/pooled_soft_token.py:301: UserWarning: called a synchronizing CUDA operation (Triggered internally at /pytorch/c10/cuda/CUDAFunctions.cpp:162.)
2026-09-15T04:12:01.383Z   soft_log_len=torch.tensor(soft_log_len, dtype=torch.float32, device=device),
2026-09-15T04:12:01.383Z 
2026-09-15T04:12:01.383Z [2;36m[2026-09-15 04:12:01][0m [33mWARNING [0m [2m[py.warnings:112, db3cfb97005b, rank=1][0m /opt/conda/lib/python3.12/site-packages/olmo_core/nn/transformer/model.py:1502: UserWarning: called a synchronizing CUDA operation (Triggered internally at /pytorch/c10/cuda/CUDAFunctions.cpp:162.)
2026-09-15T04:12:01.383Z   kv_grad_mask[cb.soft_rows, cb.soft_cols] = False
2026-09-15T04:12:01.383Z 
2026-09-15T04:12:11.976Z [2;36m[2026-09-15 04:12:11][0m [33mWARNING [0m [2m[py.warnings:112, db3cfb97005b, rank=1][0m /opt/conda/lib/python3.12/site-packages/liger_kernel/ops/fused_linear_cross_entropy.py:75: UserWarning: called a synchronizing CUDA operation (Triggered internally at /pytorch/c10/cuda/CUDAFunctions.cpp:162.)
2026-09-15T04:12:11.976Z   total_n_non_ignore = target_mask.sum().item()
2026-09-15T04:12:11.976Z 
2026-09-15T04:12:11.984Z [2;36m[2026-09-15 04:12:11][0m [33mWARNING [0m [2m[py.warnings:112, db3cfb97005b, rank=0][0m /opt/conda/lib/python3.12/site-packages/liger_kernel/ops/fused_linear_cross_entropy.py:75: UserWarning: called a synchronizing CUDA operation (Triggered internally at /pytorch/c10/cuda/CUDAFunctions.cpp:162.)
2026-09-15T04:12:11.984Z   total_n_non_ignore = target_mask.sum().item()
2026-09-15T04:12:11.984Z 
2026-09-15T04:12:12.605Z [2;36m[2026-09-15 04:12:12][0m [33mWARNING [0m [2m[py.warnings:112, db3cfb97005b, rank=0][0m /opt/conda/lib/python3.12/site-packages/liger_kernel/ops/fused_linear_cross_entropy.py:233: UserWarning: called a synchronizing CUDA operation (Triggered internally at /pytorch/c10/cuda/CUDAFunctions.cpp:162.)
2026-09-15T04:12:12.605Z   if not torch.equal(grad_output, torch.tensor(1.0, device=grad_output.device)):
2026-09-15T04:12:12.605Z 
2026-09-15T04:12:12.859Z [2;36m[2026-09-15 04:12:12][0m [33mWARNING [0m [2m[py.warnings:112, db3cfb97005b, rank=1][0m /opt/conda/lib/python3.12/site-packages/liger_kernel/ops/fused_linear_cross_entropy.py:233: UserWarning: called a synchronizing CUDA operation (Triggered internally at /pytorch/c10/cuda/CUDAFunctions.cpp:162.)
2026-09-15T04:12:12.859Z   if not torch.equal(grad_output, torch.tensor(1.0, device=grad_output.device)):
2026-09-15T04:12:12.859Z 
2026-09-15T04:12:25.522Z [2;36m[2026-09-15 04:12:25][0m [33mWARNING [0m [2m[py.warnings:112, db3cfb97005b, rank=0][0m /opt/conda/lib/python3.12/site-packages/torch/autograd/graph.py:841: UserWarning: called a synchronizing CUDA operation (Triggered internally at /pytorch/c10/cuda/CUDAFunctions.cpp:162.)
2026-09-15T04:12:25.522Z   return Variable._execution_engine.run_backward(  # Calls into the C++ engine to run the backward pass
2026-09-15T04:12:25.522Z 
2026-09-15T04:12:25.524Z [2;36m[2026-09-15 04:12:25][0m [33mWARNING [0m [2m[py.warnings:112, db3cfb97005b, rank=0][0m /opt/conda/lib/python3.12/site-packages/torch/distributed/utils.py:106: UserWarning: called a synchronizing CUDA operation (Triggered internally at /pytorch/c10/cuda/CUDAFunctions.cpp:162.)
2026-09-15T04:12:25.524Z   return (obj.to(target_device),)
2026-09-15T04:12:25.524Z 
2026-09-15T04:12:25.531Z [2;36m[2026-09-15 04:12:25][0m [33mWARNING [0m [2m[py.warnings:112, db3cfb97005b, rank=0][0m /opt/conda/lib/python3.12/site-packages/olmo_core/nn/transformer/model.py:777: UserWarning: called a synchronizing CUDA operation (Triggered internally at /pytorch/c10/cuda/CUDAFunctions.cpp:162.)
2026-09-15T04:12:25.531Z   n_docs = int(chunk_ids.max().item()) + 1
2026-09-15T04:12:25.531Z 
2026-09-15T04:12:25.532Z [2;36m[2026-09-15 04:12:25][0m [33mWARNING [0m [2m[py.warnings:112, db3cfb97005b, rank=1][0m /opt/conda/lib/python3.12/site-packages/olmo_core/nn/transformer/model.py:777: UserWarning: called a synchronizing CUDA operation (Triggered internally at /pytorch/c10/cuda/CUDAFunctions.cpp:162.)
2026-09-15T04:12:25.532Z   n_docs = int(chunk_ids.max().item()) + 1
2026-09-15T04:12:25.532Z 
2026-09-15T04:12:25.540Z [2;36m[2026-09-15 04:12:25][0m [33mWARNING [0m [2m[py.warnings:112, db3cfb97005b, rank=0][0m /opt/conda/lib/python3.12/site-packages/olmo_core/nn/transformer/model.py:834: UserWarning: called a synchronizing CUDA operation (Triggered internally at /pytorch/c10/cuda/CUDAFunctions.cpp:162.)
2026-09-15T04:12:25.540Z   flat = (torch.arange(B, device=emb.device)[:, None] * n_docs + cid.clamp(min=0)).reshape(
2026-09-15T04:12:25.540Z 
2026-09-15T04:12:25.541Z [2;36m[2026-09-15 04:12:25][0m [33mWARNING [0m [2m[py.warnings:112, db3cfb97005b, rank=0][0m /opt/conda/lib/python3.12/site-packages/olmo_core/nn/transformer/model.py:838: UserWarning: called a synchronizing CUDA operation (Triggered internally at /pytorch/c10/cuda/CUDAFunctions.cpp:162.)
2026-09-15T04:12:25.541Z   0, flat, emb.reshape(B * T, D)[is_ctx.reshape(-1)]
2026-09-15T04:12:25.541Z 
2026-09-15T04:12:25.549Z [2;36m[2026-09-15 04:12:25][0m [33mWARNING [0m [2m[py.warnings:112, db3cfb97005b, rank=0][0m /opt/conda/lib/python3.12/site-packages/olmo_core/nn/pooled_soft_token.py:173: UserWarning: called a synchronizing CUDA operation (Triggered internally at /pytorch/c10/cuda/CUDAFunctions.cpp:162.)
2026-09-15T04:12:25.549Z   kept_idx = kept_tok.nonzero(as_tuple=True)[0]
2026-09-15T04:12:25.549Z 
2026-09-15T04:12:25.549Z [2;36m[2026-09-15 04:12:25][0m [33mWARNING [0m [2m[py.warnings:112, db3cfb97005b, rank=0][0m /opt/conda/lib/python3.12/site-packages/olmo_core/nn/pooled_soft_token.py:179: UserWarning: called a synchronizing CUDA operation (Triggered internally at /pytorch/c10/cuda/CUDAFunctions.cpp:162.)
2026-09-15T04:12:25.549Z   if is_ctx.any():
2026-09-15T04:12:25.549Z 
2026-09-15T04:12:25.550Z [2;36m[2026-09-15 04:12:25][0m [33mWARNING [0m [2m[py.warnings:112, db3cfb97005b, rank=0][0m /opt/conda/lib/python3.12/site-packages/olmo_core/nn/pooled_soft_token.py:180: UserWarning: called a synchronizing CUDA operation (Triggered internally at /pytorch/c10/cuda/CUDAFunctions.cpp:162.)
2026-09-15T04:12:25.550Z   d_ix = c[is_ctx]
2026-09-15T04:12:25.550Z 
2026-09-15T04:12:25.550Z [2;36m[2026-09-15 04:12:25][0m [33mWARNING [0m [2m[py.warnings:112, db3cfb97005b, rank=0][0m /opt/conda/lib/python3.12/site-packages/olmo_core/nn/pooled_soft_token.py:181: UserWarning: called a synchronizing CUDA operation (Triggered internally at /pytorch/c10/cuda/CUDAFunctions.cpp:162.)
2026-09-15T04:12:25.550Z   pos_ix = is_ctx.nonzero(as_tuple=True)[0]
2026-09-15T04:12:25.550Z 
2026-09-15T04:12:25.551Z [2;36m[2026-09-15 04:12:25][0m [33mWARNING [0m [2m[py.warnings:112, db3cfb97005b, rank=0][0m /opt/conda/lib/python3.12/site-packages/olmo_core/nn/pooled_soft_token.py:186: UserWarning: called a synchronizing CUDA operation (Triggered internally at /pytorch/c10/cuda/CUDAFunctions.cpp:162.)
2026-09-15T04:12:25.551Z   pooled_docs = pooled.nonzero(as_tuple=True)[0]
2026-09-15T04:12:25.551Z 
2026-09-15T04:12:25.552Z [2;36m[2026-09-15 04:12:25][0m [33mWARNING [0m [2m[py.warnings:112, db3cfb97005b, rank=0][0m /opt/conda/lib/python3.12/site-packages/olmo_core/nn/pooled_soft_token.py:217: UserWarning: called a synchronizing CUDA operation (Triggered internally at /pytorch/c10/cuda/CUDAFunctions.cpp:162.)
2026-09-15T04:12:25.552Z   doc_len = torch.bincount(c[is_ctx], minlength=n_docs) if is_ctx.any() else torch.zeros(n_docs, dtype=torch.long, device=device)
2026-09-15T04:12:25.552Z 
2026-09-15T04:12:25.553Z [2;36m[2026-09-15 04:12:25][0m [33mWARNING [0m [2m[py.warnings:112, db3cfb97005b, rank=0][0m /opt/conda/lib/python3.12/site-packages/olmo_core/nn/pooled_soft_token.py:222: UserWarning: called a synchronizing CUDA operation (Triggered internally at /pytorch/c10/cuda/CUDAFunctions.cpp:162.)
2026-09-15T04:12:25.553Z   soft_cols_b = soft_mask.nonzero(as_tuple=True)[0]
2026-09-15T04:12:25.553Z 
2026-09-15T04:12:25.553Z [2;36m[2026-09-15 04:12:25][0m [33mWARNING [0m [2m[py.warnings:112, db3cfb97005b, rank=0][0m /opt/conda/lib/python3.12/site-packages/olmo_core/nn/pooled_soft_token.py:226: UserWarning: called a synchronizing CUDA operation (Triggered internally at /pytorch/c10/cuda/CUDAFunctions.cpp:162.)
2026-09-15T04:12:25.553Z   cols_l = soft_cols_b.tolist()
2026-09-15T04:12:25.553Z 
2026-09-15T04:12:25.554Z [2;36m[2026-09-15 04:12:25][0m [33mWARNING [0m [2m[py.warnings:112, db3cfb97005b, rank=0][0m /opt/conda/lib/python3.12/site-packages/olmo_core/nn/pooled_soft_token.py:229: UserWarning: called a synchronizing CUDA operation (Triggered internally at /pytorch/c10/cuda/CUDAFunctions.cpp:162.)
2026-09-15T04:12:25.554Z   soft_docs += docs_b.tolist()
2026-09-15T04:12:25.554Z 
2026-09-15T04:12:25.554Z [2;36m[2026-09-15 04:12:25][0m [33mWARNING [0m [2m[py.warnings:112, db3cfb97005b, rank=0][0m /opt/conda/lib/python3.12/site-packages/olmo_core/nn/pooled_soft_token.py:230: UserWarning: called a synchronizing CUDA operation (Triggered internally at /pytorch/c10/cuda/CUDAFunctions.cpp:162.)
2026-09-15T04:12:25.554Z   soft_log_len += lens_b.tolist()
2026-09-15T04:12:25.554Z 
2026-09-15T04:12:25.556Z [2;36m[2026-09-15 04:12:25][0m [33mWARNING [0m [2m[py.warnings:112, db3cfb97005b, rank=0][0m /opt/conda/lib/python3.12/site-packages/olmo_core/nn/pooled_soft_token.py:280: UserWarning: called a synchronizing CUDA operation (Triggered internally at /pytorch/c10/cuda/CUDAFunctions.cpp:162.)
2026-09-15T04:12:25.556Z   row_lens[b] = L
2026-09-15T04:12:25.556Z 
2026-09-15T04:12:25.557Z [2;36m[2026-09-15 04:12:25][0m [33mWARNING [0m [2m[py.warnings:112, db3cfb97005b, rank=0][0m /opt/conda/lib/python3.12/site-packages/olmo_core/nn/pooled_soft_token.py:297: UserWarning: called a synchronizing CUDA operation (Triggered internally at /pytorch/c10/cuda/CUDAFunctions.cpp:162.)
2026-09-15T04:12:25.557Z   soft_rows=torch.tensor(soft_rows, dtype=torch.long, device=device),
2026-09-15T04:12:25.557Z 
2026-09-15T04:12:25.557Z [2;36m[2026-09-15 04:12:25][0m [33mWARNING [0m [2m[py.warnings:112, db3cfb97005b, rank=0][0m /opt/conda/lib/python3.12/site-packages/olmo_core/nn/pooled_soft_token.py:298: UserWarning: called a synchronizing CUDA operation (Triggered internally at /pytorch/c10/cuda/CUDAFunctions.cpp:162.)
2026-09-15T04:12:25.557Z   soft_cols=torch.tensor(soft_cols, dtype=torch.long, device=device),
2026-09-15T04:12:25.557Z 
2026-09-15T04:12:25.558Z [2;36m[2026-09-15 04:12:25][0m [33mWARNING [0m [2m[py.warnings:112, db3cfb97005b, rank=0][0m /opt/conda/lib/python3.12/site-packages/olmo_core/nn/pooled_soft_token.py:299: UserWarning: called a synchronizing CUDA operation (Triggered internally at /pytorch/c10/cuda/CUDAFunctions.cpp:162.)
2026-09-15T04:12:25.558Z   soft_docs=torch.tensor(soft_docs, dtype=torch.long, device=device),
2026-09-15T04:12:25.558Z 
2026-09-15T04:12:25.558Z [2;36m[2026-09-15 04:12:25][0m [33mWARNING [0m [2m[py.warnings:112, db3cfb97005b, rank=0][0m /opt/conda/lib/python3.12/site-packages/olmo_core/nn/pooled_soft_token.py:301: UserWarning: called a synchronizing CUDA operation (Triggered internally at /pytorch/c10/cuda/CUDAFunctions.cpp:162.)
2026-09-15T04:12:25.558Z   soft_log_len=torch.tensor(soft_log_len, dtype=torch.float32, device=device),
2026-09-15T04:12:25.558Z 
2026-09-15T04:12:25.559Z [2;36m[2026-09-15 04:12:25][0m [33mWARNING [0m [2m[py.warnings:112, db3cfb97005b, rank=0][0m /opt/conda/lib/python3.12/site-packages/olmo_core/nn/transformer/model.py:1502: UserWarning: called a synchronizing CUDA operation (Triggered internally at /pytorch/c10/cuda/CUDAFunctions.cpp:162.)
2026-09-15T04:12:25.559Z   kv_grad_mask[cb.soft_rows, cb.soft_cols] = False
2026-09-15T04:12:25.559Z 
2026-09-15T04:12:25.745Z [2;36m[2026-09-15 04:12:25][0m [33mWARNING [0m [2m[py.warnings:112, db3cfb97005b, rank=0][0m /opt/conda/lib/python3.12/site-packages/liger_kernel/ops/fused_linear_cross_entropy.py:75: UserWarning: called a synchronizing CUDA operation (Triggered internally at /pytorch/c10/cuda/CUDAFunctions.cpp:162.)
2026-09-15T04:12:25.745Z   total_n_non_ignore = target_mask.sum().item()
2026-09-15T04:12:25.745Z 
2026-09-15T04:12:26.709Z [2;36m[2026-09-15 04:12:26][0m [33mWARNING [0m [2m[py.warnings:112, db3cfb97005b, rank=0][0m /opt/conda/lib/python3.12/site-packages/liger_kernel/ops/fused_linear_cross_entropy.py:233: UserWarning: called a synchronizing CUDA operation (Triggered internally at /pytorch/c10/cuda/CUDAFunctions.cpp:162.)
2026-09-15T04:12:26.709Z   if not torch.equal(grad_output, torch.tensor(1.0, device=grad_output.device)):
2026-09-15T04:12:26.709Z 
2026-09-15T04:12:39.827Z [2;36m[2026-09-15 04:12:39][0m [33mWARNING [0m [2m[py.warnings:112, db3cfb97005b, rank=0][0m /opt/conda/lib/python3.12/site-packages/liger_kernel/ops/fused_linear_cross_entropy.py:75: UserWarning: called a synchronizing CUDA operation (Triggered internally at /pytorch/c10/cuda/CUDAFunctions.cpp:162.)
2026-09-15T04:12:39.827Z   total_n_non_ignore = target_mask.sum().item()
2026-09-15T04:12:39.827Z 
2026-09-15T04:12:40.745Z [2;36m[2026-09-15 04:12:40][0m [33mWARNING [0m [2m[py.warnings:112, db3cfb97005b, rank=0][0m /opt/conda/lib/python3.12/site-packages/liger_kernel/ops/fused_linear_cross_entropy.py:233: UserWarning: called a synchronizing CUDA operation (Triggered internally at /pytorch/c10/cuda/CUDAFunctions.cpp:162.)
2026-09-15T04:12:40.745Z   if not torch.equal(grad_output, torch.tensor(1.0, device=grad_output.device)):
2026-09-15T04:12:40.745Z 
2026-09-15T04:12:54.765Z [2;36m[2026-09-15 04:12:54][0m [33mWARNING [0m [2m[py.warnings:112, db3cfb97005b, rank=0][0m /opt/conda/lib/python3.12/site-packages/torch/autograd/graph.py:841: UserWarning: called a synchronizing CUDA operation (Triggered internally at /pytorch/c10/cuda/CUDAFunctions.cpp:162.)
2026-09-15T04:12:54.765Z   return Variable._execution_engine.run_backward(  # Calls into the C++ engine to run the backward pass
2026-09-15T04:12:54.765Z 
2026-09-15T04:12:54.778Z [2;36m[2026-09-15 04:12:54][0m [33mWARNING [0m [2m[py.warnings:112, db3cfb97005b, rank=0][0m /opt/conda/lib/python3.12/site-packages/torch/distributed/utils.py:106: UserWarning: called a synchronizing CUDA operation (Triggered internally at /pytorch/c10/cuda/CUDAFunctions.cpp:162.)
2026-09-15T04:12:54.778Z   return (obj.to(target_device),)
2026-09-15T04:12:54.778Z 
2026-09-15T04:12:54.788Z [2;36m[2026-09-15 04:12:54][0m [33mWARNING [0m [2m[py.warnings:112, db3cfb97005b, rank=0][0m /opt/conda/lib/python3.12/site-packages/olmo_core/nn/transformer/model.py:777: UserWarning: called a synchronizing CUDA operation (Triggered internally at /pytorch/c10/cuda/CUDAFunctions.cpp:162.)
2026-09-15T04:12:54.788Z   n_docs = int(chunk_ids.max().item()) + 1
2026-09-15T04:12:54.788Z 
2026-09-15T04:12:54.797Z [2;36m[2026-09-15 04:12:54][0m [33mWARNING [0m [2m[py.warnings:112, db3cfb97005b, rank=0][0m /opt/conda/lib/python3.12/site-packages/olmo_core/nn/transformer/model.py:834: UserWarning: called a synchronizing CUDA operation (Triggered internally at /pytorch/c10/cuda/CUDAFunctions.cpp:162.)
2026-09-15T04:12:54.797Z   flat = (torch.arange(B, device=emb.device)[:, None] * n_docs + cid.clamp(min=0)).reshape(
2026-09-15T04:12:54.797Z 
2026-09-15T04:12:54.797Z [2;36m[2026-09-15 04:12:54][0m [33mWARNING [0m [2m[py.warnings:112, db3cfb97005b, rank=0][0m /opt/conda/lib/python3.12/site-packages/olmo_core/nn/transformer/model.py:838: UserWarning: called a synchronizing CUDA operation (Triggered internally at /pytorch/c10/cuda/CUDAFunctions.cpp:162.)
2026-09-15T04:12:54.797Z   0, flat, emb.reshape(B * T, D)[is_ctx.reshape(-1)]
2026-09-15T04:12:54.797Z 
2026-09-15T04:12:54.806Z [2;36m[2026-09-15 04:12:54][0m [33mWARNING [0m [2m[py.warnings:112, db3cfb97005b, rank=0][0m /opt/conda/lib/python3.12/site-packages/olmo_core/nn/pooled_soft_token.py:173: UserWarning: called a synchronizing CUDA operation (Triggered internally at /pytorch/c10/cuda/CUDAFunctions.cpp:162.)
2026-09-15T04:12:54.806Z   kept_idx = kept_tok.nonzero(as_tuple=True)[0]
2026-09-15T04:12:54.806Z 
2026-09-15T04:12:54.807Z [2;36m[2026-09-15 04:12:54][0m [33mWARNING [0m [2m[py.warnings:112, db3cfb97005b, rank=0][0m /opt/conda/lib/python3.12/site-packages/olmo_core/nn/pooled_soft_token.py:179: UserWarning: called a synchronizing CUDA operation (Triggered internally at /pytorch/c10/cuda/CUDAFunctions.cpp:162.)
2026-09-15T04:12:54.807Z   if is_ctx.any():
2026-09-15T04:12:54.807Z 
2026-09-15T04:12:54.807Z [2;36m[2026-09-15 04:12:54][0m [33mWARNING [0m [2m[py.warnings:112, db3cfb97005b, rank=0][0m /opt/conda/lib/python3.12/site-packages/olmo_core/nn/pooled_soft_token.py:180: UserWarning: called a synchronizing CUDA operation (Triggered internally at /pytorch/c10/cuda/CUDAFunctions.cpp:162.)
2026-09-15T04:12:54.807Z   d_ix = c[is_ctx]
2026-09-15T04:12:54.807Z 
2026-09-15T04:12:54.808Z [2;36m[2026-09-15 04:12:54][0m [33mWARNING [0m [2m[py.warnings:112, db3cfb97005b, rank=0][0m /opt/conda/lib/python3.12/site-packages/olmo_core/nn/pooled_soft_token.py:181: UserWarning: called a synchronizing CUDA operation (Triggered internally at /pytorch/c10/cuda/CUDAFunctions.cpp:162.)
2026-09-15T04:12:54.808Z   pos_ix = is_ctx.nonzero(as_tuple=True)[0]
2026-09-15T04:12:54.808Z 
2026-09-15T04:12:54.808Z [2;36m[2026-09-15 04:12:54][0m [33mWARNING [0m [2m[py.warnings:112, db3cfb97005b, rank=0][0m /opt/conda/lib/python3.12/site-packages/olmo_core/nn/pooled_soft_token.py:186: UserWarning: called a synchronizing CUDA operation (Triggered internally at /pytorch/c10/cuda/CUDAFunctions.cpp:162.)
2026-09-15T04:12:54.808Z   pooled_docs = pooled.nonzero(as_tuple=True)[0]
2026-09-15T04:12:54.808Z 
2026-09-15T04:12:54.809Z [2;36m[2026-09-15 04:12:54][0m [33mWARNING [0m [2m[py.warnings:112, db3cfb97005b, rank=0][0m /opt/conda/lib/python3.12/site-packages/olmo_core/nn/pooled_soft_token.py:217: UserWarning: called a synchronizing CUDA operation (Triggered internally at /pytorch/c10/cuda/CUDAFunctions.cpp:162.)
2026-09-15T04:12:54.809Z   doc_len = torch.bincount(c[is_ctx], minlength=n_docs) if is_ctx.any() else torch.zeros(n_docs, dtype=torch.long, device=device)
2026-09-15T04:12:54.809Z 
2026-09-15T04:12:54.810Z [2;36m[2026-09-15 04:12:54][0m [33mWARNING [0m [2m[py.warnings:112, db3cfb97005b, rank=0][0m /opt/conda/lib/python3.12/site-packages/olmo_core/nn/pooled_soft_token.py:222: UserWarning: called a synchronizing CUDA operation (Triggered internally at /pytorch/c10/cuda/CUDAFunctions.cpp:162.)
2026-09-15T04:12:54.810Z   soft_cols_b = soft_mask.nonzero(as_tuple=True)[0]
2026-09-15T04:12:54.810Z 
2026-09-15T04:12:54.811Z [2;36m[2026-09-15 04:12:54][0m [33mWARNING [0m [2m[py.warnings:112, db3cfb97005b, rank=0][0m /opt/conda/lib/python3.12/site-packages/olmo_core/nn/pooled_soft_token.py:226: UserWarning: called a synchronizing CUDA operation (Triggered internally at /pytorch/c10/cuda/CUDAFunctions.cpp:162.)
2026-09-15T04:12:54.811Z   cols_l = soft_cols_b.tolist()
2026-09-15T04:12:54.811Z 
2026-09-15T04:12:54.811Z [2;36m[2026-09-15 04:12:54][0m [33mWARNING [0m [2m[py.warnings:112, db3cfb97005b, rank=0][0m /opt/conda/lib/python3.12/site-packages/olmo_core/nn/pooled_soft_token.py:229: UserWarning: called a synchronizing CUDA operation (Triggered internally at /pytorch/c10/cuda/CUDAFunctions.cpp:162.)
2026-09-15T04:12:54.811Z   soft_docs += docs_b.tolist()
2026-09-15T04:12:54.811Z 
2026-09-15T04:12:54.811Z [2;36m[2026-09-15 04:12:54][0m [33mWARNING [0m [2m[py.warnings:112, db3cfb97005b, rank=0][0m /opt/conda/lib/python3.12/site-packages/olmo_core/nn/pooled_soft_token.py:230: UserWarning: called a synchronizing CUDA operation (Triggered internally at /pytorch/c10/cuda/CUDAFunctions.cpp:162.)
2026-09-15T04:12:54.811Z   soft_log_len += lens_b.tolist()
2026-09-15T04:12:54.811Z 
2026-09-15T04:12:54.813Z [2;36m[2026-09-15 04:12:54][0m [33mWARNING [0m [2m[py.warnings:112, db3cfb97005b, rank=0][0m /opt/conda/lib/python3.12/site-packages/olmo_core/nn/pooled_soft_token.py:280: UserWarning: called a synchronizing CUDA operation (Triggered internally at /pytorch/c10/cuda/CUDAFunctions.cpp:162.)
2026-09-15T04:12:54.813Z   row_lens[b] = L
2026-09-15T04:12:54.813Z 
2026-09-15T04:12:54.814Z [2;36m[2026-09-15 04:12:54][0m [33mWARNING [0m [2m[py.warnings:112, db3cfb97005b, rank=0][0m /opt/conda/lib/python3.12/site-packages/olmo_core/nn/pooled_soft_token.py:297: UserWarning: called a synchronizing CUDA operation (Triggered internally at /pytorch/c10/cuda/CUDAFunctions.cpp:162.)
2026-09-15T04:12:54.814Z   soft_rows=torch.tensor(soft_rows, dtype=torch.long, device=device),
2026-09-15T04:12:54.814Z 
2026-09-15T04:12:54.814Z [2;36m[2026-09-15 04:12:54][0m [33mWARNING [0m [2m[py.warnings:112, db3cfb97005b, rank=0][0m /opt/conda/lib/python3.12/site-packages/olmo_core/nn/pooled_soft_token.py:298: UserWarning: called a synchronizing CUDA operation (Triggered internally at /pytorch/c10/cuda/CUDAFunctions.cpp:162.)
2026-09-15T04:12:54.814Z   soft_cols=torch.tensor(soft_cols, dtype=torch.long, device=device),
2026-09-15T04:12:54.814Z 
2026-09-15T04:12:54.815Z [2;36m[2026-09-15 04:12:54][0m [33mWARNING [0m [2m[py.warnings:112, db3cfb97005b, rank=0][0m /opt/conda/lib/python3.12/site-packages/olmo_core/nn/pooled_soft_token.py:299: UserWarning: called a synchronizing CUDA operation (Triggered internally at /pytorch/c10/cuda/CUDAFunctions.cpp:162.)
2026-09-15T04:12:54.815Z   soft_docs=torch.tensor(soft_docs, dtype=torch.long, device=device),
2026-09-15T04:12:54.815Z 
2026-09-15T04:12:54.815Z [2;36m[2026-09-15 04:12:54][0m [33mWARNING [0m [2m[py.warnings:112, db3cfb97005b, rank=0][0m /opt/conda/lib/python3.12/site-packages/olmo_core/nn/pooled_soft_token.py:301: UserWarning: called a synchronizing CUDA operation (Triggered internally at /pytorch/c10/cuda/CUDAFunctions.cpp:162.)
2026-09-15T04:12:54.815Z   soft_log_len=torch.tensor(soft_log_len, dtype=torch.float32, device=device),
2026-09-15T04:12:54.815Z 
2026-09-15T04:12:54.816Z [2;36m[2026-09-15 04:12:54][0m [33mWARNING [0m [2m[py.warnings:112, db3cfb97005b, rank=0][0m /opt/conda/lib/python3.12/site-packages/olmo_core/nn/transformer/model.py:1502: UserWarning: called a synchronizing CUDA operation (Triggered internally at /pytorch/c10/cuda/CUDAFunctions.cpp:162.)
2026-09-15T04:12:54.816Z   kv_grad_mask[cb.soft_rows, cb.soft_cols] = False
2026-09-15T04:12:54.816Z 
2026-09-15T04:12:55.012Z [2;36m[2026-09-15 04:12:55][0m [33mWARNING [0m [2m[py.warnings:112, db3cfb97005b, rank=0][0m /opt/conda/lib/python3.12/site-packages/liger_kernel/ops/fused_linear_cross_entropy.py:75: UserWarning: called a synchronizing CUDA operation (Triggered internally at /pytorch/c10/cuda/CUDAFunctions.cpp:162.)
2026-09-15T04:12:55.012Z   total_n_non_ignore = target_mask.sum().item()
2026-09-15T04:12:55.012Z 
2026-09-15T04:12:55.551Z [2;36m[2026-09-15 04:12:55][0m [33mWARNING [0m [2m[py.warnings:112, db3cfb97005b, rank=0][0m /opt/conda/lib/python3.12/site-packages/liger_kernel/ops/fused_linear_cross_entropy.py:233: UserWarning: called a synchronizing CUDA operation (Triggered internally at /pytorch/c10/cuda/CUDAFunctions.cpp:162.)
2026-09-15T04:12:55.551Z   if not torch.equal(grad_output, torch.tensor(1.0, device=grad_output.device)):
2026-09-15T04:12:55.551Z 
2026-09-15T04:13:07.102Z [2;36m[2026-09-15 04:13:07][0m [33mWARNING [0m [2m[py.warnings:112, db3cfb97005b, rank=1][0m /opt/conda/lib/python3.12/site-packages/liger_kernel/ops/fused_linear_cross_entropy.py:75: UserWarning: called a synchronizing CUDA operation (Triggered internally at /pytorch/c10/cuda/CUDAFunctions.cpp:162.)
2026-09-15T04:13:07.102Z   total_n_non_ignore = target_mask.sum().item()
2026-09-15T04:13:07.102Z 
2026-09-15T04:13:07.646Z [2;36m[2026-09-15 04:13:07][0m [33mWARNING [0m [2m[py.warnings:112, db3cfb97005b, rank=1][0m /opt/conda/lib/python3.12/site-packages/liger_kernel/ops/fused_linear_cross_entropy.py:233: UserWarning: called a synchronizing CUDA operation (Triggered internally at /pytorch/c10/cuda/CUDAFunctions.cpp:162.)
2026-09-15T04:13:07.646Z   if not torch.equal(grad_output, torch.tensor(1.0, device=grad_output.device)):
2026-09-15T04:13:07.646Z 
2026-09-15T04:13:20.643Z [2;36m[2026-09-15 04:13:20][0m [33mWARNING [0m [2m[py.warnings:112, db3cfb97005b, rank=1][0m /opt/conda/lib/python3.12/site-packages/torch/autograd/graph.py:841: UserWarning: called a synchronizing CUDA operation (Triggered internally at /pytorch/c10/cuda/CUDAFunctions.cpp:162.)
2026-09-15T04:13:20.644Z   return Variable._execution_engine.run_backward(  # Calls into the C++ engine to run the backward pass
2026-09-15T04:13:20.644Z 
2026-09-15T04:13:20.656Z [2;36m[2026-09-15 04:13:20][0m [33mWARNING [0m [2m[py.warnings:112, db3cfb97005b, rank=1][0m /opt/conda/lib/python3.12/site-packages/torch/distributed/utils.py:106: UserWarning: called a synchronizing CUDA operation (Triggered internally at /pytorch/c10/cuda/CUDAFunctions.cpp:162.)
2026-09-15T04:13:20.656Z   return (obj.to(target_device),)
2026-09-15T04:13:20.656Z 
2026-09-15T04:13:20.666Z [2;36m[2026-09-15 04:13:20][0m [33mWARNING [0m [2m[py.warnings:112, db3cfb97005b, rank=1][0m /opt/conda/lib/python3.12/site-packages/olmo_core/nn/transformer/model.py:777: UserWarning: called a synchronizing CUDA operation (Triggered internally at /pytorch/c10/cuda/CUDAFunctions.cpp:162.)
2026-09-15T04:13:20.667Z   n_docs = int(chunk_ids.max().item()) + 1
2026-09-15T04:13:20.667Z 
2026-09-15T04:13:20.675Z [2;36m[2026-09-15 04:13:20][0m [33mWARNING [0m [2m[py.warnings:112, db3cfb97005b, rank=1][0m /opt/conda/lib/python3.12/site-packages/olmo_core/nn/transformer/model.py:834: UserWarning: called a synchronizing CUDA operation (Triggered internally at /pytorch/c10/cuda/CUDAFunctions.cpp:162.)
2026-09-15T04:13:20.675Z   flat = (torch.arange(B, device=emb.device)[:, None] * n_docs + cid.clamp(min=0)).reshape(
2026-09-15T04:13:20.675Z 
2026-09-15T04:13:20.676Z [2;36m[2026-09-15 04:13:20][0m [33mWARNING [0m [2m[py.warnings:112, db3cfb97005b, rank=1][0m /opt/conda/lib/python3.12/site-packages/olmo_core/nn/transformer/model.py:838: UserWarning: called a synchronizing CUDA operation (Triggered internally at /pytorch/c10/cuda/CUDAFunctions.cpp:162.)
2026-09-15T04:13:20.676Z   0, flat, emb.reshape(B * T, D)[is_ctx.reshape(-1)]
2026-09-15T04:13:20.676Z 
2026-09-15T04:13:20.683Z [2;36m[2026-09-15 04:13:20][0m [33mWARNING [0m [2m[py.warnings:112, db3cfb97005b, rank=1][0m /opt/conda/lib/python3.12/site-packages/olmo_core/nn/pooled_soft_token.py:173: UserWarning: called a synchronizing CUDA operation (Triggered internally at /pytorch/c10/cuda/CUDAFunctions.cpp:162.)
2026-09-15T04:13:20.683Z   kept_idx = kept_tok.nonzero(as_tuple=True)[0]
2026-09-15T04:13:20.683Z 
2026-09-15T04:13:20.684Z [2;36m[2026-09-15 04:13:20][0m [33mWARNING [0m [2m[py.warnings:112, db3cfb97005b, rank=1][0m /opt/conda/lib/python3.12/site-packages/olmo_core/nn/pooled_soft_token.py:179: UserWarning: called a synchronizing CUDA operation (Triggered internally at /pytorch/c10/cuda/CUDAFunctions.cpp:162.)
2026-09-15T04:13:20.684Z   if is_ctx.any():
2026-09-15T04:13:20.684Z 
2026-09-15T04:13:20.684Z [2;36m[2026-09-15 04:13:20][0m [33mWARNING [0m [2m[py.warnings:112, db3cfb97005b, rank=1][0m /opt/conda/lib/python3.12/site-packages/olmo_core/nn/pooled_soft_token.py:180: UserWarning: called a synchronizing CUDA operation (Triggered internally at /pytorch/c10/cuda/CUDAFunctions.cpp:162.)
2026-09-15T04:13:20.684Z   d_ix = c[is_ctx]
2026-09-15T04:13:20.684Z 
2026-09-15T04:13:20.684Z [2;36m[2026-09-15 04:13:20][0m [33mWARNING [0m [2m[py.warnings:112, db3cfb97005b, rank=1][0m /opt/conda/lib/python3.12/site-packages/olmo_core/nn/pooled_soft_token.py:181: UserWarning: called a synchronizing CUDA operation (Triggered internally at /pytorch/c10/cuda/CUDAFunctions.cpp:162.)
2026-09-15T04:13:20.684Z   pos_ix = is_ctx.nonzero(as_tuple=True)[0]
2026-09-15T04:13:20.684Z 
2026-09-15T04:13:20.685Z [2;36m[2026-09-15 04:13:20][0m [33mWARNING [0m [2m[py.warnings:112, db3cfb97005b, rank=1][0m /opt/conda/lib/python3.12/site-packages/olmo_core/nn/pooled_soft_token.py:186: UserWarning: called a synchronizing CUDA operation (Triggered internally at /pytorch/c10/cuda/CUDAFunctions.cpp:162.)
2026-09-15T04:13:20.685Z   pooled_docs = pooled.nonzero(as_tuple=True)[0]
2026-09-15T04:13:20.685Z 
2026-09-15T04:13:20.686Z [2;36m[2026-09-15 04:13:20][0m [33mWARNING [0m [2m[py.warnings:112, db3cfb97005b, rank=1][0m /opt/conda/lib/python3.12/site-packages/olmo_core/nn/pooled_soft_token.py:217: UserWarning: called a synchronizing CUDA operation (Triggered internally at /pytorch/c10/cuda/CUDAFunctions.cpp:162.)
2026-09-15T04:13:20.686Z   doc_len = torch.bincount(c[is_ctx], minlength=n_docs) if is_ctx.any() else torch.zeros(n_docs, dtype=torch.long, device=device)
2026-09-15T04:13:20.686Z 
2026-09-15T04:13:20.686Z [2;36m[2026-09-15 04:13:20][0m [33mWARNING [0m [2m[py.warnings:112, db3cfb97005b, rank=1][0m /opt/conda/lib/python3.12/site-packages/olmo_core/nn/pooled_soft_token.py:222: UserWarning: called a synchronizing CUDA operation (Triggered internally at /pytorch/c10/cuda/CUDAFunctions.cpp:162.)
2026-09-15T04:13:20.686Z   soft_cols_b = soft_mask.nonzero(as_tuple=True)[0]
2026-09-15T04:13:20.686Z 
2026-09-15T04:13:20.687Z [2;36m[2026-09-15 04:13:20][0m [33mWARNING [0m [2m[py.warnings:112, db3cfb97005b, rank=1][0m /opt/conda/lib/python3.12/site-packages/olmo_core/nn/pooled_soft_token.py:226: UserWarning: called a synchronizing CUDA operation (Triggered internally at /pytorch/c10/cuda/CUDAFunctions.cpp:162.)
2026-09-15T04:13:20.687Z   cols_l = soft_cols_b.tolist()
2026-09-15T04:13:20.687Z 
2026-09-15T04:13:20.687Z [2;36m[2026-09-15 04:13:20][0m [33mWARNING [0m [2m[py.warnings:112, db3cfb97005b, rank=1][0m /opt/conda/lib/python3.12/site-packages/olmo_core/nn/pooled_soft_token.py:229: UserWarning: called a synchronizing CUDA operation (Triggered internally at /pytorch/c10/cuda/CUDAFunctions.cpp:162.)
2026-09-15T04:13:20.687Z   soft_docs += docs_b.tolist()
2026-09-15T04:13:20.687Z 
2026-09-15T04:13:20.687Z [2;36m[2026-09-15 04:13:20][0m [33mWARNING [0m [2m[py.warnings:112, db3cfb97005b, rank=1][0m /opt/conda/lib/python3.12/site-packages/olmo_core/nn/pooled_soft_token.py:230: UserWarning: called a synchronizing CUDA operation (Triggered internally at /pytorch/c10/cuda/CUDAFunctions.cpp:162.)
2026-09-15T04:13:20.687Z   soft_log_len += lens_b.tolist()
2026-09-15T04:13:20.687Z 
2026-09-15T04:13:20.689Z [2;36m[2026-09-15 04:13:20][0m [33mWARNING [0m [2m[py.warnings:112, db3cfb97005b, rank=1][0m /opt/conda/lib/python3.12/site-packages/olmo_core/nn/pooled_soft_token.py:280: UserWarning: called a synchronizing CUDA operation (Triggered internally at /pytorch/c10/cuda/CUDAFunctions.cpp:162.)
2026-09-15T04:13:20.689Z   row_lens[b] = L
2026-09-15T04:13:20.689Z 
2026-09-15T04:13:20.690Z [2;36m[2026-09-15 04:13:20][0m [33mWARNING [0m [2m[py.warnings:112, db3cfb97005b, rank=1][0m /opt/conda/lib/python3.12/site-packages/olmo_core/nn/pooled_soft_token.py:297: UserWarning: called a synchronizing CUDA operation (Triggered internally at /pytorch/c10/cuda/CUDAFunctions.cpp:162.)
2026-09-15T04:13:20.690Z   soft_rows=torch.tensor(soft_rows, dtype=torch.long, device=device),
2026-09-15T04:13:20.690Z 
2026-09-15T04:13:20.690Z [2;36m[2026-09-15 04:13:20][0m [33mWARNING [0m [2m[py.warnings:112, db3cfb97005b, rank=1][0m /opt/conda/lib/python3.12/site-packages/olmo_core/nn/pooled_soft_token.py:298: UserWarning: called a synchronizing CUDA operation (Triggered internally at /pytorch/c10/cuda/CUDAFunctions.cpp:162.)
2026-09-15T04:13:20.690Z   soft_cols=torch.tensor(soft_cols, dtype=torch.long, device=device),
2026-09-15T04:13:20.690Z 
2026-09-15T04:13:20.690Z [2;36m[2026-09-15 04:13:20][0m [33mWARNING [0m [2m[py.warnings:112, db3cfb97005b, rank=1][0m /opt/conda/lib/python3.12/site-packages/olmo_core/nn/pooled_soft_token.py:299: UserWarning: called a synchronizing CUDA operation (Triggered internally at /pytorch/c10/cuda/CUDAFunctions.cpp:162.)
2026-09-15T04:13:20.690Z   soft_docs=torch.tensor(soft_docs, dtype=torch.long, device=device),
2026-09-15T04:13:20.690Z 
2026-09-15T04:13:20.691Z [2;36m[2026-09-15 04:13:20][0m [33mWARNING [0m [2m[py.warnings:112, db3cfb97005b, rank=1][0m /opt/conda/lib/python3.12/site-packages/olmo_core/nn/pooled_soft_token.py:301: UserWarning: called a synchronizing CUDA operation (Triggered internally at /pytorch/c10/cuda/CUDAFunctions.cpp:162.)
2026-09-15T04:13:20.691Z   soft_log_len=torch.tensor(soft_log_len, dtype=torch.float32, device=device),
2026-09-15T04:13:20.691Z 
2026-09-15T04:13:20.691Z [2;36m[2026-09-15 04:13:20][0m [33mWARNING [0m [2m[py.warnings:112, db3cfb97005b, rank=1][0m /opt/conda/lib/python3.12/site-packages/olmo_core/nn/transformer/model.py:1502: UserWarning: called a synchronizing CUDA operation (Triggered internally at /pytorch/c10/cuda/CUDAFunctions.cpp:162.)
2026-09-15T04:13:20.691Z   kv_grad_mask[cb.soft_rows, cb.soft_cols] = False
2026-09-15T04:13:20.691Z 
2026-09-15T04:13:20.876Z [2;36m[2026-09-15 04:13:20][0m [33mWARNING [0m [2m[py.warnings:112, db3cfb97005b, rank=1][0m /opt/conda/lib/python3.12/site-packages/liger_kernel/ops/fused_linear_cross_entropy.py:75: UserWarning: called a synchronizing CUDA operation (Triggered internally at /pytorch/c10/cuda/CUDAFunctions.cpp:162.)
2026-09-15T04:13:20.876Z   total_n_non_ignore = target_mask.sum().item()
2026-09-15T04:13:20.876Z 
2026-09-15T04:13:21.829Z [2;36m[2026-09-15 04:13:21][0m [33mWARNING [0m [2m[py.warnings:112, db3cfb97005b, rank=1][0m /opt/conda/lib/python3.12/site-packages/liger_kernel/ops/fused_linear_cross_entropy.py:233: UserWarning: called a synchronizing CUDA operation (Triggered internally at /pytorch/c10/cuda/CUDAFunctions.cpp:162.)
2026-09-15T04:13:21.829Z   if not torch.equal(grad_output, torch.tensor(1.0, device=grad_output.device)):
2026-09-15T04:13:21.829Z 
2026-09-15T04:13:24.305Z [2;36m[2026-09-15 04:13:24][0m [34mINFO    [0m [2m[olmo_core.train.callbacks.console_logger:68, db3cfb97005b, rank=0][0m [step=4/61,epoch=1,eta=1h34m]
2026-09-15T04:13:24.305Z     gpu_memory/GPU active mem (%)=75.91
2026-09-15T04:13:24.305Z     gpu_memory/GPU active mem (GiB)=60.16
2026-09-15T04:13:24.305Z     gpu_memory/GPU reserved mem (%)=81.25
2026-09-15T04:13:24.305Z     gpu_memory/GPU reserved mem (GiB)=64.39
2026-09-15T04:13:24.305Z     optim/LR (group 0)=4.83E-06
2026-09-15T04:13:24.305Z     optim/LR (group 1)=4.83E-06
2026-09-15T04:13:24.305Z     optim/step skipped=0.0
2026-09-15T04:13:24.305Z     optim/total grad norm=9.028
2026-09-15T04:13:24.305Z     throughput/chinchilla multiple=6.23E-06
2026-09-15T04:13:24.305Z     throughput/device/BPS=0.0121
2026-09-15T04:13:24.305Z     throughput/device/BPS (actual avg)=0.0100
2026-09-15T04:13:24.305Z     throughput/device/MFU=5.798
2026-09-15T04:13:24.305Z     throughput/device/MFU (actual avg)=4.825
2026-09-15T04:13:24.305Z     throughput/device/TPS=790.0
2026-09-15T04:13:24.305Z     throughput/device/TPS (actual avg)=657.4
2026-09-15T04:13:24.305Z     throughput/device/flopsPS=18.09T
2026-09-15T04:13:24.305Z     throughput/device/flopsPS (actual avg)=15.05T
2026-09-15T04:13:24.305Z     throughput/total petaflops=12.01
2026-09-15T04:13:24.305Z     throughput/total tokens=524,288
2026-09-15T04:13:24.305Z     train/CE loss=0.5073
2026-09-15T04:13:24.305Z     throughput/device/data loading (%)=0.0064
2026-09-15T04:13:24.305Z     throughput/device/data loading (s)=0.0053
2026-09-15T04:13:24.305Z     train/PPL=1.661
2026-09-15T04:13:29.412Z [2;36m[2026-09-15 04:13:29][0m [33mWARNING [0m [2m[py.warnings:112, db3cfb97005b, rank=0][0m /opt/conda/lib/python3.12/site-packages/torch/autograd/graph.py:841: UserWarning: called a synchronizing CUDA operation (Triggered internally at /pytorch/c10/cuda/CUDAFunctions.cpp:162.)
2026-09-15T04:13:29.412Z   return Variable._execution_engine.run_backward(  # Calls into the C++ engine to run the backward pass
2026-09-15T04:13:29.412Z 
2026-09-15T04:13:29.414Z [2;36m[2026-09-15 04:13:29][0m [33mWARNING [0m [2m[py.warnings:112, db3cfb97005b, rank=0][0m /opt/conda/lib/python3.12/site-packages/torch/distributed/utils.py:106: UserWarning: called a synchronizing CUDA operation (Triggered internally at /pytorch/c10/cuda/CUDAFunctions.cpp:162.)
2026-09-15T04:13:29.414Z   return (obj.to(target_device),)
2026-09-15T04:13:29.414Z 
2026-09-15T04:13:29.424Z [2;36m[2026-09-15 04:13:29][0m [33mWARNING [0m [2m[py.warnings:112, db3cfb97005b, rank=0][0m /opt/conda/lib/python3.12/site-packages/olmo_core/nn/transformer/model.py:777: UserWarning: called a synchronizing CUDA operation (Triggered internally at /pytorch/c10/cuda/CUDAFunctions.cpp:162.)
2026-09-15T04:13:29.424Z   n_docs = int(chunk_ids.max().item()) + 1
2026-09-15T04:13:29.424Z 
2026-09-15T04:13:29.432Z [2;36m[2026-09-15 04:13:29][0m [33mWARNING [0m [2m[py.warnings:112, db3cfb97005b, rank=0][0m /opt/conda/lib/python3.12/site-packages/olmo_core/nn/transformer/model.py:834: UserWarning: called a synchronizing CUDA operation (Triggered internally at /pytorch/c10/cuda/CUDAFunctions.cpp:162.)
2026-09-15T04:13:29.432Z   flat = (torch.arange(B, device=emb.device)[:, None] * n_docs + cid.clamp(min=0)).reshape(
2026-09-15T04:13:29.432Z 
2026-09-15T04:13:29.433Z [2;36m[2026-09-15 04:13:29][0m [33mWARNING [0m [2m[py.warnings:112, db3cfb97005b, rank=0][0m /opt/conda/lib/python3.12/site-packages/olmo_core/nn/transformer/model.py:838: UserWarning: called a synchronizing CUDA operation (Triggered internally at /pytorch/c10/cuda/CUDAFunctions.cpp:162.)
2026-09-15T04:13:29.433Z   0, flat, emb.reshape(B * T, D)[is_ctx.reshape(-1)]
2026-09-15T04:13:29.433Z 
2026-09-15T04:13:29.440Z [2;36m[2026-09-15 04:13:29][0m [33mWARNING [0m [2m[py.warnings:112, db3cfb97005b, rank=0][0m /opt/conda/lib/python3.12/site-packages/olmo_core/nn/pooled_soft_token.py:173: UserWarning: called a synchronizing CUDA operation (Triggered internally at /pytorch/c10/cuda/CUDAFunctions.cpp:162.)
2026-09-15T04:13:29.441Z   kept_idx = kept_tok.nonzero(as_tuple=True)[0]
2026-09-15T04:13:29.441Z 
2026-09-15T04:13:29.441Z [2;36m[2026-09-15 04:13:29][0m [33mWARNING [0m [2m[py.warnings:112, db3cfb97005b, rank=0][0m /opt/conda/lib/python3.12/site-packages/olmo_core/nn/pooled_soft_token.py:179: UserWarning: called a synchronizing CUDA operation (Triggered internally at /pytorch/c10/cuda/CUDAFunctions.cpp:162.)
2026-09-15T04:13:29.441Z   if is_ctx.any():
2026-09-15T04:13:29.441Z 
2026-09-15T04:13:29.441Z [2;36m[2026-09-15 04:13:29][0m [33mWARNING [0m [2m[py.warnings:112, db3cfb97005b, rank=0][0m /opt/conda/lib/python3.12/site-packages/olmo_core/nn/pooled_soft_token.py:180: UserWarning: called a synchronizing CUDA operation (Triggered internally at /pytorch/c10/cuda/CUDAFunctions.cpp:162.)
2026-09-15T04:13:29.441Z   d_ix = c[is_ctx]
2026-09-15T04:13:29.441Z 
2026-09-15T04:13:29.442Z [2;36m[2026-09-15 04:13:29][0m [33mWARNING [0m [2m[py.warnings:112, db3cfb97005b, rank=0][0m /opt/conda/lib/python3.12/site-packages/olmo_core/nn/pooled_soft_token.py:181: UserWarning: called a synchronizing CUDA operation (Triggered internally at /pytorch/c10/cuda/CUDAFunctions.cpp:162.)
2026-09-15T04:13:29.442Z   pos_ix = is_ctx.nonzero(as_tuple=True)[0]
2026-09-15T04:13:29.442Z 
2026-09-15T04:13:29.442Z [2;36m[2026-09-15 04:13:29][0m [33mWARNING [0m [2m[py.warnings:112, db3cfb97005b, rank=0][0m /opt/conda/lib/python3.12/site-packages/olmo_core/nn/pooled_soft_token.py:186: UserWarning: called a synchronizing CUDA operation (Triggered internally at /pytorch/c10/cuda/CUDAFunctions.cpp:162.)
2026-09-15T04:13:29.443Z   pooled_docs = pooled.nonzero(as_tuple=True)[0]
2026-09-15T04:13:29.443Z 
2026-09-15T04:13:29.443Z [2;36m[2026-09-15 04:13:29][0m [33mWARNING [0m [2m[py.warnings:112, db3cfb97005b, rank=0][0m /opt/conda/lib/python3.12/site-packages/olmo_core/nn/pooled_soft_token.py:217: UserWarning: called a synchronizing CUDA operation (Triggered internally at /pytorch/c10/cuda/CUDAFunctions.cpp:162.)
2026-09-15T04:13:29.443Z   doc_len = torch.bincount(c[is_ctx], minlength=n_docs) if is_ctx.any() else torch.zeros(n_docs, dtype=torch.long, device=device)
2026-09-15T04:13:29.443Z 
2026-09-15T04:13:29.444Z [2;36m[2026-09-15 04:13:29][0m [33mWARNING [0m [2m[py.warnings:112, db3cfb97005b, rank=0][0m /opt/conda/lib/python3.12/site-packages/olmo_core/nn/pooled_soft_token.py:222: UserWarning: called a synchronizing CUDA operation (Triggered internally at /pytorch/c10/cuda/CUDAFunctions.cpp:162.)
2026-09-15T04:13:29.444Z   soft_cols_b = soft_mask.nonzero(as_tuple=True)[0]
2026-09-15T04:13:29.444Z 
2026-09-15T04:13:29.445Z [2;36m[2026-09-15 04:13:29][0m [33mWARNING [0m [2m[py.warnings:112, db3cfb97005b, rank=0][0m /opt/conda/lib/python3.12/site-packages/olmo_core/nn/pooled_soft_token.py:226: UserWarning: called a synchronizing CUDA operation (Triggered internally at /pytorch/c10/cuda/CUDAFunctions.cpp:162.)
2026-09-15T04:13:29.445Z   cols_l = soft_cols_b.tolist()
2026-09-15T04:13:29.445Z 
2026-09-15T04:13:29.445Z [2;36m[2026-09-15 04:13:29][0m [33mWARNING [0m [2m[py.warnings:112, db3cfb97005b, rank=0][0m /opt/conda/lib/python3.12/site-packages/olmo_core/nn/pooled_soft_token.py:229: UserWarning: called a synchronizing CUDA operation (Triggered internally at /pytorch/c10/cuda/CUDAFunctions.cpp:162.)
2026-09-15T04:13:29.445Z   soft_docs += docs_b.tolist()
2026-09-15T04:13:29.445Z 
2026-09-15T04:13:29.446Z [2;36m[2026-09-15 04:13:29][0m [33mWARNING [0m [2m[py.warnings:112, db3cfb97005b, rank=0][0m /opt/conda/lib/python3.12/site-packages/olmo_core/nn/pooled_soft_token.py:230: UserWarning: called a synchronizing CUDA operation (Triggered internally at /pytorch/c10/cuda/CUDAFunctions.cpp:162.)
2026-09-15T04:13:29.446Z   soft_log_len += lens_b.tolist()
2026-09-15T04:13:29.446Z 
2026-09-15T04:13:29.448Z [2;36m[2026-09-15 04:13:29][0m [33mWARNING [0m [2m[py.warnings:112, db3cfb97005b, rank=0][0m /opt/conda/lib/python3.12/site-packages/olmo_core/nn/pooled_soft_token.py:280: UserWarning: called a synchronizing CUDA operation (Triggered internally at /pytorch/c10/cuda/CUDAFunctions.cpp:162.)
2026-09-15T04:13:29.448Z   row_lens[b] = L
2026-09-15T04:13:29.448Z 
2026-09-15T04:13:29.448Z [2;36m[2026-09-15 04:13:29][0m [33mWARNING [0m [2m[py.warnings:112, db3cfb97005b, rank=0][0m /opt/conda/lib/python3.12/site-packages/olmo_core/nn/pooled_soft_token.py:297: UserWarning: called a synchronizing CUDA operation (Triggered internally at /pytorch/c10/cuda/CUDAFunctions.cpp:162.)
2026-09-15T04:13:29.448Z   soft_rows=torch.tensor(soft_rows, dtype=torch.long, device=device),
2026-09-15T04:13:29.448Z 
2026-09-15T04:13:29.449Z [2;36m[2026-09-15 04:13:29][0m [33mWARNING [0m [2m[py.warnings:112, db3cfb97005b, rank=0][0m /opt/conda/lib/python3.12/site-packages/olmo_core/nn/pooled_soft_token.py:298: UserWarning: called a synchronizing CUDA operation (Triggered internally at /pytorch/c10/cuda/CUDAFunctions.cpp:162.)
2026-09-15T04:13:29.449Z   soft_cols=torch.tensor(soft_cols, dtype=torch.long, device=device),
2026-09-15T04:13:29.449Z 
2026-09-15T04:13:29.449Z [2;36m[2026-09-15 04:13:29][0m [33mWARNING [0m [2m[py.warnings:112, db3cfb97005b, rank=0][0m /opt/conda/lib/python3.12/site-packages/olmo_core/nn/pooled_soft_token.py:299: UserWarning: called a synchronizing CUDA operation (Triggered internally at /pytorch/c10/cuda/CUDAFunctions.cpp:162.)
2026-09-15T04:13:29.449Z   soft_docs=torch.tensor(soft_docs, dtype=torch.long, device=device),
2026-09-15T04:13:29.449Z 
2026-09-15T04:13:29.449Z [2;36m[2026-09-15 04:13:29][0m [33mWARNING [0m [2m[py.warnings:112, db3cfb97005b, rank=0][0m /opt/conda/lib/python3.12/site-packages/olmo_core/nn/pooled_soft_token.py:301: UserWarning: called a synchronizing CUDA operation (Triggered internally at /pytorch/c10/cuda/CUDAFunctions.cpp:162.)
2026-09-15T04:13:29.449Z   soft_log_len=torch.tensor(soft_log_len, dtype=torch.float32, device=device),
2026-09-15T04:13:29.449Z 
2026-09-15T04:13:29.450Z [2;36m[2026-09-15 04:13:29][0m [33mWARNING [0m [2m[py.warnings:112, db3cfb97005b, rank=0][0m /opt/conda/lib/python3.12/site-packages/olmo_core/nn/transformer/model.py:1502: UserWarning: called a synchronizing CUDA operation (Triggered internally at /pytorch/c10/cuda/CUDAFunctions.cpp:162.)
2026-09-15T04:13:29.450Z   kv_grad_mask[cb.soft_rows, cb.soft_cols] = False
2026-09-15T04:13:29.450Z 
2026-09-15T04:13:29.635Z [2;36m[2026-09-15 04:13:29][0m [33mWARNING [0m [2m[py.warnings:112, db3cfb97005b, rank=0][0m /opt/conda/lib/python3.12/site-packages/liger_kernel/ops/fused_linear_cross_entropy.py:75: UserWarning: called a synchronizing CUDA operation (Triggered internally at /pytorch/c10/cuda/CUDAFunctions.cpp:162.)
2026-09-15T04:13:29.635Z   total_n_non_ignore = target_mask.sum().item()
2026-09-15T04:13:29.635Z 
2026-09-15T04:13:30.569Z [2;36m[2026-09-15 04:13:30][0m [33mWARNING [0m [2m[py.warnings:112, db3cfb97005b, rank=0][0m /opt/conda/lib/python3.12/site-packages/liger_kernel/ops/fused_linear_cross_entropy.py:233: UserWarning: called a synchronizing CUDA operation (Triggered internally at /pytorch/c10/cuda/CUDAFunctions.cpp:162.)
2026-09-15T04:13:30.569Z   if not torch.equal(grad_output, torch.tensor(1.0, device=grad_output.device)):
2026-09-15T04:13:30.569Z 
2026-09-15T04:13:44.816Z [2;36m[2026-09-15 04:13:44][0m [33mWARNING [0m [2m[py.warnings:112, db3cfb97005b, rank=0][0m /opt/conda/lib/python3.12/site-packages/liger_kernel/ops/fused_linear_cross_entropy.py:75: UserWarning: called a synchronizing CUDA operation (Triggered internally at /pytorch/c10/cuda/CUDAFunctions.cpp:162.)
2026-09-15T04:13:44.816Z   total_n_non_ignore = target_mask.sum().item()
2026-09-15T04:13:44.816Z 
2026-09-15T04:13:45.719Z [2;36m[2026-09-15 04:13:45][0m [33mWARNING [0m [2m[py.warnings:112, db3cfb97005b, rank=0][0m /opt/conda/lib/python3.12/site-packages/liger_kernel/ops/fused_linear_cross_entropy.py:233: UserWarning: called a synchronizing CUDA operation (Triggered internally at /pytorch/c10/cuda/CUDAFunctions.cpp:162.)
2026-09-15T04:13:45.719Z   if not torch.equal(grad_output, torch.tensor(1.0, device=grad_output.device)):
2026-09-15T04:13:45.719Z 
2026-09-15T04:13:58.330Z [2;36m[2026-09-15 04:13:58][0m [33mWARNING [0m [2m[py.warnings:112, db3cfb97005b, rank=0][0m /opt/conda/lib/python3.12/site-packages/torch/autograd/graph.py:841: UserWarning: called a synchronizing CUDA operation (Triggered internally at /pytorch/c10/cuda/CUDAFunctions.cpp:162.)
2026-09-15T04:13:58.330Z   return Variable._execution_engine.run_backward(  # Calls into the C++ engine to run the backward pass
2026-09-15T04:13:58.330Z 
2026-09-15T04:13:58.332Z [2;36m[2026-09-15 04:13:58][0m [33mWARNING [0m [2m[py.warnings:112, db3cfb97005b, rank=0][0m /opt/conda/lib/python3.12/site-packages/torch/distributed/utils.py:106: UserWarning: called a synchronizing CUDA operation (Triggered internally at /pytorch/c10/cuda/CUDAFunctions.cpp:162.)
2026-09-15T04:13:58.332Z   return (obj.to(target_device),)
2026-09-15T04:13:58.332Z 
2026-09-15T04:13:58.342Z [2;36m[2026-09-15 04:13:58][0m [33mWARNING [0m [2m[py.warnings:112, db3cfb97005b, rank=0][0m /opt/conda/lib/python3.12/site-packages/olmo_core/nn/transformer/model.py:777: UserWarning: called a synchronizing CUDA operation (Triggered internally at /pytorch/c10/cuda/CUDAFunctions.cpp:162.)
2026-09-15T04:13:58.342Z   n_docs = int(chunk_ids.max().item()) + 1
2026-09-15T04:13:58.342Z 
2026-09-15T04:13:58.350Z [2;36m[2026-09-15 04:13:58][0m [33mWARNING [0m [2m[py.warnings:112, db3cfb97005b, rank=0][0m /opt/conda/lib/python3.12/site-packages/olmo_core/nn/transformer/model.py:834: UserWarning: called a synchronizing CUDA operation (Triggered internally at /pytorch/c10/cuda/CUDAFunctions.cpp:162.)
2026-09-15T04:13:58.351Z   flat = (torch.arange(B, device=emb.device)[:, None] * n_docs + cid.clamp(min=0)).reshape(
2026-09-15T04:13:58.351Z 
2026-09-15T04:13:58.351Z [2;36m[2026-09-15 04:13:58][0m [33mWARNING [0m [2m[py.warnings:112, db3cfb97005b, rank=0][0m /opt/conda/lib/python3.12/site-packages/olmo_core/nn/transformer/model.py:838: UserWarning: called a synchronizing CUDA operation (Triggered internally at /pytorch/c10/cuda/CUDAFunctions.cpp:162.)
2026-09-15T04:13:58.351Z   0, flat, emb.reshape(B * T, D)[is_ctx.reshape(-1)]
2026-09-15T04:13:58.351Z 
2026-09-15T04:13:58.358Z [2;36m[2026-09-15 04:13:58][0m [33mWARNING [0m [2m[py.warnings:112, db3cfb97005b, rank=0][0m /opt/conda/lib/python3.12/site-packages/olmo_core/nn/pooled_soft_token.py:173: UserWarning: called a synchronizing CUDA operation (Triggered internally at /pytorch/c10/cuda/CUDAFunctions.cpp:162.)
2026-09-15T04:13:58.358Z   kept_idx = kept_tok.nonzero(as_tuple=True)[0]
2026-09-15T04:13:58.358Z 
2026-09-15T04:13:58.358Z [2;36m[2026-09-15 04:13:58][0m [33mWARNING [0m [2m[py.warnings:112, db3cfb97005b, rank=0][0m /opt/conda/lib/python3.12/site-packages/olmo_core/nn/pooled_soft_token.py:179: UserWarning: called a synchronizing CUDA operation (Triggered internally at /pytorch/c10/cuda/CUDAFunctions.cpp:162.)
2026-09-15T04:13:58.358Z   if is_ctx.any():
2026-09-15T04:13:58.358Z 
2026-09-15T04:13:58.359Z [2;36m[2026-09-15 04:13:58][0m [33mWARNING [0m [2m[py.warnings:112, db3cfb97005b, rank=0][0m /opt/conda/lib/python3.12/site-packages/olmo_core/nn/pooled_soft_token.py:180: UserWarning: called a synchronizing CUDA operation (Triggered internally at /pytorch/c10/cuda/CUDAFunctions.cpp:162.)
2026-09-15T04:13:58.359Z   d_ix = c[is_ctx]
2026-09-15T04:13:58.359Z 
2026-09-15T04:13:58.359Z [2;36m[2026-09-15 04:13:58][0m [33mWARNING [0m [2m[py.warnings:112, db3cfb97005b, rank=0][0m /opt/conda/lib/python3.12/site-packages/olmo_core/nn/pooled_soft_token.py:181: UserWarning: called a synchronizing CUDA operation (Triggered internally at /pytorch/c10/cuda/CUDAFunctions.cpp:162.)
2026-09-15T04:13:58.359Z   pos_ix = is_ctx.nonzero(as_tuple=True)[0]
2026-09-15T04:13:58.359Z 
2026-09-15T04:13:58.360Z [2;36m[2026-09-15 04:13:58][0m [33mWARNING [0m [2m[py.warnings:112, db3cfb97005b, rank=0][0m /opt/conda/lib/python3.12/site-packages/olmo_core/nn/pooled_soft_token.py:186: UserWarning: called a synchronizing CUDA operation (Triggered internally at /pytorch/c10/cuda/CUDAFunctions.cpp:162.)
2026-09-15T04:13:58.360Z   pooled_docs = pooled.nonzero(as_tuple=True)[0]
2026-09-15T04:13:58.360Z 
2026-09-15T04:13:58.361Z [2;36m[2026-09-15 04:13:58][0m [33mWARNING [0m [2m[py.warnings:112, db3cfb97005b, rank=0][0m /opt/conda/lib/python3.12/site-packages/olmo_core/nn/pooled_soft_token.py:217: UserWarning: called a synchronizing CUDA operation (Triggered internally at /pytorch/c10/cuda/CUDAFunctions.cpp:162.)
2026-09-15T04:13:58.361Z   doc_len = torch.bincount(c[is_ctx], minlength=n_docs) if is_ctx.any() else torch.zeros(n_docs, dtype=torch.long, device=device)
2026-09-15T04:13:58.361Z 
2026-09-15T04:13:58.361Z [2;36m[2026-09-15 04:13:58][0m [33mWARNING [0m [2m[py.warnings:112, db3cfb97005b, rank=0][0m /opt/conda/lib/python3.12/site-packages/olmo_core/nn/pooled_soft_token.py:222: UserWarning: called a synchronizing CUDA operation (Triggered internally at /pytorch/c10/cuda/CUDAFunctions.cpp:162.)
2026-09-15T04:13:58.361Z   soft_cols_b = soft_mask.nonzero(as_tuple=True)[0]
2026-09-15T04:13:58.361Z 
2026-09-15T04:13:58.362Z [2;36m[2026-09-15 04:13:58][0m [33mWARNING [0m [2m[py.warnings:112, db3cfb97005b, rank=0][0m /opt/conda/lib/python3.12/site-packages/olmo_core/nn/pooled_soft_token.py:226: UserWarning: called a synchronizing CUDA operation (Triggered internally at /pytorch/c10/cuda/CUDAFunctions.cpp:162.)
2026-09-15T04:13:58.362Z   cols_l = soft_cols_b.tolist()
2026-09-15T04:13:58.362Z 
2026-09-15T04:13:58.362Z [2;36m[2026-09-15 04:13:58][0m [33mWARNING [0m [2m[py.warnings:112, db3cfb97005b, rank=0][0m /opt/conda/lib/python3.12/site-packages/olmo_core/nn/pooled_soft_token.py:229: UserWarning: called a synchronizing CUDA operation (Triggered internally at /pytorch/c10/cuda/CUDAFunctions.cpp:162.)
2026-09-15T04:13:58.362Z   soft_docs += docs_b.tolist()
2026-09-15T04:13:58.362Z 
2026-09-15T04:13:58.363Z [2;36m[2026-09-15 04:13:58][0m [33mWARNING [0m [2m[py.warnings:112, db3cfb97005b, rank=0][0m /opt/conda/lib/python3.12/site-packages/olmo_core/nn/pooled_soft_token.py:230: UserWarning: called a synchronizing CUDA operation (Triggered internally at /pytorch/c10/cuda/CUDAFunctions.cpp:162.)
2026-09-15T04:13:58.363Z   soft_log_len += lens_b.tolist()
2026-09-15T04:13:58.363Z 
2026-09-15T04:13:58.365Z [2;36m[2026-09-15 04:13:58][0m [33mWARNING [0m [2m[py.warnings:112, db3cfb97005b, rank=0][0m /opt/conda/lib/python3.12/site-packages/olmo_core/nn/pooled_soft_token.py:280: UserWarning: called a synchronizing CUDA operation (Triggered internally at /pytorch/c10/cuda/CUDAFunctions.cpp:162.)
2026-09-15T04:13:58.365Z   row_lens[b] = L
2026-09-15T04:13:58.365Z 
2026-09-15T04:13:58.365Z [2;36m[2026-09-15 04:13:58][0m [33mWARNING [0m [2m[py.warnings:112, db3cfb97005b, rank=0][0m /opt/conda/lib/python3.12/site-packages/olmo_core/nn/pooled_soft_token.py:297: UserWarning: called a synchronizing CUDA operation (Triggered internally at /pytorch/c10/cuda/CUDAFunctions.cpp:162.)
2026-09-15T04:13:58.365Z   soft_rows=torch.tensor(soft_rows, dtype=torch.long, device=device),
2026-09-15T04:13:58.365Z 
2026-09-15T04:13:58.366Z [2;36m[2026-09-15 04:13:58][0m [33mWARNING [0m [2m[py.warnings:112, db3cfb97005b, rank=0][0m /opt/conda/lib/python3.12/site-packages/olmo_core/nn/pooled_soft_token.py:298: UserWarning: called a synchronizing CUDA operation (Triggered internally at /pytorch/c10/cuda/CUDAFunctions.cpp:162.)
2026-09-15T04:13:58.366Z   soft_cols=torch.tensor(soft_cols, dtype=torch.long, device=device),
2026-09-15T04:13:58.366Z 
2026-09-15T04:13:58.366Z [2;36m[2026-09-15 04:13:58][0m [33mWARNING [0m [2m[py.warnings:112, db3cfb97005b, rank=0][0m /opt/conda/lib/python3.12/site-packages/olmo_core/nn/pooled_soft_token.py:299: UserWarning: called a synchronizing CUDA operation (Triggered internally at /pytorch/c10/cuda/CUDAFunctions.cpp:162.)
2026-09-15T04:13:58.366Z   soft_docs=torch.tensor(soft_docs, dtype=torch.long, device=device),
2026-09-15T04:13:58.366Z 
2026-09-15T04:13:58.367Z [2;36m[2026-09-15 04:13:58][0m [33mWARNING [0m [2m[py.warnings:112, db3cfb97005b, rank=0][0m /opt/conda/lib/python3.12/site-packages/olmo_core/nn/pooled_soft_token.py:301: UserWarning: called a synchronizing CUDA operation (Triggered internally at /pytorch/c10/cuda/CUDAFunctions.cpp:162.)
2026-09-15T04:13:58.367Z   soft_log_len=torch.tensor(soft_log_len, dtype=torch.float32, device=device),
2026-09-15T04:13:58.367Z 
2026-09-15T04:13:58.367Z [2;36m[2026-09-15 04:13:58][0m [33mWARNING [0m [2m[py.warnings:112, db3cfb97005b, rank=0][0m /opt/conda/lib/python3.12/site-packages/olmo_core/nn/transformer/model.py:1502: UserWarning: called a synchronizing CUDA operation (Triggered internally at /pytorch/c10/cuda/CUDAFunctions.cpp:162.)
2026-09-15T04:13:58.367Z   kv_grad_mask[cb.soft_rows, cb.soft_cols] = False
2026-09-15T04:13:58.367Z 
2026-09-15T04:13:58.546Z [2;36m[2026-09-15 04:13:58][0m [33mWARNING [0m [2m[py.warnings:112, db3cfb97005b, rank=0][0m /opt/conda/lib/python3.12/site-packages/liger_kernel/ops/fused_linear_cross_entropy.py:75: UserWarning: called a synchronizing CUDA operation (Triggered internally at /pytorch/c10/cuda/CUDAFunctions.cpp:162.)
2026-09-15T04:13:58.546Z   total_n_non_ignore = target_mask.sum().item()
2026-09-15T04:13:58.546Z 
2026-09-15T04:13:59.240Z [2;36m[2026-09-15 04:13:59][0m [33mWARNING [0m [2m[py.warnings:112, db3cfb97005b, rank=0][0m /opt/conda/lib/python3.12/site-packages/liger_kernel/ops/fused_linear_cross_entropy.py:233: UserWarning: called a synchronizing CUDA operation (Triggered internally at /pytorch/c10/cuda/CUDAFunctions.cpp:162.)
2026-09-15T04:13:59.240Z   if not torch.equal(grad_output, torch.tensor(1.0, device=grad_output.device)):
2026-09-15T04:13:59.240Z 
2026-09-15T04:14:00.166Z [2;36m[2026-09-15 04:14:00][0m [34mINFO    [0m [2m[olmo_core.train.callbacks.console_logger:68, db3cfb97005b, rank=0][0m [step=5/61,epoch=1,eta=1h17m]
2026-09-15T04:14:00.166Z     gpu_memory/GPU active mem (%)=75.91
2026-09-15T04:14:00.166Z     gpu_memory/GPU active mem (GiB)=60.16
2026-09-15T04:14:00.166Z     gpu_memory/GPU reserved mem (%)=81.25
2026-09-15T04:14:00.166Z     gpu_memory/GPU reserved mem (GiB)=64.39
2026-09-15T04:14:00.166Z     optim/LR (group 0)=4.75E-06
2026-09-15T04:14:00.166Z     optim/LR (group 1)=4.75E-06
2026-09-15T04:14:00.166Z     optim/step skipped=0.0
2026-09-15T04:14:00.166Z     optim/total grad norm=8.185
2026-09-15T04:14:00.166Z     throughput/chinchilla multiple=7.79E-06
2026-09-15T04:14:00.166Z     throughput/device/BPS=0.0279
2026-09-15T04:14:00.166Z     throughput/device/BPS (actual avg)=0.0119
2026-09-15T04:14:00.166Z     throughput/device/MFU=13.41
2026-09-15T04:14:00.166Z     throughput/device/MFU (actual avg)=5.744
2026-09-15T04:14:00.166Z     throughput/device/TPS=1,827
2026-09-15T04:14:00.166Z     throughput/device/TPS (actual avg)=782.7
2026-09-15T04:14:00.166Z     throughput/device/flopsPS=41.85T
2026-09-15T04:14:00.166Z     throughput/device/flopsPS (actual avg)=17.92T
2026-09-15T04:14:00.166Z     throughput/total petaflops=15.01
2026-09-15T04:14:00.166Z     throughput/total tokens=655,360
2026-09-15T04:14:00.166Z     train/CE loss=0.4450
2026-09-15T04:14:00.166Z     throughput/device/data loading (%)=0.0109
2026-09-15T04:14:00.166Z     throughput/device/data loading (s)=0.0039
2026-09-15T04:14:00.166Z     train/PPL=1.561
2026-09-15T04:14:02.479Z [2;36m[2026-09-15 04:14:02][0m [33mWARNING [0m [2m[py.warnings:112, db3cfb97005b, rank=0][0m /opt/conda/lib/python3.12/site-packages/liger_kernel/ops/fused_linear_cross_entropy.py:75: UserWarning: called a synchronizing CUDA operation (Triggered internally at /pytorch/c10/cuda/CUDAFunctions.cpp:162.)
2026-09-15T04:14:02.479Z   total_n_non_ignore = target_mask.sum().item()
2026-09-15T04:14:02.479Z 
2026-09-15T04:14:03.017Z [2;36m[2026-09-15 04:14:03][0m [33mWARNING [0m [2m[py.warnings:112, db3cfb97005b, rank=0][0m /opt/conda/lib/python3.12/site-packages/liger_kernel/ops/fused_linear_cross_entropy.py:233: UserWarning: called a synchronizing CUDA operation (Triggered internally at /pytorch/c10/cuda/CUDAFunctions.cpp:162.)
2026-09-15T04:14:03.017Z   if not torch.equal(grad_output, torch.tensor(1.0, device=grad_output.device)):
2026-09-15T04:14:03.017Z 
2026-09-15T04:14:04.908Z [2;36m[2026-09-15 04:14:04][0m [33mWARNING [0m [2m[py.warnings:112, db3cfb97005b, rank=0][0m /opt/conda/lib/python3.12/site-packages/torch/autograd/graph.py:841: UserWarning: called a synchronizing CUDA operation (Triggered internally at /pytorch/c10/cuda/CUDAFunctions.cpp:162.)
2026-09-15T04:14:04.908Z   return Variable._execution_engine.run_backward(  # Calls into the C++ engine to run the backward pass
2026-09-15T04:14:04.908Z 
2026-09-15T04:14:04.910Z [2;36m[2026-09-15 04:14:04][0m [33mWARNING [0m [2m[py.warnings:112, db3cfb97005b, rank=0][0m /opt/conda/lib/python3.12/site-packages/torch/distributed/utils.py:106: UserWarning: called a synchronizing CUDA operation (Triggered internally at /pytorch/c10/cuda/CUDAFunctions.cpp:162.)
2026-09-15T04:14:04.910Z   return (obj.to(target_device),)
2026-09-15T04:14:04.910Z 
2026-09-15T04:14:04.920Z [2;36m[2026-09-15 04:14:04][0m [33mWARNING [0m [2m[py.warnings:112, db3cfb97005b, rank=0][0m /opt/conda/lib/python3.12/site-packages/olmo_core/nn/transformer/model.py:777: UserWarning: called a synchronizing CUDA operation (Triggered internally at /pytorch/c10/cuda/CUDAFunctions.cpp:162.)
2026-09-15T04:14:04.920Z   n_docs = int(chunk_ids.max().item()) + 1
2026-09-15T04:14:04.920Z 
2026-09-15T04:14:04.929Z [2;36m[2026-09-15 04:14:04][0m [33mWARNING [0m [2m[py.warnings:112, db3cfb97005b, rank=0][0m /opt/conda/lib/python3.12/site-packages/olmo_core/nn/transformer/model.py:834: UserWarning: called a synchronizing CUDA operation (Triggered internally at /pytorch/c10/cuda/CUDAFunctions.cpp:162.)
2026-09-15T04:14:04.929Z   flat = (torch.arange(B, device=emb.device)[:, None] * n_docs + cid.clamp(min=0)).reshape(
2026-09-15T04:14:04.929Z 
2026-09-15T04:14:04.929Z [2;36m[2026-09-15 04:14:04][0m [33mWARNING [0m [2m[py.warnings:112, db3cfb97005b, rank=0][0m /opt/conda/lib/python3.12/site-packages/olmo_core/nn/transformer/model.py:838: UserWarning: called a synchronizing CUDA operation (Triggered internally at /pytorch/c10/cuda/CUDAFunctions.cpp:162.)
2026-09-15T04:14:04.929Z   0, flat, emb.reshape(B * T, D)[is_ctx.reshape(-1)]
2026-09-15T04:14:04.929Z 
2026-09-15T04:14:04.939Z [2;36m[2026-09-15 04:14:04][0m [33mWARNING [0m [2m[py.warnings:112, db3cfb97005b, rank=0][0m /opt/conda/lib/python3.12/site-packages/olmo_core/nn/pooled_soft_token.py:173: UserWarning: called a synchronizing CUDA operation (Triggered internally at /pytorch/c10/cuda/CUDAFunctions.cpp:162.)
2026-09-15T04:14:04.939Z   kept_idx = kept_tok.nonzero(as_tuple=True)[0]
2026-09-15T04:14:04.939Z 
2026-09-15T04:14:04.939Z [2;36m[2026-09-15 04:14:04][0m [33mWARNING [0m [2m[py.warnings:112, db3cfb97005b, rank=0][0m /opt/conda/lib/python3.12/site-packages/olmo_core/nn/pooled_soft_token.py:179: UserWarning: called a synchronizing CUDA operation (Triggered internally at /pytorch/c10/cuda/CUDAFunctions.cpp:162.)
2026-09-15T04:14:04.939Z   if is_ctx.any():
2026-09-15T04:14:04.939Z 
2026-09-15T04:14:04.940Z [2;36m[2026-09-15 04:14:04][0m [33mWARNING [0m [2m[py.warnings:112, db3cfb97005b, rank=0][0m /opt/conda/lib/python3.12/site-packages/olmo_core/nn/pooled_soft_token.py:180: UserWarning: called a synchronizing CUDA operation (Triggered internally at /pytorch/c10/cuda/CUDAFunctions.cpp:162.)
2026-09-15T04:14:04.940Z   d_ix = c[is_ctx]
2026-09-15T04:14:04.940Z 
2026-09-15T04:14:04.940Z [2;36m[2026-09-15 04:14:04][0m [33mWARNING [0m [2m[py.warnings:112, db3cfb97005b, rank=0][0m /opt/conda/lib/python3.12/site-packages/olmo_core/nn/pooled_soft_token.py:181: UserWarning: called a synchronizing CUDA operation (Triggered internally at /pytorch/c10/cuda/CUDAFunctions.cpp:162.)
2026-09-15T04:14:04.940Z   pos_ix = is_ctx.nonzero(as_tuple=True)[0]
2026-09-15T04:14:04.940Z 
2026-09-15T04:14:04.941Z [2;36m[2026-09-15 04:14:04][0m [33mWARNING [0m [2m[py.warnings:112, db3cfb97005b, rank=0][0m /opt/conda/lib/python3.12/site-packages/olmo_core/nn/pooled_soft_token.py:186: UserWarning: called a synchronizing CUDA operation (Triggered internally at /pytorch/c10/cuda/CUDAFunctions.cpp:162.)
2026-09-15T04:14:04.941Z   pooled_docs = pooled.nonzero(as_tuple=True)[0]
2026-09-15T04:14:04.941Z 
2026-09-15T04:14:04.942Z [2;36m[2026-09-15 04:14:04][0m [33mWARNING [0m [2m[py.warnings:112, db3cfb97005b, rank=0][0m /opt/conda/lib/python3.12/site-packages/olmo_core/nn/pooled_soft_token.py:217: UserWarning: called a synchronizing CUDA operation (Triggered internally at /pytorch/c10/cuda/CUDAFunctions.cpp:162.)
2026-09-15T04:14:04.942Z   doc_len = torch.bincount(c[is_ctx], minlength=n_docs) if is_ctx.any() else torch.zeros(n_docs, dtype=torch.long, device=device)
2026-09-15T04:14:04.942Z 
2026-09-15T04:14:04.942Z [2;36m[2026-09-15 04:14:04][0m [33mWARNING [0m [2m[py.warnings:112, db3cfb97005b, rank=0][0m /opt/conda/lib/python3.12/site-packages/olmo_core/nn/pooled_soft_token.py:222: UserWarning: called a synchronizing CUDA operation (Triggered internally at /pytorch/c10/cuda/CUDAFunctions.cpp:162.)
2026-09-15T04:14:04.942Z   soft_cols_b = soft_mask.nonzero(as_tuple=True)[0]
2026-09-15T04:14:04.942Z 
2026-09-15T04:14:04.943Z [2;36m[2026-09-15 04:14:04][0m [33mWARNING [0m [2m[py.warnings:112, db3cfb97005b, rank=0][0m /opt/conda/lib/python3.12/site-packages/olmo_core/nn/pooled_soft_token.py:226: UserWarning: called a synchronizing CUDA operation (Triggered internally at /pytorch/c10/cuda/CUDAFunctions.cpp:162.)
2026-09-15T04:14:04.943Z   cols_l = soft_cols_b.tolist()
2026-09-15T04:14:04.943Z 
2026-09-15T04:14:04.943Z [2;36m[2026-09-15 04:14:04][0m [33mWARNING [0m [2m[py.warnings:112, db3cfb97005b, rank=0][0m /opt/conda/lib/python3.12/site-packages/olmo_core/nn/pooled_soft_token.py:229: UserWarning: called a synchronizing CUDA operation (Triggered internally at /pytorch/c10/cuda/CUDAFunctions.cpp:162.)
2026-09-15T04:14:04.943Z   soft_docs += docs_b.tolist()
2026-09-15T04:14:04.943Z 
2026-09-15T04:14:04.944Z [2;36m[2026-09-15 04:14:04][0m [33mWARNING [0m [2m[py.warnings:112, db3cfb97005b, rank=0][0m /opt/conda/lib/python3.12/site-packages/olmo_core/nn/pooled_soft_token.py:230: UserWarning: called a synchronizing CUDA operation (Triggered internally at /pytorch/c10/cuda/CUDAFunctions.cpp:162.)
2026-09-15T04:14:04.944Z   soft_log_len += lens_b.tolist()
2026-09-15T04:14:04.944Z 
2026-09-15T04:14:04.946Z [2;36m[2026-09-15 04:14:04][0m [33mWARNING [0m [2m[py.warnings:112, db3cfb97005b, rank=0][0m /opt/conda/lib/python3.12/site-packages/olmo_core/nn/pooled_soft_token.py:280: UserWarning: called a synchronizing CUDA operation (Triggered internally at /pytorch/c10/cuda/CUDAFunctions.cpp:162.)
2026-09-15T04:14:04.946Z   row_lens[b] = L
2026-09-15T04:14:04.946Z 
2026-09-15T04:14:04.946Z [2;36m[2026-09-15 04:14:04][0m [33mWARNING [0m [2m[py.warnings:112, db3cfb97005b, rank=0][0m /opt/conda/lib/python3.12/site-packages/olmo_core/nn/pooled_soft_token.py:297: UserWarning: called a synchronizing CUDA operation (Triggered internally at /pytorch/c10/cuda/CUDAFunctions.cpp:162.)
2026-09-15T04:14:04.946Z   soft_rows=torch.tensor(soft_rows, dtype=torch.long, device=device),
2026-09-15T04:14:04.946Z 
2026-09-15T04:14:04.947Z [2;36m[2026-09-15 04:14:04][0m [33mWARNING [0m [2m[py.warnings:112, db3cfb97005b, rank=0][0m /opt/conda/lib/python3.12/site-packages/olmo_core/nn/pooled_soft_token.py:298: UserWarning: called a synchronizing CUDA operation (Triggered internally at /pytorch/c10/cuda/CUDAFunctions.cpp:162.)
2026-09-15T04:14:04.947Z   soft_cols=torch.tensor(soft_cols, dtype=torch.long, device=device),
2026-09-15T04:14:04.947Z 
2026-09-15T04:14:04.947Z [2;36m[2026-09-15 04:14:04][0m [33mWARNING [0m [2m[py.warnings:112, db3cfb97005b, rank=0][0m /opt/conda/lib/python3.12/site-packages/olmo_core/nn/pooled_soft_token.py:299: UserWarning: called a synchronizing CUDA operation (Triggered internally at /pytorch/c10/cuda/CUDAFunctions.cpp:162.)
2026-09-15T04:14:04.947Z   soft_docs=torch.tensor(soft_docs, dtype=torch.long, device=device),
2026-09-15T04:14:04.947Z 
2026-09-15T04:14:04.948Z [2;36m[2026-09-15 04:14:04][0m [33mWARNING [0m [2m[py.warnings:112, db3cfb97005b, rank=0][0m /opt/conda/lib/python3.12/site-packages/olmo_core/nn/pooled_soft_token.py:301: UserWarning: called a synchronizing CUDA operation (Triggered internally at /pytorch/c10/cuda/CUDAFunctions.cpp:162.)
2026-09-15T04:14:04.948Z   soft_log_len=torch.tensor(soft_log_len, dtype=torch.float32, device=device),
2026-09-15T04:14:04.948Z 
2026-09-15T04:14:04.948Z [2;36m[2026-09-15 04:14:04][0m [33mWARNING [0m [2m[py.warnings:112, db3cfb97005b, rank=0][0m /opt/conda/lib/python3.12/site-packages/olmo_core/nn/transformer/model.py:1502: UserWarning: called a synchronizing CUDA operation (Triggered internally at /pytorch/c10/cuda/CUDAFunctions.cpp:162.)
2026-09-15T04:14:04.948Z   kv_grad_mask[cb.soft_rows, cb.soft_cols] = False
2026-09-15T04:14:04.948Z 
2026-09-15T04:14:05.144Z [2;36m[2026-09-15 04:14:05][0m [33mWARNING [0m [2m[py.warnings:112, db3cfb97005b, rank=0][0m /opt/conda/lib/python3.12/site-packages/liger_kernel/ops/fused_linear_cross_entropy.py:75: UserWarning: called a synchronizing CUDA operation (Triggered internally at /pytorch/c10/cuda/CUDAFunctions.cpp:162.)
2026-09-15T04:14:05.144Z   total_n_non_ignore = target_mask.sum().item()
2026-09-15T04:14:05.144Z 
2026-09-15T04:14:05.682Z [2;36m[2026-09-15 04:14:05][0m [33mWARNING [0m [2m[py.warnings:112, db3cfb97005b, rank=0][0m /opt/conda/lib/python3.12/site-packages/liger_kernel/ops/fused_linear_cross_entropy.py:233: UserWarning: called a synchronizing CUDA operation (Triggered internally at /pytorch/c10/cuda/CUDAFunctions.cpp:162.)
2026-09-15T04:14:05.682Z   if not torch.equal(grad_output, torch.tensor(1.0, device=grad_output.device)):
2026-09-15T04:14:05.682Z 
2026-09-15T04:14:12.425Z [2;36m[2026-09-15 04:14:12][0m [33mWARNING [0m [2m[py.warnings:112, db3cfb97005b, rank=0][0m /opt/conda/lib/python3.12/site-packages/torch/autograd/graph.py:841: UserWarning: called a synchronizing CUDA operation (Triggered internally at /pytorch/c10/cuda/CUDAFunctions.cpp:162.)
2026-09-15T04:14:12.426Z   return Variable._execution_engine.run_backward(  # Calls into the C++ engine to run the backward pass
2026-09-15T04:14:12.426Z 
2026-09-15T04:14:12.430Z [2;36m[2026-09-15 04:14:12][0m [33mWARNING [0m [2m[py.warnings:112, db3cfb97005b, rank=0][0m /opt/conda/lib/python3.12/site-packages/torch/distributed/utils.py:106: UserWarning: called a synchronizing CUDA operation (Triggered internally at /pytorch/c10/cuda/CUDAFunctions.cpp:162.)
2026-09-15T04:14:12.430Z   return (obj.to(target_device),)
2026-09-15T04:14:12.430Z 
2026-09-15T04:14:12.440Z [2;36m[2026-09-15 04:14:12][0m [33mWARNING [0m [2m[py.warnings:112, db3cfb97005b, rank=0][0m /opt/conda/lib/python3.12/site-packages/olmo_core/nn/transformer/model.py:777: UserWarning: called a synchronizing CUDA operation (Triggered internally at /pytorch/c10/cuda/CUDAFunctions.cpp:162.)
2026-09-15T04:14:12.440Z   n_docs = int(chunk_ids.max().item()) + 1
2026-09-15T04:14:12.440Z 
2026-09-15T04:14:12.449Z [2;36m[2026-09-15 04:14:12][0m [33mWARNING [0m [2m[py.warnings:112, db3cfb97005b, rank=0][0m /opt/conda/lib/python3.12/site-packages/olmo_core/nn/transformer/model.py:834: UserWarning: called a synchronizing CUDA operation (Triggered internally at /pytorch/c10/cuda/CUDAFunctions.cpp:162.)
2026-09-15T04:14:12.449Z   flat = (torch.arange(B, device=emb.device)[:, None] * n_docs + cid.clamp(min=0)).reshape(
2026-09-15T04:14:12.449Z 
2026-09-15T04:14:12.449Z [2;36m[2026-09-15 04:14:12][0m [33mWARNING [0m [2m[py.warnings:112, db3cfb97005b, rank=0][0m /opt/conda/lib/python3.12/site-packages/olmo_core/nn/transformer/model.py:838: UserWarning: called a synchronizing CUDA operation (Triggered internally at /pytorch/c10/cuda/CUDAFunctions.cpp:162.)
2026-09-15T04:14:12.449Z   0, flat, emb.reshape(B * T, D)[is_ctx.reshape(-1)]
2026-09-15T04:14:12.449Z 
2026-09-15T04:14:12.456Z [2;36m[2026-09-15 04:14:12][0m [33mWARNING [0m [2m[py.warnings:112, db3cfb97005b, rank=0][0m /opt/conda/lib/python3.12/site-packages/olmo_core/nn/pooled_soft_token.py:173: UserWarning: called a synchronizing CUDA operation (Triggered internally at /pytorch/c10/cuda/CUDAFunctions.cpp:162.)
2026-09-15T04:14:12.456Z   kept_idx = kept_tok.nonzero(as_tuple=True)[0]
2026-09-15T04:14:12.456Z 
2026-09-15T04:14:12.457Z [2;36m[2026-09-15 04:14:12][0m [33mWARNING [0m [2m[py.warnings:112, db3cfb97005b, rank=0][0m /opt/conda/lib/python3.12/site-packages/olmo_core/nn/pooled_soft_token.py:179: UserWarning: called a synchronizing CUDA operation (Triggered internally at /pytorch/c10/cuda/CUDAFunctions.cpp:162.)
2026-09-15T04:14:12.457Z   if is_ctx.any():
2026-09-15T04:14:12.457Z 
2026-09-15T04:14:12.457Z [2;36m[2026-09-15 04:14:12][0m [33mWARNING [0m [2m[py.warnings:112, db3cfb97005b, rank=0][0m /opt/conda/lib/python3.12/site-packages/olmo_core/nn/pooled_soft_token.py:180: UserWarning: called a synchronizing CUDA operation (Triggered internally at /pytorch/c10/cuda/CUDAFunctions.cpp:162.)
2026-09-15T04:14:12.457Z   d_ix = c[is_ctx]
2026-09-15T04:14:12.457Z 
2026-09-15T04:14:12.457Z [2;36m[2026-09-15 04:14:12][0m [33mWARNING [0m [2m[py.warnings:112, db3cfb97005b, rank=0][0m /opt/conda/lib/python3.12/site-packages/olmo_core/nn/pooled_soft_token.py:181: UserWarning: called a synchronizing CUDA operation (Triggered internally at /pytorch/c10/cuda/CUDAFunctions.cpp:162.)
2026-09-15T04:14:12.457Z   pos_ix = is_ctx.nonzero(as_tuple=True)[0]
2026-09-15T04:14:12.457Z 
2026-09-15T04:14:12.458Z [2;36m[2026-09-15 04:14:12][0m [33mWARNING [0m [2m[py.warnings:112, db3cfb97005b, rank=0][0m /opt/conda/lib/python3.12/site-packages/olmo_core/nn/pooled_soft_token.py:186: UserWarning: called a synchronizing CUDA operation (Triggered internally at /pytorch/c10/cuda/CUDAFunctions.cpp:162.)
2026-09-15T04:14:12.458Z   pooled_docs = pooled.nonzero(as_tuple=True)[0]
2026-09-15T04:14:12.458Z 
2026-09-15T04:14:12.459Z [2;36m[2026-09-15 04:14:12][0m [33mWARNING [0m [2m[py.warnings:112, db3cfb97005b, rank=0][0m /opt/conda/lib/python3.12/site-packages/olmo_core/nn/pooled_soft_token.py:217: UserWarning: called a synchronizing CUDA operation (Triggered internally at /pytorch/c10/cuda/CUDAFunctions.cpp:162.)
2026-09-15T04:14:12.459Z   doc_len = torch.bincount(c[is_ctx], minlength=n_docs) if is_ctx.any() else torch.zeros(n_docs, dtype=torch.long, device=device)
2026-09-15T04:14:12.459Z 
2026-09-15T04:14:12.460Z [2;36m[2026-09-15 04:14:12][0m [33mWARNING [0m [2m[py.warnings:112, db3cfb97005b, rank=0][0m /opt/conda/lib/python3.12/site-packages/olmo_core/nn/pooled_soft_token.py:222: UserWarning: called a synchronizing CUDA operation (Triggered internally at /pytorch/c10/cuda/CUDAFunctions.cpp:162.)
2026-09-15T04:14:12.460Z   soft_cols_b = soft_mask.nonzero(as_tuple=True)[0]
2026-09-15T04:14:12.460Z 
2026-09-15T04:14:12.460Z [2;36m[2026-09-15 04:14:12][0m [33mWARNING [0m [2m[py.warnings:112, db3cfb97005b, rank=0][0m /opt/conda/lib/python3.12/site-packages/olmo_core/nn/pooled_soft_token.py:226: UserWarning: called a synchronizing CUDA operation (Triggered internally at /pytorch/c10/cuda/CUDAFunctions.cpp:162.)
2026-09-15T04:14:12.460Z   cols_l = soft_cols_b.tolist()
2026-09-15T04:14:12.460Z 
2026-09-15T04:14:12.461Z [2;36m[2026-09-15 04:14:12][0m [33mWARNING [0m [2m[py.warnings:112, db3cfb97005b, rank=0][0m /opt/conda/lib/python3.12/site-packages/olmo_core/nn/pooled_soft_token.py:229: UserWarning: called a synchronizing CUDA operation (Triggered internally at /pytorch/c10/cuda/CUDAFunctions.cpp:162.)
2026-09-15T04:14:12.461Z   soft_docs += docs_b.tolist()
2026-09-15T04:14:12.461Z 
2026-09-15T04:14:12.461Z [2;36m[2026-09-15 04:14:12][0m [33mWARNING [0m [2m[py.warnings:112, db3cfb97005b, rank=0][0m /opt/conda/lib/python3.12/site-packages/olmo_core/nn/pooled_soft_token.py:230: UserWarning: called a synchronizing CUDA operation (Triggered internally at /pytorch/c10/cuda/CUDAFunctions.cpp:162.)
2026-09-15T04:14:12.461Z   soft_log_len += lens_b.tolist()
2026-09-15T04:14:12.461Z 
2026-09-15T04:14:12.463Z [2;36m[2026-09-15 04:14:12][0m [33mWARNING [0m [2m[py.warnings:112, db3cfb97005b, rank=0][0m /opt/conda/lib/python3.12/site-packages/olmo_core/nn/pooled_soft_token.py:280: UserWarning: called a synchronizing CUDA operation (Triggered internally at /pytorch/c10/cuda/CUDAFunctions.cpp:162.)
2026-09-15T04:14:12.463Z   row_lens[b] = L
2026-09-15T04:14:12.463Z 
2026-09-15T04:14:12.464Z [2;36m[2026-09-15 04:14:12][0m [33mWARNING [0m [2m[py.warnings:112, db3cfb97005b, rank=0][0m /opt/conda/lib/python3.12/site-packages/olmo_core/nn/pooled_soft_token.py:297: UserWarning: called a synchronizing CUDA operation (Triggered internally at /pytorch/c10/cuda/CUDAFunctions.cpp:162.)
2026-09-15T04:14:12.464Z   soft_rows=torch.tensor(soft_rows, dtype=torch.long, device=device),
2026-09-15T04:14:12.464Z 
2026-09-15T04:14:12.464Z [2;36m[2026-09-15 04:14:12][0m [33mWARNING [0m [2m[py.warnings:112, db3cfb97005b, rank=0][0m /opt/conda/lib/python3.12/site-packages/olmo_core/nn/pooled_soft_token.py:298: UserWarning: called a synchronizing CUDA operation (Triggered internally at /pytorch/c10/cuda/CUDAFunctions.cpp:162.)
2026-09-15T04:14:12.464Z   soft_cols=torch.tensor(soft_cols, dtype=torch.long, device=device),
2026-09-15T04:14:12.464Z 
2026-09-15T04:14:12.465Z [2;36m[2026-09-15 04:14:12][0m [33mWARNING [0m [2m[py.warnings:112, db3cfb97005b, rank=0][0m /opt/conda/lib/python3.12/site-packages/olmo_core/nn/pooled_soft_token.py:299: UserWarning: called a synchronizing CUDA operation (Triggered internally at /pytorch/c10/cuda/CUDAFunctions.cpp:162.)
2026-09-15T04:14:12.465Z   soft_docs=torch.tensor(soft_docs, dtype=torch.long, device=device),
2026-09-15T04:14:12.465Z 
2026-09-15T04:14:12.465Z [2;36m[2026-09-15 04:14:12][0m [33mWARNING [0m [2m[py.warnings:112, db3cfb97005b, rank=0][0m /opt/conda/lib/python3.12/site-packages/olmo_core/nn/pooled_soft_token.py:301: UserWarning: called a synchronizing CUDA operation (Triggered internally at /pytorch/c10/cuda/CUDAFunctions.cpp:162.)
2026-09-15T04:14:12.465Z   soft_log_len=torch.tensor(soft_log_len, dtype=torch.float32, device=device),
2026-09-15T04:14:12.465Z 
2026-09-15T04:14:12.466Z [2;36m[2026-09-15 04:14:12][0m [33mWARNING [0m [2m[py.warnings:112, db3cfb97005b, rank=0][0m /opt/conda/lib/python3.12/site-packages/olmo_core/nn/transformer/model.py:1502: UserWarning: called a synchronizing CUDA operation (Triggered internally at /pytorch/c10/cuda/CUDAFunctions.cpp:162.)
2026-09-15T04:14:12.466Z   kv_grad_mask[cb.soft_rows, cb.soft_cols] = False
2026-09-15T04:14:12.466Z 
2026-09-15T04:14:23.176Z [2;36m[2026-09-15 04:14:23][0m [33mWARNING [0m [2m[py.warnings:112, db3cfb97005b, rank=0][0m /opt/conda/lib/python3.12/site-packages/liger_kernel/ops/fused_linear_cross_entropy.py:75: UserWarning: called a synchronizing CUDA operation (Triggered internally at /pytorch/c10/cuda/CUDAFunctions.cpp:162.)
2026-09-15T04:14:23.176Z   total_n_non_ignore = target_mask.sum().item()
2026-09-15T04:14:23.176Z 
2026-09-15T04:14:23.180Z [2;36m[2026-09-15 04:14:23][0m [33mWARNING [0m [2m[py.warnings:112, db3cfb97005b, rank=1][0m /opt/conda/lib/python3.12/site-packages/liger_kernel/ops/fused_linear_cross_entropy.py:75: UserWarning: called a synchronizing CUDA operation (Triggered internally at /pytorch/c10/cuda/CUDAFunctions.cpp:162.)
2026-09-15T04:14:23.181Z   total_n_non_ignore = target_mask.sum().item()
2026-09-15T04:14:23.181Z 
2026-09-15T04:14:23.729Z [2;36m[2026-09-15 04:14:23][0m [33mWARNING [0m [2m[py.warnings:112, db3cfb97005b, rank=1][0m /opt/conda/lib/python3.12/site-packages/liger_kernel/ops/fused_linear_cross_entropy.py:233: UserWarning: called a synchronizing CUDA operation (Triggered internally at /pytorch/c10/cuda/CUDAFunctions.cpp:162.)
2026-09-15T04:14:23.729Z   if not torch.equal(grad_output, torch.tensor(1.0, device=grad_output.device)):
2026-09-15T04:14:23.729Z 
2026-09-15T04:14:24.120Z [2;36m[2026-09-15 04:14:24][0m [33mWARNING [0m [2m[py.warnings:112, db3cfb97005b, rank=0][0m /opt/conda/lib/python3.12/site-packages/liger_kernel/ops/fused_linear_cross_entropy.py:233: UserWarning: called a synchronizing CUDA operation (Triggered internally at /pytorch/c10/cuda/CUDAFunctions.cpp:162.)
2026-09-15T04:14:24.120Z   if not torch.equal(grad_output, torch.tensor(1.0, device=grad_output.device)):
2026-09-15T04:14:24.120Z 
2026-09-15T04:14:37.274Z [2;36m[2026-09-15 04:14:37][0m [33mWARNING [0m [2m[py.warnings:112, db3cfb97005b, rank=1][0m /opt/conda/lib/python3.12/site-packages/torch/autograd/graph.py:841: UserWarning: called a synchronizing CUDA operation (Triggered internally at /pytorch/c10/cuda/CUDAFunctions.cpp:162.)
2026-09-15T04:14:37.274Z   return Variable._execution_engine.run_backward(  # Calls into the C++ engine to run the backward pass
2026-09-15T04:14:37.274Z 
2026-09-15T04:14:37.514Z [2;36m[2026-09-15 04:14:37][0m [33mWARNING [0m [2m[py.warnings:112, db3cfb97005b, rank=1][0m /opt/conda/lib/python3.12/site-packages/torch/distributed/utils.py:106: UserWarning: called a synchronizing CUDA operation (Triggered internally at /pytorch/c10/cuda/CUDAFunctions.cpp:162.)
2026-09-15T04:14:37.514Z   return (obj.to(target_device),)
2026-09-15T04:14:37.514Z 
2026-09-15T04:14:37.517Z [2;36m[2026-09-15 04:14:37][0m [34mINFO    [0m [2m[olmo_core.train.callbacks.console_logger:68, db3cfb97005b, rank=0][0m [step=6/61,epoch=1,eta=1h8m]
2026-09-15T04:14:37.517Z     gpu_memory/GPU active mem (%)=75.91
2026-09-15T04:14:37.517Z     gpu_memory/GPU active mem (GiB)=60.16
2026-09-15T04:14:37.517Z     gpu_memory/GPU reserved mem (%)=81.25
2026-09-15T04:14:37.517Z     gpu_memory/GPU reserved mem (GiB)=64.39
2026-09-15T04:14:37.517Z     optim/LR (group 0)=4.66E-06
2026-09-15T04:14:37.517Z     optim/LR (group 1)=4.66E-06
2026-09-15T04:14:37.517Z     optim/step skipped=0.0
2026-09-15T04:14:37.517Z     optim/total grad norm=5.948
2026-09-15T04:14:37.517Z     throughput/chinchilla multiple=9.35E-06
2026-09-15T04:14:37.517Z     throughput/device/BPS=0.0268
2026-09-15T04:14:37.517Z     throughput/device/BPS (actual avg)=0.0134
2026-09-15T04:14:37.517Z     throughput/device/MFU=12.88
2026-09-15T04:14:37.517Z     throughput/device/MFU (actual avg)=6.460
2026-09-15T04:14:37.517Z     throughput/device/TPS=1,754
2026-09-15T04:14:37.517Z     throughput/device/TPS (actual avg)=880.2
2026-09-15T04:14:37.517Z     throughput/device/flopsPS=40.18T
2026-09-15T04:14:37.517Z     throughput/device/flopsPS (actual avg)=20.16T
2026-09-15T04:14:37.517Z     throughput/total petaflops=18.01
2026-09-15T04:14:37.517Z     throughput/total tokens=786,432
2026-09-15T04:14:37.517Z     train/CE loss=0.4198
2026-09-15T04:14:37.517Z     throughput/device/data loading (%)=0.0062
2026-09-15T04:14:37.517Z     throughput/device/data loading (s)=0.0023
2026-09-15T04:14:37.517Z     train/PPL=1.522
2026-09-15T04:14:37.526Z [2;36m[2026-09-15 04:14:37][0m [33mWARNING [0m [2m[py.warnings:112, db3cfb97005b, rank=1][0m /opt/conda/lib/python3.12/site-packages/olmo_core/nn/transformer/model.py:834: UserWarning: called a synchronizing CUDA operation (Triggered internally at /pytorch/c10/cuda/CUDAFunctions.cpp:162.)
2026-09-15T04:14:37.526Z   flat = (torch.arange(B, device=emb.device)[:, None] * n_docs + cid.clamp(min=0)).reshape(
2026-09-15T04:14:37.526Z 
2026-09-15T04:14:37.527Z [2;36m[2026-09-15 04:14:37][0m [33mWARNING [0m [2m[py.warnings:112, db3cfb97005b, rank=1][0m /opt/conda/lib/python3.12/site-packages/olmo_core/nn/transformer/model.py:838: UserWarning: called a synchronizing CUDA operation (Triggered internally at /pytorch/c10/cuda/CUDAFunctions.cpp:162.)
2026-09-15T04:14:37.527Z   0, flat, emb.reshape(B * T, D)[is_ctx.reshape(-1)]
2026-09-15T04:14:37.527Z 
2026-09-15T04:14:37.535Z [2;36m[2026-09-15 04:14:37][0m [33mWARNING [0m [2m[py.warnings:112, db3cfb97005b, rank=1][0m /opt/conda/lib/python3.12/site-packages/olmo_core/nn/pooled_soft_token.py:173: UserWarning: called a synchronizing CUDA operation (Triggered internally at /pytorch/c10/cuda/CUDAFunctions.cpp:162.)
2026-09-15T04:14:37.535Z   kept_idx = kept_tok.nonzero(as_tuple=True)[0]
2026-09-15T04:14:37.535Z 
2026-09-15T04:14:37.535Z [2;36m[2026-09-15 04:14:37][0m [33mWARNING [0m [2m[py.warnings:112, db3cfb97005b, rank=1][0m /opt/conda/lib/python3.12/site-packages/olmo_core/nn/pooled_soft_token.py:179: UserWarning: called a synchronizing CUDA operation (Triggered internally at /pytorch/c10/cuda/CUDAFunctions.cpp:162.)
2026-09-15T04:14:37.535Z   if is_ctx.any():
2026-09-15T04:14:37.535Z 
2026-09-15T04:14:37.535Z [2;36m[2026-09-15 04:14:37][0m [33mWARNING [0m [2m[py.warnings:112, db3cfb97005b, rank=1][0m /opt/conda/lib/python3.12/site-packages/olmo_core/nn/pooled_soft_token.py:180: UserWarning: called a synchronizing CUDA operation (Triggered internally at /pytorch/c10/cuda/CUDAFunctions.cpp:162.)
2026-09-15T04:14:37.535Z   d_ix = c[is_ctx]
2026-09-15T04:14:37.535Z 
2026-09-15T04:14:37.536Z [2;36m[2026-09-15 04:14:37][0m [33mWARNING [0m [2m[py.warnings:112, db3cfb97005b, rank=1][0m /opt/conda/lib/python3.12/site-packages/olmo_core/nn/pooled_soft_token.py:181: UserWarning: called a synchronizing CUDA operation (Triggered internally at /pytorch/c10/cuda/CUDAFunctions.cpp:162.)
2026-09-15T04:14:37.536Z   pos_ix = is_ctx.nonzero(as_tuple=True)[0]
2026-09-15T04:14:37.536Z 
2026-09-15T04:14:37.536Z [2;36m[2026-09-15 04:14:37][0m [33mWARNING [0m [2m[py.warnings:112, db3cfb97005b, rank=1][0m /opt/conda/lib/python3.12/site-packages/olmo_core/nn/pooled_soft_token.py:186: UserWarning: called a synchronizing CUDA operation (Triggered internally at /pytorch/c10/cuda/CUDAFunctions.cpp:162.)
2026-09-15T04:14:37.536Z   pooled_docs = pooled.nonzero(as_tuple=True)[0]
2026-09-15T04:14:37.536Z 
2026-09-15T04:14:37.537Z [2;36m[2026-09-15 04:14:37][0m [33mWARNING [0m [2m[py.warnings:112, db3cfb97005b, rank=1][0m /opt/conda/lib/python3.12/site-packages/olmo_core/nn/pooled_soft_token.py:217: UserWarning: called a synchronizing CUDA operation (Triggered internally at /pytorch/c10/cuda/CUDAFunctions.cpp:162.)
2026-09-15T04:14:37.537Z   doc_len = torch.bincount(c[is_ctx], minlength=n_docs) if is_ctx.any() else torch.zeros(n_docs, dtype=torch.long, device=device)
2026-09-15T04:14:37.537Z 
2026-09-15T04:14:37.538Z [2;36m[2026-09-15 04:14:37][0m [33mWARNING [0m [2m[py.warnings:112, db3cfb97005b, rank=1][0m /opt/conda/lib/python3.12/site-packages/olmo_core/nn/pooled_soft_token.py:222: UserWarning: called a synchronizing CUDA operation (Triggered internally at /pytorch/c10/cuda/CUDAFunctions.cpp:162.)
2026-09-15T04:14:37.538Z   soft_cols_b = soft_mask.nonzero(as_tuple=True)[0]
2026-09-15T04:14:37.538Z 
2026-09-15T04:14:37.538Z [2;36m[2026-09-15 04:14:37][0m [33mWARNING [0m [2m[py.warnings:112, db3cfb97005b, rank=1][0m /opt/conda/lib/python3.12/site-packages/olmo_core/nn/pooled_soft_token.py:226: UserWarning: called a synchronizing CUDA operation (Triggered internally at /pytorch/c10/cuda/CUDAFunctions.cpp:162.)
2026-09-15T04:14:37.538Z   cols_l = soft_cols_b.tolist()
2026-09-15T04:14:37.538Z 
2026-09-15T04:14:37.538Z [2;36m[2026-09-15 04:14:37][0m [33mWARNING [0m [2m[py.warnings:112, db3cfb97005b, rank=1][0m /opt/conda/lib/python3.12/site-packages/olmo_core/nn/pooled_soft_token.py:229: UserWarning: called a synchronizing CUDA operation (Triggered internally at /pytorch/c10/cuda/CUDAFunctions.cpp:162.)
2026-09-15T04:14:37.538Z   soft_docs += docs_b.tolist()
2026-09-15T04:14:37.538Z 
2026-09-15T04:14:37.539Z [2;36m[2026-09-15 04:14:37][0m [33mWARNING [0m [2m[py.warnings:112, db3cfb97005b, rank=1][0m /opt/conda/lib/python3.12/site-packages/olmo_core/nn/pooled_soft_token.py:230: UserWarning: called a synchronizing CUDA operation (Triggered internally at /pytorch/c10/cuda/CUDAFunctions.cpp:162.)
2026-09-15T04:14:37.539Z   soft_log_len += lens_b.tolist()
2026-09-15T04:14:37.539Z 
2026-09-15T04:14:37.540Z [2;36m[2026-09-15 04:14:37][0m [33mWARNING [0m [2m[py.warnings:112, db3cfb97005b, rank=1][0m /opt/conda/lib/python3.12/site-packages/olmo_core/nn/pooled_soft_token.py:280: UserWarning: called a synchronizing CUDA operation (Triggered internally at /pytorch/c10/cuda/CUDAFunctions.cpp:162.)
2026-09-15T04:14:37.540Z   row_lens[b] = L
2026-09-15T04:14:37.540Z 
2026-09-15T04:14:37.541Z [2;36m[2026-09-15 04:14:37][0m [33mWARNING [0m [2m[py.warnings:112, db3cfb97005b, rank=1][0m /opt/conda/lib/python3.12/site-packages/olmo_core/nn/pooled_soft_token.py:297: UserWarning: called a synchronizing CUDA operation (Triggered internally at /pytorch/c10/cuda/CUDAFunctions.cpp:162.)
2026-09-15T04:14:37.541Z   soft_rows=torch.tensor(soft_rows, dtype=torch.long, device=device),
2026-09-15T04:14:37.541Z 
2026-09-15T04:14:37.541Z [2;36m[2026-09-15 04:14:37][0m [33mWARNING [0m [2m[py.warnings:112, db3cfb97005b, rank=1][0m /opt/conda/lib/python3.12/site-packages/olmo_core/nn/pooled_soft_token.py:298: UserWarning: called a synchronizing CUDA operation (Triggered internally at /pytorch/c10/cuda/CUDAFunctions.cpp:162.)
2026-09-15T04:14:37.541Z   soft_cols=torch.tensor(soft_cols, dtype=torch.long, device=device),
2026-09-15T04:14:37.541Z 
2026-09-15T04:14:37.542Z [2;36m[2026-09-15 04:14:37][0m [33mWARNING [0m [2m[py.warnings:112, db3cfb97005b, rank=1][0m /opt/conda/lib/python3.12/site-packages/olmo_core/nn/pooled_soft_token.py:299: UserWarning: called a synchronizing CUDA operation (Triggered internally at /pytorch/c10/cuda/CUDAFunctions.cpp:162.)
2026-09-15T04:14:37.542Z   soft_docs=torch.tensor(soft_docs, dtype=torch.long, device=device),
2026-09-15T04:14:37.542Z 
2026-09-15T04:14:37.542Z [2;36m[2026-09-15 04:14:37][0m [33mWARNING [0m [2m[py.warnings:112, db3cfb97005b, rank=1][0m /opt/conda/lib/python3.12/site-packages/olmo_core/nn/pooled_soft_token.py:301: UserWarning: called a synchronizing CUDA operation (Triggered internally at /pytorch/c10/cuda/CUDAFunctions.cpp:162.)
2026-09-15T04:14:37.542Z   soft_log_len=torch.tensor(soft_log_len, dtype=torch.float32, device=device),
2026-09-15T04:14:37.542Z 
2026-09-15T04:14:37.542Z [2;36m[2026-09-15 04:14:37][0m [33mWARNING [0m [2m[py.warnings:112, db3cfb97005b, rank=1][0m /opt/conda/lib/python3.12/site-packages/olmo_core/nn/transformer/model.py:1502: UserWarning: called a synchronizing CUDA operation (Triggered internally at /pytorch/c10/cuda/CUDAFunctions.cpp:162.)
2026-09-15T04:14:37.542Z   kv_grad_mask[cb.soft_rows, cb.soft_cols] = False
2026-09-15T04:14:37.542Z 
2026-09-15T04:14:37.767Z [2;36m[2026-09-15 04:14:37][0m [33mWARNING [0m [2m[py.warnings:112, db3cfb97005b, rank=1][0m /opt/conda/lib/python3.12/site-packages/liger_kernel/ops/fused_linear_cross_entropy.py:75: UserWarning: called a synchronizing CUDA operation (Triggered internally at /pytorch/c10/cuda/CUDAFunctions.cpp:162.)
2026-09-15T04:14:37.767Z   total_n_non_ignore = target_mask.sum().item()
2026-09-15T04:14:37.767Z 
2026-09-15T04:14:38.387Z [2;36m[2026-09-15 04:14:38][0m [33mWARNING [0m [2m[py.warnings:112, db3cfb97005b, rank=1][0m /opt/conda/lib/python3.12/site-packages/liger_kernel/ops/fused_linear_cross_entropy.py:233: UserWarning: called a synchronizing CUDA operation (Triggered internally at /pytorch/c10/cuda/CUDAFunctions.cpp:162.)
2026-09-15T04:14:38.387Z   if not torch.equal(grad_output, torch.tensor(1.0, device=grad_output.device)):
2026-09-15T04:14:38.387Z 
2026-09-15T04:14:39.136Z [2;36m[2026-09-15 04:14:39][0m [33mWARNING [0m [2m[py.warnings:112, db3cfb97005b, rank=1][0m /opt/conda/lib/python3.12/site-packages/olmo_core/nn/transformer/model.py:777: UserWarning: called a synchronizing CUDA operation (Triggered internally at /pytorch/c10/cuda/CUDAFunctions.cpp:162.)
2026-09-15T04:14:39.136Z   n_docs = int(chunk_ids.max().item()) + 1
2026-09-15T04:14:39.136Z 
2026-09-15T04:14:51.580Z [2;36m[2026-09-15 04:14:51][0m [33mWARNING [0m [2m[py.warnings:112, db3cfb97005b, rank=1][0m /opt/conda/lib/python3.12/site-packages/liger_kernel/ops/fused_linear_cross_entropy.py:75: UserWarning: called a synchronizing CUDA operation (Triggered internally at /pytorch/c10/cuda/CUDAFunctions.cpp:162.)
2026-09-15T04:14:51.580Z   total_n_non_ignore = target_mask.sum().item()
2026-09-15T04:14:51.580Z 
2026-09-15T04:14:52.254Z [2;36m[2026-09-15 04:14:52][0m [33mWARNING [0m [2m[py.warnings:112, db3cfb97005b, rank=1][0m /opt/conda/lib/python3.12/site-packages/liger_kernel/ops/fused_linear_cross_entropy.py:233: UserWarning: called a synchronizing CUDA operation (Triggered internally at /pytorch/c10/cuda/CUDAFunctions.cpp:162.)
2026-09-15T04:14:52.254Z   if not torch.equal(grad_output, torch.tensor(1.0, device=grad_output.device)):
2026-09-15T04:14:52.254Z 
2026-09-15T04:15:05.406Z [2;36m[2026-09-15 04:15:05][0m [33mWARNING [0m [2m[py.warnings:112, db3cfb97005b, rank=1][0m /opt/conda/lib/python3.12/site-packages/torch/autograd/graph.py:841: UserWarning: called a synchronizing CUDA operation (Triggered internally at /pytorch/c10/cuda/CUDAFunctions.cpp:162.)
2026-09-15T04:15:05.406Z   return Variable._execution_engine.run_backward(  # Calls into the C++ engine to run the backward pass
2026-09-15T04:15:05.406Z 
2026-09-15T04:15:05.419Z [2;36m[2026-09-15 04:15:05][0m [33mWARNING [0m [2m[py.warnings:112, db3cfb97005b, rank=1][0m /opt/conda/lib/python3.12/site-packages/torch/distributed/utils.py:106: UserWarning: called a synchronizing CUDA operation (Triggered internally at /pytorch/c10/cuda/CUDAFunctions.cpp:162.)
2026-09-15T04:15:05.419Z   return (obj.to(target_device),)
2026-09-15T04:15:05.419Z 
2026-09-15T04:15:05.430Z [2;36m[2026-09-15 04:15:05][0m [33mWARNING [0m [2m[py.warnings:112, db3cfb97005b, rank=1][0m /opt/conda/lib/python3.12/site-packages/olmo_core/nn/transformer/model.py:777: UserWarning: called a synchronizing CUDA operation (Triggered internally at /pytorch/c10/cuda/CUDAFunctions.cpp:162.)
2026-09-15T04:15:05.430Z   n_docs = int(chunk_ids.max().item()) + 1
2026-09-15T04:15:05.430Z 
2026-09-15T04:15:05.438Z [2;36m[2026-09-15 04:15:05][0m [33mWARNING [0m [2m[py.warnings:112, db3cfb97005b, rank=1][0m /opt/conda/lib/python3.12/site-packages/olmo_core/nn/transformer/model.py:834: UserWarning: called a synchronizing CUDA operation (Triggered internally at /pytorch/c10/cuda/CUDAFunctions.cpp:162.)
2026-09-15T04:15:05.438Z   flat = (torch.arange(B, device=emb.device)[:, None] * n_docs + cid.clamp(min=0)).reshape(
2026-09-15T04:15:05.438Z 
2026-09-15T04:15:05.438Z [2;36m[2026-09-15 04:15:05][0m [33mWARNING [0m [2m[py.warnings:112, db3cfb97005b, rank=1][0m /opt/conda/lib/python3.12/site-packages/olmo_core/nn/transformer/model.py:838: UserWarning: called a synchronizing CUDA operation (Triggered internally at /pytorch/c10/cuda/CUDAFunctions.cpp:162.)
2026-09-15T04:15:05.438Z   0, flat, emb.reshape(B * T, D)[is_ctx.reshape(-1)]
2026-09-15T04:15:05.438Z 
2026-09-15T04:15:05.446Z [2;36m[2026-09-15 04:15:05][0m [33mWARNING [0m [2m[py.warnings:112, db3cfb97005b, rank=1][0m /opt/conda/lib/python3.12/site-packages/olmo_core/nn/pooled_soft_token.py:173: UserWarning: called a synchronizing CUDA operation (Triggered internally at /pytorch/c10/cuda/CUDAFunctions.cpp:162.)
2026-09-15T04:15:05.446Z   kept_idx = kept_tok.nonzero(as_tuple=True)[0]
2026-09-15T04:15:05.446Z 
2026-09-15T04:15:05.446Z [2;36m[2026-09-15 04:15:05][0m [33mWARNING [0m [2m[py.warnings:112, db3cfb97005b, rank=1][0m /opt/conda/lib/python3.12/site-packages/olmo_core/nn/pooled_soft_token.py:179: UserWarning: called a synchronizing CUDA operation (Triggered internally at /pytorch/c10/cuda/CUDAFunctions.cpp:162.)
2026-09-15T04:15:05.446Z   if is_ctx.any():
2026-09-15T04:15:05.446Z 
2026-09-15T04:15:05.447Z [2;36m[2026-09-15 04:15:05][0m [33mWARNING [0m [2m[py.warnings:112, db3cfb97005b, rank=1][0m /opt/conda/lib/python3.12/site-packages/olmo_core/nn/pooled_soft_token.py:180: UserWarning: called a synchronizing CUDA operation (Triggered internally at /pytorch/c10/cuda/CUDAFunctions.cpp:162.)
2026-09-15T04:15:05.447Z   d_ix = c[is_ctx]
2026-09-15T04:15:05.447Z 
2026-09-15T04:15:05.447Z [2;36m[2026-09-15 04:15:05][0m [33mWARNING [0m [2m[py.warnings:112, db3cfb97005b, rank=1][0m /opt/conda/lib/python3.12/site-packages/olmo_core/nn/pooled_soft_token.py:181: UserWarning: called a synchronizing CUDA operation (Triggered internally at /pytorch/c10/cuda/CUDAFunctions.cpp:162.)
2026-09-15T04:15:05.447Z   pos_ix = is_ctx.nonzero(as_tuple=True)[0]
2026-09-15T04:15:05.447Z 
2026-09-15T04:15:05.448Z [2;36m[2026-09-15 04:15:05][0m [33mWARNING [0m [2m[py.warnings:112, db3cfb97005b, rank=1][0m /opt/conda/lib/python3.12/site-packages/olmo_core/nn/pooled_soft_token.py:186: UserWarning: called a synchronizing CUDA operation (Triggered internally at /pytorch/c10/cuda/CUDAFunctions.cpp:162.)
2026-09-15T04:15:05.448Z   pooled_docs = pooled.nonzero(as_tuple=True)[0]
2026-09-15T04:15:05.448Z 
2026-09-15T04:15:05.449Z [2;36m[2026-09-15 04:15:05][0m [33mWARNING [0m [2m[py.warnings:112, db3cfb97005b, rank=1][0m /opt/conda/lib/python3.12/site-packages/olmo_core/nn/pooled_soft_token.py:217: UserWarning: called a synchronizing CUDA operation (Triggered internally at /pytorch/c10/cuda/CUDAFunctions.cpp:162.)
2026-09-15T04:15:05.449Z   doc_len = torch.bincount(c[is_ctx], minlength=n_docs) if is_ctx.any() else torch.zeros(n_docs, dtype=torch.long, device=device)
2026-09-15T04:15:05.449Z 
2026-09-15T04:15:05.449Z [2;36m[2026-09-15 04:15:05][0m [33mWARNING [0m [2m[py.warnings:112, db3cfb97005b, rank=1][0m /opt/conda/lib/python3.12/site-packages/olmo_core/nn/pooled_soft_token.py:222: UserWarning: called a synchronizing CUDA operation (Triggered internally at /pytorch/c10/cuda/CUDAFunctions.cpp:162.)
2026-09-15T04:15:05.449Z   soft_cols_b = soft_mask.nonzero(as_tuple=True)[0]
2026-09-15T04:15:05.449Z 
2026-09-15T04:15:05.450Z [2;36m[2026-09-15 04:15:05][0m [33mWARNING [0m [2m[py.warnings:112, db3cfb97005b, rank=1][0m /opt/conda/lib/python3.12/site-packages/olmo_core/nn/pooled_soft_token.py:226: UserWarning: called a synchronizing CUDA operation (Triggered internally at /pytorch/c10/cuda/CUDAFunctions.cpp:162.)
2026-09-15T04:15:05.450Z   cols_l = soft_cols_b.tolist()
2026-09-15T04:15:05.450Z 
2026-09-15T04:15:05.450Z [2;36m[2026-09-15 04:15:05][0m [33mWARNING [0m [2m[py.warnings:112, db3cfb97005b, rank=1][0m /opt/conda/lib/python3.12/site-packages/olmo_core/nn/pooled_soft_token.py:229: UserWarning: called a synchronizing CUDA operation (Triggered internally at /pytorch/c10/cuda/CUDAFunctions.cpp:162.)
2026-09-15T04:15:05.450Z   soft_docs += docs_b.tolist()
2026-09-15T04:15:05.450Z 
2026-09-15T04:15:05.450Z [2;36m[2026-09-15 04:15:05][0m [33mWARNING [0m [2m[py.warnings:112, db3cfb97005b, rank=1][0m /opt/conda/lib/python3.12/site-packages/olmo_core/nn/pooled_soft_token.py:230: UserWarning: called a synchronizing CUDA operation (Triggered internally at /pytorch/c10/cuda/CUDAFunctions.cpp:162.)
2026-09-15T04:15:05.450Z   soft_log_len += lens_b.tolist()
2026-09-15T04:15:05.450Z 
2026-09-15T04:15:05.452Z [2;36m[2026-09-15 04:15:05][0m [33mWARNING [0m [2m[py.warnings:112, db3cfb97005b, rank=1][0m /opt/conda/lib/python3.12/site-packages/olmo_core/nn/pooled_soft_token.py:280: UserWarning: called a synchronizing CUDA operation (Triggered internally at /pytorch/c10/cuda/CUDAFunctions.cpp:162.)
2026-09-15T04:15:05.452Z   row_lens[b] = L
2026-09-15T04:15:05.452Z 
2026-09-15T04:15:05.453Z [2;36m[2026-09-15 04:15:05][0m [33mWARNING [0m [2m[py.warnings:112, db3cfb97005b, rank=1][0m /opt/conda/lib/python3.12/site-packages/olmo_core/nn/pooled_soft_token.py:297: UserWarning: called a synchronizing CUDA operation (Triggered internally at /pytorch/c10/cuda/CUDAFunctions.cpp:162.)
2026-09-15T04:15:05.453Z   soft_rows=torch.tensor(soft_rows, dtype=torch.long, device=device),
2026-09-15T04:15:05.453Z 
2026-09-15T04:15:05.453Z [2;36m[2026-09-15 04:15:05][0m [33mWARNING [0m [2m[py.warnings:112, db3cfb97005b, rank=1][0m /opt/conda/lib/python3.12/site-packages/olmo_core/nn/pooled_soft_token.py:298: UserWarning: called a synchronizing CUDA operation (Triggered internally at /pytorch/c10/cuda/CUDAFunctions.cpp:162.)
2026-09-15T04:15:05.453Z   soft_cols=torch.tensor(soft_cols, dtype=torch.long, device=device),
2026-09-15T04:15:05.453Z 
2026-09-15T04:15:05.453Z [2;36m[2026-09-15 04:15:05][0m [33mWARNING [0m [2m[py.warnings:112, db3cfb97005b, rank=1][0m /opt/conda/lib/python3.12/site-packages/olmo_core/nn/pooled_soft_token.py:299: UserWarning: called a synchronizing CUDA operation (Triggered internally at /pytorch/c10/cuda/CUDAFunctions.cpp:162.)
2026-09-15T04:15:05.453Z   soft_docs=torch.tensor(soft_docs, dtype=torch.long, device=device),
2026-09-15T04:15:05.453Z 
2026-09-15T04:15:05.453Z [2;36m[2026-09-15 04:15:05][0m [33mWARNING [0m [2m[py.warnings:112, db3cfb97005b, rank=1][0m /opt/conda/lib/python3.12/site-packages/olmo_core/nn/pooled_soft_token.py:301: UserWarning: called a synchronizing CUDA operation (Triggered internally at /pytorch/c10/cuda/CUDAFunctions.cpp:162.)
2026-09-15T04:15:05.453Z   soft_log_len=torch.tensor(soft_log_len, dtype=torch.float32, device=device),
2026-09-15T04:15:05.453Z 
2026-09-15T04:15:05.454Z [2;36m[2026-09-15 04:15:05][0m [33mWARNING [0m [2m[py.warnings:112, db3cfb97005b, rank=1][0m /opt/conda/lib/python3.12/site-packages/olmo_core/nn/transformer/model.py:1502: UserWarning: called a synchronizing CUDA operation (Triggered internally at /pytorch/c10/cuda/CUDAFunctions.cpp:162.)
2026-09-15T04:15:05.454Z   kv_grad_mask[cb.soft_rows, cb.soft_cols] = False
2026-09-15T04:15:05.454Z 
2026-09-15T04:15:16.253Z [2;36m[2026-09-15 04:15:16][0m [33mWARNING [0m [2m[py.warnings:112, db3cfb97005b, rank=1][0m /opt/conda/lib/python3.12/site-packages/liger_kernel/ops/fused_linear_cross_entropy.py:75: UserWarning: called a synchronizing CUDA operation (Triggered internally at /pytorch/c10/cuda/CUDAFunctions.cpp:162.)
2026-09-15T04:15:16.254Z   total_n_non_ignore = target_mask.sum().item()
2026-09-15T04:15:16.254Z 
2026-09-15T04:15:16.832Z [2;36m[2026-09-15 04:15:16][0m [33mWARNING [0m [2m[py.warnings:112, db3cfb97005b, rank=1][0m /opt/conda/lib/python3.12/site-packages/liger_kernel/ops/fused_linear_cross_entropy.py:233: UserWarning: called a synchronizing CUDA operation (Triggered internally at /pytorch/c10/cuda/CUDAFunctions.cpp:162.)
2026-09-15T04:15:16.832Z   if not torch.equal(grad_output, torch.tensor(1.0, device=grad_output.device)):
2026-09-15T04:15:16.832Z 
2026-09-15T04:15:30.192Z [2;36m[2026-09-15 04:15:30][0m [33mWARNING [0m [2m[py.warnings:112, db3cfb97005b, rank=1][0m /opt/conda/lib/python3.12/site-packages/torch/autograd/graph.py:841: UserWarning: called a synchronizing CUDA operation (Triggered internally at /pytorch/c10/cuda/CUDAFunctions.cpp:162.)
2026-09-15T04:15:30.193Z   return Variable._execution_engine.run_backward(  # Calls into the C++ engine to run the backward pass
2026-09-15T04:15:30.193Z 
2026-09-15T04:15:30.193Z [2;36m[2026-09-15 04:15:30][0m [33mWARNING [0m [2m[py.warnings:112, db3cfb97005b, rank=1][0m /opt/conda/lib/python3.12/site-packages/torch/distributed/utils.py:106: UserWarning: called a synchronizing CUDA operation (Triggered internally at /pytorch/c10/cuda/CUDAFunctions.cpp:162.)
2026-09-15T04:15:30.193Z   return (obj.to(target_device),)
2026-09-15T04:15:30.193Z 
2026-09-15T04:15:30.203Z [2;36m[2026-09-15 04:15:30][0m [33mWARNING [0m [2m[py.warnings:112, db3cfb97005b, rank=1][0m /opt/conda/lib/python3.12/site-packages/olmo_core/nn/transformer/model.py:777: UserWarning: called a synchronizing CUDA operation (Triggered internally at /pytorch/c10/cuda/CUDAFunctions.cpp:162.)
2026-09-15T04:15:30.203Z   n_docs = int(chunk_ids.max().item()) + 1
2026-09-15T04:15:30.203Z 
2026-09-15T04:15:30.211Z [2;36m[2026-09-15 04:15:30][0m [33mWARNING [0m [2m[py.warnings:112, db3cfb97005b, rank=1][0m /opt/conda/lib/python3.12/site-packages/olmo_core/nn/transformer/model.py:834: UserWarning: called a synchronizing CUDA operation (Triggered internally at /pytorch/c10/cuda/CUDAFunctions.cpp:162.)
2026-09-15T04:15:30.211Z   flat = (torch.arange(B, device=emb.device)[:, None] * n_docs + cid.clamp(min=0)).reshape(
2026-09-15T04:15:30.211Z 
2026-09-15T04:15:30.212Z [2;36m[2026-09-15 04:15:30][0m [33mWARNING [0m [2m[py.warnings:112, db3cfb97005b, rank=1][0m /opt/conda/lib/python3.12/site-packages/olmo_core/nn/transformer/model.py:838: UserWarning: called a synchronizing CUDA operation (Triggered internally at /pytorch/c10/cuda/CUDAFunctions.cpp:162.)
2026-09-15T04:15:30.212Z   0, flat, emb.reshape(B * T, D)[is_ctx.reshape(-1)]
2026-09-15T04:15:30.212Z 
2026-09-15T04:15:30.221Z [2;36m[2026-09-15 04:15:30][0m [33mWARNING [0m [2m[py.warnings:112, db3cfb97005b, rank=1][0m /opt/conda/lib/python3.12/site-packages/olmo_core/nn/pooled_soft_token.py:173: UserWarning: called a synchronizing CUDA operation (Triggered internally at /pytorch/c10/cuda/CUDAFunctions.cpp:162.)
2026-09-15T04:15:30.221Z   kept_idx = kept_tok.nonzero(as_tuple=True)[0]
2026-09-15T04:15:30.221Z 
2026-09-15T04:15:30.221Z [2;36m[2026-09-15 04:15:30][0m [33mWARNING [0m [2m[py.warnings:112, db3cfb97005b, rank=1][0m /opt/conda/lib/python3.12/site-packages/olmo_core/nn/pooled_soft_token.py:179: UserWarning: called a synchronizing CUDA operation (Triggered internally at /pytorch/c10/cuda/CUDAFunctions.cpp:162.)
2026-09-15T04:15:30.221Z   if is_ctx.any():
2026-09-15T04:15:30.221Z 
2026-09-15T04:15:30.221Z [2;36m[2026-09-15 04:15:30][0m [33mWARNING [0m [2m[py.warnings:112, db3cfb97005b, rank=1][0m /opt/conda/lib/python3.12/site-packages/olmo_core/nn/pooled_soft_token.py:180: UserWarning: called a synchronizing CUDA operation (Triggered internally at /pytorch/c10/cuda/CUDAFunctions.cpp:162.)
2026-09-15T04:15:30.221Z   d_ix = c[is_ctx]
2026-09-15T04:15:30.221Z 
2026-09-15T04:15:30.222Z [2;36m[2026-09-15 04:15:30][0m [33mWARNING [0m [2m[py.warnings:112, db3cfb97005b, rank=1][0m /opt/conda/lib/python3.12/site-packages/olmo_core/nn/pooled_soft_token.py:181: UserWarning: called a synchronizing CUDA operation (Triggered internally at /pytorch/c10/cuda/CUDAFunctions.cpp:162.)
2026-09-15T04:15:30.222Z   pos_ix = is_ctx.nonzero(as_tuple=True)[0]
2026-09-15T04:15:30.222Z 
2026-09-15T04:15:30.222Z [2;36m[2026-09-15 04:15:30][0m [33mWARNING [0m [2m[py.warnings:112, db3cfb97005b, rank=1][0m /opt/conda/lib/python3.12/site-packages/olmo_core/nn/pooled_soft_token.py:186: UserWarning: called a synchronizing CUDA operation (Triggered internally at /pytorch/c10/cuda/CUDAFunctions.cpp:162.)
2026-09-15T04:15:30.222Z   pooled_docs = pooled.nonzero(as_tuple=True)[0]
2026-09-15T04:15:30.222Z 
2026-09-15T04:15:30.223Z [2;36m[2026-09-15 04:15:30][0m [33mWARNING [0m [2m[py.warnings:112, db3cfb97005b, rank=1][0m /opt/conda/lib/python3.12/site-packages/olmo_core/nn/pooled_soft_token.py:217: UserWarning: called a synchronizing CUDA operation (Triggered internally at /pytorch/c10/cuda/CUDAFunctions.cpp:162.)
2026-09-15T04:15:30.223Z   doc_len = torch.bincount(c[is_ctx], minlength=n_docs) if is_ctx.any() else torch.zeros(n_docs, dtype=torch.long, device=device)
2026-09-15T04:15:30.223Z 
2026-09-15T04:15:30.224Z [2;36m[2026-09-15 04:15:30][0m [33mWARNING [0m [2m[py.warnings:112, db3cfb97005b, rank=1][0m /opt/conda/lib/python3.12/site-packages/olmo_core/nn/pooled_soft_token.py:222: UserWarning: called a synchronizing CUDA operation (Triggered internally at /pytorch/c10/cuda/CUDAFunctions.cpp:162.)
2026-09-15T04:15:30.224Z   soft_cols_b = soft_mask.nonzero(as_tuple=True)[0]
2026-09-15T04:15:30.224Z 
2026-09-15T04:15:30.224Z [2;36m[2026-09-15 04:15:30][0m [33mWARNING [0m [2m[py.warnings:112, db3cfb97005b, rank=1][0m /opt/conda/lib/python3.12/site-packages/olmo_core/nn/pooled_soft_token.py:226: UserWarning: called a synchronizing CUDA operation (Triggered internally at /pytorch/c10/cuda/CUDAFunctions.cpp:162.)
2026-09-15T04:15:30.224Z   cols_l = soft_cols_b.tolist()
2026-09-15T04:15:30.224Z 
2026-09-15T04:15:30.224Z [2;36m[2026-09-15 04:15:30][0m [33mWARNING [0m [2m[py.warnings:112, db3cfb97005b, rank=1][0m /opt/conda/lib/python3.12/site-packages/olmo_core/nn/pooled_soft_token.py:229: UserWarning: called a synchronizing CUDA operation (Triggered internally at /pytorch/c10/cuda/CUDAFunctions.cpp:162.)
2026-09-15T04:15:30.224Z   soft_docs += docs_b.tolist()
2026-09-15T04:15:30.224Z 
2026-09-15T04:15:30.225Z [2;36m[2026-09-15 04:15:30][0m [33mWARNING [0m [2m[py.warnings:112, db3cfb97005b, rank=1][0m /opt/conda/lib/python3.12/site-packages/olmo_core/nn/pooled_soft_token.py:230: UserWarning: called a synchronizing CUDA operation (Triggered internally at /pytorch/c10/cuda/CUDAFunctions.cpp:162.)
2026-09-15T04:15:30.225Z   soft_log_len += lens_b.tolist()
2026-09-15T04:15:30.225Z 
2026-09-15T04:15:30.227Z [2;36m[2026-09-15 04:15:30][0m [33mWARNING [0m [2m[py.warnings:112, db3cfb97005b, rank=1][0m /opt/conda/lib/python3.12/site-packages/olmo_core/nn/pooled_soft_token.py:280: UserWarning: called a synchronizing CUDA operation (Triggered internally at /pytorch/c10/cuda/CUDAFunctions.cpp:162.)
2026-09-15T04:15:30.227Z   row_lens[b] = L
2026-09-15T04:15:30.227Z 
2026-09-15T04:15:30.227Z [2;36m[2026-09-15 04:15:30][0m [33mWARNING [0m [2m[py.warnings:112, db3cfb97005b, rank=1][0m /opt/conda/lib/python3.12/site-packages/olmo_core/nn/pooled_soft_token.py:297: UserWarning: called a synchronizing CUDA operation (Triggered internally at /pytorch/c10/cuda/CUDAFunctions.cpp:162.)
2026-09-15T04:15:30.227Z   soft_rows=torch.tensor(soft_rows, dtype=torch.long, device=device),
2026-09-15T04:15:30.227Z 
2026-09-15T04:15:30.227Z [2;36m[2026-09-15 04:15:30][0m [33mWARNING [0m [2m[py.warnings:112, db3cfb97005b, rank=1][0m /opt/conda/lib/python3.12/site-packages/olmo_core/nn/pooled_soft_token.py:298: UserWarning: called a synchronizing CUDA operation (Triggered internally at /pytorch/c10/cuda/CUDAFunctions.cpp:162.)
2026-09-15T04:15:30.227Z   soft_cols=torch.tensor(soft_cols, dtype=torch.long, device=device),
2026-09-15T04:15:30.227Z 
2026-09-15T04:15:30.228Z [2;36m[2026-09-15 04:15:30][0m [33mWARNING [0m [2m[py.warnings:112, db3cfb97005b, rank=1][0m /opt/conda/lib/python3.12/site-packages/olmo_core/nn/pooled_soft_token.py:299: UserWarning: called a synchronizing CUDA operation (Triggered internally at /pytorch/c10/cuda/CUDAFunctions.cpp:162.)
2026-09-15T04:15:30.228Z   soft_docs=torch.tensor(soft_docs, dtype=torch.long, device=device),
2026-09-15T04:15:30.228Z 
2026-09-15T04:15:30.228Z [2;36m[2026-09-15 04:15:30][0m [33mWARNING [0m [2m[py.warnings:112, db3cfb97005b, rank=1][0m /opt/conda/lib/python3.12/site-packages/olmo_core/nn/pooled_soft_token.py:301: UserWarning: called a synchronizing CUDA operation (Triggered internally at /pytorch/c10/cuda/CUDAFunctions.cpp:162.)
2026-09-15T04:15:30.228Z   soft_log_len=torch.tensor(soft_log_len, dtype=torch.float32, device=device),
2026-09-15T04:15:30.228Z 
2026-09-15T04:15:30.228Z [2;36m[2026-09-15 04:15:30][0m [33mWARNING [0m [2m[py.warnings:112, db3cfb97005b, rank=1][0m /opt/conda/lib/python3.12/site-packages/olmo_core/nn/transformer/model.py:1502: UserWarning: called a synchronizing CUDA operation (Triggered internally at /pytorch/c10/cuda/CUDAFunctions.cpp:162.)
2026-09-15T04:15:30.229Z   kv_grad_mask[cb.soft_rows, cb.soft_cols] = False
2026-09-15T04:15:30.229Z 
2026-09-15T04:15:30.411Z [2;36m[2026-09-15 04:15:30][0m [33mWARNING [0m [2m[py.warnings:112, db3cfb97005b, rank=1][0m /opt/conda/lib/python3.12/site-packages/liger_kernel/ops/fused_linear_cross_entropy.py:75: UserWarning: called a synchronizing CUDA operation (Triggered internally at /pytorch/c10/cuda/CUDAFunctions.cpp:162.)
2026-09-15T04:15:30.411Z   total_n_non_ignore = target_mask.sum().item()
2026-09-15T04:15:30.411Z 
2026-09-15T04:15:31.314Z [2;36m[2026-09-15 04:15:31][0m [33mWARNING [0m [2m[py.warnings:112, db3cfb97005b, rank=1][0m /opt/conda/lib/python3.12/site-packages/liger_kernel/ops/fused_linear_cross_entropy.py:233: UserWarning: called a synchronizing CUDA operation (Triggered internally at /pytorch/c10/cuda/CUDAFunctions.cpp:162.)
2026-09-15T04:15:31.314Z   if not torch.equal(grad_output, torch.tensor(1.0, device=grad_output.device)):
2026-09-15T04:15:31.314Z 
2026-09-15T04:15:33.490Z [2;36m[2026-09-15 04:15:33][0m [33mWARNING [0m [2m[py.warnings:112, db3cfb97005b, rank=1][0m /opt/conda/lib/python3.12/site-packages/torch/autograd/graph.py:841: UserWarning: called a synchronizing CUDA operation (Triggered internally at /pytorch/c10/cuda/CUDAFunctions.cpp:162.)
2026-09-15T04:15:33.490Z   return Variable._execution_engine.run_backward(  # Calls into the C++ engine to run the backward pass
2026-09-15T04:15:33.490Z 
2026-09-15T04:15:33.505Z [2;36m[2026-09-15 04:15:33][0m [33mWARNING [0m [2m[py.warnings:112, db3cfb97005b, rank=1][0m /opt/conda/lib/python3.12/site-packages/torch/distributed/utils.py:106: UserWarning: called a synchronizing CUDA operation (Triggered internally at /pytorch/c10/cuda/CUDAFunctions.cpp:162.)
2026-09-15T04:15:33.505Z   return (obj.to(target_device),)
2026-09-15T04:15:33.505Z 
2026-09-15T04:15:33.516Z [2;36m[2026-09-15 04:15:33][0m [33mWARNING [0m [2m[py.warnings:112, db3cfb97005b, rank=1][0m /opt/conda/lib/python3.12/site-packages/olmo_core/nn/transformer/model.py:777: UserWarning: called a synchronizing CUDA operation (Triggered internally at /pytorch/c10/cuda/CUDAFunctions.cpp:162.)
2026-09-15T04:15:33.516Z   n_docs = int(chunk_ids.max().item()) + 1
2026-09-15T04:15:33.516Z 
2026-09-15T04:15:33.524Z [2;36m[2026-09-15 04:15:33][0m [33mWARNING [0m [2m[py.warnings:112, db3cfb97005b, rank=1][0m /opt/conda/lib/python3.12/site-packages/olmo_core/nn/transformer/model.py:834: UserWarning: called a synchronizing CUDA operation (Triggered internally at /pytorch/c10/cuda/CUDAFunctions.cpp:162.)
2026-09-15T04:15:33.524Z   flat = (torch.arange(B, device=emb.device)[:, None] * n_docs + cid.clamp(min=0)).reshape(
2026-09-15T04:15:33.524Z 
2026-09-15T04:15:33.525Z [2;36m[2026-09-15 04:15:33][0m [33mWARNING [0m [2m[py.warnings:112, db3cfb97005b, rank=1][0m /opt/conda/lib/python3.12/site-packages/olmo_core/nn/transformer/model.py:838: UserWarning: called a synchronizing CUDA operation (Triggered internally at /pytorch/c10/cuda/CUDAFunctions.cpp:162.)
2026-09-15T04:15:33.525Z   0, flat, emb.reshape(B * T, D)[is_ctx.reshape(-1)]
2026-09-15T04:15:33.525Z 
2026-09-15T04:15:33.534Z [2;36m[2026-09-15 04:15:33][0m [33mWARNING [0m [2m[py.warnings:112, db3cfb97005b, rank=1][0m /opt/conda/lib/python3.12/site-packages/olmo_core/nn/pooled_soft_token.py:173: UserWarning: called a synchronizing CUDA operation (Triggered internally at /pytorch/c10/cuda/CUDAFunctions.cpp:162.)
2026-09-15T04:15:33.534Z   kept_idx = kept_tok.nonzero(as_tuple=True)[0]
2026-09-15T04:15:33.534Z 
2026-09-15T04:15:33.534Z [2;36m[2026-09-15 04:15:33][0m [33mWARNING [0m [2m[py.warnings:112, db3cfb97005b, rank=1][0m /opt/conda/lib/python3.12/site-packages/olmo_core/nn/pooled_soft_token.py:179: UserWarning: called a synchronizing CUDA operation (Triggered internally at /pytorch/c10/cuda/CUDAFunctions.cpp:162.)
2026-09-15T04:15:33.534Z   if is_ctx.any():
2026-09-15T04:15:33.534Z 
2026-09-15T04:15:33.535Z [2;36m[2026-09-15 04:15:33][0m [33mWARNING [0m [2m[py.warnings:112, db3cfb97005b, rank=1][0m /opt/conda/lib/python3.12/site-packages/olmo_core/nn/pooled_soft_token.py:180: UserWarning: called a synchronizing CUDA operation (Triggered internally at /pytorch/c10/cuda/CUDAFunctions.cpp:162.)
2026-09-15T04:15:33.535Z   d_ix = c[is_ctx]
2026-09-15T04:15:33.535Z 
2026-09-15T04:15:33.535Z [2;36m[2026-09-15 04:15:33][0m [33mWARNING [0m [2m[py.warnings:112, db3cfb97005b, rank=1][0m /opt/conda/lib/python3.12/site-packages/olmo_core/nn/pooled_soft_token.py:181: UserWarning: called a synchronizing CUDA operation (Triggered internally at /pytorch/c10/cuda/CUDAFunctions.cpp:162.)
2026-09-15T04:15:33.535Z   pos_ix = is_ctx.nonzero(as_tuple=True)[0]
2026-09-15T04:15:33.535Z 
2026-09-15T04:15:33.535Z [2;36m[2026-09-15 04:15:33][0m [33mWARNING [0m [2m[py.warnings:112, db3cfb97005b, rank=1][0m /opt/conda/lib/python3.12/site-packages/olmo_core/nn/pooled_soft_token.py:186: UserWarning: called a synchronizing CUDA operation (Triggered internally at /pytorch/c10/cuda/CUDAFunctions.cpp:162.)
2026-09-15T04:15:33.535Z   pooled_docs = pooled.nonzero(as_tuple=True)[0]
2026-09-15T04:15:33.535Z 
2026-09-15T04:15:33.536Z [2;36m[2026-09-15 04:15:33][0m [33mWARNING [0m [2m[py.warnings:112, db3cfb97005b, rank=1][0m /opt/conda/lib/python3.12/site-packages/olmo_core/nn/pooled_soft_token.py:217: UserWarning: called a synchronizing CUDA operation (Triggered internally at /pytorch/c10/cuda/CUDAFunctions.cpp:162.)
2026-09-15T04:15:33.536Z   doc_len = torch.bincount(c[is_ctx], minlength=n_docs) if is_ctx.any() else torch.zeros(n_docs, dtype=torch.long, device=device)
2026-09-15T04:15:33.536Z 
2026-09-15T04:15:33.537Z [2;36m[2026-09-15 04:15:33][0m [33mWARNING [0m [2m[py.warnings:112, db3cfb97005b, rank=1][0m /opt/conda/lib/python3.12/site-packages/olmo_core/nn/pooled_soft_token.py:222: UserWarning: called a synchronizing CUDA operation (Triggered internally at /pytorch/c10/cuda/CUDAFunctions.cpp:162.)
2026-09-15T04:15:33.537Z   soft_cols_b = soft_mask.nonzero(as_tuple=True)[0]
2026-09-15T04:15:33.537Z 
2026-09-15T04:15:33.537Z [2;36m[2026-09-15 04:15:33][0m [33mWARNING [0m [2m[py.warnings:112, db3cfb97005b, rank=1][0m /opt/conda/lib/python3.12/site-packages/olmo_core/nn/pooled_soft_token.py:226: UserWarning: called a synchronizing CUDA operation (Triggered internally at /pytorch/c10/cuda/CUDAFunctions.cpp:162.)
2026-09-15T04:15:33.537Z   cols_l = soft_cols_b.tolist()
2026-09-15T04:15:33.537Z 
2026-09-15T04:15:33.538Z [2;36m[2026-09-15 04:15:33][0m [33mWARNING [0m [2m[py.warnings:112, db3cfb97005b, rank=1][0m /opt/conda/lib/python3.12/site-packages/olmo_core/nn/pooled_soft_token.py:229: UserWarning: called a synchronizing CUDA operation (Triggered internally at /pytorch/c10/cuda/CUDAFunctions.cpp:162.)
2026-09-15T04:15:33.538Z   soft_docs += docs_b.tolist()
2026-09-15T04:15:33.538Z 
2026-09-15T04:15:33.538Z [2;36m[2026-09-15 04:15:33][0m [33mWARNING [0m [2m[py.warnings:112, db3cfb97005b, rank=1][0m /opt/conda/lib/python3.12/site-packages/olmo_core/nn/pooled_soft_token.py:230: UserWarning: called a synchronizing CUDA operation (Triggered internally at /pytorch/c10/cuda/CUDAFunctions.cpp:162.)
2026-09-15T04:15:33.538Z   soft_log_len += lens_b.tolist()
2026-09-15T04:15:33.538Z 
2026-09-15T04:15:33.540Z [2;36m[2026-09-15 04:15:33][0m [33mWARNING [0m [2m[py.warnings:112, db3cfb97005b, rank=1][0m /opt/conda/lib/python3.12/site-packages/olmo_core/nn/pooled_soft_token.py:280: UserWarning: called a synchronizing CUDA operation (Triggered internally at /pytorch/c10/cuda/CUDAFunctions.cpp:162.)
2026-09-15T04:15:33.540Z   row_lens[b] = L
2026-09-15T04:15:33.540Z 
2026-09-15T04:15:33.540Z [2;36m[2026-09-15 04:15:33][0m [33mWARNING [0m [2m[py.warnings:112, db3cfb97005b, rank=1][0m /opt/conda/lib/python3.12/site-packages/olmo_core/nn/pooled_soft_token.py:297: UserWarning: called a synchronizing CUDA operation (Triggered internally at /pytorch/c10/cuda/CUDAFunctions.cpp:162.)
2026-09-15T04:15:33.540Z   soft_rows=torch.tensor(soft_rows, dtype=torch.long, device=device),
2026-09-15T04:15:33.540Z 
2026-09-15T04:15:33.540Z [2;36m[2026-09-15 04:15:33][0m [33mWARNING [0m [2m[py.warnings:112, db3cfb97005b, rank=1][0m /opt/conda/lib/python3.12/site-packages/olmo_core/nn/pooled_soft_token.py:298: UserWarning: called a synchronizing CUDA operation (Triggered internally at /pytorch/c10/cuda/CUDAFunctions.cpp:162.)
2026-09-15T04:15:33.540Z   soft_cols=torch.tensor(soft_cols, dtype=torch.long, device=device),
2026-09-15T04:15:33.540Z 
2026-09-15T04:15:33.541Z [2;36m[2026-09-15 04:15:33][0m [33mWARNING [0m [2m[py.warnings:112, db3cfb97005b, rank=1][0m /opt/conda/lib/python3.12/site-packages/olmo_core/nn/pooled_soft_token.py:299: UserWarning: called a synchronizing CUDA operation (Triggered internally at /pytorch/c10/cuda/CUDAFunctions.cpp:162.)
2026-09-15T04:15:33.541Z   soft_docs=torch.tensor(soft_docs, dtype=torch.long, device=device),
2026-09-15T04:15:33.541Z 
2026-09-15T04:15:33.541Z [2;36m[2026-09-15 04:15:33][0m [33mWARNING [0m [2m[py.warnings:112, db3cfb97005b, rank=1][0m /opt/conda/lib/python3.12/site-packages/olmo_core/nn/pooled_soft_token.py:301: UserWarning: called a synchronizing CUDA operation (Triggered internally at /pytorch/c10/cuda/CUDAFunctions.cpp:162.)
2026-09-15T04:15:33.541Z   soft_log_len=torch.tensor(soft_log_len, dtype=torch.float32, device=device),
2026-09-15T04:15:33.541Z 
2026-09-15T04:15:33.542Z [2;36m[2026-09-15 04:15:33][0m [33mWARNING [0m [2m[py.warnings:112, db3cfb97005b, rank=1][0m /opt/conda/lib/python3.12/site-packages/olmo_core/nn/transformer/model.py:1502: UserWarning: called a synchronizing CUDA operation (Triggered internally at /pytorch/c10/cuda/CUDAFunctions.cpp:162.)
2026-09-15T04:15:33.542Z   kv_grad_mask[cb.soft_rows, cb.soft_cols] = False
2026-09-15T04:15:33.542Z 
2026-09-15T04:15:33.735Z [2;36m[2026-09-15 04:15:33][0m [33mWARNING [0m [2m[py.warnings:112, db3cfb97005b, rank=1][0m /opt/conda/lib/python3.12/site-packages/liger_kernel/ops/fused_linear_cross_entropy.py:75: UserWarning: called a synchronizing CUDA operation (Triggered internally at /pytorch/c10/cuda/CUDAFunctions.cpp:162.)
2026-09-15T04:15:33.735Z   total_n_non_ignore = target_mask.sum().item()
2026-09-15T04:15:33.735Z 
2026-09-15T04:15:34.252Z [2;36m[2026-09-15 04:15:34][0m [33mWARNING [0m [2m[py.warnings:112, db3cfb97005b, rank=1][0m /opt/conda/lib/python3.12/site-packages/liger_kernel/ops/fused_linear_cross_entropy.py:233: UserWarning: called a synchronizing CUDA operation (Triggered internally at /pytorch/c10/cuda/CUDAFunctions.cpp:162.)
2026-09-15T04:15:34.252Z   if not torch.equal(grad_output, torch.tensor(1.0, device=grad_output.device)):
2026-09-15T04:15:34.252Z 
2026-09-15T04:15:36.864Z [2;36m[2026-09-15 04:15:36][0m [34mINFO    [0m [2m[olmo_core.train.callbacks.console_logger:68, db3cfb97005b, rank=0][0m [step=7/61,epoch=1,eta=1h4m]
2026-09-15T04:15:36.864Z     gpu_memory/GPU active mem (%)=75.91
2026-09-15T04:15:36.864Z     gpu_memory/GPU active mem (GiB)=60.16
2026-09-15T04:15:36.864Z     gpu_memory/GPU reserved mem (%)=81.25
2026-09-15T04:15:36.864Z     gpu_memory/GPU reserved mem (GiB)=64.39
2026-09-15T04:15:36.864Z     optim/LR (group 0)=4.58E-06
2026-09-15T04:15:36.864Z     optim/LR (group 1)=4.58E-06
2026-09-15T04:15:36.864Z     optim/step skipped=0.0
2026-09-15T04:15:36.864Z     optim/total grad norm=6.569
2026-09-15T04:15:36.864Z     throughput/chinchilla multiple=1.09E-05
2026-09-15T04:15:36.864Z     throughput/device/BPS=0.0168
2026-09-15T04:15:36.864Z     throughput/device/BPS (actual avg)=0.0139
2026-09-15T04:15:36.864Z     throughput/device/MFU=8.105
2026-09-15T04:15:36.864Z     throughput/device/MFU (actual avg)=6.686
2026-09-15T04:15:36.864Z     throughput/device/TPS=1,104
2026-09-15T04:15:36.864Z     throughput/device/TPS (actual avg)=911.0
2026-09-15T04:15:36.864Z     throughput/device/flopsPS=25.29T
2026-09-15T04:15:36.864Z     throughput/device/flopsPS (actual avg)=20.86T
2026-09-15T04:15:36.864Z     throughput/total petaflops=21.01
2026-09-15T04:15:36.864Z     throughput/total tokens=917,504
2026-09-15T04:15:36.864Z     train/CE loss=0.4050
2026-09-15T04:15:36.864Z     throughput/device/data loading (%)=0.0040
2026-09-15T04:15:36.864Z     throughput/device/data loading (s)=0.0024
2026-09-15T04:15:36.864Z     train/PPL=1.499
2026-09-15T04:15:38.365Z [2;36m[2026-09-15 04:15:38][0m [33mWARNING [0m [2m[py.warnings:112, db3cfb97005b, rank=1][0m /opt/conda/lib/python3.12/site-packages/torch/autograd/graph.py:841: UserWarning: called a synchronizing CUDA operation (Triggered internally at /pytorch/c10/cuda/CUDAFunctions.cpp:162.)
2026-09-15T04:15:38.366Z   return Variable._execution_engine.run_backward(  # Calls into the C++ engine to run the backward pass
2026-09-15T04:15:38.366Z 
2026-09-15T04:15:38.382Z [2;36m[2026-09-15 04:15:38][0m [33mWARNING [0m [2m[py.warnings:112, db3cfb97005b, rank=1][0m /opt/conda/lib/python3.12/site-packages/torch/distributed/utils.py:106: UserWarning: called a synchronizing CUDA operation (Triggered internally at /pytorch/c10/cuda/CUDAFunctions.cpp:162.)
2026-09-15T04:15:38.382Z   return (obj.to(target_device),)
2026-09-15T04:15:38.382Z 
2026-09-15T04:15:38.390Z [2;36m[2026-09-15 04:15:38][0m [33mWARNING [0m [2m[py.warnings:112, db3cfb97005b, rank=1][0m /opt/conda/lib/python3.12/site-packages/olmo_core/nn/transformer/model.py:777: UserWarning: called a synchronizing CUDA operation (Triggered internally at /pytorch/c10/cuda/CUDAFunctions.cpp:162.)
2026-09-15T04:15:38.390Z   n_docs = int(chunk_ids.max().item()) + 1
2026-09-15T04:15:38.390Z 
2026-09-15T04:15:38.398Z [2;36m[2026-09-15 04:15:38][0m [33mWARNING [0m [2m[py.warnings:112, db3cfb97005b, rank=1][0m /opt/conda/lib/python3.12/site-packages/olmo_core/nn/transformer/model.py:834: UserWarning: called a synchronizing CUDA operation (Triggered internally at /pytorch/c10/cuda/CUDAFunctions.cpp:162.)
2026-09-15T04:15:38.399Z   flat = (torch.arange(B, device=emb.device)[:, None] * n_docs + cid.clamp(min=0)).reshape(
2026-09-15T04:15:38.399Z 
2026-09-15T04:15:38.399Z [2;36m[2026-09-15 04:15:38][0m [33mWARNING [0m [2m[py.warnings:112, db3cfb97005b, rank=1][0m /opt/conda/lib/python3.12/site-packages/olmo_core/nn/transformer/model.py:838: UserWarning: called a synchronizing CUDA operation (Triggered internally at /pytorch/c10/cuda/CUDAFunctions.cpp:162.)
2026-09-15T04:15:38.399Z   0, flat, emb.reshape(B * T, D)[is_ctx.reshape(-1)]
2026-09-15T04:15:38.399Z 
2026-09-15T04:15:38.407Z [2;36m[2026-09-15 04:15:38][0m [33mWARNING [0m [2m[py.warnings:112, db3cfb97005b, rank=1][0m /opt/conda/lib/python3.12/site-packages/olmo_core/nn/pooled_soft_token.py:173: UserWarning: called a synchronizing CUDA operation (Triggered internally at /pytorch/c10/cuda/CUDAFunctions.cpp:162.)
2026-09-15T04:15:38.407Z   kept_idx = kept_tok.nonzero(as_tuple=True)[0]
2026-09-15T04:15:38.407Z 
2026-09-15T04:15:38.408Z [2;36m[2026-09-15 04:15:38][0m [33mWARNING [0m [2m[py.warnings:112, db3cfb97005b, rank=1][0m /opt/conda/lib/python3.12/site-packages/olmo_core/nn/pooled_soft_token.py:179: UserWarning: called a synchronizing CUDA operation (Triggered internally at /pytorch/c10/cuda/CUDAFunctions.cpp:162.)
2026-09-15T04:15:38.408Z   if is_ctx.any():
2026-09-15T04:15:38.408Z 
2026-09-15T04:15:38.408Z [2;36m[2026-09-15 04:15:38][0m [33mWARNING [0m [2m[py.warnings:112, db3cfb97005b, rank=1][0m /opt/conda/lib/python3.12/site-packages/olmo_core/nn/pooled_soft_token.py:180: UserWarning: called a synchronizing CUDA operation (Triggered internally at /pytorch/c10/cuda/CUDAFunctions.cpp:162.)
2026-09-15T04:15:38.408Z   d_ix = c[is_ctx]
2026-09-15T04:15:38.408Z 
2026-09-15T04:15:38.408Z [2;36m[2026-09-15 04:15:38][0m [33mWARNING [0m [2m[py.warnings:112, db3cfb97005b, rank=1][0m /opt/conda/lib/python3.12/site-packages/olmo_core/nn/pooled_soft_token.py:181: UserWarning: called a synchronizing CUDA operation (Triggered internally at /pytorch/c10/cuda/CUDAFunctions.cpp:162.)
2026-09-15T04:15:38.408Z   pos_ix = is_ctx.nonzero(as_tuple=True)[0]
2026-09-15T04:15:38.408Z 
2026-09-15T04:15:38.409Z [2;36m[2026-09-15 04:15:38][0m [33mWARNING [0m [2m[py.warnings:112, db3cfb97005b, rank=1][0m /opt/conda/lib/python3.12/site-packages/olmo_core/nn/pooled_soft_token.py:186: UserWarning: called a synchronizing CUDA operation (Triggered internally at /pytorch/c10/cuda/CUDAFunctions.cpp:162.)
2026-09-15T04:15:38.409Z   pooled_docs = pooled.nonzero(as_tuple=True)[0]
2026-09-15T04:15:38.409Z 
2026-09-15T04:15:38.410Z [2;36m[2026-09-15 04:15:38][0m [33mWARNING [0m [2m[py.warnings:112, db3cfb97005b, rank=1][0m /opt/conda/lib/python3.12/site-packages/olmo_core/nn/pooled_soft_token.py:217: UserWarning: called a synchronizing CUDA operation (Triggered internally at /pytorch/c10/cuda/CUDAFunctions.cpp:162.)
2026-09-15T04:15:38.410Z   doc_len = torch.bincount(c[is_ctx], minlength=n_docs) if is_ctx.any() else torch.zeros(n_docs, dtype=torch.long, device=device)
2026-09-15T04:15:38.410Z 
2026-09-15T04:15:38.410Z [2;36m[2026-09-15 04:15:38][0m [33mWARNING [0m [2m[py.warnings:112, db3cfb97005b, rank=1][0m /opt/conda/lib/python3.12/site-packages/olmo_core/nn/pooled_soft_token.py:222: UserWarning: called a synchronizing CUDA operation (Triggered internally at /pytorch/c10/cuda/CUDAFunctions.cpp:162.)
2026-09-15T04:15:38.410Z   soft_cols_b = soft_mask.nonzero(as_tuple=True)[0]
2026-09-15T04:15:38.410Z 
2026-09-15T04:15:38.411Z [2;36m[2026-09-15 04:15:38][0m [33mWARNING [0m [2m[py.warnings:112, db3cfb97005b, rank=1][0m /opt/conda/lib/python3.12/site-packages/olmo_core/nn/pooled_soft_token.py:226: UserWarning: called a synchronizing CUDA operation (Triggered internally at /pytorch/c10/cuda/CUDAFunctions.cpp:162.)
2026-09-15T04:15:38.411Z   cols_l = soft_cols_b.tolist()
2026-09-15T04:15:38.411Z 
2026-09-15T04:15:38.411Z [2;36m[2026-09-15 04:15:38][0m [33mWARNING [0m [2m[py.warnings:112, db3cfb97005b, rank=1][0m /opt/conda/lib/python3.12/site-packages/olmo_core/nn/pooled_soft_token.py:229: UserWarning: called a synchronizing CUDA operation (Triggered internally at /pytorch/c10/cuda/CUDAFunctions.cpp:162.)
2026-09-15T04:15:38.411Z   soft_docs += docs_b.tolist()
2026-09-15T04:15:38.411Z 
2026-09-15T04:15:38.411Z [2;36m[2026-09-15 04:15:38][0m [33mWARNING [0m [2m[py.warnings:112, db3cfb97005b, rank=1][0m /opt/conda/lib/python3.12/site-packages/olmo_core/nn/pooled_soft_token.py:230: UserWarning: called a synchronizing CUDA operation (Triggered internally at /pytorch/c10/cuda/CUDAFunctions.cpp:162.)
2026-09-15T04:15:38.411Z   soft_log_len += lens_b.tolist()
2026-09-15T04:15:38.411Z 
2026-09-15T04:15:38.413Z [2;36m[2026-09-15 04:15:38][0m [33mWARNING [0m [2m[py.warnings:112, db3cfb97005b, rank=1][0m /opt/conda/lib/python3.12/site-packages/olmo_core/nn/pooled_soft_token.py:280: UserWarning: called a synchronizing CUDA operation (Triggered internally at /pytorch/c10/cuda/CUDAFunctions.cpp:162.)
2026-09-15T04:15:38.413Z   row_lens[b] = L
2026-09-15T04:15:38.413Z 
2026-09-15T04:15:38.413Z [2;36m[2026-09-15 04:15:38][0m [33mWARNING [0m [2m[py.warnings:112, db3cfb97005b, rank=1][0m /opt/conda/lib/python3.12/site-packages/olmo_core/nn/pooled_soft_token.py:297: UserWarning: called a synchronizing CUDA operation (Triggered internally at /pytorch/c10/cuda/CUDAFunctions.cpp:162.)
2026-09-15T04:15:38.414Z   soft_rows=torch.tensor(soft_rows, dtype=torch.long, device=device),
2026-09-15T04:15:38.414Z 
2026-09-15T04:15:38.414Z [2;36m[2026-09-15 04:15:38][0m [33mWARNING [0m [2m[py.warnings:112, db3cfb97005b, rank=1][0m /opt/conda/lib/python3.12/site-packages/olmo_core/nn/pooled_soft_token.py:298: UserWarning: called a synchronizing CUDA operation (Triggered internally at /pytorch/c10/cuda/CUDAFunctions.cpp:162.)
2026-09-15T04:15:38.414Z   soft_cols=torch.tensor(soft_cols, dtype=torch.long, device=device),
2026-09-15T04:15:38.414Z 
2026-09-15T04:15:38.414Z [2;36m[2026-09-15 04:15:38][0m [33mWARNING [0m [2m[py.warnings:112, db3cfb97005b, rank=1][0m /opt/conda/lib/python3.12/site-packages/olmo_core/nn/pooled_soft_token.py:299: UserWarning: called a synchronizing CUDA operation (Triggered internally at /pytorch/c10/cuda/CUDAFunctions.cpp:162.)
2026-09-15T04:15:38.414Z   soft_docs=torch.tensor(soft_docs, dtype=torch.long, device=device),
2026-09-15T04:15:38.414Z 
2026-09-15T04:15:38.414Z [2;36m[2026-09-15 04:15:38][0m [33mWARNING [0m [2m[py.warnings:112, db3cfb97005b, rank=1][0m /opt/conda/lib/python3.12/site-packages/olmo_core/nn/pooled_soft_token.py:301: UserWarning: called a synchronizing CUDA operation (Triggered internally at /pytorch/c10/cuda/CUDAFunctions.cpp:162.)
2026-09-15T04:15:38.414Z   soft_log_len=torch.tensor(soft_log_len, dtype=torch.float32, device=device),
2026-09-15T04:15:38.414Z 
2026-09-15T04:15:38.415Z [2;36m[2026-09-15 04:15:38][0m [33mWARNING [0m [2m[py.warnings:112, db3cfb97005b, rank=1][0m /opt/conda/lib/python3.12/site-packages/olmo_core/nn/transformer/model.py:1502: UserWarning: called a synchronizing CUDA operation (Triggered internally at /pytorch/c10/cuda/CUDAFunctions.cpp:162.)
2026-09-15T04:15:38.415Z   kv_grad_mask[cb.soft_rows, cb.soft_cols] = False
2026-09-15T04:15:38.415Z 
2026-09-15T04:15:38.596Z [2;36m[2026-09-15 04:15:38][0m [33mWARNING [0m [2m[py.warnings:112, db3cfb97005b, rank=1][0m /opt/conda/lib/python3.12/site-packages/liger_kernel/ops/fused_linear_cross_entropy.py:75: UserWarning: called a synchronizing CUDA operation (Triggered internally at /pytorch/c10/cuda/CUDAFunctions.cpp:162.)
2026-09-15T04:15:38.596Z   total_n_non_ignore = target_mask.sum().item()
2026-09-15T04:15:38.596Z 
2026-09-15T04:15:39.399Z [2;36m[2026-09-15 04:15:39][0m [33mWARNING [0m [2m[py.warnings:112, db3cfb97005b, rank=1][0m /opt/conda/lib/python3.12/site-packages/liger_kernel/ops/fused_linear_cross_entropy.py:233: UserWarning: called a synchronizing CUDA operation (Triggered internally at /pytorch/c10/cuda/CUDAFunctions.cpp:162.)
2026-09-15T04:15:39.399Z   if not torch.equal(grad_output, torch.tensor(1.0, device=grad_output.device)):
2026-09-15T04:15:39.399Z 
2026-09-15T04:15:40.098Z [2;36m[2026-09-15 04:15:40][0m [33mWARNING [0m [2m[py.warnings:112, db3cfb97005b, rank=1][0m /opt/conda/lib/python3.12/site-packages/torch/autograd/graph.py:841: UserWarning: called a synchronizing CUDA operation (Triggered internally at /pytorch/c10/cuda/CUDAFunctions.cpp:162.)
2026-09-15T04:15:40.098Z   return Variable._execution_engine.run_backward(  # Calls into the C++ engine to run the backward pass
2026-09-15T04:15:40.098Z 
2026-09-15T04:15:40.108Z [2;36m[2026-09-15 04:15:40][0m [33mWARNING [0m [2m[py.warnings:112, db3cfb97005b, rank=1][0m /opt/conda/lib/python3.12/site-packages/torch/distributed/utils.py:106: UserWarning: called a synchronizing CUDA operation (Triggered internally at /pytorch/c10/cuda/CUDAFunctions.cpp:162.)
2026-09-15T04:15:40.108Z   return (obj.to(target_device),)
2026-09-15T04:15:40.108Z 
2026-09-15T04:15:40.119Z [2;36m[2026-09-15 04:15:40][0m [33mWARNING [0m [2m[py.warnings:112, db3cfb97005b, rank=1][0m /opt/conda/lib/python3.12/site-packages/olmo_core/nn/transformer/model.py:777: UserWarning: called a synchronizing CUDA operation (Triggered internally at /pytorch/c10/cuda/CUDAFunctions.cpp:162.)
2026-09-15T04:15:40.119Z   n_docs = int(chunk_ids.max().item()) + 1
2026-09-15T04:15:40.119Z 
2026-09-15T04:15:40.127Z [2;36m[2026-09-15 04:15:40][0m [33mWARNING [0m [2m[py.warnings:112, db3cfb97005b, rank=1][0m /opt/conda/lib/python3.12/site-packages/olmo_core/nn/transformer/model.py:834: UserWarning: called a synchronizing CUDA operation (Triggered internally at /pytorch/c10/cuda/CUDAFunctions.cpp:162.)
2026-09-15T04:15:40.127Z   flat = (torch.arange(B, device=emb.device)[:, None] * n_docs + cid.clamp(min=0)).reshape(
2026-09-15T04:15:40.127Z 
2026-09-15T04:15:40.128Z [2;36m[2026-09-15 04:15:40][0m [33mWARNING [0m [2m[py.warnings:112, db3cfb97005b, rank=1][0m /opt/conda/lib/python3.12/site-packages/olmo_core/nn/transformer/model.py:838: UserWarning: called a synchronizing CUDA operation (Triggered internally at /pytorch/c10/cuda/CUDAFunctions.cpp:162.)
2026-09-15T04:15:40.128Z   0, flat, emb.reshape(B * T, D)[is_ctx.reshape(-1)]
2026-09-15T04:15:40.128Z 
2026-09-15T04:15:40.137Z [2;36m[2026-09-15 04:15:40][0m [33mWARNING [0m [2m[py.warnings:112, db3cfb97005b, rank=1][0m /opt/conda/lib/python3.12/site-packages/olmo_core/nn/pooled_soft_token.py:173: UserWarning: called a synchronizing CUDA operation (Triggered internally at /pytorch/c10/cuda/CUDAFunctions.cpp:162.)
2026-09-15T04:15:40.137Z   kept_idx = kept_tok.nonzero(as_tuple=True)[0]
2026-09-15T04:15:40.137Z 
2026-09-15T04:15:40.138Z [2;36m[2026-09-15 04:15:40][0m [33mWARNING [0m [2m[py.warnings:112, db3cfb97005b, rank=1][0m /opt/conda/lib/python3.12/site-packages/olmo_core/nn/pooled_soft_token.py:179: UserWarning: called a synchronizing CUDA operation (Triggered internally at /pytorch/c10/cuda/CUDAFunctions.cpp:162.)
2026-09-15T04:15:40.138Z   if is_ctx.any():
2026-09-15T04:15:40.138Z 
2026-09-15T04:15:40.138Z [2;36m[2026-09-15 04:15:40][0m [33mWARNING [0m [2m[py.warnings:112, db3cfb97005b, rank=1][0m /opt/conda/lib/python3.12/site-packages/olmo_core/nn/pooled_soft_token.py:180: UserWarning: called a synchronizing CUDA operation (Triggered internally at /pytorch/c10/cuda/CUDAFunctions.cpp:162.)
2026-09-15T04:15:40.138Z   d_ix = c[is_ctx]
2026-09-15T04:15:40.138Z 
2026-09-15T04:15:40.138Z [2;36m[2026-09-15 04:15:40][0m [33mWARNING [0m [2m[py.warnings:112, db3cfb97005b, rank=1][0m /opt/conda/lib/python3.12/site-packages/olmo_core/nn/pooled_soft_token.py:181: UserWarning: called a synchronizing CUDA operation (Triggered internally at /pytorch/c10/cuda/CUDAFunctions.cpp:162.)
2026-09-15T04:15:40.138Z   pos_ix = is_ctx.nonzero(as_tuple=True)[0]
2026-09-15T04:15:40.138Z 
2026-09-15T04:15:40.139Z [2;36m[2026-09-15 04:15:40][0m [33mWARNING [0m [2m[py.warnings:112, db3cfb97005b, rank=1][0m /opt/conda/lib/python3.12/site-packages/olmo_core/nn/pooled_soft_token.py:186: UserWarning: called a synchronizing CUDA operation (Triggered internally at /pytorch/c10/cuda/CUDAFunctions.cpp:162.)
2026-09-15T04:15:40.139Z   pooled_docs = pooled.nonzero(as_tuple=True)[0]
2026-09-15T04:15:40.139Z 
2026-09-15T04:15:40.140Z [2;36m[2026-09-15 04:15:40][0m [33mWARNING [0m [2m[py.warnings:112, db3cfb97005b, rank=1][0m /opt/conda/lib/python3.12/site-packages/olmo_core/nn/pooled_soft_token.py:217: UserWarning: called a synchronizing CUDA operation (Triggered internally at /pytorch/c10/cuda/CUDAFunctions.cpp:162.)
2026-09-15T04:15:40.140Z   doc_len = torch.bincount(c[is_ctx], minlength=n_docs) if is_ctx.any() else torch.zeros(n_docs, dtype=torch.long, device=device)
2026-09-15T04:15:40.140Z 
2026-09-15T04:15:40.140Z [2;36m[2026-09-15 04:15:40][0m [33mWARNING [0m [2m[py.warnings:112, db3cfb97005b, rank=1][0m /opt/conda/lib/python3.12/site-packages/olmo_core/nn/pooled_soft_token.py:222: UserWarning: called a synchronizing CUDA operation (Triggered internally at /pytorch/c10/cuda/CUDAFunctions.cpp:162.)
2026-09-15T04:15:40.140Z   soft_cols_b = soft_mask.nonzero(as_tuple=True)[0]
2026-09-15T04:15:40.140Z 
2026-09-15T04:15:40.141Z [2;36m[2026-09-15 04:15:40][0m [33mWARNING [0m [2m[py.warnings:112, db3cfb97005b, rank=1][0m /opt/conda/lib/python3.12/site-packages/olmo_core/nn/pooled_soft_token.py:226: UserWarning: called a synchronizing CUDA operation (Triggered internally at /pytorch/c10/cuda/CUDAFunctions.cpp:162.)
2026-09-15T04:15:40.141Z   cols_l = soft_cols_b.tolist()
2026-09-15T04:15:40.141Z 
2026-09-15T04:15:40.141Z [2;36m[2026-09-15 04:15:40][0m [33mWARNING [0m [2m[py.warnings:112, db3cfb97005b, rank=1][0m /opt/conda/lib/python3.12/site-packages/olmo_core/nn/pooled_soft_token.py:229: UserWarning: called a synchronizing CUDA operation (Triggered internally at /pytorch/c10/cuda/CUDAFunctions.cpp:162.)
2026-09-15T04:15:40.141Z   soft_docs += docs_b.tolist()
2026-09-15T04:15:40.141Z 
2026-09-15T04:15:40.141Z [2;36m[2026-09-15 04:15:40][0m [33mWARNING [0m [2m[py.warnings:112, db3cfb97005b, rank=1][0m /opt/conda/lib/python3.12/site-packages/olmo_core/nn/pooled_soft_token.py:230: UserWarning: called a synchronizing CUDA operation (Triggered internally at /pytorch/c10/cuda/CUDAFunctions.cpp:162.)
2026-09-15T04:15:40.141Z   soft_log_len += lens_b.tolist()
2026-09-15T04:15:40.141Z 
2026-09-15T04:15:40.143Z [2;36m[2026-09-15 04:15:40][0m [33mWARNING [0m [2m[py.warnings:112, db3cfb97005b, rank=1][0m /opt/conda/lib/python3.12/site-packages/olmo_core/nn/pooled_soft_token.py:280: UserWarning: called a synchronizing CUDA operation (Triggered internally at /pytorch/c10/cuda/CUDAFunctions.cpp:162.)
2026-09-15T04:15:40.143Z   row_lens[b] = L
2026-09-15T04:15:40.143Z 
2026-09-15T04:15:40.144Z [2;36m[2026-09-15 04:15:40][0m [33mWARNING [0m [2m[py.warnings:112, db3cfb97005b, rank=1][0m /opt/conda/lib/python3.12/site-packages/olmo_core/nn/pooled_soft_token.py:297: UserWarning: called a synchronizing CUDA operation (Triggered internally at /pytorch/c10/cuda/CUDAFunctions.cpp:162.)
2026-09-15T04:15:40.144Z   soft_rows=torch.tensor(soft_rows, dtype=torch.long, device=device),
2026-09-15T04:15:40.144Z 
2026-09-15T04:15:40.144Z [2;36m[2026-09-15 04:15:40][0m [33mWARNING [0m [2m[py.warnings:112, db3cfb97005b, rank=1][0m /opt/conda/lib/python3.12/site-packages/olmo_core/nn/pooled_soft_token.py:298: UserWarning: called a synchronizing CUDA operation (Triggered internally at /pytorch/c10/cuda/CUDAFunctions.cpp:162.)
2026-09-15T04:15:40.144Z   soft_cols=torch.tensor(soft_cols, dtype=torch.long, device=device),
2026-09-15T04:15:40.144Z 
2026-09-15T04:15:40.144Z [2;36m[2026-09-15 04:15:40][0m [33mWARNING [0m [2m[py.warnings:112, db3cfb97005b, rank=1][0m /opt/conda/lib/python3.12/site-packages/olmo_core/nn/pooled_soft_token.py:299: UserWarning: called a synchronizing CUDA operation (Triggered internally at /pytorch/c10/cuda/CUDAFunctions.cpp:162.)
2026-09-15T04:15:40.144Z   soft_docs=torch.tensor(soft_docs, dtype=torch.long, device=device),
2026-09-15T04:15:40.144Z 
2026-09-15T04:15:40.144Z [2;36m[2026-09-15 04:15:40][0m [33mWARNING [0m [2m[py.warnings:112, db3cfb97005b, rank=1][0m /opt/conda/lib/python3.12/site-packages/olmo_core/nn/pooled_soft_token.py:301: UserWarning: called a synchronizing CUDA operation (Triggered internally at /pytorch/c10/cuda/CUDAFunctions.cpp:162.)
2026-09-15T04:15:40.144Z   soft_log_len=torch.tensor(soft_log_len, dtype=torch.float32, device=device),
2026-09-15T04:15:40.144Z 
2026-09-15T04:15:40.145Z [2;36m[2026-09-15 04:15:40][0m [33mWARNING [0m [2m[py.warnings:112, db3cfb97005b, rank=1][0m /opt/conda/lib/python3.12/site-packages/olmo_core/nn/transformer/model.py:1502: UserWarning: called a synchronizing CUDA operation (Triggered internally at /pytorch/c10/cuda/CUDAFunctions.cpp:162.)
2026-09-15T04:15:40.145Z   kv_grad_mask[cb.soft_rows, cb.soft_cols] = False
2026-09-15T04:15:40.145Z 
2026-09-15T04:15:50.891Z [2;36m[2026-09-15 04:15:50][0m [33mWARNING [0m [2m[py.warnings:112, db3cfb97005b, rank=1][0m /opt/conda/lib/python3.12/site-packages/liger_kernel/ops/fused_linear_cross_entropy.py:75: UserWarning: called a synchronizing CUDA operation (Triggered internally at /pytorch/c10/cuda/CUDAFunctions.cpp:162.)
2026-09-15T04:15:50.891Z   total_n_non_ignore = target_mask.sum().item()
2026-09-15T04:15:50.891Z 
2026-09-15T04:15:51.454Z [2;36m[2026-09-15 04:15:51][0m [33mWARNING [0m [2m[py.warnings:112, db3cfb97005b, rank=1][0m /opt/conda/lib/python3.12/site-packages/liger_kernel/ops/fused_linear_cross_entropy.py:233: UserWarning: called a synchronizing CUDA operation (Triggered internally at /pytorch/c10/cuda/CUDAFunctions.cpp:162.)
2026-09-15T04:15:51.454Z   if not torch.equal(grad_output, torch.tensor(1.0, device=grad_output.device)):
2026-09-15T04:15:51.454Z 
2026-09-15T04:16:04.614Z [2;36m[2026-09-15 04:16:04][0m [33mWARNING [0m [2m[py.warnings:112, db3cfb97005b, rank=1][0m /opt/conda/lib/python3.12/site-packages/torch/autograd/graph.py:841: UserWarning: called a synchronizing CUDA operation (Triggered internally at /pytorch/c10/cuda/CUDAFunctions.cpp:162.)
2026-09-15T04:16:04.614Z   return Variable._execution_engine.run_backward(  # Calls into the C++ engine to run the backward pass
2026-09-15T04:16:04.614Z 
2026-09-15T04:16:04.624Z [2;36m[2026-09-15 04:16:04][0m [33mWARNING [0m [2m[py.warnings:112, db3cfb97005b, rank=1][0m /opt/conda/lib/python3.12/site-packages/torch/distributed/utils.py:106: UserWarning: called a synchronizing CUDA operation (Triggered internally at /pytorch/c10/cuda/CUDAFunctions.cpp:162.)
2026-09-15T04:16:04.624Z   return (obj.to(target_device),)
2026-09-15T04:16:04.624Z 
2026-09-15T04:16:04.635Z [2;36m[2026-09-15 04:16:04][0m [33mWARNING [0m [2m[py.warnings:112, db3cfb97005b, rank=1][0m /opt/conda/lib/python3.12/site-packages/olmo_core/nn/transformer/model.py:777: UserWarning: called a synchronizing CUDA operation (Triggered internally at /pytorch/c10/cuda/CUDAFunctions.cpp:162.)
2026-09-15T04:16:04.635Z   n_docs = int(chunk_ids.max().item()) + 1
2026-09-15T04:16:04.635Z 
2026-09-15T04:16:04.643Z [2;36m[2026-09-15 04:16:04][0m [33mWARNING [0m [2m[py.warnings:112, db3cfb97005b, rank=1][0m /opt/conda/lib/python3.12/site-packages/olmo_core/nn/transformer/model.py:834: UserWarning: called a synchronizing CUDA operation (Triggered internally at /pytorch/c10/cuda/CUDAFunctions.cpp:162.)
2026-09-15T04:16:04.643Z   flat = (torch.arange(B, device=emb.device)[:, None] * n_docs + cid.clamp(min=0)).reshape(
2026-09-15T04:16:04.643Z 
2026-09-15T04:16:04.644Z [2;36m[2026-09-15 04:16:04][0m [33mWARNING [0m [2m[py.warnings:112, db3cfb97005b, rank=1][0m /opt/conda/lib/python3.12/site-packages/olmo_core/nn/transformer/model.py:838: UserWarning: called a synchronizing CUDA operation (Triggered internally at /pytorch/c10/cuda/CUDAFunctions.cpp:162.)
2026-09-15T04:16:04.644Z   0, flat, emb.reshape(B * T, D)[is_ctx.reshape(-1)]
2026-09-15T04:16:04.644Z 
2026-09-15T04:16:04.651Z [2;36m[2026-09-15 04:16:04][0m [33mWARNING [0m [2m[py.warnings:112, db3cfb97005b, rank=1][0m /opt/conda/lib/python3.12/site-packages/olmo_core/nn/pooled_soft_token.py:173: UserWarning: called a synchronizing CUDA operation (Triggered internally at /pytorch/c10/cuda/CUDAFunctions.cpp:162.)
2026-09-15T04:16:04.651Z   kept_idx = kept_tok.nonzero(as_tuple=True)[0]
2026-09-15T04:16:04.651Z 
2026-09-15T04:16:04.652Z [2;36m[2026-09-15 04:16:04][0m [33mWARNING [0m [2m[py.warnings:112, db3cfb97005b, rank=1][0m /opt/conda/lib/python3.12/site-packages/olmo_core/nn/pooled_soft_token.py:179: UserWarning: called a synchronizing CUDA operation (Triggered internally at /pytorch/c10/cuda/CUDAFunctions.cpp:162.)
2026-09-15T04:16:04.652Z   if is_ctx.any():
2026-09-15T04:16:04.652Z 
2026-09-15T04:16:04.652Z [2;36m[2026-09-15 04:16:04][0m [33mWARNING [0m [2m[py.warnings:112, db3cfb97005b, rank=1][0m /opt/conda/lib/python3.12/site-packages/olmo_core/nn/pooled_soft_token.py:180: UserWarning: called a synchronizing CUDA operation (Triggered internally at /pytorch/c10/cuda/CUDAFunctions.cpp:162.)
2026-09-15T04:16:04.652Z   d_ix = c[is_ctx]
2026-09-15T04:16:04.652Z 
2026-09-15T04:16:04.652Z [2;36m[2026-09-15 04:16:04][0m [33mWARNING [0m [2m[py.warnings:112, db3cfb97005b, rank=1][0m /opt/conda/lib/python3.12/site-packages/olmo_core/nn/pooled_soft_token.py:181: UserWarning: called a synchronizing CUDA operation (Triggered internally at /pytorch/c10/cuda/CUDAFunctions.cpp:162.)
2026-09-15T04:16:04.652Z   pos_ix = is_ctx.nonzero(as_tuple=True)[0]
2026-09-15T04:16:04.653Z 
2026-09-15T04:16:04.653Z [2;36m[2026-09-15 04:16:04][0m [33mWARNING [0m [2m[py.warnings:112, db3cfb97005b, rank=1][0m /opt/conda/lib/python3.12/site-packages/olmo_core/nn/pooled_soft_token.py:186: UserWarning: called a synchronizing CUDA operation (Triggered internally at /pytorch/c10/cuda/CUDAFunctions.cpp:162.)
2026-09-15T04:16:04.653Z   pooled_docs = pooled.nonzero(as_tuple=True)[0]
2026-09-15T04:16:04.653Z 
2026-09-15T04:16:04.654Z [2;36m[2026-09-15 04:16:04][0m [33mWARNING [0m [2m[py.warnings:112, db3cfb97005b, rank=1][0m /opt/conda/lib/python3.12/site-packages/olmo_core/nn/pooled_soft_token.py:217: UserWarning: called a synchronizing CUDA operation (Triggered internally at /pytorch/c10/cuda/CUDAFunctions.cpp:162.)
2026-09-15T04:16:04.654Z   doc_len = torch.bincount(c[is_ctx], minlength=n_docs) if is_ctx.any() else torch.zeros(n_docs, dtype=torch.long, device=device)
2026-09-15T04:16:04.654Z 
2026-09-15T04:16:04.654Z [2;36m[2026-09-15 04:16:04][0m [33mWARNING [0m [2m[py.warnings:112, db3cfb97005b, rank=1][0m /opt/conda/lib/python3.12/site-packages/olmo_core/nn/pooled_soft_token.py:222: UserWarning: called a synchronizing CUDA operation (Triggered internally at /pytorch/c10/cuda/CUDAFunctions.cpp:162.)
2026-09-15T04:16:04.654Z   soft_cols_b = soft_mask.nonzero(as_tuple=True)[0]
2026-09-15T04:16:04.654Z 
2026-09-15T04:16:04.655Z [2;36m[2026-09-15 04:16:04][0m [33mWARNING [0m [2m[py.warnings:112, db3cfb97005b, rank=1][0m /opt/conda/lib/python3.12/site-packages/olmo_core/nn/pooled_soft_token.py:226: UserWarning: called a synchronizing CUDA operation (Triggered internally at /pytorch/c10/cuda/CUDAFunctions.cpp:162.)
2026-09-15T04:16:04.655Z   cols_l = soft_cols_b.tolist()
2026-09-15T04:16:04.655Z 
2026-09-15T04:16:04.655Z [2;36m[2026-09-15 04:16:04][0m [33mWARNING [0m [2m[py.warnings:112, db3cfb97005b, rank=1][0m /opt/conda/lib/python3.12/site-packages/olmo_core/nn/pooled_soft_token.py:229: UserWarning: called a synchronizing CUDA operation (Triggered internally at /pytorch/c10/cuda/CUDAFunctions.cpp:162.)
2026-09-15T04:16:04.655Z   soft_docs += docs_b.tolist()
2026-09-15T04:16:04.655Z 
2026-09-15T04:16:04.655Z [2;36m[2026-09-15 04:16:04][0m [33mWARNING [0m [2m[py.warnings:112, db3cfb97005b, rank=1][0m /opt/conda/lib/python3.12/site-packages/olmo_core/nn/pooled_soft_token.py:230: UserWarning: called a synchronizing CUDA operation (Triggered internally at /pytorch/c10/cuda/CUDAFunctions.cpp:162.)
2026-09-15T04:16:04.655Z   soft_log_len += lens_b.tolist()
2026-09-15T04:16:04.655Z 
2026-09-15T04:16:04.657Z [2;36m[2026-09-15 04:16:04][0m [33mWARNING [0m [2m[py.warnings:112, db3cfb97005b, rank=1][0m /opt/conda/lib/python3.12/site-packages/olmo_core/nn/pooled_soft_token.py:280: UserWarning: called a synchronizing CUDA operation (Triggered internally at /pytorch/c10/cuda/CUDAFunctions.cpp:162.)
2026-09-15T04:16:04.657Z   row_lens[b] = L
2026-09-15T04:16:04.657Z 
2026-09-15T04:16:04.658Z [2;36m[2026-09-15 04:16:04][0m [33mWARNING [0m [2m[py.warnings:112, db3cfb97005b, rank=1][0m /opt/conda/lib/python3.12/site-packages/olmo_core/nn/pooled_soft_token.py:297: UserWarning: called a synchronizing CUDA operation (Triggered internally at /pytorch/c10/cuda/CUDAFunctions.cpp:162.)
2026-09-15T04:16:04.658Z   soft_rows=torch.tensor(soft_rows, dtype=torch.long, device=device),
2026-09-15T04:16:04.658Z 
2026-09-15T04:16:04.658Z [2;36m[2026-09-15 04:16:04][0m [33mWARNING [0m [2m[py.warnings:112, db3cfb97005b, rank=1][0m /opt/conda/lib/python3.12/site-packages/olmo_core/nn/pooled_soft_token.py:298: UserWarning: called a synchronizing CUDA operation (Triggered internally at /pytorch/c10/cuda/CUDAFunctions.cpp:162.)
2026-09-15T04:16:04.658Z   soft_cols=torch.tensor(soft_cols, dtype=torch.long, device=device),
2026-09-15T04:16:04.658Z 
2026-09-15T04:16:04.658Z [2;36m[2026-09-15 04:16:04][0m [33mWARNING [0m [2m[py.warnings:112, db3cfb97005b, rank=1][0m /opt/conda/lib/python3.12/site-packages/olmo_core/nn/pooled_soft_token.py:299: UserWarning: called a synchronizing CUDA operation (Triggered internally at /pytorch/c10/cuda/CUDAFunctions.cpp:162.)
2026-09-15T04:16:04.658Z   soft_docs=torch.tensor(soft_docs, dtype=torch.long, device=device),
2026-09-15T04:16:04.658Z 
2026-09-15T04:16:04.659Z [2;36m[2026-09-15 04:16:04][0m [33mWARNING [0m [2m[py.warnings:112, db3cfb97005b, rank=1][0m /opt/conda/lib/python3.12/site-packages/olmo_core/nn/pooled_soft_token.py:301: UserWarning: called a synchronizing CUDA operation (Triggered internally at /pytorch/c10/cuda/CUDAFunctions.cpp:162.)
2026-09-15T04:16:04.659Z   soft_log_len=torch.tensor(soft_log_len, dtype=torch.float32, device=device),
2026-09-15T04:16:04.659Z 
2026-09-15T04:16:04.659Z [2;36m[2026-09-15 04:16:04][0m [33mWARNING [0m [2m[py.warnings:112, db3cfb97005b, rank=1][0m /opt/conda/lib/python3.12/site-packages/olmo_core/nn/transformer/model.py:1502: UserWarning: called a synchronizing CUDA operation (Triggered internally at /pytorch/c10/cuda/CUDAFunctions.cpp:162.)
2026-09-15T04:16:04.659Z   kv_grad_mask[cb.soft_rows, cb.soft_cols] = False
2026-09-15T04:16:04.659Z 
2026-09-15T04:16:04.824Z [2;36m[2026-09-15 04:16:04][0m [33mWARNING [0m [2m[py.warnings:112, db3cfb97005b, rank=1][0m /opt/conda/lib/python3.12/site-packages/liger_kernel/ops/fused_linear_cross_entropy.py:75: UserWarning: called a synchronizing CUDA operation (Triggered internally at /pytorch/c10/cuda/CUDAFunctions.cpp:162.)
2026-09-15T04:16:04.824Z   total_n_non_ignore = target_mask.sum().item()
2026-09-15T04:16:04.824Z 
2026-09-15T04:16:05.657Z [2;36m[2026-09-15 04:16:05][0m [33mWARNING [0m [2m[py.warnings:112, db3cfb97005b, rank=1][0m /opt/conda/lib/python3.12/site-packages/liger_kernel/ops/fused_linear_cross_entropy.py:233: UserWarning: called a synchronizing CUDA operation (Triggered internally at /pytorch/c10/cuda/CUDAFunctions.cpp:162.)
2026-09-15T04:16:05.657Z   if not torch.equal(grad_output, torch.tensor(1.0, device=grad_output.device)):
2026-09-15T04:16:05.657Z 
2026-09-15T04:16:07.659Z [2;36m[2026-09-15 04:16:07][0m [33mWARNING [0m [2m[py.warnings:112, db3cfb97005b, rank=1][0m /opt/conda/lib/python3.12/site-packages/torch/autograd/graph.py:841: UserWarning: called a synchronizing CUDA operation (Triggered internally at /pytorch/c10/cuda/CUDAFunctions.cpp:162.)
2026-09-15T04:16:07.659Z   return Variable._execution_engine.run_backward(  # Calls into the C++ engine to run the backward pass
2026-09-15T04:16:07.659Z 
2026-09-15T04:16:07.662Z [2;36m[2026-09-15 04:16:07][0m [33mWARNING [0m [2m[py.warnings:112, db3cfb97005b, rank=1][0m /opt/conda/lib/python3.12/site-packages/torch/distributed/utils.py:106: UserWarning: called a synchronizing CUDA operation (Triggered internally at /pytorch/c10/cuda/CUDAFunctions.cpp:162.)
2026-09-15T04:16:07.662Z   return (obj.to(target_device),)
2026-09-15T04:16:07.662Z 
2026-09-15T04:16:07.675Z [2;36m[2026-09-15 04:16:07][0m [33mWARNING [0m [2m[py.warnings:112, db3cfb97005b, rank=1][0m /opt/conda/lib/python3.12/site-packages/olmo_core/nn/transformer/model.py:777: UserWarning: called a synchronizing CUDA operation (Triggered internally at /pytorch/c10/cuda/CUDAFunctions.cpp:162.)
2026-09-15T04:16:07.675Z   n_docs = int(chunk_ids.max().item()) + 1
2026-09-15T04:16:07.675Z 
2026-09-15T04:16:07.681Z [2;36m[2026-09-15 04:16:07][0m [33mWARNING [0m [2m[py.warnings:112, db3cfb97005b, rank=1][0m /opt/conda/lib/python3.12/site-packages/olmo_core/nn/transformer/model.py:834: UserWarning: called a synchronizing CUDA operation (Triggered internally at /pytorch/c10/cuda/CUDAFunctions.cpp:162.)
2026-09-15T04:16:07.683Z   flat = (torch.arange(B, device=emb.device)[:, None] * n_docs + cid.clamp(min=0)).reshape(
2026-09-15T04:16:07.683Z 
2026-09-15T04:16:07.683Z [2;36m[2026-09-15 04:16:07][0m [33mWARNING [0m [2m[py.warnings:112, db3cfb97005b, rank=1][0m /opt/conda/lib/python3.12/site-packages/olmo_core/nn/transformer/model.py:838: UserWarning: called a synchronizing CUDA operation (Triggered internally at /pytorch/c10/cuda/CUDAFunctions.cpp:162.)
2026-09-15T04:16:07.683Z   0, flat, emb.reshape(B * T, D)[is_ctx.reshape(-1)]
2026-09-15T04:16:07.683Z 
2026-09-15T04:16:07.688Z [2;36m[2026-09-15 04:16:07][0m [33mWARNING [0m [2m[py.warnings:112, db3cfb97005b, rank=1][0m /opt/conda/lib/python3.12/site-packages/olmo_core/nn/pooled_soft_token.py:173: UserWarning: called a synchronizing CUDA operation (Triggered internally at /pytorch/c10/cuda/CUDAFunctions.cpp:162.)
2026-09-15T04:16:07.688Z   kept_idx = kept_tok.nonzero(as_tuple=True)[0]
2026-09-15T04:16:07.688Z 
2026-09-15T04:16:07.689Z [2;36m[2026-09-15 04:16:07][0m [33mWARNING [0m [2m[py.warnings:112, db3cfb97005b, rank=1][0m /opt/conda/lib/python3.12/site-packages/olmo_core/nn/pooled_soft_token.py:179: UserWarning: called a synchronizing CUDA operation (Triggered internally at /pytorch/c10/cuda/CUDAFunctions.cpp:162.)
2026-09-15T04:16:07.689Z   if is_ctx.any():
2026-09-15T04:16:07.689Z 
2026-09-15T04:16:07.689Z [2;36m[2026-09-15 04:16:07][0m [33mWARNING [0m [2m[py.warnings:112, db3cfb97005b, rank=1][0m /opt/conda/lib/python3.12/site-packages/olmo_core/nn/pooled_soft_token.py:180: UserWarning: called a synchronizing CUDA operation (Triggered internally at /pytorch/c10/cuda/CUDAFunctions.cpp:162.)
2026-09-15T04:16:07.689Z   d_ix = c[is_ctx]
2026-09-15T04:16:07.689Z 
2026-09-15T04:16:07.689Z [2;36m[2026-09-15 04:16:07][0m [33mWARNING [0m [2m[py.warnings:112, db3cfb97005b, rank=1][0m /opt/conda/lib/python3.12/site-packages/olmo_core/nn/pooled_soft_token.py:181: UserWarning: called a synchronizing CUDA operation (Triggered internally at /pytorch/c10/cuda/CUDAFunctions.cpp:162.)
2026-09-15T04:16:07.689Z   pos_ix = is_ctx.nonzero(as_tuple=True)[0]
2026-09-15T04:16:07.689Z 
2026-09-15T04:16:07.690Z [2;36m[2026-09-15 04:16:07][0m [33mWARNING [0m [2m[py.warnings:112, db3cfb97005b, rank=1][0m /opt/conda/lib/python3.12/site-packages/olmo_core/nn/pooled_soft_token.py:186: UserWarning: called a synchronizing CUDA operation (Triggered internally at /pytorch/c10/cuda/CUDAFunctions.cpp:162.)
2026-09-15T04:16:07.690Z   pooled_docs = pooled.nonzero(as_tuple=True)[0]
2026-09-15T04:16:07.690Z 
2026-09-15T04:16:07.691Z [2;36m[2026-09-15 04:16:07][0m [33mWARNING [0m [2m[py.warnings:112, db3cfb97005b, rank=1][0m /opt/conda/lib/python3.12/site-packages/olmo_core/nn/pooled_soft_token.py:217: UserWarning: called a synchronizing CUDA operation (Triggered internally at /pytorch/c10/cuda/CUDAFunctions.cpp:162.)
2026-09-15T04:16:07.691Z   doc_len = torch.bincount(c[is_ctx], minlength=n_docs) if is_ctx.any() else torch.zeros(n_docs, dtype=torch.long, device=device)
2026-09-15T04:16:07.691Z 
2026-09-15T04:16:07.691Z [2;36m[2026-09-15 04:16:07][0m [33mWARNING [0m [2m[py.warnings:112, db3cfb97005b, rank=1][0m /opt/conda/lib/python3.12/site-packages/olmo_core/nn/pooled_soft_token.py:222: UserWarning: called a synchronizing CUDA operation (Triggered internally at /pytorch/c10/cuda/CUDAFunctions.cpp:162.)
2026-09-15T04:16:07.691Z   soft_cols_b = soft_mask.nonzero(as_tuple=True)[0]
2026-09-15T04:16:07.691Z 
2026-09-15T04:16:07.692Z [2;36m[2026-09-15 04:16:07][0m [33mWARNING [0m [2m[py.warnings:112, db3cfb97005b, rank=1][0m /opt/conda/lib/python3.12/site-packages/olmo_core/nn/pooled_soft_token.py:226: UserWarning: called a synchronizing CUDA operation (Triggered internally at /pytorch/c10/cuda/CUDAFunctions.cpp:162.)
2026-09-15T04:16:07.692Z   cols_l = soft_cols_b.tolist()
2026-09-15T04:16:07.692Z 
2026-09-15T04:16:07.692Z [2;36m[2026-09-15 04:16:07][0m [33mWARNING [0m [2m[py.warnings:112, db3cfb97005b, rank=1][0m /opt/conda/lib/python3.12/site-packages/olmo_core/nn/pooled_soft_token.py:229: UserWarning: called a synchronizing CUDA operation (Triggered internally at /pytorch/c10/cuda/CUDAFunctions.cpp:162.)
2026-09-15T04:16:07.692Z   soft_docs += docs_b.tolist()
2026-09-15T04:16:07.692Z 
2026-09-15T04:16:07.692Z [2;36m[2026-09-15 04:16:07][0m [33mWARNING [0m [2m[py.warnings:112, db3cfb97005b, rank=1][0m /opt/conda/lib/python3.12/site-packages/olmo_core/nn/pooled_soft_token.py:230: UserWarning: called a synchronizing CUDA operation (Triggered internally at /pytorch/c10/cuda/CUDAFunctions.cpp:162.)
2026-09-15T04:16:07.692Z   soft_log_len += lens_b.tolist()
2026-09-15T04:16:07.692Z 
2026-09-15T04:16:07.694Z [2;36m[2026-09-15 04:16:07][0m [33mWARNING [0m [2m[py.warnings:112, db3cfb97005b, rank=1][0m /opt/conda/lib/python3.12/site-packages/olmo_core/nn/pooled_soft_token.py:280: UserWarning: called a synchronizing CUDA operation (Triggered internally at /pytorch/c10/cuda/CUDAFunctions.cpp:162.)
2026-09-15T04:16:07.694Z   row_lens[b] = L
2026-09-15T04:16:07.694Z 
2026-09-15T04:16:07.695Z [2;36m[2026-09-15 04:16:07][0m [33mWARNING [0m [2m[py.warnings:112, db3cfb97005b, rank=1][0m /opt/conda/lib/python3.12/site-packages/olmo_core/nn/pooled_soft_token.py:297: UserWarning: called a synchronizing CUDA operation (Triggered internally at /pytorch/c10/cuda/CUDAFunctions.cpp:162.)
2026-09-15T04:16:07.695Z   soft_rows=torch.tensor(soft_rows, dtype=torch.long, device=device),
2026-09-15T04:16:07.695Z 
2026-09-15T04:16:07.695Z [2;36m[2026-09-15 04:16:07][0m [33mWARNING [0m [2m[py.warnings:112, db3cfb97005b, rank=1][0m /opt/conda/lib/python3.12/site-packages/olmo_core/nn/pooled_soft_token.py:298: UserWarning: called a synchronizing CUDA operation (Triggered internally at /pytorch/c10/cuda/CUDAFunctions.cpp:162.)
2026-09-15T04:16:07.695Z   soft_cols=torch.tensor(soft_cols, dtype=torch.long, device=device),
2026-09-15T04:16:07.695Z 
2026-09-15T04:16:07.695Z [2;36m[2026-09-15 04:16:07][0m [33mWARNING [0m [2m[py.warnings:112, db3cfb97005b, rank=1][0m /opt/conda/lib/python3.12/site-packages/olmo_core/nn/pooled_soft_token.py:299: UserWarning: called a synchronizing CUDA operation (Triggered internally at /pytorch/c10/cuda/CUDAFunctions.cpp:162.)
2026-09-15T04:16:07.695Z   soft_docs=torch.tensor(soft_docs, dtype=torch.long, device=device),
2026-09-15T04:16:07.695Z 
2026-09-15T04:16:07.696Z [2;36m[2026-09-15 04:16:07][0m [33mWARNING [0m [2m[py.warnings:112, db3cfb97005b, rank=1][0m /opt/conda/lib/python3.12/site-packages/olmo_core/nn/pooled_soft_token.py:301: UserWarning: called a synchronizing CUDA operation (Triggered internally at /pytorch/c10/cuda/CUDAFunctions.cpp:162.)
2026-09-15T04:16:07.696Z   soft_log_len=torch.tensor(soft_log_len, dtype=torch.float32, device=device),
2026-09-15T04:16:07.696Z 
2026-09-15T04:16:07.696Z [2;36m[2026-09-15 04:16:07][0m [33mWARNING [0m [2m[py.warnings:112, db3cfb97005b, rank=1][0m /opt/conda/lib/python3.12/site-packages/olmo_core/nn/transformer/model.py:1502: UserWarning: called a synchronizing CUDA operation (Triggered internally at /pytorch/c10/cuda/CUDAFunctions.cpp:162.)
2026-09-15T04:16:07.696Z   kv_grad_mask[cb.soft_rows, cb.soft_cols] = False
2026-09-15T04:16:07.696Z 
2026-09-15T04:16:07.852Z [2;36m[2026-09-15 04:16:07][0m [33mWARNING [0m [2m[py.warnings:112, db3cfb97005b, rank=1][0m /opt/conda/lib/python3.12/site-packages/liger_kernel/ops/fused_linear_cross_entropy.py:75: UserWarning: called a synchronizing CUDA operation (Triggered internally at /pytorch/c10/cuda/CUDAFunctions.cpp:162.)
2026-09-15T04:16:07.852Z   total_n_non_ignore = target_mask.sum().item()
2026-09-15T04:16:07.852Z 
2026-09-15T04:16:08.565Z [2;36m[2026-09-15 04:16:08][0m [33mWARNING [0m [2m[py.warnings:112, db3cfb97005b, rank=1][0m /opt/conda/lib/python3.12/site-packages/liger_kernel/ops/fused_linear_cross_entropy.py:233: UserWarning: called a synchronizing CUDA operation (Triggered internally at /pytorch/c10/cuda/CUDAFunctions.cpp:162.)
2026-09-15T04:16:08.565Z   if not torch.equal(grad_output, torch.tensor(1.0, device=grad_output.device)):
2026-09-15T04:16:08.565Z 
2026-09-15T04:16:12.334Z [2;36m[2026-09-15 04:16:12][0m [34mINFO    [0m [2m[olmo_core.train.callbacks.console_logger:68, db3cfb97005b, rank=0][0m [step=8/61,epoch=1,eta=58m]
2026-09-15T04:16:12.335Z     gpu_memory/GPU active mem (%)=75.91
2026-09-15T04:16:12.335Z     gpu_memory/GPU active mem (GiB)=60.16
2026-09-15T04:16:12.335Z     gpu_memory/GPU reserved mem (%)=81.25
2026-09-15T04:16:12.335Z     gpu_memory/GPU reserved mem (GiB)=64.39
2026-09-15T04:16:12.335Z     optim/LR (group 0)=4.49E-06
2026-09-15T04:16:12.335Z     optim/LR (group 1)=4.49E-06
2026-09-15T04:16:12.335Z     optim/step skipped=0.0
2026-09-15T04:16:12.335Z     optim/total grad norm=5.840
2026-09-15T04:16:12.335Z     throughput/chinchilla multiple=1.25E-05
2026-09-15T04:16:12.335Z     throughput/device/BPS=0.0282
2026-09-15T04:16:12.335Z     throughput/device/BPS (actual avg)=0.0150
2026-09-15T04:16:12.335Z     throughput/device/MFU=13.56
2026-09-15T04:16:12.335Z     throughput/device/MFU (actual avg)=7.208
2026-09-15T04:16:12.335Z     throughput/device/TPS=1,847
2026-09-15T04:16:12.335Z     throughput/device/TPS (actual avg)=982.1
2026-09-15T04:16:12.335Z     throughput/device/flopsPS=42.31T
2026-09-15T04:16:12.335Z     throughput/device/flopsPS (actual avg)=22.49T
2026-09-15T04:16:12.335Z     throughput/total petaflops=24.01
2026-09-15T04:16:12.335Z     throughput/total tokens=1,048,576
2026-09-15T04:16:12.335Z     train/CE loss=0.3995
2026-09-15T04:16:12.335Z     throughput/device/data loading (%)=0.0080
2026-09-15T04:16:12.335Z     throughput/device/data loading (s)=0.0028
2026-09-15T04:16:12.335Z     train/PPL=1.491
2026-09-15T04:16:14.170Z [2;36m[2026-09-15 04:16:14][0m [33mWARNING [0m [2m[py.warnings:112, db3cfb97005b, rank=1][0m /opt/conda/lib/python3.12/site-packages/torch/autograd/graph.py:841: UserWarning: called a synchronizing CUDA operation (Triggered internally at /pytorch/c10/cuda/CUDAFunctions.cpp:162.)
2026-09-15T04:16:14.170Z   return Variable._execution_engine.run_backward(  # Calls into the C++ engine to run the backward pass
2026-09-15T04:16:14.170Z 
2026-09-15T04:16:14.181Z [2;36m[2026-09-15 04:16:14][0m [33mWARNING [0m [2m[py.warnings:112, db3cfb97005b, rank=1][0m /opt/conda/lib/python3.12/site-packages/torch/distributed/utils.py:106: UserWarning: called a synchronizing CUDA operation (Triggered internally at /pytorch/c10/cuda/CUDAFunctions.cpp:162.)
2026-09-15T04:16:14.181Z   return (obj.to(target_device),)
2026-09-15T04:16:14.181Z 
2026-09-15T04:16:14.190Z [2;36m[2026-09-15 04:16:14][0m [33mWARNING [0m [2m[py.warnings:112, db3cfb97005b, rank=1][0m /opt/conda/lib/python3.12/site-packages/olmo_core/nn/transformer/model.py:777: UserWarning: called a synchronizing CUDA operation (Triggered internally at /pytorch/c10/cuda/CUDAFunctions.cpp:162.)
2026-09-15T04:16:14.190Z   n_docs = int(chunk_ids.max().item()) + 1
2026-09-15T04:16:14.190Z 
2026-09-15T04:16:14.198Z [2;36m[2026-09-15 04:16:14][0m [33mWARNING [0m [2m[py.warnings:112, db3cfb97005b, rank=1][0m /opt/conda/lib/python3.12/site-packages/olmo_core/nn/transformer/model.py:834: UserWarning: called a synchronizing CUDA operation (Triggered internally at /pytorch/c10/cuda/CUDAFunctions.cpp:162.)
2026-09-15T04:16:14.198Z   flat = (torch.arange(B, device=emb.device)[:, None] * n_docs + cid.clamp(min=0)).reshape(
2026-09-15T04:16:14.198Z 
2026-09-15T04:16:14.198Z [2;36m[2026-09-15 04:16:14][0m [33mWARNING [0m [2m[py.warnings:112, db3cfb97005b, rank=1][0m /opt/conda/lib/python3.12/site-packages/olmo_core/nn/transformer/model.py:838: UserWarning: called a synchronizing CUDA operation (Triggered internally at /pytorch/c10/cuda/CUDAFunctions.cpp:162.)
2026-09-15T04:16:14.198Z   0, flat, emb.reshape(B * T, D)[is_ctx.reshape(-1)]
2026-09-15T04:16:14.198Z 
2026-09-15T04:16:14.208Z [2;36m[2026-09-15 04:16:14][0m [33mWARNING [0m [2m[py.warnings:112, db3cfb97005b, rank=1][0m /opt/conda/lib/python3.12/site-packages/olmo_core/nn/pooled_soft_token.py:173: UserWarning: called a synchronizing CUDA operation (Triggered internally at /pytorch/c10/cuda/CUDAFunctions.cpp:162.)
2026-09-15T04:16:14.208Z   kept_idx = kept_tok.nonzero(as_tuple=True)[0]
2026-09-15T04:16:14.208Z 
2026-09-15T04:16:14.208Z [2;36m[2026-09-15 04:16:14][0m [33mWARNING [0m [2m[py.warnings:112, db3cfb97005b, rank=1][0m /opt/conda/lib/python3.12/site-packages/olmo_core/nn/pooled_soft_token.py:179: UserWarning: called a synchronizing CUDA operation (Triggered internally at /pytorch/c10/cuda/CUDAFunctions.cpp:162.)
2026-09-15T04:16:14.208Z   if is_ctx.any():
2026-09-15T04:16:14.208Z 
2026-09-15T04:16:14.208Z [2;36m[2026-09-15 04:16:14][0m [33mWARNING [0m [2m[py.warnings:112, db3cfb97005b, rank=1][0m /opt/conda/lib/python3.12/site-packages/olmo_core/nn/pooled_soft_token.py:180: UserWarning: called a synchronizing CUDA operation (Triggered internally at /pytorch/c10/cuda/CUDAFunctions.cpp:162.)
2026-09-15T04:16:14.208Z   d_ix = c[is_ctx]
2026-09-15T04:16:14.208Z 
2026-09-15T04:16:14.209Z [2;36m[2026-09-15 04:16:14][0m [33mWARNING [0m [2m[py.warnings:112, db3cfb97005b, rank=1][0m /opt/conda/lib/python3.12/site-packages/olmo_core/nn/pooled_soft_token.py:181: UserWarning: called a synchronizing CUDA operation (Triggered internally at /pytorch/c10/cuda/CUDAFunctions.cpp:162.)
2026-09-15T04:16:14.209Z   pos_ix = is_ctx.nonzero(as_tuple=True)[0]
2026-09-15T04:16:14.209Z 
2026-09-15T04:16:14.209Z [2;36m[2026-09-15 04:16:14][0m [33mWARNING [0m [2m[py.warnings:112, db3cfb97005b, rank=1][0m /opt/conda/lib/python3.12/site-packages/olmo_core/nn/pooled_soft_token.py:186: UserWarning: called a synchronizing CUDA operation (Triggered internally at /pytorch/c10/cuda/CUDAFunctions.cpp:162.)
2026-09-15T04:16:14.209Z   pooled_docs = pooled.nonzero(as_tuple=True)[0]
2026-09-15T04:16:14.209Z 
2026-09-15T04:16:14.210Z [2;36m[2026-09-15 04:16:14][0m [33mWARNING [0m [2m[py.warnings:112, db3cfb97005b, rank=1][0m /opt/conda/lib/python3.12/site-packages/olmo_core/nn/pooled_soft_token.py:217: UserWarning: called a synchronizing CUDA operation (Triggered internally at /pytorch/c10/cuda/CUDAFunctions.cpp:162.)
2026-09-15T04:16:14.210Z   doc_len = torch.bincount(c[is_ctx], minlength=n_docs) if is_ctx.any() else torch.zeros(n_docs, dtype=torch.long, device=device)
2026-09-15T04:16:14.210Z 
2026-09-15T04:16:14.211Z [2;36m[2026-09-15 04:16:14][0m [33mWARNING [0m [2m[py.warnings:112, db3cfb97005b, rank=1][0m /opt/conda/lib/python3.12/site-packages/olmo_core/nn/pooled_soft_token.py:222: UserWarning: called a synchronizing CUDA operation (Triggered internally at /pytorch/c10/cuda/CUDAFunctions.cpp:162.)
2026-09-15T04:16:14.211Z   soft_cols_b = soft_mask.nonzero(as_tuple=True)[0]
2026-09-15T04:16:14.211Z 
2026-09-15T04:16:14.211Z [2;36m[2026-09-15 04:16:14][0m [33mWARNING [0m [2m[py.warnings:112, db3cfb97005b, rank=1][0m /opt/conda/lib/python3.12/site-packages/olmo_core/nn/pooled_soft_token.py:226: UserWarning: called a synchronizing CUDA operation (Triggered internally at /pytorch/c10/cuda/CUDAFunctions.cpp:162.)
2026-09-15T04:16:14.211Z   cols_l = soft_cols_b.tolist()
2026-09-15T04:16:14.211Z 
2026-09-15T04:16:14.211Z [2;36m[2026-09-15 04:16:14][0m [33mWARNING [0m [2m[py.warnings:112, db3cfb97005b, rank=1][0m /opt/conda/lib/python3.12/site-packages/olmo_core/nn/pooled_soft_token.py:229: UserWarning: called a synchronizing CUDA operation (Triggered internally at /pytorch/c10/cuda/CUDAFunctions.cpp:162.)
2026-09-15T04:16:14.211Z   soft_docs += docs_b.tolist()
2026-09-15T04:16:14.211Z 
2026-09-15T04:16:14.212Z [2;36m[2026-09-15 04:16:14][0m [33mWARNING [0m [2m[py.warnings:112, db3cfb97005b, rank=1][0m /opt/conda/lib/python3.12/site-packages/olmo_core/nn/pooled_soft_token.py:230: UserWarning: called a synchronizing CUDA operation (Triggered internally at /pytorch/c10/cuda/CUDAFunctions.cpp:162.)
2026-09-15T04:16:14.212Z   soft_log_len += lens_b.tolist()
2026-09-15T04:16:14.212Z 
2026-09-15T04:16:14.213Z [2;36m[2026-09-15 04:16:14][0m [33mWARNING [0m [2m[py.warnings:112, db3cfb97005b, rank=1][0m /opt/conda/lib/python3.12/site-packages/olmo_core/nn/pooled_soft_token.py:280: UserWarning: called a synchronizing CUDA operation (Triggered internally at /pytorch/c10/cuda/CUDAFunctions.cpp:162.)
2026-09-15T04:16:14.213Z   row_lens[b] = L
2026-09-15T04:16:14.213Z 
2026-09-15T04:16:14.214Z [2;36m[2026-09-15 04:16:14][0m [33mWARNING [0m [2m[py.warnings:112, db3cfb97005b, rank=1][0m /opt/conda/lib/python3.12/site-packages/olmo_core/nn/pooled_soft_token.py:297: UserWarning: called a synchronizing CUDA operation (Triggered internally at /pytorch/c10/cuda/CUDAFunctions.cpp:162.)
2026-09-15T04:16:14.214Z   soft_rows=torch.tensor(soft_rows, dtype=torch.long, device=device),
2026-09-15T04:16:14.214Z 
2026-09-15T04:16:14.214Z [2;36m[2026-09-15 04:16:14][0m [33mWARNING [0m [2m[py.warnings:112, db3cfb97005b, rank=1][0m /opt/conda/lib/python3.12/site-packages/olmo_core/nn/pooled_soft_token.py:298: UserWarning: called a synchronizing CUDA operation (Triggered internally at /pytorch/c10/cuda/CUDAFunctions.cpp:162.)
2026-09-15T04:16:14.214Z   soft_cols=torch.tensor(soft_cols, dtype=torch.long, device=device),
2026-09-15T04:16:14.214Z 
2026-09-15T04:16:14.215Z [2;36m[2026-09-15 04:16:14][0m [33mWARNING [0m [2m[py.warnings:112, db3cfb97005b, rank=1][0m /opt/conda/lib/python3.12/site-packages/olmo_core/nn/pooled_soft_token.py:299: UserWarning: called a synchronizing CUDA operation (Triggered internally at /pytorch/c10/cuda/CUDAFunctions.cpp:162.)
2026-09-15T04:16:14.215Z   soft_docs=torch.tensor(soft_docs, dtype=torch.long, device=device),
2026-09-15T04:16:14.215Z 
2026-09-15T04:16:14.215Z [2;36m[2026-09-15 04:16:14][0m [33mWARNING [0m [2m[py.warnings:112, db3cfb97005b, rank=1][0m /opt/conda/lib/python3.12/site-packages/olmo_core/nn/pooled_soft_token.py:301: UserWarning: called a synchronizing CUDA operation (Triggered internally at /pytorch/c10/cuda/CUDAFunctions.cpp:162.)
2026-09-15T04:16:14.215Z   soft_log_len=torch.tensor(soft_log_len, dtype=torch.float32, device=device),
2026-09-15T04:16:14.215Z 
2026-09-15T04:16:14.215Z [2;36m[2026-09-15 04:16:14][0m [33mWARNING [0m [2m[py.warnings:112, db3cfb97005b, rank=1][0m /opt/conda/lib/python3.12/site-packages/olmo_core/nn/transformer/model.py:1502: UserWarning: called a synchronizing CUDA operation (Triggered internally at /pytorch/c10/cuda/CUDAFunctions.cpp:162.)
2026-09-15T04:16:14.215Z   kv_grad_mask[cb.soft_rows, cb.soft_cols] = False
2026-09-15T04:16:14.215Z 
2026-09-15T04:16:14.397Z [2;36m[2026-09-15 04:16:14][0m [33mWARNING [0m [2m[py.warnings:112, db3cfb97005b, rank=1][0m /opt/conda/lib/python3.12/site-packages/liger_kernel/ops/fused_linear_cross_entropy.py:75: UserWarning: called a synchronizing CUDA operation (Triggered internally at /pytorch/c10/cuda/CUDAFunctions.cpp:162.)
2026-09-15T04:16:14.397Z   total_n_non_ignore = target_mask.sum().item()
2026-09-15T04:16:14.397Z 
2026-09-15T04:16:15.269Z [2;36m[2026-09-15 04:16:15][0m [33mWARNING [0m [2m[py.warnings:112, db3cfb97005b, rank=1][0m /opt/conda/lib/python3.12/site-packages/liger_kernel/ops/fused_linear_cross_entropy.py:233: UserWarning: called a synchronizing CUDA operation (Triggered internally at /pytorch/c10/cuda/CUDAFunctions.cpp:162.)
2026-09-15T04:16:15.269Z   if not torch.equal(grad_output, torch.tensor(1.0, device=grad_output.device)):
2026-09-15T04:16:15.269Z 
2026-09-15T04:16:25.242Z [2;36m[2026-09-15 04:16:25][0m [34mINFO    [0m [2m[olmo_core.train.callbacks.console_logger:68, db3cfb97005b, rank=0][0m [step=9/61,epoch=1,eta=52m]
2026-09-15T04:16:25.242Z     gpu_memory/GPU active mem (%)=75.91
2026-09-15T04:16:25.242Z     gpu_memory/GPU active mem (GiB)=60.16
2026-09-15T04:16:25.242Z     gpu_memory/GPU reserved mem (%)=81.25
2026-09-15T04:16:25.242Z     gpu_memory/GPU reserved mem (GiB)=64.39
2026-09-15T04:16:25.242Z     optim/LR (group 0)=4.41E-06
2026-09-15T04:16:25.242Z     optim/LR (group 1)=4.41E-06
2026-09-15T04:16:25.242Z     optim/step skipped=0.0
2026-09-15T04:16:25.242Z     optim/total grad norm=8.417
2026-09-15T04:16:25.242Z     throughput/chinchilla multiple=1.40E-05
2026-09-15T04:16:25.242Z     throughput/device/BPS=0.0775
2026-09-15T04:16:25.242Z     throughput/device/BPS (actual avg)=0.0167
2026-09-15T04:16:25.242Z     throughput/device/MFU=37.27
2026-09-15T04:16:25.242Z     throughput/device/MFU (actual avg)=8.017
2026-09-15T04:16:25.242Z     throughput/device/TPS=5,077
2026-09-15T04:16:25.242Z     throughput/device/TPS (actual avg)=1,092
2026-09-15T04:16:25.242Z     throughput/device/flopsPS=116.3T
2026-09-15T04:16:25.242Z     throughput/device/flopsPS (actual avg)=25.01T
2026-09-15T04:16:25.242Z     throughput/total petaflops=27.01
2026-09-15T04:16:25.242Z     throughput/total tokens=1,179,648
2026-09-15T04:16:25.242Z     train/CE loss=0.3880
2026-09-15T04:16:25.242Z     throughput/device/data loading (%)=0.0168
2026-09-15T04:16:25.242Z     throughput/device/data loading (s)=0.0022
2026-09-15T04:16:25.242Z     train/PPL=1.474
2026-09-15T04:16:26.831Z [2;36m[2026-09-15 04:16:26][0m [33mWARNING [0m [2m[py.warnings:112, db3cfb97005b, rank=1][0m /opt/conda/lib/python3.12/site-packages/torch/autograd/graph.py:841: UserWarning: called a synchronizing CUDA operation (Triggered internally at /pytorch/c10/cuda/CUDAFunctions.cpp:162.)
2026-09-15T04:16:26.831Z   return Variable._execution_engine.run_backward(  # Calls into the C++ engine to run the backward pass
2026-09-15T04:16:26.831Z 
2026-09-15T04:16:26.834Z [2;36m[2026-09-15 04:16:26][0m [33mWARNING [0m [2m[py.warnings:112, db3cfb97005b, rank=1][0m /opt/conda/lib/python3.12/site-packages/torch/distributed/utils.py:106: UserWarning: called a synchronizing CUDA operation (Triggered internally at /pytorch/c10/cuda/CUDAFunctions.cpp:162.)
2026-09-15T04:16:26.834Z   return (obj.to(target_device),)
2026-09-15T04:16:26.834Z 
2026-09-15T04:16:26.842Z [2;36m[2026-09-15 04:16:26][0m [33mWARNING [0m [2m[py.warnings:112, db3cfb97005b, rank=1][0m /opt/conda/lib/python3.12/site-packages/olmo_core/nn/transformer/model.py:777: UserWarning: called a synchronizing CUDA operation (Triggered internally at /pytorch/c10/cuda/CUDAFunctions.cpp:162.)
2026-09-15T04:16:26.842Z   n_docs = int(chunk_ids.max().item()) + 1
2026-09-15T04:16:26.842Z 
2026-09-15T04:16:26.850Z [2;36m[2026-09-15 04:16:26][0m [33mWARNING [0m [2m[py.warnings:112, db3cfb97005b, rank=1][0m /opt/conda/lib/python3.12/site-packages/olmo_core/nn/transformer/model.py:834: UserWarning: called a synchronizing CUDA operation (Triggered internally at /pytorch/c10/cuda/CUDAFunctions.cpp:162.)
2026-09-15T04:16:26.850Z   flat = (torch.arange(B, device=emb.device)[:, None] * n_docs + cid.clamp(min=0)).reshape(
2026-09-15T04:16:26.850Z 
2026-09-15T04:16:26.851Z [2;36m[2026-09-15 04:16:26][0m [33mWARNING [0m [2m[py.warnings:112, db3cfb97005b, rank=1][0m /opt/conda/lib/python3.12/site-packages/olmo_core/nn/transformer/model.py:838: UserWarning: called a synchronizing CUDA operation (Triggered internally at /pytorch/c10/cuda/CUDAFunctions.cpp:162.)
2026-09-15T04:16:26.851Z   0, flat, emb.reshape(B * T, D)[is_ctx.reshape(-1)]
2026-09-15T04:16:26.851Z 
2026-09-15T04:16:26.860Z [2;36m[2026-09-15 04:16:26][0m [33mWARNING [0m [2m[py.warnings:112, db3cfb97005b, rank=1][0m /opt/conda/lib/python3.12/site-packages/olmo_core/nn/pooled_soft_token.py:173: UserWarning: called a synchronizing CUDA operation (Triggered internally at /pytorch/c10/cuda/CUDAFunctions.cpp:162.)
2026-09-15T04:16:26.860Z   kept_idx = kept_tok.nonzero(as_tuple=True)[0]
2026-09-15T04:16:26.860Z 
2026-09-15T04:16:26.860Z [2;36m[2026-09-15 04:16:26][0m [33mWARNING [0m [2m[py.warnings:112, db3cfb97005b, rank=1][0m /opt/conda/lib/python3.12/site-packages/olmo_core/nn/pooled_soft_token.py:179: UserWarning: called a synchronizing CUDA operation (Triggered internally at /pytorch/c10/cuda/CUDAFunctions.cpp:162.)
2026-09-15T04:16:26.860Z   if is_ctx.any():
2026-09-15T04:16:26.860Z 
2026-09-15T04:16:26.860Z [2;36m[2026-09-15 04:16:26][0m [33mWARNING [0m [2m[py.warnings:112, db3cfb97005b, rank=1][0m /opt/conda/lib/python3.12/site-packages/olmo_core/nn/pooled_soft_token.py:180: UserWarning: called a synchronizing CUDA operation (Triggered internally at /pytorch/c10/cuda/CUDAFunctions.cpp:162.)
2026-09-15T04:16:26.860Z   d_ix = c[is_ctx]
2026-09-15T04:16:26.860Z 
2026-09-15T04:16:26.861Z [2;36m[2026-09-15 04:16:26][0m [33mWARNING [0m [2m[py.warnings:112, db3cfb97005b, rank=1][0m /opt/conda/lib/python3.12/site-packages/olmo_core/nn/pooled_soft_token.py:181: UserWarning: called a synchronizing CUDA operation (Triggered internally at /pytorch/c10/cuda/CUDAFunctions.cpp:162.)
2026-09-15T04:16:26.861Z   pos_ix = is_ctx.nonzero(as_tuple=True)[0]
2026-09-15T04:16:26.861Z 
2026-09-15T04:16:26.861Z [2;36m[2026-09-15 04:16:26][0m [33mWARNING [0m [2m[py.warnings:112, db3cfb97005b, rank=1][0m /opt/conda/lib/python3.12/site-packages/olmo_core/nn/pooled_soft_token.py:186: UserWarning: called a synchronizing CUDA operation (Triggered internally at /pytorch/c10/cuda/CUDAFunctions.cpp:162.)
2026-09-15T04:16:26.861Z   pooled_docs = pooled.nonzero(as_tuple=True)[0]
2026-09-15T04:16:26.861Z 
2026-09-15T04:16:26.862Z [2;36m[2026-09-15 04:16:26][0m [33mWARNING [0m [2m[py.warnings:112, db3cfb97005b, rank=1][0m /opt/conda/lib/python3.12/site-packages/olmo_core/nn/pooled_soft_token.py:217: UserWarning: called a synchronizing CUDA operation (Triggered internally at /pytorch/c10/cuda/CUDAFunctions.cpp:162.)
2026-09-15T04:16:26.862Z   doc_len = torch.bincount(c[is_ctx], minlength=n_docs) if is_ctx.any() else torch.zeros(n_docs, dtype=torch.long, device=device)
2026-09-15T04:16:26.862Z 
2026-09-15T04:16:26.863Z [2;36m[2026-09-15 04:16:26][0m [33mWARNING [0m [2m[py.warnings:112, db3cfb97005b, rank=1][0m /opt/conda/lib/python3.12/site-packages/olmo_core/nn/pooled_soft_token.py:222: UserWarning: called a synchronizing CUDA operation (Triggered internally at /pytorch/c10/cuda/CUDAFunctions.cpp:162.)
2026-09-15T04:16:26.863Z   soft_cols_b = soft_mask.nonzero(as_tuple=True)[0]
2026-09-15T04:16:26.863Z 
2026-09-15T04:16:26.863Z [2;36m[2026-09-15 04:16:26][0m [33mWARNING [0m [2m[py.warnings:112, db3cfb97005b, rank=1][0m /opt/conda/lib/python3.12/site-packages/olmo_core/nn/pooled_soft_token.py:226: UserWarning: called a synchronizing CUDA operation (Triggered internally at /pytorch/c10/cuda/CUDAFunctions.cpp:162.)
2026-09-15T04:16:26.863Z   cols_l = soft_cols_b.tolist()
2026-09-15T04:16:26.863Z 
2026-09-15T04:16:26.863Z [2;36m[2026-09-15 04:16:26][0m [33mWARNING [0m [2m[py.warnings:112, db3cfb97005b, rank=1][0m /opt/conda/lib/python3.12/site-packages/olmo_core/nn/pooled_soft_token.py:229: UserWarning: called a synchronizing CUDA operation (Triggered internally at /pytorch/c10/cuda/CUDAFunctions.cpp:162.)
2026-09-15T04:16:26.863Z   soft_docs += docs_b.tolist()
2026-09-15T04:16:26.863Z 
2026-09-15T04:16:26.864Z [2;36m[2026-09-15 04:16:26][0m [33mWARNING [0m [2m[py.warnings:112, db3cfb97005b, rank=1][0m /opt/conda/lib/python3.12/site-packages/olmo_core/nn/pooled_soft_token.py:230: UserWarning: called a synchronizing CUDA operation (Triggered internally at /pytorch/c10/cuda/CUDAFunctions.cpp:162.)
2026-09-15T04:16:26.864Z   soft_log_len += lens_b.tolist()
2026-09-15T04:16:26.864Z 
2026-09-15T04:16:26.865Z [2;36m[2026-09-15 04:16:26][0m [33mWARNING [0m [2m[py.warnings:112, db3cfb97005b, rank=1][0m /opt/conda/lib/python3.12/site-packages/olmo_core/nn/pooled_soft_token.py:280: UserWarning: called a synchronizing CUDA operation (Triggered internally at /pytorch/c10/cuda/CUDAFunctions.cpp:162.)
2026-09-15T04:16:26.865Z   row_lens[b] = L
2026-09-15T04:16:26.865Z 
2026-09-15T04:16:26.866Z [2;36m[2026-09-15 04:16:26][0m [33mWARNING [0m [2m[py.warnings:112, db3cfb97005b, rank=1][0m /opt/conda/lib/python3.12/site-packages/olmo_core/nn/pooled_soft_token.py:297: UserWarning: called a synchronizing CUDA operation (Triggered internally at /pytorch/c10/cuda/CUDAFunctions.cpp:162.)
2026-09-15T04:16:26.866Z   soft_rows=torch.tensor(soft_rows, dtype=torch.long, device=device),
2026-09-15T04:16:26.866Z 
2026-09-15T04:16:26.866Z [2;36m[2026-09-15 04:16:26][0m [33mWARNING [0m [2m[py.warnings:112, db3cfb97005b, rank=1][0m /opt/conda/lib/python3.12/site-packages/olmo_core/nn/pooled_soft_token.py:298: UserWarning: called a synchronizing CUDA operation (Triggered internally at /pytorch/c10/cuda/CUDAFunctions.cpp:162.)
2026-09-15T04:16:26.866Z   soft_cols=torch.tensor(soft_cols, dtype=torch.long, device=device),
2026-09-15T04:16:26.866Z 
2026-09-15T04:16:26.866Z [2;36m[2026-09-15 04:16:26][0m [33mWARNING [0m [2m[py.warnings:112, db3cfb97005b, rank=1][0m /opt/conda/lib/python3.12/site-packages/olmo_core/nn/pooled_soft_token.py:299: UserWarning: called a synchronizing CUDA operation (Triggered internally at /pytorch/c10/cuda/CUDAFunctions.cpp:162.)
2026-09-15T04:16:26.866Z   soft_docs=torch.tensor(soft_docs, dtype=torch.long, device=device),
2026-09-15T04:16:26.866Z 
2026-09-15T04:16:26.867Z [2;36m[2026-09-15 04:16:26][0m [33mWARNING [0m [2m[py.warnings:112, db3cfb97005b, rank=1][0m /opt/conda/lib/python3.12/site-packages/olmo_core/nn/pooled_soft_token.py:301: UserWarning: called a synchronizing CUDA operation (Triggered internally at /pytorch/c10/cuda/CUDAFunctions.cpp:162.)
2026-09-15T04:16:26.867Z   soft_log_len=torch.tensor(soft_log_len, dtype=torch.float32, device=device),
2026-09-15T04:16:26.867Z 
2026-09-15T04:16:26.867Z [2;36m[2026-09-15 04:16:26][0m [33mWARNING [0m [2m[py.warnings:112, db3cfb97005b, rank=1][0m /opt/conda/lib/python3.12/site-packages/olmo_core/nn/transformer/model.py:1502: UserWarning: called a synchronizing CUDA operation (Triggered internally at /pytorch/c10/cuda/CUDAFunctions.cpp:162.)
2026-09-15T04:16:26.867Z   kv_grad_mask[cb.soft_rows, cb.soft_cols] = False
2026-09-15T04:16:26.867Z 
2026-09-15T04:16:27.069Z [2;36m[2026-09-15 04:16:27][0m [33mWARNING [0m [2m[py.warnings:112, db3cfb97005b, rank=1][0m /opt/conda/lib/python3.12/site-packages/liger_kernel/ops/fused_linear_cross_entropy.py:75: UserWarning: called a synchronizing CUDA operation (Triggered internally at /pytorch/c10/cuda/CUDAFunctions.cpp:162.)
2026-09-15T04:16:27.069Z   total_n_non_ignore = target_mask.sum().item()
2026-09-15T04:16:27.069Z 
2026-09-15T04:16:27.617Z [2;36m[2026-09-15 04:16:27][0m [33mWARNING [0m [2m[py.warnings:112, db3cfb97005b, rank=1][0m /opt/conda/lib/python3.12/site-packages/liger_kernel/ops/fused_linear_cross_entropy.py:233: UserWarning: called a synchronizing CUDA operation (Triggered internally at /pytorch/c10/cuda/CUDAFunctions.cpp:162.)
2026-09-15T04:16:27.617Z   if not torch.equal(grad_output, torch.tensor(1.0, device=grad_output.device)):
2026-09-15T04:16:27.617Z 
2026-09-15T04:16:42.217Z [2;36m[2026-09-15 04:16:42][0m [33mWARNING [0m [2m[py.warnings:112, db3cfb97005b, rank=1][0m /opt/conda/lib/python3.12/site-packages/liger_kernel/ops/fused_linear_cross_entropy.py:75: UserWarning: called a synchronizing CUDA operation (Triggered internally at /pytorch/c10/cuda/CUDAFunctions.cpp:162.)
2026-09-15T04:16:42.217Z   total_n_non_ignore = target_mask.sum().item()
2026-09-15T04:16:42.217Z 
2026-09-15T04:16:42.786Z [2;36m[2026-09-15 04:16:42][0m [33mWARNING [0m [2m[py.warnings:112, db3cfb97005b, rank=1][0m /opt/conda/lib/python3.12/site-packages/liger_kernel/ops/fused_linear_cross_entropy.py:233: UserWarning: called a synchronizing CUDA operation (Triggered internally at /pytorch/c10/cuda/CUDAFunctions.cpp:162.)
2026-09-15T04:16:42.786Z   if not torch.equal(grad_output, torch.tensor(1.0, device=grad_output.device)):
2026-09-15T04:16:42.786Z 
2026-09-15T04:16:56.153Z [2;36m[2026-09-15 04:16:56][0m [33mWARNING [0m [2m[py.warnings:112, db3cfb97005b, rank=1][0m /opt/conda/lib/python3.12/site-packages/torch/autograd/graph.py:841: UserWarning: called a synchronizing CUDA operation (Triggered internally at /pytorch/c10/cuda/CUDAFunctions.cpp:162.)
2026-09-15T04:16:56.153Z   return Variable._execution_engine.run_backward(  # Calls into the C++ engine to run the backward pass
2026-09-15T04:16:56.153Z 
2026-09-15T04:16:56.154Z [2;36m[2026-09-15 04:16:56][0m [33mWARNING [0m [2m[py.warnings:112, db3cfb97005b, rank=1][0m /opt/conda/lib/python3.12/site-packages/torch/distributed/utils.py:106: UserWarning: called a synchronizing CUDA operation (Triggered internally at /pytorch/c10/cuda/CUDAFunctions.cpp:162.)
2026-09-15T04:16:56.154Z   return (obj.to(target_device),)
2026-09-15T04:16:56.154Z 
2026-09-15T04:16:56.164Z [2;36m[2026-09-15 04:16:56][0m [33mWARNING [0m [2m[py.warnings:112, db3cfb97005b, rank=1][0m /opt/conda/lib/python3.12/site-packages/olmo_core/nn/transformer/model.py:777: UserWarning: called a synchronizing CUDA operation (Triggered internally at /pytorch/c10/cuda/CUDAFunctions.cpp:162.)
2026-09-15T04:16:56.164Z   n_docs = int(chunk_ids.max().item()) + 1
2026-09-15T04:16:56.164Z 
2026-09-15T04:16:56.172Z [2;36m[2026-09-15 04:16:56][0m [33mWARNING [0m [2m[py.warnings:112, db3cfb97005b, rank=1][0m /opt/conda/lib/python3.12/site-packages/olmo_core/nn/transformer/model.py:834: UserWarning: called a synchronizing CUDA operation (Triggered internally at /pytorch/c10/cuda/CUDAFunctions.cpp:162.)
2026-09-15T04:16:56.172Z   flat = (torch.arange(B, device=emb.device)[:, None] * n_docs + cid.clamp(min=0)).reshape(
2026-09-15T04:16:56.172Z 
2026-09-15T04:16:56.173Z [2;36m[2026-09-15 04:16:56][0m [33mWARNING [0m [2m[py.warnings:112, db3cfb97005b, rank=1][0m /opt/conda/lib/python3.12/site-packages/olmo_core/nn/transformer/model.py:838: UserWarning: called a synchronizing CUDA operation (Triggered internally at /pytorch/c10/cuda/CUDAFunctions.cpp:162.)
2026-09-15T04:16:56.173Z   0, flat, emb.reshape(B * T, D)[is_ctx.reshape(-1)]
2026-09-15T04:16:56.173Z 
2026-09-15T04:16:56.181Z [2;36m[2026-09-15 04:16:56][0m [33mWARNING [0m [2m[py.warnings:112, db3cfb97005b, rank=1][0m /opt/conda/lib/python3.12/site-packages/olmo_core/nn/pooled_soft_token.py:173: UserWarning: called a synchronizing CUDA operation (Triggered internally at /pytorch/c10/cuda/CUDAFunctions.cpp:162.)
2026-09-15T04:16:56.181Z   kept_idx = kept_tok.nonzero(as_tuple=True)[0]
2026-09-15T04:16:56.181Z 
2026-09-15T04:16:56.181Z [2;36m[2026-09-15 04:16:56][0m [33mWARNING [0m [2m[py.warnings:112, db3cfb97005b, rank=1][0m /opt/conda/lib/python3.12/site-packages/olmo_core/nn/pooled_soft_token.py:179: UserWarning: called a synchronizing CUDA operation (Triggered internally at /pytorch/c10/cuda/CUDAFunctions.cpp:162.)
2026-09-15T04:16:56.181Z   if is_ctx.any():
2026-09-15T04:16:56.181Z 
2026-09-15T04:16:56.182Z [2;36m[2026-09-15 04:16:56][0m [33mWARNING [0m [2m[py.warnings:112, db3cfb97005b, rank=1][0m /opt/conda/lib/python3.12/site-packages/olmo_core/nn/pooled_soft_token.py:180: UserWarning: called a synchronizing CUDA operation (Triggered internally at /pytorch/c10/cuda/CUDAFunctions.cpp:162.)
2026-09-15T04:16:56.182Z   d_ix = c[is_ctx]
2026-09-15T04:16:56.182Z 
2026-09-15T04:16:56.182Z [2;36m[2026-09-15 04:16:56][0m [33mWARNING [0m [2m[py.warnings:112, db3cfb97005b, rank=1][0m /opt/conda/lib/python3.12/site-packages/olmo_core/nn/pooled_soft_token.py:181: UserWarning: called a synchronizing CUDA operation (Triggered internally at /pytorch/c10/cuda/CUDAFunctions.cpp:162.)
2026-09-15T04:16:56.182Z   pos_ix = is_ctx.nonzero(as_tuple=True)[0]
2026-09-15T04:16:56.182Z 
2026-09-15T04:16:56.183Z [2;36m[2026-09-15 04:16:56][0m [33mWARNING [0m [2m[py.warnings:112, db3cfb97005b, rank=1][0m /opt/conda/lib/python3.12/site-packages/olmo_core/nn/pooled_soft_token.py:186: UserWarning: called a synchronizing CUDA operation (Triggered internally at /pytorch/c10/cuda/CUDAFunctions.cpp:162.)
2026-09-15T04:16:56.183Z   pooled_docs = pooled.nonzero(as_tuple=True)[0]
2026-09-15T04:16:56.183Z 
2026-09-15T04:16:56.183Z [2;36m[2026-09-15 04:16:56][0m [33mWARNING [0m [2m[py.warnings:112, db3cfb97005b, rank=1][0m /opt/conda/lib/python3.12/site-packages/olmo_core/nn/pooled_soft_token.py:217: UserWarning: called a synchronizing CUDA operation (Triggered internally at /pytorch/c10/cuda/CUDAFunctions.cpp:162.)
2026-09-15T04:16:56.184Z   doc_len = torch.bincount(c[is_ctx], minlength=n_docs) if is_ctx.any() else torch.zeros(n_docs, dtype=torch.long, device=device)
2026-09-15T04:16:56.184Z 
2026-09-15T04:16:56.184Z [2;36m[2026-09-15 04:16:56][0m [33mWARNING [0m [2m[py.warnings:112, db3cfb97005b, rank=1][0m /opt/conda/lib/python3.12/site-packages/olmo_core/nn/pooled_soft_token.py:222: UserWarning: called a synchronizing CUDA operation (Triggered internally at /pytorch/c10/cuda/CUDAFunctions.cpp:162.)
2026-09-15T04:16:56.184Z   soft_cols_b = soft_mask.nonzero(as_tuple=True)[0]
2026-09-15T04:16:56.184Z 
2026-09-15T04:16:56.185Z [2;36m[2026-09-15 04:16:56][0m [33mWARNING [0m [2m[py.warnings:112, db3cfb97005b, rank=1][0m /opt/conda/lib/python3.12/site-packages/olmo_core/nn/pooled_soft_token.py:226: UserWarning: called a synchronizing CUDA operation (Triggered internally at /pytorch/c10/cuda/CUDAFunctions.cpp:162.)
2026-09-15T04:16:56.185Z   cols_l = soft_cols_b.tolist()
2026-09-15T04:16:56.185Z 
2026-09-15T04:16:56.185Z [2;36m[2026-09-15 04:16:56][0m [33mWARNING [0m [2m[py.warnings:112, db3cfb97005b, rank=1][0m /opt/conda/lib/python3.12/site-packages/olmo_core/nn/pooled_soft_token.py:229: UserWarning: called a synchronizing CUDA operation (Triggered internally at /pytorch/c10/cuda/CUDAFunctions.cpp:162.)
2026-09-15T04:16:56.185Z   soft_docs += docs_b.tolist()
2026-09-15T04:16:56.185Z 
2026-09-15T04:16:56.185Z [2;36m[2026-09-15 04:16:56][0m [33mWARNING [0m [2m[py.warnings:112, db3cfb97005b, rank=1][0m /opt/conda/lib/python3.12/site-packages/olmo_core/nn/pooled_soft_token.py:230: UserWarning: called a synchronizing CUDA operation (Triggered internally at /pytorch/c10/cuda/CUDAFunctions.cpp:162.)
2026-09-15T04:16:56.185Z   soft_log_len += lens_b.tolist()
2026-09-15T04:16:56.185Z 
2026-09-15T04:16:56.187Z [2;36m[2026-09-15 04:16:56][0m [33mWARNING [0m [2m[py.warnings:112, db3cfb97005b, rank=1][0m /opt/conda/lib/python3.12/site-packages/olmo_core/nn/pooled_soft_token.py:280: UserWarning: called a synchronizing CUDA operation (Triggered internally at /pytorch/c10/cuda/CUDAFunctions.cpp:162.)
2026-09-15T04:16:56.187Z   row_lens[b] = L
2026-09-15T04:16:56.187Z 
2026-09-15T04:16:56.187Z [2;36m[2026-09-15 04:16:56][0m [33mWARNING [0m [2m[py.warnings:112, db3cfb97005b, rank=1][0m /opt/conda/lib/python3.12/site-packages/olmo_core/nn/pooled_soft_token.py:297: UserWarning: called a synchronizing CUDA operation (Triggered internally at /pytorch/c10/cuda/CUDAFunctions.cpp:162.)
2026-09-15T04:16:56.187Z   soft_rows=torch.tensor(soft_rows, dtype=torch.long, device=device),
2026-09-15T04:16:56.187Z 
2026-09-15T04:16:56.188Z [2;36m[2026-09-15 04:16:56][0m [33mWARNING [0m [2m[py.warnings:112, db3cfb97005b, rank=1][0m /opt/conda/lib/python3.12/site-packages/olmo_core/nn/pooled_soft_token.py:298: UserWarning: called a synchronizing CUDA operation (Triggered internally at /pytorch/c10/cuda/CUDAFunctions.cpp:162.)
2026-09-15T04:16:56.188Z   soft_cols=torch.tensor(soft_cols, dtype=torch.long, device=device),
2026-09-15T04:16:56.188Z 
2026-09-15T04:16:56.188Z [2;36m[2026-09-15 04:16:56][0m [33mWARNING [0m [2m[py.warnings:112, db3cfb97005b, rank=1][0m /opt/conda/lib/python3.12/site-packages/olmo_core/nn/pooled_soft_token.py:299: UserWarning: called a synchronizing CUDA operation (Triggered internally at /pytorch/c10/cuda/CUDAFunctions.cpp:162.)
2026-09-15T04:16:56.188Z   soft_docs=torch.tensor(soft_docs, dtype=torch.long, device=device),
2026-09-15T04:16:56.188Z 
2026-09-15T04:16:56.188Z [2;36m[2026-09-15 04:16:56][0m [33mWARNING [0m [2m[py.warnings:112, db3cfb97005b, rank=1][0m /opt/conda/lib/python3.12/site-packages/olmo_core/nn/pooled_soft_token.py:301: UserWarning: called a synchronizing CUDA operation (Triggered internally at /pytorch/c10/cuda/CUDAFunctions.cpp:162.)
2026-09-15T04:16:56.188Z   soft_log_len=torch.tensor(soft_log_len, dtype=torch.float32, device=device),
2026-09-15T04:16:56.188Z 
2026-09-15T04:16:56.189Z [2;36m[2026-09-15 04:16:56][0m [33mWARNING [0m [2m[py.warnings:112, db3cfb97005b, rank=1][0m /opt/conda/lib/python3.12/site-packages/olmo_core/nn/transformer/model.py:1502: UserWarning: called a synchronizing CUDA operation (Triggered internally at /pytorch/c10/cuda/CUDAFunctions.cpp:162.)
2026-09-15T04:16:56.189Z   kv_grad_mask[cb.soft_rows, cb.soft_cols] = False
2026-09-15T04:16:56.189Z 
2026-09-15T04:16:56.350Z [2;36m[2026-09-15 04:16:56][0m [33mWARNING [0m [2m[py.warnings:112, db3cfb97005b, rank=1][0m /opt/conda/lib/python3.12/site-packages/liger_kernel/ops/fused_linear_cross_entropy.py:75: UserWarning: called a synchronizing CUDA operation (Triggered internally at /pytorch/c10/cuda/CUDAFunctions.cpp:162.)
2026-09-15T04:16:56.350Z   total_n_non_ignore = target_mask.sum().item()
2026-09-15T04:16:56.350Z 
2026-09-15T04:16:57.093Z [2;36m[2026-09-15 04:16:57][0m [33mWARNING [0m [2m[py.warnings:112, db3cfb97005b, rank=1][0m /opt/conda/lib/python3.12/site-packages/liger_kernel/ops/fused_linear_cross_entropy.py:233: UserWarning: called a synchronizing CUDA operation (Triggered internally at /pytorch/c10/cuda/CUDAFunctions.cpp:162.)
2026-09-15T04:16:57.093Z   if not torch.equal(grad_output, torch.tensor(1.0, device=grad_output.device)):
2026-09-15T04:16:57.093Z 
2026-09-15T04:17:00.625Z [2;36m[2026-09-15 04:17:00][0m [34mINFO    [0m [2m[olmo_core.train.callbacks.console_logger:68, db3cfb97005b, rank=0][0m [step=10/61,epoch=1,eta=48m]
2026-09-15T04:17:00.625Z     gpu_memory/GPU active mem (%)=75.91
2026-09-15T04:17:00.625Z     gpu_memory/GPU active mem (GiB)=60.16
2026-09-15T04:17:00.625Z     gpu_memory/GPU reserved mem (%)=81.25
2026-09-15T04:17:00.625Z     gpu_memory/GPU reserved mem (GiB)=64.39
2026-09-15T04:17:00.625Z     optim/LR (group 0)=4.32E-06
2026-09-15T04:17:00.625Z     optim/LR (group 1)=4.32E-06
2026-09-15T04:17:00.625Z     optim/step skipped=0.0
2026-09-15T04:17:00.625Z     optim/total grad norm=8.263
2026-09-15T04:17:00.625Z     throughput/chinchilla multiple=1.56E-05
2026-09-15T04:17:00.625Z     throughput/device/BPS=0.0283
2026-09-15T04:17:00.625Z     throughput/device/BPS (actual avg)=0.0175
2026-09-15T04:17:00.625Z     throughput/device/MFU=13.59
2026-09-15T04:17:00.625Z     throughput/device/MFU (actual avg)=8.399
2026-09-15T04:17:00.625Z     throughput/device/TPS=1,852
2026-09-15T04:17:00.625Z     throughput/device/TPS (actual avg)=1,144
2026-09-15T04:17:00.625Z     throughput/device/flopsPS=42.41T
2026-09-15T04:17:00.625Z     throughput/device/flopsPS (actual avg)=26.21T
2026-09-15T04:17:00.625Z     throughput/total petaflops=30.01
2026-09-15T04:17:00.625Z     throughput/total tokens=1,310,720
2026-09-15T04:17:00.625Z     train/CE loss=0.3771
2026-09-15T04:17:00.625Z     throughput/device/data loading (%)=0.0062
2026-09-15T04:17:00.625Z     throughput/device/data loading (s)=0.0022
2026-09-15T04:17:00.625Z     train/PPL=1.458
2026-09-15T04:17:11.380Z [2;36m[2026-09-15 04:17:11][0m [33mWARNING [0m [2m[py.warnings:112, db3cfb97005b, rank=1][0m /opt/conda/lib/python3.12/site-packages/liger_kernel/ops/fused_linear_cross_entropy.py:75: UserWarning: called a synchronizing CUDA operation (Triggered internally at /pytorch/c10/cuda/CUDAFunctions.cpp:162.)
2026-09-15T04:17:11.380Z   total_n_non_ignore = target_mask.sum().item()
2026-09-15T04:17:11.380Z 
2026-09-15T04:17:11.980Z [2;36m[2026-09-15 04:17:11][0m [33mWARNING [0m [2m[py.warnings:112, db3cfb97005b, rank=1][0m /opt/conda/lib/python3.12/site-packages/liger_kernel/ops/fused_linear_cross_entropy.py:233: UserWarning: called a synchronizing CUDA operation (Triggered internally at /pytorch/c10/cuda/CUDAFunctions.cpp:162.)
2026-09-15T04:17:11.980Z   if not torch.equal(grad_output, torch.tensor(1.0, device=grad_output.device)):
2026-09-15T04:17:11.980Z 
2026-09-15T04:17:25.269Z [2;36m[2026-09-15 04:17:25][0m [33mWARNING [0m [2m[py.warnings:112, db3cfb97005b, rank=1][0m /opt/conda/lib/python3.12/site-packages/torch/autograd/graph.py:841: UserWarning: called a synchronizing CUDA operation (Triggered internally at /pytorch/c10/cuda/CUDAFunctions.cpp:162.)
2026-09-15T04:17:25.269Z   return Variable._execution_engine.run_backward(  # Calls into the C++ engine to run the backward pass
2026-09-15T04:17:25.269Z 
2026-09-15T04:17:25.270Z [2;36m[2026-09-15 04:17:25][0m [33mWARNING [0m [2m[py.warnings:112, db3cfb97005b, rank=1][0m /opt/conda/lib/python3.12/site-packages/torch/distributed/utils.py:106: UserWarning: called a synchronizing CUDA operation (Triggered internally at /pytorch/c10/cuda/CUDAFunctions.cpp:162.)
2026-09-15T04:17:25.270Z   return (obj.to(target_device),)
2026-09-15T04:17:25.270Z 
2026-09-15T04:17:25.278Z [2;36m[2026-09-15 04:17:25][0m [33mWARNING [0m [2m[py.warnings:112, db3cfb97005b, rank=1][0m /opt/conda/lib/python3.12/site-packages/olmo_core/nn/transformer/model.py:777: UserWarning: called a synchronizing CUDA operation (Triggered internally at /pytorch/c10/cuda/CUDAFunctions.cpp:162.)
2026-09-15T04:17:25.278Z   n_docs = int(chunk_ids.max().item()) + 1
2026-09-15T04:17:25.278Z 
2026-09-15T04:17:25.286Z [2;36m[2026-09-15 04:17:25][0m [33mWARNING [0m [2m[py.warnings:112, db3cfb97005b, rank=1][0m /opt/conda/lib/python3.12/site-packages/olmo_core/nn/transformer/model.py:834: UserWarning: called a synchronizing CUDA operation (Triggered internally at /pytorch/c10/cuda/CUDAFunctions.cpp:162.)
2026-09-15T04:17:25.286Z   flat = (torch.arange(B, device=emb.device)[:, None] * n_docs + cid.clamp(min=0)).reshape(
2026-09-15T04:17:25.286Z 
2026-09-15T04:17:25.287Z [2;36m[2026-09-15 04:17:25][0m [33mWARNING [0m [2m[py.warnings:112, db3cfb97005b, rank=1][0m /opt/conda/lib/python3.12/site-packages/olmo_core/nn/transformer/model.py:838: UserWarning: called a synchronizing CUDA operation (Triggered internally at /pytorch/c10/cuda/CUDAFunctions.cpp:162.)
2026-09-15T04:17:25.287Z   0, flat, emb.reshape(B * T, D)[is_ctx.reshape(-1)]
2026-09-15T04:17:25.287Z 
2026-09-15T04:17:25.295Z [2;36m[2026-09-15 04:17:25][0m [33mWARNING [0m [2m[py.warnings:112, db3cfb97005b, rank=1][0m /opt/conda/lib/python3.12/site-packages/olmo_core/nn/pooled_soft_token.py:173: UserWarning: called a synchronizing CUDA operation (Triggered internally at /pytorch/c10/cuda/CUDAFunctions.cpp:162.)
2026-09-15T04:17:25.295Z   kept_idx = kept_tok.nonzero(as_tuple=True)[0]
2026-09-15T04:17:25.295Z 
2026-09-15T04:17:25.299Z [2;36m[2026-09-15 04:17:25][0m [33mWARNING [0m [2m[py.warnings:112, db3cfb97005b, rank=1][0m /opt/conda/lib/python3.12/site-packages/olmo_core/nn/pooled_soft_token.py:179: UserWarning: called a synchronizing CUDA operation (Triggered internally at /pytorch/c10/cuda/CUDAFunctions.cpp:162.)
2026-09-15T04:17:25.299Z   if is_ctx.any():
2026-09-15T04:17:25.299Z 
2026-09-15T04:17:25.299Z [2;36m[2026-09-15 04:17:25][0m [33mWARNING [0m [2m[py.warnings:112, db3cfb97005b, rank=1][0m /opt/conda/lib/python3.12/site-packages/olmo_core/nn/pooled_soft_token.py:180: UserWarning: called a synchronizing CUDA operation (Triggered internally at /pytorch/c10/cuda/CUDAFunctions.cpp:162.)
2026-09-15T04:17:25.299Z   d_ix = c[is_ctx]
2026-09-15T04:17:25.299Z 
2026-09-15T04:17:25.299Z [2;36m[2026-09-15 04:17:25][0m [33mWARNING [0m [2m[py.warnings:112, db3cfb97005b, rank=1][0m /opt/conda/lib/python3.12/site-packages/olmo_core/nn/pooled_soft_token.py:181: UserWarning: called a synchronizing CUDA operation (Triggered internally at /pytorch/c10/cuda/CUDAFunctions.cpp:162.)
2026-09-15T04:17:25.299Z   pos_ix = is_ctx.nonzero(as_tuple=True)[0]
2026-09-15T04:17:25.299Z 
2026-09-15T04:17:25.299Z [2;36m[2026-09-15 04:17:25][0m [33mWARNING [0m [2m[py.warnings:112, db3cfb97005b, rank=1][0m /opt/conda/lib/python3.12/site-packages/olmo_core/nn/pooled_soft_token.py:186: UserWarning: called a synchronizing CUDA operation (Triggered internally at /pytorch/c10/cuda/CUDAFunctions.cpp:162.)
2026-09-15T04:17:25.299Z   pooled_docs = pooled.nonzero(as_tuple=True)[0]
2026-09-15T04:17:25.299Z 
2026-09-15T04:17:25.299Z [2;36m[2026-09-15 04:17:25][0m [33mWARNING [0m [2m[py.warnings:112, db3cfb97005b, rank=1][0m /opt/conda/lib/python3.12/site-packages/olmo_core/nn/pooled_soft_token.py:217: UserWarning: called a synchronizing CUDA operation (Triggered internally at /pytorch/c10/cuda/CUDAFunctions.cpp:162.)
2026-09-15T04:17:25.299Z   doc_len = torch.bincount(c[is_ctx], minlength=n_docs) if is_ctx.any() else torch.zeros(n_docs, dtype=torch.long, device=device)
2026-09-15T04:17:25.299Z 
2026-09-15T04:17:25.299Z [2;36m[2026-09-15 04:17:25][0m [33mWARNING [0m [2m[py.warnings:112, db3cfb97005b, rank=1][0m /opt/conda/lib/python3.12/site-packages/olmo_core/nn/pooled_soft_token.py:222: UserWarning: called a synchronizing CUDA operation (Triggered internally at /pytorch/c10/cuda/CUDAFunctions.cpp:162.)
2026-09-15T04:17:25.299Z   soft_cols_b = soft_mask.nonzero(as_tuple=True)[0]
2026-09-15T04:17:25.299Z 
2026-09-15T04:17:25.299Z [2;36m[2026-09-15 04:17:25][0m [33mWARNING [0m [2m[py.warnings:112, db3cfb97005b, rank=1][0m /opt/conda/lib/python3.12/site-packages/olmo_core/nn/pooled_soft_token.py:226: UserWarning: called a synchronizing CUDA operation (Triggered internally at /pytorch/c10/cuda/CUDAFunctions.cpp:162.)
2026-09-15T04:17:25.299Z   cols_l = soft_cols_b.tolist()
2026-09-15T04:17:25.299Z 
2026-09-15T04:17:25.300Z [2;36m[2026-09-15 04:17:25][0m [33mWARNING [0m [2m[py.warnings:112, db3cfb97005b, rank=1][0m /opt/conda/lib/python3.12/site-packages/olmo_core/nn/pooled_soft_token.py:229: UserWarning: called a synchronizing CUDA operation (Triggered internally at /pytorch/c10/cuda/CUDAFunctions.cpp:162.)
2026-09-15T04:17:25.300Z   soft_docs += docs_b.tolist()
2026-09-15T04:17:25.300Z 
2026-09-15T04:17:25.300Z [2;36m[2026-09-15 04:17:25][0m [33mWARNING [0m [2m[py.warnings:112, db3cfb97005b, rank=1][0m /opt/conda/lib/python3.12/site-packages/olmo_core/nn/pooled_soft_token.py:230: UserWarning: called a synchronizing CUDA operation (Triggered internally at /pytorch/c10/cuda/CUDAFunctions.cpp:162.)
2026-09-15T04:17:25.300Z   soft_log_len += lens_b.tolist()
2026-09-15T04:17:25.300Z 
2026-09-15T04:17:25.302Z [2;36m[2026-09-15 04:17:25][0m [33mWARNING [0m [2m[py.warnings:112, db3cfb97005b, rank=1][0m /opt/conda/lib/python3.12/site-packages/olmo_core/nn/pooled_soft_token.py:280: UserWarning: called a synchronizing CUDA operation (Triggered internally at /pytorch/c10/cuda/CUDAFunctions.cpp:162.)
2026-09-15T04:17:25.302Z   row_lens[b] = L
2026-09-15T04:17:25.302Z 
2026-09-15T04:17:25.302Z [2;36m[2026-09-15 04:17:25][0m [33mWARNING [0m [2m[py.warnings:112, db3cfb97005b, rank=1][0m /opt/conda/lib/python3.12/site-packages/olmo_core/nn/pooled_soft_token.py:297: UserWarning: called a synchronizing CUDA operation (Triggered internally at /pytorch/c10/cuda/CUDAFunctions.cpp:162.)
2026-09-15T04:17:25.302Z   soft_rows=torch.tensor(soft_rows, dtype=torch.long, device=device),
2026-09-15T04:17:25.302Z 
2026-09-15T04:17:25.303Z [2;36m[2026-09-15 04:17:25][0m [33mWARNING [0m [2m[py.warnings:112, db3cfb97005b, rank=1][0m /opt/conda/lib/python3.12/site-packages/olmo_core/nn/pooled_soft_token.py:298: UserWarning: called a synchronizing CUDA operation (Triggered internally at /pytorch/c10/cuda/CUDAFunctions.cpp:162.)
2026-09-15T04:17:25.303Z   soft_cols=torch.tensor(soft_cols, dtype=torch.long, device=device),
2026-09-15T04:17:25.303Z 
2026-09-15T04:17:25.303Z [2;36m[2026-09-15 04:17:25][0m [33mWARNING [0m [2m[py.warnings:112, db3cfb97005b, rank=1][0m /opt/conda/lib/python3.12/site-packages/olmo_core/nn/pooled_soft_token.py:299: UserWarning: called a synchronizing CUDA operation (Triggered internally at /pytorch/c10/cuda/CUDAFunctions.cpp:162.)
2026-09-15T04:17:25.303Z   soft_docs=torch.tensor(soft_docs, dtype=torch.long, device=device),
2026-09-15T04:17:25.303Z 
2026-09-15T04:17:25.303Z [2;36m[2026-09-15 04:17:25][0m [33mWARNING [0m [2m[py.warnings:112, db3cfb97005b, rank=1][0m /opt/conda/lib/python3.12/site-packages/olmo_core/nn/pooled_soft_token.py:301: UserWarning: called a synchronizing CUDA operation (Triggered internally at /pytorch/c10/cuda/CUDAFunctions.cpp:162.)
2026-09-15T04:17:25.303Z   soft_log_len=torch.tensor(soft_log_len, dtype=torch.float32, device=device),
2026-09-15T04:17:25.303Z 
2026-09-15T04:17:25.304Z [2;36m[2026-09-15 04:17:25][0m [33mWARNING [0m [2m[py.warnings:112, db3cfb97005b, rank=1][0m /opt/conda/lib/python3.12/site-packages/olmo_core/nn/transformer/model.py:1502: UserWarning: called a synchronizing CUDA operation (Triggered internally at /pytorch/c10/cuda/CUDAFunctions.cpp:162.)
2026-09-15T04:17:25.304Z   kv_grad_mask[cb.soft_rows, cb.soft_cols] = False
2026-09-15T04:17:25.304Z 
2026-09-15T04:17:35.934Z [2;36m[2026-09-15 04:17:35][0m [33mWARNING [0m [2m[py.warnings:112, db3cfb97005b, rank=0][0m /opt/conda/lib/python3.12/site-packages/liger_kernel/ops/fused_linear_cross_entropy.py:75: UserWarning: called a synchronizing CUDA operation (Triggered internally at /pytorch/c10/cuda/CUDAFunctions.cpp:162.)
2026-09-15T04:17:35.934Z   total_n_non_ignore = target_mask.sum().item()
2026-09-15T04:17:35.934Z 
2026-09-15T04:17:35.941Z [2;36m[2026-09-15 04:17:35][0m [33mWARNING [0m [2m[py.warnings:112, db3cfb97005b, rank=1][0m /opt/conda/lib/python3.12/site-packages/liger_kernel/ops/fused_linear_cross_entropy.py:75: UserWarning: called a synchronizing CUDA operation (Triggered internally at /pytorch/c10/cuda/CUDAFunctions.cpp:162.)
2026-09-15T04:17:35.941Z   total_n_non_ignore = target_mask.sum().item()
2026-09-15T04:17:35.941Z 
2026-09-15T04:17:36.489Z [2;36m[2026-09-15 04:17:36][0m [33mWARNING [0m [2m[py.warnings:112, db3cfb97005b, rank=1][0m /opt/conda/lib/python3.12/site-packages/liger_kernel/ops/fused_linear_cross_entropy.py:233: UserWarning: called a synchronizing CUDA operation (Triggered internally at /pytorch/c10/cuda/CUDAFunctions.cpp:162.)
2026-09-15T04:17:36.489Z   if not torch.equal(grad_output, torch.tensor(1.0, device=grad_output.device)):
2026-09-15T04:17:36.489Z 
2026-09-15T04:17:36.733Z [2;36m[2026-09-15 04:17:36][0m [33mWARNING [0m [2m[py.warnings:112, db3cfb97005b, rank=0][0m /opt/conda/lib/python3.12/site-packages/liger_kernel/ops/fused_linear_cross_entropy.py:233: UserWarning: called a synchronizing CUDA operation (Triggered internally at /pytorch/c10/cuda/CUDAFunctions.cpp:162.)
2026-09-15T04:17:36.733Z   if not torch.equal(grad_output, torch.tensor(1.0, device=grad_output.device)):
2026-09-15T04:17:36.733Z 
2026-09-15T04:17:49.292Z [2;36m[2026-09-15 04:17:49][0m [33mWARNING [0m [2m[py.warnings:112, db3cfb97005b, rank=0][0m /opt/conda/lib/python3.12/site-packages/torch/autograd/graph.py:841: UserWarning: called a synchronizing CUDA operation (Triggered internally at /pytorch/c10/cuda/CUDAFunctions.cpp:162.)
2026-09-15T04:17:49.292Z   return Variable._execution_engine.run_backward(  # Calls into the C++ engine to run the backward pass
2026-09-15T04:17:49.292Z 
2026-09-15T04:17:49.305Z [2;36m[2026-09-15 04:17:49][0m [33mWARNING [0m [2m[py.warnings:112, db3cfb97005b, rank=0][0m /opt/conda/lib/python3.12/site-packages/torch/distributed/utils.py:106: UserWarning: called a synchronizing CUDA operation (Triggered internally at /pytorch/c10/cuda/CUDAFunctions.cpp:162.)
2026-09-15T04:17:49.305Z   return (obj.to(target_device),)
2026-09-15T04:17:49.305Z 
2026-09-15T04:17:49.314Z [2;36m[2026-09-15 04:17:49][0m [33mWARNING [0m [2m[py.warnings:112, db3cfb97005b, rank=0][0m /opt/conda/lib/python3.12/site-packages/olmo_core/nn/transformer/model.py:777: UserWarning: called a synchronizing CUDA operation (Triggered internally at /pytorch/c10/cuda/CUDAFunctions.cpp:162.)
2026-09-15T04:17:49.314Z   n_docs = int(chunk_ids.max().item()) + 1
2026-09-15T04:17:49.314Z 
2026-09-15T04:17:49.323Z [2;36m[2026-09-15 04:17:49][0m [33mWARNING [0m [2m[py.warnings:112, db3cfb97005b, rank=0][0m /opt/conda/lib/python3.12/site-packages/olmo_core/nn/transformer/model.py:834: UserWarning: called a synchronizing CUDA operation (Triggered internally at /pytorch/c10/cuda/CUDAFunctions.cpp:162.)
2026-09-15T04:17:49.323Z   flat = (torch.arange(B, device=emb.device)[:, None] * n_docs + cid.clamp(min=0)).reshape(
2026-09-15T04:17:49.323Z 
2026-09-15T04:17:49.324Z [2;36m[2026-09-15 04:17:49][0m [33mWARNING [0m [2m[py.warnings:112, db3cfb97005b, rank=0][0m /opt/conda/lib/python3.12/site-packages/olmo_core/nn/transformer/model.py:838: UserWarning: called a synchronizing CUDA operation (Triggered internally at /pytorch/c10/cuda/CUDAFunctions.cpp:162.)
2026-09-15T04:17:49.324Z   0, flat, emb.reshape(B * T, D)[is_ctx.reshape(-1)]
2026-09-15T04:17:49.324Z 
2026-09-15T04:17:49.333Z [2;36m[2026-09-15 04:17:49][0m [33mWARNING [0m [2m[py.warnings:112, db3cfb97005b, rank=0][0m /opt/conda/lib/python3.12/site-packages/olmo_core/nn/pooled_soft_token.py:173: UserWarning: called a synchronizing CUDA operation (Triggered internally at /pytorch/c10/cuda/CUDAFunctions.cpp:162.)
2026-09-15T04:17:49.333Z   kept_idx = kept_tok.nonzero(as_tuple=True)[0]
2026-09-15T04:17:49.333Z 
2026-09-15T04:17:49.333Z [2;36m[2026-09-15 04:17:49][0m [33mWARNING [0m [2m[py.warnings:112, db3cfb97005b, rank=0][0m /opt/conda/lib/python3.12/site-packages/olmo_core/nn/pooled_soft_token.py:179: UserWarning: called a synchronizing CUDA operation (Triggered internally at /pytorch/c10/cuda/CUDAFunctions.cpp:162.)
2026-09-15T04:17:49.333Z   if is_ctx.any():
2026-09-15T04:17:49.333Z 
2026-09-15T04:17:49.334Z [2;36m[2026-09-15 04:17:49][0m [33mWARNING [0m [2m[py.warnings:112, db3cfb97005b, rank=0][0m /opt/conda/lib/python3.12/site-packages/olmo_core/nn/pooled_soft_token.py:180: UserWarning: called a synchronizing CUDA operation (Triggered internally at /pytorch/c10/cuda/CUDAFunctions.cpp:162.)
2026-09-15T04:17:49.334Z   d_ix = c[is_ctx]
2026-09-15T04:17:49.334Z 
2026-09-15T04:17:49.334Z [2;36m[2026-09-15 04:17:49][0m [33mWARNING [0m [2m[py.warnings:112, db3cfb97005b, rank=0][0m /opt/conda/lib/python3.12/site-packages/olmo_core/nn/pooled_soft_token.py:181: UserWarning: called a synchronizing CUDA operation (Triggered internally at /pytorch/c10/cuda/CUDAFunctions.cpp:162.)
2026-09-15T04:17:49.334Z   pos_ix = is_ctx.nonzero(as_tuple=True)[0]
2026-09-15T04:17:49.334Z 
2026-09-15T04:17:49.335Z [2;36m[2026-09-15 04:17:49][0m [33mWARNING [0m [2m[py.warnings:112, db3cfb97005b, rank=0][0m /opt/conda/lib/python3.12/site-packages/olmo_core/nn/pooled_soft_token.py:186: UserWarning: called a synchronizing CUDA operation (Triggered internally at /pytorch/c10/cuda/CUDAFunctions.cpp:162.)
2026-09-15T04:17:49.335Z   pooled_docs = pooled.nonzero(as_tuple=True)[0]
2026-09-15T04:17:49.335Z 
2026-09-15T04:17:49.336Z [2;36m[2026-09-15 04:17:49][0m [33mWARNING [0m [2m[py.warnings:112, db3cfb97005b, rank=0][0m /opt/conda/lib/python3.12/site-packages/olmo_core/nn/pooled_soft_token.py:217: UserWarning: called a synchronizing CUDA operation (Triggered internally at /pytorch/c10/cuda/CUDAFunctions.cpp:162.)
2026-09-15T04:17:49.336Z   doc_len = torch.bincount(c[is_ctx], minlength=n_docs) if is_ctx.any() else torch.zeros(n_docs, dtype=torch.long, device=device)
2026-09-15T04:17:49.336Z 
2026-09-15T04:17:49.336Z [2;36m[2026-09-15 04:17:49][0m [33mWARNING [0m [2m[py.warnings:112, db3cfb97005b, rank=0][0m /opt/conda/lib/python3.12/site-packages/olmo_core/nn/pooled_soft_token.py:222: UserWarning: called a synchronizing CUDA operation (Triggered internally at /pytorch/c10/cuda/CUDAFunctions.cpp:162.)
2026-09-15T04:17:49.336Z   soft_cols_b = soft_mask.nonzero(as_tuple=True)[0]
2026-09-15T04:17:49.336Z 
2026-09-15T04:17:49.337Z [2;36m[2026-09-15 04:17:49][0m [33mWARNING [0m [2m[py.warnings:112, db3cfb97005b, rank=0][0m /opt/conda/lib/python3.12/site-packages/olmo_core/nn/pooled_soft_token.py:226: UserWarning: called a synchronizing CUDA operation (Triggered internally at /pytorch/c10/cuda/CUDAFunctions.cpp:162.)
2026-09-15T04:17:49.337Z   cols_l = soft_cols_b.tolist()
2026-09-15T04:17:49.337Z 
2026-09-15T04:17:49.337Z [2;36m[2026-09-15 04:17:49][0m [33mWARNING [0m [2m[py.warnings:112, db3cfb97005b, rank=0][0m /opt/conda/lib/python3.12/site-packages/olmo_core/nn/pooled_soft_token.py:229: UserWarning: called a synchronizing CUDA operation (Triggered internally at /pytorch/c10/cuda/CUDAFunctions.cpp:162.)
2026-09-15T04:17:49.337Z   soft_docs += docs_b.tolist()
2026-09-15T04:17:49.337Z 
2026-09-15T04:17:49.338Z [2;36m[2026-09-15 04:17:49][0m [33mWARNING [0m [2m[py.warnings:112, db3cfb97005b, rank=0][0m /opt/conda/lib/python3.12/site-packages/olmo_core/nn/pooled_soft_token.py:230: UserWarning: called a synchronizing CUDA operation (Triggered internally at /pytorch/c10/cuda/CUDAFunctions.cpp:162.)
2026-09-15T04:17:49.338Z   soft_log_len += lens_b.tolist()
2026-09-15T04:17:49.338Z 
2026-09-15T04:17:49.340Z [2;36m[2026-09-15 04:17:49][0m [33mWARNING [0m [2m[py.warnings:112, db3cfb97005b, rank=0][0m /opt/conda/lib/python3.12/site-packages/olmo_core/nn/pooled_soft_token.py:280: UserWarning: called a synchronizing CUDA operation (Triggered internally at /pytorch/c10/cuda/CUDAFunctions.cpp:162.)
2026-09-15T04:17:49.340Z   row_lens[b] = L
2026-09-15T04:17:49.340Z 
2026-09-15T04:17:49.340Z [2;36m[2026-09-15 04:17:49][0m [33mWARNING [0m [2m[py.warnings:112, db3cfb97005b, rank=0][0m /opt/conda/lib/python3.12/site-packages/olmo_core/nn/pooled_soft_token.py:297: UserWarning: called a synchronizing CUDA operation (Triggered internally at /pytorch/c10/cuda/CUDAFunctions.cpp:162.)
2026-09-15T04:17:49.340Z   soft_rows=torch.tensor(soft_rows, dtype=torch.long, device=device),
2026-09-15T04:17:49.340Z 
2026-09-15T04:17:49.341Z [2;36m[2026-09-15 04:17:49][0m [33mWARNING [0m [2m[py.warnings:112, db3cfb97005b, rank=0][0m /opt/conda/lib/python3.12/site-packages/olmo_core/nn/pooled_soft_token.py:298: UserWarning: called a synchronizing CUDA operation (Triggered internally at /pytorch/c10/cuda/CUDAFunctions.cpp:162.)
2026-09-15T04:17:49.341Z   soft_cols=torch.tensor(soft_cols, dtype=torch.long, device=device),
2026-09-15T04:17:49.341Z 
2026-09-15T04:17:49.341Z [2;36m[2026-09-15 04:17:49][0m [33mWARNING [0m [2m[py.warnings:112, db3cfb97005b, rank=0][0m /opt/conda/lib/python3.12/site-packages/olmo_core/nn/pooled_soft_token.py:299: UserWarning: called a synchronizing CUDA operation (Triggered internally at /pytorch/c10/cuda/CUDAFunctions.cpp:162.)
2026-09-15T04:17:49.341Z   soft_docs=torch.tensor(soft_docs, dtype=torch.long, device=device),
2026-09-15T04:17:49.341Z 
2026-09-15T04:17:49.342Z [2;36m[2026-09-15 04:17:49][0m [33mWARNING [0m [2m[py.warnings:112, db3cfb97005b, rank=0][0m /opt/conda/lib/python3.12/site-packages/olmo_core/nn/pooled_soft_token.py:301: UserWarning: called a synchronizing CUDA operation (Triggered internally at /pytorch/c10/cuda/CUDAFunctions.cpp:162.)
2026-09-15T04:17:49.342Z   soft_log_len=torch.tensor(soft_log_len, dtype=torch.float32, device=device),
2026-09-15T04:17:49.342Z 
2026-09-15T04:17:49.342Z [2;36m[2026-09-15 04:17:49][0m [33mWARNING [0m [2m[py.warnings:112, db3cfb97005b, rank=0][0m /opt/conda/lib/python3.12/site-packages/olmo_core/nn/transformer/model.py:1502: UserWarning: called a synchronizing CUDA operation (Triggered internally at /pytorch/c10/cuda/CUDAFunctions.cpp:162.)
2026-09-15T04:17:49.342Z   kv_grad_mask[cb.soft_rows, cb.soft_cols] = False
2026-09-15T04:17:49.342Z 
2026-09-15T04:17:49.558Z [2;36m[2026-09-15 04:17:49][0m [33mWARNING [0m [2m[py.warnings:112, db3cfb97005b, rank=0][0m /opt/conda/lib/python3.12/site-packages/liger_kernel/ops/fused_linear_cross_entropy.py:75: UserWarning: called a synchronizing CUDA operation (Triggered internally at /pytorch/c10/cuda/CUDAFunctions.cpp:162.)
2026-09-15T04:17:49.558Z   total_n_non_ignore = target_mask.sum().item()
2026-09-15T04:17:49.558Z 
2026-09-15T04:17:50.158Z [2;36m[2026-09-15 04:17:50][0m [33mWARNING [0m [2m[py.warnings:112, db3cfb97005b, rank=0][0m /opt/conda/lib/python3.12/site-packages/liger_kernel/ops/fused_linear_cross_entropy.py:233: UserWarning: called a synchronizing CUDA operation (Triggered internally at /pytorch/c10/cuda/CUDAFunctions.cpp:162.)
2026-09-15T04:17:50.158Z   if not torch.equal(grad_output, torch.tensor(1.0, device=grad_output.device)):
2026-09-15T04:17:50.158Z 
2026-09-15T04:18:03.115Z [2;36m[2026-09-15 04:18:03][0m [33mWARNING [0m [2m[py.warnings:112, db3cfb97005b, rank=0][0m /opt/conda/lib/python3.12/site-packages/liger_kernel/ops/fused_linear_cross_entropy.py:75: UserWarning: called a synchronizing CUDA operation (Triggered internally at /pytorch/c10/cuda/CUDAFunctions.cpp:162.)
2026-09-15T04:18:03.116Z   total_n_non_ignore = target_mask.sum().item()
2026-09-15T04:18:03.116Z 
2026-09-15T04:18:03.690Z [2;36m[2026-09-15 04:18:03][0m [33mWARNING [0m [2m[py.warnings:112, db3cfb97005b, rank=0][0m /opt/conda/lib/python3.12/site-packages/liger_kernel/ops/fused_linear_cross_entropy.py:233: UserWarning: called a synchronizing CUDA operation (Triggered internally at /pytorch/c10/cuda/CUDAFunctions.cpp:162.)
2026-09-15T04:18:03.690Z   if not torch.equal(grad_output, torch.tensor(1.0, device=grad_output.device)):
2026-09-15T04:18:03.690Z 
2026-09-15T04:18:16.636Z [2;36m[2026-09-15 04:18:16][0m [33mWARNING [0m [2m[py.warnings:112, db3cfb97005b, rank=0][0m /opt/conda/lib/python3.12/site-packages/torch/autograd/graph.py:841: UserWarning: called a synchronizing CUDA operation (Triggered internally at /pytorch/c10/cuda/CUDAFunctions.cpp:162.)
2026-09-15T04:18:16.636Z   return Variable._execution_engine.run_backward(  # Calls into the C++ engine to run the backward pass
2026-09-15T04:18:16.636Z 
2026-09-15T04:18:16.648Z [2;36m[2026-09-15 04:18:16][0m [33mWARNING [0m [2m[py.warnings:112, db3cfb97005b, rank=0][0m /opt/conda/lib/python3.12/site-packages/torch/distributed/utils.py:106: UserWarning: called a synchronizing CUDA operation (Triggered internally at /pytorch/c10/cuda/CUDAFunctions.cpp:162.)
2026-09-15T04:18:16.648Z   return (obj.to(target_device),)
2026-09-15T04:18:16.648Z 
2026-09-15T04:18:16.658Z [2;36m[2026-09-15 04:18:16][0m [33mWARNING [0m [2m[py.warnings:112, db3cfb97005b, rank=0][0m /opt/conda/lib/python3.12/site-packages/olmo_core/nn/transformer/model.py:777: UserWarning: called a synchronizing CUDA operation (Triggered internally at /pytorch/c10/cuda/CUDAFunctions.cpp:162.)
2026-09-15T04:18:16.658Z   n_docs = int(chunk_ids.max().item()) + 1
2026-09-15T04:18:16.658Z 
2026-09-15T04:18:16.666Z [2;36m[2026-09-15 04:18:16][0m [33mWARNING [0m [2m[py.warnings:112, db3cfb97005b, rank=0][0m /opt/conda/lib/python3.12/site-packages/olmo_core/nn/transformer/model.py:834: UserWarning: called a synchronizing CUDA operation (Triggered internally at /pytorch/c10/cuda/CUDAFunctions.cpp:162.)
2026-09-15T04:18:16.666Z   flat = (torch.arange(B, device=emb.device)[:, None] * n_docs + cid.clamp(min=0)).reshape(
2026-09-15T04:18:16.666Z 
2026-09-15T04:18:16.667Z [2;36m[2026-09-15 04:18:16][0m [33mWARNING [0m [2m[py.warnings:112, db3cfb97005b, rank=0][0m /opt/conda/lib/python3.12/site-packages/olmo_core/nn/transformer/model.py:838: UserWarning: called a synchronizing CUDA operation (Triggered internally at /pytorch/c10/cuda/CUDAFunctions.cpp:162.)
2026-09-15T04:18:16.667Z   0, flat, emb.reshape(B * T, D)[is_ctx.reshape(-1)]
2026-09-15T04:18:16.667Z 
2026-09-15T04:18:16.676Z [2;36m[2026-09-15 04:18:16][0m [33mWARNING [0m [2m[py.warnings:112, db3cfb97005b, rank=0][0m /opt/conda/lib/python3.12/site-packages/olmo_core/nn/pooled_soft_token.py:173: UserWarning: called a synchronizing CUDA operation (Triggered internally at /pytorch/c10/cuda/CUDAFunctions.cpp:162.)
2026-09-15T04:18:16.676Z   kept_idx = kept_tok.nonzero(as_tuple=True)[0]
2026-09-15T04:18:16.676Z 
2026-09-15T04:18:16.676Z [2;36m[2026-09-15 04:18:16][0m [33mWARNING [0m [2m[py.warnings:112, db3cfb97005b, rank=0][0m /opt/conda/lib/python3.12/site-packages/olmo_core/nn/pooled_soft_token.py:179: UserWarning: called a synchronizing CUDA operation (Triggered internally at /pytorch/c10/cuda/CUDAFunctions.cpp:162.)
2026-09-15T04:18:16.676Z   if is_ctx.any():
2026-09-15T04:18:16.676Z 
2026-09-15T04:18:16.677Z [2;36m[2026-09-15 04:18:16][0m [33mWARNING [0m [2m[py.warnings:112, db3cfb97005b, rank=0][0m /opt/conda/lib/python3.12/site-packages/olmo_core/nn/pooled_soft_token.py:180: UserWarning: called a synchronizing CUDA operation (Triggered internally at /pytorch/c10/cuda/CUDAFunctions.cpp:162.)
2026-09-15T04:18:16.677Z   d_ix = c[is_ctx]
2026-09-15T04:18:16.677Z 
2026-09-15T04:18:16.677Z [2;36m[2026-09-15 04:18:16][0m [33mWARNING [0m [2m[py.warnings:112, db3cfb97005b, rank=0][0m /opt/conda/lib/python3.12/site-packages/olmo_core/nn/pooled_soft_token.py:181: UserWarning: called a synchronizing CUDA operation (Triggered internally at /pytorch/c10/cuda/CUDAFunctions.cpp:162.)
2026-09-15T04:18:16.677Z   pos_ix = is_ctx.nonzero(as_tuple=True)[0]
2026-09-15T04:18:16.677Z 
2026-09-15T04:18:16.678Z [2;36m[2026-09-15 04:18:16][0m [33mWARNING [0m [2m[py.warnings:112, db3cfb97005b, rank=0][0m /opt/conda/lib/python3.12/site-packages/olmo_core/nn/pooled_soft_token.py:186: UserWarning: called a synchronizing CUDA operation (Triggered internally at /pytorch/c10/cuda/CUDAFunctions.cpp:162.)
2026-09-15T04:18:16.678Z   pooled_docs = pooled.nonzero(as_tuple=True)[0]
2026-09-15T04:18:16.678Z 
2026-09-15T04:18:16.679Z [2;36m[2026-09-15 04:18:16][0m [33mWARNING [0m [2m[py.warnings:112, db3cfb97005b, rank=0][0m /opt/conda/lib/python3.12/site-packages/olmo_core/nn/pooled_soft_token.py:217: UserWarning: called a synchronizing CUDA operation (Triggered internally at /pytorch/c10/cuda/CUDAFunctions.cpp:162.)
2026-09-15T04:18:16.679Z   doc_len = torch.bincount(c[is_ctx], minlength=n_docs) if is_ctx.any() else torch.zeros(n_docs, dtype=torch.long, device=device)
2026-09-15T04:18:16.679Z 
2026-09-15T04:18:16.679Z [2;36m[2026-09-15 04:18:16][0m [33mWARNING [0m [2m[py.warnings:112, db3cfb97005b, rank=0][0m /opt/conda/lib/python3.12/site-packages/olmo_core/nn/pooled_soft_token.py:222: UserWarning: called a synchronizing CUDA operation (Triggered internally at /pytorch/c10/cuda/CUDAFunctions.cpp:162.)
2026-09-15T04:18:16.679Z   soft_cols_b = soft_mask.nonzero(as_tuple=True)[0]
2026-09-15T04:18:16.679Z 
2026-09-15T04:18:16.680Z [2;36m[2026-09-15 04:18:16][0m [33mWARNING [0m [2m[py.warnings:112, db3cfb97005b, rank=0][0m /opt/conda/lib/python3.12/site-packages/olmo_core/nn/pooled_soft_token.py:226: UserWarning: called a synchronizing CUDA operation (Triggered internally at /pytorch/c10/cuda/CUDAFunctions.cpp:162.)
2026-09-15T04:18:16.680Z   cols_l = soft_cols_b.tolist()
2026-09-15T04:18:16.680Z 
2026-09-15T04:18:16.680Z [2;36m[2026-09-15 04:18:16][0m [33mWARNING [0m [2m[py.warnings:112, db3cfb97005b, rank=0][0m /opt/conda/lib/python3.12/site-packages/olmo_core/nn/pooled_soft_token.py:229: UserWarning: called a synchronizing CUDA operation (Triggered internally at /pytorch/c10/cuda/CUDAFunctions.cpp:162.)
2026-09-15T04:18:16.680Z   soft_docs += docs_b.tolist()
2026-09-15T04:18:16.680Z 
2026-09-15T04:18:16.681Z [2;36m[2026-09-15 04:18:16][0m [33mWARNING [0m [2m[py.warnings:112, db3cfb97005b, rank=0][0m /opt/conda/lib/python3.12/site-packages/olmo_core/nn/pooled_soft_token.py:230: UserWarning: called a synchronizing CUDA operation (Triggered internally at /pytorch/c10/cuda/CUDAFunctions.cpp:162.)
2026-09-15T04:18:16.681Z   soft_log_len += lens_b.tolist()
2026-09-15T04:18:16.681Z 
2026-09-15T04:18:16.683Z [2;36m[2026-09-15 04:18:16][0m [33mWARNING [0m [2m[py.warnings:112, db3cfb97005b, rank=0][0m /opt/conda/lib/python3.12/site-packages/olmo_core/nn/pooled_soft_token.py:280: UserWarning: called a synchronizing CUDA operation (Triggered internally at /pytorch/c10/cuda/CUDAFunctions.cpp:162.)
2026-09-15T04:18:16.683Z   row_lens[b] = L
2026-09-15T04:18:16.683Z 
2026-09-15T04:18:16.683Z [2;36m[2026-09-15 04:18:16][0m [33mWARNING [0m [2m[py.warnings:112, db3cfb97005b, rank=0][0m /opt/conda/lib/python3.12/site-packages/olmo_core/nn/pooled_soft_token.py:297: UserWarning: called a synchronizing CUDA operation (Triggered internally at /pytorch/c10/cuda/CUDAFunctions.cpp:162.)
2026-09-15T04:18:16.683Z   soft_rows=torch.tensor(soft_rows, dtype=torch.long, device=device),
2026-09-15T04:18:16.683Z 
2026-09-15T04:18:16.684Z [2;36m[2026-09-15 04:18:16][0m [33mWARNING [0m [2m[py.warnings:112, db3cfb97005b, rank=0][0m /opt/conda/lib/python3.12/site-packages/olmo_core/nn/pooled_soft_token.py:298: UserWarning: called a synchronizing CUDA operation (Triggered internally at /pytorch/c10/cuda/CUDAFunctions.cpp:162.)
2026-09-15T04:18:16.684Z   soft_cols=torch.tensor(soft_cols, dtype=torch.long, device=device),
2026-09-15T04:18:16.684Z 
2026-09-15T04:18:16.684Z [2;36m[2026-09-15 04:18:16][0m [33mWARNING [0m [2m[py.warnings:112, db3cfb97005b, rank=0][0m /opt/conda/lib/python3.12/site-packages/olmo_core/nn/pooled_soft_token.py:299: UserWarning: called a synchronizing CUDA operation (Triggered internally at /pytorch/c10/cuda/CUDAFunctions.cpp:162.)
2026-09-15T04:18:16.684Z   soft_docs=torch.tensor(soft_docs, dtype=torch.long, device=device),
2026-09-15T04:18:16.684Z 
2026-09-15T04:18:16.685Z [2;36m[2026-09-15 04:18:16][0m [33mWARNING [0m [2m[py.warnings:112, db3cfb97005b, rank=0][0m /opt/conda/lib/python3.12/site-packages/olmo_core/nn/pooled_soft_token.py:301: UserWarning: called a synchronizing CUDA operation (Triggered internally at /pytorch/c10/cuda/CUDAFunctions.cpp:162.)
2026-09-15T04:18:16.685Z   soft_log_len=torch.tensor(soft_log_len, dtype=torch.float32, device=device),
2026-09-15T04:18:16.685Z 
2026-09-15T04:18:16.685Z [2;36m[2026-09-15 04:18:16][0m [33mWARNING [0m [2m[py.warnings:112, db3cfb97005b, rank=0][0m /opt/conda/lib/python3.12/site-packages/olmo_core/nn/transformer/model.py:1502: UserWarning: called a synchronizing CUDA operation (Triggered internally at /pytorch/c10/cuda/CUDAFunctions.cpp:162.)
2026-09-15T04:18:16.685Z   kv_grad_mask[cb.soft_rows, cb.soft_cols] = False
2026-09-15T04:18:16.685Z 
2026-09-15T04:18:16.862Z [2;36m[2026-09-15 04:18:16][0m [33mWARNING [0m [2m[py.warnings:112, db3cfb97005b, rank=0][0m /opt/conda/lib/python3.12/site-packages/liger_kernel/ops/fused_linear_cross_entropy.py:75: UserWarning: called a synchronizing CUDA operation (Triggered internally at /pytorch/c10/cuda/CUDAFunctions.cpp:162.)
2026-09-15T04:18:16.862Z   total_n_non_ignore = target_mask.sum().item()
2026-09-15T04:18:16.862Z 
2026-09-15T04:18:17.586Z [2;36m[2026-09-15 04:18:17][0m [33mWARNING [0m [2m[py.warnings:112, db3cfb97005b, rank=0][0m /opt/conda/lib/python3.12/site-packages/liger_kernel/ops/fused_linear_cross_entropy.py:233: UserWarning: called a synchronizing CUDA operation (Triggered internally at /pytorch/c10/cuda/CUDAFunctions.cpp:162.)
2026-09-15T04:18:17.586Z   if not torch.equal(grad_output, torch.tensor(1.0, device=grad_output.device)):
2026-09-15T04:18:17.586Z 
2026-09-15T04:18:21.397Z [2;36m[2026-09-15 04:18:21][0m [34mINFO    [0m [2m[olmo_core.train.callbacks.console_logger:68, db3cfb97005b, rank=0][0m [step=11/61,epoch=1,eta=49m]
2026-09-15T04:18:21.397Z     gpu_memory/GPU active mem (%)=75.91
2026-09-15T04:18:21.397Z     gpu_memory/GPU active mem (GiB)=60.16
2026-09-15T04:18:21.397Z     gpu_memory/GPU reserved mem (%)=81.25
2026-09-15T04:18:21.397Z     gpu_memory/GPU reserved mem (GiB)=64.39
2026-09-15T04:18:21.397Z     optim/LR (group 0)=4.24E-06
2026-09-15T04:18:21.397Z     optim/LR (group 1)=4.24E-06
2026-09-15T04:18:21.397Z     optim/step skipped=0.0
2026-09-15T04:18:21.397Z     optim/total grad norm=5.135
2026-09-15T04:18:21.397Z     throughput/chinchilla multiple=1.71E-05
2026-09-15T04:18:21.397Z     throughput/device/BPS=0.0124
2026-09-15T04:18:21.397Z     throughput/device/BPS (actual avg)=0.0168
2026-09-15T04:18:21.397Z     throughput/device/MFU=5.955
2026-09-15T04:18:21.397Z     throughput/device/MFU (actual avg)=8.068
2026-09-15T04:18:21.398Z     throughput/device/TPS=811.4
2026-09-15T04:18:21.398Z     throughput/device/TPS (actual avg)=1,099
2026-09-15T04:18:21.398Z     throughput/device/flopsPS=18.58T
2026-09-15T04:18:21.398Z     throughput/device/flopsPS (actual avg)=25.17T
2026-09-15T04:18:21.398Z     throughput/total petaflops=33.02
2026-09-15T04:18:21.398Z     throughput/total tokens=1,441,792
2026-09-15T04:18:21.398Z     train/CE loss=0.3647
2026-09-15T04:18:21.398Z     throughput/device/data loading (%)=0.0027
2026-09-15T04:18:21.398Z     throughput/device/data loading (s)=0.0022
2026-09-15T04:18:21.398Z     train/PPL=1.440
2026-09-15T04:18:40.352Z [2;36m[2026-09-15 04:18:40][0m [33mWARNING [0m [2m[py.warnings:112, db3cfb97005b, rank=1][0m /opt/conda/lib/python3.12/site-packages/liger_kernel/ops/fused_linear_cross_entropy.py:75: UserWarning: called a synchronizing CUDA operation (Triggered internally at /pytorch/c10/cuda/CUDAFunctions.cpp:162.)
2026-09-15T04:18:40.352Z   total_n_non_ignore = target_mask.sum().item()
2026-09-15T04:18:40.352Z 
2026-09-15T04:18:41.299Z [2;36m[2026-09-15 04:18:41][0m [33mWARNING [0m [2m[py.warnings:112, db3cfb97005b, rank=1][0m /opt/conda/lib/python3.12/site-packages/liger_kernel/ops/fused_linear_cross_entropy.py:233: UserWarning: called a synchronizing CUDA operation (Triggered internally at /pytorch/c10/cuda/CUDAFunctions.cpp:162.)
2026-09-15T04:18:41.299Z   if not torch.equal(grad_output, torch.tensor(1.0, device=grad_output.device)):
2026-09-15T04:18:41.299Z 
2026-09-15T04:18:54.356Z [2;36m[2026-09-15 04:18:54][0m [33mWARNING [0m [2m[py.warnings:112, db3cfb97005b, rank=1][0m /opt/conda/lib/python3.12/site-packages/torch/autograd/graph.py:841: UserWarning: called a synchronizing CUDA operation (Triggered internally at /pytorch/c10/cuda/CUDAFunctions.cpp:162.)
2026-09-15T04:18:54.357Z   return Variable._execution_engine.run_backward(  # Calls into the C++ engine to run the backward pass
2026-09-15T04:18:54.357Z 
2026-09-15T04:18:54.370Z [2;36m[2026-09-15 04:18:54][0m [33mWARNING [0m [2m[py.warnings:112, db3cfb97005b, rank=1][0m /opt/conda/lib/python3.12/site-packages/torch/distributed/utils.py:106: UserWarning: called a synchronizing CUDA operation (Triggered internally at /pytorch/c10/cuda/CUDAFunctions.cpp:162.)
2026-09-15T04:18:54.370Z   return (obj.to(target_device),)
2026-09-15T04:18:54.370Z 
2026-09-15T04:18:54.382Z [2;36m[2026-09-15 04:18:54][0m [33mWARNING [0m [2m[py.warnings:112, db3cfb97005b, rank=1][0m /opt/conda/lib/python3.12/site-packages/olmo_core/nn/transformer/model.py:777: UserWarning: called a synchronizing CUDA operation (Triggered internally at /pytorch/c10/cuda/CUDAFunctions.cpp:162.)
2026-09-15T04:18:54.382Z   n_docs = int(chunk_ids.max().item()) + 1
2026-09-15T04:18:54.382Z 
2026-09-15T04:18:54.390Z [2;36m[2026-09-15 04:18:54][0m [33mWARNING [0m [2m[py.warnings:112, db3cfb97005b, rank=1][0m /opt/conda/lib/python3.12/site-packages/olmo_core/nn/transformer/model.py:834: UserWarning: called a synchronizing CUDA operation (Triggered internally at /pytorch/c10/cuda/CUDAFunctions.cpp:162.)
2026-09-15T04:18:54.390Z   flat = (torch.arange(B, device=emb.device)[:, None] * n_docs + cid.clamp(min=0)).reshape(
2026-09-15T04:18:54.390Z 
2026-09-15T04:18:54.391Z [2;36m[2026-09-15 04:18:54][0m [33mWARNING [0m [2m[py.warnings:112, db3cfb97005b, rank=1][0m /opt/conda/lib/python3.12/site-packages/olmo_core/nn/transformer/model.py:838: UserWarning: called a synchronizing CUDA operation (Triggered internally at /pytorch/c10/cuda/CUDAFunctions.cpp:162.)
2026-09-15T04:18:54.391Z   0, flat, emb.reshape(B * T, D)[is_ctx.reshape(-1)]
2026-09-15T04:18:54.391Z 
2026-09-15T04:18:54.398Z [2;36m[2026-09-15 04:18:54][0m [33mWARNING [0m [2m[py.warnings:112, db3cfb97005b, rank=1][0m /opt/conda/lib/python3.12/site-packages/olmo_core/nn/pooled_soft_token.py:173: UserWarning: called a synchronizing CUDA operation (Triggered internally at /pytorch/c10/cuda/CUDAFunctions.cpp:162.)
2026-09-15T04:18:54.398Z   kept_idx = kept_tok.nonzero(as_tuple=True)[0]
2026-09-15T04:18:54.398Z 
2026-09-15T04:18:54.398Z [2;36m[2026-09-15 04:18:54][0m [33mWARNING [0m [2m[py.warnings:112, db3cfb97005b, rank=1][0m /opt/conda/lib/python3.12/site-packages/olmo_core/nn/pooled_soft_token.py:179: UserWarning: called a synchronizing CUDA operation (Triggered internally at /pytorch/c10/cuda/CUDAFunctions.cpp:162.)
2026-09-15T04:18:54.398Z   if is_ctx.any():
2026-09-15T04:18:54.398Z 
2026-09-15T04:18:54.399Z [2;36m[2026-09-15 04:18:54][0m [33mWARNING [0m [2m[py.warnings:112, db3cfb97005b, rank=1][0m /opt/conda/lib/python3.12/site-packages/olmo_core/nn/pooled_soft_token.py:180: UserWarning: called a synchronizing CUDA operation (Triggered internally at /pytorch/c10/cuda/CUDAFunctions.cpp:162.)
2026-09-15T04:18:54.399Z   d_ix = c[is_ctx]
2026-09-15T04:18:54.399Z 
2026-09-15T04:18:54.399Z [2;36m[2026-09-15 04:18:54][0m [33mWARNING [0m [2m[py.warnings:112, db3cfb97005b, rank=1][0m /opt/conda/lib/python3.12/site-packages/olmo_core/nn/pooled_soft_token.py:181: UserWarning: called a synchronizing CUDA operation (Triggered internally at /pytorch/c10/cuda/CUDAFunctions.cpp:162.)
2026-09-15T04:18:54.399Z   pos_ix = is_ctx.nonzero(as_tuple=True)[0]
2026-09-15T04:18:54.399Z 
2026-09-15T04:18:54.399Z [2;36m[2026-09-15 04:18:54][0m [33mWARNING [0m [2m[py.warnings:112, db3cfb97005b, rank=1][0m /opt/conda/lib/python3.12/site-packages/olmo_core/nn/pooled_soft_token.py:186: UserWarning: called a synchronizing CUDA operation (Triggered internally at /pytorch/c10/cuda/CUDAFunctions.cpp:162.)
2026-09-15T04:18:54.399Z   pooled_docs = pooled.nonzero(as_tuple=True)[0]
2026-09-15T04:18:54.399Z 
2026-09-15T04:18:54.400Z [2;36m[2026-09-15 04:18:54][0m [33mWARNING [0m [2m[py.warnings:112, db3cfb97005b, rank=1][0m /opt/conda/lib/python3.12/site-packages/olmo_core/nn/pooled_soft_token.py:217: UserWarning: called a synchronizing CUDA operation (Triggered internally at /pytorch/c10/cuda/CUDAFunctions.cpp:162.)
2026-09-15T04:18:54.400Z   doc_len = torch.bincount(c[is_ctx], minlength=n_docs) if is_ctx.any() else torch.zeros(n_docs, dtype=torch.long, device=device)
2026-09-15T04:18:54.400Z 
2026-09-15T04:18:54.401Z [2;36m[2026-09-15 04:18:54][0m [33mWARNING [0m [2m[py.warnings:112, db3cfb97005b, rank=1][0m /opt/conda/lib/python3.12/site-packages/olmo_core/nn/pooled_soft_token.py:222: UserWarning: called a synchronizing CUDA operation (Triggered internally at /pytorch/c10/cuda/CUDAFunctions.cpp:162.)
2026-09-15T04:18:54.401Z   soft_cols_b = soft_mask.nonzero(as_tuple=True)[0]
2026-09-15T04:18:54.401Z 
2026-09-15T04:18:54.401Z [2;36m[2026-09-15 04:18:54][0m [33mWARNING [0m [2m[py.warnings:112, db3cfb97005b, rank=1][0m /opt/conda/lib/python3.12/site-packages/olmo_core/nn/pooled_soft_token.py:226: UserWarning: called a synchronizing CUDA operation (Triggered internally at /pytorch/c10/cuda/CUDAFunctions.cpp:162.)
2026-09-15T04:18:54.401Z   cols_l = soft_cols_b.tolist()
2026-09-15T04:18:54.401Z 
2026-09-15T04:18:54.402Z [2;36m[2026-09-15 04:18:54][0m [33mWARNING [0m [2m[py.warnings:112, db3cfb97005b, rank=1][0m /opt/conda/lib/python3.12/site-packages/olmo_core/nn/pooled_soft_token.py:229: UserWarning: called a synchronizing CUDA operation (Triggered internally at /pytorch/c10/cuda/CUDAFunctions.cpp:162.)
2026-09-15T04:18:54.402Z   soft_docs += docs_b.tolist()
2026-09-15T04:18:54.402Z 
2026-09-15T04:18:54.402Z [2;36m[2026-09-15 04:18:54][0m [33mWARNING [0m [2m[py.warnings:112, db3cfb97005b, rank=1][0m /opt/conda/lib/python3.12/site-packages/olmo_core/nn/pooled_soft_token.py:230: UserWarning: called a synchronizing CUDA operation (Triggered internally at /pytorch/c10/cuda/CUDAFunctions.cpp:162.)
2026-09-15T04:18:54.402Z   soft_log_len += lens_b.tolist()
2026-09-15T04:18:54.402Z 
2026-09-15T04:18:54.404Z [2;36m[2026-09-15 04:18:54][0m [33mWARNING [0m [2m[py.warnings:112, db3cfb97005b, rank=1][0m /opt/conda/lib/python3.12/site-packages/olmo_core/nn/pooled_soft_token.py:280: UserWarning: called a synchronizing CUDA operation (Triggered internally at /pytorch/c10/cuda/CUDAFunctions.cpp:162.)
2026-09-15T04:18:54.404Z   row_lens[b] = L
2026-09-15T04:18:54.404Z 
2026-09-15T04:18:54.404Z [2;36m[2026-09-15 04:18:54][0m [33mWARNING [0m [2m[py.warnings:112, db3cfb97005b, rank=1][0m /opt/conda/lib/python3.12/site-packages/olmo_core/nn/pooled_soft_token.py:297: UserWarning: called a synchronizing CUDA operation (Triggered internally at /pytorch/c10/cuda/CUDAFunctions.cpp:162.)
2026-09-15T04:18:54.404Z   soft_rows=torch.tensor(soft_rows, dtype=torch.long, device=device),
2026-09-15T04:18:54.404Z 
2026-09-15T04:18:54.404Z [2;36m[2026-09-15 04:18:54][0m [33mWARNING [0m [2m[py.warnings:112, db3cfb97005b, rank=1][0m /opt/conda/lib/python3.12/site-packages/olmo_core/nn/pooled_soft_token.py:298: UserWarning: called a synchronizing CUDA operation (Triggered internally at /pytorch/c10/cuda/CUDAFunctions.cpp:162.)
2026-09-15T04:18:54.404Z   soft_cols=torch.tensor(soft_cols, dtype=torch.long, device=device),
2026-09-15T04:18:54.404Z 
2026-09-15T04:18:54.405Z [2;36m[2026-09-15 04:18:54][0m [33mWARNING [0m [2m[py.warnings:112, db3cfb97005b, rank=1][0m /opt/conda/lib/python3.12/site-packages/olmo_core/nn/pooled_soft_token.py:299: UserWarning: called a synchronizing CUDA operation (Triggered internally at /pytorch/c10/cuda/CUDAFunctions.cpp:162.)
2026-09-15T04:18:54.405Z   soft_docs=torch.tensor(soft_docs, dtype=torch.long, device=device),
2026-09-15T04:18:54.405Z 
2026-09-15T04:18:54.405Z [2;36m[2026-09-15 04:18:54][0m [33mWARNING [0m [2m[py.warnings:112, db3cfb97005b, rank=1][0m /opt/conda/lib/python3.12/site-packages/olmo_core/nn/pooled_soft_token.py:301: UserWarning: called a synchronizing CUDA operation (Triggered internally at /pytorch/c10/cuda/CUDAFunctions.cpp:162.)
2026-09-15T04:18:54.405Z   soft_log_len=torch.tensor(soft_log_len, dtype=torch.float32, device=device),
2026-09-15T04:18:54.405Z 
2026-09-15T04:18:54.406Z [2;36m[2026-09-15 04:18:54][0m [33mWARNING [0m [2m[py.warnings:112, db3cfb97005b, rank=1][0m /opt/conda/lib/python3.12/site-packages/olmo_core/nn/transformer/model.py:1502: UserWarning: called a synchronizing CUDA operation (Triggered internally at /pytorch/c10/cuda/CUDAFunctions.cpp:162.)
2026-09-15T04:18:54.406Z   kv_grad_mask[cb.soft_rows, cb.soft_cols] = False
2026-09-15T04:18:54.406Z 
2026-09-15T04:18:54.565Z [2;36m[2026-09-15 04:18:54][0m [33mWARNING [0m [2m[py.warnings:112, db3cfb97005b, rank=1][0m /opt/conda/lib/python3.12/site-packages/liger_kernel/ops/fused_linear_cross_entropy.py:75: UserWarning: called a synchronizing CUDA operation (Triggered internally at /pytorch/c10/cuda/CUDAFunctions.cpp:162.)
2026-09-15T04:18:54.565Z   total_n_non_ignore = target_mask.sum().item()
2026-09-15T04:18:54.565Z 
2026-09-15T04:18:55.298Z [2;36m[2026-09-15 04:18:55][0m [33mWARNING [0m [2m[py.warnings:112, db3cfb97005b, rank=1][0m /opt/conda/lib/python3.12/site-packages/liger_kernel/ops/fused_linear_cross_entropy.py:233: UserWarning: called a synchronizing CUDA operation (Triggered internally at /pytorch/c10/cuda/CUDAFunctions.cpp:162.)
2026-09-15T04:18:55.298Z   if not torch.equal(grad_output, torch.tensor(1.0, device=grad_output.device)):
2026-09-15T04:18:55.298Z 
2026-09-15T04:18:57.491Z [2;36m[2026-09-15 04:18:57][0m [34mINFO    [0m [2m[olmo_core.train.callbacks.console_logger:68, db3cfb97005b, rank=0][0m [step=12/61,epoch=1,eta=46m]
2026-09-15T04:18:57.491Z     gpu_memory/GPU active mem (%)=75.91
2026-09-15T04:18:57.491Z     gpu_memory/GPU active mem (GiB)=60.16
2026-09-15T04:18:57.491Z     gpu_memory/GPU reserved mem (%)=81.25
2026-09-15T04:18:57.491Z     gpu_memory/GPU reserved mem (GiB)=64.39
2026-09-15T04:18:57.491Z     optim/LR (group 0)=4.15E-06
2026-09-15T04:18:57.491Z     optim/LR (group 1)=4.15E-06
2026-09-15T04:18:57.491Z     optim/step skipped=0.0
2026-09-15T04:18:57.491Z     optim/total grad norm=6.216
2026-09-15T04:18:57.491Z     throughput/chinchilla multiple=1.87E-05
2026-09-15T04:18:57.491Z     throughput/device/BPS=0.0277
2026-09-15T04:18:57.491Z     throughput/device/BPS (actual avg)=0.0174
2026-09-15T04:18:57.491Z     throughput/device/MFU=13.33
2026-09-15T04:18:57.491Z     throughput/device/MFU (actual avg)=8.368
2026-09-15T04:18:57.491Z     throughput/device/TPS=1,815
2026-09-15T04:18:57.491Z     throughput/device/TPS (actual avg)=1,140
2026-09-15T04:18:57.491Z     throughput/device/flopsPS=41.58T
2026-09-15T04:18:57.491Z     throughput/device/flopsPS (actual avg)=26.11T
2026-09-15T04:18:57.491Z     throughput/total petaflops=36.02
2026-09-15T04:18:57.491Z     throughput/total tokens=1,572,864
2026-09-15T04:18:57.491Z     train/CE loss=0.3512
2026-09-15T04:18:57.491Z     throughput/device/data loading (%)=0.0078
2026-09-15T04:18:57.491Z     throughput/device/data loading (s)=0.0028
2026-09-15T04:18:57.491Z     train/PPL=1.421
2026-09-15T04:19:10.381Z [2;36m[2026-09-15 04:19:10][0m [34mINFO    [0m [2m[olmo_core.train.callbacks.console_logger:68, db3cfb97005b, rank=0][0m [step=13/61,epoch=1,eta=43m]
2026-09-15T04:19:10.381Z     gpu_memory/GPU active mem (%)=75.91
2026-09-15T04:19:10.381Z     gpu_memory/GPU active mem (GiB)=60.16
2026-09-15T04:19:10.381Z     gpu_memory/GPU reserved mem (%)=81.25
2026-09-15T04:19:10.381Z     gpu_memory/GPU reserved mem (GiB)=64.39
2026-09-15T04:19:10.381Z     optim/LR (group 0)=4.07E-06
2026-09-15T04:19:10.381Z     optim/LR (group 1)=4.07E-06
2026-09-15T04:19:10.381Z     optim/step skipped=0.0
2026-09-15T04:19:10.381Z     optim/total grad norm=5.140
2026-09-15T04:19:10.381Z     throughput/chinchilla multiple=2.03E-05
2026-09-15T04:19:10.381Z     throughput/device/BPS=0.0776
2026-09-15T04:19:10.381Z     throughput/device/BPS (actual avg)=0.0186
2026-09-15T04:19:10.381Z     throughput/device/MFU=37.32
2026-09-15T04:19:10.381Z     throughput/device/MFU (actual avg)=8.947
2026-09-15T04:19:10.381Z     throughput/device/TPS=5,084
2026-09-15T04:19:10.381Z     throughput/device/TPS (actual avg)=1,218
2026-09-15T04:19:10.381Z     throughput/device/flopsPS=116.4T
2026-09-15T04:19:10.381Z     throughput/device/flopsPS (actual avg)=27.91T
2026-09-15T04:19:10.381Z     throughput/total petaflops=39.02
2026-09-15T04:19:10.381Z     throughput/total tokens=1,703,936
2026-09-15T04:19:10.381Z     train/CE loss=0.3284
2026-09-15T04:19:10.381Z     throughput/device/data loading (%)=0.0157
2026-09-15T04:19:10.381Z     throughput/device/data loading (s)=0.0020
2026-09-15T04:19:10.381Z     train/PPL=1.389
2026-09-15T04:19:23.204Z [2;36m[2026-09-15 04:19:23][0m [34mINFO    [0m [2m[olmo_core.train.callbacks.console_logger:68, db3cfb97005b, rank=0][0m [step=14/61,epoch=1,eta=39m]
2026-09-15T04:19:23.204Z     gpu_memory/GPU active mem (%)=75.91
2026-09-15T04:19:23.204Z     gpu_memory/GPU active mem (GiB)=60.16
2026-09-15T04:19:23.204Z     gpu_memory/GPU reserved mem (%)=81.25
2026-09-15T04:19:23.204Z     gpu_memory/GPU reserved mem (GiB)=64.39
2026-09-15T04:19:23.204Z     optim/LR (group 0)=3.98E-06
2026-09-15T04:19:23.204Z     optim/LR (group 1)=3.98E-06
2026-09-15T04:19:23.204Z     optim/step skipped=0.0
2026-09-15T04:19:23.204Z     optim/total grad norm=6.873
2026-09-15T04:19:23.204Z     throughput/chinchilla multiple=2.18E-05
2026-09-15T04:19:23.204Z     throughput/device/BPS=0.0780
2026-09-15T04:19:23.204Z     throughput/device/BPS (actual avg)=0.0198
2026-09-15T04:19:23.204Z     throughput/device/MFU=37.51
2026-09-15T04:19:23.204Z     throughput/device/MFU (actual avg)=9.504
2026-09-15T04:19:23.204Z     throughput/device/TPS=5,110
2026-09-15T04:19:23.204Z     throughput/device/TPS (actual avg)=1,294
2026-09-15T04:19:23.204Z     throughput/device/flopsPS=117.0T
2026-09-15T04:19:23.204Z     throughput/device/flopsPS (actual avg)=29.65T
2026-09-15T04:19:23.204Z     throughput/total petaflops=42.02
2026-09-15T04:19:23.204Z     throughput/total tokens=1,835,008
2026-09-15T04:19:23.204Z     train/CE loss=0.3210
2026-09-15T04:19:23.204Z     throughput/device/data loading (%)=0.0207
2026-09-15T04:19:23.204Z     throughput/device/data loading (s)=0.0027
2026-09-15T04:19:23.204Z     train/PPL=1.379
2026-09-15T04:19:35.875Z [2;36m[2026-09-15 04:19:35][0m [34mINFO    [0m [2m[olmo_core.train.callbacks.console_logger:68, db3cfb97005b, rank=0][0m [step=15/61,epoch=1,eta=36m]
2026-09-15T04:19:35.875Z     gpu_memory/GPU active mem (%)=75.91
2026-09-15T04:19:35.875Z     gpu_memory/GPU active mem (GiB)=60.16
2026-09-15T04:19:35.875Z     gpu_memory/GPU reserved mem (%)=81.25
2026-09-15T04:19:35.875Z     gpu_memory/GPU reserved mem (GiB)=64.39
2026-09-15T04:19:35.875Z     optim/LR (group 0)=3.90E-06
2026-09-15T04:19:35.875Z     optim/LR (group 1)=3.90E-06
2026-09-15T04:19:35.875Z     optim/step skipped=0.0
2026-09-15T04:19:35.875Z     optim/total grad norm=4.822
2026-09-15T04:19:35.875Z     throughput/chinchilla multiple=2.34E-05
2026-09-15T04:19:35.875Z     throughput/device/BPS=0.0789
2026-09-15T04:19:35.875Z     throughput/device/BPS (actual avg)=0.0209
2026-09-15T04:19:35.875Z     throughput/device/MFU=37.96
2026-09-15T04:19:35.875Z     throughput/device/MFU (actual avg)=10.04
2026-09-15T04:19:35.875Z     throughput/device/TPS=5,171
2026-09-15T04:19:35.875Z     throughput/device/TPS (actual avg)=1,368
2026-09-15T04:19:35.875Z     throughput/device/flopsPS=118.4T
2026-09-15T04:19:35.875Z     throughput/device/flopsPS (actual avg)=31.33T
2026-09-15T04:19:35.875Z     throughput/total petaflops=45.02
2026-09-15T04:19:35.875Z     throughput/total tokens=1,966,080
2026-09-15T04:19:35.875Z     train/CE loss=0.3142
2026-09-15T04:19:35.875Z     throughput/device/data loading (%)=0.0192
2026-09-15T04:19:35.875Z     throughput/device/data loading (s)=0.0024
2026-09-15T04:19:35.875Z     train/PPL=1.369
2026-09-15T04:19:43.532Z [2;36m[2026-09-15 04:19:43][0m [33mWARNING [0m [2m[py.warnings:112, db3cfb97005b, rank=0][0m /opt/conda/lib/python3.12/site-packages/torch/autograd/graph.py:841: UserWarning: called a synchronizing CUDA operation (Triggered internally at /pytorch/c10/cuda/CUDAFunctions.cpp:162.)
2026-09-15T04:19:43.532Z   return Variable._execution_engine.run_backward(  # Calls into the C++ engine to run the backward pass
2026-09-15T04:19:43.532Z 
2026-09-15T04:19:43.536Z [2;36m[2026-09-15 04:19:43][0m [33mWARNING [0m [2m[py.warnings:112, db3cfb97005b, rank=0][0m /opt/conda/lib/python3.12/site-packages/torch/distributed/utils.py:106: UserWarning: called a synchronizing CUDA operation (Triggered internally at /pytorch/c10/cuda/CUDAFunctions.cpp:162.)
2026-09-15T04:19:43.536Z   return (obj.to(target_device),)
2026-09-15T04:19:43.536Z 
2026-09-15T04:19:43.545Z [2;36m[2026-09-15 04:19:43][0m [33mWARNING [0m [2m[py.warnings:112, db3cfb97005b, rank=0][0m /opt/conda/lib/python3.12/site-packages/olmo_core/nn/transformer/model.py:777: UserWarning: called a synchronizing CUDA operation (Triggered internally at /pytorch/c10/cuda/CUDAFunctions.cpp:162.)
2026-09-15T04:19:43.545Z   n_docs = int(chunk_ids.max().item()) + 1
2026-09-15T04:19:43.545Z 
2026-09-15T04:19:43.554Z [2;36m[2026-09-15 04:19:43][0m [33mWARNING [0m [2m[py.warnings:112, db3cfb97005b, rank=0][0m /opt/conda/lib/python3.12/site-packages/olmo_core/nn/transformer/model.py:834: UserWarning: called a synchronizing CUDA operation (Triggered internally at /pytorch/c10/cuda/CUDAFunctions.cpp:162.)
2026-09-15T04:19:43.554Z   flat = (torch.arange(B, device=emb.device)[:, None] * n_docs + cid.clamp(min=0)).reshape(
2026-09-15T04:19:43.554Z 
2026-09-15T04:19:43.554Z [2;36m[2026-09-15 04:19:43][0m [33mWARNING [0m [2m[py.warnings:112, db3cfb97005b, rank=0][0m /opt/conda/lib/python3.12/site-packages/olmo_core/nn/transformer/model.py:838: UserWarning: called a synchronizing CUDA operation (Triggered internally at /pytorch/c10/cuda/CUDAFunctions.cpp:162.)
2026-09-15T04:19:43.554Z   0, flat, emb.reshape(B * T, D)[is_ctx.reshape(-1)]
2026-09-15T04:19:43.554Z 
2026-09-15T04:19:43.562Z [2;36m[2026-09-15 04:19:43][0m [33mWARNING [0m [2m[py.warnings:112, db3cfb97005b, rank=0][0m /opt/conda/lib/python3.12/site-packages/olmo_core/nn/pooled_soft_token.py:173: UserWarning: called a synchronizing CUDA operation (Triggered internally at /pytorch/c10/cuda/CUDAFunctions.cpp:162.)
2026-09-15T04:19:43.562Z   kept_idx = kept_tok.nonzero(as_tuple=True)[0]
2026-09-15T04:19:43.562Z 
2026-09-15T04:19:43.562Z [2;36m[2026-09-15 04:19:43][0m [33mWARNING [0m [2m[py.warnings:112, db3cfb97005b, rank=0][0m /opt/conda/lib/python3.12/site-packages/olmo_core/nn/pooled_soft_token.py:179: UserWarning: called a synchronizing CUDA operation (Triggered internally at /pytorch/c10/cuda/CUDAFunctions.cpp:162.)
2026-09-15T04:19:43.562Z   if is_ctx.any():
2026-09-15T04:19:43.563Z 
2026-09-15T04:19:43.563Z [2;36m[2026-09-15 04:19:43][0m [33mWARNING [0m [2m[py.warnings:112, db3cfb97005b, rank=0][0m /opt/conda/lib/python3.12/site-packages/olmo_core/nn/pooled_soft_token.py:180: UserWarning: called a synchronizing CUDA operation (Triggered internally at /pytorch/c10/cuda/CUDAFunctions.cpp:162.)
2026-09-15T04:19:43.563Z   d_ix = c[is_ctx]
2026-09-15T04:19:43.563Z 
2026-09-15T04:19:43.563Z [2;36m[2026-09-15 04:19:43][0m [33mWARNING [0m [2m[py.warnings:112, db3cfb97005b, rank=0][0m /opt/conda/lib/python3.12/site-packages/olmo_core/nn/pooled_soft_token.py:181: UserWarning: called a synchronizing CUDA operation (Triggered internally at /pytorch/c10/cuda/CUDAFunctions.cpp:162.)
2026-09-15T04:19:43.563Z   pos_ix = is_ctx.nonzero(as_tuple=True)[0]
2026-09-15T04:19:43.563Z 
2026-09-15T04:19:43.564Z [2;36m[2026-09-15 04:19:43][0m [33mWARNING [0m [2m[py.warnings:112, db3cfb97005b, rank=0][0m /opt/conda/lib/python3.12/site-packages/olmo_core/nn/pooled_soft_token.py:186: UserWarning: called a synchronizing CUDA operation (Triggered internally at /pytorch/c10/cuda/CUDAFunctions.cpp:162.)
2026-09-15T04:19:43.564Z   pooled_docs = pooled.nonzero(as_tuple=True)[0]
2026-09-15T04:19:43.564Z 
2026-09-15T04:19:43.565Z [2;36m[2026-09-15 04:19:43][0m [33mWARNING [0m [2m[py.warnings:112, db3cfb97005b, rank=0][0m /opt/conda/lib/python3.12/site-packages/olmo_core/nn/pooled_soft_token.py:217: UserWarning: called a synchronizing CUDA operation (Triggered internally at /pytorch/c10/cuda/CUDAFunctions.cpp:162.)
2026-09-15T04:19:43.565Z   doc_len = torch.bincount(c[is_ctx], minlength=n_docs) if is_ctx.any() else torch.zeros(n_docs, dtype=torch.long, device=device)
2026-09-15T04:19:43.565Z 
2026-09-15T04:19:43.566Z [2;36m[2026-09-15 04:19:43][0m [33mWARNING [0m [2m[py.warnings:112, db3cfb97005b, rank=0][0m /opt/conda/lib/python3.12/site-packages/olmo_core/nn/pooled_soft_token.py:222: UserWarning: called a synchronizing CUDA operation (Triggered internally at /pytorch/c10/cuda/CUDAFunctions.cpp:162.)
2026-09-15T04:19:43.566Z   soft_cols_b = soft_mask.nonzero(as_tuple=True)[0]
2026-09-15T04:19:43.566Z 
2026-09-15T04:19:43.566Z [2;36m[2026-09-15 04:19:43][0m [33mWARNING [0m [2m[py.warnings:112, db3cfb97005b, rank=0][0m /opt/conda/lib/python3.12/site-packages/olmo_core/nn/pooled_soft_token.py:226: UserWarning: called a synchronizing CUDA operation (Triggered internally at /pytorch/c10/cuda/CUDAFunctions.cpp:162.)
2026-09-15T04:19:43.566Z   cols_l = soft_cols_b.tolist()
2026-09-15T04:19:43.566Z 
2026-09-15T04:19:43.567Z [2;36m[2026-09-15 04:19:43][0m [33mWARNING [0m [2m[py.warnings:112, db3cfb97005b, rank=0][0m /opt/conda/lib/python3.12/site-packages/olmo_core/nn/pooled_soft_token.py:229: UserWarning: called a synchronizing CUDA operation (Triggered internally at /pytorch/c10/cuda/CUDAFunctions.cpp:162.)
2026-09-15T04:19:43.567Z   soft_docs += docs_b.tolist()
2026-09-15T04:19:43.567Z 
2026-09-15T04:19:43.567Z [2;36m[2026-09-15 04:19:43][0m [33mWARNING [0m [2m[py.warnings:112, db3cfb97005b, rank=0][0m /opt/conda/lib/python3.12/site-packages/olmo_core/nn/pooled_soft_token.py:230: UserWarning: called a synchronizing CUDA operation (Triggered internally at /pytorch/c10/cuda/CUDAFunctions.cpp:162.)
2026-09-15T04:19:43.567Z   soft_log_len += lens_b.tolist()
2026-09-15T04:19:43.567Z 
2026-09-15T04:19:43.569Z [2;36m[2026-09-15 04:19:43][0m [33mWARNING [0m [2m[py.warnings:112, db3cfb97005b, rank=0][0m /opt/conda/lib/python3.12/site-packages/olmo_core/nn/pooled_soft_token.py:280: UserWarning: called a synchronizing CUDA operation (Triggered internally at /pytorch/c10/cuda/CUDAFunctions.cpp:162.)
2026-09-15T04:19:43.569Z   row_lens[b] = L
2026-09-15T04:19:43.569Z 
2026-09-15T04:19:43.570Z [2;36m[2026-09-15 04:19:43][0m [33mWARNING [0m [2m[py.warnings:112, db3cfb97005b, rank=0][0m /opt/conda/lib/python3.12/site-packages/olmo_core/nn/pooled_soft_token.py:297: UserWarning: called a synchronizing CUDA operation (Triggered internally at /pytorch/c10/cuda/CUDAFunctions.cpp:162.)
2026-09-15T04:19:43.570Z   soft_rows=torch.tensor(soft_rows, dtype=torch.long, device=device),
2026-09-15T04:19:43.570Z 
2026-09-15T04:19:43.570Z [2;36m[2026-09-15 04:19:43][0m [33mWARNING [0m [2m[py.warnings:112, db3cfb97005b, rank=0][0m /opt/conda/lib/python3.12/site-packages/olmo_core/nn/pooled_soft_token.py:298: UserWarning: called a synchronizing CUDA operation (Triggered internally at /pytorch/c10/cuda/CUDAFunctions.cpp:162.)
2026-09-15T04:19:43.570Z   soft_cols=torch.tensor(soft_cols, dtype=torch.long, device=device),
2026-09-15T04:19:43.570Z 
2026-09-15T04:19:43.570Z [2;36m[2026-09-15 04:19:43][0m [33mWARNING [0m [2m[py.warnings:112, db3cfb97005b, rank=0][0m /opt/conda/lib/python3.12/site-packages/olmo_core/nn/pooled_soft_token.py:299: UserWarning: called a synchronizing CUDA operation (Triggered internally at /pytorch/c10/cuda/CUDAFunctions.cpp:162.)
2026-09-15T04:19:43.570Z   soft_docs=torch.tensor(soft_docs, dtype=torch.long, device=device),
2026-09-15T04:19:43.570Z 
2026-09-15T04:19:43.571Z [2;36m[2026-09-15 04:19:43][0m [33mWARNING [0m [2m[py.warnings:112, db3cfb97005b, rank=0][0m /opt/conda/lib/python3.12/site-packages/olmo_core/nn/pooled_soft_token.py:301: UserWarning: called a synchronizing CUDA operation (Triggered internally at /pytorch/c10/cuda/CUDAFunctions.cpp:162.)
2026-09-15T04:19:43.571Z   soft_log_len=torch.tensor(soft_log_len, dtype=torch.float32, device=device),
2026-09-15T04:19:43.571Z 
2026-09-15T04:19:43.572Z [2;36m[2026-09-15 04:19:43][0m [33mWARNING [0m [2m[py.warnings:112, db3cfb97005b, rank=0][0m /opt/conda/lib/python3.12/site-packages/olmo_core/nn/transformer/model.py:1502: UserWarning: called a synchronizing CUDA operation (Triggered internally at /pytorch/c10/cuda/CUDAFunctions.cpp:162.)
2026-09-15T04:19:43.572Z   kv_grad_mask[cb.soft_rows, cb.soft_cols] = False
2026-09-15T04:19:43.572Z 
2026-09-15T04:19:43.736Z [2;36m[2026-09-15 04:19:43][0m [33mWARNING [0m [2m[py.warnings:112, db3cfb97005b, rank=0][0m /opt/conda/lib/python3.12/site-packages/liger_kernel/ops/fused_linear_cross_entropy.py:75: UserWarning: called a synchronizing CUDA operation (Triggered internally at /pytorch/c10/cuda/CUDAFunctions.cpp:162.)
2026-09-15T04:19:43.736Z   total_n_non_ignore = target_mask.sum().item()
2026-09-15T04:19:43.736Z 
2026-09-15T04:19:44.530Z [2;36m[2026-09-15 04:19:44][0m [33mWARNING [0m [2m[py.warnings:112, db3cfb97005b, rank=0][0m /opt/conda/lib/python3.12/site-packages/liger_kernel/ops/fused_linear_cross_entropy.py:233: UserWarning: called a synchronizing CUDA operation (Triggered internally at /pytorch/c10/cuda/CUDAFunctions.cpp:162.)
2026-09-15T04:19:44.530Z   if not torch.equal(grad_output, torch.tensor(1.0, device=grad_output.device)):
2026-09-15T04:19:44.530Z 
2026-09-15T04:19:48.009Z [2;36m[2026-09-15 04:19:48][0m [34mINFO    [0m [2m[olmo_core.train.callbacks.console_logger:68, db3cfb97005b, rank=0][0m [step=16/61,epoch=1,eta=34m]
2026-09-15T04:19:48.009Z     gpu_memory/GPU active mem (%)=75.91
2026-09-15T04:19:48.009Z     gpu_memory/GPU active mem (GiB)=60.16
2026-09-15T04:19:48.009Z     gpu_memory/GPU reserved mem (%)=81.25
2026-09-15T04:19:48.009Z     gpu_memory/GPU reserved mem (GiB)=64.39
2026-09-15T04:19:48.009Z     optim/LR (group 0)=3.81E-06
2026-09-15T04:19:48.009Z     optim/LR (group 1)=3.81E-06
2026-09-15T04:19:48.009Z     optim/step skipped=0.0
2026-09-15T04:19:48.009Z     optim/total grad norm=6.310
2026-09-15T04:19:48.009Z     throughput/chinchilla multiple=2.49E-05
2026-09-15T04:19:48.009Z     throughput/device/BPS=0.0824
2026-09-15T04:19:48.009Z     throughput/device/BPS (actual avg)=0.0220
2026-09-15T04:19:48.009Z     throughput/device/MFU=39.64
2026-09-15T04:19:48.009Z     throughput/device/MFU (actual avg)=10.57
2026-09-15T04:19:48.009Z     throughput/device/TPS=5,401
2026-09-15T04:19:48.009Z     throughput/device/TPS (actual avg)=1,439
2026-09-15T04:19:48.009Z     throughput/device/flopsPS=123.7T
2026-09-15T04:19:48.009Z     throughput/device/flopsPS (actual avg)=32.97T
2026-09-15T04:19:48.009Z     throughput/total petaflops=48.02
2026-09-15T04:19:48.009Z     throughput/total tokens=2,097,152
2026-09-15T04:19:48.009Z     train/CE loss=0.3486
2026-09-15T04:19:48.009Z     throughput/device/data loading (%)=0.0156
2026-09-15T04:19:48.009Z     throughput/device/data loading (s)=0.0019
2026-09-15T04:19:48.009Z     train/PPL=1.417
2026-09-15T04:20:00.639Z [2;36m[2026-09-15 04:20:00][0m [34mINFO    [0m [2m[olmo_core.train.callbacks.console_logger:68, db3cfb97005b, rank=0][0m [step=17/61,epoch=1,eta=32m]
2026-09-15T04:20:00.639Z     gpu_memory/GPU active mem (%)=75.91
2026-09-15T04:20:00.639Z     gpu_memory/GPU active mem (GiB)=60.16
2026-09-15T04:20:00.639Z     gpu_memory/GPU reserved mem (%)=81.25
2026-09-15T04:20:00.639Z     gpu_memory/GPU reserved mem (GiB)=64.39
2026-09-15T04:20:00.639Z     optim/LR (group 0)=3.73E-06
2026-09-15T04:20:00.639Z     optim/LR (group 1)=3.73E-06
2026-09-15T04:20:00.639Z     optim/step skipped=0.0
2026-09-15T04:20:00.639Z     optim/total grad norm=4.356
2026-09-15T04:20:00.639Z     throughput/chinchilla multiple=2.65E-05
2026-09-15T04:20:00.639Z     throughput/device/BPS=0.0792
2026-09-15T04:20:00.639Z     throughput/device/BPS (actual avg)=0.0230
2026-09-15T04:20:00.639Z     throughput/device/MFU=38.08
2026-09-15T04:20:00.639Z     throughput/device/MFU (actual avg)=11.07
2026-09-15T04:20:00.639Z     throughput/device/TPS=5,188
2026-09-15T04:20:00.639Z     throughput/device/TPS (actual avg)=1,507
2026-09-15T04:20:00.639Z     throughput/device/flopsPS=118.8T
2026-09-15T04:20:00.639Z     throughput/device/flopsPS (actual avg)=34.53T
2026-09-15T04:20:00.639Z     throughput/total petaflops=51.02
2026-09-15T04:20:00.639Z     throughput/total tokens=2,228,224
2026-09-15T04:20:00.639Z     train/CE loss=0.3095
2026-09-15T04:20:00.639Z     throughput/device/data loading (%)=0.0161
2026-09-15T04:20:00.639Z     throughput/device/data loading (s)=0.0020
2026-09-15T04:20:00.639Z     train/PPL=1.363
2026-09-15T04:20:13.522Z [2;36m[2026-09-15 04:20:13][0m [34mINFO    [0m [2m[olmo_core.train.callbacks.console_logger:68, db3cfb97005b, rank=0][0m [step=18/61,epoch=1,eta=30m]
2026-09-15T04:20:13.522Z     gpu_memory/GPU active mem (%)=75.91
2026-09-15T04:20:13.522Z     gpu_memory/GPU active mem (GiB)=60.16
2026-09-15T04:20:13.522Z     gpu_memory/GPU reserved mem (%)=81.25
2026-09-15T04:20:13.522Z     gpu_memory/GPU reserved mem (GiB)=64.39
2026-09-15T04:20:13.522Z     optim/LR (group 0)=3.64E-06
2026-09-15T04:20:13.522Z     optim/LR (group 1)=3.64E-06
2026-09-15T04:20:13.522Z     optim/step skipped=0.0
2026-09-15T04:20:13.522Z     optim/total grad norm=4.700
2026-09-15T04:20:13.522Z     throughput/chinchilla multiple=2.80E-05
2026-09-15T04:20:13.522Z     throughput/device/BPS=0.0776
2026-09-15T04:20:13.522Z     throughput/device/BPS (actual avg)=0.0240
2026-09-15T04:20:13.522Z     throughput/device/MFU=37.34
2026-09-15T04:20:13.522Z     throughput/device/MFU (actual avg)=11.54
2026-09-15T04:20:13.522Z     throughput/device/TPS=5,087
2026-09-15T04:20:13.522Z     throughput/device/TPS (actual avg)=1,572
2026-09-15T04:20:13.522Z     throughput/device/flopsPS=116.5T
2026-09-15T04:20:13.522Z     throughput/device/flopsPS (actual avg)=36.02T
2026-09-15T04:20:13.522Z     throughput/total petaflops=54.03
2026-09-15T04:20:13.522Z     throughput/total tokens=2,359,296
2026-09-15T04:20:13.522Z     train/CE loss=0.3183
2026-09-15T04:20:13.522Z     throughput/device/data loading (%)=0.0144
2026-09-15T04:20:13.522Z     throughput/device/data loading (s)=0.0019
2026-09-15T04:20:13.522Z     train/PPL=1.375
2026-09-15T04:20:25.718Z [2;36m[2026-09-15 04:20:25][0m [34mINFO    [0m [2m[olmo_core.train.callbacks.console_logger:68, db3cfb97005b, rank=0][0m [step=19/61,epoch=1,eta=28m]
2026-09-15T04:20:25.718Z     gpu_memory/GPU active mem (%)=75.91
2026-09-15T04:20:25.718Z     gpu_memory/GPU active mem (GiB)=60.16
2026-09-15T04:20:25.718Z     gpu_memory/GPU reserved mem (%)=81.25
2026-09-15T04:20:25.718Z     gpu_memory/GPU reserved mem (GiB)=64.39
2026-09-15T04:20:25.718Z     optim/LR (group 0)=3.56E-06
2026-09-15T04:20:25.718Z     optim/LR (group 1)=3.56E-06
2026-09-15T04:20:25.718Z     optim/step skipped=0.0
2026-09-15T04:20:25.718Z     optim/total grad norm=3.825
2026-09-15T04:20:25.718Z     throughput/chinchilla multiple=2.96E-05
2026-09-15T04:20:25.718Z     throughput/device/BPS=0.0820
2026-09-15T04:20:25.718Z     throughput/device/BPS (actual avg)=0.0250
2026-09-15T04:20:25.718Z     throughput/device/MFU=39.44
2026-09-15T04:20:25.718Z     throughput/device/MFU (actual avg)=12.02
2026-09-15T04:20:25.718Z     throughput/device/TPS=5,373
2026-09-15T04:20:25.718Z     throughput/device/TPS (actual avg)=1,637
2026-09-15T04:20:25.718Z     throughput/device/flopsPS=123.0T
2026-09-15T04:20:25.718Z     throughput/device/flopsPS (actual avg)=37.49T
2026-09-15T04:20:25.718Z     throughput/total petaflops=57.03
2026-09-15T04:20:25.718Z     throughput/total tokens=2,490,368
2026-09-15T04:20:25.718Z     train/CE loss=0.2967
2026-09-15T04:20:25.718Z     throughput/device/data loading (%)=0.0284
2026-09-15T04:20:25.718Z     throughput/device/data loading (s)=0.0035
2026-09-15T04:20:25.718Z     train/PPL=1.345
2026-09-15T04:20:38.253Z [2;36m[2026-09-15 04:20:38][0m [33mWARNING [0m [2m[py.warnings:112, db3cfb97005b, rank=1][0m /opt/conda/lib/python3.12/site-packages/liger_kernel/ops/fused_linear_cross_entropy.py:75: UserWarning: called a synchronizing CUDA operation (Triggered internally at /pytorch/c10/cuda/CUDAFunctions.cpp:162.)
2026-09-15T04:20:38.253Z   total_n_non_ignore = target_mask.sum().item()
2026-09-15T04:20:38.253Z 
2026-09-15T04:20:38.893Z [2;36m[2026-09-15 04:20:38][0m [33mWARNING [0m [2m[py.warnings:112, db3cfb97005b, rank=1][0m /opt/conda/lib/python3.12/site-packages/liger_kernel/ops/fused_linear_cross_entropy.py:233: UserWarning: called a synchronizing CUDA operation (Triggered internally at /pytorch/c10/cuda/CUDAFunctions.cpp:162.)
2026-09-15T04:20:38.893Z   if not torch.equal(grad_output, torch.tensor(1.0, device=grad_output.device)):
2026-09-15T04:20:38.893Z 
2026-09-15T04:20:52.092Z [2;36m[2026-09-15 04:20:52][0m [33mWARNING [0m [2m[py.warnings:112, db3cfb97005b, rank=1][0m /opt/conda/lib/python3.12/site-packages/torch/autograd/graph.py:841: UserWarning: called a synchronizing CUDA operation (Triggered internally at /pytorch/c10/cuda/CUDAFunctions.cpp:162.)
2026-09-15T04:20:52.092Z   return Variable._execution_engine.run_backward(  # Calls into the C++ engine to run the backward pass
2026-09-15T04:20:52.092Z 
2026-09-15T04:20:52.094Z [2;36m[2026-09-15 04:20:52][0m [33mWARNING [0m [2m[py.warnings:112, db3cfb97005b, rank=1][0m /opt/conda/lib/python3.12/site-packages/torch/distributed/utils.py:106: UserWarning: called a synchronizing CUDA operation (Triggered internally at /pytorch/c10/cuda/CUDAFunctions.cpp:162.)
2026-09-15T04:20:52.094Z   return (obj.to(target_device),)
2026-09-15T04:20:52.094Z 
2026-09-15T04:20:52.104Z [2;36m[2026-09-15 04:20:52][0m [33mWARNING [0m [2m[py.warnings:112, db3cfb97005b, rank=1][0m /opt/conda/lib/python3.12/site-packages/olmo_core/nn/transformer/model.py:777: UserWarning: called a synchronizing CUDA operation (Triggered internally at /pytorch/c10/cuda/CUDAFunctions.cpp:162.)
2026-09-15T04:20:52.104Z   n_docs = int(chunk_ids.max().item()) + 1
2026-09-15T04:20:52.104Z 
2026-09-15T04:20:52.112Z [2;36m[2026-09-15 04:20:52][0m [33mWARNING [0m [2m[py.warnings:112, db3cfb97005b, rank=1][0m /opt/conda/lib/python3.12/site-packages/olmo_core/nn/transformer/model.py:834: UserWarning: called a synchronizing CUDA operation (Triggered internally at /pytorch/c10/cuda/CUDAFunctions.cpp:162.)
2026-09-15T04:20:52.112Z   flat = (torch.arange(B, device=emb.device)[:, None] * n_docs + cid.clamp(min=0)).reshape(
2026-09-15T04:20:52.112Z 
2026-09-15T04:20:52.113Z [2;36m[2026-09-15 04:20:52][0m [33mWARNING [0m [2m[py.warnings:112, db3cfb97005b, rank=1][0m /opt/conda/lib/python3.12/site-packages/olmo_core/nn/transformer/model.py:838: UserWarning: called a synchronizing CUDA operation (Triggered internally at /pytorch/c10/cuda/CUDAFunctions.cpp:162.)
2026-09-15T04:20:52.113Z   0, flat, emb.reshape(B * T, D)[is_ctx.reshape(-1)]
2026-09-15T04:20:52.113Z 
2026-09-15T04:20:52.122Z [2;36m[2026-09-15 04:20:52][0m [33mWARNING [0m [2m[py.warnings:112, db3cfb97005b, rank=1][0m /opt/conda/lib/python3.12/site-packages/olmo_core/nn/pooled_soft_token.py:173: UserWarning: called a synchronizing CUDA operation (Triggered internally at /pytorch/c10/cuda/CUDAFunctions.cpp:162.)
2026-09-15T04:20:52.122Z   kept_idx = kept_tok.nonzero(as_tuple=True)[0]
2026-09-15T04:20:52.122Z 
2026-09-15T04:20:52.122Z [2;36m[2026-09-15 04:20:52][0m [33mWARNING [0m [2m[py.warnings:112, db3cfb97005b, rank=1][0m /opt/conda/lib/python3.12/site-packages/olmo_core/nn/pooled_soft_token.py:179: UserWarning: called a synchronizing CUDA operation (Triggered internally at /pytorch/c10/cuda/CUDAFunctions.cpp:162.)
2026-09-15T04:20:52.122Z   if is_ctx.any():
2026-09-15T04:20:52.122Z 
2026-09-15T04:20:52.122Z [2;36m[2026-09-15 04:20:52][0m [33mWARNING [0m [2m[py.warnings:112, db3cfb97005b, rank=1][0m /opt/conda/lib/python3.12/site-packages/olmo_core/nn/pooled_soft_token.py:180: UserWarning: called a synchronizing CUDA operation (Triggered internally at /pytorch/c10/cuda/CUDAFunctions.cpp:162.)
2026-09-15T04:20:52.122Z   d_ix = c[is_ctx]
2026-09-15T04:20:52.122Z 
2026-09-15T04:20:52.123Z [2;36m[2026-09-15 04:20:52][0m [33mWARNING [0m [2m[py.warnings:112, db3cfb97005b, rank=1][0m /opt/conda/lib/python3.12/site-packages/olmo_core/nn/pooled_soft_token.py:181: UserWarning: called a synchronizing CUDA operation (Triggered internally at /pytorch/c10/cuda/CUDAFunctions.cpp:162.)
2026-09-15T04:20:52.123Z   pos_ix = is_ctx.nonzero(as_tuple=True)[0]
2026-09-15T04:20:52.123Z 
2026-09-15T04:20:52.123Z [2;36m[2026-09-15 04:20:52][0m [33mWARNING [0m [2m[py.warnings:112, db3cfb97005b, rank=1][0m /opt/conda/lib/python3.12/site-packages/olmo_core/nn/pooled_soft_token.py:186: UserWarning: called a synchronizing CUDA operation (Triggered internally at /pytorch/c10/cuda/CUDAFunctions.cpp:162.)
2026-09-15T04:20:52.123Z   pooled_docs = pooled.nonzero(as_tuple=True)[0]
2026-09-15T04:20:52.123Z 
2026-09-15T04:20:52.124Z [2;36m[2026-09-15 04:20:52][0m [33mWARNING [0m [2m[py.warnings:112, db3cfb97005b, rank=1][0m /opt/conda/lib/python3.12/site-packages/olmo_core/nn/pooled_soft_token.py:217: UserWarning: called a synchronizing CUDA operation (Triggered internally at /pytorch/c10/cuda/CUDAFunctions.cpp:162.)
2026-09-15T04:20:52.124Z   doc_len = torch.bincount(c[is_ctx], minlength=n_docs) if is_ctx.any() else torch.zeros(n_docs, dtype=torch.long, device=device)
2026-09-15T04:20:52.124Z 
2026-09-15T04:20:52.125Z [2;36m[2026-09-15 04:20:52][0m [33mWARNING [0m [2m[py.warnings:112, db3cfb97005b, rank=1][0m /opt/conda/lib/python3.12/site-packages/olmo_core/nn/pooled_soft_token.py:222: UserWarning: called a synchronizing CUDA operation (Triggered internally at /pytorch/c10/cuda/CUDAFunctions.cpp:162.)
2026-09-15T04:20:52.125Z   soft_cols_b = soft_mask.nonzero(as_tuple=True)[0]
2026-09-15T04:20:52.125Z 
2026-09-15T04:20:52.125Z [2;36m[2026-09-15 04:20:52][0m [33mWARNING [0m [2m[py.warnings:112, db3cfb97005b, rank=1][0m /opt/conda/lib/python3.12/site-packages/olmo_core/nn/pooled_soft_token.py:226: UserWarning: called a synchronizing CUDA operation (Triggered internally at /pytorch/c10/cuda/CUDAFunctions.cpp:162.)
2026-09-15T04:20:52.125Z   cols_l = soft_cols_b.tolist()
2026-09-15T04:20:52.125Z 
2026-09-15T04:20:52.126Z [2;36m[2026-09-15 04:20:52][0m [33mWARNING [0m [2m[py.warnings:112, db3cfb97005b, rank=1][0m /opt/conda/lib/python3.12/site-packages/olmo_core/nn/pooled_soft_token.py:229: UserWarning: called a synchronizing CUDA operation (Triggered internally at /pytorch/c10/cuda/CUDAFunctions.cpp:162.)
2026-09-15T04:20:52.126Z   soft_docs += docs_b.tolist()
2026-09-15T04:20:52.126Z 
2026-09-15T04:20:52.126Z [2;36m[2026-09-15 04:20:52][0m [33mWARNING [0m [2m[py.warnings:112, db3cfb97005b, rank=1][0m /opt/conda/lib/python3.12/site-packages/olmo_core/nn/pooled_soft_token.py:230: UserWarning: called a synchronizing CUDA operation (Triggered internally at /pytorch/c10/cuda/CUDAFunctions.cpp:162.)
2026-09-15T04:20:52.126Z   soft_log_len += lens_b.tolist()
2026-09-15T04:20:52.126Z 
2026-09-15T04:20:52.128Z [2;36m[2026-09-15 04:20:52][0m [33mWARNING [0m [2m[py.warnings:112, db3cfb97005b, rank=1][0m /opt/conda/lib/python3.12/site-packages/olmo_core/nn/pooled_soft_token.py:280: UserWarning: called a synchronizing CUDA operation (Triggered internally at /pytorch/c10/cuda/CUDAFunctions.cpp:162.)
2026-09-15T04:20:52.128Z   row_lens[b] = L
2026-09-15T04:20:52.128Z 
2026-09-15T04:20:52.128Z [2;36m[2026-09-15 04:20:52][0m [33mWARNING [0m [2m[py.warnings:112, db3cfb97005b, rank=1][0m /opt/conda/lib/python3.12/site-packages/olmo_core/nn/pooled_soft_token.py:297: UserWarning: called a synchronizing CUDA operation (Triggered internally at /pytorch/c10/cuda/CUDAFunctions.cpp:162.)
2026-09-15T04:20:52.128Z   soft_rows=torch.tensor(soft_rows, dtype=torch.long, device=device),
2026-09-15T04:20:52.128Z 
2026-09-15T04:20:52.128Z [2;36m[2026-09-15 04:20:52][0m [33mWARNING [0m [2m[py.warnings:112, db3cfb97005b, rank=1][0m /opt/conda/lib/python3.12/site-packages/olmo_core/nn/pooled_soft_token.py:298: UserWarning: called a synchronizing CUDA operation (Triggered internally at /pytorch/c10/cuda/CUDAFunctions.cpp:162.)
2026-09-15T04:20:52.128Z   soft_cols=torch.tensor(soft_cols, dtype=torch.long, device=device),
2026-09-15T04:20:52.128Z 
2026-09-15T04:20:52.129Z [2;36m[2026-09-15 04:20:52][0m [33mWARNING [0m [2m[py.warnings:112, db3cfb97005b, rank=1][0m /opt/conda/lib/python3.12/site-packages/olmo_core/nn/pooled_soft_token.py:299: UserWarning: called a synchronizing CUDA operation (Triggered internally at /pytorch/c10/cuda/CUDAFunctions.cpp:162.)
2026-09-15T04:20:52.129Z   soft_docs=torch.tensor(soft_docs, dtype=torch.long, device=device),
2026-09-15T04:20:52.129Z 
2026-09-15T04:20:52.129Z [2;36m[2026-09-15 04:20:52][0m [33mWARNING [0m [2m[py.warnings:112, db3cfb97005b, rank=1][0m /opt/conda/lib/python3.12/site-packages/olmo_core/nn/pooled_soft_token.py:301: UserWarning: called a synchronizing CUDA operation (Triggered internally at /pytorch/c10/cuda/CUDAFunctions.cpp:162.)
2026-09-15T04:20:52.129Z   soft_log_len=torch.tensor(soft_log_len, dtype=torch.float32, device=device),
2026-09-15T04:20:52.129Z 
2026-09-15T04:20:52.130Z [2;36m[2026-09-15 04:20:52][0m [33mWARNING [0m [2m[py.warnings:112, db3cfb97005b, rank=1][0m /opt/conda/lib/python3.12/site-packages/olmo_core/nn/transformer/model.py:1502: UserWarning: called a synchronizing CUDA operation (Triggered internally at /pytorch/c10/cuda/CUDAFunctions.cpp:162.)
2026-09-15T04:20:52.130Z   kv_grad_mask[cb.soft_rows, cb.soft_cols] = False
2026-09-15T04:20:52.130Z 
2026-09-15T04:20:52.346Z [2;36m[2026-09-15 04:20:52][0m [33mWARNING [0m [2m[py.warnings:112, db3cfb97005b, rank=1][0m /opt/conda/lib/python3.12/site-packages/liger_kernel/ops/fused_linear_cross_entropy.py:75: UserWarning: called a synchronizing CUDA operation (Triggered internally at /pytorch/c10/cuda/CUDAFunctions.cpp:162.)
2026-09-15T04:20:52.346Z   total_n_non_ignore = target_mask.sum().item()
2026-09-15T04:20:52.346Z 
2026-09-15T04:20:52.935Z [2;36m[2026-09-15 04:20:52][0m [33mWARNING [0m [2m[py.warnings:112, db3cfb97005b, rank=1][0m /opt/conda/lib/python3.12/site-packages/liger_kernel/ops/fused_linear_cross_entropy.py:233: UserWarning: called a synchronizing CUDA operation (Triggered internally at /pytorch/c10/cuda/CUDAFunctions.cpp:162.)
2026-09-15T04:20:52.935Z   if not torch.equal(grad_output, torch.tensor(1.0, device=grad_output.device)):
2026-09-15T04:20:52.935Z 
2026-09-15T04:21:01.416Z [2;36m[2026-09-15 04:21:01][0m [34mINFO    [0m [2m[olmo_core.train.callbacks.console_logger:68, db3cfb97005b, rank=0][0m [step=20/61,epoch=1,eta=27m]
2026-09-15T04:21:01.416Z     gpu_memory/GPU active mem (%)=75.91
2026-09-15T04:21:01.416Z     gpu_memory/GPU active mem (GiB)=60.16
2026-09-15T04:21:01.416Z     gpu_memory/GPU reserved mem (%)=81.25
2026-09-15T04:21:01.416Z     gpu_memory/GPU reserved mem (GiB)=64.39
2026-09-15T04:21:01.416Z     optim/LR (group 0)=3.47E-06
2026-09-15T04:21:01.416Z     optim/LR (group 1)=3.47E-06
2026-09-15T04:21:01.416Z     optim/step skipped=0.0
2026-09-15T04:21:01.416Z     optim/total grad norm=4.560
2026-09-15T04:21:01.416Z     throughput/chinchilla multiple=3.12E-05
2026-09-15T04:21:01.416Z     throughput/device/BPS=0.0280
2026-09-15T04:21:01.416Z     throughput/device/BPS (actual avg)=0.0251
2026-09-15T04:21:01.416Z     throughput/device/MFU=13.47
2026-09-15T04:21:01.416Z     throughput/device/MFU (actual avg)=12.09
2026-09-15T04:21:01.416Z     throughput/device/TPS=1,835
2026-09-15T04:21:01.416Z     throughput/device/TPS (actual avg)=1,646
2026-09-15T04:21:01.416Z     throughput/device/flopsPS=42.04T
2026-09-15T04:21:01.416Z     throughput/device/flopsPS (actual avg)=37.71T
2026-09-15T04:21:01.416Z     throughput/total petaflops=60.03
2026-09-15T04:21:01.416Z     throughput/total tokens=2,621,440
2026-09-15T04:21:01.416Z     train/CE loss=0.3123
2026-09-15T04:21:01.416Z     throughput/device/data loading (%)=0.0080
2026-09-15T04:21:01.416Z     throughput/device/data loading (s)=0.0028
2026-09-15T04:21:01.416Z     train/PPL=1.367
2026-09-15T04:21:04.516Z [2;36m[2026-09-15 04:21:04][0m [33mWARNING [0m [2m[py.warnings:112, db3cfb97005b, rank=0][0m /opt/conda/lib/python3.12/site-packages/torch/autograd/graph.py:841: UserWarning: called a synchronizing CUDA operation (Triggered internally at /pytorch/c10/cuda/CUDAFunctions.cpp:162.)
2026-09-15T04:21:04.516Z   return Variable._execution_engine.run_backward(  # Calls into the C++ engine to run the backward pass
2026-09-15T04:21:04.516Z 
2026-09-15T04:21:04.532Z [2;36m[2026-09-15 04:21:04][0m [33mWARNING [0m [2m[py.warnings:112, db3cfb97005b, rank=0][0m /opt/conda/lib/python3.12/site-packages/torch/distributed/utils.py:106: UserWarning: called a synchronizing CUDA operation (Triggered internally at /pytorch/c10/cuda/CUDAFunctions.cpp:162.)
2026-09-15T04:21:04.532Z   return (obj.to(target_device),)
2026-09-15T04:21:04.532Z 
2026-09-15T04:21:04.542Z [2;36m[2026-09-15 04:21:04][0m [33mWARNING [0m [2m[py.warnings:112, db3cfb97005b, rank=0][0m /opt/conda/lib/python3.12/site-packages/olmo_core/nn/transformer/model.py:777: UserWarning: called a synchronizing CUDA operation (Triggered internally at /pytorch/c10/cuda/CUDAFunctions.cpp:162.)
2026-09-15T04:21:04.542Z   n_docs = int(chunk_ids.max().item()) + 1
2026-09-15T04:21:04.542Z 
2026-09-15T04:21:04.550Z [2;36m[2026-09-15 04:21:04][0m [33mWARNING [0m [2m[py.warnings:112, db3cfb97005b, rank=0][0m /opt/conda/lib/python3.12/site-packages/olmo_core/nn/transformer/model.py:834: UserWarning: called a synchronizing CUDA operation (Triggered internally at /pytorch/c10/cuda/CUDAFunctions.cpp:162.)
2026-09-15T04:21:04.550Z   flat = (torch.arange(B, device=emb.device)[:, None] * n_docs + cid.clamp(min=0)).reshape(
2026-09-15T04:21:04.550Z 
2026-09-15T04:21:04.551Z [2;36m[2026-09-15 04:21:04][0m [33mWARNING [0m [2m[py.warnings:112, db3cfb97005b, rank=0][0m /opt/conda/lib/python3.12/site-packages/olmo_core/nn/transformer/model.py:838: UserWarning: called a synchronizing CUDA operation (Triggered internally at /pytorch/c10/cuda/CUDAFunctions.cpp:162.)
2026-09-15T04:21:04.551Z   0, flat, emb.reshape(B * T, D)[is_ctx.reshape(-1)]
2026-09-15T04:21:04.551Z 
2026-09-15T04:21:04.560Z [2;36m[2026-09-15 04:21:04][0m [33mWARNING [0m [2m[py.warnings:112, db3cfb97005b, rank=0][0m /opt/conda/lib/python3.12/site-packages/olmo_core/nn/pooled_soft_token.py:173: UserWarning: called a synchronizing CUDA operation (Triggered internally at /pytorch/c10/cuda/CUDAFunctions.cpp:162.)
2026-09-15T04:21:04.560Z   kept_idx = kept_tok.nonzero(as_tuple=True)[0]
2026-09-15T04:21:04.560Z 
2026-09-15T04:21:04.561Z [2;36m[2026-09-15 04:21:04][0m [33mWARNING [0m [2m[py.warnings:112, db3cfb97005b, rank=0][0m /opt/conda/lib/python3.12/site-packages/olmo_core/nn/pooled_soft_token.py:179: UserWarning: called a synchronizing CUDA operation (Triggered internally at /pytorch/c10/cuda/CUDAFunctions.cpp:162.)
2026-09-15T04:21:04.561Z   if is_ctx.any():
2026-09-15T04:21:04.561Z 
2026-09-15T04:21:04.561Z [2;36m[2026-09-15 04:21:04][0m [33mWARNING [0m [2m[py.warnings:112, db3cfb97005b, rank=0][0m /opt/conda/lib/python3.12/site-packages/olmo_core/nn/pooled_soft_token.py:180: UserWarning: called a synchronizing CUDA operation (Triggered internally at /pytorch/c10/cuda/CUDAFunctions.cpp:162.)
2026-09-15T04:21:04.561Z   d_ix = c[is_ctx]
2026-09-15T04:21:04.561Z 
2026-09-15T04:21:04.561Z [2;36m[2026-09-15 04:21:04][0m [33mWARNING [0m [2m[py.warnings:112, db3cfb97005b, rank=0][0m /opt/conda/lib/python3.12/site-packages/olmo_core/nn/pooled_soft_token.py:181: UserWarning: called a synchronizing CUDA operation (Triggered internally at /pytorch/c10/cuda/CUDAFunctions.cpp:162.)
2026-09-15T04:21:04.561Z   pos_ix = is_ctx.nonzero(as_tuple=True)[0]
2026-09-15T04:21:04.561Z 
2026-09-15T04:21:04.562Z [2;36m[2026-09-15 04:21:04][0m [33mWARNING [0m [2m[py.warnings:112, db3cfb97005b, rank=0][0m /opt/conda/lib/python3.12/site-packages/olmo_core/nn/pooled_soft_token.py:186: UserWarning: called a synchronizing CUDA operation (Triggered internally at /pytorch/c10/cuda/CUDAFunctions.cpp:162.)
2026-09-15T04:21:04.562Z   pooled_docs = pooled.nonzero(as_tuple=True)[0]
2026-09-15T04:21:04.562Z 
2026-09-15T04:21:04.563Z [2;36m[2026-09-15 04:21:04][0m [33mWARNING [0m [2m[py.warnings:112, db3cfb97005b, rank=0][0m /opt/conda/lib/python3.12/site-packages/olmo_core/nn/pooled_soft_token.py:217: UserWarning: called a synchronizing CUDA operation (Triggered internally at /pytorch/c10/cuda/CUDAFunctions.cpp:162.)
2026-09-15T04:21:04.563Z   doc_len = torch.bincount(c[is_ctx], minlength=n_docs) if is_ctx.any() else torch.zeros(n_docs, dtype=torch.long, device=device)
2026-09-15T04:21:04.563Z 
2026-09-15T04:21:04.564Z [2;36m[2026-09-15 04:21:04][0m [33mWARNING [0m [2m[py.warnings:112, db3cfb97005b, rank=0][0m /opt/conda/lib/python3.12/site-packages/olmo_core/nn/pooled_soft_token.py:222: UserWarning: called a synchronizing CUDA operation (Triggered internally at /pytorch/c10/cuda/CUDAFunctions.cpp:162.)
2026-09-15T04:21:04.564Z   soft_cols_b = soft_mask.nonzero(as_tuple=True)[0]
2026-09-15T04:21:04.564Z 
2026-09-15T04:21:04.564Z [2;36m[2026-09-15 04:21:04][0m [33mWARNING [0m [2m[py.warnings:112, db3cfb97005b, rank=0][0m /opt/conda/lib/python3.12/site-packages/olmo_core/nn/pooled_soft_token.py:226: UserWarning: called a synchronizing CUDA operation (Triggered internally at /pytorch/c10/cuda/CUDAFunctions.cpp:162.)
2026-09-15T04:21:04.564Z   cols_l = soft_cols_b.tolist()
2026-09-15T04:21:04.564Z 
2026-09-15T04:21:04.565Z [2;36m[2026-09-15 04:21:04][0m [33mWARNING [0m [2m[py.warnings:112, db3cfb97005b, rank=0][0m /opt/conda/lib/python3.12/site-packages/olmo_core/nn/pooled_soft_token.py:229: UserWarning: called a synchronizing CUDA operation (Triggered internally at /pytorch/c10/cuda/CUDAFunctions.cpp:162.)
2026-09-15T04:21:04.565Z   soft_docs += docs_b.tolist()
2026-09-15T04:21:04.565Z 
2026-09-15T04:21:04.565Z [2;36m[2026-09-15 04:21:04][0m [33mWARNING [0m [2m[py.warnings:112, db3cfb97005b, rank=0][0m /opt/conda/lib/python3.12/site-packages/olmo_core/nn/pooled_soft_token.py:230: UserWarning: called a synchronizing CUDA operation (Triggered internally at /pytorch/c10/cuda/CUDAFunctions.cpp:162.)
2026-09-15T04:21:04.565Z   soft_log_len += lens_b.tolist()
2026-09-15T04:21:04.565Z 
2026-09-15T04:21:04.567Z [2;36m[2026-09-15 04:21:04][0m [33mWARNING [0m [2m[py.warnings:112, db3cfb97005b, rank=0][0m /opt/conda/lib/python3.12/site-packages/olmo_core/nn/pooled_soft_token.py:280: UserWarning: called a synchronizing CUDA operation (Triggered internally at /pytorch/c10/cuda/CUDAFunctions.cpp:162.)
2026-09-15T04:21:04.567Z   row_lens[b] = L
2026-09-15T04:21:04.567Z 
2026-09-15T04:21:04.568Z [2;36m[2026-09-15 04:21:04][0m [33mWARNING [0m [2m[py.warnings:112, db3cfb97005b, rank=0][0m /opt/conda/lib/python3.12/site-packages/olmo_core/nn/pooled_soft_token.py:297: UserWarning: called a synchronizing CUDA operation (Triggered internally at /pytorch/c10/cuda/CUDAFunctions.cpp:162.)
2026-09-15T04:21:04.568Z   soft_rows=torch.tensor(soft_rows, dtype=torch.long, device=device),
2026-09-15T04:21:04.568Z 
2026-09-15T04:21:04.568Z [2;36m[2026-09-15 04:21:04][0m [33mWARNING [0m [2m[py.warnings:112, db3cfb97005b, rank=0][0m /opt/conda/lib/python3.12/site-packages/olmo_core/nn/pooled_soft_token.py:298: UserWarning: called a synchronizing CUDA operation (Triggered internally at /pytorch/c10/cuda/CUDAFunctions.cpp:162.)
2026-09-15T04:21:04.568Z   soft_cols=torch.tensor(soft_cols, dtype=torch.long, device=device),
2026-09-15T04:21:04.568Z 
2026-09-15T04:21:04.569Z [2;36m[2026-09-15 04:21:04][0m [33mWARNING [0m [2m[py.warnings:112, db3cfb97005b, rank=0][0m /opt/conda/lib/python3.12/site-packages/olmo_core/nn/pooled_soft_token.py:299: UserWarning: called a synchronizing CUDA operation (Triggered internally at /pytorch/c10/cuda/CUDAFunctions.cpp:162.)
2026-09-15T04:21:04.569Z   soft_docs=torch.tensor(soft_docs, dtype=torch.long, device=device),
2026-09-15T04:21:04.569Z 
2026-09-15T04:21:04.569Z [2;36m[2026-09-15 04:21:04][0m [33mWARNING [0m [2m[py.warnings:112, db3cfb97005b, rank=0][0m /opt/conda/lib/python3.12/site-packages/olmo_core/nn/pooled_soft_token.py:301: UserWarning: called a synchronizing CUDA operation (Triggered internally at /pytorch/c10/cuda/CUDAFunctions.cpp:162.)
2026-09-15T04:21:04.569Z   soft_log_len=torch.tensor(soft_log_len, dtype=torch.float32, device=device),
2026-09-15T04:21:04.569Z 
2026-09-15T04:21:04.570Z [2;36m[2026-09-15 04:21:04][0m [33mWARNING [0m [2m[py.warnings:112, db3cfb97005b, rank=0][0m /opt/conda/lib/python3.12/site-packages/olmo_core/nn/transformer/model.py:1502: UserWarning: called a synchronizing CUDA operation (Triggered internally at /pytorch/c10/cuda/CUDAFunctions.cpp:162.)
2026-09-15T04:21:04.570Z   kv_grad_mask[cb.soft_rows, cb.soft_cols] = False
2026-09-15T04:21:04.570Z 
2026-09-15T04:21:04.753Z [2;36m[2026-09-15 04:21:04][0m [33mWARNING [0m [2m[py.warnings:112, db3cfb97005b, rank=0][0m /opt/conda/lib/python3.12/site-packages/liger_kernel/ops/fused_linear_cross_entropy.py:75: UserWarning: called a synchronizing CUDA operation (Triggered internally at /pytorch/c10/cuda/CUDAFunctions.cpp:162.)
2026-09-15T04:21:04.753Z   total_n_non_ignore = target_mask.sum().item()
2026-09-15T04:21:04.753Z 
2026-09-15T04:21:05.677Z [2;36m[2026-09-15 04:21:05][0m [33mWARNING [0m [2m[py.warnings:112, db3cfb97005b, rank=0][0m /opt/conda/lib/python3.12/site-packages/liger_kernel/ops/fused_linear_cross_entropy.py:233: UserWarning: called a synchronizing CUDA operation (Triggered internally at /pytorch/c10/cuda/CUDAFunctions.cpp:162.)
2026-09-15T04:21:05.677Z   if not torch.equal(grad_output, torch.tensor(1.0, device=grad_output.device)):
2026-09-15T04:21:05.677Z 
2026-09-15T04:21:13.832Z [2;36m[2026-09-15 04:21:13][0m [33mWARNING [0m [2m[py.warnings:112, db3cfb97005b, rank=0][0m /opt/conda/lib/python3.12/site-packages/torch/autograd/graph.py:841: UserWarning: called a synchronizing CUDA operation (Triggered internally at /pytorch/c10/cuda/CUDAFunctions.cpp:162.)
2026-09-15T04:21:13.833Z   return Variable._execution_engine.run_backward(  # Calls into the C++ engine to run the backward pass
2026-09-15T04:21:13.833Z 
2026-09-15T04:21:14.079Z [2;36m[2026-09-15 04:21:14][0m [33mWARNING [0m [2m[py.warnings:112, db3cfb97005b, rank=0][0m /opt/conda/lib/python3.12/site-packages/torch/distributed/utils.py:106: UserWarning: called a synchronizing CUDA operation (Triggered internally at /pytorch/c10/cuda/CUDAFunctions.cpp:162.)
2026-09-15T04:21:14.079Z   return (obj.to(target_device),)
2026-09-15T04:21:14.079Z 
2026-09-15T04:21:14.080Z [2;36m[2026-09-15 04:21:14][0m [34mINFO    [0m [2m[olmo_core.train.callbacks.console_logger:68, db3cfb97005b, rank=0][0m [step=21/61,epoch=1,eta=25m]
2026-09-15T04:21:14.080Z     gpu_memory/GPU active mem (%)=75.91
2026-09-15T04:21:14.080Z     gpu_memory/GPU active mem (GiB)=60.16
2026-09-15T04:21:14.080Z     gpu_memory/GPU reserved mem (%)=81.25
2026-09-15T04:21:14.080Z     gpu_memory/GPU reserved mem (GiB)=64.39
2026-09-15T04:21:14.080Z     optim/LR (group 0)=3.39E-06
2026-09-15T04:21:14.080Z     optim/LR (group 1)=3.39E-06
2026-09-15T04:21:14.081Z     optim/step skipped=0.0
2026-09-15T04:21:14.081Z     optim/total grad norm=4.057
2026-09-15T04:21:14.081Z     throughput/chinchilla multiple=3.27E-05
2026-09-15T04:21:14.081Z     throughput/device/BPS=0.0790
2026-09-15T04:21:14.081Z     throughput/device/BPS (actual avg)=0.0260
2026-09-15T04:21:14.081Z     throughput/device/MFU=37.99
2026-09-15T04:21:14.081Z     throughput/device/MFU (actual avg)=12.51
2026-09-15T04:21:14.081Z     throughput/device/TPS=5,176
2026-09-15T04:21:14.081Z     throughput/device/TPS (actual avg)=1,704
2026-09-15T04:21:14.081Z     throughput/device/flopsPS=118.5T
2026-09-15T04:21:14.081Z     throughput/device/flopsPS (actual avg)=39.04T
2026-09-15T04:21:14.081Z     throughput/total petaflops=63.03
2026-09-15T04:21:14.081Z     throughput/total tokens=2,752,512
2026-09-15T04:21:14.081Z     train/CE loss=0.3172
2026-09-15T04:21:14.081Z     throughput/device/data loading (%)=0.0185
2026-09-15T04:21:14.081Z     throughput/device/data loading (s)=0.0023
2026-09-15T04:21:14.081Z     train/PPL=1.373
2026-09-15T04:21:14.083Z [2;36m[2026-09-15 04:21:14][0m [33mWARNING [0m [2m[py.warnings:112, db3cfb97005b, rank=0][0m /opt/conda/lib/python3.12/site-packages/olmo_core/nn/transformer/model.py:777: UserWarning: called a synchronizing CUDA operation (Triggered internally at /pytorch/c10/cuda/CUDAFunctions.cpp:162.)
2026-09-15T04:21:14.083Z   n_docs = int(chunk_ids.max().item()) + 1
2026-09-15T04:21:14.083Z 
2026-09-15T04:21:14.091Z [2;36m[2026-09-15 04:21:14][0m [33mWARNING [0m [2m[py.warnings:112, db3cfb97005b, rank=0][0m /opt/conda/lib/python3.12/site-packages/olmo_core/nn/transformer/model.py:834: UserWarning: called a synchronizing CUDA operation (Triggered internally at /pytorch/c10/cuda/CUDAFunctions.cpp:162.)
2026-09-15T04:21:14.091Z   flat = (torch.arange(B, device=emb.device)[:, None] * n_docs + cid.clamp(min=0)).reshape(
2026-09-15T04:21:14.091Z 
2026-09-15T04:21:14.092Z [2;36m[2026-09-15 04:21:14][0m [33mWARNING [0m [2m[py.warnings:112, db3cfb97005b, rank=0][0m /opt/conda/lib/python3.12/site-packages/olmo_core/nn/transformer/model.py:838: UserWarning: called a synchronizing CUDA operation (Triggered internally at /pytorch/c10/cuda/CUDAFunctions.cpp:162.)
2026-09-15T04:21:14.092Z   0, flat, emb.reshape(B * T, D)[is_ctx.reshape(-1)]
2026-09-15T04:21:14.092Z 
2026-09-15T04:21:14.101Z [2;36m[2026-09-15 04:21:14][0m [33mWARNING [0m [2m[py.warnings:112, db3cfb97005b, rank=0][0m /opt/conda/lib/python3.12/site-packages/olmo_core/nn/pooled_soft_token.py:173: UserWarning: called a synchronizing CUDA operation (Triggered internally at /pytorch/c10/cuda/CUDAFunctions.cpp:162.)
2026-09-15T04:21:14.101Z   kept_idx = kept_tok.nonzero(as_tuple=True)[0]
2026-09-15T04:21:14.101Z 
2026-09-15T04:21:14.102Z [2;36m[2026-09-15 04:21:14][0m [33mWARNING [0m [2m[py.warnings:112, db3cfb97005b, rank=0][0m /opt/conda/lib/python3.12/site-packages/olmo_core/nn/pooled_soft_token.py:179: UserWarning: called a synchronizing CUDA operation (Triggered internally at /pytorch/c10/cuda/CUDAFunctions.cpp:162.)
2026-09-15T04:21:14.102Z   if is_ctx.any():
2026-09-15T04:21:14.102Z 
2026-09-15T04:21:14.102Z [2;36m[2026-09-15 04:21:14][0m [33mWARNING [0m [2m[py.warnings:112, db3cfb97005b, rank=0][0m /opt/conda/lib/python3.12/site-packages/olmo_core/nn/pooled_soft_token.py:180: UserWarning: called a synchronizing CUDA operation (Triggered internally at /pytorch/c10/cuda/CUDAFunctions.cpp:162.)
2026-09-15T04:21:14.102Z   d_ix = c[is_ctx]
2026-09-15T04:21:14.102Z 
2026-09-15T04:21:14.103Z [2;36m[2026-09-15 04:21:14][0m [33mWARNING [0m [2m[py.warnings:112, db3cfb97005b, rank=0][0m /opt/conda/lib/python3.12/site-packages/olmo_core/nn/pooled_soft_token.py:181: UserWarning: called a synchronizing CUDA operation (Triggered internally at /pytorch/c10/cuda/CUDAFunctions.cpp:162.)
2026-09-15T04:21:14.103Z   pos_ix = is_ctx.nonzero(as_tuple=True)[0]
2026-09-15T04:21:14.103Z 
2026-09-15T04:21:14.103Z [2;36m[2026-09-15 04:21:14][0m [33mWARNING [0m [2m[py.warnings:112, db3cfb97005b, rank=0][0m /opt/conda/lib/python3.12/site-packages/olmo_core/nn/pooled_soft_token.py:186: UserWarning: called a synchronizing CUDA operation (Triggered internally at /pytorch/c10/cuda/CUDAFunctions.cpp:162.)
2026-09-15T04:21:14.103Z   pooled_docs = pooled.nonzero(as_tuple=True)[0]
2026-09-15T04:21:14.103Z 
2026-09-15T04:21:14.104Z [2;36m[2026-09-15 04:21:14][0m [33mWARNING [0m [2m[py.warnings:112, db3cfb97005b, rank=0][0m /opt/conda/lib/python3.12/site-packages/olmo_core/nn/pooled_soft_token.py:217: UserWarning: called a synchronizing CUDA operation (Triggered internally at /pytorch/c10/cuda/CUDAFunctions.cpp:162.)
2026-09-15T04:21:14.104Z   doc_len = torch.bincount(c[is_ctx], minlength=n_docs) if is_ctx.any() else torch.zeros(n_docs, dtype=torch.long, device=device)
2026-09-15T04:21:14.104Z 
2026-09-15T04:21:14.105Z [2;36m[2026-09-15 04:21:14][0m [33mWARNING [0m [2m[py.warnings:112, db3cfb97005b, rank=0][0m /opt/conda/lib/python3.12/site-packages/olmo_core/nn/pooled_soft_token.py:222: UserWarning: called a synchronizing CUDA operation (Triggered internally at /pytorch/c10/cuda/CUDAFunctions.cpp:162.)
2026-09-15T04:21:14.105Z   soft_cols_b = soft_mask.nonzero(as_tuple=True)[0]
2026-09-15T04:21:14.105Z 
2026-09-15T04:21:14.106Z [2;36m[2026-09-15 04:21:14][0m [33mWARNING [0m [2m[py.warnings:112, db3cfb97005b, rank=0][0m /opt/conda/lib/python3.12/site-packages/olmo_core/nn/pooled_soft_token.py:226: UserWarning: called a synchronizing CUDA operation (Triggered internally at /pytorch/c10/cuda/CUDAFunctions.cpp:162.)
2026-09-15T04:21:14.106Z   cols_l = soft_cols_b.tolist()
2026-09-15T04:21:14.106Z 
2026-09-15T04:21:14.106Z [2;36m[2026-09-15 04:21:14][0m [33mWARNING [0m [2m[py.warnings:112, db3cfb97005b, rank=0][0m /opt/conda/lib/python3.12/site-packages/olmo_core/nn/pooled_soft_token.py:229: UserWarning: called a synchronizing CUDA operation (Triggered internally at /pytorch/c10/cuda/CUDAFunctions.cpp:162.)
2026-09-15T04:21:14.106Z   soft_docs += docs_b.tolist()
2026-09-15T04:21:14.106Z 
2026-09-15T04:21:14.106Z [2;36m[2026-09-15 04:21:14][0m [33mWARNING [0m [2m[py.warnings:112, db3cfb97005b, rank=0][0m /opt/conda/lib/python3.12/site-packages/olmo_core/nn/pooled_soft_token.py:230: UserWarning: called a synchronizing CUDA operation (Triggered internally at /pytorch/c10/cuda/CUDAFunctions.cpp:162.)
2026-09-15T04:21:14.106Z   soft_log_len += lens_b.tolist()
2026-09-15T04:21:14.106Z 
2026-09-15T04:21:14.108Z [2;36m[2026-09-15 04:21:14][0m [33mWARNING [0m [2m[py.warnings:112, db3cfb97005b, rank=0][0m /opt/conda/lib/python3.12/site-packages/olmo_core/nn/pooled_soft_token.py:280: UserWarning: called a synchronizing CUDA operation (Triggered internally at /pytorch/c10/cuda/CUDAFunctions.cpp:162.)
2026-09-15T04:21:14.108Z   row_lens[b] = L
2026-09-15T04:21:14.108Z 
2026-09-15T04:21:14.109Z [2;36m[2026-09-15 04:21:14][0m [33mWARNING [0m [2m[py.warnings:112, db3cfb97005b, rank=0][0m /opt/conda/lib/python3.12/site-packages/olmo_core/nn/pooled_soft_token.py:297: UserWarning: called a synchronizing CUDA operation (Triggered internally at /pytorch/c10/cuda/CUDAFunctions.cpp:162.)
2026-09-15T04:21:14.109Z   soft_rows=torch.tensor(soft_rows, dtype=torch.long, device=device),
2026-09-15T04:21:14.109Z 
2026-09-15T04:21:14.109Z [2;36m[2026-09-15 04:21:14][0m [33mWARNING [0m [2m[py.warnings:112, db3cfb97005b, rank=0][0m /opt/conda/lib/python3.12/site-packages/olmo_core/nn/pooled_soft_token.py:298: UserWarning: called a synchronizing CUDA operation (Triggered internally at /pytorch/c10/cuda/CUDAFunctions.cpp:162.)
2026-09-15T04:21:14.109Z   soft_cols=torch.tensor(soft_cols, dtype=torch.long, device=device),
2026-09-15T04:21:14.109Z 
2026-09-15T04:21:14.110Z [2;36m[2026-09-15 04:21:14][0m [33mWARNING [0m [2m[py.warnings:112, db3cfb97005b, rank=0][0m /opt/conda/lib/python3.12/site-packages/olmo_core/nn/pooled_soft_token.py:299: UserWarning: called a synchronizing CUDA operation (Triggered internally at /pytorch/c10/cuda/CUDAFunctions.cpp:162.)
2026-09-15T04:21:14.110Z   soft_docs=torch.tensor(soft_docs, dtype=torch.long, device=device),
2026-09-15T04:21:14.110Z 
2026-09-15T04:21:14.110Z [2;36m[2026-09-15 04:21:14][0m [33mWARNING [0m [2m[py.warnings:112, db3cfb97005b, rank=0][0m /opt/conda/lib/python3.12/site-packages/olmo_core/nn/pooled_soft_token.py:301: UserWarning: called a synchronizing CUDA operation (Triggered internally at /pytorch/c10/cuda/CUDAFunctions.cpp:162.)
2026-09-15T04:21:14.110Z   soft_log_len=torch.tensor(soft_log_len, dtype=torch.float32, device=device),
2026-09-15T04:21:14.110Z 
2026-09-15T04:21:14.111Z [2;36m[2026-09-15 04:21:14][0m [33mWARNING [0m [2m[py.warnings:112, db3cfb97005b, rank=0][0m /opt/conda/lib/python3.12/site-packages/olmo_core/nn/transformer/model.py:1502: UserWarning: called a synchronizing CUDA operation (Triggered internally at /pytorch/c10/cuda/CUDAFunctions.cpp:162.)
2026-09-15T04:21:14.111Z   kv_grad_mask[cb.soft_rows, cb.soft_cols] = False
2026-09-15T04:21:14.111Z 
2026-09-15T04:21:14.304Z [2;36m[2026-09-15 04:21:14][0m [33mWARNING [0m [2m[py.warnings:112, db3cfb97005b, rank=0][0m /opt/conda/lib/python3.12/site-packages/liger_kernel/ops/fused_linear_cross_entropy.py:75: UserWarning: called a synchronizing CUDA operation (Triggered internally at /pytorch/c10/cuda/CUDAFunctions.cpp:162.)
2026-09-15T04:21:14.304Z   total_n_non_ignore = target_mask.sum().item()
2026-09-15T04:21:14.304Z 
2026-09-15T04:21:14.823Z [2;36m[2026-09-15 04:21:14][0m [33mWARNING [0m [2m[py.warnings:112, db3cfb97005b, rank=0][0m /opt/conda/lib/python3.12/site-packages/liger_kernel/ops/fused_linear_cross_entropy.py:233: UserWarning: called a synchronizing CUDA operation (Triggered internally at /pytorch/c10/cuda/CUDAFunctions.cpp:162.)
2026-09-15T04:21:14.823Z   if not torch.equal(grad_output, torch.tensor(1.0, device=grad_output.device)):
2026-09-15T04:21:14.823Z 
2026-09-15T04:21:26.651Z [2;36m[2026-09-15 04:21:26][0m [34mINFO    [0m [2m[olmo_core.train.callbacks.console_logger:68, db3cfb97005b, rank=0][0m [step=22/61,epoch=1,eta=24m]
2026-09-15T04:21:26.651Z     gpu_memory/GPU active mem (%)=75.91
2026-09-15T04:21:26.651Z     gpu_memory/GPU active mem (GiB)=60.16
2026-09-15T04:21:26.651Z     gpu_memory/GPU reserved mem (%)=81.25
2026-09-15T04:21:26.651Z     gpu_memory/GPU reserved mem (GiB)=64.39
2026-09-15T04:21:26.651Z     optim/LR (group 0)=3.31E-06
2026-09-15T04:21:26.651Z     optim/LR (group 1)=3.31E-06
2026-09-15T04:21:26.651Z     optim/step skipped=0.0
2026-09-15T04:21:26.651Z     optim/total grad norm=3.555
2026-09-15T04:21:26.651Z     throughput/chinchilla multiple=3.43E-05
2026-09-15T04:21:26.651Z     throughput/device/BPS=0.0795
2026-09-15T04:21:26.651Z     throughput/device/BPS (actual avg)=0.0269
2026-09-15T04:21:26.651Z     throughput/device/MFU=38.26
2026-09-15T04:21:26.651Z     throughput/device/MFU (actual avg)=12.93
2026-09-15T04:21:26.651Z     throughput/device/TPS=5,213
2026-09-15T04:21:26.651Z     throughput/device/TPS (actual avg)=1,761
2026-09-15T04:21:26.651Z     throughput/device/flopsPS=119.4T
2026-09-15T04:21:26.651Z     throughput/device/flopsPS (actual avg)=40.33T
2026-09-15T04:21:26.651Z     throughput/total petaflops=66.03
2026-09-15T04:21:26.651Z     throughput/total tokens=2,883,584
2026-09-15T04:21:26.651Z     train/CE loss=0.2816
2026-09-15T04:21:26.651Z     throughput/device/data loading (%)=0.0178
2026-09-15T04:21:26.651Z     throughput/device/data loading (s)=0.0022
2026-09-15T04:21:26.651Z     train/PPL=1.325
2026-09-15T04:21:45.466Z [2;36m[2026-09-15 04:21:45][0m [33mWARNING [0m [2m[py.warnings:112, db3cfb97005b, rank=1][0m /opt/conda/lib/python3.12/site-packages/liger_kernel/ops/fused_linear_cross_entropy.py:75: UserWarning: called a synchronizing CUDA operation (Triggered internally at /pytorch/c10/cuda/CUDAFunctions.cpp:162.)
2026-09-15T04:21:45.466Z   total_n_non_ignore = target_mask.sum().item()
2026-09-15T04:21:45.466Z 
2026-09-15T04:21:46.024Z [2;36m[2026-09-15 04:21:46][0m [33mWARNING [0m [2m[py.warnings:112, db3cfb97005b, rank=1][0m /opt/conda/lib/python3.12/site-packages/liger_kernel/ops/fused_linear_cross_entropy.py:233: UserWarning: called a synchronizing CUDA operation (Triggered internally at /pytorch/c10/cuda/CUDAFunctions.cpp:162.)
2026-09-15T04:21:46.024Z   if not torch.equal(grad_output, torch.tensor(1.0, device=grad_output.device)):
2026-09-15T04:21:46.024Z 
2026-09-15T04:21:58.999Z [2;36m[2026-09-15 04:21:58][0m [33mWARNING [0m [2m[py.warnings:112, db3cfb97005b, rank=1][0m /opt/conda/lib/python3.12/site-packages/torch/autograd/graph.py:841: UserWarning: called a synchronizing CUDA operation (Triggered internally at /pytorch/c10/cuda/CUDAFunctions.cpp:162.)
2026-09-15T04:21:58.999Z   return Variable._execution_engine.run_backward(  # Calls into the C++ engine to run the backward pass
2026-09-15T04:21:58.999Z 
2026-09-15T04:21:58.999Z [2;36m[2026-09-15 04:21:58][0m [33mWARNING [0m [2m[py.warnings:112, db3cfb97005b, rank=1][0m /opt/conda/lib/python3.12/site-packages/torch/distributed/utils.py:106: UserWarning: called a synchronizing CUDA operation (Triggered internally at /pytorch/c10/cuda/CUDAFunctions.cpp:162.)
2026-09-15T04:21:58.999Z   return (obj.to(target_device),)
2026-09-15T04:21:58.999Z 
2026-09-15T04:21:59.010Z [2;36m[2026-09-15 04:21:59][0m [33mWARNING [0m [2m[py.warnings:112, db3cfb97005b, rank=1][0m /opt/conda/lib/python3.12/site-packages/olmo_core/nn/transformer/model.py:777: UserWarning: called a synchronizing CUDA operation (Triggered internally at /pytorch/c10/cuda/CUDAFunctions.cpp:162.)
2026-09-15T04:21:59.010Z   n_docs = int(chunk_ids.max().item()) + 1
2026-09-15T04:21:59.010Z 
2026-09-15T04:21:59.018Z [2;36m[2026-09-15 04:21:59][0m [33mWARNING [0m [2m[py.warnings:112, db3cfb97005b, rank=1][0m /opt/conda/lib/python3.12/site-packages/olmo_core/nn/transformer/model.py:834: UserWarning: called a synchronizing CUDA operation (Triggered internally at /pytorch/c10/cuda/CUDAFunctions.cpp:162.)
2026-09-15T04:21:59.018Z   flat = (torch.arange(B, device=emb.device)[:, None] * n_docs + cid.clamp(min=0)).reshape(
2026-09-15T04:21:59.018Z 
2026-09-15T04:21:59.018Z [2;36m[2026-09-15 04:21:59][0m [33mWARNING [0m [2m[py.warnings:112, db3cfb97005b, rank=1][0m /opt/conda/lib/python3.12/site-packages/olmo_core/nn/transformer/model.py:838: UserWarning: called a synchronizing CUDA operation (Triggered internally at /pytorch/c10/cuda/CUDAFunctions.cpp:162.)
2026-09-15T04:21:59.018Z   0, flat, emb.reshape(B * T, D)[is_ctx.reshape(-1)]
2026-09-15T04:21:59.018Z 
2026-09-15T04:21:59.026Z [2;36m[2026-09-15 04:21:59][0m [33mWARNING [0m [2m[py.warnings:112, db3cfb97005b, rank=1][0m /opt/conda/lib/python3.12/site-packages/olmo_core/nn/pooled_soft_token.py:173: UserWarning: called a synchronizing CUDA operation (Triggered internally at /pytorch/c10/cuda/CUDAFunctions.cpp:162.)
2026-09-15T04:21:59.026Z   kept_idx = kept_tok.nonzero(as_tuple=True)[0]
2026-09-15T04:21:59.026Z 
2026-09-15T04:21:59.027Z [2;36m[2026-09-15 04:21:59][0m [33mWARNING [0m [2m[py.warnings:112, db3cfb97005b, rank=1][0m /opt/conda/lib/python3.12/site-packages/olmo_core/nn/pooled_soft_token.py:179: UserWarning: called a synchronizing CUDA operation (Triggered internally at /pytorch/c10/cuda/CUDAFunctions.cpp:162.)
2026-09-15T04:21:59.027Z   if is_ctx.any():
2026-09-15T04:21:59.027Z 
2026-09-15T04:21:59.027Z [2;36m[2026-09-15 04:21:59][0m [33mWARNING [0m [2m[py.warnings:112, db3cfb97005b, rank=1][0m /opt/conda/lib/python3.12/site-packages/olmo_core/nn/pooled_soft_token.py:180: UserWarning: called a synchronizing CUDA operation (Triggered internally at /pytorch/c10/cuda/CUDAFunctions.cpp:162.)
2026-09-15T04:21:59.027Z   d_ix = c[is_ctx]
2026-09-15T04:21:59.027Z 
2026-09-15T04:21:59.027Z [2;36m[2026-09-15 04:21:59][0m [33mWARNING [0m [2m[py.warnings:112, db3cfb97005b, rank=1][0m /opt/conda/lib/python3.12/site-packages/olmo_core/nn/pooled_soft_token.py:181: UserWarning: called a synchronizing CUDA operation (Triggered internally at /pytorch/c10/cuda/CUDAFunctions.cpp:162.)
2026-09-15T04:21:59.027Z   pos_ix = is_ctx.nonzero(as_tuple=True)[0]
2026-09-15T04:21:59.027Z 
2026-09-15T04:21:59.028Z [2;36m[2026-09-15 04:21:59][0m [33mWARNING [0m [2m[py.warnings:112, db3cfb97005b, rank=1][0m /opt/conda/lib/python3.12/site-packages/olmo_core/nn/pooled_soft_token.py:186: UserWarning: called a synchronizing CUDA operation (Triggered internally at /pytorch/c10/cuda/CUDAFunctions.cpp:162.)
2026-09-15T04:21:59.028Z   pooled_docs = pooled.nonzero(as_tuple=True)[0]
2026-09-15T04:21:59.028Z 
2026-09-15T04:21:59.029Z [2;36m[2026-09-15 04:21:59][0m [33mWARNING [0m [2m[py.warnings:112, db3cfb97005b, rank=1][0m /opt/conda/lib/python3.12/site-packages/olmo_core/nn/pooled_soft_token.py:217: UserWarning: called a synchronizing CUDA operation (Triggered internally at /pytorch/c10/cuda/CUDAFunctions.cpp:162.)
2026-09-15T04:21:59.029Z   doc_len = torch.bincount(c[is_ctx], minlength=n_docs) if is_ctx.any() else torch.zeros(n_docs, dtype=torch.long, device=device)
2026-09-15T04:21:59.029Z 
2026-09-15T04:21:59.029Z [2;36m[2026-09-15 04:21:59][0m [33mWARNING [0m [2m[py.warnings:112, db3cfb97005b, rank=1][0m /opt/conda/lib/python3.12/site-packages/olmo_core/nn/pooled_soft_token.py:222: UserWarning: called a synchronizing CUDA operation (Triggered internally at /pytorch/c10/cuda/CUDAFunctions.cpp:162.)
2026-09-15T04:21:59.029Z   soft_cols_b = soft_mask.nonzero(as_tuple=True)[0]
2026-09-15T04:21:59.029Z 
2026-09-15T04:21:59.030Z [2;36m[2026-09-15 04:21:59][0m [33mWARNING [0m [2m[py.warnings:112, db3cfb97005b, rank=1][0m /opt/conda/lib/python3.12/site-packages/olmo_core/nn/pooled_soft_token.py:226: UserWarning: called a synchronizing CUDA operation (Triggered internally at /pytorch/c10/cuda/CUDAFunctions.cpp:162.)
2026-09-15T04:21:59.030Z   cols_l = soft_cols_b.tolist()
2026-09-15T04:21:59.030Z 
2026-09-15T04:21:59.030Z [2;36m[2026-09-15 04:21:59][0m [33mWARNING [0m [2m[py.warnings:112, db3cfb97005b, rank=1][0m /opt/conda/lib/python3.12/site-packages/olmo_core/nn/pooled_soft_token.py:229: UserWarning: called a synchronizing CUDA operation (Triggered internally at /pytorch/c10/cuda/CUDAFunctions.cpp:162.)
2026-09-15T04:21:59.030Z   soft_docs += docs_b.tolist()
2026-09-15T04:21:59.030Z 
2026-09-15T04:21:59.030Z [2;36m[2026-09-15 04:21:59][0m [33mWARNING [0m [2m[py.warnings:112, db3cfb97005b, rank=1][0m /opt/conda/lib/python3.12/site-packages/olmo_core/nn/pooled_soft_token.py:230: UserWarning: called a synchronizing CUDA operation (Triggered internally at /pytorch/c10/cuda/CUDAFunctions.cpp:162.)
2026-09-15T04:21:59.030Z   soft_log_len += lens_b.tolist()
2026-09-15T04:21:59.030Z 
2026-09-15T04:21:59.032Z [2;36m[2026-09-15 04:21:59][0m [33mWARNING [0m [2m[py.warnings:112, db3cfb97005b, rank=1][0m /opt/conda/lib/python3.12/site-packages/olmo_core/nn/pooled_soft_token.py:280: UserWarning: called a synchronizing CUDA operation (Triggered internally at /pytorch/c10/cuda/CUDAFunctions.cpp:162.)
2026-09-15T04:21:59.032Z   row_lens[b] = L
2026-09-15T04:21:59.032Z 
2026-09-15T04:21:59.033Z [2;36m[2026-09-15 04:21:59][0m [33mWARNING [0m [2m[py.warnings:112, db3cfb97005b, rank=1][0m /opt/conda/lib/python3.12/site-packages/olmo_core/nn/pooled_soft_token.py:297: UserWarning: called a synchronizing CUDA operation (Triggered internally at /pytorch/c10/cuda/CUDAFunctions.cpp:162.)
2026-09-15T04:21:59.033Z   soft_rows=torch.tensor(soft_rows, dtype=torch.long, device=device),
2026-09-15T04:21:59.033Z 
2026-09-15T04:21:59.033Z [2;36m[2026-09-15 04:21:59][0m [33mWARNING [0m [2m[py.warnings:112, db3cfb97005b, rank=1][0m /opt/conda/lib/python3.12/site-packages/olmo_core/nn/pooled_soft_token.py:298: UserWarning: called a synchronizing CUDA operation (Triggered internally at /pytorch/c10/cuda/CUDAFunctions.cpp:162.)
2026-09-15T04:21:59.033Z   soft_cols=torch.tensor(soft_cols, dtype=torch.long, device=device),
2026-09-15T04:21:59.033Z 
2026-09-15T04:21:59.033Z [2;36m[2026-09-15 04:21:59][0m [33mWARNING [0m [2m[py.warnings:112, db3cfb97005b, rank=1][0m /opt/conda/lib/python3.12/site-packages/olmo_core/nn/pooled_soft_token.py:299: UserWarning: called a synchronizing CUDA operation (Triggered internally at /pytorch/c10/cuda/CUDAFunctions.cpp:162.)
2026-09-15T04:21:59.033Z   soft_docs=torch.tensor(soft_docs, dtype=torch.long, device=device),
2026-09-15T04:21:59.033Z 
2026-09-15T04:21:59.034Z [2;36m[2026-09-15 04:21:59][0m [33mWARNING [0m [2m[py.warnings:112, db3cfb97005b, rank=1][0m /opt/conda/lib/python3.12/site-packages/olmo_core/nn/pooled_soft_token.py:301: UserWarning: called a synchronizing CUDA operation (Triggered internally at /pytorch/c10/cuda/CUDAFunctions.cpp:162.)
2026-09-15T04:21:59.034Z   soft_log_len=torch.tensor(soft_log_len, dtype=torch.float32, device=device),
2026-09-15T04:21:59.034Z 
2026-09-15T04:21:59.034Z [2;36m[2026-09-15 04:21:59][0m [33mWARNING [0m [2m[py.warnings:112, db3cfb97005b, rank=1][0m /opt/conda/lib/python3.12/site-packages/olmo_core/nn/transformer/model.py:1502: UserWarning: called a synchronizing CUDA operation (Triggered internally at /pytorch/c10/cuda/CUDAFunctions.cpp:162.)
2026-09-15T04:21:59.034Z   kv_grad_mask[cb.soft_rows, cb.soft_cols] = False
2026-09-15T04:21:59.034Z 
2026-09-15T04:21:59.195Z [2;36m[2026-09-15 04:21:59][0m [33mWARNING [0m [2m[py.warnings:112, db3cfb97005b, rank=1][0m /opt/conda/lib/python3.12/site-packages/liger_kernel/ops/fused_linear_cross_entropy.py:75: UserWarning: called a synchronizing CUDA operation (Triggered internally at /pytorch/c10/cuda/CUDAFunctions.cpp:162.)
2026-09-15T04:21:59.195Z   total_n_non_ignore = target_mask.sum().item()
2026-09-15T04:21:59.195Z 
2026-09-15T04:21:59.729Z [2;36m[2026-09-15 04:21:59][0m [33mWARNING [0m [2m[py.warnings:112, db3cfb97005b, rank=1][0m /opt/conda/lib/python3.12/site-packages/liger_kernel/ops/fused_linear_cross_entropy.py:233: UserWarning: called a synchronizing CUDA operation (Triggered internally at /pytorch/c10/cuda/CUDAFunctions.cpp:162.)
2026-09-15T04:21:59.729Z   if not torch.equal(grad_output, torch.tensor(1.0, device=grad_output.device)):
2026-09-15T04:21:59.729Z 
2026-09-15T04:22:02.130Z [2;36m[2026-09-15 04:22:02][0m [33mWARNING [0m [2m[py.warnings:112, db3cfb97005b, rank=0][0m /opt/conda/lib/python3.12/site-packages/torch/autograd/graph.py:841: UserWarning: called a synchronizing CUDA operation (Triggered internally at /pytorch/c10/cuda/CUDAFunctions.cpp:162.)
2026-09-15T04:22:02.130Z   return Variable._execution_engine.run_backward(  # Calls into the C++ engine to run the backward pass
2026-09-15T04:22:02.130Z 
2026-09-15T04:22:02.372Z [2;36m[2026-09-15 04:22:02][0m [33mWARNING [0m [2m[py.warnings:112, db3cfb97005b, rank=0][0m /opt/conda/lib/python3.12/site-packages/torch/distributed/utils.py:106: UserWarning: called a synchronizing CUDA operation (Triggered internally at /pytorch/c10/cuda/CUDAFunctions.cpp:162.)
2026-09-15T04:22:02.372Z   return (obj.to(target_device),)
2026-09-15T04:22:02.372Z 
2026-09-15T04:22:02.374Z [2;36m[2026-09-15 04:22:02][0m [34mINFO    [0m [2m[olmo_core.train.callbacks.console_logger:68, db3cfb97005b, rank=0][0m [step=23/61,epoch=1,eta=23m]
2026-09-15T04:22:02.374Z     gpu_memory/GPU active mem (%)=75.91
2026-09-15T04:22:02.374Z     gpu_memory/GPU active mem (GiB)=60.16
2026-09-15T04:22:02.374Z     gpu_memory/GPU reserved mem (%)=81.25
2026-09-15T04:22:02.374Z     gpu_memory/GPU reserved mem (GiB)=64.39
2026-09-15T04:22:02.374Z     optim/LR (group 0)=3.22E-06
2026-09-15T04:22:02.374Z     optim/LR (group 1)=3.22E-06
2026-09-15T04:22:02.374Z     optim/step skipped=0.0
2026-09-15T04:22:02.374Z     optim/total grad norm=4.902
2026-09-15T04:22:02.374Z     throughput/chinchilla multiple=3.58E-05
2026-09-15T04:22:02.374Z     throughput/device/BPS=0.0280
2026-09-15T04:22:02.374Z     throughput/device/BPS (actual avg)=0.0269
2026-09-15T04:22:02.374Z     throughput/device/MFU=13.46
2026-09-15T04:22:02.374Z     throughput/device/MFU (actual avg)=12.95
2026-09-15T04:22:02.374Z     throughput/device/TPS=1,834
2026-09-15T04:22:02.374Z     throughput/device/TPS (actual avg)=1,764
2026-09-15T04:22:02.374Z     throughput/device/flopsPS=42.01T
2026-09-15T04:22:02.374Z     throughput/device/flopsPS (actual avg)=40.40T
2026-09-15T04:22:02.374Z     throughput/total petaflops=69.03
2026-09-15T04:22:02.374Z     throughput/total tokens=3,014,656
2026-09-15T04:22:02.374Z     train/CE loss=0.3104
2026-09-15T04:22:02.374Z     throughput/device/data loading (%)=0.0068
2026-09-15T04:22:02.374Z     throughput/device/data loading (s)=0.0024
2026-09-15T04:22:02.374Z     train/PPL=1.364
2026-09-15T04:22:02.376Z [2;36m[2026-09-15 04:22:02][0m [33mWARNING [0m [2m[py.warnings:112, db3cfb97005b, rank=0][0m /opt/conda/lib/python3.12/site-packages/olmo_core/nn/transformer/model.py:777: UserWarning: called a synchronizing CUDA operation (Triggered internally at /pytorch/c10/cuda/CUDAFunctions.cpp:162.)
2026-09-15T04:22:02.376Z   n_docs = int(chunk_ids.max().item()) + 1
2026-09-15T04:22:02.376Z 
2026-09-15T04:22:02.385Z [2;36m[2026-09-15 04:22:02][0m [33mWARNING [0m [2m[py.warnings:112, db3cfb97005b, rank=0][0m /opt/conda/lib/python3.12/site-packages/olmo_core/nn/transformer/model.py:834: UserWarning: called a synchronizing CUDA operation (Triggered internally at /pytorch/c10/cuda/CUDAFunctions.cpp:162.)
2026-09-15T04:22:02.385Z   flat = (torch.arange(B, device=emb.device)[:, None] * n_docs + cid.clamp(min=0)).reshape(
2026-09-15T04:22:02.385Z 
2026-09-15T04:22:02.385Z [2;36m[2026-09-15 04:22:02][0m [33mWARNING [0m [2m[py.warnings:112, db3cfb97005b, rank=0][0m /opt/conda/lib/python3.12/site-packages/olmo_core/nn/transformer/model.py:838: UserWarning: called a synchronizing CUDA operation (Triggered internally at /pytorch/c10/cuda/CUDAFunctions.cpp:162.)
2026-09-15T04:22:02.385Z   0, flat, emb.reshape(B * T, D)[is_ctx.reshape(-1)]
2026-09-15T04:22:02.385Z 
2026-09-15T04:22:02.396Z [2;36m[2026-09-15 04:22:02][0m [33mWARNING [0m [2m[py.warnings:112, db3cfb97005b, rank=0][0m /opt/conda/lib/python3.12/site-packages/olmo_core/nn/pooled_soft_token.py:173: UserWarning: called a synchronizing CUDA operation (Triggered internally at /pytorch/c10/cuda/CUDAFunctions.cpp:162.)
2026-09-15T04:22:02.396Z   kept_idx = kept_tok.nonzero(as_tuple=True)[0]
2026-09-15T04:22:02.396Z 
2026-09-15T04:22:02.396Z [2;36m[2026-09-15 04:22:02][0m [33mWARNING [0m [2m[py.warnings:112, db3cfb97005b, rank=0][0m /opt/conda/lib/python3.12/site-packages/olmo_core/nn/pooled_soft_token.py:179: UserWarning: called a synchronizing CUDA operation (Triggered internally at /pytorch/c10/cuda/CUDAFunctions.cpp:162.)
2026-09-15T04:22:02.396Z   if is_ctx.any():
2026-09-15T04:22:02.396Z 
2026-09-15T04:22:02.397Z [2;36m[2026-09-15 04:22:02][0m [33mWARNING [0m [2m[py.warnings:112, db3cfb97005b, rank=0][0m /opt/conda/lib/python3.12/site-packages/olmo_core/nn/pooled_soft_token.py:180: UserWarning: called a synchronizing CUDA operation (Triggered internally at /pytorch/c10/cuda/CUDAFunctions.cpp:162.)
2026-09-15T04:22:02.397Z   d_ix = c[is_ctx]
2026-09-15T04:22:02.397Z 
2026-09-15T04:22:02.397Z [2;36m[2026-09-15 04:22:02][0m [33mWARNING [0m [2m[py.warnings:112, db3cfb97005b, rank=0][0m /opt/conda/lib/python3.12/site-packages/olmo_core/nn/pooled_soft_token.py:181: UserWarning: called a synchronizing CUDA operation (Triggered internally at /pytorch/c10/cuda/CUDAFunctions.cpp:162.)
2026-09-15T04:22:02.397Z   pos_ix = is_ctx.nonzero(as_tuple=True)[0]
2026-09-15T04:22:02.397Z 
2026-09-15T04:22:02.398Z [2;36m[2026-09-15 04:22:02][0m [33mWARNING [0m [2m[py.warnings:112, db3cfb97005b, rank=0][0m /opt/conda/lib/python3.12/site-packages/olmo_core/nn/pooled_soft_token.py:186: UserWarning: called a synchronizing CUDA operation (Triggered internally at /pytorch/c10/cuda/CUDAFunctions.cpp:162.)
2026-09-15T04:22:02.398Z   pooled_docs = pooled.nonzero(as_tuple=True)[0]
2026-09-15T04:22:02.398Z 
2026-09-15T04:22:02.399Z [2;36m[2026-09-15 04:22:02][0m [33mWARNING [0m [2m[py.warnings:112, db3cfb97005b, rank=0][0m /opt/conda/lib/python3.12/site-packages/olmo_core/nn/pooled_soft_token.py:217: UserWarning: called a synchronizing CUDA operation (Triggered internally at /pytorch/c10/cuda/CUDAFunctions.cpp:162.)
2026-09-15T04:22:02.399Z   doc_len = torch.bincount(c[is_ctx], minlength=n_docs) if is_ctx.any() else torch.zeros(n_docs, dtype=torch.long, device=device)
2026-09-15T04:22:02.399Z 
2026-09-15T04:22:02.399Z [2;36m[2026-09-15 04:22:02][0m [33mWARNING [0m [2m[py.warnings:112, db3cfb97005b, rank=0][0m /opt/conda/lib/python3.12/site-packages/olmo_core/nn/pooled_soft_token.py:222: UserWarning: called a synchronizing CUDA operation (Triggered internally at /pytorch/c10/cuda/CUDAFunctions.cpp:162.)
2026-09-15T04:22:02.399Z   soft_cols_b = soft_mask.nonzero(as_tuple=True)[0]
2026-09-15T04:22:02.399Z 
2026-09-15T04:22:02.400Z [2;36m[2026-09-15 04:22:02][0m [33mWARNING [0m [2m[py.warnings:112, db3cfb97005b, rank=0][0m /opt/conda/lib/python3.12/site-packages/olmo_core/nn/pooled_soft_token.py:226: UserWarning: called a synchronizing CUDA operation (Triggered internally at /pytorch/c10/cuda/CUDAFunctions.cpp:162.)
2026-09-15T04:22:02.400Z   cols_l = soft_cols_b.tolist()
2026-09-15T04:22:02.400Z 
2026-09-15T04:22:02.400Z [2;36m[2026-09-15 04:22:02][0m [33mWARNING [0m [2m[py.warnings:112, db3cfb97005b, rank=0][0m /opt/conda/lib/python3.12/site-packages/olmo_core/nn/pooled_soft_token.py:229: UserWarning: called a synchronizing CUDA operation (Triggered internally at /pytorch/c10/cuda/CUDAFunctions.cpp:162.)
2026-09-15T04:22:02.400Z   soft_docs += docs_b.tolist()
2026-09-15T04:22:02.400Z 
2026-09-15T04:22:02.401Z [2;36m[2026-09-15 04:22:02][0m [33mWARNING [0m [2m[py.warnings:112, db3cfb97005b, rank=0][0m /opt/conda/lib/python3.12/site-packages/olmo_core/nn/pooled_soft_token.py:230: UserWarning: called a synchronizing CUDA operation (Triggered internally at /pytorch/c10/cuda/CUDAFunctions.cpp:162.)
2026-09-15T04:22:02.401Z   soft_log_len += lens_b.tolist()
2026-09-15T04:22:02.401Z 
2026-09-15T04:22:02.403Z [2;36m[2026-09-15 04:22:02][0m [33mWARNING [0m [2m[py.warnings:112, db3cfb97005b, rank=0][0m /opt/conda/lib/python3.12/site-packages/olmo_core/nn/pooled_soft_token.py:280: UserWarning: called a synchronizing CUDA operation (Triggered internally at /pytorch/c10/cuda/CUDAFunctions.cpp:162.)
2026-09-15T04:22:02.403Z   row_lens[b] = L
2026-09-15T04:22:02.403Z 
2026-09-15T04:22:02.403Z [2;36m[2026-09-15 04:22:02][0m [33mWARNING [0m [2m[py.warnings:112, db3cfb97005b, rank=0][0m /opt/conda/lib/python3.12/site-packages/olmo_core/nn/pooled_soft_token.py:297: UserWarning: called a synchronizing CUDA operation (Triggered internally at /pytorch/c10/cuda/CUDAFunctions.cpp:162.)
2026-09-15T04:22:02.403Z   soft_rows=torch.tensor(soft_rows, dtype=torch.long, device=device),
2026-09-15T04:22:02.403Z 
2026-09-15T04:22:02.404Z [2;36m[2026-09-15 04:22:02][0m [33mWARNING [0m [2m[py.warnings:112, db3cfb97005b, rank=0][0m /opt/conda/lib/python3.12/site-packages/olmo_core/nn/pooled_soft_token.py:298: UserWarning: called a synchronizing CUDA operation (Triggered internally at /pytorch/c10/cuda/CUDAFunctions.cpp:162.)
2026-09-15T04:22:02.404Z   soft_cols=torch.tensor(soft_cols, dtype=torch.long, device=device),
2026-09-15T04:22:02.404Z 
2026-09-15T04:22:02.404Z [2;36m[2026-09-15 04:22:02][0m [33mWARNING [0m [2m[py.warnings:112, db3cfb97005b, rank=0][0m /opt/conda/lib/python3.12/site-packages/olmo_core/nn/pooled_soft_token.py:299: UserWarning: called a synchronizing CUDA operation (Triggered internally at /pytorch/c10/cuda/CUDAFunctions.cpp:162.)
2026-09-15T04:22:02.404Z   soft_docs=torch.tensor(soft_docs, dtype=torch.long, device=device),
2026-09-15T04:22:02.404Z 
2026-09-15T04:22:02.405Z [2;36m[2026-09-15 04:22:02][0m [33mWARNING [0m [2m[py.warnings:112, db3cfb97005b, rank=0][0m /opt/conda/lib/python3.12/site-packages/olmo_core/nn/pooled_soft_token.py:301: UserWarning: called a synchronizing CUDA operation (Triggered internally at /pytorch/c10/cuda/CUDAFunctions.cpp:162.)
2026-09-15T04:22:02.405Z   soft_log_len=torch.tensor(soft_log_len, dtype=torch.float32, device=device),
2026-09-15T04:22:02.405Z 
2026-09-15T04:22:02.405Z [2;36m[2026-09-15 04:22:02][0m [33mWARNING [0m [2m[py.warnings:112, db3cfb97005b, rank=0][0m /opt/conda/lib/python3.12/site-packages/olmo_core/nn/transformer/model.py:1502: UserWarning: called a synchronizing CUDA operation (Triggered internally at /pytorch/c10/cuda/CUDAFunctions.cpp:162.)
2026-09-15T04:22:02.405Z   kv_grad_mask[cb.soft_rows, cb.soft_cols] = False
2026-09-15T04:22:02.405Z 
2026-09-15T04:22:02.588Z [2;36m[2026-09-15 04:22:02][0m [33mWARNING [0m [2m[py.warnings:112, db3cfb97005b, rank=0][0m /opt/conda/lib/python3.12/site-packages/liger_kernel/ops/fused_linear_cross_entropy.py:75: UserWarning: called a synchronizing CUDA operation (Triggered internally at /pytorch/c10/cuda/CUDAFunctions.cpp:162.)
2026-09-15T04:22:02.588Z   total_n_non_ignore = target_mask.sum().item()
2026-09-15T04:22:02.588Z 
2026-09-15T04:22:03.462Z [2;36m[2026-09-15 04:22:03][0m [33mWARNING [0m [2m[py.warnings:112, db3cfb97005b, rank=0][0m /opt/conda/lib/python3.12/site-packages/liger_kernel/ops/fused_linear_cross_entropy.py:233: UserWarning: called a synchronizing CUDA operation (Triggered internally at /pytorch/c10/cuda/CUDAFunctions.cpp:162.)
2026-09-15T04:22:03.462Z   if not torch.equal(grad_output, torch.tensor(1.0, device=grad_output.device)):
2026-09-15T04:22:03.462Z 
2026-09-15T04:22:14.230Z [2;36m[2026-09-15 04:22:14][0m [34mINFO    [0m [2m[olmo_core.train.callbacks.console_logger:68, db3cfb97005b, rank=0][0m [step=24/61,epoch=1,eta=22m]
2026-09-15T04:22:14.230Z     gpu_memory/GPU active mem (%)=75.91
2026-09-15T04:22:14.230Z     gpu_memory/GPU active mem (GiB)=60.16
2026-09-15T04:22:14.230Z     gpu_memory/GPU reserved mem (%)=81.25
2026-09-15T04:22:14.230Z     gpu_memory/GPU reserved mem (GiB)=64.39
2026-09-15T04:22:14.230Z     optim/LR (group 0)=3.14E-06
2026-09-15T04:22:14.230Z     optim/LR (group 1)=3.14E-06
2026-09-15T04:22:14.230Z     optim/step skipped=0.0
2026-09-15T04:22:14.230Z     optim/total grad norm=6.181
2026-09-15T04:22:14.230Z     throughput/chinchilla multiple=3.74E-05
2026-09-15T04:22:14.230Z     throughput/device/BPS=0.0843
2026-09-15T04:22:14.230Z     throughput/device/BPS (actual avg)=0.0277
2026-09-15T04:22:14.230Z     throughput/device/MFU=40.57
2026-09-15T04:22:14.230Z     throughput/device/MFU (actual avg)=13.35
2026-09-15T04:22:14.230Z     throughput/device/TPS=5,527
2026-09-15T04:22:14.230Z     throughput/device/TPS (actual avg)=1,818
2026-09-15T04:22:14.230Z     throughput/device/flopsPS=126.6T
2026-09-15T04:22:14.230Z     throughput/device/flopsPS (actual avg)=41.64T
2026-09-15T04:22:14.230Z     throughput/total petaflops=72.04
2026-09-15T04:22:14.230Z     throughput/total tokens=3,145,728
2026-09-15T04:22:14.230Z     train/CE loss=0.3405
2026-09-15T04:22:14.230Z     throughput/device/data loading (%)=0.0197
2026-09-15T04:22:14.230Z     throughput/device/data loading (s)=0.0023
2026-09-15T04:22:14.230Z     train/PPL=1.406
2026-09-15T04:22:17.425Z [2;36m[2026-09-15 04:22:17][0m [33mWARNING [0m [2m[py.warnings:112, db3cfb97005b, rank=1][0m /opt/conda/lib/python3.12/site-packages/torch/autograd/graph.py:841: UserWarning: called a synchronizing CUDA operation (Triggered internally at /pytorch/c10/cuda/CUDAFunctions.cpp:162.)
2026-09-15T04:22:17.425Z   return Variable._execution_engine.run_backward(  # Calls into the C++ engine to run the backward pass
2026-09-15T04:22:17.425Z 
2026-09-15T04:22:17.427Z [2;36m[2026-09-15 04:22:17][0m [33mWARNING [0m [2m[py.warnings:112, db3cfb97005b, rank=1][0m /opt/conda/lib/python3.12/site-packages/torch/distributed/utils.py:106: UserWarning: called a synchronizing CUDA operation (Triggered internally at /pytorch/c10/cuda/CUDAFunctions.cpp:162.)
2026-09-15T04:22:17.427Z   return (obj.to(target_device),)
2026-09-15T04:22:17.427Z 
2026-09-15T04:22:17.438Z [2;36m[2026-09-15 04:22:17][0m [33mWARNING [0m [2m[py.warnings:112, db3cfb97005b, rank=1][0m /opt/conda/lib/python3.12/site-packages/olmo_core/nn/transformer/model.py:777: UserWarning: called a synchronizing CUDA operation (Triggered internally at /pytorch/c10/cuda/CUDAFunctions.cpp:162.)
2026-09-15T04:22:17.438Z   n_docs = int(chunk_ids.max().item()) + 1
2026-09-15T04:22:17.438Z 
2026-09-15T04:22:17.446Z [2;36m[2026-09-15 04:22:17][0m [33mWARNING [0m [2m[py.warnings:112, db3cfb97005b, rank=1][0m /opt/conda/lib/python3.12/site-packages/olmo_core/nn/transformer/model.py:834: UserWarning: called a synchronizing CUDA operation (Triggered internally at /pytorch/c10/cuda/CUDAFunctions.cpp:162.)
2026-09-15T04:22:17.446Z   flat = (torch.arange(B, device=emb.device)[:, None] * n_docs + cid.clamp(min=0)).reshape(
2026-09-15T04:22:17.446Z 
2026-09-15T04:22:17.447Z [2;36m[2026-09-15 04:22:17][0m [33mWARNING [0m [2m[py.warnings:112, db3cfb97005b, rank=1][0m /opt/conda/lib/python3.12/site-packages/olmo_core/nn/transformer/model.py:838: UserWarning: called a synchronizing CUDA operation (Triggered internally at /pytorch/c10/cuda/CUDAFunctions.cpp:162.)
2026-09-15T04:22:17.447Z   0, flat, emb.reshape(B * T, D)[is_ctx.reshape(-1)]
2026-09-15T04:22:17.447Z 
2026-09-15T04:22:17.456Z [2;36m[2026-09-15 04:22:17][0m [33mWARNING [0m [2m[py.warnings:112, db3cfb97005b, rank=1][0m /opt/conda/lib/python3.12/site-packages/olmo_core/nn/pooled_soft_token.py:173: UserWarning: called a synchronizing CUDA operation (Triggered internally at /pytorch/c10/cuda/CUDAFunctions.cpp:162.)
2026-09-15T04:22:17.456Z   kept_idx = kept_tok.nonzero(as_tuple=True)[0]
2026-09-15T04:22:17.456Z 
2026-09-15T04:22:17.456Z [2;36m[2026-09-15 04:22:17][0m [33mWARNING [0m [2m[py.warnings:112, db3cfb97005b, rank=1][0m /opt/conda/lib/python3.12/site-packages/olmo_core/nn/pooled_soft_token.py:179: UserWarning: called a synchronizing CUDA operation (Triggered internally at /pytorch/c10/cuda/CUDAFunctions.cpp:162.)
2026-09-15T04:22:17.456Z   if is_ctx.any():
2026-09-15T04:22:17.456Z 
2026-09-15T04:22:17.457Z [2;36m[2026-09-15 04:22:17][0m [33mWARNING [0m [2m[py.warnings:112, db3cfb97005b, rank=1][0m /opt/conda/lib/python3.12/site-packages/olmo_core/nn/pooled_soft_token.py:180: UserWarning: called a synchronizing CUDA operation (Triggered internally at /pytorch/c10/cuda/CUDAFunctions.cpp:162.)
2026-09-15T04:22:17.457Z   d_ix = c[is_ctx]
2026-09-15T04:22:17.457Z 
2026-09-15T04:22:17.457Z [2;36m[2026-09-15 04:22:17][0m [33mWARNING [0m [2m[py.warnings:112, db3cfb97005b, rank=1][0m /opt/conda/lib/python3.12/site-packages/olmo_core/nn/pooled_soft_token.py:181: UserWarning: called a synchronizing CUDA operation (Triggered internally at /pytorch/c10/cuda/CUDAFunctions.cpp:162.)
2026-09-15T04:22:17.457Z   pos_ix = is_ctx.nonzero(as_tuple=True)[0]
2026-09-15T04:22:17.457Z 
2026-09-15T04:22:17.458Z [2;36m[2026-09-15 04:22:17][0m [33mWARNING [0m [2m[py.warnings:112, db3cfb97005b, rank=1][0m /opt/conda/lib/python3.12/site-packages/olmo_core/nn/pooled_soft_token.py:186: UserWarning: called a synchronizing CUDA operation (Triggered internally at /pytorch/c10/cuda/CUDAFunctions.cpp:162.)
2026-09-15T04:22:17.458Z   pooled_docs = pooled.nonzero(as_tuple=True)[0]
2026-09-15T04:22:17.458Z 
2026-09-15T04:22:17.459Z [2;36m[2026-09-15 04:22:17][0m [33mWARNING [0m [2m[py.warnings:112, db3cfb97005b, rank=1][0m /opt/conda/lib/python3.12/site-packages/olmo_core/nn/pooled_soft_token.py:217: UserWarning: called a synchronizing CUDA operation (Triggered internally at /pytorch/c10/cuda/CUDAFunctions.cpp:162.)
2026-09-15T04:22:17.459Z   doc_len = torch.bincount(c[is_ctx], minlength=n_docs) if is_ctx.any() else torch.zeros(n_docs, dtype=torch.long, device=device)
2026-09-15T04:22:17.459Z 
2026-09-15T04:22:17.459Z [2;36m[2026-09-15 04:22:17][0m [33mWARNING [0m [2m[py.warnings:112, db3cfb97005b, rank=1][0m /opt/conda/lib/python3.12/site-packages/olmo_core/nn/pooled_soft_token.py:222: UserWarning: called a synchronizing CUDA operation (Triggered internally at /pytorch/c10/cuda/CUDAFunctions.cpp:162.)
2026-09-15T04:22:17.459Z   soft_cols_b = soft_mask.nonzero(as_tuple=True)[0]
2026-09-15T04:22:17.459Z 
2026-09-15T04:22:17.460Z [2;36m[2026-09-15 04:22:17][0m [33mWARNING [0m [2m[py.warnings:112, db3cfb97005b, rank=1][0m /opt/conda/lib/python3.12/site-packages/olmo_core/nn/pooled_soft_token.py:226: UserWarning: called a synchronizing CUDA operation (Triggered internally at /pytorch/c10/cuda/CUDAFunctions.cpp:162.)
2026-09-15T04:22:17.460Z   cols_l = soft_cols_b.tolist()
2026-09-15T04:22:17.460Z 
2026-09-15T04:22:17.460Z [2;36m[2026-09-15 04:22:17][0m [33mWARNING [0m [2m[py.warnings:112, db3cfb97005b, rank=1][0m /opt/conda/lib/python3.12/site-packages/olmo_core/nn/pooled_soft_token.py:229: UserWarning: called a synchronizing CUDA operation (Triggered internally at /pytorch/c10/cuda/CUDAFunctions.cpp:162.)
2026-09-15T04:22:17.460Z   soft_docs += docs_b.tolist()
2026-09-15T04:22:17.460Z 
2026-09-15T04:22:17.460Z [2;36m[2026-09-15 04:22:17][0m [33mWARNING [0m [2m[py.warnings:112, db3cfb97005b, rank=1][0m /opt/conda/lib/python3.12/site-packages/olmo_core/nn/pooled_soft_token.py:230: UserWarning: called a synchronizing CUDA operation (Triggered internally at /pytorch/c10/cuda/CUDAFunctions.cpp:162.)
2026-09-15T04:22:17.460Z   soft_log_len += lens_b.tolist()
2026-09-15T04:22:17.460Z 
2026-09-15T04:22:17.462Z [2;36m[2026-09-15 04:22:17][0m [33mWARNING [0m [2m[py.warnings:112, db3cfb97005b, rank=1][0m /opt/conda/lib/python3.12/site-packages/olmo_core/nn/pooled_soft_token.py:280: UserWarning: called a synchronizing CUDA operation (Triggered internally at /pytorch/c10/cuda/CUDAFunctions.cpp:162.)
2026-09-15T04:22:17.462Z   row_lens[b] = L
2026-09-15T04:22:17.462Z 
2026-09-15T04:22:17.462Z [2;36m[2026-09-15 04:22:17][0m [33mWARNING [0m [2m[py.warnings:112, db3cfb97005b, rank=1][0m /opt/conda/lib/python3.12/site-packages/olmo_core/nn/pooled_soft_token.py:297: UserWarning: called a synchronizing CUDA operation (Triggered internally at /pytorch/c10/cuda/CUDAFunctions.cpp:162.)
2026-09-15T04:22:17.462Z   soft_rows=torch.tensor(soft_rows, dtype=torch.long, device=device),
2026-09-15T04:22:17.462Z 
2026-09-15T04:22:17.463Z [2;36m[2026-09-15 04:22:17][0m [33mWARNING [0m [2m[py.warnings:112, db3cfb97005b, rank=1][0m /opt/conda/lib/python3.12/site-packages/olmo_core/nn/pooled_soft_token.py:298: UserWarning: called a synchronizing CUDA operation (Triggered internally at /pytorch/c10/cuda/CUDAFunctions.cpp:162.)
2026-09-15T04:22:17.463Z   soft_cols=torch.tensor(soft_cols, dtype=torch.long, device=device),
2026-09-15T04:22:17.463Z 
2026-09-15T04:22:17.463Z [2;36m[2026-09-15 04:22:17][0m [33mWARNING [0m [2m[py.warnings:112, db3cfb97005b, rank=1][0m /opt/conda/lib/python3.12/site-packages/olmo_core/nn/pooled_soft_token.py:299: UserWarning: called a synchronizing CUDA operation (Triggered internally at /pytorch/c10/cuda/CUDAFunctions.cpp:162.)
2026-09-15T04:22:17.463Z   soft_docs=torch.tensor(soft_docs, dtype=torch.long, device=device),
2026-09-15T04:22:17.463Z 
2026-09-15T04:22:17.463Z [2;36m[2026-09-15 04:22:17][0m [33mWARNING [0m [2m[py.warnings:112, db3cfb97005b, rank=1][0m /opt/conda/lib/python3.12/site-packages/olmo_core/nn/pooled_soft_token.py:301: UserWarning: called a synchronizing CUDA operation (Triggered internally at /pytorch/c10/cuda/CUDAFunctions.cpp:162.)
2026-09-15T04:22:17.463Z   soft_log_len=torch.tensor(soft_log_len, dtype=torch.float32, device=device),
2026-09-15T04:22:17.463Z 
2026-09-15T04:22:17.464Z [2;36m[2026-09-15 04:22:17][0m [33mWARNING [0m [2m[py.warnings:112, db3cfb97005b, rank=1][0m /opt/conda/lib/python3.12/site-packages/olmo_core/nn/transformer/model.py:1502: UserWarning: called a synchronizing CUDA operation (Triggered internally at /pytorch/c10/cuda/CUDAFunctions.cpp:162.)
2026-09-15T04:22:17.464Z   kv_grad_mask[cb.soft_rows, cb.soft_cols] = False
2026-09-15T04:22:17.464Z 
2026-09-15T04:22:17.652Z [2;36m[2026-09-15 04:22:17][0m [33mWARNING [0m [2m[py.warnings:112, db3cfb97005b, rank=1][0m /opt/conda/lib/python3.12/site-packages/liger_kernel/ops/fused_linear_cross_entropy.py:75: UserWarning: called a synchronizing CUDA operation (Triggered internally at /pytorch/c10/cuda/CUDAFunctions.cpp:162.)
2026-09-15T04:22:17.652Z   total_n_non_ignore = target_mask.sum().item()
2026-09-15T04:22:17.652Z 
2026-09-15T04:22:18.315Z [2;36m[2026-09-15 04:22:18][0m [33mWARNING [0m [2m[py.warnings:112, db3cfb97005b, rank=1][0m /opt/conda/lib/python3.12/site-packages/liger_kernel/ops/fused_linear_cross_entropy.py:233: UserWarning: called a synchronizing CUDA operation (Triggered internally at /pytorch/c10/cuda/CUDAFunctions.cpp:162.)
2026-09-15T04:22:18.316Z   if not torch.equal(grad_output, torch.tensor(1.0, device=grad_output.device)):
2026-09-15T04:22:18.316Z 
2026-09-15T04:22:27.114Z [2;36m[2026-09-15 04:22:27][0m [34mINFO    [0m [2m[olmo_core.train.callbacks.console_logger:68, db3cfb97005b, rank=0][0m [step=25/61,epoch=1,eta=21m]
2026-09-15T04:22:27.114Z     gpu_memory/GPU active mem (%)=75.91
2026-09-15T04:22:27.114Z     gpu_memory/GPU active mem (GiB)=60.16
2026-09-15T04:22:27.114Z     gpu_memory/GPU reserved mem (%)=81.25
2026-09-15T04:22:27.114Z     gpu_memory/GPU reserved mem (GiB)=64.39
2026-09-15T04:22:27.114Z     optim/LR (group 0)=3.05E-06
2026-09-15T04:22:27.114Z     optim/LR (group 1)=3.05E-06
2026-09-15T04:22:27.114Z     optim/step skipped=0.0
2026-09-15T04:22:27.114Z     optim/total grad norm=3.806
2026-09-15T04:22:27.114Z     throughput/chinchilla multiple=3.90E-05
2026-09-15T04:22:27.114Z     throughput/device/BPS=0.0776
2026-09-15T04:22:27.114Z     throughput/device/BPS (actual avg)=0.0285
2026-09-15T04:22:27.114Z     throughput/device/MFU=37.34
2026-09-15T04:22:27.114Z     throughput/device/MFU (actual avg)=13.71
2026-09-15T04:22:27.114Z     throughput/device/TPS=5,087
2026-09-15T04:22:27.114Z     throughput/device/TPS (actual avg)=1,868
2026-09-15T04:22:27.114Z     throughput/device/flopsPS=116.5T
2026-09-15T04:22:27.114Z     throughput/device/flopsPS (actual avg)=42.78T
2026-09-15T04:22:27.114Z     throughput/total petaflops=75.04
2026-09-15T04:22:27.114Z     throughput/total tokens=3,276,800
2026-09-15T04:22:27.114Z     train/CE loss=0.2966
2026-09-15T04:22:27.114Z     throughput/device/data loading (%)=0.0202
2026-09-15T04:22:27.114Z     throughput/device/data loading (s)=0.0026
2026-09-15T04:22:27.114Z     train/PPL=1.345
2026-09-15T04:22:39.844Z [2;36m[2026-09-15 04:22:39][0m [34mINFO    [0m [2m[olmo_core.train.callbacks.console_logger:68, db3cfb97005b, rank=0][0m [step=26/61,epoch=1,eta=20m]
2026-09-15T04:22:39.844Z     gpu_memory/GPU active mem (%)=75.91
2026-09-15T04:22:39.844Z     gpu_memory/GPU active mem (GiB)=60.16
2026-09-15T04:22:39.844Z     gpu_memory/GPU reserved mem (%)=81.25
2026-09-15T04:22:39.844Z     gpu_memory/GPU reserved mem (GiB)=64.39
2026-09-15T04:22:39.844Z     optim/LR (group 0)=2.97E-06
2026-09-15T04:22:39.844Z     optim/LR (group 1)=2.97E-06
2026-09-15T04:22:39.844Z     optim/step skipped=0.0
2026-09-15T04:22:39.844Z     optim/total grad norm=3.630
2026-09-15T04:22:39.844Z     throughput/chinchilla multiple=4.05E-05
2026-09-15T04:22:39.844Z     throughput/device/BPS=0.0785
2026-09-15T04:22:39.844Z     throughput/device/BPS (actual avg)=0.0293
2026-09-15T04:22:39.844Z     throughput/device/MFU=37.78
2026-09-15T04:22:39.844Z     throughput/device/MFU (actual avg)=14.07
2026-09-15T04:22:39.844Z     throughput/device/TPS=5,147
2026-09-15T04:22:39.844Z     throughput/device/TPS (actual avg)=1,917
2026-09-15T04:22:39.844Z     throughput/device/flopsPS=117.9T
2026-09-15T04:22:39.844Z     throughput/device/flopsPS (actual avg)=43.90T
2026-09-15T04:22:39.844Z     throughput/total petaflops=78.04
2026-09-15T04:22:39.844Z     throughput/total tokens=3,407,872
2026-09-15T04:22:39.844Z     train/CE loss=0.2803
2026-09-15T04:22:39.844Z     throughput/device/data loading (%)=0.0163
2026-09-15T04:22:39.844Z     throughput/device/data loading (s)=0.0021
2026-09-15T04:22:39.844Z     train/PPL=1.324
2026-09-15T04:22:50.344Z [2;36m[2026-09-15 04:22:50][0m [33mWARNING [0m [2m[py.warnings:112, db3cfb97005b, rank=0][0m /opt/conda/lib/python3.12/site-packages/liger_kernel/ops/fused_linear_cross_entropy.py:75: UserWarning: called a synchronizing CUDA operation (Triggered internally at /pytorch/c10/cuda/CUDAFunctions.cpp:162.)
2026-09-15T04:22:50.344Z   total_n_non_ignore = target_mask.sum().item()
2026-09-15T04:22:50.344Z 
2026-09-15T04:22:51.312Z [2;36m[2026-09-15 04:22:51][0m [33mWARNING [0m [2m[py.warnings:112, db3cfb97005b, rank=0][0m /opt/conda/lib/python3.12/site-packages/liger_kernel/ops/fused_linear_cross_entropy.py:233: UserWarning: called a synchronizing CUDA operation (Triggered internally at /pytorch/c10/cuda/CUDAFunctions.cpp:162.)
2026-09-15T04:22:51.312Z   if not torch.equal(grad_output, torch.tensor(1.0, device=grad_output.device)):
2026-09-15T04:22:51.312Z 
2026-09-15T04:23:03.817Z [2;36m[2026-09-15 04:23:03][0m [33mWARNING [0m [2m[py.warnings:112, db3cfb97005b, rank=0][0m /opt/conda/lib/python3.12/site-packages/torch/autograd/graph.py:841: UserWarning: called a synchronizing CUDA operation (Triggered internally at /pytorch/c10/cuda/CUDAFunctions.cpp:162.)
2026-09-15T04:23:03.817Z   return Variable._execution_engine.run_backward(  # Calls into the C++ engine to run the backward pass
2026-09-15T04:23:03.817Z 
2026-09-15T04:23:03.824Z [2;36m[2026-09-15 04:23:03][0m [33mWARNING [0m [2m[py.warnings:112, db3cfb97005b, rank=0][0m /opt/conda/lib/python3.12/site-packages/torch/distributed/utils.py:106: UserWarning: called a synchronizing CUDA operation (Triggered internally at /pytorch/c10/cuda/CUDAFunctions.cpp:162.)
2026-09-15T04:23:03.824Z   return (obj.to(target_device),)
2026-09-15T04:23:03.824Z 
2026-09-15T04:23:03.831Z [2;36m[2026-09-15 04:23:03][0m [33mWARNING [0m [2m[py.warnings:112, db3cfb97005b, rank=0][0m /opt/conda/lib/python3.12/site-packages/olmo_core/nn/transformer/model.py:777: UserWarning: called a synchronizing CUDA operation (Triggered internally at /pytorch/c10/cuda/CUDAFunctions.cpp:162.)
2026-09-15T04:23:03.831Z   n_docs = int(chunk_ids.max().item()) + 1
2026-09-15T04:23:03.831Z 
2026-09-15T04:23:03.840Z [2;36m[2026-09-15 04:23:03][0m [33mWARNING [0m [2m[py.warnings:112, db3cfb97005b, rank=0][0m /opt/conda/lib/python3.12/site-packages/olmo_core/nn/transformer/model.py:834: UserWarning: called a synchronizing CUDA operation (Triggered internally at /pytorch/c10/cuda/CUDAFunctions.cpp:162.)
2026-09-15T04:23:03.840Z   flat = (torch.arange(B, device=emb.device)[:, None] * n_docs + cid.clamp(min=0)).reshape(
2026-09-15T04:23:03.840Z 
2026-09-15T04:23:03.841Z [2;36m[2026-09-15 04:23:03][0m [33mWARNING [0m [2m[py.warnings:112, db3cfb97005b, rank=0][0m /opt/conda/lib/python3.12/site-packages/olmo_core/nn/transformer/model.py:838: UserWarning: called a synchronizing CUDA operation (Triggered internally at /pytorch/c10/cuda/CUDAFunctions.cpp:162.)
2026-09-15T04:23:03.841Z   0, flat, emb.reshape(B * T, D)[is_ctx.reshape(-1)]
2026-09-15T04:23:03.841Z 
2026-09-15T04:23:03.850Z [2;36m[2026-09-15 04:23:03][0m [33mWARNING [0m [2m[py.warnings:112, db3cfb97005b, rank=0][0m /opt/conda/lib/python3.12/site-packages/olmo_core/nn/pooled_soft_token.py:173: UserWarning: called a synchronizing CUDA operation (Triggered internally at /pytorch/c10/cuda/CUDAFunctions.cpp:162.)
2026-09-15T04:23:03.850Z   kept_idx = kept_tok.nonzero(as_tuple=True)[0]
2026-09-15T04:23:03.850Z 
2026-09-15T04:23:03.851Z [2;36m[2026-09-15 04:23:03][0m [33mWARNING [0m [2m[py.warnings:112, db3cfb97005b, rank=0][0m /opt/conda/lib/python3.12/site-packages/olmo_core/nn/pooled_soft_token.py:179: UserWarning: called a synchronizing CUDA operation (Triggered internally at /pytorch/c10/cuda/CUDAFunctions.cpp:162.)
2026-09-15T04:23:03.851Z   if is_ctx.any():
2026-09-15T04:23:03.851Z 
2026-09-15T04:23:03.851Z [2;36m[2026-09-15 04:23:03][0m [33mWARNING [0m [2m[py.warnings:112, db3cfb97005b, rank=0][0m /opt/conda/lib/python3.12/site-packages/olmo_core/nn/pooled_soft_token.py:180: UserWarning: called a synchronizing CUDA operation (Triggered internally at /pytorch/c10/cuda/CUDAFunctions.cpp:162.)
2026-09-15T04:23:03.851Z   d_ix = c[is_ctx]
2026-09-15T04:23:03.851Z 
2026-09-15T04:23:03.852Z [2;36m[2026-09-15 04:23:03][0m [33mWARNING [0m [2m[py.warnings:112, db3cfb97005b, rank=0][0m /opt/conda/lib/python3.12/site-packages/olmo_core/nn/pooled_soft_token.py:181: UserWarning: called a synchronizing CUDA operation (Triggered internally at /pytorch/c10/cuda/CUDAFunctions.cpp:162.)
2026-09-15T04:23:03.852Z   pos_ix = is_ctx.nonzero(as_tuple=True)[0]
2026-09-15T04:23:03.852Z 
2026-09-15T04:23:03.853Z [2;36m[2026-09-15 04:23:03][0m [33mWARNING [0m [2m[py.warnings:112, db3cfb97005b, rank=0][0m /opt/conda/lib/python3.12/site-packages/olmo_core/nn/pooled_soft_token.py:186: UserWarning: called a synchronizing CUDA operation (Triggered internally at /pytorch/c10/cuda/CUDAFunctions.cpp:162.)
2026-09-15T04:23:03.853Z   pooled_docs = pooled.nonzero(as_tuple=True)[0]
2026-09-15T04:23:03.853Z 
2026-09-15T04:23:03.854Z [2;36m[2026-09-15 04:23:03][0m [33mWARNING [0m [2m[py.warnings:112, db3cfb97005b, rank=0][0m /opt/conda/lib/python3.12/site-packages/olmo_core/nn/pooled_soft_token.py:217: UserWarning: called a synchronizing CUDA operation (Triggered internally at /pytorch/c10/cuda/CUDAFunctions.cpp:162.)
2026-09-15T04:23:03.854Z   doc_len = torch.bincount(c[is_ctx], minlength=n_docs) if is_ctx.any() else torch.zeros(n_docs, dtype=torch.long, device=device)
2026-09-15T04:23:03.854Z 
2026-09-15T04:23:03.854Z [2;36m[2026-09-15 04:23:03][0m [33mWARNING [0m [2m[py.warnings:112, db3cfb97005b, rank=0][0m /opt/conda/lib/python3.12/site-packages/olmo_core/nn/pooled_soft_token.py:222: UserWarning: called a synchronizing CUDA operation (Triggered internally at /pytorch/c10/cuda/CUDAFunctions.cpp:162.)
2026-09-15T04:23:03.854Z   soft_cols_b = soft_mask.nonzero(as_tuple=True)[0]
2026-09-15T04:23:03.854Z 
2026-09-15T04:23:03.855Z [2;36m[2026-09-15 04:23:03][0m [33mWARNING [0m [2m[py.warnings:112, db3cfb97005b, rank=0][0m /opt/conda/lib/python3.12/site-packages/olmo_core/nn/pooled_soft_token.py:226: UserWarning: called a synchronizing CUDA operation (Triggered internally at /pytorch/c10/cuda/CUDAFunctions.cpp:162.)
2026-09-15T04:23:03.855Z   cols_l = soft_cols_b.tolist()
2026-09-15T04:23:03.855Z 
2026-09-15T04:23:03.855Z [2;36m[2026-09-15 04:23:03][0m [33mWARNING [0m [2m[py.warnings:112, db3cfb97005b, rank=0][0m /opt/conda/lib/python3.12/site-packages/olmo_core/nn/pooled_soft_token.py:229: UserWarning: called a synchronizing CUDA operation (Triggered internally at /pytorch/c10/cuda/CUDAFunctions.cpp:162.)
2026-09-15T04:23:03.855Z   soft_docs += docs_b.tolist()
2026-09-15T04:23:03.855Z 
2026-09-15T04:23:03.856Z [2;36m[2026-09-15 04:23:03][0m [33mWARNING [0m [2m[py.warnings:112, db3cfb97005b, rank=0][0m /opt/conda/lib/python3.12/site-packages/olmo_core/nn/pooled_soft_token.py:230: UserWarning: called a synchronizing CUDA operation (Triggered internally at /pytorch/c10/cuda/CUDAFunctions.cpp:162.)
2026-09-15T04:23:03.856Z   soft_log_len += lens_b.tolist()
2026-09-15T04:23:03.856Z 
2026-09-15T04:23:03.858Z [2;36m[2026-09-15 04:23:03][0m [33mWARNING [0m [2m[py.warnings:112, db3cfb97005b, rank=0][0m /opt/conda/lib/python3.12/site-packages/olmo_core/nn/pooled_soft_token.py:280: UserWarning: called a synchronizing CUDA operation (Triggered internally at /pytorch/c10/cuda/CUDAFunctions.cpp:162.)
2026-09-15T04:23:03.858Z   row_lens[b] = L
2026-09-15T04:23:03.858Z 
2026-09-15T04:23:03.858Z [2;36m[2026-09-15 04:23:03][0m [33mWARNING [0m [2m[py.warnings:112, db3cfb97005b, rank=0][0m /opt/conda/lib/python3.12/site-packages/olmo_core/nn/pooled_soft_token.py:297: UserWarning: called a synchronizing CUDA operation (Triggered internally at /pytorch/c10/cuda/CUDAFunctions.cpp:162.)
2026-09-15T04:23:03.858Z   soft_rows=torch.tensor(soft_rows, dtype=torch.long, device=device),
2026-09-15T04:23:03.858Z 
2026-09-15T04:23:03.859Z [2;36m[2026-09-15 04:23:03][0m [33mWARNING [0m [2m[py.warnings:112, db3cfb97005b, rank=0][0m /opt/conda/lib/python3.12/site-packages/olmo_core/nn/pooled_soft_token.py:298: UserWarning: called a synchronizing CUDA operation (Triggered internally at /pytorch/c10/cuda/CUDAFunctions.cpp:162.)
2026-09-15T04:23:03.859Z   soft_cols=torch.tensor(soft_cols, dtype=torch.long, device=device),
2026-09-15T04:23:03.859Z 
2026-09-15T04:23:03.859Z [2;36m[2026-09-15 04:23:03][0m [33mWARNING [0m [2m[py.warnings:112, db3cfb97005b, rank=0][0m /opt/conda/lib/python3.12/site-packages/olmo_core/nn/pooled_soft_token.py:299: UserWarning: called a synchronizing CUDA operation (Triggered internally at /pytorch/c10/cuda/CUDAFunctions.cpp:162.)
2026-09-15T04:23:03.859Z   soft_docs=torch.tensor(soft_docs, dtype=torch.long, device=device),
2026-09-15T04:23:03.859Z 
2026-09-15T04:23:03.859Z [2;36m[2026-09-15 04:23:03][0m [33mWARNING [0m [2m[py.warnings:112, db3cfb97005b, rank=0][0m /opt/conda/lib/python3.12/site-packages/olmo_core/nn/pooled_soft_token.py:301: UserWarning: called a synchronizing CUDA operation (Triggered internally at /pytorch/c10/cuda/CUDAFunctions.cpp:162.)
2026-09-15T04:23:03.859Z   soft_log_len=torch.tensor(soft_log_len, dtype=torch.float32, device=device),
2026-09-15T04:23:03.860Z 
2026-09-15T04:23:03.860Z [2;36m[2026-09-15 04:23:03][0m [33mWARNING [0m [2m[py.warnings:112, db3cfb97005b, rank=0][0m /opt/conda/lib/python3.12/site-packages/olmo_core/nn/transformer/model.py:1502: UserWarning: called a synchronizing CUDA operation (Triggered internally at /pytorch/c10/cuda/CUDAFunctions.cpp:162.)
2026-09-15T04:23:03.860Z   kv_grad_mask[cb.soft_rows, cb.soft_cols] = False
2026-09-15T04:23:03.860Z 
2026-09-15T04:23:04.052Z [2;36m[2026-09-15 04:23:04][0m [33mWARNING [0m [2m[py.warnings:112, db3cfb97005b, rank=0][0m /opt/conda/lib/python3.12/site-packages/liger_kernel/ops/fused_linear_cross_entropy.py:75: UserWarning: called a synchronizing CUDA operation (Triggered internally at /pytorch/c10/cuda/CUDAFunctions.cpp:162.)
2026-09-15T04:23:04.052Z   total_n_non_ignore = target_mask.sum().item()
2026-09-15T04:23:04.052Z 
2026-09-15T04:23:04.895Z [2;36m[2026-09-15 04:23:04][0m [33mWARNING [0m [2m[py.warnings:112, db3cfb97005b, rank=0][0m /opt/conda/lib/python3.12/site-packages/liger_kernel/ops/fused_linear_cross_entropy.py:233: UserWarning: called a synchronizing CUDA operation (Triggered internally at /pytorch/c10/cuda/CUDAFunctions.cpp:162.)
2026-09-15T04:23:04.895Z   if not torch.equal(grad_output, torch.tensor(1.0, device=grad_output.device)):
2026-09-15T04:23:04.895Z 
2026-09-15T04:23:14.952Z [2;36m[2026-09-15 04:23:14][0m [34mINFO    [0m [2m[olmo_core.train.callbacks.console_logger:68, db3cfb97005b, rank=0][0m [step=27/61,epoch=1,eta=19m]
2026-09-15T04:23:14.952Z     gpu_memory/GPU active mem (%)=75.91
2026-09-15T04:23:14.952Z     gpu_memory/GPU active mem (GiB)=60.16
2026-09-15T04:23:14.952Z     gpu_memory/GPU reserved mem (%)=81.25
2026-09-15T04:23:14.952Z     gpu_memory/GPU reserved mem (GiB)=64.39
2026-09-15T04:23:14.952Z     optim/LR (group 0)=2.88E-06
2026-09-15T04:23:14.952Z     optim/LR (group 1)=2.88E-06
2026-09-15T04:23:14.952Z     optim/step skipped=0.0
2026-09-15T04:23:14.952Z     optim/total grad norm=4.606
2026-09-15T04:23:14.952Z     throughput/chinchilla multiple=4.21E-05
2026-09-15T04:23:14.952Z     throughput/device/BPS=0.0285
2026-09-15T04:23:14.952Z     throughput/device/BPS (actual avg)=0.0292
2026-09-15T04:23:14.952Z     throughput/device/MFU=13.70
2026-09-15T04:23:14.952Z     throughput/device/MFU (actual avg)=14.06
2026-09-15T04:23:14.952Z     throughput/device/TPS=1,866
2026-09-15T04:23:14.952Z     throughput/device/TPS (actual avg)=1,915
2026-09-15T04:23:14.952Z     throughput/device/flopsPS=42.75T
2026-09-15T04:23:14.952Z     throughput/device/flopsPS (actual avg)=43.86T
2026-09-15T04:23:14.952Z     throughput/total petaflops=81.04
2026-09-15T04:23:14.952Z     throughput/total tokens=3,538,944
2026-09-15T04:23:14.952Z     train/CE loss=0.2909
2026-09-15T04:23:14.952Z     throughput/device/data loading (%)=0.0064
2026-09-15T04:23:14.952Z     throughput/device/data loading (s)=0.0022
2026-09-15T04:23:14.952Z     train/PPL=1.338
2026-09-15T04:23:20.978Z [2;36m[2026-09-15 04:23:20][0m [33mWARNING [0m [2m[py.warnings:112, db3cfb97005b, rank=1][0m /opt/conda/lib/python3.12/site-packages/torch/autograd/graph.py:841: UserWarning: called a synchronizing CUDA operation (Triggered internally at /pytorch/c10/cuda/CUDAFunctions.cpp:162.)
2026-09-15T04:23:20.978Z   return Variable._execution_engine.run_backward(  # Calls into the C++ engine to run the backward pass
2026-09-15T04:23:20.978Z 
2026-09-15T04:23:20.993Z [2;36m[2026-09-15 04:23:20][0m [33mWARNING [0m [2m[py.warnings:112, db3cfb97005b, rank=1][0m /opt/conda/lib/python3.12/site-packages/torch/distributed/utils.py:106: UserWarning: called a synchronizing CUDA operation (Triggered internally at /pytorch/c10/cuda/CUDAFunctions.cpp:162.)
2026-09-15T04:23:20.993Z   return (obj.to(target_device),)
2026-09-15T04:23:20.993Z 
2026-09-15T04:23:21.003Z [2;36m[2026-09-15 04:23:21][0m [33mWARNING [0m [2m[py.warnings:112, db3cfb97005b, rank=1][0m /opt/conda/lib/python3.12/site-packages/olmo_core/nn/transformer/model.py:777: UserWarning: called a synchronizing CUDA operation (Triggered internally at /pytorch/c10/cuda/CUDAFunctions.cpp:162.)
2026-09-15T04:23:21.003Z   n_docs = int(chunk_ids.max().item()) + 1
2026-09-15T04:23:21.003Z 
2026-09-15T04:23:21.012Z [2;36m[2026-09-15 04:23:21][0m [33mWARNING [0m [2m[py.warnings:112, db3cfb97005b, rank=1][0m /opt/conda/lib/python3.12/site-packages/olmo_core/nn/transformer/model.py:834: UserWarning: called a synchronizing CUDA operation (Triggered internally at /pytorch/c10/cuda/CUDAFunctions.cpp:162.)
2026-09-15T04:23:21.012Z   flat = (torch.arange(B, device=emb.device)[:, None] * n_docs + cid.clamp(min=0)).reshape(
2026-09-15T04:23:21.012Z 
2026-09-15T04:23:21.012Z [2;36m[2026-09-15 04:23:21][0m [33mWARNING [0m [2m[py.warnings:112, db3cfb97005b, rank=1][0m /opt/conda/lib/python3.12/site-packages/olmo_core/nn/transformer/model.py:838: UserWarning: called a synchronizing CUDA operation (Triggered internally at /pytorch/c10/cuda/CUDAFunctions.cpp:162.)
2026-09-15T04:23:21.012Z   0, flat, emb.reshape(B * T, D)[is_ctx.reshape(-1)]
2026-09-15T04:23:21.012Z 
2026-09-15T04:23:21.019Z [2;36m[2026-09-15 04:23:21][0m [33mWARNING [0m [2m[py.warnings:112, db3cfb97005b, rank=1][0m /opt/conda/lib/python3.12/site-packages/olmo_core/nn/pooled_soft_token.py:173: UserWarning: called a synchronizing CUDA operation (Triggered internally at /pytorch/c10/cuda/CUDAFunctions.cpp:162.)
2026-09-15T04:23:21.019Z   kept_idx = kept_tok.nonzero(as_tuple=True)[0]
2026-09-15T04:23:21.019Z 
2026-09-15T04:23:21.020Z [2;36m[2026-09-15 04:23:21][0m [33mWARNING [0m [2m[py.warnings:112, db3cfb97005b, rank=1][0m /opt/conda/lib/python3.12/site-packages/olmo_core/nn/pooled_soft_token.py:179: UserWarning: called a synchronizing CUDA operation (Triggered internally at /pytorch/c10/cuda/CUDAFunctions.cpp:162.)
2026-09-15T04:23:21.020Z   if is_ctx.any():
2026-09-15T04:23:21.020Z 
2026-09-15T04:23:21.020Z [2;36m[2026-09-15 04:23:21][0m [33mWARNING [0m [2m[py.warnings:112, db3cfb97005b, rank=1][0m /opt/conda/lib/python3.12/site-packages/olmo_core/nn/pooled_soft_token.py:180: UserWarning: called a synchronizing CUDA operation (Triggered internally at /pytorch/c10/cuda/CUDAFunctions.cpp:162.)
2026-09-15T04:23:21.020Z   d_ix = c[is_ctx]
2026-09-15T04:23:21.020Z 
2026-09-15T04:23:21.021Z [2;36m[2026-09-15 04:23:21][0m [33mWARNING [0m [2m[py.warnings:112, db3cfb97005b, rank=1][0m /opt/conda/lib/python3.12/site-packages/olmo_core/nn/pooled_soft_token.py:181: UserWarning: called a synchronizing CUDA operation (Triggered internally at /pytorch/c10/cuda/CUDAFunctions.cpp:162.)
2026-09-15T04:23:21.021Z   pos_ix = is_ctx.nonzero(as_tuple=True)[0]
2026-09-15T04:23:21.021Z 
2026-09-15T04:23:21.021Z [2;36m[2026-09-15 04:23:21][0m [33mWARNING [0m [2m[py.warnings:112, db3cfb97005b, rank=1][0m /opt/conda/lib/python3.12/site-packages/olmo_core/nn/pooled_soft_token.py:186: UserWarning: called a synchronizing CUDA operation (Triggered internally at /pytorch/c10/cuda/CUDAFunctions.cpp:162.)
2026-09-15T04:23:21.021Z   pooled_docs = pooled.nonzero(as_tuple=True)[0]
2026-09-15T04:23:21.021Z 
2026-09-15T04:23:21.022Z [2;36m[2026-09-15 04:23:21][0m [33mWARNING [0m [2m[py.warnings:112, db3cfb97005b, rank=1][0m /opt/conda/lib/python3.12/site-packages/olmo_core/nn/pooled_soft_token.py:217: UserWarning: called a synchronizing CUDA operation (Triggered internally at /pytorch/c10/cuda/CUDAFunctions.cpp:162.)
2026-09-15T04:23:21.022Z   doc_len = torch.bincount(c[is_ctx], minlength=n_docs) if is_ctx.any() else torch.zeros(n_docs, dtype=torch.long, device=device)
2026-09-15T04:23:21.022Z 
2026-09-15T04:23:21.022Z [2;36m[2026-09-15 04:23:21][0m [33mWARNING [0m [2m[py.warnings:112, db3cfb97005b, rank=1][0m /opt/conda/lib/python3.12/site-packages/olmo_core/nn/pooled_soft_token.py:222: UserWarning: called a synchronizing CUDA operation (Triggered internally at /pytorch/c10/cuda/CUDAFunctions.cpp:162.)
2026-09-15T04:23:21.022Z   soft_cols_b = soft_mask.nonzero(as_tuple=True)[0]
2026-09-15T04:23:21.022Z 
2026-09-15T04:23:21.023Z [2;36m[2026-09-15 04:23:21][0m [33mWARNING [0m [2m[py.warnings:112, db3cfb97005b, rank=1][0m /opt/conda/lib/python3.12/site-packages/olmo_core/nn/pooled_soft_token.py:226: UserWarning: called a synchronizing CUDA operation (Triggered internally at /pytorch/c10/cuda/CUDAFunctions.cpp:162.)
2026-09-15T04:23:21.023Z   cols_l = soft_cols_b.tolist()
2026-09-15T04:23:21.023Z 
2026-09-15T04:23:21.023Z [2;36m[2026-09-15 04:23:21][0m [33mWARNING [0m [2m[py.warnings:112, db3cfb97005b, rank=1][0m /opt/conda/lib/python3.12/site-packages/olmo_core/nn/pooled_soft_token.py:229: UserWarning: called a synchronizing CUDA operation (Triggered internally at /pytorch/c10/cuda/CUDAFunctions.cpp:162.)
2026-09-15T04:23:21.023Z   soft_docs += docs_b.tolist()
2026-09-15T04:23:21.023Z 
2026-09-15T04:23:21.024Z [2;36m[2026-09-15 04:23:21][0m [33mWARNING [0m [2m[py.warnings:112, db3cfb97005b, rank=1][0m /opt/conda/lib/python3.12/site-packages/olmo_core/nn/pooled_soft_token.py:230: UserWarning: called a synchronizing CUDA operation (Triggered internally at /pytorch/c10/cuda/CUDAFunctions.cpp:162.)
2026-09-15T04:23:21.024Z   soft_log_len += lens_b.tolist()
2026-09-15T04:23:21.024Z 
2026-09-15T04:23:21.025Z [2;36m[2026-09-15 04:23:21][0m [33mWARNING [0m [2m[py.warnings:112, db3cfb97005b, rank=1][0m /opt/conda/lib/python3.12/site-packages/olmo_core/nn/pooled_soft_token.py:280: UserWarning: called a synchronizing CUDA operation (Triggered internally at /pytorch/c10/cuda/CUDAFunctions.cpp:162.)
2026-09-15T04:23:21.025Z   row_lens[b] = L
2026-09-15T04:23:21.025Z 
2026-09-15T04:23:21.026Z [2;36m[2026-09-15 04:23:21][0m [33mWARNING [0m [2m[py.warnings:112, db3cfb97005b, rank=1][0m /opt/conda/lib/python3.12/site-packages/olmo_core/nn/pooled_soft_token.py:297: UserWarning: called a synchronizing CUDA operation (Triggered internally at /pytorch/c10/cuda/CUDAFunctions.cpp:162.)
2026-09-15T04:23:21.026Z   soft_rows=torch.tensor(soft_rows, dtype=torch.long, device=device),
2026-09-15T04:23:21.026Z 
2026-09-15T04:23:21.026Z [2;36m[2026-09-15 04:23:21][0m [33mWARNING [0m [2m[py.warnings:112, db3cfb97005b, rank=1][0m /opt/conda/lib/python3.12/site-packages/olmo_core/nn/pooled_soft_token.py:298: UserWarning: called a synchronizing CUDA operation (Triggered internally at /pytorch/c10/cuda/CUDAFunctions.cpp:162.)
2026-09-15T04:23:21.026Z   soft_cols=torch.tensor(soft_cols, dtype=torch.long, device=device),
2026-09-15T04:23:21.026Z 
2026-09-15T04:23:21.026Z [2;36m[2026-09-15 04:23:21][0m [33mWARNING [0m [2m[py.warnings:112, db3cfb97005b, rank=1][0m /opt/conda/lib/python3.12/site-packages/olmo_core/nn/pooled_soft_token.py:299: UserWarning: called a synchronizing CUDA operation (Triggered internally at /pytorch/c10/cuda/CUDAFunctions.cpp:162.)
2026-09-15T04:23:21.026Z   soft_docs=torch.tensor(soft_docs, dtype=torch.long, device=device),
2026-09-15T04:23:21.026Z 
2026-09-15T04:23:21.027Z [2;36m[2026-09-15 04:23:21][0m [33mWARNING [0m [2m[py.warnings:112, db3cfb97005b, rank=1][0m /opt/conda/lib/python3.12/site-packages/olmo_core/nn/pooled_soft_token.py:301: UserWarning: called a synchronizing CUDA operation (Triggered internally at /pytorch/c10/cuda/CUDAFunctions.cpp:162.)
2026-09-15T04:23:21.027Z   soft_log_len=torch.tensor(soft_log_len, dtype=torch.float32, device=device),
2026-09-15T04:23:21.027Z 
2026-09-15T04:23:21.027Z [2;36m[2026-09-15 04:23:21][0m [33mWARNING [0m [2m[py.warnings:112, db3cfb97005b, rank=1][0m /opt/conda/lib/python3.12/site-packages/olmo_core/nn/transformer/model.py:1502: UserWarning: called a synchronizing CUDA operation (Triggered internally at /pytorch/c10/cuda/CUDAFunctions.cpp:162.)
2026-09-15T04:23:21.027Z   kv_grad_mask[cb.soft_rows, cb.soft_cols] = False
2026-09-15T04:23:21.027Z 
2026-09-15T04:23:21.190Z [2;36m[2026-09-15 04:23:21][0m [33mWARNING [0m [2m[py.warnings:112, db3cfb97005b, rank=1][0m /opt/conda/lib/python3.12/site-packages/liger_kernel/ops/fused_linear_cross_entropy.py:75: UserWarning: called a synchronizing CUDA operation (Triggered internally at /pytorch/c10/cuda/CUDAFunctions.cpp:162.)
2026-09-15T04:23:21.190Z   total_n_non_ignore = target_mask.sum().item()
2026-09-15T04:23:21.190Z 
2026-09-15T04:23:21.903Z [2;36m[2026-09-15 04:23:21][0m [33mWARNING [0m [2m[py.warnings:112, db3cfb97005b, rank=1][0m /opt/conda/lib/python3.12/site-packages/liger_kernel/ops/fused_linear_cross_entropy.py:233: UserWarning: called a synchronizing CUDA operation (Triggered internally at /pytorch/c10/cuda/CUDAFunctions.cpp:162.)
2026-09-15T04:23:21.903Z   if not torch.equal(grad_output, torch.tensor(1.0, device=grad_output.device)):
2026-09-15T04:23:21.903Z 
2026-09-15T04:23:27.001Z [2;36m[2026-09-15 04:23:26][0m [34mINFO    [0m [2m[olmo_core.train.callbacks.console_logger:68, db3cfb97005b, rank=0][0m [step=28/61,epoch=1,eta=18m]
2026-09-15T04:23:27.001Z     gpu_memory/GPU active mem (%)=75.91
2026-09-15T04:23:27.001Z     gpu_memory/GPU active mem (GiB)=60.16
2026-09-15T04:23:27.001Z     gpu_memory/GPU reserved mem (%)=81.25
2026-09-15T04:23:27.001Z     gpu_memory/GPU reserved mem (GiB)=64.39
2026-09-15T04:23:27.001Z     optim/LR (group 0)=2.80E-06
2026-09-15T04:23:27.001Z     optim/LR (group 1)=2.80E-06
2026-09-15T04:23:27.001Z     optim/step skipped=0.0
2026-09-15T04:23:27.001Z     optim/total grad norm=3.957
2026-09-15T04:23:27.001Z     throughput/chinchilla multiple=4.36E-05
2026-09-15T04:23:27.001Z     throughput/device/BPS=0.0830
2026-09-15T04:23:27.001Z     throughput/device/BPS (actual avg)=0.0299
2026-09-15T04:23:27.001Z     throughput/device/MFU=39.92
2026-09-15T04:23:27.001Z     throughput/device/MFU (actual avg)=14.40
2026-09-15T04:23:27.001Z     throughput/device/TPS=5,439
2026-09-15T04:23:27.001Z     throughput/device/TPS (actual avg)=1,962
2026-09-15T04:23:27.001Z     throughput/device/flopsPS=124.6T
2026-09-15T04:23:27.001Z     throughput/device/flopsPS (actual avg)=44.93T
2026-09-15T04:23:27.001Z     throughput/total petaflops=84.04
2026-09-15T04:23:27.001Z     throughput/total tokens=3,670,016
2026-09-15T04:23:27.001Z     train/CE loss=0.3239
2026-09-15T04:23:27.001Z     throughput/device/data loading (%)=0.0205
2026-09-15T04:23:27.001Z     throughput/device/data loading (s)=0.0025
2026-09-15T04:23:27.001Z     train/PPL=1.383
2026-09-15T04:23:39.705Z [2;36m[2026-09-15 04:23:39][0m [34mINFO    [0m [2m[olmo_core.train.callbacks.console_logger:68, db3cfb97005b, rank=0][0m [step=29/61,epoch=1,eta=17m]
2026-09-15T04:23:39.705Z     gpu_memory/GPU active mem (%)=75.91
2026-09-15T04:23:39.705Z     gpu_memory/GPU active mem (GiB)=60.16
2026-09-15T04:23:39.705Z     gpu_memory/GPU reserved mem (%)=81.25
2026-09-15T04:23:39.705Z     gpu_memory/GPU reserved mem (GiB)=64.39
2026-09-15T04:23:39.705Z     optim/LR (group 0)=2.71E-06
2026-09-15T04:23:39.705Z     optim/LR (group 1)=2.71E-06
2026-09-15T04:23:39.705Z     optim/step skipped=0.0
2026-09-15T04:23:39.705Z     optim/total grad norm=3.799
2026-09-15T04:23:39.705Z     throughput/chinchilla multiple=4.52E-05
2026-09-15T04:23:39.705Z     throughput/device/BPS=0.0787
2026-09-15T04:23:39.705Z     throughput/device/BPS (actual avg)=0.0306
2026-09-15T04:23:39.705Z     throughput/device/MFU=37.86
2026-09-15T04:23:39.705Z     throughput/device/MFU (actual avg)=14.73
2026-09-15T04:23:39.705Z     throughput/device/TPS=5,158
2026-09-15T04:23:39.705Z     throughput/device/TPS (actual avg)=2,006
2026-09-15T04:23:39.705Z     throughput/device/flopsPS=118.1T
2026-09-15T04:23:39.705Z     throughput/device/flopsPS (actual avg)=45.95T
2026-09-15T04:23:39.705Z     throughput/total petaflops=87.04
2026-09-15T04:23:39.705Z     throughput/total tokens=3,801,088
2026-09-15T04:23:39.705Z     train/CE loss=0.3048
2026-09-15T04:23:39.705Z     throughput/device/data loading (%)=0.0166
2026-09-15T04:23:39.705Z     throughput/device/data loading (s)=0.0021
2026-09-15T04:23:39.706Z     train/PPL=1.356
2026-09-15T04:23:52.374Z [2;36m[2026-09-15 04:23:52][0m [34mINFO    [0m [2m[olmo_core.train.callbacks.console_logger:68, db3cfb97005b, rank=0][0m [step=30/61,epoch=1,eta=16m]
2026-09-15T04:23:52.374Z     gpu_memory/GPU active mem (%)=75.91
2026-09-15T04:23:52.374Z     gpu_memory/GPU active mem (GiB)=60.16
2026-09-15T04:23:52.374Z     gpu_memory/GPU reserved mem (%)=81.25
2026-09-15T04:23:52.374Z     gpu_memory/GPU reserved mem (GiB)=64.39
2026-09-15T04:23:52.374Z     optim/LR (group 0)=2.63E-06
2026-09-15T04:23:52.374Z     optim/LR (group 1)=2.63E-06
2026-09-15T04:23:52.374Z     optim/step skipped=0.0
2026-09-15T04:23:52.374Z     optim/total grad norm=3.272
2026-09-15T04:23:52.374Z     throughput/chinchilla multiple=4.67E-05
2026-09-15T04:23:52.374Z     throughput/device/BPS=0.0789
2026-09-15T04:23:52.374Z     throughput/device/BPS (actual avg)=0.0313
2026-09-15T04:23:52.374Z     throughput/device/MFU=37.97
2026-09-15T04:23:52.374Z     throughput/device/MFU (actual avg)=15.05
2026-09-15T04:23:52.374Z     throughput/device/TPS=5,173
2026-09-15T04:23:52.374Z     throughput/device/TPS (actual avg)=2,049
2026-09-15T04:23:52.374Z     throughput/device/flopsPS=118.5T
2026-09-15T04:23:52.374Z     throughput/device/flopsPS (actual avg)=46.94T
2026-09-15T04:23:52.374Z     throughput/total petaflops=90.04
2026-09-15T04:23:52.374Z     throughput/total tokens=3,932,160
2026-09-15T04:23:52.374Z     train/CE loss=0.2680
2026-09-15T04:23:52.374Z     throughput/device/data loading (%)=0.0193
2026-09-15T04:23:52.374Z     throughput/device/data loading (s)=0.0024
2026-09-15T04:23:52.374Z     train/PPL=1.307
2026-09-15T04:24:04.833Z [2;36m[2026-09-15 04:24:04][0m [34mINFO    [0m [2m[olmo_core.train.callbacks.console_logger:68, db3cfb97005b, rank=0][0m [step=31/61,epoch=1,eta=16m]
2026-09-15T04:24:04.834Z     gpu_memory/GPU active mem (%)=75.91
2026-09-15T04:24:04.834Z     gpu_memory/GPU active mem (GiB)=60.16
2026-09-15T04:24:04.834Z     gpu_memory/GPU reserved mem (%)=81.25
2026-09-15T04:24:04.834Z     gpu_memory/GPU reserved mem (GiB)=64.39
2026-09-15T04:24:04.834Z     optim/LR (group 0)=2.54E-06
2026-09-15T04:24:04.834Z     optim/LR (group 1)=2.54E-06
2026-09-15T04:24:04.834Z     optim/step skipped=0.0
2026-09-15T04:24:04.834Z     optim/total grad norm=5.690
2026-09-15T04:24:04.834Z     throughput/chinchilla multiple=4.83E-05
2026-09-15T04:24:04.834Z     throughput/device/BPS=0.0803
2026-09-15T04:24:04.834Z     throughput/device/BPS (actual avg)=0.0319
2026-09-15T04:24:04.834Z     throughput/device/MFU=38.61
2026-09-15T04:24:04.834Z     throughput/device/MFU (actual avg)=15.36
2026-09-15T04:24:04.834Z     throughput/device/TPS=5,260
2026-09-15T04:24:04.834Z     throughput/device/TPS (actual avg)=2,092
2026-09-15T04:24:04.834Z     throughput/device/flopsPS=120.5T
2026-09-15T04:24:04.834Z     throughput/device/flopsPS (actual avg)=47.92T
2026-09-15T04:24:04.834Z     throughput/total petaflops=93.05
2026-09-15T04:24:04.834Z     throughput/total tokens=4,063,232
2026-09-15T04:24:04.834Z     train/CE loss=0.2906
2026-09-15T04:24:04.834Z     throughput/device/data loading (%)=0.0143
2026-09-15T04:24:04.834Z     throughput/device/data loading (s)=0.0018
2026-09-15T04:24:04.834Z     train/PPL=1.337
2026-09-15T04:24:17.723Z [2;36m[2026-09-15 04:24:17][0m [34mINFO    [0m [2m[olmo_core.train.callbacks.console_logger:68, db3cfb97005b, rank=0][0m [step=32/61,epoch=1,eta=15m]
2026-09-15T04:24:17.723Z     gpu_memory/GPU active mem (%)=75.91
2026-09-15T04:24:17.723Z     gpu_memory/GPU active mem (GiB)=60.16
2026-09-15T04:24:17.723Z     gpu_memory/GPU reserved mem (%)=81.25
2026-09-15T04:24:17.723Z     gpu_memory/GPU reserved mem (GiB)=64.39
2026-09-15T04:24:17.723Z     optim/LR (group 0)=2.46E-06
2026-09-15T04:24:17.723Z     optim/LR (group 1)=2.46E-06
2026-09-15T04:24:17.723Z     optim/step skipped=0.0
2026-09-15T04:24:17.723Z     optim/total grad norm=4.479
2026-09-15T04:24:17.723Z     throughput/chinchilla multiple=4.99E-05
2026-09-15T04:24:17.723Z     throughput/device/BPS=0.0776
2026-09-15T04:24:17.723Z     throughput/device/BPS (actual avg)=0.0325
2026-09-15T04:24:17.723Z     throughput/device/MFU=37.32
2026-09-15T04:24:17.723Z     throughput/device/MFU (actual avg)=15.65
2026-09-15T04:24:17.723Z     throughput/device/TPS=5,084
2026-09-15T04:24:17.723Z     throughput/device/TPS (actual avg)=2,132
2026-09-15T04:24:17.723Z     throughput/device/flopsPS=116.4T
2026-09-15T04:24:17.723Z     throughput/device/flopsPS (actual avg)=48.84T
2026-09-15T04:24:17.723Z     throughput/total petaflops=96.05
2026-09-15T04:24:17.723Z     throughput/total tokens=4,194,304
2026-09-15T04:24:17.723Z     train/CE loss=0.3119
2026-09-15T04:24:17.723Z     throughput/device/data loading (%)=0.0153
2026-09-15T04:24:17.723Z     throughput/device/data loading (s)=0.0020
2026-09-15T04:24:17.723Z     train/PPL=1.366
2026-09-15T04:24:35.400Z [2;36m[2026-09-15 04:24:35][0m [33mWARNING [0m [2m[py.warnings:112, db3cfb97005b, rank=1][0m /opt/conda/lib/python3.12/site-packages/liger_kernel/ops/fused_linear_cross_entropy.py:75: UserWarning: called a synchronizing CUDA operation (Triggered internally at /pytorch/c10/cuda/CUDAFunctions.cpp:162.)
2026-09-15T04:24:35.400Z   total_n_non_ignore = target_mask.sum().item()
2026-09-15T04:24:35.400Z 
2026-09-15T04:24:35.914Z [2;36m[2026-09-15 04:24:35][0m [33mWARNING [0m [2m[py.warnings:112, db3cfb97005b, rank=1][0m /opt/conda/lib/python3.12/site-packages/liger_kernel/ops/fused_linear_cross_entropy.py:233: UserWarning: called a synchronizing CUDA operation (Triggered internally at /pytorch/c10/cuda/CUDAFunctions.cpp:162.)
2026-09-15T04:24:35.914Z   if not torch.equal(grad_output, torch.tensor(1.0, device=grad_output.device)):
2026-09-15T04:24:35.914Z 
2026-09-15T04:24:49.027Z [2;36m[2026-09-15 04:24:49][0m [33mWARNING [0m [2m[py.warnings:112, db3cfb97005b, rank=1][0m /opt/conda/lib/python3.12/site-packages/torch/autograd/graph.py:841: UserWarning: called a synchronizing CUDA operation (Triggered internally at /pytorch/c10/cuda/CUDAFunctions.cpp:162.)
2026-09-15T04:24:49.028Z   return Variable._execution_engine.run_backward(  # Calls into the C++ engine to run the backward pass
2026-09-15T04:24:49.028Z 
2026-09-15T04:24:49.042Z [2;36m[2026-09-15 04:24:49][0m [33mWARNING [0m [2m[py.warnings:112, db3cfb97005b, rank=1][0m /opt/conda/lib/python3.12/site-packages/torch/distributed/utils.py:106: UserWarning: called a synchronizing CUDA operation (Triggered internally at /pytorch/c10/cuda/CUDAFunctions.cpp:162.)
2026-09-15T04:24:49.042Z   return (obj.to(target_device),)
2026-09-15T04:24:49.042Z 
2026-09-15T04:24:49.053Z [2;36m[2026-09-15 04:24:49][0m [33mWARNING [0m [2m[py.warnings:112, db3cfb97005b, rank=1][0m /opt/conda/lib/python3.12/site-packages/olmo_core/nn/transformer/model.py:777: UserWarning: called a synchronizing CUDA operation (Triggered internally at /pytorch/c10/cuda/CUDAFunctions.cpp:162.)
2026-09-15T04:24:49.053Z   n_docs = int(chunk_ids.max().item()) + 1
2026-09-15T04:24:49.053Z 
2026-09-15T04:24:49.061Z [2;36m[2026-09-15 04:24:49][0m [33mWARNING [0m [2m[py.warnings:112, db3cfb97005b, rank=1][0m /opt/conda/lib/python3.12/site-packages/olmo_core/nn/transformer/model.py:834: UserWarning: called a synchronizing CUDA operation (Triggered internally at /pytorch/c10/cuda/CUDAFunctions.cpp:162.)
2026-09-15T04:24:49.061Z   flat = (torch.arange(B, device=emb.device)[:, None] * n_docs + cid.clamp(min=0)).reshape(
2026-09-15T04:24:49.061Z 
2026-09-15T04:24:49.062Z [2;36m[2026-09-15 04:24:49][0m [33mWARNING [0m [2m[py.warnings:112, db3cfb97005b, rank=1][0m /opt/conda/lib/python3.12/site-packages/olmo_core/nn/transformer/model.py:838: UserWarning: called a synchronizing CUDA operation (Triggered internally at /pytorch/c10/cuda/CUDAFunctions.cpp:162.)
2026-09-15T04:24:49.062Z   0, flat, emb.reshape(B * T, D)[is_ctx.reshape(-1)]
2026-09-15T04:24:49.062Z 
2026-09-15T04:24:49.070Z [2;36m[2026-09-15 04:24:49][0m [33mWARNING [0m [2m[py.warnings:112, db3cfb97005b, rank=1][0m /opt/conda/lib/python3.12/site-packages/olmo_core/nn/pooled_soft_token.py:173: UserWarning: called a synchronizing CUDA operation (Triggered internally at /pytorch/c10/cuda/CUDAFunctions.cpp:162.)
2026-09-15T04:24:49.070Z   kept_idx = kept_tok.nonzero(as_tuple=True)[0]
2026-09-15T04:24:49.070Z 
2026-09-15T04:24:49.070Z [2;36m[2026-09-15 04:24:49][0m [33mWARNING [0m [2m[py.warnings:112, db3cfb97005b, rank=1][0m /opt/conda/lib/python3.12/site-packages/olmo_core/nn/pooled_soft_token.py:179: UserWarning: called a synchronizing CUDA operation (Triggered internally at /pytorch/c10/cuda/CUDAFunctions.cpp:162.)
2026-09-15T04:24:49.070Z   if is_ctx.any():
2026-09-15T04:24:49.070Z 
2026-09-15T04:24:49.070Z [2;36m[2026-09-15 04:24:49][0m [33mWARNING [0m [2m[py.warnings:112, db3cfb97005b, rank=1][0m /opt/conda/lib/python3.12/site-packages/olmo_core/nn/pooled_soft_token.py:180: UserWarning: called a synchronizing CUDA operation (Triggered internally at /pytorch/c10/cuda/CUDAFunctions.cpp:162.)
2026-09-15T04:24:49.070Z   d_ix = c[is_ctx]
2026-09-15T04:24:49.070Z 
2026-09-15T04:24:49.071Z [2;36m[2026-09-15 04:24:49][0m [33mWARNING [0m [2m[py.warnings:112, db3cfb97005b, rank=1][0m /opt/conda/lib/python3.12/site-packages/olmo_core/nn/pooled_soft_token.py:181: UserWarning: called a synchronizing CUDA operation (Triggered internally at /pytorch/c10/cuda/CUDAFunctions.cpp:162.)
2026-09-15T04:24:49.071Z   pos_ix = is_ctx.nonzero(as_tuple=True)[0]
2026-09-15T04:24:49.071Z 
2026-09-15T04:24:49.071Z [2;36m[2026-09-15 04:24:49][0m [33mWARNING [0m [2m[py.warnings:112, db3cfb97005b, rank=1][0m /opt/conda/lib/python3.12/site-packages/olmo_core/nn/pooled_soft_token.py:186: UserWarning: called a synchronizing CUDA operation (Triggered internally at /pytorch/c10/cuda/CUDAFunctions.cpp:162.)
2026-09-15T04:24:49.071Z   pooled_docs = pooled.nonzero(as_tuple=True)[0]
2026-09-15T04:24:49.071Z 
2026-09-15T04:24:49.072Z [2;36m[2026-09-15 04:24:49][0m [33mWARNING [0m [2m[py.warnings:112, db3cfb97005b, rank=1][0m /opt/conda/lib/python3.12/site-packages/olmo_core/nn/pooled_soft_token.py:217: UserWarning: called a synchronizing CUDA operation (Triggered internally at /pytorch/c10/cuda/CUDAFunctions.cpp:162.)
2026-09-15T04:24:49.072Z   doc_len = torch.bincount(c[is_ctx], minlength=n_docs) if is_ctx.any() else torch.zeros(n_docs, dtype=torch.long, device=device)
2026-09-15T04:24:49.072Z 
2026-09-15T04:24:49.073Z [2;36m[2026-09-15 04:24:49][0m [33mWARNING [0m [2m[py.warnings:112, db3cfb97005b, rank=1][0m /opt/conda/lib/python3.12/site-packages/olmo_core/nn/pooled_soft_token.py:222: UserWarning: called a synchronizing CUDA operation (Triggered internally at /pytorch/c10/cuda/CUDAFunctions.cpp:162.)
2026-09-15T04:24:49.073Z   soft_cols_b = soft_mask.nonzero(as_tuple=True)[0]
2026-09-15T04:24:49.073Z 
2026-09-15T04:24:49.073Z [2;36m[2026-09-15 04:24:49][0m [33mWARNING [0m [2m[py.warnings:112, db3cfb97005b, rank=1][0m /opt/conda/lib/python3.12/site-packages/olmo_core/nn/pooled_soft_token.py:226: UserWarning: called a synchronizing CUDA operation (Triggered internally at /pytorch/c10/cuda/CUDAFunctions.cpp:162.)
2026-09-15T04:24:49.073Z   cols_l = soft_cols_b.tolist()
2026-09-15T04:24:49.073Z 
2026-09-15T04:24:49.073Z [2;36m[2026-09-15 04:24:49][0m [33mWARNING [0m [2m[py.warnings:112, db3cfb97005b, rank=1][0m /opt/conda/lib/python3.12/site-packages/olmo_core/nn/pooled_soft_token.py:229: UserWarning: called a synchronizing CUDA operation (Triggered internally at /pytorch/c10/cuda/CUDAFunctions.cpp:162.)
2026-09-15T04:24:49.073Z   soft_docs += docs_b.tolist()
2026-09-15T04:24:49.073Z 
2026-09-15T04:24:49.074Z [2;36m[2026-09-15 04:24:49][0m [33mWARNING [0m [2m[py.warnings:112, db3cfb97005b, rank=1][0m /opt/conda/lib/python3.12/site-packages/olmo_core/nn/pooled_soft_token.py:230: UserWarning: called a synchronizing CUDA operation (Triggered internally at /pytorch/c10/cuda/CUDAFunctions.cpp:162.)
2026-09-15T04:24:49.074Z   soft_log_len += lens_b.tolist()
2026-09-15T04:24:49.074Z 
2026-09-15T04:24:49.075Z [2;36m[2026-09-15 04:24:49][0m [33mWARNING [0m [2m[py.warnings:112, db3cfb97005b, rank=1][0m /opt/conda/lib/python3.12/site-packages/olmo_core/nn/pooled_soft_token.py:280: UserWarning: called a synchronizing CUDA operation (Triggered internally at /pytorch/c10/cuda/CUDAFunctions.cpp:162.)
2026-09-15T04:24:49.075Z   row_lens[b] = L
2026-09-15T04:24:49.075Z 
2026-09-15T04:24:49.076Z [2;36m[2026-09-15 04:24:49][0m [33mWARNING [0m [2m[py.warnings:112, db3cfb97005b, rank=1][0m /opt/conda/lib/python3.12/site-packages/olmo_core/nn/pooled_soft_token.py:297: UserWarning: called a synchronizing CUDA operation (Triggered internally at /pytorch/c10/cuda/CUDAFunctions.cpp:162.)
2026-09-15T04:24:49.076Z   soft_rows=torch.tensor(soft_rows, dtype=torch.long, device=device),
2026-09-15T04:24:49.076Z 
2026-09-15T04:24:49.076Z [2;36m[2026-09-15 04:24:49][0m [33mWARNING [0m [2m[py.warnings:112, db3cfb97005b, rank=1][0m /opt/conda/lib/python3.12/site-packages/olmo_core/nn/pooled_soft_token.py:298: UserWarning: called a synchronizing CUDA operation (Triggered internally at /pytorch/c10/cuda/CUDAFunctions.cpp:162.)
2026-09-15T04:24:49.076Z   soft_cols=torch.tensor(soft_cols, dtype=torch.long, device=device),
2026-09-15T04:24:49.076Z 
2026-09-15T04:24:49.077Z [2;36m[2026-09-15 04:24:49][0m [33mWARNING [0m [2m[py.warnings:112, db3cfb97005b, rank=1][0m /opt/conda/lib/python3.12/site-packages/olmo_core/nn/pooled_soft_token.py:299: UserWarning: called a synchronizing CUDA operation (Triggered internally at /pytorch/c10/cuda/CUDAFunctions.cpp:162.)
2026-09-15T04:24:49.077Z   soft_docs=torch.tensor(soft_docs, dtype=torch.long, device=device),
2026-09-15T04:24:49.077Z 
2026-09-15T04:24:49.077Z [2;36m[2026-09-15 04:24:49][0m [33mWARNING [0m [2m[py.warnings:112, db3cfb97005b, rank=1][0m /opt/conda/lib/python3.12/site-packages/olmo_core/nn/pooled_soft_token.py:301: UserWarning: called a synchronizing CUDA operation (Triggered internally at /pytorch/c10/cuda/CUDAFunctions.cpp:162.)
2026-09-15T04:24:49.077Z   soft_log_len=torch.tensor(soft_log_len, dtype=torch.float32, device=device),
2026-09-15T04:24:49.077Z 
2026-09-15T04:24:49.077Z [2;36m[2026-09-15 04:24:49][0m [33mWARNING [0m [2m[py.warnings:112, db3cfb97005b, rank=1][0m /opt/conda/lib/python3.12/site-packages/olmo_core/nn/transformer/model.py:1502: UserWarning: called a synchronizing CUDA operation (Triggered internally at /pytorch/c10/cuda/CUDAFunctions.cpp:162.)
2026-09-15T04:24:49.077Z   kv_grad_mask[cb.soft_rows, cb.soft_cols] = False
2026-09-15T04:24:49.077Z 
2026-09-15T04:24:49.266Z [2;36m[2026-09-15 04:24:49][0m [33mWARNING [0m [2m[py.warnings:112, db3cfb97005b, rank=1][0m /opt/conda/lib/python3.12/site-packages/liger_kernel/ops/fused_linear_cross_entropy.py:75: UserWarning: called a synchronizing CUDA operation (Triggered internally at /pytorch/c10/cuda/CUDAFunctions.cpp:162.)
2026-09-15T04:24:49.266Z   total_n_non_ignore = target_mask.sum().item()
2026-09-15T04:24:49.266Z 
2026-09-15T04:24:50.088Z [2;36m[2026-09-15 04:24:50][0m [33mWARNING [0m [2m[py.warnings:112, db3cfb97005b, rank=1][0m /opt/conda/lib/python3.12/site-packages/liger_kernel/ops/fused_linear_cross_entropy.py:233: UserWarning: called a synchronizing CUDA operation (Triggered internally at /pytorch/c10/cuda/CUDAFunctions.cpp:162.)
2026-09-15T04:24:50.088Z   if not torch.equal(grad_output, torch.tensor(1.0, device=grad_output.device)):
2026-09-15T04:24:50.088Z 
2026-09-15T04:24:54.162Z [2;36m[2026-09-15 04:24:54][0m [34mINFO    [0m [2m[olmo_core.train.callbacks.console_logger:68, db3cfb97005b, rank=0][0m [step=33/61,epoch=1,eta=14m]
2026-09-15T04:24:54.162Z     gpu_memory/GPU active mem (%)=75.91
2026-09-15T04:24:54.162Z     gpu_memory/GPU active mem (GiB)=60.16
2026-09-15T04:24:54.162Z     gpu_memory/GPU reserved mem (%)=81.25
2026-09-15T04:24:54.162Z     gpu_memory/GPU reserved mem (GiB)=64.39
2026-09-15T04:24:54.162Z     optim/LR (group 0)=2.37E-06
2026-09-15T04:24:54.162Z     optim/LR (group 1)=2.37E-06
2026-09-15T04:24:54.162Z     optim/step skipped=0.0
2026-09-15T04:24:54.162Z     optim/total grad norm=4.028
2026-09-15T04:24:54.162Z     throughput/chinchilla multiple=5.14E-05
2026-09-15T04:24:54.162Z     throughput/device/BPS=0.0274
2026-09-15T04:24:54.162Z     throughput/device/BPS (actual avg)=0.0324
2026-09-15T04:24:54.162Z     throughput/device/MFU=13.20
2026-09-15T04:24:54.162Z     throughput/device/MFU (actual avg)=15.56
2026-09-15T04:24:54.162Z     throughput/device/TPS=1,798
2026-09-15T04:24:54.162Z     throughput/device/TPS (actual avg)=2,120
2026-09-15T04:24:54.162Z     throughput/device/flopsPS=41.19T
2026-09-15T04:24:54.162Z     throughput/device/flopsPS (actual avg)=48.56T
2026-09-15T04:24:54.162Z     throughput/total petaflops=99.05
2026-09-15T04:24:54.162Z     throughput/total tokens=4,325,376
2026-09-15T04:24:54.162Z     train/CE loss=0.2567
2026-09-15T04:24:54.162Z     throughput/device/data loading (%)=0.0057
2026-09-15T04:24:54.162Z     throughput/device/data loading (s)=0.0021
2026-09-15T04:24:54.162Z     train/PPL=1.293
2026-09-15T04:25:06.869Z [2;36m[2026-09-15 04:25:06][0m [34mINFO    [0m [2m[olmo_core.train.callbacks.console_logger:68, db3cfb97005b, rank=0][0m [step=34/61,epoch=1,eta=14m]
2026-09-15T04:25:06.869Z     gpu_memory/GPU active mem (%)=75.91
2026-09-15T04:25:06.869Z     gpu_memory/GPU active mem (GiB)=60.16
2026-09-15T04:25:06.869Z     gpu_memory/GPU reserved mem (%)=81.25
2026-09-15T04:25:06.869Z     gpu_memory/GPU reserved mem (GiB)=64.39
2026-09-15T04:25:06.869Z     optim/LR (group 0)=2.29E-06
2026-09-15T04:25:06.869Z     optim/LR (group 1)=2.29E-06
2026-09-15T04:25:06.869Z     optim/step skipped=0.0
2026-09-15T04:25:06.869Z     optim/total grad norm=5.091
2026-09-15T04:25:06.869Z     throughput/chinchilla multiple=5.30E-05
2026-09-15T04:25:06.869Z     throughput/device/BPS=0.0787
2026-09-15T04:25:06.869Z     throughput/device/BPS (actual avg)=0.0329
2026-09-15T04:25:06.869Z     throughput/device/MFU=37.85
2026-09-15T04:25:06.869Z     throughput/device/MFU (actual avg)=15.85
2026-09-15T04:25:06.869Z     throughput/device/TPS=5,157
2026-09-15T04:25:06.869Z     throughput/device/TPS (actual avg)=2,159
2026-09-15T04:25:06.869Z     throughput/device/flopsPS=118.1T
2026-09-15T04:25:06.869Z     throughput/device/flopsPS (actual avg)=49.44T
2026-09-15T04:25:06.869Z     throughput/total petaflops=102.0
2026-09-15T04:25:06.869Z     throughput/total tokens=4,456,448
2026-09-15T04:25:06.869Z     train/CE loss=0.3001
2026-09-15T04:25:06.869Z     throughput/device/data loading (%)=0.0186
2026-09-15T04:25:06.869Z     throughput/device/data loading (s)=0.0024
2026-09-15T04:25:06.869Z     train/PPL=1.350
2026-09-15T04:25:19.015Z [2;36m[2026-09-15 04:25:19][0m [34mINFO    [0m [2m[olmo_core.train.callbacks.console_logger:68, db3cfb97005b, rank=0][0m [step=35/61,epoch=1,eta=13m]
2026-09-15T04:25:19.015Z     gpu_memory/GPU active mem (%)=75.91
2026-09-15T04:25:19.015Z     gpu_memory/GPU active mem (GiB)=60.16
2026-09-15T04:25:19.015Z     gpu_memory/GPU reserved mem (%)=81.25
2026-09-15T04:25:19.015Z     gpu_memory/GPU reserved mem (GiB)=64.39
2026-09-15T04:25:19.015Z     optim/LR (group 0)=2.20E-06
2026-09-15T04:25:19.015Z     optim/LR (group 1)=2.20E-06
2026-09-15T04:25:19.015Z     optim/step skipped=0.0
2026-09-15T04:25:19.015Z     optim/total grad norm=3.992
2026-09-15T04:25:19.015Z     throughput/chinchilla multiple=5.45E-05
2026-09-15T04:25:19.015Z     throughput/device/BPS=0.0823
2026-09-15T04:25:19.015Z     throughput/device/BPS (actual avg)=0.0335
2026-09-15T04:25:19.015Z     throughput/device/MFU=39.60
2026-09-15T04:25:19.015Z     throughput/device/MFU (actual avg)=16.13
2026-09-15T04:25:19.015Z     throughput/device/TPS=5,395
2026-09-15T04:25:19.015Z     throughput/device/TPS (actual avg)=2,197
2026-09-15T04:25:19.015Z     throughput/device/flopsPS=123.5T
2026-09-15T04:25:19.015Z     throughput/device/flopsPS (actual avg)=50.33T
2026-09-15T04:25:19.015Z     throughput/total petaflops=105.1
2026-09-15T04:25:19.015Z     throughput/total tokens=4,587,520
2026-09-15T04:25:19.015Z     train/CE loss=0.2930
2026-09-15T04:25:19.015Z     throughput/device/data loading (%)=0.0224
2026-09-15T04:25:19.015Z     throughput/device/data loading (s)=0.0027
2026-09-15T04:25:19.015Z     train/PPL=1.340
2026-09-15T04:25:31.280Z [2;36m[2026-09-15 04:25:31][0m [34mINFO    [0m [2m[olmo_core.train.callbacks.console_logger:68, db3cfb97005b, rank=0][0m [step=36/61,epoch=1,eta=12m]
2026-09-15T04:25:31.280Z     gpu_memory/GPU active mem (%)=75.91
2026-09-15T04:25:31.280Z     gpu_memory/GPU active mem (GiB)=60.16
2026-09-15T04:25:31.280Z     gpu_memory/GPU reserved mem (%)=81.25
2026-09-15T04:25:31.280Z     gpu_memory/GPU reserved mem (GiB)=64.39
2026-09-15T04:25:31.280Z     optim/LR (group 0)=2.12E-06
2026-09-15T04:25:31.280Z     optim/LR (group 1)=2.12E-06
2026-09-15T04:25:31.280Z     optim/step skipped=0.0
2026-09-15T04:25:31.280Z     optim/total grad norm=4.107
2026-09-15T04:25:31.280Z     throughput/chinchilla multiple=5.61E-05
2026-09-15T04:25:31.280Z     throughput/device/BPS=0.0815
2026-09-15T04:25:31.280Z     throughput/device/BPS (actual avg)=0.0341
2026-09-15T04:25:31.280Z     throughput/device/MFU=39.22
2026-09-15T04:25:31.280Z     throughput/device/MFU (actual avg)=16.41
2026-09-15T04:25:31.280Z     throughput/device/TPS=5,343
2026-09-15T04:25:31.280Z     throughput/device/TPS (actual avg)=2,235
2026-09-15T04:25:31.280Z     throughput/device/flopsPS=122.4T
2026-09-15T04:25:31.280Z     throughput/device/flopsPS (actual avg)=51.19T
2026-09-15T04:25:31.280Z     throughput/total petaflops=108.1
2026-09-15T04:25:31.280Z     throughput/total tokens=4,718,592
2026-09-15T04:25:31.280Z     train/CE loss=0.2833
2026-09-15T04:25:31.280Z     throughput/device/data loading (%)=0.0172
2026-09-15T04:25:31.280Z     throughput/device/data loading (s)=0.0021
2026-09-15T04:25:31.280Z     train/PPL=1.328
2026-09-15T04:25:43.864Z [2;36m[2026-09-15 04:25:43][0m [34mINFO    [0m [2m[olmo_core.train.callbacks.console_logger:68, db3cfb97005b, rank=0][0m [step=37/61,epoch=1,eta=12m]
2026-09-15T04:25:43.864Z     gpu_memory/GPU active mem (%)=75.91
2026-09-15T04:25:43.864Z     gpu_memory/GPU active mem (GiB)=60.16
2026-09-15T04:25:43.864Z     gpu_memory/GPU reserved mem (%)=81.25
2026-09-15T04:25:43.864Z     gpu_memory/GPU reserved mem (GiB)=64.39
2026-09-15T04:25:43.864Z     optim/LR (group 0)=2.03E-06
2026-09-15T04:25:43.864Z     optim/LR (group 1)=2.03E-06
2026-09-15T04:25:43.864Z     optim/step skipped=0.0
2026-09-15T04:25:43.864Z     optim/total grad norm=3.792
2026-09-15T04:25:43.864Z     throughput/chinchilla multiple=5.77E-05
2026-09-15T04:25:43.864Z     throughput/device/BPS=0.0795
2026-09-15T04:25:43.864Z     throughput/device/BPS (actual avg)=0.0347
2026-09-15T04:25:43.864Z     throughput/device/MFU=38.22
2026-09-15T04:25:43.864Z     throughput/device/MFU (actual avg)=16.67
2026-09-15T04:25:43.864Z     throughput/device/TPS=5,207
2026-09-15T04:25:43.864Z     throughput/device/TPS (actual avg)=2,271
2026-09-15T04:25:43.864Z     throughput/device/flopsPS=119.2T
2026-09-15T04:25:43.864Z     throughput/device/flopsPS (actual avg)=52.02T
2026-09-15T04:25:43.864Z     throughput/total petaflops=111.1
2026-09-15T04:25:43.864Z     throughput/total tokens=4,849,664
2026-09-15T04:25:43.864Z     train/CE loss=0.2666
2026-09-15T04:25:43.864Z     throughput/device/data loading (%)=0.0202
2026-09-15T04:25:43.864Z     throughput/device/data loading (s)=0.0025
2026-09-15T04:25:43.864Z     train/PPL=1.306
2026-09-15T04:25:56.336Z [2;36m[2026-09-15 04:25:56][0m [34mINFO    [0m [2m[olmo_core.train.callbacks.console_logger:68, db3cfb97005b, rank=0][0m [step=38/61,epoch=1,eta=11m]
2026-09-15T04:25:56.336Z     gpu_memory/GPU active mem (%)=75.91
2026-09-15T04:25:56.336Z     gpu_memory/GPU active mem (GiB)=60.16
2026-09-15T04:25:56.336Z     gpu_memory/GPU reserved mem (%)=81.25
2026-09-15T04:25:56.336Z     gpu_memory/GPU reserved mem (GiB)=64.39
2026-09-15T04:25:56.336Z     optim/LR (group 0)=1.95E-06
2026-09-15T04:25:56.336Z     optim/LR (group 1)=1.95E-06
2026-09-15T04:25:56.336Z     optim/step skipped=0.0
2026-09-15T04:25:56.336Z     optim/total grad norm=4.595
2026-09-15T04:25:56.336Z     throughput/chinchilla multiple=5.92E-05
2026-09-15T04:25:56.336Z     throughput/device/BPS=0.0802
2026-09-15T04:25:56.336Z     throughput/device/BPS (actual avg)=0.0352
2026-09-15T04:25:56.336Z     throughput/device/MFU=38.57
2026-09-15T04:25:56.336Z     throughput/device/MFU (actual avg)=16.93
2026-09-15T04:25:56.336Z     throughput/device/TPS=5,254
2026-09-15T04:25:56.336Z     throughput/device/TPS (actual avg)=2,306
2026-09-15T04:25:56.336Z     throughput/device/flopsPS=120.3T
2026-09-15T04:25:56.336Z     throughput/device/flopsPS (actual avg)=52.83T
2026-09-15T04:25:56.336Z     throughput/total petaflops=114.1
2026-09-15T04:25:56.336Z     throughput/total tokens=4,980,736
2026-09-15T04:25:56.336Z     train/CE loss=0.2879
2026-09-15T04:25:56.336Z     throughput/device/data loading (%)=0.0164
2026-09-15T04:25:56.336Z     throughput/device/data loading (s)=0.0020
2026-09-15T04:25:56.336Z     train/PPL=1.334
2026-09-15T04:26:07.184Z [2;36m[2026-09-15 04:26:07][0m [33mWARNING [0m [2m[py.warnings:112, db3cfb97005b, rank=1][0m /opt/conda/lib/python3.12/site-packages/liger_kernel/ops/fused_linear_cross_entropy.py:75: UserWarning: called a synchronizing CUDA operation (Triggered internally at /pytorch/c10/cuda/CUDAFunctions.cpp:162.)
2026-09-15T04:26:07.184Z   total_n_non_ignore = target_mask.sum().item()
2026-09-15T04:26:07.184Z 
2026-09-15T04:26:07.835Z [2;36m[2026-09-15 04:26:07][0m [33mWARNING [0m [2m[py.warnings:112, db3cfb97005b, rank=1][0m /opt/conda/lib/python3.12/site-packages/liger_kernel/ops/fused_linear_cross_entropy.py:233: UserWarning: called a synchronizing CUDA operation (Triggered internally at /pytorch/c10/cuda/CUDAFunctions.cpp:162.)
2026-09-15T04:26:07.835Z   if not torch.equal(grad_output, torch.tensor(1.0, device=grad_output.device)):
2026-09-15T04:26:07.835Z 
2026-09-15T04:26:21.264Z [2;36m[2026-09-15 04:26:21][0m [33mWARNING [0m [2m[py.warnings:112, db3cfb97005b, rank=1][0m /opt/conda/lib/python3.12/site-packages/torch/autograd/graph.py:841: UserWarning: called a synchronizing CUDA operation (Triggered internally at /pytorch/c10/cuda/CUDAFunctions.cpp:162.)
2026-09-15T04:26:21.264Z   return Variable._execution_engine.run_backward(  # Calls into the C++ engine to run the backward pass
2026-09-15T04:26:21.264Z 
2026-09-15T04:26:21.265Z [2;36m[2026-09-15 04:26:21][0m [33mWARNING [0m [2m[py.warnings:112, db3cfb97005b, rank=1][0m /opt/conda/lib/python3.12/site-packages/torch/distributed/utils.py:106: UserWarning: called a synchronizing CUDA operation (Triggered internally at /pytorch/c10/cuda/CUDAFunctions.cpp:162.)
2026-09-15T04:26:21.266Z   return (obj.to(target_device),)
2026-09-15T04:26:21.266Z 
2026-09-15T04:26:21.273Z [2;36m[2026-09-15 04:26:21][0m [33mWARNING [0m [2m[py.warnings:112, db3cfb97005b, rank=1][0m /opt/conda/lib/python3.12/site-packages/olmo_core/nn/transformer/model.py:777: UserWarning: called a synchronizing CUDA operation (Triggered internally at /pytorch/c10/cuda/CUDAFunctions.cpp:162.)
2026-09-15T04:26:21.273Z   n_docs = int(chunk_ids.max().item()) + 1
2026-09-15T04:26:21.273Z 
2026-09-15T04:26:21.281Z [2;36m[2026-09-15 04:26:21][0m [33mWARNING [0m [2m[py.warnings:112, db3cfb97005b, rank=1][0m /opt/conda/lib/python3.12/site-packages/olmo_core/nn/transformer/model.py:834: UserWarning: called a synchronizing CUDA operation (Triggered internally at /pytorch/c10/cuda/CUDAFunctions.cpp:162.)
2026-09-15T04:26:21.281Z   flat = (torch.arange(B, device=emb.device)[:, None] * n_docs + cid.clamp(min=0)).reshape(
2026-09-15T04:26:21.281Z 
2026-09-15T04:26:21.282Z [2;36m[2026-09-15 04:26:21][0m [33mWARNING [0m [2m[py.warnings:112, db3cfb97005b, rank=1][0m /opt/conda/lib/python3.12/site-packages/olmo_core/nn/transformer/model.py:838: UserWarning: called a synchronizing CUDA operation (Triggered internally at /pytorch/c10/cuda/CUDAFunctions.cpp:162.)
2026-09-15T04:26:21.282Z   0, flat, emb.reshape(B * T, D)[is_ctx.reshape(-1)]
2026-09-15T04:26:21.282Z 
2026-09-15T04:26:21.291Z [2;36m[2026-09-15 04:26:21][0m [33mWARNING [0m [2m[py.warnings:112, db3cfb97005b, rank=1][0m /opt/conda/lib/python3.12/site-packages/olmo_core/nn/pooled_soft_token.py:173: UserWarning: called a synchronizing CUDA operation (Triggered internally at /pytorch/c10/cuda/CUDAFunctions.cpp:162.)
2026-09-15T04:26:21.291Z   kept_idx = kept_tok.nonzero(as_tuple=True)[0]
2026-09-15T04:26:21.291Z 
2026-09-15T04:26:21.292Z [2;36m[2026-09-15 04:26:21][0m [33mWARNING [0m [2m[py.warnings:112, db3cfb97005b, rank=1][0m /opt/conda/lib/python3.12/site-packages/olmo_core/nn/pooled_soft_token.py:179: UserWarning: called a synchronizing CUDA operation (Triggered internally at /pytorch/c10/cuda/CUDAFunctions.cpp:162.)
2026-09-15T04:26:21.292Z   if is_ctx.any():
2026-09-15T04:26:21.292Z 
2026-09-15T04:26:21.292Z [2;36m[2026-09-15 04:26:21][0m [33mWARNING [0m [2m[py.warnings:112, db3cfb97005b, rank=1][0m /opt/conda/lib/python3.12/site-packages/olmo_core/nn/pooled_soft_token.py:180: UserWarning: called a synchronizing CUDA operation (Triggered internally at /pytorch/c10/cuda/CUDAFunctions.cpp:162.)
2026-09-15T04:26:21.292Z   d_ix = c[is_ctx]
2026-09-15T04:26:21.292Z 
2026-09-15T04:26:21.292Z [2;36m[2026-09-15 04:26:21][0m [33mWARNING [0m [2m[py.warnings:112, db3cfb97005b, rank=1][0m /opt/conda/lib/python3.12/site-packages/olmo_core/nn/pooled_soft_token.py:181: UserWarning: called a synchronizing CUDA operation (Triggered internally at /pytorch/c10/cuda/CUDAFunctions.cpp:162.)
2026-09-15T04:26:21.292Z   pos_ix = is_ctx.nonzero(as_tuple=True)[0]
2026-09-15T04:26:21.292Z 
2026-09-15T04:26:21.293Z [2;36m[2026-09-15 04:26:21][0m [33mWARNING [0m [2m[py.warnings:112, db3cfb97005b, rank=1][0m /opt/conda/lib/python3.12/site-packages/olmo_core/nn/pooled_soft_token.py:186: UserWarning: called a synchronizing CUDA operation (Triggered internally at /pytorch/c10/cuda/CUDAFunctions.cpp:162.)
2026-09-15T04:26:21.293Z   pooled_docs = pooled.nonzero(as_tuple=True)[0]
2026-09-15T04:26:21.293Z 
2026-09-15T04:26:21.294Z [2;36m[2026-09-15 04:26:21][0m [33mWARNING [0m [2m[py.warnings:112, db3cfb97005b, rank=1][0m /opt/conda/lib/python3.12/site-packages/olmo_core/nn/pooled_soft_token.py:217: UserWarning: called a synchronizing CUDA operation (Triggered internally at /pytorch/c10/cuda/CUDAFunctions.cpp:162.)
2026-09-15T04:26:21.294Z   doc_len = torch.bincount(c[is_ctx], minlength=n_docs) if is_ctx.any() else torch.zeros(n_docs, dtype=torch.long, device=device)
2026-09-15T04:26:21.294Z 
2026-09-15T04:26:21.294Z [2;36m[2026-09-15 04:26:21][0m [33mWARNING [0m [2m[py.warnings:112, db3cfb97005b, rank=1][0m /opt/conda/lib/python3.12/site-packages/olmo_core/nn/pooled_soft_token.py:222: UserWarning: called a synchronizing CUDA operation (Triggered internally at /pytorch/c10/cuda/CUDAFunctions.cpp:162.)
2026-09-15T04:26:21.294Z   soft_cols_b = soft_mask.nonzero(as_tuple=True)[0]
2026-09-15T04:26:21.294Z 
2026-09-15T04:26:21.294Z [2;36m[2026-09-15 04:26:21][0m [33mWARNING [0m [2m[py.warnings:112, db3cfb97005b, rank=1][0m /opt/conda/lib/python3.12/site-packages/olmo_core/nn/pooled_soft_token.py:226: UserWarning: called a synchronizing CUDA operation (Triggered internally at /pytorch/c10/cuda/CUDAFunctions.cpp:162.)
2026-09-15T04:26:21.294Z   cols_l = soft_cols_b.tolist()
2026-09-15T04:26:21.294Z 
2026-09-15T04:26:21.295Z [2;36m[2026-09-15 04:26:21][0m [33mWARNING [0m [2m[py.warnings:112, db3cfb97005b, rank=1][0m /opt/conda/lib/python3.12/site-packages/olmo_core/nn/pooled_soft_token.py:229: UserWarning: called a synchronizing CUDA operation (Triggered internally at /pytorch/c10/cuda/CUDAFunctions.cpp:162.)
2026-09-15T04:26:21.295Z   soft_docs += docs_b.tolist()
2026-09-15T04:26:21.295Z 
2026-09-15T04:26:21.295Z [2;36m[2026-09-15 04:26:21][0m [33mWARNING [0m [2m[py.warnings:112, db3cfb97005b, rank=1][0m /opt/conda/lib/python3.12/site-packages/olmo_core/nn/pooled_soft_token.py:230: UserWarning: called a synchronizing CUDA operation (Triggered internally at /pytorch/c10/cuda/CUDAFunctions.cpp:162.)
2026-09-15T04:26:21.295Z   soft_log_len += lens_b.tolist()
2026-09-15T04:26:21.295Z 
2026-09-15T04:26:21.297Z [2;36m[2026-09-15 04:26:21][0m [33mWARNING [0m [2m[py.warnings:112, db3cfb97005b, rank=1][0m /opt/conda/lib/python3.12/site-packages/olmo_core/nn/pooled_soft_token.py:280: UserWarning: called a synchronizing CUDA operation (Triggered internally at /pytorch/c10/cuda/CUDAFunctions.cpp:162.)
2026-09-15T04:26:21.297Z   row_lens[b] = L
2026-09-15T04:26:21.297Z 
2026-09-15T04:26:21.297Z [2;36m[2026-09-15 04:26:21][0m [33mWARNING [0m [2m[py.warnings:112, db3cfb97005b, rank=1][0m /opt/conda/lib/python3.12/site-packages/olmo_core/nn/pooled_soft_token.py:297: UserWarning: called a synchronizing CUDA operation (Triggered internally at /pytorch/c10/cuda/CUDAFunctions.cpp:162.)
2026-09-15T04:26:21.297Z   soft_rows=torch.tensor(soft_rows, dtype=torch.long, device=device),
2026-09-15T04:26:21.297Z 
2026-09-15T04:26:21.298Z [2;36m[2026-09-15 04:26:21][0m [33mWARNING [0m [2m[py.warnings:112, db3cfb97005b, rank=1][0m /opt/conda/lib/python3.12/site-packages/olmo_core/nn/pooled_soft_token.py:298: UserWarning: called a synchronizing CUDA operation (Triggered internally at /pytorch/c10/cuda/CUDAFunctions.cpp:162.)
2026-09-15T04:26:21.298Z   soft_cols=torch.tensor(soft_cols, dtype=torch.long, device=device),
2026-09-15T04:26:21.298Z 
2026-09-15T04:26:21.298Z [2;36m[2026-09-15 04:26:21][0m [33mWARNING [0m [2m[py.warnings:112, db3cfb97005b, rank=1][0m /opt/conda/lib/python3.12/site-packages/olmo_core/nn/pooled_soft_token.py:299: UserWarning: called a synchronizing CUDA operation (Triggered internally at /pytorch/c10/cuda/CUDAFunctions.cpp:162.)
2026-09-15T04:26:21.298Z   soft_docs=torch.tensor(soft_docs, dtype=torch.long, device=device),
2026-09-15T04:26:21.298Z 
2026-09-15T04:26:21.298Z [2;36m[2026-09-15 04:26:21][0m [33mWARNING [0m [2m[py.warnings:112, db3cfb97005b, rank=1][0m /opt/conda/lib/python3.12/site-packages/olmo_core/nn/pooled_soft_token.py:301: UserWarning: called a synchronizing CUDA operation (Triggered internally at /pytorch/c10/cuda/CUDAFunctions.cpp:162.)
2026-09-15T04:26:21.298Z   soft_log_len=torch.tensor(soft_log_len, dtype=torch.float32, device=device),
2026-09-15T04:26:21.298Z 
2026-09-15T04:26:21.299Z [2;36m[2026-09-15 04:26:21][0m [33mWARNING [0m [2m[py.warnings:112, db3cfb97005b, rank=1][0m /opt/conda/lib/python3.12/site-packages/olmo_core/nn/transformer/model.py:1502: UserWarning: called a synchronizing CUDA operation (Triggered internally at /pytorch/c10/cuda/CUDAFunctions.cpp:162.)
2026-09-15T04:26:21.299Z   kv_grad_mask[cb.soft_rows, cb.soft_cols] = False
2026-09-15T04:26:21.299Z 
2026-09-15T04:26:21.478Z [2;36m[2026-09-15 04:26:21][0m [33mWARNING [0m [2m[py.warnings:112, db3cfb97005b, rank=1][0m /opt/conda/lib/python3.12/site-packages/liger_kernel/ops/fused_linear_cross_entropy.py:75: UserWarning: called a synchronizing CUDA operation (Triggered internally at /pytorch/c10/cuda/CUDAFunctions.cpp:162.)
2026-09-15T04:26:21.478Z   total_n_non_ignore = target_mask.sum().item()
2026-09-15T04:26:21.478Z 
2026-09-15T04:26:22.262Z [2;36m[2026-09-15 04:26:22][0m [33mWARNING [0m [2m[py.warnings:112, db3cfb97005b, rank=1][0m /opt/conda/lib/python3.12/site-packages/liger_kernel/ops/fused_linear_cross_entropy.py:233: UserWarning: called a synchronizing CUDA operation (Triggered internally at /pytorch/c10/cuda/CUDAFunctions.cpp:162.)
2026-09-15T04:26:22.262Z   if not torch.equal(grad_output, torch.tensor(1.0, device=grad_output.device)):
2026-09-15T04:26:22.262Z 
2026-09-15T04:26:32.325Z [2;36m[2026-09-15 04:26:32][0m [34mINFO    [0m [2m[olmo_core.train.callbacks.console_logger:68, db3cfb97005b, rank=0][0m [step=39/61,epoch=1,eta=11m]
2026-09-15T04:26:32.325Z     gpu_memory/GPU active mem (%)=75.91
2026-09-15T04:26:32.325Z     gpu_memory/GPU active mem (GiB)=60.16
2026-09-15T04:26:32.325Z     gpu_memory/GPU reserved mem (%)=81.25
2026-09-15T04:26:32.325Z     gpu_memory/GPU reserved mem (GiB)=64.39
2026-09-15T04:26:32.325Z     optim/LR (group 0)=1.86E-06
2026-09-15T04:26:32.325Z     optim/LR (group 1)=1.86E-06
2026-09-15T04:26:32.325Z     optim/step skipped=0.0
2026-09-15T04:26:32.325Z     optim/total grad norm=3.206
2026-09-15T04:26:32.325Z     throughput/chinchilla multiple=6.08E-05
2026-09-15T04:26:32.325Z     throughput/device/BPS=0.0278
2026-09-15T04:26:32.325Z     throughput/device/BPS (actual avg)=0.0350
2026-09-15T04:26:32.325Z     throughput/device/MFU=13.37
2026-09-15T04:26:32.325Z     throughput/device/MFU (actual avg)=16.81
2026-09-15T04:26:32.325Z     throughput/device/TPS=1,821
2026-09-15T04:26:32.325Z     throughput/device/TPS (actual avg)=2,290
2026-09-15T04:26:32.325Z     throughput/device/flopsPS=41.70T
2026-09-15T04:26:32.325Z     throughput/device/flopsPS (actual avg)=52.46T
2026-09-15T04:26:32.325Z     throughput/total petaflops=117.1
2026-09-15T04:26:32.325Z     throughput/total tokens=5,111,808
2026-09-15T04:26:32.325Z     train/CE loss=0.2521
2026-09-15T04:26:32.325Z     throughput/device/data loading (%)=0.0063
2026-09-15T04:26:32.325Z     throughput/device/data loading (s)=0.0023
2026-09-15T04:26:32.325Z     train/PPL=1.287
2026-09-15T04:26:45.013Z [2;36m[2026-09-15 04:26:45][0m [34mINFO    [0m [2m[olmo_core.train.callbacks.console_logger:68, db3cfb97005b, rank=0][0m [step=40/61,epoch=1,eta=10m]
2026-09-15T04:26:45.014Z     gpu_memory/GPU active mem (%)=75.91
2026-09-15T04:26:45.014Z     gpu_memory/GPU active mem (GiB)=60.16
2026-09-15T04:26:45.014Z     gpu_memory/GPU reserved mem (%)=81.25
2026-09-15T04:26:45.014Z     gpu_memory/GPU reserved mem (GiB)=64.39
2026-09-15T04:26:45.014Z     optim/LR (group 0)=1.78E-06
2026-09-15T04:26:45.014Z     optim/LR (group 1)=1.78E-06
2026-09-15T04:26:45.014Z     optim/step skipped=0.0
2026-09-15T04:26:45.014Z     optim/total grad norm=4.517
2026-09-15T04:26:45.014Z     throughput/chinchilla multiple=6.23E-05
2026-09-15T04:26:45.014Z     throughput/device/BPS=0.0788
2026-09-15T04:26:45.014Z     throughput/device/BPS (actual avg)=0.0355
2026-09-15T04:26:45.014Z     throughput/device/MFU=37.91
2026-09-15T04:26:45.014Z     throughput/device/MFU (actual avg)=17.06
2026-09-15T04:26:45.014Z     throughput/device/TPS=5,164
2026-09-15T04:26:45.014Z     throughput/device/TPS (actual avg)=2,324
2026-09-15T04:26:45.014Z     throughput/device/flopsPS=118.3T
2026-09-15T04:26:45.014Z     throughput/device/flopsPS (actual avg)=53.22T
2026-09-15T04:26:45.014Z     throughput/total petaflops=120.1
2026-09-15T04:26:45.014Z     throughput/total tokens=5,242,880
2026-09-15T04:26:45.014Z     train/CE loss=0.2603
2026-09-15T04:26:45.014Z     throughput/device/data loading (%)=0.0190
2026-09-15T04:26:45.014Z     throughput/device/data loading (s)=0.0024
2026-09-15T04:26:45.014Z     train/PPL=1.297
2026-09-15T04:26:46.605Z [2;36m[2026-09-15 04:26:46][0m [33mWARNING [0m [2m[py.warnings:112, db3cfb97005b, rank=1][0m /opt/conda/lib/python3.12/site-packages/torch/autograd/graph.py:841: UserWarning: called a synchronizing CUDA operation (Triggered internally at /pytorch/c10/cuda/CUDAFunctions.cpp:162.)
2026-09-15T04:26:46.605Z   return Variable._execution_engine.run_backward(  # Calls into the C++ engine to run the backward pass
2026-09-15T04:26:46.605Z 
2026-09-15T04:26:46.607Z [2;36m[2026-09-15 04:26:46][0m [33mWARNING [0m [2m[py.warnings:112, db3cfb97005b, rank=1][0m /opt/conda/lib/python3.12/site-packages/torch/distributed/utils.py:106: UserWarning: called a synchronizing CUDA operation (Triggered internally at /pytorch/c10/cuda/CUDAFunctions.cpp:162.)
2026-09-15T04:26:46.607Z   return (obj.to(target_device),)
2026-09-15T04:26:46.607Z 
2026-09-15T04:26:46.615Z [2;36m[2026-09-15 04:26:46][0m [33mWARNING [0m [2m[py.warnings:112, db3cfb97005b, rank=1][0m /opt/conda/lib/python3.12/site-packages/olmo_core/nn/transformer/model.py:777: UserWarning: called a synchronizing CUDA operation (Triggered internally at /pytorch/c10/cuda/CUDAFunctions.cpp:162.)
2026-09-15T04:26:46.615Z   n_docs = int(chunk_ids.max().item()) + 1
2026-09-15T04:26:46.615Z 
2026-09-15T04:26:46.623Z [2;36m[2026-09-15 04:26:46][0m [33mWARNING [0m [2m[py.warnings:112, db3cfb97005b, rank=1][0m /opt/conda/lib/python3.12/site-packages/olmo_core/nn/transformer/model.py:834: UserWarning: called a synchronizing CUDA operation (Triggered internally at /pytorch/c10/cuda/CUDAFunctions.cpp:162.)
2026-09-15T04:26:46.623Z   flat = (torch.arange(B, device=emb.device)[:, None] * n_docs + cid.clamp(min=0)).reshape(
2026-09-15T04:26:46.623Z 
2026-09-15T04:26:46.623Z [2;36m[2026-09-15 04:26:46][0m [33mWARNING [0m [2m[py.warnings:112, db3cfb97005b, rank=1][0m /opt/conda/lib/python3.12/site-packages/olmo_core/nn/transformer/model.py:838: UserWarning: called a synchronizing CUDA operation (Triggered internally at /pytorch/c10/cuda/CUDAFunctions.cpp:162.)
2026-09-15T04:26:46.623Z   0, flat, emb.reshape(B * T, D)[is_ctx.reshape(-1)]
2026-09-15T04:26:46.623Z 
2026-09-15T04:26:46.633Z [2;36m[2026-09-15 04:26:46][0m [33mWARNING [0m [2m[py.warnings:112, db3cfb97005b, rank=1][0m /opt/conda/lib/python3.12/site-packages/olmo_core/nn/pooled_soft_token.py:173: UserWarning: called a synchronizing CUDA operation (Triggered internally at /pytorch/c10/cuda/CUDAFunctions.cpp:162.)
2026-09-15T04:26:46.633Z   kept_idx = kept_tok.nonzero(as_tuple=True)[0]
2026-09-15T04:26:46.633Z 
2026-09-15T04:26:46.634Z [2;36m[2026-09-15 04:26:46][0m [33mWARNING [0m [2m[py.warnings:112, db3cfb97005b, rank=1][0m /opt/conda/lib/python3.12/site-packages/olmo_core/nn/pooled_soft_token.py:179: UserWarning: called a synchronizing CUDA operation (Triggered internally at /pytorch/c10/cuda/CUDAFunctions.cpp:162.)
2026-09-15T04:26:46.634Z   if is_ctx.any():
2026-09-15T04:26:46.634Z 
2026-09-15T04:26:46.634Z [2;36m[2026-09-15 04:26:46][0m [33mWARNING [0m [2m[py.warnings:112, db3cfb97005b, rank=1][0m /opt/conda/lib/python3.12/site-packages/olmo_core/nn/pooled_soft_token.py:180: UserWarning: called a synchronizing CUDA operation (Triggered internally at /pytorch/c10/cuda/CUDAFunctions.cpp:162.)
2026-09-15T04:26:46.634Z   d_ix = c[is_ctx]
2026-09-15T04:26:46.634Z 
2026-09-15T04:26:46.634Z [2;36m[2026-09-15 04:26:46][0m [33mWARNING [0m [2m[py.warnings:112, db3cfb97005b, rank=1][0m /opt/conda/lib/python3.12/site-packages/olmo_core/nn/pooled_soft_token.py:181: UserWarning: called a synchronizing CUDA operation (Triggered internally at /pytorch/c10/cuda/CUDAFunctions.cpp:162.)
2026-09-15T04:26:46.634Z   pos_ix = is_ctx.nonzero(as_tuple=True)[0]
2026-09-15T04:26:46.634Z 
2026-09-15T04:26:46.635Z [2;36m[2026-09-15 04:26:46][0m [33mWARNING [0m [2m[py.warnings:112, db3cfb97005b, rank=1][0m /opt/conda/lib/python3.12/site-packages/olmo_core/nn/pooled_soft_token.py:186: UserWarning: called a synchronizing CUDA operation (Triggered internally at /pytorch/c10/cuda/CUDAFunctions.cpp:162.)
2026-09-15T04:26:46.635Z   pooled_docs = pooled.nonzero(as_tuple=True)[0]
2026-09-15T04:26:46.635Z 
2026-09-15T04:26:46.636Z [2;36m[2026-09-15 04:26:46][0m [33mWARNING [0m [2m[py.warnings:112, db3cfb97005b, rank=1][0m /opt/conda/lib/python3.12/site-packages/olmo_core/nn/pooled_soft_token.py:217: UserWarning: called a synchronizing CUDA operation (Triggered internally at /pytorch/c10/cuda/CUDAFunctions.cpp:162.)
2026-09-15T04:26:46.636Z   doc_len = torch.bincount(c[is_ctx], minlength=n_docs) if is_ctx.any() else torch.zeros(n_docs, dtype=torch.long, device=device)
2026-09-15T04:26:46.636Z 
2026-09-15T04:26:46.636Z [2;36m[2026-09-15 04:26:46][0m [33mWARNING [0m [2m[py.warnings:112, db3cfb97005b, rank=1][0m /opt/conda/lib/python3.12/site-packages/olmo_core/nn/pooled_soft_token.py:222: UserWarning: called a synchronizing CUDA operation (Triggered internally at /pytorch/c10/cuda/CUDAFunctions.cpp:162.)
2026-09-15T04:26:46.636Z   soft_cols_b = soft_mask.nonzero(as_tuple=True)[0]
2026-09-15T04:26:46.636Z 
2026-09-15T04:26:46.636Z [2;36m[2026-09-15 04:26:46][0m [33mWARNING [0m [2m[py.warnings:112, db3cfb97005b, rank=1][0m /opt/conda/lib/python3.12/site-packages/olmo_core/nn/pooled_soft_token.py:226: UserWarning: called a synchronizing CUDA operation (Triggered internally at /pytorch/c10/cuda/CUDAFunctions.cpp:162.)
2026-09-15T04:26:46.636Z   cols_l = soft_cols_b.tolist()
2026-09-15T04:26:46.636Z 
2026-09-15T04:26:46.637Z [2;36m[2026-09-15 04:26:46][0m [33mWARNING [0m [2m[py.warnings:112, db3cfb97005b, rank=1][0m /opt/conda/lib/python3.12/site-packages/olmo_core/nn/pooled_soft_token.py:229: UserWarning: called a synchronizing CUDA operation (Triggered internally at /pytorch/c10/cuda/CUDAFunctions.cpp:162.)
2026-09-15T04:26:46.637Z   soft_docs += docs_b.tolist()
2026-09-15T04:26:46.637Z 
2026-09-15T04:26:46.637Z [2;36m[2026-09-15 04:26:46][0m [33mWARNING [0m [2m[py.warnings:112, db3cfb97005b, rank=1][0m /opt/conda/lib/python3.12/site-packages/olmo_core/nn/pooled_soft_token.py:230: UserWarning: called a synchronizing CUDA operation (Triggered internally at /pytorch/c10/cuda/CUDAFunctions.cpp:162.)
2026-09-15T04:26:46.637Z   soft_log_len += lens_b.tolist()
2026-09-15T04:26:46.637Z 
2026-09-15T04:26:46.639Z [2;36m[2026-09-15 04:26:46][0m [33mWARNING [0m [2m[py.warnings:112, db3cfb97005b, rank=1][0m /opt/conda/lib/python3.12/site-packages/olmo_core/nn/pooled_soft_token.py:280: UserWarning: called a synchronizing CUDA operation (Triggered internally at /pytorch/c10/cuda/CUDAFunctions.cpp:162.)
2026-09-15T04:26:46.639Z   row_lens[b] = L
2026-09-15T04:26:46.639Z 
2026-09-15T04:26:46.639Z [2;36m[2026-09-15 04:26:46][0m [33mWARNING [0m [2m[py.warnings:112, db3cfb97005b, rank=1][0m /opt/conda/lib/python3.12/site-packages/olmo_core/nn/pooled_soft_token.py:297: UserWarning: called a synchronizing CUDA operation (Triggered internally at /pytorch/c10/cuda/CUDAFunctions.cpp:162.)
2026-09-15T04:26:46.639Z   soft_rows=torch.tensor(soft_rows, dtype=torch.long, device=device),
2026-09-15T04:26:46.639Z 
2026-09-15T04:26:46.640Z [2;36m[2026-09-15 04:26:46][0m [33mWARNING [0m [2m[py.warnings:112, db3cfb97005b, rank=1][0m /opt/conda/lib/python3.12/site-packages/olmo_core/nn/pooled_soft_token.py:298: UserWarning: called a synchronizing CUDA operation (Triggered internally at /pytorch/c10/cuda/CUDAFunctions.cpp:162.)
2026-09-15T04:26:46.640Z   soft_cols=torch.tensor(soft_cols, dtype=torch.long, device=device),
2026-09-15T04:26:46.640Z 
2026-09-15T04:26:46.640Z [2;36m[2026-09-15 04:26:46][0m [33mWARNING [0m [2m[py.warnings:112, db3cfb97005b, rank=1][0m /opt/conda/lib/python3.12/site-packages/olmo_core/nn/pooled_soft_token.py:299: UserWarning: called a synchronizing CUDA operation (Triggered internally at /pytorch/c10/cuda/CUDAFunctions.cpp:162.)
2026-09-15T04:26:46.640Z   soft_docs=torch.tensor(soft_docs, dtype=torch.long, device=device),
2026-09-15T04:26:46.640Z 
2026-09-15T04:26:46.640Z [2;36m[2026-09-15 04:26:46][0m [33mWARNING [0m [2m[py.warnings:112, db3cfb97005b, rank=1][0m /opt/conda/lib/python3.12/site-packages/olmo_core/nn/pooled_soft_token.py:301: UserWarning: called a synchronizing CUDA operation (Triggered internally at /pytorch/c10/cuda/CUDAFunctions.cpp:162.)
2026-09-15T04:26:46.640Z   soft_log_len=torch.tensor(soft_log_len, dtype=torch.float32, device=device),
2026-09-15T04:26:46.640Z 
2026-09-15T04:26:46.641Z [2;36m[2026-09-15 04:26:46][0m [33mWARNING [0m [2m[py.warnings:112, db3cfb97005b, rank=1][0m /opt/conda/lib/python3.12/site-packages/olmo_core/nn/transformer/model.py:1502: UserWarning: called a synchronizing CUDA operation (Triggered internally at /pytorch/c10/cuda/CUDAFunctions.cpp:162.)
2026-09-15T04:26:46.641Z   kv_grad_mask[cb.soft_rows, cb.soft_cols] = False
2026-09-15T04:26:46.641Z 
2026-09-15T04:26:46.822Z [2;36m[2026-09-15 04:26:46][0m [33mWARNING [0m [2m[py.warnings:112, db3cfb97005b, rank=1][0m /opt/conda/lib/python3.12/site-packages/liger_kernel/ops/fused_linear_cross_entropy.py:75: UserWarning: called a synchronizing CUDA operation (Triggered internally at /pytorch/c10/cuda/CUDAFunctions.cpp:162.)
2026-09-15T04:26:46.822Z   total_n_non_ignore = target_mask.sum().item()
2026-09-15T04:26:46.822Z 
2026-09-15T04:26:47.675Z [2;36m[2026-09-15 04:26:47][0m [33mWARNING [0m [2m[py.warnings:112, db3cfb97005b, rank=1][0m /opt/conda/lib/python3.12/site-packages/liger_kernel/ops/fused_linear_cross_entropy.py:233: UserWarning: called a synchronizing CUDA operation (Triggered internally at /pytorch/c10/cuda/CUDAFunctions.cpp:162.)
2026-09-15T04:26:47.675Z   if not torch.equal(grad_output, torch.tensor(1.0, device=grad_output.device)):
2026-09-15T04:26:47.675Z 
2026-09-15T04:26:57.376Z [2;36m[2026-09-15 04:26:57][0m [34mINFO    [0m [2m[olmo_core.train.callbacks.console_logger:68, db3cfb97005b, rank=0][0m [step=41/61,epoch=1,eta=9m]
2026-09-15T04:26:57.376Z     gpu_memory/GPU active mem (%)=75.91
2026-09-15T04:26:57.376Z     gpu_memory/GPU active mem (GiB)=60.16
2026-09-15T04:26:57.376Z     gpu_memory/GPU reserved mem (%)=81.25
2026-09-15T04:26:57.376Z     gpu_memory/GPU reserved mem (GiB)=64.39
2026-09-15T04:26:57.376Z     optim/LR (group 0)=1.69E-06
2026-09-15T04:26:57.376Z     optim/LR (group 1)=1.69E-06
2026-09-15T04:26:57.376Z     optim/step skipped=0.0
2026-09-15T04:26:57.376Z     optim/total grad norm=3.805
2026-09-15T04:26:57.376Z     throughput/chinchilla multiple=6.39E-05
2026-09-15T04:26:57.376Z     throughput/device/BPS=0.0809
2026-09-15T04:26:57.376Z     throughput/device/BPS (actual avg)=0.0360
2026-09-15T04:26:57.376Z     throughput/device/MFU=38.91
2026-09-15T04:26:57.376Z     throughput/device/MFU (actual avg)=17.30
2026-09-15T04:26:57.376Z     throughput/device/TPS=5,301
2026-09-15T04:26:57.376Z     throughput/device/TPS (actual avg)=2,357
2026-09-15T04:26:57.376Z     throughput/device/flopsPS=121.4T
2026-09-15T04:26:57.376Z     throughput/device/flopsPS (actual avg)=53.98T
2026-09-15T04:26:57.376Z     throughput/total petaflops=123.1
2026-09-15T04:26:57.376Z     throughput/total tokens=5,373,952
2026-09-15T04:26:57.376Z     train/CE loss=0.2702
2026-09-15T04:26:57.376Z     throughput/device/data loading (%)=0.0147
2026-09-15T04:26:57.376Z     throughput/device/data loading (s)=0.0018
2026-09-15T04:26:57.376Z     train/PPL=1.310
2026-09-15T04:27:09.870Z [2;36m[2026-09-15 04:27:09][0m [34mINFO    [0m [2m[olmo_core.train.callbacks.console_logger:68, db3cfb97005b, rank=0][0m [step=42/61,epoch=1,eta=9m]
2026-09-15T04:27:09.871Z     gpu_memory/GPU active mem (%)=75.91
2026-09-15T04:27:09.871Z     gpu_memory/GPU active mem (GiB)=60.16
2026-09-15T04:27:09.871Z     gpu_memory/GPU reserved mem (%)=81.25
2026-09-15T04:27:09.871Z     gpu_memory/GPU reserved mem (GiB)=64.39
2026-09-15T04:27:09.871Z     optim/LR (group 0)=1.61E-06
2026-09-15T04:27:09.871Z     optim/LR (group 1)=1.61E-06
2026-09-15T04:27:09.871Z     optim/step skipped=0.0
2026-09-15T04:27:09.871Z     optim/total grad norm=4.041
2026-09-15T04:27:09.871Z     throughput/chinchilla multiple=6.54E-05
2026-09-15T04:27:09.871Z     throughput/device/BPS=0.0800
2026-09-15T04:27:09.871Z     throughput/device/BPS (actual avg)=0.0365
2026-09-15T04:27:09.871Z     throughput/device/MFU=38.49
2026-09-15T04:27:09.871Z     throughput/device/MFU (actual avg)=17.54
2026-09-15T04:27:09.871Z     throughput/device/TPS=5,244
2026-09-15T04:27:09.871Z     throughput/device/TPS (actual avg)=2,389
2026-09-15T04:27:09.871Z     throughput/device/flopsPS=120.1T
2026-09-15T04:27:09.871Z     throughput/device/flopsPS (actual avg)=54.71T
2026-09-15T04:27:09.871Z     throughput/total petaflops=126.1
2026-09-15T04:27:09.871Z     throughput/total tokens=5,505,024
2026-09-15T04:27:09.871Z     train/CE loss=0.2882
2026-09-15T04:27:09.871Z     throughput/device/data loading (%)=0.0181
2026-09-15T04:27:09.871Z     throughput/device/data loading (s)=0.0023
2026-09-15T04:27:09.871Z     train/PPL=1.334
2026-09-15T04:27:22.726Z [2;36m[2026-09-15 04:27:22][0m [34mINFO    [0m [2m[olmo_core.train.callbacks.console_logger:68, db3cfb97005b, rank=0][0m [step=43/61,epoch=1,eta=8m]
2026-09-15T04:27:22.726Z     gpu_memory/GPU active mem (%)=75.91
2026-09-15T04:27:22.726Z     gpu_memory/GPU active mem (GiB)=60.16
2026-09-15T04:27:22.726Z     gpu_memory/GPU reserved mem (%)=81.25
2026-09-15T04:27:22.726Z     gpu_memory/GPU reserved mem (GiB)=64.39
2026-09-15T04:27:22.726Z     optim/LR (group 0)=1.53E-06
2026-09-15T04:27:22.726Z     optim/LR (group 1)=1.53E-06
2026-09-15T04:27:22.726Z     optim/step skipped=0.0
2026-09-15T04:27:22.726Z     optim/total grad norm=3.592
2026-09-15T04:27:22.726Z     throughput/chinchilla multiple=6.70E-05
2026-09-15T04:27:22.726Z     throughput/device/BPS=0.0778
2026-09-15T04:27:22.726Z     throughput/device/BPS (actual avg)=0.0369
2026-09-15T04:27:22.726Z     throughput/device/MFU=37.42
2026-09-15T04:27:22.726Z     throughput/device/MFU (actual avg)=17.76
2026-09-15T04:27:22.726Z     throughput/device/TPS=5,097
2026-09-15T04:27:22.726Z     throughput/device/TPS (actual avg)=2,419
2026-09-15T04:27:22.726Z     throughput/device/flopsPS=116.7T
2026-09-15T04:27:22.726Z     throughput/device/flopsPS (actual avg)=55.41T
2026-09-15T04:27:22.726Z     throughput/total petaflops=129.1
2026-09-15T04:27:22.726Z     throughput/total tokens=5,636,096
2026-09-15T04:27:22.726Z     train/CE loss=0.2549
2026-09-15T04:27:22.726Z     throughput/device/data loading (%)=0.0166
2026-09-15T04:27:22.726Z     throughput/device/data loading (s)=0.0021
2026-09-15T04:27:22.726Z     train/PPL=1.290
2026-09-15T04:27:35.383Z [2;36m[2026-09-15 04:27:35][0m [34mINFO    [0m [2m[olmo_core.train.callbacks.console_logger:68, db3cfb97005b, rank=0][0m [step=44/61,epoch=1,eta=8m]
2026-09-15T04:27:35.383Z     gpu_memory/GPU active mem (%)=75.91
2026-09-15T04:27:35.383Z     gpu_memory/GPU active mem (GiB)=60.16
2026-09-15T04:27:35.383Z     gpu_memory/GPU reserved mem (%)=81.25
2026-09-15T04:27:35.383Z     gpu_memory/GPU reserved mem (GiB)=64.39
2026-09-15T04:27:35.383Z     optim/LR (group 0)=1.44E-06
2026-09-15T04:27:35.383Z     optim/LR (group 1)=1.44E-06
2026-09-15T04:27:35.383Z     optim/step skipped=0.0
2026-09-15T04:27:35.383Z     optim/total grad norm=4.641
2026-09-15T04:27:35.383Z     throughput/chinchilla multiple=6.86E-05
2026-09-15T04:27:35.383Z     throughput/device/BPS=0.0790
2026-09-15T04:27:35.383Z     throughput/device/BPS (actual avg)=0.0374
2026-09-15T04:27:35.383Z     throughput/device/MFU=38.01
2026-09-15T04:27:35.383Z     throughput/device/MFU (actual avg)=17.98
2026-09-15T04:27:35.383Z     throughput/device/TPS=5,178
2026-09-15T04:27:35.383Z     throughput/device/TPS (actual avg)=2,450
2026-09-15T04:27:35.383Z     throughput/device/flopsPS=118.6T
2026-09-15T04:27:35.383Z     throughput/device/flopsPS (actual avg)=56.11T
2026-09-15T04:27:35.383Z     throughput/total petaflops=132.1
2026-09-15T04:27:35.383Z     throughput/total tokens=5,767,168
2026-09-15T04:27:35.383Z     train/CE loss=0.2986
2026-09-15T04:27:35.383Z     throughput/device/data loading (%)=0.0203
2026-09-15T04:27:35.383Z     throughput/device/data loading (s)=0.0026
2026-09-15T04:27:35.383Z     train/PPL=1.348
2026-09-15T04:27:48.585Z [2;36m[2026-09-15 04:27:48][0m [34mINFO    [0m [2m[olmo_core.train.callbacks.console_logger:68, db3cfb97005b, rank=0][0m [step=45/61,epoch=1,eta=7m]
2026-09-15T04:27:48.585Z     gpu_memory/GPU active mem (%)=75.91
2026-09-15T04:27:48.585Z     gpu_memory/GPU active mem (GiB)=60.16
2026-09-15T04:27:48.585Z     gpu_memory/GPU reserved mem (%)=81.25
2026-09-15T04:27:48.585Z     gpu_memory/GPU reserved mem (GiB)=64.39
2026-09-15T04:27:48.585Z     optim/LR (group 0)=1.36E-06
2026-09-15T04:27:48.585Z     optim/LR (group 1)=1.36E-06
2026-09-15T04:27:48.585Z     optim/step skipped=0.0
2026-09-15T04:27:48.585Z     optim/total grad norm=3.977
2026-09-15T04:27:48.585Z     throughput/chinchilla multiple=7.01E-05
2026-09-15T04:27:48.585Z     throughput/device/BPS=0.0757
2026-09-15T04:27:48.585Z     throughput/device/BPS (actual avg)=0.0378
2026-09-15T04:27:48.585Z     throughput/device/MFU=36.43
2026-09-15T04:27:48.585Z     throughput/device/MFU (actual avg)=18.19
2026-09-15T04:27:48.585Z     throughput/device/TPS=4,963
2026-09-15T04:27:48.585Z     throughput/device/TPS (actual avg)=2,478
2026-09-15T04:27:48.585Z     throughput/device/flopsPS=113.7T
2026-09-15T04:27:48.585Z     throughput/device/flopsPS (actual avg)=56.76T
2026-09-15T04:27:48.585Z     throughput/total petaflops=135.1
2026-09-15T04:27:48.585Z     throughput/total tokens=5,898,240
2026-09-15T04:27:48.585Z     train/CE loss=0.2411
2026-09-15T04:27:48.585Z     throughput/device/data loading (%)=0.0157
2026-09-15T04:27:48.585Z     throughput/device/data loading (s)=0.0021
2026-09-15T04:27:48.585Z     train/PPL=1.273
2026-09-15T04:28:00.485Z [2;36m[2026-09-15 04:28:00][0m [34mINFO    [0m [2m[olmo_core.train.callbacks.console_logger:68, db3cfb97005b, rank=0][0m [step=46/61,epoch=1,eta=7m]
2026-09-15T04:28:00.485Z     gpu_memory/GPU active mem (%)=75.91
2026-09-15T04:28:00.485Z     gpu_memory/GPU active mem (GiB)=60.16
2026-09-15T04:28:00.485Z     gpu_memory/GPU reserved mem (%)=81.25
2026-09-15T04:28:00.485Z     gpu_memory/GPU reserved mem (GiB)=64.39
2026-09-15T04:28:00.485Z     optim/LR (group 0)=1.27E-06
2026-09-15T04:28:00.485Z     optim/LR (group 1)=1.27E-06
2026-09-15T04:28:00.485Z     optim/step skipped=0.0
2026-09-15T04:28:00.485Z     optim/total grad norm=3.432
2026-09-15T04:28:00.485Z     throughput/chinchilla multiple=7.17E-05
2026-09-15T04:28:00.485Z     throughput/device/BPS=0.0840
2026-09-15T04:28:00.485Z     throughput/device/BPS (actual avg)=0.0383
2026-09-15T04:28:00.485Z     throughput/device/MFU=40.42
2026-09-15T04:28:00.485Z     throughput/device/MFU (actual avg)=18.42
2026-09-15T04:28:00.485Z     throughput/device/TPS=5,507
2026-09-15T04:28:00.485Z     throughput/device/TPS (actual avg)=2,509
2026-09-15T04:28:00.485Z     throughput/device/flopsPS=126.1T
2026-09-15T04:28:00.485Z     throughput/device/flopsPS (actual avg)=57.46T
2026-09-15T04:28:00.485Z     throughput/total petaflops=138.1
2026-09-15T04:28:00.485Z     throughput/total tokens=6,029,312
2026-09-15T04:28:00.485Z     train/CE loss=0.2339
2026-09-15T04:28:00.485Z     throughput/device/data loading (%)=0.0210
2026-09-15T04:28:00.485Z     throughput/device/data loading (s)=0.0025
2026-09-15T04:28:00.485Z     train/PPL=1.263
2026-09-15T04:28:13.383Z [2;36m[2026-09-15 04:28:13][0m [34mINFO    [0m [2m[olmo_core.train.callbacks.console_logger:68, db3cfb97005b, rank=0][0m [step=47/61,epoch=1,eta=6m]
2026-09-15T04:28:13.384Z     gpu_memory/GPU active mem (%)=75.91
2026-09-15T04:28:13.384Z     gpu_memory/GPU active mem (GiB)=60.16
2026-09-15T04:28:13.384Z     gpu_memory/GPU reserved mem (%)=81.25
2026-09-15T04:28:13.384Z     gpu_memory/GPU reserved mem (GiB)=64.39
2026-09-15T04:28:13.384Z     optim/LR (group 0)=1.19E-06
2026-09-15T04:28:13.384Z     optim/LR (group 1)=1.19E-06
2026-09-15T04:28:13.384Z     optim/step skipped=0.0
2026-09-15T04:28:13.384Z     optim/total grad norm=3.471
2026-09-15T04:28:13.384Z     throughput/chinchilla multiple=7.32E-05
2026-09-15T04:28:13.384Z     throughput/device/BPS=0.0775
2026-09-15T04:28:13.384Z     throughput/device/BPS (actual avg)=0.0387
2026-09-15T04:28:13.384Z     throughput/device/MFU=37.29
2026-09-15T04:28:13.384Z     throughput/device/MFU (actual avg)=18.62
2026-09-15T04:28:13.384Z     throughput/device/TPS=5,080
2026-09-15T04:28:13.384Z     throughput/device/TPS (actual avg)=2,537
2026-09-15T04:28:13.384Z     throughput/device/flopsPS=116.4T
2026-09-15T04:28:13.384Z     throughput/device/flopsPS (actual avg)=58.10T
2026-09-15T04:28:13.384Z     throughput/total petaflops=141.1
2026-09-15T04:28:13.384Z     throughput/total tokens=6,160,384
2026-09-15T04:28:13.384Z     train/CE loss=0.2505
2026-09-15T04:28:13.384Z     throughput/device/data loading (%)=0.0189
2026-09-15T04:28:13.384Z     throughput/device/data loading (s)=0.0024
2026-09-15T04:28:13.384Z     train/PPL=1.285
2026-09-15T04:28:25.995Z [2;36m[2026-09-15 04:28:25][0m [34mINFO    [0m [2m[olmo_core.train.callbacks.console_logger:68, db3cfb97005b, rank=0][0m [step=48/61,epoch=1,eta=6m]
2026-09-15T04:28:25.995Z     gpu_memory/GPU active mem (%)=75.91
2026-09-15T04:28:25.995Z     gpu_memory/GPU active mem (GiB)=60.16
2026-09-15T04:28:25.995Z     gpu_memory/GPU reserved mem (%)=81.25
2026-09-15T04:28:25.995Z     gpu_memory/GPU reserved mem (GiB)=64.39
2026-09-15T04:28:25.995Z     optim/LR (group 0)=1.10E-06
2026-09-15T04:28:25.995Z     optim/LR (group 1)=1.10E-06
2026-09-15T04:28:25.995Z     optim/step skipped=0.0
2026-09-15T04:28:25.995Z     optim/total grad norm=3.902
2026-09-15T04:28:25.995Z     throughput/chinchilla multiple=7.48E-05
2026-09-15T04:28:25.995Z     throughput/device/BPS=0.0793
2026-09-15T04:28:25.995Z     throughput/device/BPS (actual avg)=0.0391
2026-09-15T04:28:25.995Z     throughput/device/MFU=38.14
2026-09-15T04:28:25.995Z     throughput/device/MFU (actual avg)=18.83
2026-09-15T04:28:25.995Z     throughput/device/TPS=5,196
2026-09-15T04:28:25.995Z     throughput/device/TPS (actual avg)=2,565
2026-09-15T04:28:25.995Z     throughput/device/flopsPS=119.0T
2026-09-15T04:28:25.995Z     throughput/device/flopsPS (actual avg)=58.74T
2026-09-15T04:28:25.995Z     throughput/total petaflops=144.1
2026-09-15T04:28:25.995Z     throughput/total tokens=6,291,456
2026-09-15T04:28:25.995Z     train/CE loss=0.2680
2026-09-15T04:28:25.995Z     throughput/device/data loading (%)=0.0195
2026-09-15T04:28:25.995Z     throughput/device/data loading (s)=0.0025
2026-09-15T04:28:25.995Z     train/PPL=1.307
2026-09-15T04:28:38.861Z [2;36m[2026-09-15 04:28:38][0m [34mINFO    [0m [2m[olmo_core.train.callbacks.console_logger:68, db3cfb97005b, rank=0][0m [step=49/61,epoch=1,eta=5m]
2026-09-15T04:28:38.861Z     gpu_memory/GPU active mem (%)=75.91
2026-09-15T04:28:38.861Z     gpu_memory/GPU active mem (GiB)=60.16
2026-09-15T04:28:38.861Z     gpu_memory/GPU reserved mem (%)=81.25
2026-09-15T04:28:38.861Z     gpu_memory/GPU reserved mem (GiB)=64.39
2026-09-15T04:28:38.861Z     optim/LR (group 0)=1.02E-06
2026-09-15T04:28:38.861Z     optim/LR (group 1)=1.02E-06
2026-09-15T04:28:38.861Z     optim/step skipped=0.0
2026-09-15T04:28:38.861Z     optim/total grad norm=3.669
2026-09-15T04:28:38.861Z     throughput/chinchilla multiple=7.64E-05
2026-09-15T04:28:38.861Z     throughput/device/BPS=0.0777
2026-09-15T04:28:38.861Z     throughput/device/BPS (actual avg)=0.0396
2026-09-15T04:28:38.861Z     throughput/device/MFU=37.38
2026-09-15T04:28:38.861Z     throughput/device/MFU (actual avg)=19.02
2026-09-15T04:28:38.861Z     throughput/device/TPS=5,093
2026-09-15T04:28:38.861Z     throughput/device/TPS (actual avg)=2,591
2026-09-15T04:28:38.861Z     throughput/device/flopsPS=116.6T
2026-09-15T04:28:38.861Z     throughput/device/flopsPS (actual avg)=59.36T
2026-09-15T04:28:38.861Z     throughput/total petaflops=147.1
2026-09-15T04:28:38.861Z     throughput/total tokens=6,422,528
2026-09-15T04:28:38.861Z     train/CE loss=0.2824
2026-09-15T04:28:38.861Z     throughput/device/data loading (%)=0.0174
2026-09-15T04:28:38.861Z     throughput/device/data loading (s)=0.0022
2026-09-15T04:28:38.861Z     train/PPL=1.326
2026-09-15T04:28:50.926Z [2;36m[2026-09-15 04:28:50][0m [34mINFO    [0m [2m[olmo_core.train.callbacks.flop_meter:165, db3cfb97005b, rank=0][0m [flop-meter] step 50: actual 46.36 PF, dense-equivalent 80.65 PF (ratio 0.575), tokens 3.5M
2026-09-15T04:28:50.990Z [2;36m[2026-09-15 04:28:50][0m [34mINFO    [0m [2m[olmo_core.train.callbacks.console_logger:68, db3cfb97005b, rank=0][0m [step=50/61,epoch=1,eta=5m]
2026-09-15T04:28:50.990Z     gpu_memory/GPU active mem (%)=75.91
2026-09-15T04:28:50.990Z     gpu_memory/GPU active mem (GiB)=60.16
2026-09-15T04:28:50.990Z     gpu_memory/GPU reserved mem (%)=81.25
2026-09-15T04:28:50.990Z     gpu_memory/GPU reserved mem (GiB)=64.39
2026-09-15T04:28:50.990Z     optim/LR (group 0)=9.32E-07
2026-09-15T04:28:50.990Z     optim/LR (group 1)=9.32E-07
2026-09-15T04:28:50.990Z     optim/step skipped=0.0
2026-09-15T04:28:50.990Z     optim/total grad norm=4.155
2026-09-15T04:28:50.990Z     throughput/chinchilla multiple=7.79E-05
2026-09-15T04:28:50.990Z     throughput/device/BPS=0.0824
2026-09-15T04:28:50.990Z     throughput/device/BPS (actual avg)=0.0400
2026-09-15T04:28:50.990Z     throughput/device/MFU=39.65
2026-09-15T04:28:50.990Z     throughput/device/MFU (actual avg)=19.23
2026-09-15T04:28:50.990Z     throughput/device/TPS=5,402
2026-09-15T04:28:50.990Z     throughput/device/TPS (actual avg)=2,619
2026-09-15T04:28:50.990Z     throughput/device/flopsPS=123.7T
2026-09-15T04:28:50.990Z     throughput/device/flopsPS (actual avg)=59.99T
2026-09-15T04:28:50.990Z     throughput/total petaflops=150.1
2026-09-15T04:28:50.990Z     throughput/total tokens=6,553,600
2026-09-15T04:28:50.990Z     train/CE loss=0.2789
2026-09-15T04:28:50.990Z     throughput/device/data loading (%)=0.0193
2026-09-15T04:28:50.990Z     throughput/device/data loading (s)=0.0023
2026-09-15T04:28:50.990Z     train/PPL=1.322
2026-09-15T04:29:03.293Z [2;36m[2026-09-15 04:29:03][0m [34mINFO    [0m [2m[olmo_core.train.callbacks.console_logger:68, db3cfb97005b, rank=0][0m [step=51/61,epoch=1,eta=4m]
2026-09-15T04:29:03.293Z     gpu_memory/GPU active mem (%)=75.91
2026-09-15T04:29:03.293Z     gpu_memory/GPU active mem (GiB)=60.16
2026-09-15T04:29:03.293Z     gpu_memory/GPU reserved mem (%)=81.25
2026-09-15T04:29:03.293Z     gpu_memory/GPU reserved mem (GiB)=64.39
2026-09-15T04:29:03.293Z     optim/LR (group 0)=8.47E-07
2026-09-15T04:29:03.293Z     optim/LR (group 1)=8.47E-07
2026-09-15T04:29:03.293Z     optim/step skipped=0.0
2026-09-15T04:29:03.293Z     optim/total grad norm=5.715
2026-09-15T04:29:03.293Z     throughput/chinchilla multiple=7.95E-05
2026-09-15T04:29:03.293Z     throughput/device/BPS=0.0813
2026-09-15T04:29:03.293Z     throughput/device/BPS (actual avg)=0.0404
2026-09-15T04:29:03.293Z     throughput/device/MFU=39.10
2026-09-15T04:29:03.293Z     throughput/device/MFU (actual avg)=19.43
2026-09-15T04:29:03.293Z     throughput/device/TPS=5,327
2026-09-15T04:29:03.293Z     throughput/device/TPS (actual avg)=2,646
2026-09-15T04:29:03.293Z     throughput/device/flopsPS=122.0T
2026-09-15T04:29:03.293Z     throughput/device/flopsPS (actual avg)=60.61T
2026-09-15T04:29:03.293Z     throughput/total petaflops=153.1
2026-09-15T04:29:03.293Z     throughput/total tokens=6,684,672
2026-09-15T04:29:03.293Z     train/CE loss=0.2575
2026-09-15T04:29:03.293Z     throughput/device/data loading (%)=0.0177
2026-09-15T04:29:03.293Z     throughput/device/data loading (s)=0.0022
2026-09-15T04:29:03.293Z     train/PPL=1.294
2026-09-15T04:29:11.297Z [2;36m[2026-09-15 04:29:11][0m [33mWARNING [0m [2m[py.warnings:112, db3cfb97005b, rank=0][0m /opt/conda/lib/python3.12/site-packages/torch/autograd/graph.py:841: UserWarning: called a synchronizing CUDA operation (Triggered internally at /pytorch/c10/cuda/CUDAFunctions.cpp:162.)
2026-09-15T04:29:11.297Z   return Variable._execution_engine.run_backward(  # Calls into the C++ engine to run the backward pass
2026-09-15T04:29:11.297Z 
2026-09-15T04:29:11.299Z [2;36m[2026-09-15 04:29:11][0m [33mWARNING [0m [2m[py.warnings:112, db3cfb97005b, rank=0][0m /opt/conda/lib/python3.12/site-packages/torch/distributed/utils.py:106: UserWarning: called a synchronizing CUDA operation (Triggered internally at /pytorch/c10/cuda/CUDAFunctions.cpp:162.)
2026-09-15T04:29:11.299Z   return (obj.to(target_device),)
2026-09-15T04:29:11.299Z 
2026-09-15T04:29:11.309Z [2;36m[2026-09-15 04:29:11][0m [33mWARNING [0m [2m[py.warnings:112, db3cfb97005b, rank=0][0m /opt/conda/lib/python3.12/site-packages/olmo_core/nn/transformer/model.py:777: UserWarning: called a synchronizing CUDA operation (Triggered internally at /pytorch/c10/cuda/CUDAFunctions.cpp:162.)
2026-09-15T04:29:11.309Z   n_docs = int(chunk_ids.max().item()) + 1
2026-09-15T04:29:11.309Z 
2026-09-15T04:29:11.317Z [2;36m[2026-09-15 04:29:11][0m [33mWARNING [0m [2m[py.warnings:112, db3cfb97005b, rank=0][0m /opt/conda/lib/python3.12/site-packages/olmo_core/nn/transformer/model.py:834: UserWarning: called a synchronizing CUDA operation (Triggered internally at /pytorch/c10/cuda/CUDAFunctions.cpp:162.)
2026-09-15T04:29:11.317Z   flat = (torch.arange(B, device=emb.device)[:, None] * n_docs + cid.clamp(min=0)).reshape(
2026-09-15T04:29:11.317Z 
2026-09-15T04:29:11.318Z [2;36m[2026-09-15 04:29:11][0m [33mWARNING [0m [2m[py.warnings:112, db3cfb97005b, rank=0][0m /opt/conda/lib/python3.12/site-packages/olmo_core/nn/transformer/model.py:838: UserWarning: called a synchronizing CUDA operation (Triggered internally at /pytorch/c10/cuda/CUDAFunctions.cpp:162.)
2026-09-15T04:29:11.318Z   0, flat, emb.reshape(B * T, D)[is_ctx.reshape(-1)]
2026-09-15T04:29:11.318Z 
2026-09-15T04:29:11.325Z [2;36m[2026-09-15 04:29:11][0m [33mWARNING [0m [2m[py.warnings:112, db3cfb97005b, rank=0][0m /opt/conda/lib/python3.12/site-packages/olmo_core/nn/pooled_soft_token.py:173: UserWarning: called a synchronizing CUDA operation (Triggered internally at /pytorch/c10/cuda/CUDAFunctions.cpp:162.)
2026-09-15T04:29:11.325Z   kept_idx = kept_tok.nonzero(as_tuple=True)[0]
2026-09-15T04:29:11.325Z 
2026-09-15T04:29:11.325Z [2;36m[2026-09-15 04:29:11][0m [33mWARNING [0m [2m[py.warnings:112, db3cfb97005b, rank=0][0m /opt/conda/lib/python3.12/site-packages/olmo_core/nn/pooled_soft_token.py:179: UserWarning: called a synchronizing CUDA operation (Triggered internally at /pytorch/c10/cuda/CUDAFunctions.cpp:162.)
2026-09-15T04:29:11.325Z   if is_ctx.any():
2026-09-15T04:29:11.325Z 
2026-09-15T04:29:11.326Z [2;36m[2026-09-15 04:29:11][0m [33mWARNING [0m [2m[py.warnings:112, db3cfb97005b, rank=0][0m /opt/conda/lib/python3.12/site-packages/olmo_core/nn/pooled_soft_token.py:180: UserWarning: called a synchronizing CUDA operation (Triggered internally at /pytorch/c10/cuda/CUDAFunctions.cpp:162.)
2026-09-15T04:29:11.326Z   d_ix = c[is_ctx]
2026-09-15T04:29:11.326Z 
2026-09-15T04:29:11.326Z [2;36m[2026-09-15 04:29:11][0m [33mWARNING [0m [2m[py.warnings:112, db3cfb97005b, rank=0][0m /opt/conda/lib/python3.12/site-packages/olmo_core/nn/pooled_soft_token.py:181: UserWarning: called a synchronizing CUDA operation (Triggered internally at /pytorch/c10/cuda/CUDAFunctions.cpp:162.)
2026-09-15T04:29:11.326Z   pos_ix = is_ctx.nonzero(as_tuple=True)[0]
2026-09-15T04:29:11.326Z 
2026-09-15T04:29:11.327Z [2;36m[2026-09-15 04:29:11][0m [33mWARNING [0m [2m[py.warnings:112, db3cfb97005b, rank=0][0m /opt/conda/lib/python3.12/site-packages/olmo_core/nn/pooled_soft_token.py:186: UserWarning: called a synchronizing CUDA operation (Triggered internally at /pytorch/c10/cuda/CUDAFunctions.cpp:162.)
2026-09-15T04:29:11.327Z   pooled_docs = pooled.nonzero(as_tuple=True)[0]
2026-09-15T04:29:11.327Z 
2026-09-15T04:29:11.328Z [2;36m[2026-09-15 04:29:11][0m [33mWARNING [0m [2m[py.warnings:112, db3cfb97005b, rank=0][0m /opt/conda/lib/python3.12/site-packages/olmo_core/nn/pooled_soft_token.py:217: UserWarning: called a synchronizing CUDA operation (Triggered internally at /pytorch/c10/cuda/CUDAFunctions.cpp:162.)
2026-09-15T04:29:11.328Z   doc_len = torch.bincount(c[is_ctx], minlength=n_docs) if is_ctx.any() else torch.zeros(n_docs, dtype=torch.long, device=device)
2026-09-15T04:29:11.328Z 
2026-09-15T04:29:11.329Z [2;36m[2026-09-15 04:29:11][0m [33mWARNING [0m [2m[py.warnings:112, db3cfb97005b, rank=0][0m /opt/conda/lib/python3.12/site-packages/olmo_core/nn/pooled_soft_token.py:222: UserWarning: called a synchronizing CUDA operation (Triggered internally at /pytorch/c10/cuda/CUDAFunctions.cpp:162.)
2026-09-15T04:29:11.329Z   soft_cols_b = soft_mask.nonzero(as_tuple=True)[0]
2026-09-15T04:29:11.329Z 
2026-09-15T04:29:11.329Z [2;36m[2026-09-15 04:29:11][0m [33mWARNING [0m [2m[py.warnings:112, db3cfb97005b, rank=0][0m /opt/conda/lib/python3.12/site-packages/olmo_core/nn/pooled_soft_token.py:226: UserWarning: called a synchronizing CUDA operation (Triggered internally at /pytorch/c10/cuda/CUDAFunctions.cpp:162.)
2026-09-15T04:29:11.329Z   cols_l = soft_cols_b.tolist()
2026-09-15T04:29:11.329Z 
2026-09-15T04:29:11.330Z [2;36m[2026-09-15 04:29:11][0m [33mWARNING [0m [2m[py.warnings:112, db3cfb97005b, rank=0][0m /opt/conda/lib/python3.12/site-packages/olmo_core/nn/pooled_soft_token.py:229: UserWarning: called a synchronizing CUDA operation (Triggered internally at /pytorch/c10/cuda/CUDAFunctions.cpp:162.)
2026-09-15T04:29:11.330Z   soft_docs += docs_b.tolist()
2026-09-15T04:29:11.330Z 
2026-09-15T04:29:11.330Z [2;36m[2026-09-15 04:29:11][0m [33mWARNING [0m [2m[py.warnings:112, db3cfb97005b, rank=0][0m /opt/conda/lib/python3.12/site-packages/olmo_core/nn/pooled_soft_token.py:230: UserWarning: called a synchronizing CUDA operation (Triggered internally at /pytorch/c10/cuda/CUDAFunctions.cpp:162.)
2026-09-15T04:29:11.330Z   soft_log_len += lens_b.tolist()
2026-09-15T04:29:11.330Z 
2026-09-15T04:29:11.333Z [2;36m[2026-09-15 04:29:11][0m [33mWARNING [0m [2m[py.warnings:112, db3cfb97005b, rank=0][0m /opt/conda/lib/python3.12/site-packages/olmo_core/nn/pooled_soft_token.py:280: UserWarning: called a synchronizing CUDA operation (Triggered internally at /pytorch/c10/cuda/CUDAFunctions.cpp:162.)
2026-09-15T04:29:11.333Z   row_lens[b] = L
2026-09-15T04:29:11.333Z 
2026-09-15T04:29:11.333Z [2;36m[2026-09-15 04:29:11][0m [33mWARNING [0m [2m[py.warnings:112, db3cfb97005b, rank=0][0m /opt/conda/lib/python3.12/site-packages/olmo_core/nn/pooled_soft_token.py:297: UserWarning: called a synchronizing CUDA operation (Triggered internally at /pytorch/c10/cuda/CUDAFunctions.cpp:162.)
2026-09-15T04:29:11.333Z   soft_rows=torch.tensor(soft_rows, dtype=torch.long, device=device),
2026-09-15T04:29:11.333Z 
2026-09-15T04:29:11.334Z [2;36m[2026-09-15 04:29:11][0m [33mWARNING [0m [2m[py.warnings:112, db3cfb97005b, rank=0][0m /opt/conda/lib/python3.12/site-packages/olmo_core/nn/pooled_soft_token.py:298: UserWarning: called a synchronizing CUDA operation (Triggered internally at /pytorch/c10/cuda/CUDAFunctions.cpp:162.)
2026-09-15T04:29:11.334Z   soft_cols=torch.tensor(soft_cols, dtype=torch.long, device=device),
2026-09-15T04:29:11.334Z 
2026-09-15T04:29:11.334Z [2;36m[2026-09-15 04:29:11][0m [33mWARNING [0m [2m[py.warnings:112, db3cfb97005b, rank=0][0m /opt/conda/lib/python3.12/site-packages/olmo_core/nn/pooled_soft_token.py:299: UserWarning: called a synchronizing CUDA operation (Triggered internally at /pytorch/c10/cuda/CUDAFunctions.cpp:162.)
2026-09-15T04:29:11.334Z   soft_docs=torch.tensor(soft_docs, dtype=torch.long, device=device),
2026-09-15T04:29:11.334Z 
2026-09-15T04:29:11.335Z [2;36m[2026-09-15 04:29:11][0m [33mWARNING [0m [2m[py.warnings:112, db3cfb97005b, rank=0][0m /opt/conda/lib/python3.12/site-packages/olmo_core/nn/pooled_soft_token.py:301: UserWarning: called a synchronizing CUDA operation (Triggered internally at /pytorch/c10/cuda/CUDAFunctions.cpp:162.)
2026-09-15T04:29:11.335Z   soft_log_len=torch.tensor(soft_log_len, dtype=torch.float32, device=device),
2026-09-15T04:29:11.335Z 
2026-09-15T04:29:11.335Z [2;36m[2026-09-15 04:29:11][0m [33mWARNING [0m [2m[py.warnings:112, db3cfb97005b, rank=0][0m /opt/conda/lib/python3.12/site-packages/olmo_core/nn/transformer/model.py:1502: UserWarning: called a synchronizing CUDA operation (Triggered internally at /pytorch/c10/cuda/CUDAFunctions.cpp:162.)
2026-09-15T04:29:11.335Z   kv_grad_mask[cb.soft_rows, cb.soft_cols] = False
2026-09-15T04:29:11.335Z 
2026-09-15T04:29:11.492Z [2;36m[2026-09-15 04:29:11][0m [33mWARNING [0m [2m[py.warnings:112, db3cfb97005b, rank=0][0m /opt/conda/lib/python3.12/site-packages/liger_kernel/ops/fused_linear_cross_entropy.py:75: UserWarning: called a synchronizing CUDA operation (Triggered internally at /pytorch/c10/cuda/CUDAFunctions.cpp:162.)
2026-09-15T04:29:11.492Z   total_n_non_ignore = target_mask.sum().item()
2026-09-15T04:29:11.492Z 
2026-09-15T04:29:12.236Z [2;36m[2026-09-15 04:29:12][0m [33mWARNING [0m [2m[py.warnings:112, db3cfb97005b, rank=0][0m /opt/conda/lib/python3.12/site-packages/liger_kernel/ops/fused_linear_cross_entropy.py:233: UserWarning: called a synchronizing CUDA operation (Triggered internally at /pytorch/c10/cuda/CUDAFunctions.cpp:162.)
2026-09-15T04:29:12.236Z   if not torch.equal(grad_output, torch.tensor(1.0, device=grad_output.device)):
2026-09-15T04:29:12.236Z 
2026-09-15T04:29:16.160Z [2;36m[2026-09-15 04:29:16][0m [34mINFO    [0m [2m[olmo_core.train.callbacks.console_logger:68, db3cfb97005b, rank=0][0m [step=52/61,epoch=1,eta=4m]
2026-09-15T04:29:16.160Z     gpu_memory/GPU active mem (%)=75.91
2026-09-15T04:29:16.160Z     gpu_memory/GPU active mem (GiB)=60.16
2026-09-15T04:29:16.160Z     gpu_memory/GPU reserved mem (%)=81.25
2026-09-15T04:29:16.160Z     gpu_memory/GPU reserved mem (GiB)=64.39
2026-09-15T04:29:16.160Z     optim/LR (group 0)=7.63E-07
2026-09-15T04:29:16.160Z     optim/LR (group 1)=7.63E-07
2026-09-15T04:29:16.160Z     optim/step skipped=0.0
2026-09-15T04:29:16.160Z     optim/total grad norm=5.847
2026-09-15T04:29:16.160Z     throughput/chinchilla multiple=8.10E-05
2026-09-15T04:29:16.160Z     throughput/device/BPS=0.0777
2026-09-15T04:29:16.160Z     throughput/device/BPS (actual avg)=0.0408
2026-09-15T04:29:16.160Z     throughput/device/MFU=37.38
2026-09-15T04:29:16.160Z     throughput/device/MFU (actual avg)=19.61
2026-09-15T04:29:16.160Z     throughput/device/TPS=5,092
2026-09-15T04:29:16.160Z     throughput/device/TPS (actual avg)=2,671
2026-09-15T04:29:16.160Z     throughput/device/flopsPS=116.6T
2026-09-15T04:29:16.160Z     throughput/device/flopsPS (actual avg)=61.18T
2026-09-15T04:29:16.160Z     throughput/total petaflops=156.1
2026-09-15T04:29:16.160Z     throughput/total tokens=6,815,744
2026-09-15T04:29:16.160Z     train/CE loss=0.2522
2026-09-15T04:29:16.160Z     throughput/device/data loading (%)=0.0128
2026-09-15T04:29:16.160Z     throughput/device/data loading (s)=0.0017
2026-09-15T04:29:16.160Z     train/PPL=1.287
2026-09-15T04:29:29.311Z [2;36m[2026-09-15 04:29:29][0m [34mINFO    [0m [2m[olmo_core.train.callbacks.console_logger:68, db3cfb97005b, rank=0][0m [step=53/61,epoch=1,eta=3m]
2026-09-15T04:29:29.311Z     gpu_memory/GPU active mem (%)=75.91
2026-09-15T04:29:29.311Z     gpu_memory/GPU active mem (GiB)=60.16
2026-09-15T04:29:29.311Z     gpu_memory/GPU reserved mem (%)=81.25
2026-09-15T04:29:29.311Z     gpu_memory/GPU reserved mem (GiB)=64.39
2026-09-15T04:29:29.311Z     optim/LR (group 0)=6.78E-07
2026-09-15T04:29:29.311Z     optim/LR (group 1)=6.78E-07
2026-09-15T04:29:29.311Z     optim/step skipped=0.0
2026-09-15T04:29:29.311Z     optim/total grad norm=5.139
2026-09-15T04:29:29.311Z     throughput/chinchilla multiple=8.26E-05
2026-09-15T04:29:29.311Z     throughput/device/BPS=0.0760
2026-09-15T04:29:29.311Z     throughput/device/BPS (actual avg)=0.0411
2026-09-15T04:29:29.311Z     throughput/device/MFU=36.58
2026-09-15T04:29:29.311Z     throughput/device/MFU (actual avg)=19.79
2026-09-15T04:29:29.311Z     throughput/device/TPS=4,983
2026-09-15T04:29:29.311Z     throughput/device/TPS (actual avg)=2,695
2026-09-15T04:29:29.311Z     throughput/device/flopsPS=114.1T
2026-09-15T04:29:29.311Z     throughput/device/flopsPS (actual avg)=61.74T
2026-09-15T04:29:29.311Z     throughput/total petaflops=159.1
2026-09-15T04:29:29.311Z     throughput/total tokens=6,946,816
2026-09-15T04:29:29.311Z     train/CE loss=0.2822
2026-09-15T04:29:29.311Z     throughput/device/data loading (%)=0.0124
2026-09-15T04:29:29.311Z     throughput/device/data loading (s)=0.0016
2026-09-15T04:29:29.311Z     train/PPL=1.326
2026-09-15T04:29:41.923Z [2;36m[2026-09-15 04:29:41][0m [34mINFO    [0m [2m[olmo_core.train.callbacks.console_logger:68, db3cfb97005b, rank=0][0m [step=54/61,epoch=1,eta=3m]
2026-09-15T04:29:41.923Z     gpu_memory/GPU active mem (%)=75.91
2026-09-15T04:29:41.923Z     gpu_memory/GPU active mem (GiB)=60.16
2026-09-15T04:29:41.923Z     gpu_memory/GPU reserved mem (%)=81.25
2026-09-15T04:29:41.923Z     gpu_memory/GPU reserved mem (GiB)=64.39
2026-09-15T04:29:41.923Z     optim/LR (group 0)=5.93E-07
2026-09-15T04:29:41.923Z     optim/LR (group 1)=5.93E-07
2026-09-15T04:29:41.923Z     optim/step skipped=0.0
2026-09-15T04:29:41.923Z     optim/total grad norm=3.523
2026-09-15T04:29:41.923Z     throughput/chinchilla multiple=8.41E-05
2026-09-15T04:29:41.923Z     throughput/device/BPS=0.0793
2026-09-15T04:29:41.923Z     throughput/device/BPS (actual avg)=0.0415
2026-09-15T04:29:41.923Z     throughput/device/MFU=38.14
2026-09-15T04:29:41.923Z     throughput/device/MFU (actual avg)=19.97
2026-09-15T04:29:41.923Z     throughput/device/TPS=5,196
2026-09-15T04:29:41.923Z     throughput/device/TPS (actual avg)=2,720
2026-09-15T04:29:41.923Z     throughput/device/flopsPS=119.0T
2026-09-15T04:29:41.923Z     throughput/device/flopsPS (actual avg)=62.30T
2026-09-15T04:29:41.923Z     throughput/total petaflops=162.1
2026-09-15T04:29:41.923Z     throughput/total tokens=7,077,888
2026-09-15T04:29:41.923Z     train/CE loss=0.2613
2026-09-15T04:29:41.923Z     throughput/device/data loading (%)=0.0163
2026-09-15T04:29:41.923Z     throughput/device/data loading (s)=0.0021
2026-09-15T04:29:41.923Z     train/PPL=1.299
2026-09-15T04:29:54.010Z [2;36m[2026-09-15 04:29:54][0m [34mINFO    [0m [2m[olmo_core.train.callbacks.console_logger:68, db3cfb97005b, rank=0][0m [step=55/61,epoch=1,eta=2m]
2026-09-15T04:29:54.010Z     gpu_memory/GPU active mem (%)=75.91
2026-09-15T04:29:54.010Z     gpu_memory/GPU active mem (GiB)=60.16
2026-09-15T04:29:54.010Z     gpu_memory/GPU reserved mem (%)=81.25
2026-09-15T04:29:54.010Z     gpu_memory/GPU reserved mem (GiB)=64.39
2026-09-15T04:29:54.010Z     optim/LR (group 0)=5.08E-07
2026-09-15T04:29:54.010Z     optim/LR (group 1)=5.08E-07
2026-09-15T04:29:54.010Z     optim/step skipped=0.0
2026-09-15T04:29:54.010Z     optim/total grad norm=4.279
2026-09-15T04:29:54.010Z     throughput/chinchilla multiple=8.57E-05
2026-09-15T04:29:54.010Z     throughput/device/BPS=0.0827
2026-09-15T04:29:54.010Z     throughput/device/BPS (actual avg)=0.0419
2026-09-15T04:29:54.010Z     throughput/device/MFU=39.80
2026-09-15T04:29:54.010Z     throughput/device/MFU (actual avg)=20.15
2026-09-15T04:29:54.010Z     throughput/device/TPS=5,422
2026-09-15T04:29:54.010Z     throughput/device/TPS (actual avg)=2,745
2026-09-15T04:29:54.010Z     throughput/device/flopsPS=124.2T
2026-09-15T04:29:54.010Z     throughput/device/flopsPS (actual avg)=62.88T
2026-09-15T04:29:54.010Z     throughput/total petaflops=165.1
2026-09-15T04:29:54.010Z     throughput/total tokens=7,208,960
2026-09-15T04:29:54.010Z     train/CE loss=0.2956
2026-09-15T04:29:54.010Z     throughput/device/data loading (%)=0.0192
2026-09-15T04:29:54.010Z     throughput/device/data loading (s)=0.0023
2026-09-15T04:29:54.010Z     train/PPL=1.344
2026-09-15T04:30:06.484Z [2;36m[2026-09-15 04:30:06][0m [34mINFO    [0m [2m[olmo_core.train.callbacks.console_logger:68, db3cfb97005b, rank=0][0m [step=56/61,epoch=1,eta=2m]
2026-09-15T04:30:06.484Z     gpu_memory/GPU active mem (%)=75.91
2026-09-15T04:30:06.484Z     gpu_memory/GPU active mem (GiB)=60.16
2026-09-15T04:30:06.484Z     gpu_memory/GPU reserved mem (%)=81.25
2026-09-15T04:30:06.484Z     gpu_memory/GPU reserved mem (GiB)=64.39
2026-09-15T04:30:06.484Z     optim/LR (group 0)=4.24E-07
2026-09-15T04:30:06.484Z     optim/LR (group 1)=4.24E-07
2026-09-15T04:30:06.484Z     optim/step skipped=0.0
2026-09-15T04:30:06.484Z     optim/total grad norm=4.394
2026-09-15T04:30:06.484Z     throughput/chinchilla multiple=8.73E-05
2026-09-15T04:30:06.484Z     throughput/device/BPS=0.0802
2026-09-15T04:30:06.484Z     throughput/device/BPS (actual avg)=0.0423
2026-09-15T04:30:06.484Z     throughput/device/MFU=38.56
2026-09-15T04:30:06.484Z     throughput/device/MFU (actual avg)=20.33
2026-09-15T04:30:06.484Z     throughput/device/TPS=5,253
2026-09-15T04:30:06.484Z     throughput/device/TPS (actual avg)=2,770
2026-09-15T04:30:06.484Z     throughput/device/flopsPS=120.3T
2026-09-15T04:30:06.484Z     throughput/device/flopsPS (actual avg)=63.43T
2026-09-15T04:30:06.484Z     throughput/total petaflops=168.1
2026-09-15T04:30:06.484Z     throughput/total tokens=7,340,032
2026-09-15T04:30:06.484Z     train/CE loss=0.2778
2026-09-15T04:30:06.484Z     throughput/device/data loading (%)=0.0221
2026-09-15T04:30:06.484Z     throughput/device/data loading (s)=0.0028
2026-09-15T04:30:06.484Z     train/PPL=1.320
2026-09-15T04:30:12.997Z [2;36m[2026-09-15 04:30:12][0m [33mWARNING [0m [2m[py.warnings:112, db3cfb97005b, rank=0][0m /opt/conda/lib/python3.12/site-packages/torch/autograd/graph.py:841: UserWarning: called a synchronizing CUDA operation (Triggered internally at /pytorch/c10/cuda/CUDAFunctions.cpp:162.)
2026-09-15T04:30:12.997Z   return Variable._execution_engine.run_backward(  # Calls into the C++ engine to run the backward pass
2026-09-15T04:30:12.997Z 
2026-09-15T04:30:13.001Z [2;36m[2026-09-15 04:30:13][0m [33mWARNING [0m [2m[py.warnings:112, db3cfb97005b, rank=0][0m /opt/conda/lib/python3.12/site-packages/torch/distributed/utils.py:106: UserWarning: called a synchronizing CUDA operation (Triggered internally at /pytorch/c10/cuda/CUDAFunctions.cpp:162.)
2026-09-15T04:30:13.001Z   return (obj.to(target_device),)
2026-09-15T04:30:13.001Z 
2026-09-15T04:30:13.010Z [2;36m[2026-09-15 04:30:13][0m [33mWARNING [0m [2m[py.warnings:112, db3cfb97005b, rank=0][0m /opt/conda/lib/python3.12/site-packages/olmo_core/nn/transformer/model.py:777: UserWarning: called a synchronizing CUDA operation (Triggered internally at /pytorch/c10/cuda/CUDAFunctions.cpp:162.)
2026-09-15T04:30:13.010Z   n_docs = int(chunk_ids.max().item()) + 1
2026-09-15T04:30:13.010Z 
2026-09-15T04:30:13.019Z [2;36m[2026-09-15 04:30:13][0m [33mWARNING [0m [2m[py.warnings:112, db3cfb97005b, rank=0][0m /opt/conda/lib/python3.12/site-packages/olmo_core/nn/transformer/model.py:834: UserWarning: called a synchronizing CUDA operation (Triggered internally at /pytorch/c10/cuda/CUDAFunctions.cpp:162.)
2026-09-15T04:30:13.019Z   flat = (torch.arange(B, device=emb.device)[:, None] * n_docs + cid.clamp(min=0)).reshape(
2026-09-15T04:30:13.019Z 
2026-09-15T04:30:13.020Z [2;36m[2026-09-15 04:30:13][0m [33mWARNING [0m [2m[py.warnings:112, db3cfb97005b, rank=0][0m /opt/conda/lib/python3.12/site-packages/olmo_core/nn/transformer/model.py:838: UserWarning: called a synchronizing CUDA operation (Triggered internally at /pytorch/c10/cuda/CUDAFunctions.cpp:162.)
2026-09-15T04:30:13.020Z   0, flat, emb.reshape(B * T, D)[is_ctx.reshape(-1)]
2026-09-15T04:30:13.020Z 
2026-09-15T04:30:13.027Z [2;36m[2026-09-15 04:30:13][0m [33mWARNING [0m [2m[py.warnings:112, db3cfb97005b, rank=0][0m /opt/conda/lib/python3.12/site-packages/olmo_core/nn/pooled_soft_token.py:173: UserWarning: called a synchronizing CUDA operation (Triggered internally at /pytorch/c10/cuda/CUDAFunctions.cpp:162.)
2026-09-15T04:30:13.027Z   kept_idx = kept_tok.nonzero(as_tuple=True)[0]
2026-09-15T04:30:13.027Z 
2026-09-15T04:30:13.027Z [2;36m[2026-09-15 04:30:13][0m [33mWARNING [0m [2m[py.warnings:112, db3cfb97005b, rank=0][0m /opt/conda/lib/python3.12/site-packages/olmo_core/nn/pooled_soft_token.py:179: UserWarning: called a synchronizing CUDA operation (Triggered internally at /pytorch/c10/cuda/CUDAFunctions.cpp:162.)
2026-09-15T04:30:13.027Z   if is_ctx.any():
2026-09-15T04:30:13.027Z 
2026-09-15T04:30:13.027Z [2;36m[2026-09-15 04:30:13][0m [33mWARNING [0m [2m[py.warnings:112, db3cfb97005b, rank=0][0m /opt/conda/lib/python3.12/site-packages/olmo_core/nn/pooled_soft_token.py:180: UserWarning: called a synchronizing CUDA operation (Triggered internally at /pytorch/c10/cuda/CUDAFunctions.cpp:162.)
2026-09-15T04:30:13.027Z   d_ix = c[is_ctx]
2026-09-15T04:30:13.027Z 
2026-09-15T04:30:13.028Z [2;36m[2026-09-15 04:30:13][0m [33mWARNING [0m [2m[py.warnings:112, db3cfb97005b, rank=0][0m /opt/conda/lib/python3.12/site-packages/olmo_core/nn/pooled_soft_token.py:181: UserWarning: called a synchronizing CUDA operation (Triggered internally at /pytorch/c10/cuda/CUDAFunctions.cpp:162.)
2026-09-15T04:30:13.028Z   pos_ix = is_ctx.nonzero(as_tuple=True)[0]
2026-09-15T04:30:13.028Z 
2026-09-15T04:30:13.029Z [2;36m[2026-09-15 04:30:13][0m [33mWARNING [0m [2m[py.warnings:112, db3cfb97005b, rank=0][0m /opt/conda/lib/python3.12/site-packages/olmo_core/nn/pooled_soft_token.py:186: UserWarning: called a synchronizing CUDA operation (Triggered internally at /pytorch/c10/cuda/CUDAFunctions.cpp:162.)
2026-09-15T04:30:13.029Z   pooled_docs = pooled.nonzero(as_tuple=True)[0]
2026-09-15T04:30:13.029Z 
2026-09-15T04:30:13.030Z [2;36m[2026-09-15 04:30:13][0m [33mWARNING [0m [2m[py.warnings:112, db3cfb97005b, rank=0][0m /opt/conda/lib/python3.12/site-packages/olmo_core/nn/pooled_soft_token.py:217: UserWarning: called a synchronizing CUDA operation (Triggered internally at /pytorch/c10/cuda/CUDAFunctions.cpp:162.)
2026-09-15T04:30:13.030Z   doc_len = torch.bincount(c[is_ctx], minlength=n_docs) if is_ctx.any() else torch.zeros(n_docs, dtype=torch.long, device=device)
2026-09-15T04:30:13.030Z 
2026-09-15T04:30:13.031Z [2;36m[2026-09-15 04:30:13][0m [33mWARNING [0m [2m[py.warnings:112, db3cfb97005b, rank=0][0m /opt/conda/lib/python3.12/site-packages/olmo_core/nn/pooled_soft_token.py:222: UserWarning: called a synchronizing CUDA operation (Triggered internally at /pytorch/c10/cuda/CUDAFunctions.cpp:162.)
2026-09-15T04:30:13.031Z   soft_cols_b = soft_mask.nonzero(as_tuple=True)[0]
2026-09-15T04:30:13.031Z 
2026-09-15T04:30:13.031Z [2;36m[2026-09-15 04:30:13][0m [33mWARNING [0m [2m[py.warnings:112, db3cfb97005b, rank=0][0m /opt/conda/lib/python3.12/site-packages/olmo_core/nn/pooled_soft_token.py:226: UserWarning: called a synchronizing CUDA operation (Triggered internally at /pytorch/c10/cuda/CUDAFunctions.cpp:162.)
2026-09-15T04:30:13.031Z   cols_l = soft_cols_b.tolist()
2026-09-15T04:30:13.031Z 
2026-09-15T04:30:13.032Z [2;36m[2026-09-15 04:30:13][0m [33mWARNING [0m [2m[py.warnings:112, db3cfb97005b, rank=0][0m /opt/conda/lib/python3.12/site-packages/olmo_core/nn/pooled_soft_token.py:229: UserWarning: called a synchronizing CUDA operation (Triggered internally at /pytorch/c10/cuda/CUDAFunctions.cpp:162.)
2026-09-15T04:30:13.032Z   soft_docs += docs_b.tolist()
2026-09-15T04:30:13.032Z 
2026-09-15T04:30:13.032Z [2;36m[2026-09-15 04:30:13][0m [33mWARNING [0m [2m[py.warnings:112, db3cfb97005b, rank=0][0m /opt/conda/lib/python3.12/site-packages/olmo_core/nn/pooled_soft_token.py:230: UserWarning: called a synchronizing CUDA operation (Triggered internally at /pytorch/c10/cuda/CUDAFunctions.cpp:162.)
2026-09-15T04:30:13.032Z   soft_log_len += lens_b.tolist()
2026-09-15T04:30:13.032Z 
2026-09-15T04:30:13.035Z [2;36m[2026-09-15 04:30:13][0m [33mWARNING [0m [2m[py.warnings:112, db3cfb97005b, rank=0][0m /opt/conda/lib/python3.12/site-packages/olmo_core/nn/pooled_soft_token.py:280: UserWarning: called a synchronizing CUDA operation (Triggered internally at /pytorch/c10/cuda/CUDAFunctions.cpp:162.)
2026-09-15T04:30:13.035Z   row_lens[b] = L
2026-09-15T04:30:13.035Z 
2026-09-15T04:30:13.036Z [2;36m[2026-09-15 04:30:13][0m [33mWARNING [0m [2m[py.warnings:112, db3cfb97005b, rank=0][0m /opt/conda/lib/python3.12/site-packages/olmo_core/nn/pooled_soft_token.py:297: UserWarning: called a synchronizing CUDA operation (Triggered internally at /pytorch/c10/cuda/CUDAFunctions.cpp:162.)
2026-09-15T04:30:13.036Z   soft_rows=torch.tensor(soft_rows, dtype=torch.long, device=device),
2026-09-15T04:30:13.036Z 
2026-09-15T04:30:13.036Z [2;36m[2026-09-15 04:30:13][0m [33mWARNING [0m [2m[py.warnings:112, db3cfb97005b, rank=0][0m /opt/conda/lib/python3.12/site-packages/olmo_core/nn/pooled_soft_token.py:298: UserWarning: called a synchronizing CUDA operation (Triggered internally at /pytorch/c10/cuda/CUDAFunctions.cpp:162.)
2026-09-15T04:30:13.036Z   soft_cols=torch.tensor(soft_cols, dtype=torch.long, device=device),
2026-09-15T04:30:13.036Z 
2026-09-15T04:30:13.037Z [2;36m[2026-09-15 04:30:13][0m [33mWARNING [0m [2m[py.warnings:112, db3cfb97005b, rank=0][0m /opt/conda/lib/python3.12/site-packages/olmo_core/nn/pooled_soft_token.py:299: UserWarning: called a synchronizing CUDA operation (Triggered internally at /pytorch/c10/cuda/CUDAFunctions.cpp:162.)
2026-09-15T04:30:13.037Z   soft_docs=torch.tensor(soft_docs, dtype=torch.long, device=device),
2026-09-15T04:30:13.037Z 
2026-09-15T04:30:13.037Z [2;36m[2026-09-15 04:30:13][0m [33mWARNING [0m [2m[py.warnings:112, db3cfb97005b, rank=0][0m /opt/conda/lib/python3.12/site-packages/olmo_core/nn/pooled_soft_token.py:301: UserWarning: called a synchronizing CUDA operation (Triggered internally at /pytorch/c10/cuda/CUDAFunctions.cpp:162.)
2026-09-15T04:30:13.037Z   soft_log_len=torch.tensor(soft_log_len, dtype=torch.float32, device=device),
2026-09-15T04:30:13.037Z 
2026-09-15T04:30:13.038Z [2;36m[2026-09-15 04:30:13][0m [33mWARNING [0m [2m[py.warnings:112, db3cfb97005b, rank=0][0m /opt/conda/lib/python3.12/site-packages/olmo_core/nn/transformer/model.py:1502: UserWarning: called a synchronizing CUDA operation (Triggered internally at /pytorch/c10/cuda/CUDAFunctions.cpp:162.)
2026-09-15T04:30:13.038Z   kv_grad_mask[cb.soft_rows, cb.soft_cols] = False
2026-09-15T04:30:13.038Z 
2026-09-15T04:30:13.231Z [2;36m[2026-09-15 04:30:13][0m [33mWARNING [0m [2m[py.warnings:112, db3cfb97005b, rank=0][0m /opt/conda/lib/python3.12/site-packages/liger_kernel/ops/fused_linear_cross_entropy.py:75: UserWarning: called a synchronizing CUDA operation (Triggered internally at /pytorch/c10/cuda/CUDAFunctions.cpp:162.)
2026-09-15T04:30:13.231Z   total_n_non_ignore = target_mask.sum().item()
2026-09-15T04:30:13.231Z 
2026-09-15T04:30:13.749Z [2;36m[2026-09-15 04:30:13][0m [33mWARNING [0m [2m[py.warnings:112, db3cfb97005b, rank=0][0m /opt/conda/lib/python3.12/site-packages/liger_kernel/ops/fused_linear_cross_entropy.py:233: UserWarning: called a synchronizing CUDA operation (Triggered internally at /pytorch/c10/cuda/CUDAFunctions.cpp:162.)
2026-09-15T04:30:13.749Z   if not torch.equal(grad_output, torch.tensor(1.0, device=grad_output.device)):
2026-09-15T04:30:13.749Z 
2026-09-15T04:30:19.573Z [2;36m[2026-09-15 04:30:19][0m [34mINFO    [0m [2m[olmo_core.train.callbacks.console_logger:68, db3cfb97005b, rank=0][0m [step=57/61,epoch=1,eta=2m]
2026-09-15T04:30:19.573Z     gpu_memory/GPU active mem (%)=75.91
2026-09-15T04:30:19.573Z     gpu_memory/GPU active mem (GiB)=60.16
2026-09-15T04:30:19.573Z     gpu_memory/GPU reserved mem (%)=81.25
2026-09-15T04:30:19.573Z     gpu_memory/GPU reserved mem (GiB)=64.39
2026-09-15T04:30:19.573Z     optim/LR (group 0)=3.39E-07
2026-09-15T04:30:19.573Z     optim/LR (group 1)=3.39E-07
2026-09-15T04:30:19.573Z     optim/step skipped=0.0
2026-09-15T04:30:19.573Z     optim/total grad norm=3.726
2026-09-15T04:30:19.573Z     throughput/chinchilla multiple=8.88E-05
2026-09-15T04:30:19.573Z     throughput/device/BPS=0.0764
2026-09-15T04:30:19.573Z     throughput/device/BPS (actual avg)=0.0426
2026-09-15T04:30:19.573Z     throughput/device/MFU=36.77
2026-09-15T04:30:19.573Z     throughput/device/MFU (actual avg)=20.49
2026-09-15T04:30:19.573Z     throughput/device/TPS=5,009
2026-09-15T04:30:19.573Z     throughput/device/TPS (actual avg)=2,792
2026-09-15T04:30:19.573Z     throughput/device/flopsPS=114.7T
2026-09-15T04:30:19.573Z     throughput/device/flopsPS (actual avg)=63.94T
2026-09-15T04:30:19.573Z     throughput/total petaflops=171.1
2026-09-15T04:30:19.573Z     throughput/total tokens=7,471,104
2026-09-15T04:30:19.573Z     train/CE loss=0.2744
2026-09-15T04:30:19.573Z     throughput/device/data loading (%)=0.0139
2026-09-15T04:30:19.573Z     throughput/device/data loading (s)=0.0018
2026-09-15T04:30:19.573Z     train/PPL=1.316
2026-09-15T04:30:32.324Z [2;36m[2026-09-15 04:30:32][0m [34mINFO    [0m [2m[olmo_core.train.callbacks.console_logger:68, db3cfb97005b, rank=0][0m [step=58/61,epoch=1,eta=1m]
2026-09-15T04:30:32.324Z     gpu_memory/GPU active mem (%)=75.91
2026-09-15T04:30:32.324Z     gpu_memory/GPU active mem (GiB)=60.16
2026-09-15T04:30:32.324Z     gpu_memory/GPU reserved mem (%)=81.25
2026-09-15T04:30:32.324Z     gpu_memory/GPU reserved mem (GiB)=64.39
2026-09-15T04:30:32.324Z     optim/LR (group 0)=2.54E-07
2026-09-15T04:30:32.324Z     optim/LR (group 1)=2.54E-07
2026-09-15T04:30:32.324Z     optim/step skipped=0.0
2026-09-15T04:30:32.324Z     optim/total grad norm=4.756
2026-09-15T04:30:32.324Z     throughput/chinchilla multiple=9.04E-05
2026-09-15T04:30:32.324Z     throughput/device/BPS=0.0784
2026-09-15T04:30:32.324Z     throughput/device/BPS (actual avg)=0.0430
2026-09-15T04:30:32.324Z     throughput/device/MFU=37.71
2026-09-15T04:30:32.324Z     throughput/device/MFU (actual avg)=20.66
2026-09-15T04:30:32.324Z     throughput/device/TPS=5,137
2026-09-15T04:30:32.324Z     throughput/device/TPS (actual avg)=2,814
2026-09-15T04:30:32.324Z     throughput/device/flopsPS=117.6T
2026-09-15T04:30:32.324Z     throughput/device/flopsPS (actual avg)=64.46T
2026-09-15T04:30:32.324Z     throughput/total petaflops=174.1
2026-09-15T04:30:32.324Z     throughput/total tokens=7,602,176
2026-09-15T04:30:32.324Z     train/CE loss=0.2521
2026-09-15T04:30:32.324Z     throughput/device/data loading (%)=0.0668
2026-09-15T04:30:32.324Z     throughput/device/data loading (s)=0.0085
2026-09-15T04:30:32.324Z     train/PPL=1.287
2026-09-15T04:30:45.411Z [2;36m[2026-09-15 04:30:45][0m [34mINFO    [0m [2m[olmo_core.train.callbacks.console_logger:68, db3cfb97005b, rank=0][0m [step=59/61,epoch=1,eta=1m]
2026-09-15T04:30:45.411Z     gpu_memory/GPU active mem (%)=75.91
2026-09-15T04:30:45.411Z     gpu_memory/GPU active mem (GiB)=60.16
2026-09-15T04:30:45.411Z     gpu_memory/GPU reserved mem (%)=81.25
2026-09-15T04:30:45.411Z     gpu_memory/GPU reserved mem (GiB)=64.39
2026-09-15T04:30:45.411Z     optim/LR (group 0)=1.69E-07
2026-09-15T04:30:45.411Z     optim/LR (group 1)=1.69E-07
2026-09-15T04:30:45.411Z     optim/step skipped=0.0
2026-09-15T04:30:45.411Z     optim/total grad norm=4.016
2026-09-15T04:30:45.411Z     throughput/chinchilla multiple=9.19E-05
2026-09-15T04:30:45.411Z     throughput/device/BPS=0.0764
2026-09-15T04:30:45.411Z     throughput/device/BPS (actual avg)=0.0433
2026-09-15T04:30:45.411Z     throughput/device/MFU=36.76
2026-09-15T04:30:45.411Z     throughput/device/MFU (actual avg)=20.82
2026-09-15T04:30:45.411Z     throughput/device/TPS=5,007
2026-09-15T04:30:45.411Z     throughput/device/TPS (actual avg)=2,836
2026-09-15T04:30:45.411Z     throughput/device/flopsPS=114.7T
2026-09-15T04:30:45.411Z     throughput/device/flopsPS (actual avg)=64.95T
2026-09-15T04:30:45.411Z     throughput/total petaflops=177.1
2026-09-15T04:30:45.411Z     throughput/total tokens=7,733,248
2026-09-15T04:30:45.411Z     train/CE loss=0.2629
2026-09-15T04:30:45.411Z     throughput/device/data loading (%)=0.0269
2026-09-15T04:30:45.411Z     throughput/device/data loading (s)=0.0035
2026-09-15T04:30:45.411Z     train/PPL=1.301
2026-09-15T04:30:58.116Z [2;36m[2026-09-15 04:30:58][0m [34mINFO    [0m [2m[olmo_core.train.callbacks.console_logger:68, db3cfb97005b, rank=0][0m [step=60/61,epoch=1]
2026-09-15T04:30:58.116Z     gpu_memory/GPU active mem (%)=75.91
2026-09-15T04:30:58.116Z     gpu_memory/GPU active mem (GiB)=60.16
2026-09-15T04:30:58.116Z     gpu_memory/GPU reserved mem (%)=81.25
2026-09-15T04:30:58.116Z     gpu_memory/GPU reserved mem (GiB)=64.39
2026-09-15T04:30:58.116Z     optim/LR (group 0)=8.47E-08
2026-09-15T04:30:58.116Z     optim/LR (group 1)=8.47E-08
2026-09-15T04:30:58.116Z     optim/step skipped=0.0
2026-09-15T04:30:58.116Z     optim/total grad norm=7.330
2026-09-15T04:30:58.116Z     throughput/chinchilla multiple=9.35E-05
2026-09-15T04:30:58.116Z     throughput/device/BPS=0.0788
2026-09-15T04:30:58.116Z     throughput/device/BPS (actual avg)=0.0436
2026-09-15T04:30:58.116Z     throughput/device/MFU=37.89
2026-09-15T04:30:58.116Z     throughput/device/MFU (actual avg)=20.98
2026-09-15T04:30:58.116Z     throughput/device/TPS=5,162
2026-09-15T04:30:58.116Z     throughput/device/TPS (actual avg)=2,858
2026-09-15T04:30:58.116Z     throughput/device/flopsPS=118.2T
2026-09-15T04:30:58.116Z     throughput/device/flopsPS (actual avg)=65.45T
2026-09-15T04:30:58.116Z     throughput/total petaflops=180.1
2026-09-15T04:30:58.116Z     throughput/total tokens=7,864,320
2026-09-15T04:30:58.116Z     train/CE loss=0.2697
2026-09-15T04:30:58.116Z     throughput/device/data loading (%)=0.0143
2026-09-15T04:30:58.116Z     throughput/device/data loading (s)=0.0018
2026-09-15T04:30:58.116Z     train/PPL=1.310
2026-09-15T04:31:11.498Z [2;36m[2026-09-15 04:31:11][0m [34mINFO    [0m [2m[olmo_core.train.callbacks.console_logger:68, db3cfb97005b, rank=0][0m [step=61/61,epoch=1]
2026-09-15T04:31:11.498Z     gpu_memory/GPU active mem (%)=75.91
2026-09-15T04:31:11.498Z     gpu_memory/GPU active mem (GiB)=60.16
2026-09-15T04:31:11.498Z     gpu_memory/GPU reserved mem (%)=81.25
2026-09-15T04:31:11.498Z     gpu_memory/GPU reserved mem (GiB)=64.39
2026-09-15T04:31:11.498Z     optim/LR (group 0)=0.0
2026-09-15T04:31:11.498Z     optim/LR (group 1)=0.0
2026-09-15T04:31:11.498Z     optim/step skipped=0.0
2026-09-15T04:31:11.498Z     optim/total grad norm=3.853
2026-09-15T04:31:11.498Z     throughput/chinchilla multiple=9.51E-05
2026-09-15T04:31:11.498Z     throughput/device/BPS=0.0747
2026-09-15T04:31:11.498Z     throughput/device/BPS (actual avg)=0.0439
2026-09-15T04:31:11.498Z     throughput/device/MFU=35.92
2026-09-15T04:31:11.498Z     throughput/device/MFU (actual avg)=21.12
2026-09-15T04:31:11.498Z     throughput/device/TPS=4,893
2026-09-15T04:31:11.498Z     throughput/device/TPS (actual avg)=2,878
2026-09-15T04:31:11.498Z     throughput/device/flopsPS=112.1T
2026-09-15T04:31:11.498Z     throughput/device/flopsPS (actual avg)=65.91T
2026-09-15T04:31:11.498Z     throughput/total petaflops=183.1
2026-09-15T04:31:11.498Z     throughput/total tokens=7,995,392
2026-09-15T04:31:11.498Z     train/CE loss=0.2643
2026-09-15T04:31:11.498Z     throughput/device/data loading (%)=0.0163
2026-09-15T04:31:11.498Z     throughput/device/data loading (s)=0.0022
2026-09-15T04:31:11.498Z     train/PPL=1.302
2026-09-15T04:31:12.467Z [W915 04:31:12.379876337 AllocatorConfig.cpp:28] Warning: PYTORCH_CUDA_ALLOC_CONF is deprecated, use PYTORCH_ALLOC_CONF instead (function operator())
2026-09-15T04:31:12.472Z [W915 04:31:12.385239749 AllocatorConfig.cpp:28] Warning: PYTORCH_CUDA_ALLOC_CONF is deprecated, use PYTORCH_ALLOC_CONF instead (function operator())
2026-09-15T04:31:12.488Z [W915 04:31:12.400835588 AllocatorConfig.cpp:28] Warning: PYTORCH_CUDA_ALLOC_CONF is deprecated, use PYTORCH_ALLOC_CONF instead (function operator())
2026-09-15T04:31:12.950Z [W915 04:31:12.862914163 AllocatorConfig.cpp:28] Warning: PYTORCH_CUDA_ALLOC_CONF is deprecated, use PYTORCH_ALLOC_CONF instead (function operator())
2026-09-15T04:31:13.255Z [2;36m[2026-09-15 04:31:13][0m [34mINFO    [0m [2m[olmo_core.train.trainer:1520, db3cfb97005b, rank=0][0m Epoch complete
2026-09-15T04:31:13.258Z [2;36m[2026-09-15 04:31:13][0m [34mINFO    [0m [2m[olmo_core.train.callbacks.flop_meter:200, db3cfb97005b, rank=0][0m [flop-meter] wrote /weka/oe-training-default/ai2-llm/checkpoints/prasanns/ctc_suite/ckpts/f2k-outlier-kvgb50-4M/flops.json: {'actual_pflops': 56.34996126665933, 'dense_equivalent_pflops': 98.44318758760858, 'actual_over_dense': 0.5724109778191733, 'tokens_processed': 4298948, 'tokens_are_real': True, 'ffn_cost_frac': None, 'block_skip_keep_frac': None, 'kv_route_keep_frac': None, 'steps': 61, 'seq_len': 4096}
2026-09-15T04:31:13.258Z [2;36m[2026-09-15 04:31:13][0m [34mINFO    [0m [2m[olmo_core.train.trainer:1361, db3cfb97005b, rank=0][0m Waiting for bookkeeping ops to finish: 'reduce_metrics' (1 ops)...
2026-09-15T04:31:13.260Z [2;36m[2026-09-15 04:31:13][0m [34mINFO    [0m [2m[olmo_core.train.trainer:1366, db3cfb97005b, rank=0][0m All bookkeeping ops complete
2026-09-15T04:31:13.261Z [2;36m[2026-09-15 04:31:13][0m [34mINFO    [0m [2m[olmo_core.train.callbacks.wandb:116, db3cfb97005b, rank=0][0m Finalizing successful W&B run...
2026-09-15T04:31:13.262Z wandb: WARNING The `quiet` argument to `wandb.run.finish()` is deprecated, use `wandb.Settings(quiet=...)` to set this instead.
2026-09-15T04:31:13.365Z wandb: updating run metadata
2026-09-15T04:31:13.767Z wandb: uploading history steps 61-61, summary, console lines 3099-3104
2026-09-15T04:31:14.050Z wandb: 
2026-09-15T04:31:14.050Z wandb: Run history:
2026-09-15T04:31:14.050Z wandb:      flop_meter/actual_over_dense ▁▁▆██▆▅▄▄▄▄▄▄▃▄▃▃▃▃▃▃▃▃▃▃▃▂▂▂▂▃▂▂▂▂▂▂▂▂▂
2026-09-15T04:31:14.050Z wandb:          flop_meter/actual_pflops ▁▁▂▂▂▂▂▂▂▃▃▃▃▃▄▄▄▄▅▅▅▅▅▅▆▆▆▆▆▆▇▇▇▇▇▇▇███
2026-09-15T04:31:14.050Z wandb:       flop_meter/compaction_ratio ▅▁▃▃▄▅▇▆▃▃▅▃▄▆▄▅▄▅▄▅▃▄▆▅▄▃█▆▆▄▃▆▆▅▄▄▆█▆▃
2026-09-15T04:31:14.050Z wandb:           flop_meter/dense_pflops ▁▁▁▂▂▂▂▂▃▃▃▃▃▄▄▄▄▄▄▅▅▅▅▅▅▆▆▆▆▆▆▇▇▇▇▇████
2026-09-15T04:31:14.050Z wandb:     gpu_memory/GPU active mem (%) ▁▁▁▂▂▂▂▃▃▃▃▃▃▃▃▃▃▄▄▄▅▅▅▅▅▆▆▆▆▆▆▆▇▇▇▇████
2026-09-15T04:31:14.050Z wandb:   gpu_memory/GPU active mem (GiB) ▁▁▁▁▂▂▂▂▂▂▃▃▃▃▃▄▄▄▄▄▅▅▅▅▅▆▆▆▆▆▇▇▇▇▇▇████
2026-09-15T04:31:14.050Z wandb:   gpu_memory/GPU reserved mem (%) ▁▁▁▁▁▁▁▁▁▁▁▁▁▁▁▁▁▁▁▁▁▁▁▁▁▁▁▁▁▁▁▁▁▁▁▁▁▁▁▁
2026-09-15T04:31:14.050Z wandb: gpu_memory/GPU reserved mem (GiB) ▁▁▁▁▁▁▁▁▁▁▁▁▁▁▁▁▁▁▁▁▁▁▁▁▁▁▁▁▁▁▁▁▁▁▁▁▁▁▁▁
2026-09-15T04:31:14.050Z wandb:                optim/LR (group 0) ▅████▇▇▇▇▇▆▆▆▆▆▅▅▅▅▅▄▄▄▄▄▃▃▃▃▃▃▂▂▂▂▂▁▁▁▁
2026-09-15T04:31:14.050Z wandb:                optim/LR (group 1) ▅████▇▇▇▇▇▆▆▆▆▆▅▅▅▅▅▄▄▄▄▄▄▃▃▃▃▃▂▂▂▂▂▂▁▁▁
2026-09-15T04:31:14.050Z wandb:                               +18 ...
2026-09-15T04:31:14.050Z wandb: 
2026-09-15T04:31:14.050Z wandb: Run summary:
2026-09-15T04:31:14.050Z wandb:      flop_meter/actual_over_dense 0.57241
2026-09-15T04:31:14.050Z wandb:          flop_meter/actual_pflops 56.34996
2026-09-15T04:31:14.050Z wandb:       flop_meter/compaction_ratio 2.89368
2026-09-15T04:31:14.050Z wandb:           flop_meter/dense_pflops 98.44318
2026-09-15T04:31:14.050Z wandb:     gpu_memory/GPU active mem (%) 75.9086
2026-09-15T04:31:14.050Z wandb:   gpu_memory/GPU active mem (GiB) 60.15886
2026-09-15T04:31:14.050Z wandb:   gpu_memory/GPU reserved mem (%) 81.24825
2026-09-15T04:31:14.050Z wandb: gpu_memory/GPU reserved mem (GiB) 64.39062
2026-09-15T04:31:14.050Z wandb:                optim/LR (group 0) 0
2026-09-15T04:31:14.050Z wandb:                optim/LR (group 1) 0
2026-09-15T04:31:14.050Z wandb:                               +18 ...
2026-09-15T04:31:14.050Z wandb: 
2026-09-15T04:31:14.050Z wandb: 🚀 View run f2k-outlier-kvgb50-4M at: https://wandb.ai/prasanns-allen-institute-for-ai/memory-networks/runs/sgd5j9f2
2026-09-15T04:31:14.050Z wandb: ⭐️ View project at: https://wandb.ai/prasanns-allen-institute-for-ai/memory-networks
2026-09-15T04:31:14.050Z wandb: Synced 5 W&B file(s), 0 media file(s), 0 artifact file(s) and 0 other file(s)
2026-09-15T04:31:14.051Z wandb: Find logs at: /weka/oe-training-default/ai2-llm/checkpoints/prasanns/ctc_suite/ckpts/f2k-outlier-kvgb50-4M/wandb/wandb/run-20260915_040056-sgd5j9f2/logs
2026-09-15T04:31:18.327Z [2;36m[2026-09-15 04:31:18][0m [34mINFO    [0m [2m[olmo_core.train.trainer:763, db3cfb97005b, rank=0][0m Training complete
2026-09-15T04:31:19.194Z [2;36m[2026-09-15 04:31:19][0m [33mWARNING [0m [2m[py.warnings:112, db3cfb97005b, rank=0][0m /opt/conda/lib/python3.12/site-packages/torch/distributed/_state_dict_utils.py:183: UserWarning: called a synchronizing CUDA operation (Triggered internally at /pytorch/c10/cuda/CUDAFunctions.cpp:162.)
2026-09-15T04:31:19.194Z   ret = ret.to(cpu_device)
2026-09-15T04:31:19.194Z 
2026-09-15T04:31:19.665Z [2;36m[2026-09-15 04:31:19][0m [33mWARNING [0m [2m[py.warnings:112, db3cfb97005b, rank=1][0m /opt/conda/lib/python3.12/site-packages/torch/distributed/_state_dict_utils.py:183: UserWarning: called a synchronizing CUDA operation (Triggered internally at /pytorch/c10/cuda/CUDAFunctions.cpp:162.)
2026-09-15T04:31:19.665Z   ret = ret.to(cpu_device)
2026-09-15T04:31:19.665Z 
2026-09-15T04:31:31.779Z [ctc-suite] saved model-only checkpoint -> /weka/oe-training-default/ai2-llm/checkpoints/prasanns/ctc_suite/ckpts/f2k-outlier-kvgb50-4M
2026-09-15T04:31:34.152Z [W915 04:31:34.064551810 AllocatorConfig.cpp:28] Warning: PYTORCH_CUDA_ALLOC_CONF is deprecated, use PYTORCH_ALLOC_CONF instead (function operator())
2026-09-15T04:31:34.481Z [W915 04:31:34.393472393 AllocatorConfig.cpp:28] Warning: PYTORCH_CUDA_ALLOC_CONF is deprecated, use PYTORCH_ALLOC_CONF instead (function operator())
2026-09-15T04:31:35.932Z [W915 04:31:35.844481479 AllocatorConfig.cpp:28] Warning: PYTORCH_CUDA_ALLOC_CONF is deprecated, use PYTORCH_ALLOC_CONF instead (function operator())
