Logs for job 01M2HGSDPPT3YM33AQK8P2YPJ3 of task train:
2026-09-15T03:50:54.791Z [36m[1m
2026-09-15T03:50:54.791Z ##########################################
2026-09-15T03:50:54.791Z ### [GANTRY] Validating environment... ###  
2026-09-15T03:50:54.791Z ##########################################
2026-09-15T03:50:54.791Z [0m
2026-09-15T03:50:54.794Z [36m[1m❯ [GANTRY INFO][0m Shell is GNU bash, version 5.1.16(1)-release (x86_64-pc-linux-gnu).
2026-09-15T03:50:54.794Z [36m[1m❯ [GANTRY INFO][0m Running on Beaker node 'saturn-cs-aus-238.reviz.ai2.in' (01KT4KDCW8G01EAHME5GWSHYDR)
2026-09-15T03:50:54.794Z [36m[1m❯ [GANTRY INFO][0m Results dataset [94m[4mhttps://beaker.org/ds/01M2HGSDKDMREKXQ5ZMRK9VAWF[0m mounted to '/results'.
2026-09-15T03:50:54.794Z [36m[1m❯ [GANTRY INFO][0m Checking for required tools...
2026-09-15T03:50:54.797Z [36m[1m❯ [GANTRY INFO][0m Using git version 2.34.1.
2026-09-15T03:50:54.805Z [36m[1m❯ [GANTRY INFO][0m Using curl 7.81.0 (x86_64-pc-linux-gnu) libcurl/7.81.0 OpenSSL/3.0.2 zlib/1.2.11 brotli/1.0.9 zstd/1.4.8 libidn2/2.3.2 libpsl/0.21.0 (+libidn2/2.3.2) libssh/0.9.6/openssl/zlib nghttp2/1.43.0 librtmp/2.3 OpenLDAP/2.5.19.
2026-09-15T03:50:54.805Z [36m[1m❯ [GANTRY INFO][0m Done.
2026-09-15T03:50:54.805Z [36m[1m❯ [GANTRY INFO][0m Installing AWS config...
2026-09-15T03:50:54.807Z [36m[1m❯ [GANTRY INFO][0m Done.
2026-09-15T03:50:54.807Z [36m[1m❯ [GANTRY INFO][0m Installing AWS credentials...
2026-09-15T03:50:54.810Z [36m[1m❯ [GANTRY INFO][0m Done.
2026-09-15T03:50:54.810Z [36m[1m❯ [GANTRY INFO][0m Installing Google Cloud credentials...
2026-09-15T03:50:54.812Z [33m[1m❯ [GANTRY WARN][0m 'gcloud' CLI not found so credentials can't be activated globally. As a result some tools like 'gsutil' may not be able to authenticate.
2026-09-15T03:50:54.812Z [36m[1m❯ [GANTRY INFO][0m Done.
2026-09-15T03:50:54.812Z [36m[1m❯ [GANTRY INFO][0m Creating PyTorch kernel cache directory...
2026-09-15T03:50:54.814Z [36m[1m❯ [GANTRY INFO][0m Done.
2026-09-15T03:50:54.814Z [36m[1m
2026-09-15T03:50:54.814Z #######################################
2026-09-15T03:50:54.814Z ### [GANTRY] Cloning source code... ###  
2026-09-15T03:50:54.814Z #######################################
2026-09-15T03:50:54.814Z [0m
2026-09-15T03:50:54.825Z [36m[1m❯ [GANTRY INFO][0m Cloning source from 'allenai/OLMo-core' @ '5ee1264fe3e0272bb492fdad2512e67c3a2b5616'...
2026-09-15T03:51:00.019Z [36m[1m❯ [GANTRY INFO][0m Done.
2026-09-15T03:51:00.019Z [36m[1m❯ [GANTRY INFO][0m Initializing git submodules...
2026-09-15T03:51:00.052Z [36m[1m❯ [GANTRY INFO][0m Done.
2026-09-15T03:51:00.052Z [36m[1m
2026-09-15T03:51:00.054Z #######################################
2026-09-15T03:51:00.054Z ### [GANTRY] Building Python env... ###  
2026-09-15T03:51:00.054Z #######################################
2026-09-15T03:51:00.054Z [0m
2026-09-15T03:51:00.054Z [36m[1m❯ [GANTRY INFO][0m Installing uv...
2026-09-15T03:51:01.142Z [36m[1m❯ [GANTRY INFO][0m Done. Installed uv 0.12.14 (x86_64-unknown-linux-gnu).
2026-09-15T03:51:01.148Z [36m[1m❯ [GANTRY INFO][0m Using existing Python 3.12.12 installation at '/opt/conda/bin/python'.
2026-09-15T03:51:01.150Z [36m[1m❯ [GANTRY INFO][0m Acquiring lock for uv install at '/results/lockfile'...
2026-09-15T03:51:01.152Z [36m[1m❯ [GANTRY INFO][0m Done.
2026-09-15T03:51:01.152Z [36m[1m❯ [GANTRY INFO][0m Installing local project...
2026-09-15T03:51:05.517Z [36m[1m❯ [GANTRY INFO][0m Done.
2026-09-15T03:51:05.538Z [36m[1m
2026-09-15T03:51:05.540Z ########################################
2026-09-15T03:51:05.540Z ### [GANTRY] Python environment info ###  
2026-09-15T03:51:05.540Z ########################################
2026-09-15T03:51:05.540Z [0m
2026-09-15T03:51:05.544Z [36m[1m❯ [GANTRY INFO][0m Using Python 3.12.12 from '/opt/conda/bin/python'.
2026-09-15T03:51:05.544Z [36m[1m❯ [GANTRY INFO][0m Packages:
2026-09-15T03:51:05.545Z [1mai2-olmo-core[0m @ file:///gantry-runtime
2026-09-15T03:51:05.545Z [1mai2-olmo-eval[0m==0.9.0
2026-09-15T03:51:05.545Z [1maiohappyeyeballs[0m==2.6.1
2026-09-15T03:51:05.545Z [1maiohttp[0m==3.13.2
2026-09-15T03:51:05.545Z [1maiosignal[0m==1.4.0
2026-09-15T03:51:05.545Z [1malabaster[0m==0.7.16
2026-09-15T03:51:05.545Z [1mannotated-types[0m==0.7.0
2026-09-15T03:51:05.545Z [1mantlr4-python3-runtime[0m==4.9.3
2026-09-15T03:51:05.545Z [1manyio[0m==4.11.0
2026-09-15T03:51:05.545Z [1mapache-tvm-ffi[0m==0.1.13.post3
2026-09-15T03:51:05.545Z [1marchspec[0m @ file:///home/conda/feedstock_root/build_artifacts/archspec_1737352602016/work
2026-09-15T03:51:05.545Z [1masttokens[0m @ file:///home/conda/feedstock_root/build_artifacts/asttokens_1763409923949/work
2026-09-15T03:51:05.545Z [1mattrs[0m @ file:///home/conda/feedstock_root/build_artifacts/attrs_1759762205280/work
2026-09-15T03:51:05.545Z [1mbabel[0m==2.17.0
2026-09-15T03:51:05.545Z [1mbeaker-gantry[0m==3.7.0
2026-09-15T03:51:05.545Z [1mbeaker-py[0m==2.8.0
2026-09-15T03:51:05.545Z [1mbeautifulsoup4[0m @ file:///home/conda/feedstock_root/build_artifacts/beautifulsoup4_1759146011391/work
2026-09-15T03:51:05.545Z [1mbettermap[0m==1.3.1
2026-09-15T03:51:05.545Z [1mblack[0m==23.12.1
2026-09-15T03:51:05.545Z [1mboltons[0m @ file:///home/conda/feedstock_root/build_artifacts/boltons_1749686179973/work
2026-09-15T03:51:05.545Z [1mboto3[0m==1.41.3
2026-09-15T03:51:05.545Z [1mbotocore[0m==1.41.3
2026-09-15T03:51:05.545Z [1mbrotli[0m @ file:///home/conda/feedstock_root/build_artifacts/brotli-split_1756599151967/work
2026-09-15T03:51:05.545Z [1mbuild[0m==1.3.0
2026-09-15T03:51:05.545Z [1mcached-path[0m==1.8.0
2026-09-15T03:51:05.545Z [1mcachetools[0m==6.2.2
2026-09-15T03:51:05.545Z [1mcertifi[0m @ file:///home/conda/feedstock_root/build_artifacts/certifi_1762976168352/work/certifi
2026-09-15T03:51:05.545Z [1mcffi[0m @ file:///home/conda/feedstock_root/build_artifacts/cffi_1761202850602/work
2026-09-15T03:51:05.545Z [1mchardet[0m @ file:///home/conda/feedstock_root/build_artifacts/chardet_1741797914774/work
2026-09-15T03:51:05.545Z [1mcharset-normalizer[0m @ file:///home/conda/feedstock_root/build_artifacts/charset-normalizer_1760437218288/work
2026-09-15T03:51:05.545Z [1mclick[0m @ file:///home/conda/feedstock_root/build_artifacts/click_1763248546991/work
2026-09-15T03:51:05.545Z [1mclick-help-colors[0m==0.9.4
2026-09-15T03:51:05.545Z [1mclick-option-group[0m==0.5.9
2026-09-15T03:51:05.545Z [1mcolorama[0m @ file:///home/conda/feedstock_root/build_artifacts/colorama_1733218098505/work
2026-09-15T03:51:05.545Z [1mcomet-ml[0m==3.54.2
2026-09-15T03:51:05.545Z [1mconda[0m @ file:///home/conda/feedstock_root/build_artifacts/conda_1760108593422/work/conda-src
2026-09-15T03:51:05.545Z [1mconda-build[0m @ file:///home/conda/feedstock_root/build_artifacts/conda-build_1763816195874/work
2026-09-15T03:51:05.545Z [1mconda-index[0m @ file:///home/conda/feedstock_root/build_artifacts/conda-index_1760661811794/work
2026-09-15T03:51:05.545Z [1mconda-libmamba-solver[0m @ file:///home/conda/feedstock_root/build_artifacts/conda-libmamba-solver_1745834476052/work/src
2026-09-15T03:51:05.545Z [1mconda-package-handling[0m @ file:///home/conda/feedstock_root/build_artifacts/conda-package-handling_1736345463896/work
2026-09-15T03:51:05.545Z [1mconda-package-streaming[0m @ file:///home/conda/feedstock_root/build_artifacts/conda-package-streaming_1751548120229/work
2026-09-15T03:51:05.545Z [1mconfigobj[0m==5.0.9
2026-09-15T03:51:05.545Z [1mcontourpy[0m==1.4.0
2026-09-15T03:51:05.545Z [1mcryptography[0m==46.0.3
2026-09-15T03:51:05.545Z [1mcuda-bindings[0m==13.4.1
2026-09-15T03:51:05.545Z [1mcuda-core[0m==1.2.0
2026-09-15T03:51:05.545Z [1mcuda-pathfinder[0m==1.8.1
2026-09-15T03:51:05.545Z [1mcuda-python[0m==13.4.1
2026-09-15T03:51:05.545Z [1mcycler[0m==0.12.1
2026-09-15T03:51:05.545Z [1mdataclass-extensions[0m==0.5.0
2026-09-15T03:51:05.545Z [1mdatasets[0m==3.6.0
2026-09-15T03:51:05.545Z [1mdecorator[0m @ file:///home/conda/feedstock_root/build_artifacts/decorator_1740384970518/work
2026-09-15T03:51:05.545Z [1mdill[0m==0.3.8
2026-09-15T03:51:05.545Z [1mdion[0m @ git+https://github.com/microsoft/dion.git@7452a5823cf9655b93c3f1d8020b4ebb2535239b
2026-09-15T03:51:05.545Z [1mdistro[0m @ file:///home/conda/feedstock_root/build_artifacts/distro_1734729835256/work
2026-09-15T03:51:05.545Z [1mdocker[0m==7.1.0
2026-09-15T03:51:05.545Z [1mdocutils[0m==0.20.1
2026-09-15T03:51:05.545Z [1mdulwich[0m==0.24.10
2026-09-15T03:51:05.545Z [1meinops[0m==0.8.1
2026-09-15T03:51:05.545Z [1mevalidate[0m @ file:///home/conda/feedstock_root/build_artifacts/bld/rattler-build_evalidate_1746793833/work
2026-09-15T03:51:05.545Z [1meverett[0m==3.1.0
2026-09-15T03:51:05.545Z [1mexecnet[0m==2.1.2
2026-09-15T03:51:05.545Z [1mexecuting[0m @ file:///home/conda/feedstock_root/build_artifacts/executing_1756729339227/work
2026-09-15T03:51:05.545Z [1mfilelock[0m @ file:///home/conda/feedstock_root/build_artifacts/filelock_1759948064277/work
2026-09-15T03:51:05.545Z [1mfla-core[0m==0.4.1
2026-09-15T03:51:05.545Z [1mflash-attn[0m==2.8.2
2026-09-15T03:51:05.545Z [1mflash-attn-4[0m==4.0.0b30
2026-09-15T03:51:05.545Z [1mflash-linear-attention[0m==0.4.1
2026-09-15T03:51:05.545Z [1mfonttools[0m==4.65.0
2026-09-15T03:51:05.545Z [1mfrozendict[0m @ file:///home/conda/feedstock_root/build_artifacts/frozendict_1756047928019/work
2026-09-15T03:51:05.545Z [1mfrozenlist[0m==1.8.0
2026-09-15T03:51:05.545Z [1mfsspec[0m==2025.3.0
2026-09-15T03:51:05.545Z [1mfuro[0m==2024.8.6
2026-09-15T03:51:05.545Z [1mgitdb[0m==4.0.12
2026-09-15T03:51:05.546Z [1mgitpython[0m==3.1.45
2026-09-15T03:51:05.546Z [1mgoogle-api-core[0m==2.28.1
2026-09-15T03:51:05.546Z [1mgoogle-auth[0m==2.43.0
2026-09-15T03:51:05.546Z [1mgoogle-cloud-compute[0m==1.40.0
2026-09-15T03:51:05.546Z [1mgoogle-cloud-core[0m==2.5.0
2026-09-15T03:51:05.546Z [1mgoogle-cloud-storage[0m==2.19.0
2026-09-15T03:51:05.546Z [1mgoogle-crc32c[0m==1.7.1
2026-09-15T03:51:05.546Z [1mgoogle-resumable-media[0m==2.8.0
2026-09-15T03:51:05.546Z [1mgoogleapis-common-protos[0m==1.72.0
2026-09-15T03:51:05.546Z [1mgrouped-gemm[0m @ git+https://git@github.com/tgale96/grouped_gemm.git@f1429a3c44c98f7912aa4b00125144cdf4e7fdb2
2026-09-15T03:51:05.546Z [1mgrpcio[0m==1.76.0
2026-09-15T03:51:05.546Z [1mgrpcio-status[0m==1.76.0
2026-09-15T03:51:05.546Z [1mh11[0m==0.16.0
2026-09-15T03:51:05.546Z [1mh2[0m @ file:///home/conda/feedstock_root/build_artifacts/bld/rattler-build_h2_1756364871/work
2026-09-15T03:51:05.546Z [1mhf-xet[0m==1.2.0
2026-09-15T03:51:05.546Z [1mhpack[0m @ file:///home/conda/feedstock_root/build_artifacts/hpack_1737618293087/work
2026-09-15T03:51:05.546Z [1mhttpcore[0m==1.0.9
2026-09-15T03:51:05.546Z [1mhttpx[0m==0.28.1
2026-09-15T03:51:05.546Z [1mhuggingface-hub[0m==0.36.0
2026-09-15T03:51:05.546Z [1mhyperframe[0m @ file:///home/conda/feedstock_root/build_artifacts/hyperframe_1737618333194/work
2026-09-15T03:51:05.546Z [1mid[0m==1.5.0
2026-09-15T03:51:05.546Z [1midna[0m @ file:///home/conda/feedstock_root/build_artifacts/idna_1760286409563/work
2026-09-15T03:51:05.546Z [1mimagesize[0m==1.4.1
2026-09-15T03:51:05.546Z [1mimportlib-metadata[0m==8.7.0
2026-09-15T03:51:05.546Z [1mimportlib-resources[0m==6.5.2
2026-09-15T03:51:05.546Z [1miniconfig[0m==2.3.0
2026-09-15T03:51:05.546Z [1mipython[0m @ file:///home/conda/feedstock_root/build_artifacts/bld/rattler-build_ipython_1762350942/work
2026-09-15T03:51:05.546Z [1mipython-pygments-lexers[0m @ file:///home/conda/feedstock_root/build_artifacts/ipython_pygments_lexers_1737123620466/work
2026-09-15T03:51:05.546Z [1misort[0m==5.13.2
2026-09-15T03:51:05.546Z [1mjaraco-classes[0m==3.4.0
2026-09-15T03:51:05.546Z [1mjaraco-context[0m==6.0.1
2026-09-15T03:51:05.546Z [1mjaraco-functools[0m==4.3.0
2026-09-15T03:51:05.546Z [1mjedi[0m @ file:///home/conda/feedstock_root/build_artifacts/jedi_1733300866624/work
2026-09-15T03:51:05.546Z [1mjeepney[0m==0.9.0
2026-09-15T03:51:05.546Z [1mjinja2[0m @ file:///home/conda/feedstock_root/build_artifacts/jinja2_1741263328855/work
2026-09-15T03:51:05.546Z [1mjmespath[0m==1.0.1
2026-09-15T03:51:05.546Z [1mjsonpatch[0m @ file:///home/conda/feedstock_root/build_artifacts/jsonpatch_1733814567314/work
2026-09-15T03:51:05.546Z [1mjsonpointer[0m @ file:///home/conda/feedstock_root/build_artifacts/jsonpointer_1756754132407/work
2026-09-15T03:51:05.546Z [1mjsonschema[0m @ file:///home/conda/feedstock_root/build_artifacts/bld/rattler-build_jsonschema_1755595646/work
2026-09-15T03:51:05.546Z [1mjsonschema-specifications[0m @ file:///tmp/tmptzik3dqa/src
2026-09-15T03:51:05.546Z [1mkeyring[0m==25.7.0
2026-09-15T03:51:05.546Z [1mkiwisolver[0m==1.5.1
2026-09-15T03:51:05.546Z [1mlibarchive-c[0m @ file:///home/conda/feedstock_root/build_artifacts/bld/rattler-build_python-libarchive-c_1754663558/work
2026-09-15T03:51:05.546Z [1mlibmambapy[0m @ file:///home/conda/feedstock_root/build_artifacts/bld/rattler-build_libmambapy_1760729597/work/libmambapy
2026-09-15T03:51:05.546Z [1mlief[0m @ file:///home/conda/feedstock_root/build_artifacts/lief_1760811648956/work/api/python
2026-09-15T03:51:05.546Z [1mliger-kernel[0m==0.6.4
2026-09-15T03:51:05.546Z [1mlightning-utilities[0m==0.15.2
2026-09-15T03:51:05.546Z [1mlinkify-it-py[0m==2.0.3
2026-09-15T03:51:05.546Z [1mmarkdown-it-py[0m==3.0.0
2026-09-15T03:51:05.546Z [1mmarkupsafe[0m @ file:///home/conda/feedstock_root/build_artifacts/markupsafe_1759055168201/work
2026-09-15T03:51:05.546Z [1mmatplotlib[0m==3.11.2
2026-09-15T03:51:05.546Z [1mmatplotlib-inline[0m @ file:///home/conda/feedstock_root/build_artifacts/matplotlib-inline_1761214490209/work
2026-09-15T03:51:05.546Z [1mmdit-py-plugins[0m==0.5.0
2026-09-15T03:51:05.546Z [1mmdurl[0m==0.1.2
2026-09-15T03:51:05.546Z [1mmemray[0m==1.19.1
2026-09-15T03:51:05.546Z [1mmenuinst[0m @ file:///home/conda/feedstock_root/build_artifacts/menuinst_1761299738838/work
2026-09-15T03:51:05.546Z [1mml-dtypes[0m==0.5.4
2026-09-15T03:51:05.546Z [1mmore-itertools[0m==10.8.0
2026-09-15T03:51:05.546Z [1mmpmath[0m==1.3.0
2026-09-15T03:51:05.546Z [1mmsgpack[0m @ file:///home/conda/feedstock_root/build_artifacts/msgpack-python_1762503974934/work
2026-09-15T03:51:05.546Z [1mmultidict[0m==6.7.0
2026-09-15T03:51:05.546Z [1mmultiprocess[0m==0.70.16
2026-09-15T03:51:05.546Z [1mmypy[0m==1.3.0
2026-09-15T03:51:05.546Z [1mmypy-extensions[0m==1.1.0
2026-09-15T03:51:05.546Z [1mmyst-parser[0m==2.0.0
2026-09-15T03:51:05.546Z [1mnetworkx[0m==3.5
2026-09-15T03:51:05.546Z [1mnh3[0m==0.3.2
2026-09-15T03:51:05.546Z [1mninja[0m==1.13.0
2026-09-15T03:51:05.546Z [1mnumpy[0m @ file:///home/conda/feedstock_root/build_artifacts/bld/rattler-build_numpy_1763351074/work/dist/numpy-2.3.5-cp312-cp312-linux_x86_64.whl#sha256=585a706a3c889590365479b2cdbe308c23addd9fae26c7937f4b74887269b6e3
2026-09-15T03:51:05.546Z [1mnvidia-cublas-cu12[0m==12.8.4.1
2026-09-15T03:51:05.546Z [1mnvidia-cuda-cupti-cu12[0m==12.8.90
2026-09-15T03:51:05.546Z [1mnvidia-cuda-nvdisasm[0m==13.4.49
2026-09-15T03:51:05.546Z [1mnvidia-cuda-nvrtc-cu12[0m==12.8.93
2026-09-15T03:51:05.546Z [1mnvidia-cuda-runtime-cu12[0m==12.8.90
2026-09-15T03:51:05.546Z [1mnvidia-cudnn-cu12[0m==9.10.2.21
2026-09-15T03:51:05.546Z [1mnvidia-cufft-cu12[0m==11.3.3.83
2026-09-15T03:51:05.546Z [1mnvidia-cufile-cu12[0m==1.13.1.3
2026-09-15T03:51:05.546Z [1mnvidia-curand-cu12[0m==10.3.9.90
2026-09-15T03:51:05.546Z [1mnvidia-cusolver-cu12[0m==11.7.3.90
2026-09-15T03:51:05.546Z [1mnvidia-cusparse-cu12[0m==12.5.8.93
2026-09-15T03:51:05.546Z [1mnvidia-cusparselt-cu12[0m==0.7.1
2026-09-15T03:51:05.546Z [1mnvidia-cutlass-dsl[0m==4.7.1
2026-09-15T03:51:05.546Z [1mnvidia-cutlass-dsl-libs-base[0m==4.7.1
2026-09-15T03:51:05.546Z [1mnvidia-cutlass-dsl-libs-core[0m==4.7.1
2026-09-15T03:51:05.546Z [1mnvidia-cutlass-dsl-libs-cu12[0m==4.7.1
2026-09-15T03:51:05.546Z [1mnvidia-nccl-cu12[0m==2.27.5
2026-09-15T03:51:05.546Z [1mnvidia-nvjitlink-cu12[0m==12.8.93
2026-09-15T03:51:05.546Z [1mnvidia-nvshmem-cu12[0m==3.3.20
2026-09-15T03:51:05.546Z [1mnvidia-nvtx-cu12[0m==12.8.90
2026-09-15T03:51:05.546Z [1momegaconf[0m==2.3.0
2026-09-15T03:51:05.546Z [1monnx[0m==1.19.1
2026-09-15T03:51:05.546Z [1monnx-ir[0m==0.1.12
2026-09-15T03:51:05.546Z [1monnxscript[0m==0.5.6
2026-09-15T03:51:05.546Z [1mpackaging[0m @ file:///home/conda/feedstock_root/build_artifacts/bld/rattler-build_packaging_1745345660/work
2026-09-15T03:51:05.546Z [1mpandas[0m==2.3.3
2026-09-15T03:51:05.546Z [1mparso[0m @ file:///home/conda/feedstock_root/build_artifacts/bld/rattler-build_parso_1755974222/work
2026-09-15T03:51:05.546Z [1mpathspec[0m==0.12.1
2026-09-15T03:51:05.546Z [1mpetname[0m==2.9
2026-09-15T03:51:05.546Z [1mpexpect[0m @ file:///home/conda/feedstock_root/build_artifacts/pexpect_1733301927746/work
2026-09-15T03:51:05.546Z [1mpillow[0m==11.3.0
2026-09-15T03:51:05.546Z [1mpip[0m==25.3
2026-09-15T03:51:05.546Z [1mpkginfo[0m @ file:///home/conda/feedstock_root/build_artifacts/pkginfo_1739984581450/work
2026-09-15T03:51:05.546Z [1mplatformdirs[0m @ file:///home/conda/feedstock_root/build_artifacts/bld/rattler-build_platformdirs_1759953252/work
2026-09-15T03:51:05.546Z [1mpluggy[0m @ file:///home/conda/feedstock_root/build_artifacts/pluggy_1747339660894/work
2026-09-15T03:51:05.546Z [1mprompt-toolkit[0m @ file:///home/conda/feedstock_root/build_artifacts/prompt-toolkit_1756321756983/work
2026-09-15T03:51:05.546Z [1mpropcache[0m==0.4.1
2026-09-15T03:51:05.546Z [1mproto-plus[0m==1.26.1
2026-09-15T03:51:05.546Z [1mprotobuf[0m==6.33.1
2026-09-15T03:51:05.546Z [1mpsutil[0m @ file:///home/conda/feedstock_root/build_artifacts/bld/rattler-build_psutil_1762092914/work
2026-09-15T03:51:05.546Z [1mptyprocess[0m @ file:///home/conda/feedstock_root/build_artifacts/ptyprocess_1733302279685/work/dist/ptyprocess-0.7.0-py2.py3-none-any.whl#sha256=92c32ff62b5fd8cf325bec5ab90d7be3d2a8ca8c8a3813ff487a8d2002630d1f
2026-09-15T03:51:05.546Z [1mpure-eval[0m @ file:///home/conda/feedstock_root/build_artifacts/pure_eval_1733569405015/work
2026-09-15T03:51:05.546Z [1mpyarrow[0m==19.0.1
2026-09-15T03:51:05.546Z [1mpyasn1[0m==0.6.1
2026-09-15T03:51:05.546Z [1mpyasn1-modules[0m==0.4.2
2026-09-15T03:51:05.546Z [1mpycosat[0m @ file:///home/conda/feedstock_root/build_artifacts/pycosat_1757744639790/work
2026-09-15T03:51:05.546Z [1mpycparser[0m @ file:///home/conda/feedstock_root/build_artifacts/bld/rattler-build_pycparser_1733195786/work
2026-09-15T03:51:05.546Z [1mpydantic[0m==2.12.4
2026-09-15T03:51:05.546Z [1mpydantic-core[0m==2.41.5
2026-09-15T03:51:05.546Z [1mpygments[0m @ file:///home/conda/feedstock_root/build_artifacts/pygments_1750615794071/work
2026-09-15T03:51:05.546Z [1mpyparsing[0m==3.3.2
2026-09-15T03:51:05.546Z [1mpyproject-hooks[0m==1.2.0
2026-09-15T03:51:05.546Z [1mpysocks[0m @ file:///home/conda/feedstock_root/build_artifacts/pysocks_1733217236728/work
2026-09-15T03:51:05.546Z [1mpytest[0m==9.0.1
2026-09-15T03:51:05.546Z [1mpytest-memray[0m==1.8.0
2026-09-15T03:51:05.546Z [1mpytest-sphinx[0m==0.6.3
2026-09-15T03:51:05.546Z [1mpytest-xdist[0m==3.8.0
2026-09-15T03:51:05.546Z [1mpython-box[0m==6.1.0
2026-09-15T03:51:05.546Z [1mpython-dateutil[0m==2.9.0.post0
2026-09-15T03:51:05.546Z [1mpytz[0m @ file:///home/conda/feedstock_root/build_artifacts/pytz_1742920838005/work
2026-09-15T03:51:05.546Z [1mpyyaml[0m @ file:///home/conda/feedstock_root/build_artifacts/pyyaml_1758891829620/work
2026-09-15T03:51:05.546Z [1mquack-kernels[0m==0.6.5
2026-09-15T03:51:05.546Z [1mreadme-renderer[0m==43.0
2026-09-15T03:51:05.546Z [1mreferencing[0m @ file:///home/conda/feedstock_root/build_artifacts/bld/rattler-build_referencing_1760379115/work
2026-09-15T03:51:05.546Z [1mregex[0m==2025.11.3
2026-09-15T03:51:05.546Z [1mrequests[0m @ file:///home/conda/feedstock_root/build_artifacts/requests_1755614211359/work
2026-09-15T03:51:05.546Z [1mrequests-toolbelt[0m==1.0.0
2026-09-15T03:51:05.546Z [1mrfc3986[0m==2.0.0
2026-09-15T03:51:05.546Z [1mrich[0m==13.9.4
2026-09-15T03:51:05.546Z [1mring-flash-attn[0m==0.1.8
2026-09-15T03:51:05.546Z [1mrpds-py[0m @ file:///home/conda/feedstock_root/build_artifacts/bld/rattler-build_rpds-py_1763327046/work
2026-09-15T03:51:05.546Z [1mrsa[0m==4.9.1
2026-09-15T03:51:05.546Z [1mruamel-yaml[0m @ file:///home/conda/feedstock_root/build_artifacts/ruamel.yaml_1761160588389/work
2026-09-15T03:51:05.546Z [1mruamel-yaml-clib[0m @ file:///home/conda/feedstock_root/build_artifacts/ruamel.yaml.clib_1760564169582/work
2026-09-15T03:51:05.546Z [1mruff[0m==0.14.6
2026-09-15T03:51:05.546Z [1ms3transfer[0m==0.15.0
2026-09-15T03:51:05.546Z [1msafetensors[0m==0.7.0
2026-09-15T03:51:05.546Z [1msecretstorage[0m==3.5.0
2026-09-15T03:51:05.546Z [1msemantic-version[0m==2.10.0
2026-09-15T03:51:05.546Z [1msentry-sdk[0m==2.46.0
2026-09-15T03:51:05.546Z [1msetuptools[0m==69.5.1
2026-09-15T03:51:05.546Z [1msimplejson[0m==3.20.2
2026-09-15T03:51:05.546Z [1msix[0m==1.17.0
2026-09-15T03:51:05.546Z [1msmmap[0m==5.0.2
2026-09-15T03:51:05.546Z [1msniffio[0m==1.3.1
2026-09-15T03:51:05.546Z [1msnowballstemmer[0m==3.0.1
2026-09-15T03:51:05.546Z [1msoupsieve[0m @ file:///home/conda/feedstock_root/build_artifacts/soupsieve_1756330469801/work
2026-09-15T03:51:05.546Z [1msphinx[0m==7.4.7
2026-09-15T03:51:05.546Z [1msphinx-autobuild[0m==2025.8.25
2026-09-15T03:51:05.546Z [1msphinx-autodoc-typehints[0m==1.23.3
2026-09-15T03:51:05.546Z [1msphinx-basic-ng[0m==1.0.0b2
2026-09-15T03:51:05.546Z [1msphinx-copybutton[0m==0.5.2
2026-09-15T03:51:05.546Z [1msphinx-inline-tabs[0m==2023.4.21
2026-09-15T03:51:05.546Z [1msphinxcontrib-applehelp[0m==2.0.0
2026-09-15T03:51:05.546Z [1msphinxcontrib-devhelp[0m==2.0.0
2026-09-15T03:51:05.546Z [1msphinxcontrib-htmlhelp[0m==2.1.0
2026-09-15T03:51:05.546Z [1msphinxcontrib-jsmath[0m==1.0.1
2026-09-15T03:51:05.546Z [1msphinxcontrib-qthelp[0m==2.0.0
2026-09-15T03:51:05.546Z [1msphinxcontrib-serializinghtml[0m==2.0.0
2026-09-15T03:51:05.546Z [1mstack-data[0m @ file:///home/conda/feedstock_root/build_artifacts/stack_data_1733569443808/work
2026-09-15T03:51:05.546Z [1mstarlette[0m==0.50.0
2026-09-15T03:51:05.546Z [1msympy[0m==1.14.0
2026-09-15T03:51:05.546Z [1mtextual[0m==6.2.1
2026-09-15T03:51:05.546Z [1mtokenizers[0m==0.22.1
2026-09-15T03:51:05.546Z [1mtomli[0m==2.4.1
2026-09-15T03:51:05.546Z [1mtorch[0m==2.9.1+cu128
2026-09-15T03:51:05.546Z [1mtorch-c-dlpack-ext[0m==0.1.5
2026-09-15T03:51:05.546Z [1mtorchao[0m==0.15.0
2026-09-15T03:51:05.546Z [1mtorchaudio[0m==2.9.1+cu128
2026-09-15T03:51:05.546Z [1mtorchmetrics[0m==1.8.2
2026-09-15T03:51:05.546Z [1mtorchvision[0m==0.24.1+cu128
2026-09-15T03:51:05.546Z [1mtqdm[0m @ file:///home/conda/feedstock_root/build_artifacts/tqdm_1735661334605/work
2026-09-15T03:51:05.546Z [1mtraitlets[0m @ file:///home/conda/feedstock_root/build_artifacts/traitlets_1733367359838/work
2026-09-15T03:51:05.546Z [1mtransformer-engine[0m==2.9.0
2026-09-15T03:51:05.546Z [1mtransformer-engine-cu12[0m==2.9.0
2026-09-15T03:51:05.546Z [1mtransformer-engine-torch[0m==2.9.0
2026-09-15T03:51:05.546Z [1mtransformers[0m==4.57.3
2026-09-15T03:51:05.546Z [1mtriton[0m==3.5.1
2026-09-15T03:51:05.546Z [1mtruststore[0m @ file:///home/conda/feedstock_root/build_artifacts/bld/rattler-build_truststore_1753886790/work
2026-09-15T03:51:05.546Z [1mtwine[0m==6.2.0
2026-09-15T03:51:05.546Z [1mtyping-extensions[0m @ file:///home/conda/feedstock_root/build_artifacts/bld/rattler-build_typing_extensions_1756220668/work
2026-09-15T03:51:05.546Z [1mtyping-inspection[0m==0.4.2
2026-09-15T03:51:05.546Z [1mtzdata[0m==2025.2
2026-09-15T03:51:05.546Z [1muc-micro-py[0m==1.0.3
2026-09-15T03:51:05.546Z [1murllib3[0m @ file:///home/conda/feedstock_root/build_artifacts/urllib3_1750271362675/work
2026-09-15T03:51:05.546Z [1muvicorn[0m==0.38.0
2026-09-15T03:51:05.546Z [1mwandb[0m==0.23.0
2026-09-15T03:51:05.546Z [1mwatchfiles[0m==1.1.1
2026-09-15T03:51:05.546Z [1mwcwidth[0m @ file:///home/conda/feedstock_root/build_artifacts/wcwidth_1758622279606/work
2026-09-15T03:51:05.546Z [1mwebsockets[0m==15.0.1
2026-09-15T03:51:05.546Z [1mwheel[0m==0.45.1
2026-09-15T03:51:05.546Z [1mwrapt[0m==2.0.1
2026-09-15T03:51:05.546Z [1mwurlitzer[0m==3.1.1
2026-09-15T03:51:05.546Z [1mxxhash[0m==3.6.0
2026-09-15T03:51:05.546Z [1myarl[0m==1.22.0
2026-09-15T03:51:05.546Z [1mzipp[0m==3.23.0
2026-09-15T03:51:05.546Z [1mzstandard[0m==0.25.0
2026-09-15T03:51:05.546Z [36m[1m
2026-09-15T03:51:05.546Z #####################################
2026-09-15T03:51:05.546Z ### [GANTRY] NVIDIA system status ###  
2026-09-15T03:51:05.546Z #####################################
2026-09-15T03:51:05.546Z [0m
2026-09-15T03:51:05.589Z Tue Sep 15 03:51:05 2026       
2026-09-15T03:51:05.589Z +-----------------------------------------------------------------------------------------+
2026-09-15T03:51:05.589Z | NVIDIA-SMI 570.124.06             Driver Version: 570.124.06     CUDA Version: 12.8     |
2026-09-15T03:51:05.589Z |-----------------------------------------+------------------------+----------------------+
2026-09-15T03:51:05.589Z | GPU  Name                 Persistence-M | Bus-Id          Disp.A | Volatile Uncorr. ECC |
2026-09-15T03:51:05.589Z | Fan  Temp   Perf          Pwr:Usage/Cap |           Memory-Usage | GPU-Util  Compute M. |
2026-09-15T03:51:05.589Z |                                         |                        |               MIG M. |
2026-09-15T03:51:05.589Z |=========================================+========================+======================|
2026-09-15T03:51:05.633Z |   0  NVIDIA A100-SXM4-80GB          On  |   00000000:0E:00.0 Off |                    0 |
2026-09-15T03:51:05.633Z | N/A   39C    P0             72W /  400W |       1MiB /  81920MiB |      0%      Default |
2026-09-15T03:51:05.633Z |                                         |                        |             Disabled |
2026-09-15T03:51:05.633Z +-----------------------------------------+------------------------+----------------------+
2026-09-15T03:51:05.640Z |   1  NVIDIA A100-SXM4-80GB          On  |   00000000:CD:00.0 Off |                    0 |
2026-09-15T03:51:05.641Z | N/A   29C    P0             64W /  400W |       1MiB /  81920MiB |      0%      Default |
2026-09-15T03:51:05.641Z |                                         |                        |             Disabled |
2026-09-15T03:51:05.641Z +-----------------------------------------+------------------------+----------------------+
2026-09-15T03:51:05.641Z                                                                                          
2026-09-15T03:51:05.641Z +-----------------------------------------------------------------------------------------+
2026-09-15T03:51:05.641Z | Processes:                                                                              |
2026-09-15T03:51:05.641Z |  GPU   GI   CI              PID   Type   Process name                        GPU Memory |
2026-09-15T03:51:05.641Z |        ID   ID                                                               Usage      |
2026-09-15T03:51:05.641Z |=========================================================================================|
2026-09-15T03:51:05.646Z |  No running processes found                                                             |
2026-09-15T03:51:05.646Z +-----------------------------------------------------------------------------------------+
2026-09-15T03:51:06.444Z [36m[1m
2026-09-15T03:51:06.444Z ###############################
2026-09-15T03:51:06.444Z ### [GANTRY] Setup complete ###  (finished in 12 seconds)
2026-09-15T03:51:06.444Z ###############################
2026-09-15T03:51:06.444Z [0m
2026-09-15T03:51:16.034Z /opt/conda/lib/python3.12/site-packages/torchao/quantization/quant_api.py:2525: SyntaxWarning: invalid escape sequence '\.'
2026-09-15T03:51:16.034Z   * regex for parameter names, must start with `re:`, e.g. `re:language\.layers\..+\.q_proj.weight`.
2026-09-15T03:51:16.035Z /opt/conda/lib/python3.12/site-packages/torchao/quantization/quant_api.py:2525: SyntaxWarning: invalid escape sequence '\.'
2026-09-15T03:51:16.035Z   * regex for parameter names, must start with `re:`, e.g. `re:language\.layers\..+\.q_proj.weight`.
2026-09-15T03:51:16.490Z Supported flash-attn versions are >= 2.1.1, <= 2.8.1. Found flash-attn 2.8.2.
2026-09-15T03:51:16.493Z Supported flash-attn versions are >= 2.1.1, <= 2.8.1. Found flash-attn 2.8.2.
2026-09-15T03:51:16.493Z Supported flash-attn versions are >= 2.1.1, <= 2.8.1. Found flash-attn 2.8.2.
2026-09-15T03:51:16.496Z Supported flash-attn versions are >= 2.1.1, <= 2.8.1. Found flash-attn 2.8.2.
2026-09-15T03:51:17.918Z Setting env var 'TORCH_NCCL_AVOID_RECORD_STREAMS' to '1'
2026-09-15T03:51:17.918Z Setting env var 'TORCH_DIST_INIT_BARRIER' to '1'
2026-09-15T03:51:17.918Z Setting env var 'TORCH_NCCL_AVOID_RECORD_STREAMS' to '1'Running in beaker on node 'saturn-cs-aus-238.reviz.ai2.in'
2026-09-15T03:51:17.918Z 
2026-09-15T03:51:17.918Z Setting env var 'TORCH_DIST_INIT_BARRIER' to '1'
2026-09-15T03:51:17.918Z Running in beaker on node 'saturn-cs-aus-238.reviz.ai2.in'
2026-09-15T03:51:18.267Z Initializing process group with timeout=datetime.timedelta(seconds=900)...
2026-09-15T03:51:18.272Z Initializing process group with timeout=datetime.timedelta(seconds=900)...
2026-09-15T03:51:18.331Z [Gloo] Rank 0 is connected to 1 peer ranks. Expected number of connected peer ranks is : [Gloo] Rank 1
2026-09-15T03:51:18.331Z 1 is connected to 1 peer ranks. Expected number of connected peer ranks is : 1
2026-09-15T03:51:18.331Z [W915 03:51:18.143530441 ProcessGroupNCCL.cpp:924] Warning: TORCH_NCCL_AVOID_RECORD_STREAMS is the default now, this environment variable is thus deprecated. (function operator())
2026-09-15T03:51:18.331Z [W915 03:51:18.143564758 ProcessGroupNCCL.cpp:924] Warning: TORCH_NCCL_AVOID_RECORD_STREAMS is the default now, this environment variable is thus deprecated. (function operator())
2026-09-15T03:51:18.332Z Global rank 0 = local rank 0 = file system local rank 0
2026-09-15T03:51:18.332Z Global rank 1 = local rank 1 = file system local rank 1
2026-09-15T03:51:18.334Z [2;36m[2026-09-15 03:51:18][0m [34mINFO    [0m [2m[olmo_core.utils:237, c666d7a1480d, rank=0][0m Env var 'OMP_NUM_THREADS' already set to '8'
2026-09-15T03:51:18.334Z [2;36m[2026-09-15 03:51:18][0m [34mINFO    [0m [2m[olmo_core.utils:237, c666d7a1480d, rank=0][0m Setting env var 'TOKENIZERS_PARALLELISM' to 'false'
2026-09-15T03:51:18.334Z [2;36m[2026-09-15 03:51:18][0m [34mINFO    [0m [2m[olmo_core.train:148, c666d7a1480d, rank=0][0m Using distributed backend cpu:gloo,cuda:nccl
2026-09-15T03:51:18.338Z [ctc-suite] task=outlier variant=full scale=4b n_examples=1953 epochs=1 seq_len=4096 global_batch=32 world_size=2 curriculum=None
2026-09-15T03:51:18.338Z [ctc-suite] wandb group: https://wandb.ai/prasanns-allen-institute-for-ai/memory-networks/groups/f2k-q35-4b
2026-09-15T03:51:18.338Z [ctc-suite] task=outlier variant=full scale=4b n_examples=1953 epochs=1 seq_len=4096 global_batch=32 world_size=2 curriculum=None
2026-09-15T03:51:18.338Z [ctc-suite] wandb group: https://wandb.ai/prasanns-allen-institute-for-ai/memory-networks/groups/f2k-q35-4b
2026-09-15T03:51:18.347Z [2;36m[2026-09-15 03:51:18][0m [34mINFO    [0m [2m[olmo_core.nn.transformer.config:373, c666d7a1480d, rank=0][0m Building transformer with 4,841,450,496 total params, 4,205,751,296 non-embedding params
2026-09-15T03:51:19.174Z [2;36m[2026-09-15 03:51:19][0m [34mINFO    [0m [2m[olmo_core.nn.attention:1150, c666d7a1480d, rank=0][0m Using attention backend 'flash_2'
2026-09-15T03:51:19.186Z [2;36m[2026-09-15 03:51:19][0m [34mINFO    [0m [2m[olmo_core.nn.attention:1150, c666d7a1480d, rank=0][0m Using attention backend 'flash_2'
2026-09-15T03:51:19.193Z [2;36m[2026-09-15 03:51:19][0m [34mINFO    [0m [2m[olmo_core.nn.attention:1150, c666d7a1480d, rank=0][0m Using attention backend 'flash_2'
2026-09-15T03:51:19.199Z [2;36m[2026-09-15 03:51:19][0m [34mINFO    [0m [2m[olmo_core.nn.attention:1150, c666d7a1480d, rank=0][0m Using attention backend 'flash_2'
2026-09-15T03:51:19.206Z [2;36m[2026-09-15 03:51:19][0m [34mINFO    [0m [2m[olmo_core.nn.attention:1150, c666d7a1480d, rank=0][0m Using attention backend 'flash_2'
2026-09-15T03:51:19.213Z [2;36m[2026-09-15 03:51:19][0m [34mINFO    [0m [2m[olmo_core.nn.attention:1150, c666d7a1480d, rank=0][0m Using attention backend 'flash_2'
2026-09-15T03:51:19.220Z [2;36m[2026-09-15 03:51:19][0m [34mINFO    [0m [2m[olmo_core.nn.attention:1150, c666d7a1480d, rank=0][0m Using attention backend 'flash_2'
2026-09-15T03:51:19.226Z [2;36m[2026-09-15 03:51:19][0m [34mINFO    [0m [2m[olmo_core.nn.attention:1150, c666d7a1480d, rank=0][0m Using attention backend 'flash_2'
2026-09-15T03:51:19.238Z [2;36m[2026-09-15 03:51:19][0m [34mINFO    [0m [2m[olmo_core.nn.transformer.config:446, c666d7a1480d, rank=0][0m Transformer(
2026-09-15T03:51:19.238Z   (embeddings): Embedding(248320, 2560)
2026-09-15T03:51:19.238Z   (blocks): ModuleDict(
2026-09-15T03:51:19.238Z     (0): TransformerBlock(
2026-09-15T03:51:19.238Z       (attention): GatedDeltaNet(
2026-09-15T03:51:19.238Z         (w_q): Linear(in_features=2560, out_features=2048, bias=False)
2026-09-15T03:51:19.238Z         (w_k): Linear(in_features=2560, out_features=2048, bias=False)
2026-09-15T03:51:19.238Z         (w_v): Linear(in_features=2560, out_features=4096, bias=False)
2026-09-15T03:51:19.238Z         (w_a): Linear(in_features=2560, out_features=32, bias=False)
2026-09-15T03:51:19.238Z         (w_b): Linear(in_features=2560, out_features=32, bias=False)
2026-09-15T03:51:19.238Z         (q_conv1d): CausalConv1d(2048, 2048, kernel_size=(4,), stride=(1,), padding=(3,), groups=2048, bias=False)
2026-09-15T03:51:19.238Z         (k_conv1d): CausalConv1d(2048, 2048, kernel_size=(4,), stride=(1,), padding=(3,), groups=2048, bias=False)
2026-09-15T03:51:19.238Z         (v_conv1d): CausalConv1d(4096, 4096, kernel_size=(4,), stride=(1,), padding=(3,), groups=4096, bias=False)
2026-09-15T03:51:19.238Z         (w_g): Linear(in_features=2560, out_features=4096, bias=False)
2026-09-15T03:51:19.238Z         (o_norm): FusedRMSNormGated(128, eps=1e-06, activation=swish)
2026-09-15T03:51:19.238Z         (w_out): Linear(in_features=4096, out_features=2560, bias=False)
2026-09-15T03:51:19.238Z       )
2026-09-15T03:51:19.238Z       (attention_norm): QwenRMSNorm((2560,), eps=1e-06)
2026-09-15T03:51:19.238Z       (attention_residual_stream): ResidualStream(
2026-09-15T03:51:19.238Z         (dropout): Identity()
2026-09-15T03:51:19.238Z       )
2026-09-15T03:51:19.238Z       (feed_forward): FeedForward(
2026-09-15T03:51:19.238Z         (w1): Linear(in_features=2560, out_features=9216, bias=False)
2026-09-15T03:51:19.238Z         (w2): Linear(in_features=9216, out_features=2560, bias=False)
2026-09-15T03:51:19.238Z         (w3): Linear(in_features=2560, out_features=9216, bias=False)
2026-09-15T03:51:19.238Z       )
2026-09-15T03:51:19.238Z       (feed_forward_norm): QwenRMSNorm((2560,), eps=1e-06)
2026-09-15T03:51:19.238Z       (feed_forward_residual_stream): ResidualStream(
2026-09-15T03:51:19.238Z         (dropout): Identity()
2026-09-15T03:51:19.238Z       )
2026-09-15T03:51:19.239Z     )
2026-09-15T03:51:19.239Z     (1): TransformerBlock(
2026-09-15T03:51:19.239Z       (attention): GatedDeltaNet(
2026-09-15T03:51:19.239Z         (w_q): Linear(in_features=2560, out_features=2048, bias=False)
2026-09-15T03:51:19.239Z         (w_k): Linear(in_features=2560, out_features=2048, bias=False)
2026-09-15T03:51:19.239Z         (w_v): Linear(in_features=2560, out_features=4096, bias=False)
2026-09-15T03:51:19.239Z         (w_a): Linear(in_features=2560, out_features=32, bias=False)
2026-09-15T03:51:19.239Z         (w_b): Linear(in_features=2560, out_features=32, bias=False)
2026-09-15T03:51:19.239Z         (q_conv1d): CausalConv1d(2048, 2048, kernel_size=(4,), stride=(1,), padding=(3,), groups=2048, bias=False)
2026-09-15T03:51:19.239Z         (k_conv1d): CausalConv1d(2048, 2048, kernel_size=(4,), stride=(1,), padding=(3,), groups=2048, bias=False)
2026-09-15T03:51:19.239Z         (v_conv1d): CausalConv1d(4096, 4096, kernel_size=(4,), stride=(1,), padding=(3,), groups=4096, bias=False)
2026-09-15T03:51:19.239Z         (w_g): Linear(in_features=2560, out_features=4096, bias=False)
2026-09-15T03:51:19.239Z         (o_norm): FusedRMSNormGated(128, eps=1e-06, activation=swish)
2026-09-15T03:51:19.239Z         (w_out): Linear(in_features=4096, out_features=2560, bias=False)
2026-09-15T03:51:19.239Z       )
2026-09-15T03:51:19.239Z       (attention_norm): QwenRMSNorm((2560,), eps=1e-06)
2026-09-15T03:51:19.239Z       (attention_residual_stream): ResidualStream(
2026-09-15T03:51:19.239Z         (dropout): Identity()
2026-09-15T03:51:19.239Z       )
2026-09-15T03:51:19.239Z       (feed_forward): FeedForward(
2026-09-15T03:51:19.239Z         (w1): Linear(in_features=2560, out_features=9216, bias=False)
2026-09-15T03:51:19.239Z         (w2): Linear(in_features=9216, out_features=2560, bias=False)
2026-09-15T03:51:19.239Z         (w3): Linear(in_features=2560, out_features=9216, bias=False)
2026-09-15T03:51:19.239Z       )
2026-09-15T03:51:19.239Z       (feed_forward_norm): QwenRMSNorm((2560,), eps=1e-06)
2026-09-15T03:51:19.239Z       (feed_forward_residual_stream): ResidualStream(
2026-09-15T03:51:19.239Z         (dropout): Identity()
2026-09-15T03:51:19.239Z       )
2026-09-15T03:51:19.239Z     )
2026-09-15T03:51:19.239Z     (2): TransformerBlock(
2026-09-15T03:51:19.239Z       (attention): GatedDeltaNet(
2026-09-15T03:51:19.239Z         (w_q): Linear(in_features=2560, out_features=2048, bias=False)
2026-09-15T03:51:19.239Z         (w_k): Linear(in_features=2560, out_features=2048, bias=False)
2026-09-15T03:51:19.239Z         (w_v): Linear(in_features=2560, out_features=4096, bias=False)
2026-09-15T03:51:19.239Z         (w_a): Linear(in_features=2560, out_features=32, bias=False)
2026-09-15T03:51:19.239Z         (w_b): Linear(in_features=2560, out_features=32, bias=False)
2026-09-15T03:51:19.239Z         (q_conv1d): CausalConv1d(2048, 2048, kernel_size=(4,), stride=(1,), padding=(3,), groups=2048, bias=False)
2026-09-15T03:51:19.239Z         (k_conv1d): CausalConv1d(2048, 2048, kernel_size=(4,), stride=(1,), padding=(3,), groups=2048, bias=False)
2026-09-15T03:51:19.239Z         (v_conv1d): CausalConv1d(4096, 4096, kernel_size=(4,), stride=(1,), padding=(3,), groups=4096, bias=False)
2026-09-15T03:51:19.239Z         (w_g): Linear(in_features=2560, out_features=4096, bias=False)
2026-09-15T03:51:19.239Z         (o_norm): FusedRMSNormGated(128, eps=1e-06, activation=swish)
2026-09-15T03:51:19.239Z         (w_out): Linear(in_features=4096, out_features=2560, bias=False)
2026-09-15T03:51:19.239Z       )
2026-09-15T03:51:19.239Z       (attention_norm): QwenRMSNorm((2560,), eps=1e-06)
2026-09-15T03:51:19.239Z       (attention_residual_stream): ResidualStream(
2026-09-15T03:51:19.239Z         (dropout): Identity()
2026-09-15T03:51:19.239Z       )
2026-09-15T03:51:19.239Z       (feed_forward): FeedForward(
2026-09-15T03:51:19.239Z         (w1): Linear(in_features=2560, out_features=9216, bias=False)
2026-09-15T03:51:19.239Z         (w2): Linear(in_features=9216, out_features=2560, bias=False)
2026-09-15T03:51:19.239Z         (w3): Linear(in_features=2560, out_features=9216, bias=False)
2026-09-15T03:51:19.239Z       )
2026-09-15T03:51:19.239Z       (feed_forward_norm): QwenRMSNorm((2560,), eps=1e-06)
2026-09-15T03:51:19.239Z       (feed_forward_residual_stream): ResidualStream(
2026-09-15T03:51:19.239Z         (dropout): Identity()
2026-09-15T03:51:19.239Z       )
2026-09-15T03:51:19.239Z     )
2026-09-15T03:51:19.239Z     (3): TransformerBlock(
2026-09-15T03:51:19.239Z       (attention): Attention(
2026-09-15T03:51:19.239Z         (w_q): Linear(in_features=2560, out_features=4096, bias=False)
2026-09-15T03:51:19.239Z         (w_k): Linear(in_features=2560, out_features=1024, bias=False)
2026-09-15T03:51:19.239Z         (w_v): Linear(in_features=2560, out_features=1024, bias=False)
2026-09-15T03:51:19.239Z         (w_out): Linear(in_features=4096, out_features=2560, bias=False)
2026-09-15T03:51:19.239Z         (w_g): Linear(in_features=2560, out_features=4096, bias=False)
2026-09-15T03:51:19.239Z         (q_norm): QwenRMSNorm((256,), eps=1e-06)
2026-09-15T03:51:19.239Z         (k_norm): QwenRMSNorm((256,), eps=1e-06)
2026-09-15T03:51:19.239Z         (rope): RotaryEmbedding()
2026-09-15T03:51:19.239Z         (backend): FlashAttention2Backend()
2026-09-15T03:51:19.239Z       )
2026-09-15T03:51:19.239Z       (attention_norm): QwenRMSNorm((2560,), eps=1e-06)
2026-09-15T03:51:19.239Z       (attention_residual_stream): ResidualStream(
2026-09-15T03:51:19.239Z         (dropout): Identity()
2026-09-15T03:51:19.239Z       )
2026-09-15T03:51:19.239Z       (feed_forward): FeedForward(
2026-09-15T03:51:19.239Z         (w1): Linear(in_features=2560, out_features=9216, bias=False)
2026-09-15T03:51:19.239Z         (w2): Linear(in_features=9216, out_features=2560, bias=False)
2026-09-15T03:51:19.239Z         (w3): Linear(in_features=2560, out_features=9216, bias=False)
2026-09-15T03:51:19.239Z       )
2026-09-15T03:51:19.239Z       (feed_forward_norm): QwenRMSNorm((2560,), eps=1e-06)
2026-09-15T03:51:19.239Z       (feed_forward_residual_stream): ResidualStream(
2026-09-15T03:51:19.239Z         (dropout): Identity()
2026-09-15T03:51:19.239Z       )
2026-09-15T03:51:19.239Z     )
2026-09-15T03:51:19.239Z     (4): TransformerBlock(
2026-09-15T03:51:19.239Z       (attention): GatedDeltaNet(
2026-09-15T03:51:19.239Z         (w_q): Linear(in_features=2560, out_features=2048, bias=False)
2026-09-15T03:51:19.239Z         (w_k): Linear(in_features=2560, out_features=2048, bias=False)
2026-09-15T03:51:19.239Z         (w_v): Linear(in_features=2560, out_features=4096, bias=False)
2026-09-15T03:51:19.239Z         (w_a): Linear(in_features=2560, out_features=32, bias=False)
2026-09-15T03:51:19.239Z         (w_b): Linear(in_features=2560, out_features=32, bias=False)
2026-09-15T03:51:19.239Z         (q_conv1d): CausalConv1d(2048, 2048, kernel_size=(4,), stride=(1,), padding=(3,), groups=2048, bias=False)
2026-09-15T03:51:19.239Z         (k_conv1d): CausalConv1d(2048, 2048, kernel_size=(4,), stride=(1,), padding=(3,), groups=2048, bias=False)
2026-09-15T03:51:19.239Z         (v_conv1d): CausalConv1d(4096, 4096, kernel_size=(4,), stride=(1,), padding=(3,), groups=4096, bias=False)
2026-09-15T03:51:19.239Z         (w_g): Linear(in_features=2560, out_features=4096, bias=False)
2026-09-15T03:51:19.239Z         (o_norm): FusedRMSNormGated(128, eps=1e-06, activation=swish)
2026-09-15T03:51:19.239Z         (w_out): Linear(in_features=4096, out_features=2560, bias=False)
2026-09-15T03:51:19.239Z       )
2026-09-15T03:51:19.239Z       (attention_norm): QwenRMSNorm((2560,), eps=1e-06)
2026-09-15T03:51:19.239Z       (attention_residual_stream): ResidualStream(
2026-09-15T03:51:19.239Z         (dropout): Identity()
2026-09-15T03:51:19.239Z       )
2026-09-15T03:51:19.239Z       (feed_forward): FeedForward(
2026-09-15T03:51:19.239Z         (w1): Linear(in_features=2560, out_features=9216, bias=False)
2026-09-15T03:51:19.239Z         (w2): Linear(in_features=9216, out_features=2560, bias=False)
2026-09-15T03:51:19.239Z         (w3): Linear(in_features=2560, out_features=9216, bias=False)
2026-09-15T03:51:19.239Z       )
2026-09-15T03:51:19.239Z       (feed_forward_norm): QwenRMSNorm((2560,), eps=1e-06)
2026-09-15T03:51:19.239Z       (feed_forward_residual_stream): ResidualStream(
2026-09-15T03:51:19.239Z         (dropout): Identity()
2026-09-15T03:51:19.239Z       )
2026-09-15T03:51:19.239Z     )
2026-09-15T03:51:19.239Z     (5): TransformerBlock(
2026-09-15T03:51:19.239Z       (attention): GatedDeltaNet(
2026-09-15T03:51:19.239Z         (w_q): Linear(in_features=2560, out_features=2048, bias=False)
2026-09-15T03:51:19.239Z         (w_k): Linear(in_features=2560, out_features=2048, bias=False)
2026-09-15T03:51:19.239Z         (w_v): Linear(in_features=2560, out_features=4096, bias=False)
2026-09-15T03:51:19.239Z         (w_a): Linear(in_features=2560, out_features=32, bias=False)
2026-09-15T03:51:19.239Z         (w_b): Linear(in_features=2560, out_features=32, bias=False)
2026-09-15T03:51:19.239Z         (q_conv1d): CausalConv1d(2048, 2048, kernel_size=(4,), stride=(1,), padding=(3,), groups=2048, bias=False)
2026-09-15T03:51:19.239Z         (k_conv1d): CausalConv1d(2048, 2048, kernel_size=(4,), stride=(1,), padding=(3,), groups=2048, bias=False)
2026-09-15T03:51:19.239Z         (v_conv1d): CausalConv1d(4096, 4096, kernel_size=(4,), stride=(1,), padding=(3,), groups=4096, bias=False)
2026-09-15T03:51:19.239Z         (w_g): Linear(in_features=2560, out_features=4096, bias=False)
2026-09-15T03:51:19.239Z         (o_norm): FusedRMSNormGated(128, eps=1e-06, activation=swish)
2026-09-15T03:51:19.239Z         (w_out): Linear(in_features=4096, out_features=2560, bias=False)
2026-09-15T03:51:19.239Z       )
2026-09-15T03:51:19.239Z       (attention_norm): QwenRMSNorm((2560,), eps=1e-06)
2026-09-15T03:51:19.239Z       (attention_residual_stream): ResidualStream(
2026-09-15T03:51:19.239Z         (dropout): Identity()
2026-09-15T03:51:19.239Z       )
2026-09-15T03:51:19.239Z       (feed_forward): FeedForward(
2026-09-15T03:51:19.239Z         (w1): Linear(in_features=2560, out_features=9216, bias=False)
2026-09-15T03:51:19.239Z         (w2): Linear(in_features=9216, out_features=2560, bias=False)
2026-09-15T03:51:19.239Z         (w3): Linear(in_features=2560, out_features=9216, bias=False)
2026-09-15T03:51:19.239Z       )
2026-09-15T03:51:19.239Z       (feed_forward_norm): QwenRMSNorm((2560,), eps=1e-06)
2026-09-15T03:51:19.239Z       (feed_forward_residual_stream): ResidualStream(
2026-09-15T03:51:19.239Z         (dropout): Identity()
2026-09-15T03:51:19.239Z       )
2026-09-15T03:51:19.239Z     )
2026-09-15T03:51:19.239Z     (6): TransformerBlock(
2026-09-15T03:51:19.239Z       (attention): GatedDeltaNet(
2026-09-15T03:51:19.239Z         (w_q): Linear(in_features=2560, out_features=2048, bias=False)
2026-09-15T03:51:19.239Z         (w_k): Linear(in_features=2560, out_features=2048, bias=False)
2026-09-15T03:51:19.239Z         (w_v): Linear(in_features=2560, out_features=4096, bias=False)
2026-09-15T03:51:19.239Z         (w_a): Linear(in_features=2560, out_features=32, bias=False)
2026-09-15T03:51:19.239Z         (w_b): Linear(in_features=2560, out_features=32, bias=False)
2026-09-15T03:51:19.239Z         (q_conv1d): CausalConv1d(2048, 2048, kernel_size=(4,), stride=(1,), padding=(3,), groups=2048, bias=False)
2026-09-15T03:51:19.239Z         (k_conv1d): CausalConv1d(2048, 2048, kernel_size=(4,), stride=(1,), padding=(3,), groups=2048, bias=False)
2026-09-15T03:51:19.239Z         (v_conv1d): CausalConv1d(4096, 4096, kernel_size=(4,), stride=(1,), padding=(3,), groups=4096, bias=False)
2026-09-15T03:51:19.239Z         (w_g): Linear(in_features=2560, out_features=4096, bias=False)
2026-09-15T03:51:19.239Z         (o_norm): FusedRMSNormGated(128, eps=1e-06, activation=swish)
2026-09-15T03:51:19.239Z         (w_out): Linear(in_features=4096, out_features=2560, bias=False)
2026-09-15T03:51:19.239Z       )
2026-09-15T03:51:19.239Z       (attention_norm): QwenRMSNorm((2560,), eps=1e-06)
2026-09-15T03:51:19.239Z       (attention_residual_stream): ResidualStream(
2026-09-15T03:51:19.239Z         (dropout): Identity()
2026-09-15T03:51:19.239Z       )
2026-09-15T03:51:19.239Z       (feed_forward): FeedForward(
2026-09-15T03:51:19.239Z         (w1): Linear(in_features=2560, out_features=9216, bias=False)
2026-09-15T03:51:19.239Z         (w2): Linear(in_features=9216, out_features=2560, bias=False)
2026-09-15T03:51:19.239Z         (w3): Linear(in_features=2560, out_features=9216, bias=False)
2026-09-15T03:51:19.239Z       )
2026-09-15T03:51:19.239Z       (feed_forward_norm): QwenRMSNorm((2560,), eps=1e-06)
2026-09-15T03:51:19.239Z       (feed_forward_residual_stream): ResidualStream(
2026-09-15T03:51:19.239Z         (dropout): Identity()
2026-09-15T03:51:19.239Z       )
2026-09-15T03:51:19.239Z     )
2026-09-15T03:51:19.239Z     (7): TransformerBlock(
2026-09-15T03:51:19.239Z       (attention): Attention(
2026-09-15T03:51:19.239Z         (w_q): Linear(in_features=2560, out_features=4096, bias=False)
2026-09-15T03:51:19.239Z         (w_k): Linear(in_features=2560, out_features=1024, bias=False)
2026-09-15T03:51:19.239Z         (w_v): Linear(in_features=2560, out_features=1024, bias=False)
2026-09-15T03:51:19.239Z         (w_out): Linear(in_features=4096, out_features=2560, bias=False)
2026-09-15T03:51:19.239Z         (w_g): Linear(in_features=2560, out_features=4096, bias=False)
2026-09-15T03:51:19.239Z         (q_norm): QwenRMSNorm((256,), eps=1e-06)
2026-09-15T03:51:19.239Z         (k_norm): QwenRMSNorm((256,), eps=1e-06)
2026-09-15T03:51:19.239Z         (rope): RotaryEmbedding()
2026-09-15T03:51:19.239Z         (backend): FlashAttention2Backend()
2026-09-15T03:51:19.239Z       )
2026-09-15T03:51:19.239Z       (attention_norm): QwenRMSNorm((2560,), eps=1e-06)
2026-09-15T03:51:19.239Z       (attention_residual_stream): ResidualStream(
2026-09-15T03:51:19.239Z         (dropout): Identity()
2026-09-15T03:51:19.239Z       )
2026-09-15T03:51:19.239Z       (feed_forward): FeedForward(
2026-09-15T03:51:19.239Z         (w1): Linear(in_features=2560, out_features=9216, bias=False)
2026-09-15T03:51:19.239Z         (w2): Linear(in_features=9216, out_features=2560, bias=False)
2026-09-15T03:51:19.239Z         (w3): Linear(in_features=2560, out_features=9216, bias=False)
2026-09-15T03:51:19.239Z       )
2026-09-15T03:51:19.239Z       (feed_forward_norm): QwenRMSNorm((2560,), eps=1e-06)
2026-09-15T03:51:19.239Z       (feed_forward_residual_stream): ResidualStream(
2026-09-15T03:51:19.239Z         (dropout): Identity()
2026-09-15T03:51:19.239Z       )
2026-09-15T03:51:19.239Z     )
2026-09-15T03:51:19.239Z     (8): TransformerBlock(
2026-09-15T03:51:19.239Z       (attention): GatedDeltaNet(
2026-09-15T03:51:19.239Z         (w_q): Linear(in_features=2560, out_features=2048, bias=False)
2026-09-15T03:51:19.239Z         (w_k): Linear(in_features=2560, out_features=2048, bias=False)
2026-09-15T03:51:19.239Z         (w_v): Linear(in_features=2560, out_features=4096, bias=False)
2026-09-15T03:51:19.239Z         (w_a): Linear(in_features=2560, out_features=32, bias=False)
2026-09-15T03:51:19.239Z         (w_b): Linear(in_features=2560, out_features=32, bias=False)
2026-09-15T03:51:19.239Z         (q_conv1d): CausalConv1d(2048, 2048, kernel_size=(4,), stride=(1,), padding=(3,), groups=2048, bias=False)
2026-09-15T03:51:19.239Z         (k_conv1d): CausalConv1d(2048, 2048, kernel_size=(4,), stride=(1,), padding=(3,), groups=2048, bias=False)
2026-09-15T03:51:19.239Z         (v_conv1d): CausalConv1d(4096, 4096, kernel_size=(4,), stride=(1,), padding=(3,), groups=4096, bias=False)
2026-09-15T03:51:19.239Z         (w_g): Linear(in_features=2560, out_features=4096, bias=False)
2026-09-15T03:51:19.239Z         (o_norm): FusedRMSNormGated(128, eps=1e-06, activation=swish)
2026-09-15T03:51:19.239Z         (w_out): Linear(in_features=4096, out_features=2560, bias=False)
2026-09-15T03:51:19.239Z       )
2026-09-15T03:51:19.239Z       (attention_norm): QwenRMSNorm((2560,), eps=1e-06)
2026-09-15T03:51:19.239Z       (attention_residual_stream): ResidualStream(
2026-09-15T03:51:19.239Z         (dropout): Identity()
2026-09-15T03:51:19.239Z       )
2026-09-15T03:51:19.239Z       (feed_forward): FeedForward(
2026-09-15T03:51:19.239Z         (w1): Linear(in_features=2560, out_features=9216, bias=False)
2026-09-15T03:51:19.239Z         (w2): Linear(in_features=9216, out_features=2560, bias=False)
2026-09-15T03:51:19.239Z         (w3): Linear(in_features=2560, out_features=9216, bias=False)
2026-09-15T03:51:19.239Z       )
2026-09-15T03:51:19.239Z       (feed_forward_norm): QwenRMSNorm((2560,), eps=1e-06)
2026-09-15T03:51:19.239Z       (feed_forward_residual_stream): ResidualStream(
2026-09-15T03:51:19.239Z         (dropout): Identity()
2026-09-15T03:51:19.239Z       )
2026-09-15T03:51:19.239Z     )
2026-09-15T03:51:19.239Z     (9): TransformerBlock(
2026-09-15T03:51:19.239Z       (attention): GatedDeltaNet(
2026-09-15T03:51:19.239Z         (w_q): Linear(in_features=2560, out_features=2048, bias=False)
2026-09-15T03:51:19.240Z         (w_k): Linear(in_features=2560, out_features=2048, bias=False)
2026-09-15T03:51:19.240Z         (w_v): Linear(in_features=2560, out_features=4096, bias=False)
2026-09-15T03:51:19.240Z         (w_a): Linear(in_features=2560, out_features=32, bias=False)
2026-09-15T03:51:19.240Z         (w_b): Linear(in_features=2560, out_features=32, bias=False)
2026-09-15T03:51:19.240Z         (q_conv1d): CausalConv1d(2048, 2048, kernel_size=(4,), stride=(1,), padding=(3,), groups=2048, bias=False)
2026-09-15T03:51:19.240Z         (k_conv1d): CausalConv1d(2048, 2048, kernel_size=(4,), stride=(1,), padding=(3,), groups=2048, bias=False)
2026-09-15T03:51:19.240Z         (v_conv1d): CausalConv1d(4096, 4096, kernel_size=(4,), stride=(1,), padding=(3,), groups=4096, bias=False)
2026-09-15T03:51:19.240Z         (w_g): Linear(in_features=2560, out_features=4096, bias=False)
2026-09-15T03:51:19.240Z         (o_norm): FusedRMSNormGated(128, eps=1e-06, activation=swish)
2026-09-15T03:51:19.240Z         (w_out): Linear(in_features=4096, out_features=2560, bias=False)
2026-09-15T03:51:19.240Z       )
2026-09-15T03:51:19.240Z       (attention_norm): QwenRMSNorm((2560,), eps=1e-06)
2026-09-15T03:51:19.240Z       (attention_residual_stream): ResidualStream(
2026-09-15T03:51:19.240Z         (dropout): Identity()
2026-09-15T03:51:19.240Z       )
2026-09-15T03:51:19.240Z       (feed_forward): FeedForward(
2026-09-15T03:51:19.240Z         (w1): Linear(in_features=2560, out_features=9216, bias=False)
2026-09-15T03:51:19.240Z         (w2): Linear(in_features=9216, out_features=2560, bias=False)
2026-09-15T03:51:19.240Z         (w3): Linear(in_features=2560, out_features=9216, bias=False)
2026-09-15T03:51:19.240Z       )
2026-09-15T03:51:19.240Z       (feed_forward_norm): QwenRMSNorm((2560,), eps=1e-06)
2026-09-15T03:51:19.240Z       (feed_forward_residual_stream): ResidualStream(
2026-09-15T03:51:19.240Z         (dropout): Identity()
2026-09-15T03:51:19.240Z       )
2026-09-15T03:51:19.240Z     )
2026-09-15T03:51:19.240Z     (10): TransformerBlock(
2026-09-15T03:51:19.240Z       (attention): GatedDeltaNet(
2026-09-15T03:51:19.240Z         (w_q): Linear(in_features=2560, out_features=2048, bias=False)
2026-09-15T03:51:19.240Z         (w_k): Linear(in_features=2560, out_features=2048, bias=False)
2026-09-15T03:51:19.240Z         (w_v): Linear(in_features=2560, out_features=4096, bias=False)
2026-09-15T03:51:19.240Z         (w_a): Linear(in_features=2560, out_features=32, bias=False)
2026-09-15T03:51:19.240Z         (w_b): Linear(in_features=2560, out_features=32, bias=False)
2026-09-15T03:51:19.240Z         (q_conv1d): CausalConv1d(2048, 2048, kernel_size=(4,), stride=(1,), padding=(3,), groups=2048, bias=False)
2026-09-15T03:51:19.240Z         (k_conv1d): CausalConv1d(2048, 2048, kernel_size=(4,), stride=(1,), padding=(3,), groups=2048, bias=False)
2026-09-15T03:51:19.240Z         (v_conv1d): CausalConv1d(4096, 4096, kernel_size=(4,), stride=(1,), padding=(3,), groups=4096, bias=False)
2026-09-15T03:51:19.240Z         (w_g): Linear(in_features=2560, out_features=4096, bias=False)
2026-09-15T03:51:19.240Z         (o_norm): FusedRMSNormGated(128, eps=1e-06, activation=swish)
2026-09-15T03:51:19.240Z         (w_out): Linear(in_features=4096, out_features=2560, bias=False)
2026-09-15T03:51:19.240Z       )
2026-09-15T03:51:19.240Z       (attention_norm): QwenRMSNorm((2560,), eps=1e-06)
2026-09-15T03:51:19.240Z       (attention_residual_stream): ResidualStream(
2026-09-15T03:51:19.240Z         (dropout): Identity()
2026-09-15T03:51:19.240Z       )
2026-09-15T03:51:19.240Z       (feed_forward): FeedForward(
2026-09-15T03:51:19.240Z         (w1): Linear(in_features=2560, out_features=9216, bias=False)
2026-09-15T03:51:19.240Z         (w2): Linear(in_features=9216, out_features=2560, bias=False)
2026-09-15T03:51:19.240Z         (w3): Linear(in_features=2560, out_features=9216, bias=False)
2026-09-15T03:51:19.240Z       )
2026-09-15T03:51:19.240Z       (feed_forward_norm): QwenRMSNorm((2560,), eps=1e-06)
2026-09-15T03:51:19.240Z       (feed_forward_residual_stream): ResidualStream(
2026-09-15T03:51:19.240Z         (dropout): Identity()
2026-09-15T03:51:19.240Z       )
2026-09-15T03:51:19.240Z     )
2026-09-15T03:51:19.240Z     (11): TransformerBlock(
2026-09-15T03:51:19.240Z       (attention): Attention(
2026-09-15T03:51:19.240Z         (w_q): Linear(in_features=2560, out_features=4096, bias=False)
2026-09-15T03:51:19.240Z         (w_k): Linear(in_features=2560, out_features=1024, bias=False)
2026-09-15T03:51:19.240Z         (w_v): Linear(in_features=2560, out_features=1024, bias=False)
2026-09-15T03:51:19.240Z         (w_out): Linear(in_features=4096, out_features=2560, bias=False)
2026-09-15T03:51:19.240Z         (w_g): Linear(in_features=2560, out_features=4096, bias=False)
2026-09-15T03:51:19.240Z         (q_norm): QwenRMSNorm((256,), eps=1e-06)
2026-09-15T03:51:19.240Z         (k_norm): QwenRMSNorm((256,), eps=1e-06)
2026-09-15T03:51:19.240Z         (rope): RotaryEmbedding()
2026-09-15T03:51:19.240Z         (backend): FlashAttention2Backend()
2026-09-15T03:51:19.240Z       )
2026-09-15T03:51:19.240Z       (attention_norm): QwenRMSNorm((2560,), eps=1e-06)
2026-09-15T03:51:19.240Z       (attention_residual_stream): ResidualStream(
2026-09-15T03:51:19.240Z         (dropout): Identity()
2026-09-15T03:51:19.240Z       )
2026-09-15T03:51:19.240Z       (feed_forward): FeedForward(
2026-09-15T03:51:19.240Z         (w1): Linear(in_features=2560, out_features=9216, bias=False)
2026-09-15T03:51:19.240Z         (w2): Linear(in_features=9216, out_features=2560, bias=False)
2026-09-15T03:51:19.240Z         (w3): Linear(in_features=2560, out_features=9216, bias=False)
2026-09-15T03:51:19.240Z       )
2026-09-15T03:51:19.240Z       (feed_forward_norm): QwenRMSNorm((2560,), eps=1e-06)
2026-09-15T03:51:19.240Z       (feed_forward_residual_stream): ResidualStream(
2026-09-15T03:51:19.240Z         (dropout): Identity()
2026-09-15T03:51:19.240Z       )
2026-09-15T03:51:19.240Z     )
2026-09-15T03:51:19.240Z     (12): TransformerBlock(
2026-09-15T03:51:19.240Z       (attention): GatedDeltaNet(
2026-09-15T03:51:19.240Z         (w_q): Linear(in_features=2560, out_features=2048, bias=False)
2026-09-15T03:51:19.240Z         (w_k): Linear(in_features=2560, out_features=2048, bias=False)
2026-09-15T03:51:19.240Z         (w_v): Linear(in_features=2560, out_features=4096, bias=False)
2026-09-15T03:51:19.240Z         (w_a): Linear(in_features=2560, out_features=32, bias=False)
2026-09-15T03:51:19.240Z         (w_b): Linear(in_features=2560, out_features=32, bias=False)
2026-09-15T03:51:19.240Z         (q_conv1d): CausalConv1d(2048, 2048, kernel_size=(4,), stride=(1,), padding=(3,), groups=2048, bias=False)
2026-09-15T03:51:19.240Z         (k_conv1d): CausalConv1d(2048, 2048, kernel_size=(4,), stride=(1,), padding=(3,), groups=2048, bias=False)
2026-09-15T03:51:19.240Z         (v_conv1d): CausalConv1d(4096, 4096, kernel_size=(4,), stride=(1,), padding=(3,), groups=4096, bias=False)
2026-09-15T03:51:19.240Z         (w_g): Linear(in_features=2560, out_features=4096, bias=False)
2026-09-15T03:51:19.240Z         (o_norm): FusedRMSNormGated(128, eps=1e-06, activation=swish)
2026-09-15T03:51:19.240Z         (w_out): Linear(in_features=4096, out_features=2560, bias=False)
2026-09-15T03:51:19.240Z       )
2026-09-15T03:51:19.240Z       (attention_norm): QwenRMSNorm((2560,), eps=1e-06)
2026-09-15T03:51:19.240Z       (attention_residual_stream): ResidualStream(
2026-09-15T03:51:19.240Z         (dropout): Identity()
2026-09-15T03:51:19.240Z       )
2026-09-15T03:51:19.240Z       (feed_forward): FeedForward(
2026-09-15T03:51:19.240Z         (w1): Linear(in_features=2560, out_features=9216, bias=False)
2026-09-15T03:51:19.240Z         (w2): Linear(in_features=9216, out_features=2560, bias=False)
2026-09-15T03:51:19.240Z         (w3): Linear(in_features=2560, out_features=9216, bias=False)
2026-09-15T03:51:19.240Z       )
2026-09-15T03:51:19.240Z       (feed_forward_norm): QwenRMSNorm((2560,), eps=1e-06)
2026-09-15T03:51:19.240Z       (feed_forward_residual_stream): ResidualStream(
2026-09-15T03:51:19.240Z         (dropout): Identity()
2026-09-15T03:51:19.240Z       )
2026-09-15T03:51:19.240Z     )
2026-09-15T03:51:19.240Z     (13): TransformerBlock(
2026-09-15T03:51:19.240Z       (attention): GatedDeltaNet(
2026-09-15T03:51:19.240Z         (w_q): Linear(in_features=2560, out_features=2048, bias=False)
2026-09-15T03:51:19.240Z         (w_k): Linear(in_features=2560, out_features=2048, bias=False)
2026-09-15T03:51:19.240Z         (w_v): Linear(in_features=2560, out_features=4096, bias=False)
2026-09-15T03:51:19.240Z         (w_a): Linear(in_features=2560, out_features=32, bias=False)
2026-09-15T03:51:19.240Z         (w_b): Linear(in_features=2560, out_features=32, bias=False)
2026-09-15T03:51:19.240Z         (q_conv1d): CausalConv1d(2048, 2048, kernel_size=(4,), stride=(1,), padding=(3,), groups=2048, bias=False)
2026-09-15T03:51:19.240Z         (k_conv1d): CausalConv1d(2048, 2048, kernel_size=(4,), stride=(1,), padding=(3,), groups=2048, bias=False)
2026-09-15T03:51:19.240Z         (v_conv1d): CausalConv1d(4096, 4096, kernel_size=(4,), stride=(1,), padding=(3,), groups=4096, bias=False)
2026-09-15T03:51:19.240Z         (w_g): Linear(in_features=2560, out_features=4096, bias=False)
2026-09-15T03:51:19.240Z         (o_norm): FusedRMSNormGated(128, eps=1e-06, activation=swish)
2026-09-15T03:51:19.240Z         (w_out): Linear(in_features=4096, out_features=2560, bias=False)
2026-09-15T03:51:19.240Z       )
2026-09-15T03:51:19.240Z       (attention_norm): QwenRMSNorm((2560,), eps=1e-06)
2026-09-15T03:51:19.240Z       (attention_residual_stream): ResidualStream(
2026-09-15T03:51:19.240Z         (dropout): Identity()
2026-09-15T03:51:19.240Z       )
2026-09-15T03:51:19.240Z       (feed_forward): FeedForward(
2026-09-15T03:51:19.240Z         (w1): Linear(in_features=2560, out_features=9216, bias=False)
2026-09-15T03:51:19.240Z         (w2): Linear(in_features=9216, out_features=2560, bias=False)
2026-09-15T03:51:19.240Z         (w3): Linear(in_features=2560, out_features=9216, bias=False)
2026-09-15T03:51:19.240Z       )
2026-09-15T03:51:19.240Z       (feed_forward_norm): QwenRMSNorm((2560,), eps=1e-06)
2026-09-15T03:51:19.240Z       (feed_forward_residual_stream): ResidualStream(
2026-09-15T03:51:19.240Z         (dropout): Identity()
2026-09-15T03:51:19.240Z       )
2026-09-15T03:51:19.240Z     )
2026-09-15T03:51:19.240Z     (14): TransformerBlock(
2026-09-15T03:51:19.240Z       (attention): GatedDeltaNet(
2026-09-15T03:51:19.240Z         (w_q): Linear(in_features=2560, out_features=2048, bias=False)
2026-09-15T03:51:19.240Z         (w_k): Linear(in_features=2560, out_features=2048, bias=False)
2026-09-15T03:51:19.240Z         (w_v): Linear(in_features=2560, out_features=4096, bias=False)
2026-09-15T03:51:19.240Z         (w_a): Linear(in_features=2560, out_features=32, bias=False)
2026-09-15T03:51:19.240Z         (w_b): Linear(in_features=2560, out_features=32, bias=False)
2026-09-15T03:51:19.240Z         (q_conv1d): CausalConv1d(2048, 2048, kernel_size=(4,), stride=(1,), padding=(3,), groups=2048, bias=False)
2026-09-15T03:51:19.240Z         (k_conv1d): CausalConv1d(2048, 2048, kernel_size=(4,), stride=(1,), padding=(3,), groups=2048, bias=False)
2026-09-15T03:51:19.240Z         (v_conv1d): CausalConv1d(4096, 4096, kernel_size=(4,), stride=(1,), padding=(3,), groups=4096, bias=False)
2026-09-15T03:51:19.240Z         (w_g): Linear(in_features=2560, out_features=4096, bias=False)
2026-09-15T03:51:19.240Z         (o_norm): FusedRMSNormGated(128, eps=1e-06, activation=swish)
2026-09-15T03:51:19.240Z         (w_out): Linear(in_features=4096, out_features=2560, bias=False)
2026-09-15T03:51:19.240Z       )
2026-09-15T03:51:19.240Z       (attention_norm): QwenRMSNorm((2560,), eps=1e-06)
2026-09-15T03:51:19.240Z       (attention_residual_stream): ResidualStream(
2026-09-15T03:51:19.240Z         (dropout): Identity()
2026-09-15T03:51:19.240Z       )
2026-09-15T03:51:19.240Z       (feed_forward): FeedForward(
2026-09-15T03:51:19.240Z         (w1): Linear(in_features=2560, out_features=9216, bias=False)
2026-09-15T03:51:19.240Z         (w2): Linear(in_features=9216, out_features=2560, bias=False)
2026-09-15T03:51:19.240Z         (w3): Linear(in_features=2560, out_features=9216, bias=False)
2026-09-15T03:51:19.240Z       )
2026-09-15T03:51:19.240Z       (feed_forward_norm): QwenRMSNorm((2560,), eps=1e-06)
2026-09-15T03:51:19.240Z       (feed_forward_residual_stream): ResidualStream(
2026-09-15T03:51:19.240Z         (dropout): Identity()
2026-09-15T03:51:19.240Z       )
2026-09-15T03:51:19.240Z     )
2026-09-15T03:51:19.240Z     (15): TransformerBlock(
2026-09-15T03:51:19.240Z       (attention): Attention(
2026-09-15T03:51:19.240Z         (w_q): Linear(in_features=2560, out_features=4096, bias=False)
2026-09-15T03:51:19.240Z         (w_k): Linear(in_features=2560, out_features=1024, bias=False)
2026-09-15T03:51:19.240Z         (w_v): Linear(in_features=2560, out_features=1024, bias=False)
2026-09-15T03:51:19.240Z         (w_out): Linear(in_features=4096, out_features=2560, bias=False)
2026-09-15T03:51:19.240Z         (w_g): Linear(in_features=2560, out_features=4096, bias=False)
2026-09-15T03:51:19.240Z         (q_norm): QwenRMSNorm((256,), eps=1e-06)
2026-09-15T03:51:19.240Z         (k_norm): QwenRMSNorm((256,), eps=1e-06)
2026-09-15T03:51:19.240Z         (rope): RotaryEmbedding()
2026-09-15T03:51:19.240Z         (backend): FlashAttention2Backend()
2026-09-15T03:51:19.240Z       )
2026-09-15T03:51:19.240Z       (attention_norm): QwenRMSNorm((2560,), eps=1e-06)
2026-09-15T03:51:19.240Z       (attention_residual_stream): ResidualStream(
2026-09-15T03:51:19.240Z         (dropout): Identity()
2026-09-15T03:51:19.240Z       )
2026-09-15T03:51:19.240Z       (feed_forward): FeedForward(
2026-09-15T03:51:19.240Z         (w1): Linear(in_features=2560, out_features=9216, bias=False)
2026-09-15T03:51:19.240Z         (w2): Linear(in_features=9216, out_features=2560, bias=False)
2026-09-15T03:51:19.240Z         (w3): Linear(in_features=2560, out_features=9216, bias=False)
2026-09-15T03:51:19.240Z       )
2026-09-15T03:51:19.240Z       (feed_forward_norm): QwenRMSNorm((2560,), eps=1e-06)
2026-09-15T03:51:19.240Z       (feed_forward_residual_stream): ResidualStream(
2026-09-15T03:51:19.240Z         (dropout): Identity()
2026-09-15T03:51:19.240Z       )
2026-09-15T03:51:19.240Z     )
2026-09-15T03:51:19.240Z     (16): TransformerBlock(
2026-09-15T03:51:19.240Z       (attention): GatedDeltaNet(
2026-09-15T03:51:19.240Z         (w_q): Linear(in_features=2560, out_features=2048, bias=False)
2026-09-15T03:51:19.240Z         (w_k): Linear(in_features=2560, out_features=2048, bias=False)
2026-09-15T03:51:19.240Z         (w_v): Linear(in_features=2560, out_features=4096, bias=False)
2026-09-15T03:51:19.240Z         (w_a): Linear(in_features=2560, out_features=32, bias=False)
2026-09-15T03:51:19.240Z         (w_b): Linear(in_features=2560, out_features=32, bias=False)
2026-09-15T03:51:19.240Z         (q_conv1d): CausalConv1d(2048, 2048, kernel_size=(4,), stride=(1,), padding=(3,), groups=2048, bias=False)
2026-09-15T03:51:19.240Z         (k_conv1d): CausalConv1d(2048, 2048, kernel_size=(4,), stride=(1,), padding=(3,), groups=2048, bias=False)
2026-09-15T03:51:19.240Z         (v_conv1d): CausalConv1d(4096, 4096, kernel_size=(4,), stride=(1,), padding=(3,), groups=4096, bias=False)
2026-09-15T03:51:19.240Z         (w_g): Linear(in_features=2560, out_features=4096, bias=False)
2026-09-15T03:51:19.240Z         (o_norm): FusedRMSNormGated(128, eps=1e-06, activation=swish)
2026-09-15T03:51:19.240Z         (w_out): Linear(in_features=4096, out_features=2560, bias=False)
2026-09-15T03:51:19.240Z       )
2026-09-15T03:51:19.240Z       (attention_norm): QwenRMSNorm((2560,), eps=1e-06)
2026-09-15T03:51:19.240Z       (attention_residual_stream): ResidualStream(
2026-09-15T03:51:19.240Z         (dropout): Identity()
2026-09-15T03:51:19.240Z       )
2026-09-15T03:51:19.240Z       (feed_forward): FeedForward(
2026-09-15T03:51:19.240Z         (w1): Linear(in_features=2560, out_features=9216, bias=False)
2026-09-15T03:51:19.240Z         (w2): Linear(in_features=9216, out_features=2560, bias=False)
2026-09-15T03:51:19.240Z         (w3): Linear(in_features=2560, out_features=9216, bias=False)
2026-09-15T03:51:19.240Z       )
2026-09-15T03:51:19.240Z       (feed_forward_norm): QwenRMSNorm((2560,), eps=1e-06)
2026-09-15T03:51:19.240Z       (feed_forward_residual_stream): ResidualStream(
2026-09-15T03:51:19.240Z         (dropout): Identity()
2026-09-15T03:51:19.240Z       )
2026-09-15T03:51:19.240Z     )
2026-09-15T03:51:19.240Z     (17): TransformerBlock(
2026-09-15T03:51:19.240Z       (attention): GatedDeltaNet(
2026-09-15T03:51:19.240Z         (w_q): Linear(in_features=2560, out_features=2048, bias=False)
2026-09-15T03:51:19.240Z         (w_k): Linear(in_features=2560, out_features=2048, bias=False)
2026-09-15T03:51:19.240Z         (w_v): Linear(in_features=2560, out_features=4096, bias=False)
2026-09-15T03:51:19.240Z         (w_a): Linear(in_features=2560, out_features=32, bias=False)
2026-09-15T03:51:19.240Z         (w_b): Linear(in_features=2560, out_features=32, bias=False)
2026-09-15T03:51:19.240Z         (q_conv1d): CausalConv1d(2048, 2048, kernel_size=(4,), stride=(1,), padding=(3,), groups=2048, bias=False)
2026-09-15T03:51:19.240Z         (k_conv1d): CausalConv1d(2048, 2048, kernel_size=(4,), stride=(1,), padding=(3,), groups=2048, bias=False)
2026-09-15T03:51:19.240Z         (v_conv1d): CausalConv1d(4096, 4096, kernel_size=(4,), stride=(1,), padding=(3,), groups=4096, bias=False)
2026-09-15T03:51:19.240Z         (w_g): Linear(in_features=2560, out_features=4096, bias=False)
2026-09-15T03:51:19.240Z         (o_norm): FusedRMSNormGated(128, eps=1e-06, activation=swish)
2026-09-15T03:51:19.240Z         (w_out): Linear(in_features=4096, out_features=2560, bias=False)
2026-09-15T03:51:19.240Z       )
2026-09-15T03:51:19.240Z       (attention_norm): QwenRMSNorm((2560,), eps=1e-06)
2026-09-15T03:51:19.240Z       (attention_residual_stream): ResidualStream(
2026-09-15T03:51:19.240Z         (dropout): Identity()
2026-09-15T03:51:19.240Z       )
2026-09-15T03:51:19.240Z       (feed_forward): FeedForward(
2026-09-15T03:51:19.240Z         (w1): Linear(in_features=2560, out_features=9216, bias=False)
2026-09-15T03:51:19.240Z         (w2): Linear(in_features=9216, out_features=2560, bias=False)
2026-09-15T03:51:19.240Z         (w3): Linear(in_features=2560, out_features=9216, bias=False)
2026-09-15T03:51:19.240Z       )
2026-09-15T03:51:19.240Z       (feed_forward_norm): QwenRMSNorm((2560,), eps=1e-06)
2026-09-15T03:51:19.240Z       (feed_forward_residual_stream): ResidualStream(
2026-09-15T03:51:19.240Z         (dropout): Identity()
2026-09-15T03:51:19.240Z       )
2026-09-15T03:51:19.240Z     )
2026-09-15T03:51:19.240Z     (18): TransformerBlock(
2026-09-15T03:51:19.240Z       (attention): GatedDeltaNet(
2026-09-15T03:51:19.240Z         (w_q): Linear(in_features=2560, out_features=2048, bias=False)
2026-09-15T03:51:19.240Z         (w_k): Linear(in_features=2560, out_features=2048, bias=False)
2026-09-15T03:51:19.240Z         (w_v): Linear(in_features=2560, out_features=4096, bias=False)
2026-09-15T03:51:19.240Z         (w_a): Linear(in_features=2560, out_features=32, bias=False)
2026-09-15T03:51:19.240Z         (w_b): Linear(in_features=2560, out_features=32, bias=False)
2026-09-15T03:51:19.240Z         (q_conv1d): CausalConv1d(2048, 2048, kernel_size=(4,), stride=(1,), padding=(3,), groups=2048, bias=False)
2026-09-15T03:51:19.240Z         (k_conv1d): CausalConv1d(2048, 2048, kernel_size=(4,), stride=(1,), padding=(3,), groups=2048, bias=False)
2026-09-15T03:51:19.240Z         (v_conv1d): CausalConv1d(4096, 4096, kernel_size=(4,), stride=(1,), padding=(3,), groups=4096, bias=False)
2026-09-15T03:51:19.240Z         (w_g): Linear(in_features=2560, out_features=4096, bias=False)
2026-09-15T03:51:19.240Z         (o_norm): FusedRMSNormGated(128, eps=1e-06, activation=swish)
2026-09-15T03:51:19.240Z         (w_out): Linear(in_features=4096, out_features=2560, bias=False)
2026-09-15T03:51:19.240Z       )
2026-09-15T03:51:19.240Z       (attention_norm): QwenRMSNorm((2560,), eps=1e-06)
2026-09-15T03:51:19.240Z       (attention_residual_stream): ResidualStream(
2026-09-15T03:51:19.240Z         (dropout): Identity()
2026-09-15T03:51:19.240Z       )
2026-09-15T03:51:19.240Z       (feed_forward): FeedForward(
2026-09-15T03:51:19.240Z         (w1): Linear(in_features=2560, out_features=9216, bias=False)
2026-09-15T03:51:19.240Z         (w2): Linear(in_features=9216, out_features=2560, bias=False)
2026-09-15T03:51:19.240Z         (w3): Linear(in_features=2560, out_features=9216, bias=False)
2026-09-15T03:51:19.240Z       )
2026-09-15T03:51:19.240Z       (feed_forward_norm): QwenRMSNorm((2560,), eps=1e-06)
2026-09-15T03:51:19.240Z       (feed_forward_residual_stream): ResidualStream(
2026-09-15T03:51:19.241Z         (dropout): Identity()
2026-09-15T03:51:19.241Z       )
2026-09-15T03:51:19.241Z     )
2026-09-15T03:51:19.241Z     (19): TransformerBlock(
2026-09-15T03:51:19.241Z       (attention): Attention(
2026-09-15T03:51:19.241Z         (w_q): Linear(in_features=2560, out_features=4096, bias=False)
2026-09-15T03:51:19.241Z         (w_k): Linear(in_features=2560, out_features=1024, bias=False)
2026-09-15T03:51:19.241Z         (w_v): Linear(in_features=2560, out_features=1024, bias=False)
2026-09-15T03:51:19.241Z         (w_out): Linear(in_features=4096, out_features=2560, bias=False)
2026-09-15T03:51:19.241Z         (w_g): Linear(in_features=2560, out_features=4096, bias=False)
2026-09-15T03:51:19.241Z         (q_norm): QwenRMSNorm((256,), eps=1e-06)
2026-09-15T03:51:19.241Z         (k_norm): QwenRMSNorm((256,), eps=1e-06)
2026-09-15T03:51:19.241Z         (rope): RotaryEmbedding()
2026-09-15T03:51:19.241Z         (backend): FlashAttention2Backend()
2026-09-15T03:51:19.241Z       )
2026-09-15T03:51:19.241Z       (attention_norm): QwenRMSNorm((2560,), eps=1e-06)
2026-09-15T03:51:19.241Z       (attention_residual_stream): ResidualStream(
2026-09-15T03:51:19.241Z         (dropout): Identity()
2026-09-15T03:51:19.241Z       )
2026-09-15T03:51:19.241Z       (feed_forward): FeedForward(
2026-09-15T03:51:19.241Z         (w1): Linear(in_features=2560, out_features=9216, bias=False)
2026-09-15T03:51:19.241Z         (w2): Linear(in_features=9216, out_features=2560, bias=False)
2026-09-15T03:51:19.241Z         (w3): Linear(in_features=2560, out_features=9216, bias=False)
2026-09-15T03:51:19.241Z       )
2026-09-15T03:51:19.241Z       (feed_forward_norm): QwenRMSNorm((2560,), eps=1e-06)
2026-09-15T03:51:19.241Z       (feed_forward_residual_stream): ResidualStream(
2026-09-15T03:51:19.241Z         (dropout): Identity()
2026-09-15T03:51:19.241Z       )
2026-09-15T03:51:19.241Z     )
2026-09-15T03:51:19.241Z     (20): TransformerBlock(
2026-09-15T03:51:19.241Z       (attention): GatedDeltaNet(
2026-09-15T03:51:19.241Z         (w_q): Linear(in_features=2560, out_features=2048, bias=False)
2026-09-15T03:51:19.241Z         (w_k): Linear(in_features=2560, out_features=2048, bias=False)
2026-09-15T03:51:19.241Z         (w_v): Linear(in_features=2560, out_features=4096, bias=False)
2026-09-15T03:51:19.241Z         (w_a): Linear(in_features=2560, out_features=32, bias=False)
2026-09-15T03:51:19.241Z         (w_b): Linear(in_features=2560, out_features=32, bias=False)
2026-09-15T03:51:19.241Z         (q_conv1d): CausalConv1d(2048, 2048, kernel_size=(4,), stride=(1,), padding=(3,), groups=2048, bias=False)
2026-09-15T03:51:19.241Z         (k_conv1d): CausalConv1d(2048, 2048, kernel_size=(4,), stride=(1,), padding=(3,), groups=2048, bias=False)
2026-09-15T03:51:19.241Z         (v_conv1d): CausalConv1d(4096, 4096, kernel_size=(4,), stride=(1,), padding=(3,), groups=4096, bias=False)
2026-09-15T03:51:19.241Z         (w_g): Linear(in_features=2560, out_features=4096, bias=False)
2026-09-15T03:51:19.241Z         (o_norm): FusedRMSNormGated(128, eps=1e-06, activation=swish)
2026-09-15T03:51:19.241Z         (w_out): Linear(in_features=4096, out_features=2560, bias=False)
2026-09-15T03:51:19.241Z       )
2026-09-15T03:51:19.241Z       (attention_norm): QwenRMSNorm((2560,), eps=1e-06)
2026-09-15T03:51:19.241Z       (attention_residual_stream): ResidualStream(
2026-09-15T03:51:19.241Z         (dropout): Identity()
2026-09-15T03:51:19.241Z       )
2026-09-15T03:51:19.241Z       (feed_forward): FeedForward(
2026-09-15T03:51:19.241Z         (w1): Linear(in_features=2560, out_features=9216, bias=False)
2026-09-15T03:51:19.241Z         (w2): Linear(in_features=9216, out_features=2560, bias=False)
2026-09-15T03:51:19.241Z         (w3): Linear(in_features=2560, out_features=9216, bias=False)
2026-09-15T03:51:19.241Z       )
2026-09-15T03:51:19.241Z       (feed_forward_norm): QwenRMSNorm((2560,), eps=1e-06)
2026-09-15T03:51:19.241Z       (feed_forward_residual_stream): ResidualStream(
2026-09-15T03:51:19.241Z         (dropout): Identity()
2026-09-15T03:51:19.241Z       )
2026-09-15T03:51:19.241Z     )
2026-09-15T03:51:19.241Z     (21): TransformerBlock(
2026-09-15T03:51:19.241Z       (attention): GatedDeltaNet(
2026-09-15T03:51:19.241Z         (w_q): Linear(in_features=2560, out_features=2048, bias=False)
2026-09-15T03:51:19.241Z         (w_k): Linear(in_features=2560, out_features=2048, bias=False)
2026-09-15T03:51:19.241Z         (w_v): Linear(in_features=2560, out_features=4096, bias=False)
2026-09-15T03:51:19.241Z         (w_a): Linear(in_features=2560, out_features=32, bias=False)
2026-09-15T03:51:19.241Z         (w_b): Linear(in_features=2560, out_features=32, bias=False)
2026-09-15T03:51:19.241Z         (q_conv1d): CausalConv1d(2048, 2048, kernel_size=(4,), stride=(1,), padding=(3,), groups=2048, bias=False)
2026-09-15T03:51:19.241Z         (k_conv1d): CausalConv1d(2048, 2048, kernel_size=(4,), stride=(1,), padding=(3,), groups=2048, bias=False)
2026-09-15T03:51:19.241Z         (v_conv1d): CausalConv1d(4096, 4096, kernel_size=(4,), stride=(1,), padding=(3,), groups=4096, bias=False)
2026-09-15T03:51:19.241Z         (w_g): Linear(in_features=2560, out_features=4096, bias=False)
2026-09-15T03:51:19.241Z         (o_norm): FusedRMSNormGated(128, eps=1e-06, activation=swish)
2026-09-15T03:51:19.241Z         (w_out): Linear(in_features=4096, out_features=2560, bias=False)
2026-09-15T03:51:19.241Z       )
2026-09-15T03:51:19.241Z       (attention_norm): QwenRMSNorm((2560,), eps=1e-06)
2026-09-15T03:51:19.241Z       (attention_residual_stream): ResidualStream(
2026-09-15T03:51:19.241Z         (dropout): Identity()
2026-09-15T03:51:19.241Z       )
2026-09-15T03:51:19.241Z       (feed_forward): FeedForward(
2026-09-15T03:51:19.241Z         (w1): Linear(in_features=2560, out_features=9216, bias=False)
2026-09-15T03:51:19.241Z         (w2): Linear(in_features=9216, out_features=2560, bias=False)
2026-09-15T03:51:19.241Z         (w3): Linear(in_features=2560, out_features=9216, bias=False)
2026-09-15T03:51:19.241Z       )
2026-09-15T03:51:19.241Z       (feed_forward_norm): QwenRMSNorm((2560,), eps=1e-06)
2026-09-15T03:51:19.241Z       (feed_forward_residual_stream): ResidualStream(
2026-09-15T03:51:19.241Z         (dropout): Identity()
2026-09-15T03:51:19.241Z       )
2026-09-15T03:51:19.241Z     )
2026-09-15T03:51:19.241Z     (22): TransformerBlock(
2026-09-15T03:51:19.241Z       (attention): GatedDeltaNet(
2026-09-15T03:51:19.241Z         (w_q): Linear(in_features=2560, out_features=2048, bias=False)
2026-09-15T03:51:19.241Z         (w_k): Linear(in_features=2560, out_features=2048, bias=False)
2026-09-15T03:51:19.241Z         (w_v): Linear(in_features=2560, out_features=4096, bias=False)
2026-09-15T03:51:19.241Z         (w_a): Linear(in_features=2560, out_features=32, bias=False)
2026-09-15T03:51:19.241Z         (w_b): Linear(in_features=2560, out_features=32, bias=False)
2026-09-15T03:51:19.241Z         (q_conv1d): CausalConv1d(2048, 2048, kernel_size=(4,), stride=(1,), padding=(3,), groups=2048, bias=False)
2026-09-15T03:51:19.241Z         (k_conv1d): CausalConv1d(2048, 2048, kernel_size=(4,), stride=(1,), padding=(3,), groups=2048, bias=False)
2026-09-15T03:51:19.241Z         (v_conv1d): CausalConv1d(4096, 4096, kernel_size=(4,), stride=(1,), padding=(3,), groups=4096, bias=False)
2026-09-15T03:51:19.241Z         (w_g): Linear(in_features=2560, out_features=4096, bias=False)
2026-09-15T03:51:19.241Z         (o_norm): FusedRMSNormGated(128, eps=1e-06, activation=swish)
2026-09-15T03:51:19.241Z         (w_out): Linear(in_features=4096, out_features=2560, bias=False)
2026-09-15T03:51:19.241Z       )
2026-09-15T03:51:19.241Z       (attention_norm): QwenRMSNorm((2560,), eps=1e-06)
2026-09-15T03:51:19.241Z       (attention_residual_stream): ResidualStream(
2026-09-15T03:51:19.241Z         (dropout): Identity()
2026-09-15T03:51:19.241Z       )
2026-09-15T03:51:19.241Z       (feed_forward): FeedForward(
2026-09-15T03:51:19.241Z         (w1): Linear(in_features=2560, out_features=9216, bias=False)
2026-09-15T03:51:19.241Z         (w2): Linear(in_features=9216, out_features=2560, bias=False)
2026-09-15T03:51:19.241Z         (w3): Linear(in_features=2560, out_features=9216, bias=False)
2026-09-15T03:51:19.241Z       )
2026-09-15T03:51:19.241Z       (feed_forward_norm): QwenRMSNorm((2560,), eps=1e-06)
2026-09-15T03:51:19.241Z       (feed_forward_residual_stream): ResidualStream(
2026-09-15T03:51:19.241Z         (dropout): Identity()
2026-09-15T03:51:19.241Z       )
2026-09-15T03:51:19.241Z     )
2026-09-15T03:51:19.241Z     (23): TransformerBlock(
2026-09-15T03:51:19.241Z       (attention): Attention(
2026-09-15T03:51:19.241Z         (w_q): Linear(in_features=2560, out_features=4096, bias=False)
2026-09-15T03:51:19.241Z         (w_k): Linear(in_features=2560, out_features=1024, bias=False)
2026-09-15T03:51:19.241Z         (w_v): Linear(in_features=2560, out_features=1024, bias=False)
2026-09-15T03:51:19.241Z         (w_out): Linear(in_features=4096, out_features=2560, bias=False)
2026-09-15T03:51:19.241Z         (w_g): Linear(in_features=2560, out_features=4096, bias=False)
2026-09-15T03:51:19.241Z         (q_norm): QwenRMSNorm((256,), eps=1e-06)
2026-09-15T03:51:19.241Z         (k_norm): QwenRMSNorm((256,), eps=1e-06)
2026-09-15T03:51:19.241Z         (rope): RotaryEmbedding()
2026-09-15T03:51:19.241Z         (backend): FlashAttention2Backend()
2026-09-15T03:51:19.241Z       )
2026-09-15T03:51:19.241Z       (attention_norm): QwenRMSNorm((2560,), eps=1e-06)
2026-09-15T03:51:19.241Z       (attention_residual_stream): ResidualStream(
2026-09-15T03:51:19.241Z         (dropout): Identity()
2026-09-15T03:51:19.241Z       )
2026-09-15T03:51:19.241Z       (feed_forward): FeedForward(
2026-09-15T03:51:19.241Z         (w1): Linear(in_features=2560, out_features=9216, bias=False)
2026-09-15T03:51:19.241Z         (w2): Linear(in_features=9216, out_features=2560, bias=False)
2026-09-15T03:51:19.241Z         (w3): Linear(in_features=2560, out_features=9216, bias=False)
2026-09-15T03:51:19.241Z       )
2026-09-15T03:51:19.241Z       (feed_forward_norm): QwenRMSNorm((2560,), eps=1e-06)
2026-09-15T03:51:19.241Z       (feed_forward_residual_stream): ResidualStream(
2026-09-15T03:51:19.241Z         (dropout): Identity()
2026-09-15T03:51:19.241Z       )
2026-09-15T03:51:19.241Z     )
2026-09-15T03:51:19.241Z     (24): TransformerBlock(
2026-09-15T03:51:19.241Z       (attention): GatedDeltaNet(
2026-09-15T03:51:19.241Z         (w_q): Linear(in_features=2560, out_features=2048, bias=False)
2026-09-15T03:51:19.241Z         (w_k): Linear(in_features=2560, out_features=2048, bias=False)
2026-09-15T03:51:19.241Z         (w_v): Linear(in_features=2560, out_features=4096, bias=False)
2026-09-15T03:51:19.241Z         (w_a): Linear(in_features=2560, out_features=32, bias=False)
2026-09-15T03:51:19.241Z         (w_b): Linear(in_features=2560, out_features=32, bias=False)
2026-09-15T03:51:19.241Z         (q_conv1d): CausalConv1d(2048, 2048, kernel_size=(4,), stride=(1,), padding=(3,), groups=2048, bias=False)
2026-09-15T03:51:19.241Z         (k_conv1d): CausalConv1d(2048, 2048, kernel_size=(4,), stride=(1,), padding=(3,), groups=2048, bias=False)
2026-09-15T03:51:19.241Z         (v_conv1d): CausalConv1d(4096, 4096, kernel_size=(4,), stride=(1,), padding=(3,), groups=4096, bias=False)
2026-09-15T03:51:19.241Z         (w_g): Linear(in_features=2560, out_features=4096, bias=False)
2026-09-15T03:51:19.241Z         (o_norm): FusedRMSNormGated(128, eps=1e-06, activation=swish)
2026-09-15T03:51:19.241Z         (w_out): Linear(in_features=4096, out_features=2560, bias=False)
2026-09-15T03:51:19.241Z       )
2026-09-15T03:51:19.241Z       (attention_norm): QwenRMSNorm((2560,), eps=1e-06)
2026-09-15T03:51:19.241Z       (attention_residual_stream): ResidualStream(
2026-09-15T03:51:19.241Z         (dropout): Identity()
2026-09-15T03:51:19.241Z       )
2026-09-15T03:51:19.241Z       (feed_forward): FeedForward(
2026-09-15T03:51:19.241Z         (w1): Linear(in_features=2560, out_features=9216, bias=False)
2026-09-15T03:51:19.241Z         (w2): Linear(in_features=9216, out_features=2560, bias=False)
2026-09-15T03:51:19.241Z         (w3): Linear(in_features=2560, out_features=9216, bias=False)
2026-09-15T03:51:19.241Z       )
2026-09-15T03:51:19.241Z       (feed_forward_norm): QwenRMSNorm((2560,), eps=1e-06)
2026-09-15T03:51:19.241Z       (feed_forward_residual_stream): ResidualStream(
2026-09-15T03:51:19.241Z         (dropout): Identity()
2026-09-15T03:51:19.241Z       )
2026-09-15T03:51:19.241Z     )
2026-09-15T03:51:19.241Z     (25): TransformerBlock(
2026-09-15T03:51:19.241Z       (attention): GatedDeltaNet(
2026-09-15T03:51:19.241Z         (w_q): Linear(in_features=2560, out_features=2048, bias=False)
2026-09-15T03:51:19.241Z         (w_k): Linear(in_features=2560, out_features=2048, bias=False)
2026-09-15T03:51:19.241Z         (w_v): Linear(in_features=2560, out_features=4096, bias=False)
2026-09-15T03:51:19.241Z         (w_a): Linear(in_features=2560, out_features=32, bias=False)
2026-09-15T03:51:19.241Z         (w_b): Linear(in_features=2560, out_features=32, bias=False)
2026-09-15T03:51:19.241Z         (q_conv1d): CausalConv1d(2048, 2048, kernel_size=(4,), stride=(1,), padding=(3,), groups=2048, bias=False)
2026-09-15T03:51:19.241Z         (k_conv1d): CausalConv1d(2048, 2048, kernel_size=(4,), stride=(1,), padding=(3,), groups=2048, bias=False)
2026-09-15T03:51:19.241Z         (v_conv1d): CausalConv1d(4096, 4096, kernel_size=(4,), stride=(1,), padding=(3,), groups=4096, bias=False)
2026-09-15T03:51:19.241Z         (w_g): Linear(in_features=2560, out_features=4096, bias=False)
2026-09-15T03:51:19.241Z         (o_norm): FusedRMSNormGated(128, eps=1e-06, activation=swish)
2026-09-15T03:51:19.241Z         (w_out): Linear(in_features=4096, out_features=2560, bias=False)
2026-09-15T03:51:19.241Z       )
2026-09-15T03:51:19.241Z       (attention_norm): QwenRMSNorm((2560,), eps=1e-06)
2026-09-15T03:51:19.241Z       (attention_residual_stream): ResidualStream(
2026-09-15T03:51:19.241Z         (dropout): Identity()
2026-09-15T03:51:19.241Z       )
2026-09-15T03:51:19.241Z       (feed_forward): FeedForward(
2026-09-15T03:51:19.241Z         (w1): Linear(in_features=2560, out_features=9216, bias=False)
2026-09-15T03:51:19.241Z         (w2): Linear(in_features=9216, out_features=2560, bias=False)
2026-09-15T03:51:19.241Z         (w3): Linear(in_features=2560, out_features=9216, bias=False)
2026-09-15T03:51:19.241Z       )
2026-09-15T03:51:19.241Z       (feed_forward_norm): QwenRMSNorm((2560,), eps=1e-06)
2026-09-15T03:51:19.241Z       (feed_forward_residual_stream): ResidualStream(
2026-09-15T03:51:19.241Z         (dropout): Identity()
2026-09-15T03:51:19.241Z       )
2026-09-15T03:51:19.241Z     )
2026-09-15T03:51:19.241Z     (26): TransformerBlock(
2026-09-15T03:51:19.241Z       (attention): GatedDeltaNet(
2026-09-15T03:51:19.241Z         (w_q): Linear(in_features=2560, out_features=2048, bias=False)
2026-09-15T03:51:19.241Z         (w_k): Linear(in_features=2560, out_features=2048, bias=False)
2026-09-15T03:51:19.241Z         (w_v): Linear(in_features=2560, out_features=4096, bias=False)
2026-09-15T03:51:19.241Z         (w_a): Linear(in_features=2560, out_features=32, bias=False)
2026-09-15T03:51:19.241Z         (w_b): Linear(in_features=2560, out_features=32, bias=False)
2026-09-15T03:51:19.241Z         (q_conv1d): CausalConv1d(2048, 2048, kernel_size=(4,), stride=(1,), padding=(3,), groups=2048, bias=False)
2026-09-15T03:51:19.241Z         (k_conv1d): CausalConv1d(2048, 2048, kernel_size=(4,), stride=(1,), padding=(3,), groups=2048, bias=False)
2026-09-15T03:51:19.241Z         (v_conv1d): CausalConv1d(4096, 4096, kernel_size=(4,), stride=(1,), padding=(3,), groups=4096, bias=False)
2026-09-15T03:51:19.241Z         (w_g): Linear(in_features=2560, out_features=4096, bias=False)
2026-09-15T03:51:19.241Z         (o_norm): FusedRMSNormGated(128, eps=1e-06, activation=swish)
2026-09-15T03:51:19.241Z         (w_out): Linear(in_features=4096, out_features=2560, bias=False)
2026-09-15T03:51:19.241Z       )
2026-09-15T03:51:19.241Z       (attention_norm): QwenRMSNorm((2560,), eps=1e-06)
2026-09-15T03:51:19.241Z       (attention_residual_stream): ResidualStream(
2026-09-15T03:51:19.241Z         (dropout): Identity()
2026-09-15T03:51:19.241Z       )
2026-09-15T03:51:19.241Z       (feed_forward): FeedForward(
2026-09-15T03:51:19.241Z         (w1): Linear(in_features=2560, out_features=9216, bias=False)
2026-09-15T03:51:19.241Z         (w2): Linear(in_features=9216, out_features=2560, bias=False)
2026-09-15T03:51:19.241Z         (w3): Linear(in_features=2560, out_features=9216, bias=False)
2026-09-15T03:51:19.241Z       )
2026-09-15T03:51:19.241Z       (feed_forward_norm): QwenRMSNorm((2560,), eps=1e-06)
2026-09-15T03:51:19.241Z       (feed_forward_residual_stream): ResidualStream(
2026-09-15T03:51:19.241Z         (dropout): Identity()
2026-09-15T03:51:19.241Z       )
2026-09-15T03:51:19.241Z     )
2026-09-15T03:51:19.241Z     (27): TransformerBlock(
2026-09-15T03:51:19.241Z       (attention): Attention(
2026-09-15T03:51:19.241Z         (w_q): Linear(in_features=2560, out_features=4096, bias=False)
2026-09-15T03:51:19.241Z         (w_k): Linear(in_features=2560, out_features=1024, bias=False)
2026-09-15T03:51:19.241Z         (w_v): Linear(in_features=2560, out_features=1024, bias=False)
2026-09-15T03:51:19.241Z         (w_out): Linear(in_features=4096, out_features=2560, bias=False)
2026-09-15T03:51:19.241Z         (w_g): Linear(in_features=2560, out_features=4096, bias=False)
2026-09-15T03:51:19.241Z         (q_norm): QwenRMSNorm((256,), eps=1e-06)
2026-09-15T03:51:19.241Z         (k_norm): QwenRMSNorm((256,), eps=1e-06)
2026-09-15T03:51:19.241Z         (rope): RotaryEmbedding()
2026-09-15T03:51:19.241Z         (backend): FlashAttention2Backend()
2026-09-15T03:51:19.241Z       )
2026-09-15T03:51:19.241Z       (attention_norm): QwenRMSNorm((2560,), eps=1e-06)
2026-09-15T03:51:19.241Z       (attention_residual_stream): ResidualStream(
2026-09-15T03:51:19.241Z         (dropout): Identity()
2026-09-15T03:51:19.241Z       )
2026-09-15T03:51:19.241Z       (feed_forward): FeedForward(
2026-09-15T03:51:19.241Z         (w1): Linear(in_features=2560, out_features=9216, bias=False)
2026-09-15T03:51:19.241Z         (w2): Linear(in_features=9216, out_features=2560, bias=False)
2026-09-15T03:51:19.241Z         (w3): Linear(in_features=2560, out_features=9216, bias=False)
2026-09-15T03:51:19.241Z       )
2026-09-15T03:51:19.241Z       (feed_forward_norm): QwenRMSNorm((2560,), eps=1e-06)
2026-09-15T03:51:19.241Z       (feed_forward_residual_stream): ResidualStream(
2026-09-15T03:51:19.241Z         (dropout): Identity()
2026-09-15T03:51:19.241Z       )
2026-09-15T03:51:19.241Z     )
2026-09-15T03:51:19.241Z     (28): TransformerBlock(
2026-09-15T03:51:19.241Z       (attention): GatedDeltaNet(
2026-09-15T03:51:19.241Z         (w_q): Linear(in_features=2560, out_features=2048, bias=False)
2026-09-15T03:51:19.241Z         (w_k): Linear(in_features=2560, out_features=2048, bias=False)
2026-09-15T03:51:19.241Z         (w_v): Linear(in_features=2560, out_features=4096, bias=False)
2026-09-15T03:51:19.241Z         (w_a): Linear(in_features=2560, out_features=32, bias=False)
2026-09-15T03:51:19.241Z         (w_b): Linear(in_features=2560, out_features=32, bias=False)
2026-09-15T03:51:19.241Z         (q_conv1d): CausalConv1d(2048, 2048, kernel_size=(4,), stride=(1,), padding=(3,), groups=2048, bias=False)
2026-09-15T03:51:19.241Z         (k_conv1d): CausalConv1d(2048, 2048, kernel_size=(4,), stride=(1,), padding=(3,), groups=2048, bias=False)
2026-09-15T03:51:19.241Z         (v_conv1d): CausalConv1d(4096, 4096, kernel_size=(4,), stride=(1,), padding=(3,), groups=4096, bias=False)
2026-09-15T03:51:19.241Z         (w_g): Linear(in_features=2560, out_features=4096, bias=False)
2026-09-15T03:51:19.241Z         (o_norm): FusedRMSNormGated(128, eps=1e-06, activation=swish)
2026-09-15T03:51:19.241Z         (w_out): Linear(in_features=4096, out_features=2560, bias=False)
2026-09-15T03:51:19.241Z       )
2026-09-15T03:51:19.241Z       (attention_norm): QwenRMSNorm((2560,), eps=1e-06)
2026-09-15T03:51:19.241Z       (attention_residual_stream): ResidualStream(
2026-09-15T03:51:19.241Z         (dropout): Identity()
2026-09-15T03:51:19.241Z       )
2026-09-15T03:51:19.241Z       (feed_forward): FeedForward(
2026-09-15T03:51:19.241Z         (w1): Linear(in_features=2560, out_features=9216, bias=False)
2026-09-15T03:51:19.241Z         (w2): Linear(in_features=9216, out_features=2560, bias=False)
2026-09-15T03:51:19.241Z         (w3): Linear(in_features=2560, out_features=9216, bias=False)
2026-09-15T03:51:19.241Z       )
2026-09-15T03:51:19.241Z       (feed_forward_norm): QwenRMSNorm((2560,), eps=1e-06)
2026-09-15T03:51:19.241Z       (feed_forward_residual_stream): ResidualStream(
2026-09-15T03:51:19.241Z         (dropout): Identity()
2026-09-15T03:51:19.241Z       )
2026-09-15T03:51:19.242Z     )
2026-09-15T03:51:19.242Z     (29): TransformerBlock(
2026-09-15T03:51:19.242Z       (attention): GatedDeltaNet(
2026-09-15T03:51:19.242Z         (w_q): Linear(in_features=2560, out_features=2048, bias=False)
2026-09-15T03:51:19.242Z         (w_k): Linear(in_features=2560, out_features=2048, bias=False)
2026-09-15T03:51:19.242Z         (w_v): Linear(in_features=2560, out_features=4096, bias=False)
2026-09-15T03:51:19.242Z         (w_a): Linear(in_features=2560, out_features=32, bias=False)
2026-09-15T03:51:19.242Z         (w_b): Linear(in_features=2560, out_features=32, bias=False)
2026-09-15T03:51:19.242Z         (q_conv1d): CausalConv1d(2048, 2048, kernel_size=(4,), stride=(1,), padding=(3,), groups=2048, bias=False)
2026-09-15T03:51:19.242Z         (k_conv1d): CausalConv1d(2048, 2048, kernel_size=(4,), stride=(1,), padding=(3,), groups=2048, bias=False)
2026-09-15T03:51:19.242Z         (v_conv1d): CausalConv1d(4096, 4096, kernel_size=(4,), stride=(1,), padding=(3,), groups=4096, bias=False)
2026-09-15T03:51:19.242Z         (w_g): Linear(in_features=2560, out_features=4096, bias=False)
2026-09-15T03:51:19.242Z         (o_norm): FusedRMSNormGated(128, eps=1e-06, activation=swish)
2026-09-15T03:51:19.242Z         (w_out): Linear(in_features=4096, out_features=2560, bias=False)
2026-09-15T03:51:19.242Z       )
2026-09-15T03:51:19.242Z       (attention_norm): QwenRMSNorm((2560,), eps=1e-06)
2026-09-15T03:51:19.242Z       (attention_residual_stream): ResidualStream(
2026-09-15T03:51:19.242Z         (dropout): Identity()
2026-09-15T03:51:19.242Z       )
2026-09-15T03:51:19.242Z       (feed_forward): FeedForward(
2026-09-15T03:51:19.242Z         (w1): Linear(in_features=2560, out_features=9216, bias=False)
2026-09-15T03:51:19.242Z         (w2): Linear(in_features=9216, out_features=2560, bias=False)
2026-09-15T03:51:19.242Z         (w3): Linear(in_features=2560, out_features=9216, bias=False)
2026-09-15T03:51:19.242Z       )
2026-09-15T03:51:19.242Z       (feed_forward_norm): QwenRMSNorm((2560,), eps=1e-06)
2026-09-15T03:51:19.242Z       (feed_forward_residual_stream): ResidualStream(
2026-09-15T03:51:19.242Z         (dropout): Identity()
2026-09-15T03:51:19.242Z       )
2026-09-15T03:51:19.242Z     )
2026-09-15T03:51:19.242Z     (30): TransformerBlock(
2026-09-15T03:51:19.242Z       (attention): GatedDeltaNet(
2026-09-15T03:51:19.242Z         (w_q): Linear(in_features=2560, out_features=2048, bias=False)
2026-09-15T03:51:19.242Z         (w_k): Linear(in_features=2560, out_features=2048, bias=False)
2026-09-15T03:51:19.242Z         (w_v): Linear(in_features=2560, out_features=4096, bias=False)
2026-09-15T03:51:19.242Z         (w_a): Linear(in_features=2560, out_features=32, bias=False)
2026-09-15T03:51:19.242Z         (w_b): Linear(in_features=2560, out_features=32, bias=False)
2026-09-15T03:51:19.242Z         (q_conv1d): CausalConv1d(2048, 2048, kernel_size=(4,), stride=(1,), padding=(3,), groups=2048, bias=False)
2026-09-15T03:51:19.242Z         (k_conv1d): CausalConv1d(2048, 2048, kernel_size=(4,), stride=(1,), padding=(3,), groups=2048, bias=False)
2026-09-15T03:51:19.242Z         (v_conv1d): CausalConv1d(4096, 4096, kernel_size=(4,), stride=(1,), padding=(3,), groups=4096, bias=False)
2026-09-15T03:51:19.242Z         (w_g): Linear(in_features=2560, out_features=4096, bias=False)
2026-09-15T03:51:19.242Z         (o_norm): FusedRMSNormGated(128, eps=1e-06, activation=swish)
2026-09-15T03:51:19.242Z         (w_out): Linear(in_features=4096, out_features=2560, bias=False)
2026-09-15T03:51:19.242Z       )
2026-09-15T03:51:19.242Z       (attention_norm): QwenRMSNorm((2560,), eps=1e-06)
2026-09-15T03:51:19.242Z       (attention_residual_stream): ResidualStream(
2026-09-15T03:51:19.242Z         (dropout): Identity()
2026-09-15T03:51:19.242Z       )
2026-09-15T03:51:19.242Z       (feed_forward): FeedForward(
2026-09-15T03:51:19.242Z         (w1): Linear(in_features=2560, out_features=9216, bias=False)
2026-09-15T03:51:19.242Z         (w2): Linear(in_features=9216, out_features=2560, bias=False)
2026-09-15T03:51:19.242Z         (w3): Linear(in_features=2560, out_features=9216, bias=False)
2026-09-15T03:51:19.242Z       )
2026-09-15T03:51:19.242Z       (feed_forward_norm): QwenRMSNorm((2560,), eps=1e-06)
2026-09-15T03:51:19.242Z       (feed_forward_residual_stream): ResidualStream(
2026-09-15T03:51:19.242Z         (dropout): Identity()
2026-09-15T03:51:19.242Z       )
2026-09-15T03:51:19.242Z     )
2026-09-15T03:51:19.242Z     (31): TransformerBlock(
2026-09-15T03:51:19.242Z       (attention): Attention(
2026-09-15T03:51:19.242Z         (w_q): Linear(in_features=2560, out_features=4096, bias=False)
2026-09-15T03:51:19.242Z         (w_k): Linear(in_features=2560, out_features=1024, bias=False)
2026-09-15T03:51:19.242Z         (w_v): Linear(in_features=2560, out_features=1024, bias=False)
2026-09-15T03:51:19.242Z         (w_out): Linear(in_features=4096, out_features=2560, bias=False)
2026-09-15T03:51:19.242Z         (w_g): Linear(in_features=2560, out_features=4096, bias=False)
2026-09-15T03:51:19.242Z         (q_norm): QwenRMSNorm((256,), eps=1e-06)
2026-09-15T03:51:19.242Z         (k_norm): QwenRMSNorm((256,), eps=1e-06)
2026-09-15T03:51:19.242Z         (rope): RotaryEmbedding()
2026-09-15T03:51:19.242Z         (backend): FlashAttention2Backend()
2026-09-15T03:51:19.242Z       )
2026-09-15T03:51:19.242Z       (attention_norm): QwenRMSNorm((2560,), eps=1e-06)
2026-09-15T03:51:19.242Z       (attention_residual_stream): ResidualStream(
2026-09-15T03:51:19.242Z         (dropout): Identity()
2026-09-15T03:51:19.242Z       )
2026-09-15T03:51:19.242Z       (feed_forward): FeedForward(
2026-09-15T03:51:19.242Z         (w1): Linear(in_features=2560, out_features=9216, bias=False)
2026-09-15T03:51:19.242Z         (w2): Linear(in_features=9216, out_features=2560, bias=False)
2026-09-15T03:51:19.242Z         (w3): Linear(in_features=2560, out_features=9216, bias=False)
2026-09-15T03:51:19.242Z       )
2026-09-15T03:51:19.242Z       (feed_forward_norm): QwenRMSNorm((2560,), eps=1e-06)
2026-09-15T03:51:19.242Z       (feed_forward_residual_stream): ResidualStream(
2026-09-15T03:51:19.242Z         (dropout): Identity()
2026-09-15T03:51:19.242Z       )
2026-09-15T03:51:19.242Z     )
2026-09-15T03:51:19.242Z   )
2026-09-15T03:51:19.242Z   (lm_head): LMHead(
2026-09-15T03:51:19.242Z     (norm): QwenRMSNorm((2560,), eps=1e-06)
2026-09-15T03:51:19.242Z     (w_out): Linear(in_features=2560, out_features=248320, bias=False)
2026-09-15T03:51:19.242Z   )
2026-09-15T03:51:19.242Z )
2026-09-15T03:51:19.242Z [2;36m[2026-09-15 03:51:19][0m [34mINFO    [0m [2m[olmo_core.nn.transformer.config:447, c666d7a1480d, rank=0][0m Built model with:
2026-09-15T03:51:19.242Z - 4,841,450,496 total params
2026-09-15T03:51:19.242Z - 4,205,751,296 non-embedding params
2026-09-15T03:51:19.242Z - 4,841,450,496 trainable params
2026-09-15T03:51:19.271Z [2;36m[2026-09-15 03:51:19][0m [34mINFO    [0m [2m[olmo_core.distributed.parallel:246, c666d7a1480d, rank=0][0m Built 1D device mesh with shape (dp=2,)
2026-09-15T03:51:19.271Z [2;36m[2026-09-15 03:51:19][0m [34mINFO    [0m [2m[olmo_core.train.train_module.transformer.train_module:142, c666d7a1480d, rank=0][0m Data parallel world size = 2
2026-09-15T03:51:19.272Z [2;36m[2026-09-15 03:51:19][0m [34mINFO    [0m [2m[olmo_core.train.train_module.transformer.common:103, c666d7a1480d, rank=0][0m Applied 'full' activation checkpointing to the model
2026-09-15T03:51:19.446Z [2;36m[2026-09-15 03:51:19][0m [34mINFO    [0m [2m[olmo_core.train.train_module.transformer.common:136, c666d7a1480d, rank=0][0m Applied FSDP to the model with 1D device mesh with shape (dp=2,)
2026-09-15T03:51:19.447Z [2;36m[2026-09-15 03:51:19][0m [34mINFO    [0m [2m[olmo_core.train.train_module.transformer.common:147, c666d7a1480d, rank=0][0m Initializing model weights...
2026-09-15T03:51:19.702Z NCCL version 2.27.5+cuda12.9
2026-09-15T03:51:20.908Z [2;36m[2026-09-15 03:51:20][0m [34mINFO    [0m [2m[olmo_core.train.train_module.transformer.train_module:200, c666d7a1480d, rank=0][0m Building optimizer...
2026-09-15T03:51:20.911Z [2;36m[2026-09-15 03:51:20][0m [34mINFO    [0m [2m[olmo_core.optim.config:202, c666d7a1480d, rank=0][0m Building SkipStepAdamW optimizer with 2 param group(s)...
2026-09-15T03:51:20.911Z [2;36m[2026-09-15 03:51:20][0m [34mINFO    [0m [2m[olmo_core.optim.config:210, c666d7a1480d, rank=0][0m Group 0, 1 parameter(s):
2026-09-15T03:51:20.911Z  - weight_decay: 0.0
2026-09-15T03:51:20.911Z  - lr: 5e-06
2026-09-15T03:51:20.911Z  - betas: (0.9, 0.95)
2026-09-15T03:51:20.911Z  - eps: 1e-08
2026-09-15T03:51:20.911Z  - initial_lr: 5e-06
2026-09-15T03:51:20.912Z [2;36m[2026-09-15 03:51:20][0m [34mINFO    [0m [2m[olmo_core.optim.config:210, c666d7a1480d, rank=0][0m Group 1, 530 parameter(s):
2026-09-15T03:51:20.912Z  - lr: 5e-06
2026-09-15T03:51:20.912Z  - betas: (0.9, 0.95)
2026-09-15T03:51:20.912Z  - eps: 1e-08
2026-09-15T03:51:20.912Z  - weight_decay: 0.0
2026-09-15T03:51:20.912Z  - initial_lr: 5e-06
2026-09-15T03:51:20.912Z [2;36m[2026-09-15 03:51:20][0m [34mINFO    [0m [2m[olmo_core.data.composable.numpy_document_source:778, c666d7a1480d, rank=0][0m Assuming dtype 'uint32' based on vocab size
2026-09-15T03:51:20.913Z [2;36m[2026-09-15 03:51:20][0m [34mINFO    [0m [2m[olmo_core.data.composable.numpy_document_source:232, c666d7a1480d, rank=0][0m Expanding globs...
2026-09-15T03:51:20.927Z [2;36m[2026-09-15 03:51:20][0m [34mINFO    [0m [2m[olmo_core.data.composable.numpy_document_source:257, c666d7a1480d, rank=0][0m Expanded '/weka/oe-training-default/ai2-llm/checkpoints/prasanns/ds64/fast2k/shards/outlier_f4M/token_ids_part_*.npy' into 1 paths:
2026-09-15T03:51:20.927Z - '/weka/oe-training-default/ai2-llm/checkpoints/prasanns/ds64/fast2k/shards/outlier_f4M/token_ids_part_000000.npy'
2026-09-15T03:51:20.927Z [2;36m[2026-09-15 03:51:20][0m [34mINFO    [0m [2m[olmo_core.data.composable.numpy_document_source:232, c666d7a1480d, rank=0][0m Expanding globs...
2026-09-15T03:51:20.943Z [2;36m[2026-09-15 03:51:20][0m [34mINFO    [0m [2m[olmo_core.data.composable.numpy_document_source:257, c666d7a1480d, rank=0][0m Expanded '/weka/oe-training-default/ai2-llm/checkpoints/prasanns/ds64/fast2k/shards/outlier_f4M/labels_mask_*.npy' into 1 paths:
2026-09-15T03:51:20.943Z - '/weka/oe-training-default/ai2-llm/checkpoints/prasanns/ds64/fast2k/shards/outlier_f4M/labels_mask_part_000000.npy'
2026-09-15T03:51:20.944Z 
2026-09-15T03:51:20.965Z [1;36m PadToLengthInstanceSource[0m[36m(5c510d5)[0m: [32m8.0M[0m tokens
2026-09-15T03:51:20.965Z └─ [1;36m NumpyDocumentSource[0m[36m(9ab04fc)[0m: [32m4.3M[0m tokens[35m [/weka/oe-trai.../shards/outlier_f4M/token_ids_part_*.npy][0m
2026-09-15T03:51:20.965Z 
2026-09-15T03:51:20.966Z [2;36m[2026-09-15 03:51:20][0m [34mINFO    [0m [2m[olmo_core.train.trainer:373, c666d7a1480d, rank=0][0m Creating new process group for async bookkeeping
2026-09-15T03:51:20.967Z [Gloo] Rank 1 is connected to 1 peer ranks. Expected number of connected peer ranks is : 1[Gloo] Rank 
2026-09-15T03:51:20.967Z 0 is connected to 1 peer ranks. Expected number of connected peer ranks is : 1
2026-09-15T03:51:20.971Z [2;36m[2026-09-15 03:51:20][0m [34mINFO    [0m [2m[olmo_core.train.trainer:901, c666d7a1480d, rank=0][0m Loading checkpoint from '/weka/oe-training-default/ai2-llm/checkpoints/prasanns/ctc_suite/bases/q35-4b-base-markerfix/model_and_optim'...
2026-09-15T03:51:42.026Z [2;36m[2026-09-15 03:51:42][0m [34mINFO    [0m [2m[olmo_core.train.trainer:922, c666d7a1480d, rank=0][0m Checkpoint successfully loaded
2026-09-15T03:51:42.041Z [2;36m[2026-09-15 03:51:42][0m [34mINFO    [0m [2m[olmo_core.train.trainer:713, c666d7a1480d, rank=0][0m Callback order:
2026-09-15T03:51:42.041Z [2;36m[2026-09-15 03:51:42][0m [34mINFO    [0m [2m[olmo_core.train.trainer:715, c666d7a1480d, rank=0][0m   - Callback 1: checkpointer
2026-09-15T03:51:42.041Z [2;36m[2026-09-15 03:51:42][0m [34mINFO    [0m [2m[olmo_core.train.trainer:715, c666d7a1480d, rank=0][0m   - Callback 2: config_saver
2026-09-15T03:51:42.042Z [2;36m[2026-09-15 03:51:42][0m [34mINFO    [0m [2m[olmo_core.train.trainer:715, c666d7a1480d, rank=0][0m   - Callback 3: wandb
2026-09-15T03:51:42.042Z [2;36m[2026-09-15 03:51:42][0m [34mINFO    [0m [2m[olmo_core.train.trainer:715, c666d7a1480d, rank=0][0m   - Callback 4: flop_meter
2026-09-15T03:51:42.042Z [2;36m[2026-09-15 03:51:42][0m [34mINFO    [0m [2m[olmo_core.train.trainer:715, c666d7a1480d, rank=0][0m   - Callback 5: console_logger
2026-09-15T03:51:42.042Z [2;36m[2026-09-15 03:51:42][0m [34mINFO    [0m [2m[olmo_core.train.trainer:715, c666d7a1480d, rank=0][0m   - Callback 6: garbage_collector
2026-09-15T03:51:42.042Z [2;36m[2026-09-15 03:51:42][0m [34mINFO    [0m [2m[olmo_core.train.trainer:715, c666d7a1480d, rank=0][0m   - Callback 7: gpu_monitor
2026-09-15T03:51:42.042Z [2;36m[2026-09-15 03:51:42][0m [34mINFO    [0m [2m[olmo_core.train.trainer:715, c666d7a1480d, rank=0][0m   - Callback 8: speed_monitor
2026-09-15T03:51:42.043Z [2;36m[2026-09-15 03:51:42][0m [34mINFO    [0m [2m[olmo_core.train.trainer:718, c666d7a1480d, rank=0][0m Training for 61 steps
2026-09-15T03:51:42.910Z wandb: Currently logged in as: prasanns (allennlp) to https://api.wandb.ai. Use `wandb login --relogin` to force relogin
2026-09-15T03:51:43.739Z wandb: setting up run e1afl1iq
2026-09-15T03:51:43.745Z wandb: Tracking run with wandb version 0.23.0
2026-09-15T03:51:43.746Z wandb: Run data is saved locally in /weka/oe-training-default/ai2-llm/checkpoints/prasanns/ctc_suite/ckpts/f2k-outlier-dense-4M/wandb/wandb/run-20260915_035142-e1afl1iq
2026-09-15T03:51:43.746Z wandb: Run `wandb offline` to turn off syncing.
2026-09-15T03:51:43.746Z wandb: Syncing run f2k-outlier-dense-4M
2026-09-15T03:51:43.746Z wandb: ⭐️ View project at https://wandb.ai/prasanns-allen-institute-for-ai/memory-networks
2026-09-15T03:51:43.746Z wandb: 🚀 View run at https://wandb.ai/prasanns-allen-institute-for-ai/memory-networks/runs/e1afl1iq
2026-09-15T03:51:43.917Z [2;36m[2026-09-15 03:51:43][0m [34mINFO    [0m [2m[olmo_core.train.callbacks.garbage_collector:33, c666d7a1480d, rank=0][0m Automatic GC disabled for training, will run GC every 1000 steps
2026-09-15T03:51:43.918Z [2;36m[2026-09-15 03:51:43][0m [34mINFO    [0m [2m[olmo_core.train.callbacks.gpu_memory_monitor:41, c666d7a1480d, rank=0][0m GPU capacity: NVIDIA A100-SXM4-80GB with 79.25GiB memory of which 9.03GiB is currently allocated and 9.05GiB is currently reserved.
2026-09-15T03:51:43.918Z [2;36m[2026-09-15 03:51:43][0m [34mINFO    [0m [2m[olmo_core.train.callbacks.speed_monitor:114, c666d7a1480d, rank=0][0m Device: NVIDIA A100-SXM4-80GB, Device peak Flops/s: 312000000000000
2026-09-15T03:51:43.951Z [2;36m[2026-09-15 03:51:43][0m [34mINFO    [0m [2m[olmo_core.train.trainer:1452, c666d7a1480d, rank=0][0m Starting forward/backward dry-run batch...
2026-09-15T03:54:17.700Z [2;36m[2026-09-15 03:54:17][0m [34mINFO    [0m [2m[olmo_core.train.trainer:1454, c666d7a1480d, rank=0][0m Dry-run complete
2026-09-15T03:54:17.719Z [2;36m[2026-09-15 03:54:17][0m [34mINFO    [0m [2m[olmo_core.data.composable.data_loader:575, c666d7a1480d, rank=0][0m Saving global data order indices for seed 34521 and epoch 1 to:
2026-09-15T03:54:17.719Z '/weka/oe-training-default/ai2-llm/checkpoints/prasanns/dataset-cache-ctc-suite/global_indices_epoch1_max_seq_len4096_seed34521_seq_len4096_shuffleinter_source_size1953_v1.npy'...
2026-09-15T03:54:17.723Z [2;36m[2026-09-15 03:54:17][0m [34mINFO    [0m [2m[olmo_core.data.composable.data_loader:585, c666d7a1480d, rank=0][0m Global data order indices saved to:
2026-09-15T03:54:17.723Z '/weka/oe-training-default/ai2-llm/checkpoints/prasanns/dataset-cache-ctc-suite/global_indices_epoch1_max_seq_len4096_seed34521_seq_len4096_shuffleinter_source_size1953_v1.npy'
2026-09-15T03:54:17.724Z [2;36m[2026-09-15 03:54:17][0m [34mINFO    [0m [2m[olmo_core.train.trainer:1459, c666d7a1480d, rank=0][0m Starting epoch 1...
2026-09-15T03:54:23.453Z Supported flash-attn versions are >= 2.1.1, <= 2.8.1. Found flash-attn 2.8.2.
2026-09-15T03:54:23.457Z Supported flash-attn versions are >= 2.1.1, <= 2.8.1. Found flash-attn 2.8.2.
2026-09-15T03:54:23.476Z Supported flash-attn versions are >= 2.1.1, <= 2.8.1. Found flash-attn 2.8.2.
2026-09-15T03:54:23.479Z Supported flash-attn versions are >= 2.1.1, <= 2.8.1. Found flash-attn 2.8.2.
2026-09-15T03:54:30.302Z Supported flash-attn versions are >= 2.1.1, <= 2.8.1. Found flash-attn 2.8.2.
2026-09-15T03:54:30.306Z Supported flash-attn versions are >= 2.1.1, <= 2.8.1. Found flash-attn 2.8.2.
2026-09-15T03:54:30.397Z Supported flash-attn versions are >= 2.1.1, <= 2.8.1. Found flash-attn 2.8.2.
2026-09-15T03:54:30.400Z Supported flash-attn versions are >= 2.1.1, <= 2.8.1. Found flash-attn 2.8.2.
2026-09-15T03:54:48.315Z [2;36m[2026-09-15 03:54:48][0m [33mWARNING [0m [2m[py.warnings:112, c666d7a1480d, rank=1][0m /opt/conda/lib/python3.12/site-packages/torch/distributed/utils.py:106: UserWarning: called a synchronizing CUDA operation (Triggered internally at /pytorch/c10/cuda/CUDAFunctions.cpp:162.)
2026-09-15T03:54:48.315Z   return (obj.to(target_device),)
2026-09-15T03:54:48.315Z 
2026-09-15T03:54:48.315Z [2;36m[2026-09-15 03:54:48][0m [33mWARNING [0m [2m[py.warnings:112, c666d7a1480d, rank=0][0m /opt/conda/lib/python3.12/site-packages/torch/distributed/utils.py:106: UserWarning: called a synchronizing CUDA operation (Triggered internally at /pytorch/c10/cuda/CUDAFunctions.cpp:162.)
2026-09-15T03:54:48.316Z   return (obj.to(target_device),)
2026-09-15T03:54:48.316Z 
2026-09-15T03:54:48.321Z [2;36m[2026-09-15 03:54:48][0m [34mINFO    [0m [2m[olmo_core.train.callbacks.console_logger:68, c666d7a1480d, rank=0][0m [step=1/61,epoch=1]
2026-09-15T03:54:48.321Z     gpu_memory/GPU active mem (%)=78.46
2026-09-15T03:54:48.321Z     gpu_memory/GPU active mem (GiB)=62.18
2026-09-15T03:54:48.321Z     gpu_memory/GPU reserved mem (%)=83.74
2026-09-15T03:54:48.321Z     gpu_memory/GPU reserved mem (GiB)=66.36
2026-09-15T03:54:48.321Z     optim/LR (group 0)=2.50E-06
2026-09-15T03:54:48.321Z     optim/LR (group 1)=2.50E-06
2026-09-15T03:54:48.321Z     optim/step skipped=0.0
2026-09-15T03:54:48.321Z     optim/total grad norm=91.24
2026-09-15T03:54:48.321Z     train/CE loss=0.7891
2026-09-15T03:54:48.321Z     throughput/device/data loading (s)=13.89
2026-09-15T03:54:48.321Z     train/PPL=2.202
2026-09-15T03:54:49.070Z [2;36m[2026-09-15 03:54:49][0m [33mWARNING [0m [2m[py.warnings:112, c666d7a1480d, rank=1][0m /opt/conda/lib/python3.12/site-packages/liger_kernel/ops/fused_linear_cross_entropy.py:75: UserWarning: called a synchronizing CUDA operation (Triggered internally at /pytorch/c10/cuda/CUDAFunctions.cpp:162.)
2026-09-15T03:54:49.070Z   total_n_non_ignore = target_mask.sum().item()
2026-09-15T03:54:49.070Z 
2026-09-15T03:54:49.073Z [2;36m[2026-09-15 03:54:49][0m [33mWARNING [0m [2m[py.warnings:112, c666d7a1480d, rank=0][0m /opt/conda/lib/python3.12/site-packages/liger_kernel/ops/fused_linear_cross_entropy.py:75: UserWarning: called a synchronizing CUDA operation (Triggered internally at /pytorch/c10/cuda/CUDAFunctions.cpp:162.)
2026-09-15T03:54:49.073Z   total_n_non_ignore = target_mask.sum().item()
2026-09-15T03:54:49.073Z 
2026-09-15T03:54:49.807Z [2;36m[2026-09-15 03:54:49][0m [33mWARNING [0m [2m[py.warnings:112, c666d7a1480d, rank=1][0m /opt/conda/lib/python3.12/site-packages/liger_kernel/ops/fused_linear_cross_entropy.py:233: UserWarning: called a synchronizing CUDA operation (Triggered internally at /pytorch/c10/cuda/CUDAFunctions.cpp:162.)
2026-09-15T03:54:49.807Z   if not torch.equal(grad_output, torch.tensor(1.0, device=grad_output.device)):
2026-09-15T03:54:49.807Z 
2026-09-15T03:54:49.812Z [2;36m[2026-09-15 03:54:49][0m [33mWARNING [0m [2m[py.warnings:112, c666d7a1480d, rank=0][0m /opt/conda/lib/python3.12/site-packages/liger_kernel/ops/fused_linear_cross_entropy.py:233: UserWarning: called a synchronizing CUDA operation (Triggered internally at /pytorch/c10/cuda/CUDAFunctions.cpp:162.)
2026-09-15T03:54:49.812Z   if not torch.equal(grad_output, torch.tensor(1.0, device=grad_output.device)):
2026-09-15T03:54:49.812Z 
2026-09-15T03:55:03.335Z [2;36m[2026-09-15 03:55:03][0m [34mINFO    [0m [2m[olmo_core.train.callbacks.console_logger:68, c666d7a1480d, rank=0][0m [step=2/61,epoch=1,eta=15m]
2026-09-15T03:55:03.335Z     gpu_memory/GPU active mem (%)=78.46
2026-09-15T03:55:03.335Z     gpu_memory/GPU active mem (GiB)=62.18
2026-09-15T03:55:03.335Z     gpu_memory/GPU reserved mem (%)=83.74
2026-09-15T03:55:03.335Z     gpu_memory/GPU reserved mem (GiB)=66.36
2026-09-15T03:55:03.335Z     optim/LR (group 0)=5.00E-06
2026-09-15T03:55:03.335Z     optim/LR (group 1)=5.00E-06
2026-09-15T03:55:03.335Z     optim/step skipped=0.0
2026-09-15T03:55:03.335Z     optim/total grad norm=39.92
2026-09-15T03:55:03.335Z     throughput/chinchilla multiple=3.12E-06
2026-09-15T03:55:03.335Z     throughput/device/BPS=0.0664
2026-09-15T03:55:03.335Z     throughput/device/BPS (actual avg)=0.0664
2026-09-15T03:55:03.335Z     throughput/device/MFU=31.92
2026-09-15T03:55:03.335Z     throughput/device/MFU (actual avg)=31.92
2026-09-15T03:55:03.335Z     throughput/device/TPS=4,349
2026-09-15T03:55:03.335Z     throughput/device/TPS (actual avg)=4,349
2026-09-15T03:55:03.335Z     throughput/device/flopsPS=99.60T
2026-09-15T03:55:03.335Z     throughput/device/flopsPS (actual avg)=99.60T
2026-09-15T03:55:03.335Z     throughput/total petaflops=6.003
2026-09-15T03:55:03.335Z     throughput/total tokens=262,144
2026-09-15T03:55:03.335Z     train/CE loss=0.4303
2026-09-15T03:55:03.335Z     throughput/device/data loading (%)=0.4748
2026-09-15T03:55:03.335Z     throughput/device/data loading (s)=0.0715
2026-09-15T03:55:03.335Z     train/PPL=1.538
2026-09-15T03:55:18.369Z [2;36m[2026-09-15 03:55:18][0m [34mINFO    [0m [2m[olmo_core.train.callbacks.console_logger:68, c666d7a1480d, rank=0][0m [step=3/61,epoch=1,eta=15m]
2026-09-15T03:55:18.369Z     gpu_memory/GPU active mem (%)=78.46
2026-09-15T03:55:18.369Z     gpu_memory/GPU active mem (GiB)=62.18
2026-09-15T03:55:18.369Z     gpu_memory/GPU reserved mem (%)=83.74
2026-09-15T03:55:18.369Z     gpu_memory/GPU reserved mem (GiB)=66.36
2026-09-15T03:55:18.369Z     optim/LR (group 0)=4.92E-06
2026-09-15T03:55:18.369Z     optim/LR (group 1)=4.92E-06
2026-09-15T03:55:18.369Z     optim/step skipped=0.0
2026-09-15T03:55:18.369Z     optim/total grad norm=17.24
2026-09-15T03:55:18.369Z     throughput/chinchilla multiple=4.67E-06
2026-09-15T03:55:18.369Z     throughput/device/BPS=0.0665
2026-09-15T03:55:18.369Z     throughput/device/BPS (actual avg)=0.0664
2026-09-15T03:55:18.369Z     throughput/device/MFU=32.00
2026-09-15T03:55:18.369Z     throughput/device/MFU (actual avg)=31.96
2026-09-15T03:55:18.369Z     throughput/device/TPS=4,359
2026-09-15T03:55:18.369Z     throughput/device/TPS (actual avg)=4,354
2026-09-15T03:55:18.369Z     throughput/device/flopsPS=99.83T
2026-09-15T03:55:18.369Z     throughput/device/flopsPS (actual avg)=99.71T
2026-09-15T03:55:18.369Z     throughput/total petaflops=9.004
2026-09-15T03:55:18.369Z     throughput/total tokens=393,216
2026-09-15T03:55:18.369Z     train/CE loss=0.2433
2026-09-15T03:55:18.369Z     throughput/device/data loading (%)=0.0110
2026-09-15T03:55:18.369Z     throughput/device/data loading (s)=0.0017
2026-09-15T03:55:18.369Z     train/PPL=1.275
2026-09-15T03:55:33.417Z [2;36m[2026-09-15 03:55:33][0m [34mINFO    [0m [2m[olmo_core.train.callbacks.console_logger:68, c666d7a1480d, rank=0][0m [step=4/61,epoch=1,eta=15m]
2026-09-15T03:55:33.417Z     gpu_memory/GPU active mem (%)=78.46
2026-09-15T03:55:33.417Z     gpu_memory/GPU active mem (GiB)=62.18
2026-09-15T03:55:33.417Z     gpu_memory/GPU reserved mem (%)=83.74
2026-09-15T03:55:33.417Z     gpu_memory/GPU reserved mem (GiB)=66.36
2026-09-15T03:55:33.417Z     optim/LR (group 0)=4.83E-06
2026-09-15T03:55:33.417Z     optim/LR (group 1)=4.83E-06
2026-09-15T03:55:33.417Z     optim/step skipped=0.0
2026-09-15T03:55:33.417Z     optim/total grad norm=10.71
2026-09-15T03:55:33.417Z     throughput/chinchilla multiple=6.23E-06
2026-09-15T03:55:33.417Z     throughput/device/BPS=0.0665
2026-09-15T03:55:33.417Z     throughput/device/BPS (actual avg)=0.0664
2026-09-15T03:55:33.417Z     throughput/device/MFU=31.96
2026-09-15T03:55:33.417Z     throughput/device/MFU (actual avg)=31.96
2026-09-15T03:55:33.417Z     throughput/device/TPS=4,354
2026-09-15T03:55:33.417Z     throughput/device/TPS (actual avg)=4,354
2026-09-15T03:55:33.417Z     throughput/device/flopsPS=99.72T
2026-09-15T03:55:33.417Z     throughput/device/flopsPS (actual avg)=99.72T
2026-09-15T03:55:33.417Z     throughput/total petaflops=12.01
2026-09-15T03:55:33.417Z     throughput/total tokens=524,288
2026-09-15T03:55:33.417Z     train/CE loss=0.2137
2026-09-15T03:55:33.417Z     throughput/device/data loading (%)=0.0133
2026-09-15T03:55:33.417Z     throughput/device/data loading (s)=0.0020
2026-09-15T03:55:33.417Z     train/PPL=1.238
2026-09-15T03:55:48.470Z [2;36m[2026-09-15 03:55:48][0m [34mINFO    [0m [2m[olmo_core.train.callbacks.console_logger:68, c666d7a1480d, rank=0][0m [step=5/61,epoch=1,eta=14m]
2026-09-15T03:55:48.470Z     gpu_memory/GPU active mem (%)=78.46
2026-09-15T03:55:48.470Z     gpu_memory/GPU active mem (GiB)=62.18
2026-09-15T03:55:48.470Z     gpu_memory/GPU reserved mem (%)=83.74
2026-09-15T03:55:48.470Z     gpu_memory/GPU reserved mem (GiB)=66.36
2026-09-15T03:55:48.470Z     optim/LR (group 0)=4.75E-06
2026-09-15T03:55:48.470Z     optim/LR (group 1)=4.75E-06
2026-09-15T03:55:48.470Z     optim/step skipped=0.0
2026-09-15T03:55:48.470Z     optim/total grad norm=8.972
2026-09-15T03:55:48.470Z     throughput/chinchilla multiple=7.79E-06
2026-09-15T03:55:48.470Z     throughput/device/BPS=0.0664
2026-09-15T03:55:48.470Z     throughput/device/BPS (actual avg)=0.0664
2026-09-15T03:55:48.470Z     throughput/device/MFU=31.96
2026-09-15T03:55:48.470Z     throughput/device/MFU (actual avg)=31.96
2026-09-15T03:55:48.470Z     throughput/device/TPS=4,353
2026-09-15T03:55:48.470Z     throughput/device/TPS (actual avg)=4,354
2026-09-15T03:55:48.470Z     throughput/device/flopsPS=99.70T
2026-09-15T03:55:48.470Z     throughput/device/flopsPS (actual avg)=99.71T
2026-09-15T03:55:48.470Z     throughput/total petaflops=15.01
2026-09-15T03:55:48.470Z     throughput/total tokens=655,360
2026-09-15T03:55:48.470Z     train/CE loss=0.1494
2026-09-15T03:55:48.470Z     throughput/device/data loading (%)=0.0109
2026-09-15T03:55:48.470Z     throughput/device/data loading (s)=0.0016
2026-09-15T03:55:48.470Z     train/PPL=1.161
2026-09-15T03:56:03.528Z [2;36m[2026-09-15 03:56:03][0m [34mINFO    [0m [2m[olmo_core.train.callbacks.console_logger:68, c666d7a1480d, rank=0][0m [step=6/61,epoch=1,eta=14m]
2026-09-15T03:56:03.528Z     gpu_memory/GPU active mem (%)=78.46
2026-09-15T03:56:03.528Z     gpu_memory/GPU active mem (GiB)=62.18
2026-09-15T03:56:03.528Z     gpu_memory/GPU reserved mem (%)=83.74
2026-09-15T03:56:03.528Z     gpu_memory/GPU reserved mem (GiB)=66.36
2026-09-15T03:56:03.528Z     optim/LR (group 0)=4.66E-06
2026-09-15T03:56:03.528Z     optim/LR (group 1)=4.66E-06
2026-09-15T03:56:03.528Z     optim/step skipped=0.0
2026-09-15T03:56:03.528Z     optim/total grad norm=8.785
2026-09-15T03:56:03.528Z     throughput/chinchilla multiple=9.35E-06
2026-09-15T03:56:03.528Z     throughput/device/BPS=0.0664
2026-09-15T03:56:03.528Z     throughput/device/BPS (actual avg)=0.0664
2026-09-15T03:56:03.528Z     throughput/device/MFU=31.94
2026-09-15T03:56:03.528Z     throughput/device/MFU (actual avg)=31.96
2026-09-15T03:56:03.528Z     throughput/device/TPS=4,352
2026-09-15T03:56:03.528Z     throughput/device/TPS (actual avg)=4,353
2026-09-15T03:56:03.528Z     throughput/device/flopsPS=99.66T
2026-09-15T03:56:03.528Z     throughput/device/flopsPS (actual avg)=99.70T
2026-09-15T03:56:03.528Z     throughput/total petaflops=18.01
2026-09-15T03:56:03.528Z     throughput/total tokens=786,432
2026-09-15T03:56:03.528Z     train/CE loss=0.1258
2026-09-15T03:56:03.528Z     throughput/device/data loading (%)=0.0121
2026-09-15T03:56:03.528Z     throughput/device/data loading (s)=0.0018
2026-09-15T03:56:03.528Z     train/PPL=1.134
2026-09-15T03:56:18.586Z [2;36m[2026-09-15 03:56:18][0m [34mINFO    [0m [2m[olmo_core.train.callbacks.console_logger:68, c666d7a1480d, rank=0][0m [step=7/61,epoch=1,eta=14m]
2026-09-15T03:56:18.586Z     gpu_memory/GPU active mem (%)=78.46
2026-09-15T03:56:18.586Z     gpu_memory/GPU active mem (GiB)=62.18
2026-09-15T03:56:18.586Z     gpu_memory/GPU reserved mem (%)=83.74
2026-09-15T03:56:18.586Z     gpu_memory/GPU reserved mem (GiB)=66.36
2026-09-15T03:56:18.586Z     optim/LR (group 0)=4.58E-06
2026-09-15T03:56:18.586Z     optim/LR (group 1)=4.58E-06
2026-09-15T03:56:18.586Z     optim/step skipped=0.0
2026-09-15T03:56:18.586Z     optim/total grad norm=11.75
2026-09-15T03:56:18.586Z     throughput/chinchilla multiple=1.09E-05
2026-09-15T03:56:18.586Z     throughput/device/BPS=0.0664
2026-09-15T03:56:18.586Z     throughput/device/BPS (actual avg)=0.0664
2026-09-15T03:56:18.586Z     throughput/device/MFU=31.94
2026-09-15T03:56:18.586Z     throughput/device/MFU (actual avg)=31.95
2026-09-15T03:56:18.586Z     throughput/device/TPS=4,351
2026-09-15T03:56:18.586Z     throughput/device/TPS (actual avg)=4,353
2026-09-15T03:56:18.586Z     throughput/device/flopsPS=99.66T
2026-09-15T03:56:18.586Z     throughput/device/flopsPS (actual avg)=99.70T
2026-09-15T03:56:18.586Z     throughput/total petaflops=21.01
2026-09-15T03:56:18.586Z     throughput/total tokens=917,504
2026-09-15T03:56:18.586Z     train/CE loss=0.1533
2026-09-15T03:56:18.586Z     throughput/device/data loading (%)=0.0138
2026-09-15T03:56:18.586Z     throughput/device/data loading (s)=0.0021
2026-09-15T03:56:18.586Z     train/PPL=1.166
2026-09-15T03:56:33.638Z [2;36m[2026-09-15 03:56:33][0m [34mINFO    [0m [2m[olmo_core.train.callbacks.console_logger:68, c666d7a1480d, rank=0][0m [step=8/61,epoch=1,eta=14m]
2026-09-15T03:56:33.638Z     gpu_memory/GPU active mem (%)=78.46
2026-09-15T03:56:33.638Z     gpu_memory/GPU active mem (GiB)=62.18
2026-09-15T03:56:33.638Z     gpu_memory/GPU reserved mem (%)=83.74
2026-09-15T03:56:33.638Z     gpu_memory/GPU reserved mem (GiB)=66.36
2026-09-15T03:56:33.638Z     optim/LR (group 0)=4.49E-06
2026-09-15T03:56:33.638Z     optim/LR (group 1)=4.49E-06
2026-09-15T03:56:33.638Z     optim/step skipped=0.0
2026-09-15T03:56:33.638Z     optim/total grad norm=7.825
2026-09-15T03:56:33.638Z     throughput/chinchilla multiple=1.25E-05
2026-09-15T03:56:33.638Z     throughput/device/BPS=0.0664
2026-09-15T03:56:33.638Z     throughput/device/BPS (actual avg)=0.0664
2026-09-15T03:56:33.638Z     throughput/device/MFU=31.96
2026-09-15T03:56:33.638Z     throughput/device/MFU (actual avg)=31.95
2026-09-15T03:56:33.638Z     throughput/device/TPS=4,354
2026-09-15T03:56:33.638Z     throughput/device/TPS (actual avg)=4,353
2026-09-15T03:56:33.638Z     throughput/device/flopsPS=99.71T
2026-09-15T03:56:33.638Z     throughput/device/flopsPS (actual avg)=99.70T
2026-09-15T03:56:33.638Z     throughput/total petaflops=24.01
2026-09-15T03:56:33.638Z     throughput/total tokens=1,048,576
2026-09-15T03:56:33.638Z     train/CE loss=0.1206
2026-09-15T03:56:33.638Z     throughput/device/data loading (%)=0.0108
2026-09-15T03:56:33.638Z     throughput/device/data loading (s)=0.0016
2026-09-15T03:56:33.638Z     train/PPL=1.128
2026-09-15T03:56:48.700Z [2;36m[2026-09-15 03:56:48][0m [34mINFO    [0m [2m[olmo_core.train.callbacks.console_logger:68, c666d7a1480d, rank=0][0m [step=9/61,epoch=1,eta=13m]
2026-09-15T03:56:48.700Z     gpu_memory/GPU active mem (%)=78.46
2026-09-15T03:56:48.700Z     gpu_memory/GPU active mem (GiB)=62.18
2026-09-15T03:56:48.700Z     gpu_memory/GPU reserved mem (%)=83.74
2026-09-15T03:56:48.700Z     gpu_memory/GPU reserved mem (GiB)=66.36
2026-09-15T03:56:48.700Z     optim/LR (group 0)=4.41E-06
2026-09-15T03:56:48.700Z     optim/LR (group 1)=4.41E-06
2026-09-15T03:56:48.700Z     optim/step skipped=0.0
2026-09-15T03:56:48.700Z     optim/total grad norm=8.775
2026-09-15T03:56:48.700Z     throughput/chinchilla multiple=1.40E-05
2026-09-15T03:56:48.700Z     throughput/device/BPS=0.0664
2026-09-15T03:56:48.700Z     throughput/device/BPS (actual avg)=0.0664
2026-09-15T03:56:48.700Z     throughput/device/MFU=31.93
2026-09-15T03:56:48.700Z     throughput/device/MFU (actual avg)=31.95
2026-09-15T03:56:48.700Z     throughput/device/TPS=4,350
2026-09-15T03:56:48.700Z     throughput/device/TPS (actual avg)=4,353
2026-09-15T03:56:48.700Z     throughput/device/flopsPS=99.63T
2026-09-15T03:56:48.700Z     throughput/device/flopsPS (actual avg)=99.69T
2026-09-15T03:56:48.700Z     throughput/total petaflops=27.01
2026-09-15T03:56:48.700Z     throughput/total tokens=1,179,648
2026-09-15T03:56:48.700Z     train/CE loss=0.1396
2026-09-15T03:56:48.700Z     throughput/device/data loading (%)=0.0130
2026-09-15T03:56:48.700Z     throughput/device/data loading (s)=0.0020
2026-09-15T03:56:48.700Z     train/PPL=1.150
2026-09-15T03:57:03.768Z [2;36m[2026-09-15 03:57:03][0m [34mINFO    [0m [2m[olmo_core.train.callbacks.console_logger:68, c666d7a1480d, rank=0][0m [step=10/61,epoch=1,eta=13m]
2026-09-15T03:57:03.768Z     gpu_memory/GPU active mem (%)=78.46
2026-09-15T03:57:03.768Z     gpu_memory/GPU active mem (GiB)=62.18
2026-09-15T03:57:03.768Z     gpu_memory/GPU reserved mem (%)=83.74
2026-09-15T03:57:03.768Z     gpu_memory/GPU reserved mem (GiB)=66.36
2026-09-15T03:57:03.768Z     optim/LR (group 0)=4.32E-06
2026-09-15T03:57:03.768Z     optim/LR (group 1)=4.32E-06
2026-09-15T03:57:03.768Z     optim/step skipped=0.0
2026-09-15T03:57:03.768Z     optim/total grad norm=11.46
2026-09-15T03:57:03.768Z     throughput/chinchilla multiple=1.56E-05
2026-09-15T03:57:03.768Z     throughput/device/BPS=0.0664
2026-09-15T03:57:03.768Z     throughput/device/BPS (actual avg)=0.0664
2026-09-15T03:57:03.768Z     throughput/device/MFU=31.92
2026-09-15T03:57:03.768Z     throughput/device/MFU (actual avg)=31.95
2026-09-15T03:57:03.768Z     throughput/device/TPS=4,348
2026-09-15T03:57:03.768Z     throughput/device/TPS (actual avg)=4,352
2026-09-15T03:57:03.768Z     throughput/device/flopsPS=99.59T
2026-09-15T03:57:03.768Z     throughput/device/flopsPS (actual avg)=99.68T
2026-09-15T03:57:03.768Z     throughput/total petaflops=30.01
2026-09-15T03:57:03.768Z     throughput/total tokens=1,310,720
2026-09-15T03:57:03.768Z     train/CE loss=0.1275
2026-09-15T03:57:03.768Z     throughput/device/data loading (%)=0.0099
2026-09-15T03:57:03.768Z     throughput/device/data loading (s)=0.0015
2026-09-15T03:57:03.768Z     train/PPL=1.136
2026-09-15T03:57:18.827Z [2;36m[2026-09-15 03:57:18][0m [34mINFO    [0m [2m[olmo_core.train.callbacks.console_logger:68, c666d7a1480d, rank=0][0m [step=11/61,epoch=1,eta=13m]
2026-09-15T03:57:18.827Z     gpu_memory/GPU active mem (%)=78.46
2026-09-15T03:57:18.827Z     gpu_memory/GPU active mem (GiB)=62.18
2026-09-15T03:57:18.827Z     gpu_memory/GPU reserved mem (%)=83.74
2026-09-15T03:57:18.827Z     gpu_memory/GPU reserved mem (GiB)=66.36
2026-09-15T03:57:18.827Z     optim/LR (group 0)=4.24E-06
2026-09-15T03:57:18.827Z     optim/LR (group 1)=4.24E-06
2026-09-15T03:57:18.827Z     optim/step skipped=0.0
2026-09-15T03:57:18.827Z     optim/total grad norm=10.24
2026-09-15T03:57:18.827Z     throughput/chinchilla multiple=1.71E-05
2026-09-15T03:57:18.827Z     throughput/device/BPS=0.0664
2026-09-15T03:57:18.827Z     throughput/device/BPS (actual avg)=0.0664
2026-09-15T03:57:18.827Z     throughput/device/MFU=31.95
2026-09-15T03:57:18.827Z     throughput/device/MFU (actual avg)=31.95
2026-09-15T03:57:18.827Z     throughput/device/TPS=4,352
2026-09-15T03:57:18.827Z     throughput/device/TPS (actual avg)=4,352
2026-09-15T03:57:18.827Z     throughput/device/flopsPS=99.67T
2026-09-15T03:57:18.827Z     throughput/device/flopsPS (actual avg)=99.68T
2026-09-15T03:57:18.827Z     throughput/total petaflops=33.02
2026-09-15T03:57:18.827Z     throughput/total tokens=1,441,792
2026-09-15T03:57:18.827Z     train/CE loss=0.1048
2026-09-15T03:57:18.827Z     throughput/device/data loading (%)=0.0114
2026-09-15T03:57:18.827Z     throughput/device/data loading (s)=0.0017
2026-09-15T03:57:18.827Z     train/PPL=1.110
2026-09-15T03:57:33.879Z [2;36m[2026-09-15 03:57:33][0m [34mINFO    [0m [2m[olmo_core.train.callbacks.console_logger:68, c666d7a1480d, rank=0][0m [step=12/61,epoch=1,eta=13m]
2026-09-15T03:57:33.879Z     gpu_memory/GPU active mem (%)=78.46
2026-09-15T03:57:33.879Z     gpu_memory/GPU active mem (GiB)=62.18
2026-09-15T03:57:33.879Z     gpu_memory/GPU reserved mem (%)=83.74
2026-09-15T03:57:33.879Z     gpu_memory/GPU reserved mem (GiB)=66.36
2026-09-15T03:57:33.879Z     optim/LR (group 0)=4.15E-06
2026-09-15T03:57:33.879Z     optim/LR (group 1)=4.15E-06
2026-09-15T03:57:33.879Z     optim/step skipped=0.0
2026-09-15T03:57:33.879Z     optim/total grad norm=3.035
2026-09-15T03:57:33.879Z     throughput/chinchilla multiple=1.87E-05
2026-09-15T03:57:33.879Z     throughput/device/BPS=0.0664
2026-09-15T03:57:33.879Z     throughput/device/BPS (actual avg)=0.0664
2026-09-15T03:57:33.879Z     throughput/device/MFU=31.96
2026-09-15T03:57:33.879Z     throughput/device/MFU (actual avg)=31.95
2026-09-15T03:57:33.879Z     throughput/device/TPS=4,353
2026-09-15T03:57:33.879Z     throughput/device/TPS (actual avg)=4,352
2026-09-15T03:57:33.879Z     throughput/device/flopsPS=99.70T
2026-09-15T03:57:33.879Z     throughput/device/flopsPS (actual avg)=99.68T
2026-09-15T03:57:33.879Z     throughput/total petaflops=36.02
2026-09-15T03:57:33.879Z     throughput/total tokens=1,572,864
2026-09-15T03:57:33.879Z     train/CE loss=0.0931
2026-09-15T03:57:33.879Z     throughput/device/data loading (%)=0.0106
2026-09-15T03:57:33.879Z     throughput/device/data loading (s)=0.0016
2026-09-15T03:57:33.879Z     train/PPL=1.098
2026-09-15T03:57:48.944Z [2;36m[2026-09-15 03:57:48][0m [34mINFO    [0m [2m[olmo_core.train.callbacks.console_logger:68, c666d7a1480d, rank=0][0m [step=13/61,epoch=1,eta=12m]
2026-09-15T03:57:48.944Z     gpu_memory/GPU active mem (%)=78.46
2026-09-15T03:57:48.944Z     gpu_memory/GPU active mem (GiB)=62.18
2026-09-15T03:57:48.944Z     gpu_memory/GPU reserved mem (%)=83.74
2026-09-15T03:57:48.944Z     gpu_memory/GPU reserved mem (GiB)=66.36
2026-09-15T03:57:48.944Z     optim/LR (group 0)=4.07E-06
2026-09-15T03:57:48.944Z     optim/LR (group 1)=4.07E-06
2026-09-15T03:57:48.944Z     optim/step skipped=0.0
2026-09-15T03:57:48.944Z     optim/total grad norm=3.120
2026-09-15T03:57:48.944Z     throughput/chinchilla multiple=2.03E-05
2026-09-15T03:57:48.944Z     throughput/device/BPS=0.0664
2026-09-15T03:57:48.944Z     throughput/device/BPS (actual avg)=0.0664
2026-09-15T03:57:48.944Z     throughput/device/MFU=31.93
2026-09-15T03:57:48.944Z     throughput/device/MFU (actual avg)=31.95
2026-09-15T03:57:48.944Z     throughput/device/TPS=4,350
2026-09-15T03:57:48.944Z     throughput/device/TPS (actual avg)=4,352
2026-09-15T03:57:48.944Z     throughput/device/flopsPS=99.62T
2026-09-15T03:57:48.944Z     throughput/device/flopsPS (actual avg)=99.67T
2026-09-15T03:57:48.944Z     throughput/total petaflops=39.02
2026-09-15T03:57:48.944Z     throughput/total tokens=1,703,936
2026-09-15T03:57:48.944Z     train/CE loss=0.0762
2026-09-15T03:57:48.944Z     throughput/device/data loading (%)=0.0130
2026-09-15T03:57:48.944Z     throughput/device/data loading (s)=0.0020
2026-09-15T03:57:48.944Z     train/PPL=1.079
2026-09-15T03:58:04.005Z [2;36m[2026-09-15 03:58:04][0m [34mINFO    [0m [2m[olmo_core.train.callbacks.console_logger:68, c666d7a1480d, rank=0][0m [step=14/61,epoch=1,eta=12m]
2026-09-15T03:58:04.005Z     gpu_memory/GPU active mem (%)=78.46
2026-09-15T03:58:04.005Z     gpu_memory/GPU active mem (GiB)=62.18
2026-09-15T03:58:04.005Z     gpu_memory/GPU reserved mem (%)=83.74
2026-09-15T03:58:04.005Z     gpu_memory/GPU reserved mem (GiB)=66.36
2026-09-15T03:58:04.005Z     optim/LR (group 0)=3.98E-06
2026-09-15T03:58:04.006Z     optim/LR (group 1)=3.98E-06
2026-09-15T03:58:04.006Z     optim/step skipped=0.0
2026-09-15T03:58:04.006Z     optim/total grad norm=5.412
2026-09-15T03:58:04.006Z     throughput/chinchilla multiple=2.18E-05
2026-09-15T03:58:04.006Z     throughput/device/BPS=0.0664
2026-09-15T03:58:04.006Z     throughput/device/BPS (actual avg)=0.0664
2026-09-15T03:58:04.006Z     throughput/device/MFU=31.93
2026-09-15T03:58:04.006Z     throughput/device/MFU (actual avg)=31.95
2026-09-15T03:58:04.006Z     throughput/device/TPS=4,350
2026-09-15T03:58:04.006Z     throughput/device/TPS (actual avg)=4,352
2026-09-15T03:58:04.006Z     throughput/device/flopsPS=99.63T
2026-09-15T03:58:04.006Z     throughput/device/flopsPS (actual avg)=99.67T
2026-09-15T03:58:04.006Z     throughput/total petaflops=42.02
2026-09-15T03:58:04.006Z     throughput/total tokens=1,835,008
2026-09-15T03:58:04.006Z     train/CE loss=0.0747
2026-09-15T03:58:04.006Z     throughput/device/data loading (%)=0.0122
2026-09-15T03:58:04.006Z     throughput/device/data loading (s)=0.0018
2026-09-15T03:58:04.006Z     train/PPL=1.078
2026-09-15T03:58:19.072Z [2;36m[2026-09-15 03:58:19][0m [34mINFO    [0m [2m[olmo_core.train.callbacks.console_logger:68, c666d7a1480d, rank=0][0m [step=15/61,epoch=1,eta=12m]
2026-09-15T03:58:19.072Z     gpu_memory/GPU active mem (%)=78.46
2026-09-15T03:58:19.072Z     gpu_memory/GPU active mem (GiB)=62.18
2026-09-15T03:58:19.072Z     gpu_memory/GPU reserved mem (%)=83.74
2026-09-15T03:58:19.072Z     gpu_memory/GPU reserved mem (GiB)=66.36
2026-09-15T03:58:19.072Z     optim/LR (group 0)=3.90E-06
2026-09-15T03:58:19.072Z     optim/LR (group 1)=3.90E-06
2026-09-15T03:58:19.072Z     optim/step skipped=0.0
2026-09-15T03:58:19.072Z     optim/total grad norm=6.203
2026-09-15T03:58:19.072Z     throughput/chinchilla multiple=2.34E-05
2026-09-15T03:58:19.072Z     throughput/device/BPS=0.0664
2026-09-15T03:58:19.072Z     throughput/device/BPS (actual avg)=0.0664
2026-09-15T03:58:19.072Z     throughput/device/MFU=31.93
2026-09-15T03:58:19.072Z     throughput/device/MFU (actual avg)=31.94
2026-09-15T03:58:19.072Z     throughput/device/TPS=4,350
2026-09-15T03:58:19.072Z     throughput/device/TPS (actual avg)=4,352
2026-09-15T03:58:19.072Z     throughput/device/flopsPS=99.62T
2026-09-15T03:58:19.072Z     throughput/device/flopsPS (actual avg)=99.67T
2026-09-15T03:58:19.072Z     throughput/total petaflops=45.02
2026-09-15T03:58:19.072Z     throughput/total tokens=1,966,080
2026-09-15T03:58:19.072Z     train/CE loss=0.0524
2026-09-15T03:58:19.072Z     throughput/device/data loading (%)=0.0120
2026-09-15T03:58:19.072Z     throughput/device/data loading (s)=0.0018
2026-09-15T03:58:19.072Z     train/PPL=1.054
2026-09-15T03:58:34.129Z [2;36m[2026-09-15 03:58:34][0m [34mINFO    [0m [2m[olmo_core.train.callbacks.console_logger:68, c666d7a1480d, rank=0][0m [step=16/61,epoch=1,eta=12m]
2026-09-15T03:58:34.130Z     gpu_memory/GPU active mem (%)=78.46
2026-09-15T03:58:34.130Z     gpu_memory/GPU active mem (GiB)=62.18
2026-09-15T03:58:34.130Z     gpu_memory/GPU reserved mem (%)=83.74
2026-09-15T03:58:34.130Z     gpu_memory/GPU reserved mem (GiB)=66.36
2026-09-15T03:58:34.130Z     optim/LR (group 0)=3.81E-06
2026-09-15T03:58:34.130Z     optim/LR (group 1)=3.81E-06
2026-09-15T03:58:34.130Z     optim/step skipped=0.0
2026-09-15T03:58:34.130Z     optim/total grad norm=9.065
2026-09-15T03:58:34.130Z     throughput/chinchilla multiple=2.49E-05
2026-09-15T03:58:34.130Z     throughput/device/BPS=0.0664
2026-09-15T03:58:34.130Z     throughput/device/BPS (actual avg)=0.0664
2026-09-15T03:58:34.130Z     throughput/device/MFU=31.94
2026-09-15T03:58:34.130Z     throughput/device/MFU (actual avg)=31.94
2026-09-15T03:58:34.130Z     throughput/device/TPS=4,352
2026-09-15T03:58:34.130Z     throughput/device/TPS (actual avg)=4,352
2026-09-15T03:58:34.130Z     throughput/device/flopsPS=99.66T
2026-09-15T03:58:34.130Z     throughput/device/flopsPS (actual avg)=99.67T
2026-09-15T03:58:34.130Z     throughput/total petaflops=48.02
2026-09-15T03:58:34.130Z     throughput/total tokens=2,097,152
2026-09-15T03:58:34.130Z     train/CE loss=0.0644
2026-09-15T03:58:34.130Z     throughput/device/data loading (%)=0.0105
2026-09-15T03:58:34.130Z     throughput/device/data loading (s)=0.0016
2026-09-15T03:58:34.130Z     train/PPL=1.067
2026-09-15T03:58:49.199Z [2;36m[2026-09-15 03:58:49][0m [34mINFO    [0m [2m[olmo_core.train.callbacks.console_logger:68, c666d7a1480d, rank=0][0m [step=17/61,epoch=1,eta=11m]
2026-09-15T03:58:49.199Z     gpu_memory/GPU active mem (%)=78.46
2026-09-15T03:58:49.199Z     gpu_memory/GPU active mem (GiB)=62.18
2026-09-15T03:58:49.199Z     gpu_memory/GPU reserved mem (%)=83.74
2026-09-15T03:58:49.199Z     gpu_memory/GPU reserved mem (GiB)=66.36
2026-09-15T03:58:49.199Z     optim/LR (group 0)=3.73E-06
2026-09-15T03:58:49.199Z     optim/LR (group 1)=3.73E-06
2026-09-15T03:58:49.199Z     optim/step skipped=0.0
2026-09-15T03:58:49.199Z     optim/total grad norm=7.857
2026-09-15T03:58:49.199Z     throughput/chinchilla multiple=2.65E-05
2026-09-15T03:58:49.199Z     throughput/device/BPS=0.0664
2026-09-15T03:58:49.199Z     throughput/device/BPS (actual avg)=0.0664
2026-09-15T03:58:49.199Z     throughput/device/MFU=31.92
2026-09-15T03:58:49.199Z     throughput/device/MFU (actual avg)=31.94
2026-09-15T03:58:49.199Z     throughput/device/TPS=4,349
2026-09-15T03:58:49.199Z     throughput/device/TPS (actual avg)=4,352
2026-09-15T03:58:49.199Z     throughput/device/flopsPS=99.59T
2026-09-15T03:58:49.199Z     throughput/device/flopsPS (actual avg)=99.66T
2026-09-15T03:58:49.199Z     throughput/total petaflops=51.02
2026-09-15T03:58:49.199Z     throughput/total tokens=2,228,224
2026-09-15T03:58:49.199Z     train/CE loss=0.0574
2026-09-15T03:58:49.199Z     throughput/device/data loading (%)=0.0130
2026-09-15T03:58:49.199Z     throughput/device/data loading (s)=0.0020
2026-09-15T03:58:49.199Z     train/PPL=1.059
2026-09-15T03:59:04.268Z [2;36m[2026-09-15 03:59:04][0m [34mINFO    [0m [2m[olmo_core.train.callbacks.console_logger:68, c666d7a1480d, rank=0][0m [step=18/61,epoch=1,eta=11m]
2026-09-15T03:59:04.269Z     gpu_memory/GPU active mem (%)=78.46
2026-09-15T03:59:04.269Z     gpu_memory/GPU active mem (GiB)=62.18
2026-09-15T03:59:04.269Z     gpu_memory/GPU reserved mem (%)=83.74
2026-09-15T03:59:04.269Z     gpu_memory/GPU reserved mem (GiB)=66.36
2026-09-15T03:59:04.269Z     optim/LR (group 0)=3.64E-06
2026-09-15T03:59:04.269Z     optim/LR (group 1)=3.64E-06
2026-09-15T03:59:04.269Z     optim/step skipped=0.0
2026-09-15T03:59:04.269Z     optim/total grad norm=20.63
2026-09-15T03:59:04.269Z     throughput/chinchilla multiple=2.80E-05
2026-09-15T03:59:04.269Z     throughput/device/BPS=0.0664
2026-09-15T03:59:04.269Z     throughput/device/BPS (actual avg)=0.0664
2026-09-15T03:59:04.269Z     throughput/device/MFU=31.92
2026-09-15T03:59:04.269Z     throughput/device/MFU (actual avg)=31.94
2026-09-15T03:59:04.269Z     throughput/device/TPS=4,348
2026-09-15T03:59:04.269Z     throughput/device/TPS (actual avg)=4,351
2026-09-15T03:59:04.269Z     throughput/device/flopsPS=99.58T
2026-09-15T03:59:04.269Z     throughput/device/flopsPS (actual avg)=99.66T
2026-09-15T03:59:04.269Z     throughput/total petaflops=54.03
2026-09-15T03:59:04.269Z     throughput/total tokens=2,359,296
2026-09-15T03:59:04.269Z     train/CE loss=0.0753
2026-09-15T03:59:04.269Z     throughput/device/data loading (%)=0.0099
2026-09-15T03:59:04.269Z     throughput/device/data loading (s)=0.0015
2026-09-15T03:59:04.269Z     train/PPL=1.078
2026-09-15T03:59:19.337Z [2;36m[2026-09-15 03:59:19][0m [34mINFO    [0m [2m[olmo_core.train.callbacks.console_logger:68, c666d7a1480d, rank=0][0m [step=19/61,epoch=1,eta=11m]
2026-09-15T03:59:19.337Z     gpu_memory/GPU active mem (%)=78.46
2026-09-15T03:59:19.337Z     gpu_memory/GPU active mem (GiB)=62.18
2026-09-15T03:59:19.337Z     gpu_memory/GPU reserved mem (%)=83.74
2026-09-15T03:59:19.337Z     gpu_memory/GPU reserved mem (GiB)=66.36
2026-09-15T03:59:19.337Z     optim/LR (group 0)=3.56E-06
2026-09-15T03:59:19.337Z     optim/LR (group 1)=3.56E-06
2026-09-15T03:59:19.337Z     optim/step skipped=0.0
2026-09-15T03:59:19.337Z     optim/total grad norm=10.66
2026-09-15T03:59:19.337Z     throughput/chinchilla multiple=2.96E-05
2026-09-15T03:59:19.337Z     throughput/device/BPS=0.0664
2026-09-15T03:59:19.337Z     throughput/device/BPS (actual avg)=0.0664
2026-09-15T03:59:19.337Z     throughput/device/MFU=31.92
2026-09-15T03:59:19.337Z     throughput/device/MFU (actual avg)=31.94
2026-09-15T03:59:19.337Z     throughput/device/TPS=4,348
2026-09-15T03:59:19.337Z     throughput/device/TPS (actual avg)=4,351
2026-09-15T03:59:19.337Z     throughput/device/flopsPS=99.59T
2026-09-15T03:59:19.337Z     throughput/device/flopsPS (actual avg)=99.65T
2026-09-15T03:59:19.337Z     throughput/total petaflops=57.03
2026-09-15T03:59:19.337Z     throughput/total tokens=2,490,368
2026-09-15T03:59:19.337Z     train/CE loss=0.0970
2026-09-15T03:59:19.337Z     throughput/device/data loading (%)=0.0100
2026-09-15T03:59:19.337Z     throughput/device/data loading (s)=0.0015
2026-09-15T03:59:19.337Z     train/PPL=1.102
2026-09-15T03:59:34.401Z [2;36m[2026-09-15 03:59:34][0m [34mINFO    [0m [2m[olmo_core.train.callbacks.console_logger:68, c666d7a1480d, rank=0][0m [step=20/61,epoch=1,eta=11m]
2026-09-15T03:59:34.401Z     gpu_memory/GPU active mem (%)=78.46
2026-09-15T03:59:34.401Z     gpu_memory/GPU active mem (GiB)=62.18
2026-09-15T03:59:34.401Z     gpu_memory/GPU reserved mem (%)=83.74
2026-09-15T03:59:34.401Z     gpu_memory/GPU reserved mem (GiB)=66.36
2026-09-15T03:59:34.401Z     optim/LR (group 0)=3.47E-06
2026-09-15T03:59:34.401Z     optim/LR (group 1)=3.47E-06
2026-09-15T03:59:34.401Z     optim/step skipped=0.0
2026-09-15T03:59:34.401Z     optim/total grad norm=12.40
2026-09-15T03:59:34.401Z     throughput/chinchilla multiple=3.12E-05
2026-09-15T03:59:34.401Z     throughput/device/BPS=0.0664
2026-09-15T03:59:34.401Z     throughput/device/BPS (actual avg)=0.0664
2026-09-15T03:59:34.401Z     throughput/device/MFU=31.93
2026-09-15T03:59:34.401Z     throughput/device/MFU (actual avg)=31.94
2026-09-15T03:59:34.401Z     throughput/device/TPS=4,350
2026-09-15T03:59:34.401Z     throughput/device/TPS (actual avg)=4,351
2026-09-15T03:59:34.401Z     throughput/device/flopsPS=99.63T
2026-09-15T03:59:34.401Z     throughput/device/flopsPS (actual avg)=99.65T
2026-09-15T03:59:34.401Z     throughput/total petaflops=60.03
2026-09-15T03:59:34.401Z     throughput/total tokens=2,621,440
2026-09-15T03:59:34.401Z     train/CE loss=0.0937
2026-09-15T03:59:34.401Z     throughput/device/data loading (%)=0.0115
2026-09-15T03:59:34.401Z     throughput/device/data loading (s)=0.0017
2026-09-15T03:59:34.401Z     train/PPL=1.098
2026-09-15T03:59:49.454Z [2;36m[2026-09-15 03:59:49][0m [34mINFO    [0m [2m[olmo_core.train.callbacks.console_logger:68, c666d7a1480d, rank=0][0m [step=21/61,epoch=1,eta=10m]
2026-09-15T03:59:49.454Z     gpu_memory/GPU active mem (%)=78.46
2026-09-15T03:59:49.454Z     gpu_memory/GPU active mem (GiB)=62.18
2026-09-15T03:59:49.454Z     gpu_memory/GPU reserved mem (%)=83.74
2026-09-15T03:59:49.454Z     gpu_memory/GPU reserved mem (GiB)=66.36
2026-09-15T03:59:49.454Z     optim/LR (group 0)=3.39E-06
2026-09-15T03:59:49.454Z     optim/LR (group 1)=3.39E-06
2026-09-15T03:59:49.454Z     optim/step skipped=0.0
2026-09-15T03:59:49.454Z     optim/total grad norm=8.098
2026-09-15T03:59:49.454Z     throughput/chinchilla multiple=3.27E-05
2026-09-15T03:59:49.454Z     throughput/device/BPS=0.0664
2026-09-15T03:59:49.454Z     throughput/device/BPS (actual avg)=0.0664
2026-09-15T03:59:49.454Z     throughput/device/MFU=31.95
2026-09-15T03:59:49.454Z     throughput/device/MFU (actual avg)=31.94
2026-09-15T03:59:49.454Z     throughput/device/TPS=4,353
2026-09-15T03:59:49.454Z     throughput/device/TPS (actual avg)=4,351
2026-09-15T03:59:49.454Z     throughput/device/flopsPS=99.68T
2026-09-15T03:59:49.454Z     throughput/device/flopsPS (actual avg)=99.65T
2026-09-15T03:59:49.454Z     throughput/total petaflops=63.03
2026-09-15T03:59:49.454Z     throughput/total tokens=2,752,512
2026-09-15T03:59:49.454Z     train/CE loss=0.0730
2026-09-15T03:59:49.454Z     throughput/device/data loading (%)=0.0115
2026-09-15T03:59:49.454Z     throughput/device/data loading (s)=0.0017
2026-09-15T03:59:49.454Z     train/PPL=1.076
2026-09-15T04:00:04.526Z [2;36m[2026-09-15 04:00:04][0m [34mINFO    [0m [2m[olmo_core.train.callbacks.console_logger:68, c666d7a1480d, rank=0][0m [step=22/61,epoch=1,eta=10m]
2026-09-15T04:00:04.526Z     gpu_memory/GPU active mem (%)=78.46
2026-09-15T04:00:04.526Z     gpu_memory/GPU active mem (GiB)=62.18
2026-09-15T04:00:04.526Z     gpu_memory/GPU reserved mem (%)=83.74
2026-09-15T04:00:04.526Z     gpu_memory/GPU reserved mem (GiB)=66.36
2026-09-15T04:00:04.526Z     optim/LR (group 0)=3.31E-06
2026-09-15T04:00:04.526Z     optim/LR (group 1)=3.31E-06
2026-09-15T04:00:04.526Z     optim/step skipped=0.0
2026-09-15T04:00:04.526Z     optim/total grad norm=7.058
2026-09-15T04:00:04.526Z     throughput/chinchilla multiple=3.43E-05
2026-09-15T04:00:04.526Z     throughput/device/BPS=0.0663
2026-09-15T04:00:04.526Z     throughput/device/BPS (actual avg)=0.0664
2026-09-15T04:00:04.526Z     throughput/device/MFU=31.91
2026-09-15T04:00:04.526Z     throughput/device/MFU (actual avg)=31.94
2026-09-15T04:00:04.526Z     throughput/device/TPS=4,348
2026-09-15T04:00:04.526Z     throughput/device/TPS (actual avg)=4,351
2026-09-15T04:00:04.526Z     throughput/device/flopsPS=99.57T
2026-09-15T04:00:04.526Z     throughput/device/flopsPS (actual avg)=99.65T
2026-09-15T04:00:04.526Z     throughput/total petaflops=66.03
2026-09-15T04:00:04.526Z     throughput/total tokens=2,883,584
2026-09-15T04:00:04.526Z     train/CE loss=0.0530
2026-09-15T04:00:04.526Z     throughput/device/data loading (%)=0.0093
2026-09-15T04:00:04.526Z     throughput/device/data loading (s)=0.0014
2026-09-15T04:00:04.526Z     train/PPL=1.054
2026-09-15T04:00:19.586Z [2;36m[2026-09-15 04:00:19][0m [34mINFO    [0m [2m[olmo_core.train.callbacks.console_logger:68, c666d7a1480d, rank=0][0m [step=23/61,epoch=1,eta=10m]
2026-09-15T04:00:19.586Z     gpu_memory/GPU active mem (%)=78.46
2026-09-15T04:00:19.586Z     gpu_memory/GPU active mem (GiB)=62.18
2026-09-15T04:00:19.586Z     gpu_memory/GPU reserved mem (%)=83.74
2026-09-15T04:00:19.586Z     gpu_memory/GPU reserved mem (GiB)=66.36
2026-09-15T04:00:19.586Z     optim/LR (group 0)=3.22E-06
2026-09-15T04:00:19.586Z     optim/LR (group 1)=3.22E-06
2026-09-15T04:00:19.586Z     optim/step skipped=0.0
2026-09-15T04:00:19.586Z     optim/total grad norm=5.680
2026-09-15T04:00:19.586Z     throughput/chinchilla multiple=3.58E-05
2026-09-15T04:00:19.586Z     throughput/device/BPS=0.0664
2026-09-15T04:00:19.586Z     throughput/device/BPS (actual avg)=0.0664
2026-09-15T04:00:19.586Z     throughput/device/MFU=31.94
2026-09-15T04:00:19.586Z     throughput/device/MFU (actual avg)=31.94
2026-09-15T04:00:19.586Z     throughput/device/TPS=4,351
2026-09-15T04:00:19.586Z     throughput/device/TPS (actual avg)=4,351
2026-09-15T04:00:19.586Z     throughput/device/flopsPS=99.65T
2026-09-15T04:00:19.586Z     throughput/device/flopsPS (actual avg)=99.65T
2026-09-15T04:00:19.586Z     throughput/total petaflops=69.03
2026-09-15T04:00:19.586Z     throughput/total tokens=3,014,656
2026-09-15T04:00:19.586Z     train/CE loss=0.0448
2026-09-15T04:00:19.586Z     throughput/device/data loading (%)=0.0093
2026-09-15T04:00:19.586Z     throughput/device/data loading (s)=0.0014
2026-09-15T04:00:19.586Z     train/PPL=1.046
2026-09-15T04:00:34.663Z [2;36m[2026-09-15 04:00:34][0m [34mINFO    [0m [2m[olmo_core.train.callbacks.console_logger:68, c666d7a1480d, rank=0][0m [step=24/61,epoch=1,eta=10m]
2026-09-15T04:00:34.663Z     gpu_memory/GPU active mem (%)=78.46
2026-09-15T04:00:34.663Z     gpu_memory/GPU active mem (GiB)=62.18
2026-09-15T04:00:34.663Z     gpu_memory/GPU reserved mem (%)=83.74
2026-09-15T04:00:34.664Z     gpu_memory/GPU reserved mem (GiB)=66.36
2026-09-15T04:00:34.664Z     optim/LR (group 0)=3.14E-06
2026-09-15T04:00:34.664Z     optim/LR (group 1)=3.14E-06
2026-09-15T04:00:34.664Z     optim/step skipped=0.0
2026-09-15T04:00:34.664Z     optim/total grad norm=6.021
2026-09-15T04:00:34.664Z     throughput/chinchilla multiple=3.74E-05
2026-09-15T04:00:34.664Z     throughput/device/BPS=0.0663
2026-09-15T04:00:34.664Z     throughput/device/BPS (actual avg)=0.0664
2026-09-15T04:00:34.664Z     throughput/device/MFU=31.90
2026-09-15T04:00:34.664Z     throughput/device/MFU (actual avg)=31.94
2026-09-15T04:00:34.664Z     throughput/device/TPS=4,346
2026-09-15T04:00:34.664Z     throughput/device/TPS (actual avg)=4,351
2026-09-15T04:00:34.664Z     throughput/device/flopsPS=99.53T
2026-09-15T04:00:34.664Z     throughput/device/flopsPS (actual avg)=99.65T
2026-09-15T04:00:34.664Z     throughput/total petaflops=72.04
2026-09-15T04:00:34.664Z     throughput/total tokens=3,145,728
2026-09-15T04:00:34.664Z     train/CE loss=0.0593
2026-09-15T04:00:34.664Z     throughput/device/data loading (%)=0.0113
2026-09-15T04:00:34.664Z     throughput/device/data loading (s)=0.0017
2026-09-15T04:00:34.664Z     train/PPL=1.061
2026-09-15T04:00:49.726Z [2;36m[2026-09-15 04:00:49][0m [34mINFO    [0m [2m[olmo_core.train.callbacks.console_logger:68, c666d7a1480d, rank=0][0m [step=25/61,epoch=1,eta=9m]
2026-09-15T04:00:49.726Z     gpu_memory/GPU active mem (%)=78.46
2026-09-15T04:00:49.726Z     gpu_memory/GPU active mem (GiB)=62.18
2026-09-15T04:00:49.726Z     gpu_memory/GPU reserved mem (%)=83.74
2026-09-15T04:00:49.726Z     gpu_memory/GPU reserved mem (GiB)=66.36
2026-09-15T04:00:49.726Z     optim/LR (group 0)=3.05E-06
2026-09-15T04:00:49.726Z     optim/LR (group 1)=3.05E-06
2026-09-15T04:00:49.726Z     optim/step skipped=0.0
2026-09-15T04:00:49.726Z     optim/total grad norm=9.853
2026-09-15T04:00:49.726Z     throughput/chinchilla multiple=3.90E-05
2026-09-15T04:00:49.726Z     throughput/device/BPS=0.0664
2026-09-15T04:00:49.726Z     throughput/device/BPS (actual avg)=0.0664
2026-09-15T04:00:49.726Z     throughput/device/MFU=31.94
2026-09-15T04:00:49.726Z     throughput/device/MFU (actual avg)=31.94
2026-09-15T04:00:49.726Z     throughput/device/TPS=4,351
2026-09-15T04:00:49.726Z     throughput/device/TPS (actual avg)=4,351
2026-09-15T04:00:49.726Z     throughput/device/flopsPS=99.64T
2026-09-15T04:00:49.726Z     throughput/device/flopsPS (actual avg)=99.65T
2026-09-15T04:00:49.726Z     throughput/total petaflops=75.04
2026-09-15T04:00:49.726Z     throughput/total tokens=3,276,800
2026-09-15T04:00:49.726Z     train/CE loss=0.0621
2026-09-15T04:00:49.726Z     throughput/device/data loading (%)=0.0107
2026-09-15T04:00:49.726Z     throughput/device/data loading (s)=0.0016
2026-09-15T04:00:49.726Z     train/PPL=1.064
2026-09-15T04:01:04.794Z [2;36m[2026-09-15 04:01:04][0m [34mINFO    [0m [2m[olmo_core.train.callbacks.console_logger:68, c666d7a1480d, rank=0][0m [step=26/61,epoch=1,eta=9m]
2026-09-15T04:01:04.794Z     gpu_memory/GPU active mem (%)=78.46
2026-09-15T04:01:04.794Z     gpu_memory/GPU active mem (GiB)=62.18
2026-09-15T04:01:04.794Z     gpu_memory/GPU reserved mem (%)=83.74
2026-09-15T04:01:04.794Z     gpu_memory/GPU reserved mem (GiB)=66.36
2026-09-15T04:01:04.794Z     optim/LR (group 0)=2.97E-06
2026-09-15T04:01:04.794Z     optim/LR (group 1)=2.97E-06
2026-09-15T04:01:04.794Z     optim/step skipped=0.0
2026-09-15T04:01:04.794Z     optim/total grad norm=5.496
2026-09-15T04:01:04.794Z     throughput/chinchilla multiple=4.05E-05
2026-09-15T04:01:04.794Z     throughput/device/BPS=0.0664
2026-09-15T04:01:04.794Z     throughput/device/BPS (actual avg)=0.0664
2026-09-15T04:01:04.794Z     throughput/device/MFU=31.92
2026-09-15T04:01:04.794Z     throughput/device/MFU (actual avg)=31.94
2026-09-15T04:01:04.794Z     throughput/device/TPS=4,349
2026-09-15T04:01:04.794Z     throughput/device/TPS (actual avg)=4,351
2026-09-15T04:01:04.794Z     throughput/device/flopsPS=99.59T
2026-09-15T04:01:04.794Z     throughput/device/flopsPS (actual avg)=99.64T
2026-09-15T04:01:04.794Z     throughput/total petaflops=78.04
2026-09-15T04:01:04.794Z     throughput/total tokens=3,407,872
2026-09-15T04:01:04.794Z     train/CE loss=0.0591
2026-09-15T04:01:04.794Z     throughput/device/data loading (%)=0.0115
2026-09-15T04:01:04.794Z     throughput/device/data loading (s)=0.0017
2026-09-15T04:01:04.794Z     train/PPL=1.061
2026-09-15T04:01:19.855Z [2;36m[2026-09-15 04:01:19][0m [34mINFO    [0m [2m[olmo_core.train.callbacks.console_logger:68, c666d7a1480d, rank=0][0m [step=27/61,epoch=1,eta=9m]
2026-09-15T04:01:19.855Z     gpu_memory/GPU active mem (%)=78.46
2026-09-15T04:01:19.855Z     gpu_memory/GPU active mem (GiB)=62.18
2026-09-15T04:01:19.855Z     gpu_memory/GPU reserved mem (%)=83.74
2026-09-15T04:01:19.855Z     gpu_memory/GPU reserved mem (GiB)=66.36
2026-09-15T04:01:19.855Z     optim/LR (group 0)=2.88E-06
2026-09-15T04:01:19.855Z     optim/LR (group 1)=2.88E-06
2026-09-15T04:01:19.855Z     optim/step skipped=0.0
2026-09-15T04:01:19.855Z     optim/total grad norm=5.082
2026-09-15T04:01:19.855Z     throughput/chinchilla multiple=4.21E-05
2026-09-15T04:01:19.855Z     throughput/device/BPS=0.0664
2026-09-15T04:01:19.855Z     throughput/device/BPS (actual avg)=0.0664
2026-09-15T04:01:19.855Z     throughput/device/MFU=31.94
2026-09-15T04:01:19.855Z     throughput/device/MFU (actual avg)=31.94
2026-09-15T04:01:19.855Z     throughput/device/TPS=4,351
2026-09-15T04:01:19.855Z     throughput/device/TPS (actual avg)=4,351
2026-09-15T04:01:19.855Z     throughput/device/flopsPS=99.64T
2026-09-15T04:01:19.855Z     throughput/device/flopsPS (actual avg)=99.64T
2026-09-15T04:01:19.855Z     throughput/total petaflops=81.04
2026-09-15T04:01:19.855Z     throughput/total tokens=3,538,944
2026-09-15T04:01:19.855Z     train/CE loss=0.0530
2026-09-15T04:01:19.855Z     throughput/device/data loading (%)=0.0143
2026-09-15T04:01:19.855Z     throughput/device/data loading (s)=0.0022
2026-09-15T04:01:19.855Z     train/PPL=1.054
2026-09-15T04:01:34.920Z [2;36m[2026-09-15 04:01:34][0m [34mINFO    [0m [2m[olmo_core.train.callbacks.console_logger:68, c666d7a1480d, rank=0][0m [step=28/61,epoch=1,eta=9m]
2026-09-15T04:01:34.920Z     gpu_memory/GPU active mem (%)=78.46
2026-09-15T04:01:34.920Z     gpu_memory/GPU active mem (GiB)=62.18
2026-09-15T04:01:34.920Z     gpu_memory/GPU reserved mem (%)=83.74
2026-09-15T04:01:34.920Z     gpu_memory/GPU reserved mem (GiB)=66.36
2026-09-15T04:01:34.920Z     optim/LR (group 0)=2.80E-06
2026-09-15T04:01:34.920Z     optim/LR (group 1)=2.80E-06
2026-09-15T04:01:34.920Z     optim/step skipped=0.0
2026-09-15T04:01:34.920Z     optim/total grad norm=9.783
2026-09-15T04:01:34.920Z     throughput/chinchilla multiple=4.36E-05
2026-09-15T04:01:34.920Z     throughput/device/BPS=0.0664
2026-09-15T04:01:34.920Z     throughput/device/BPS (actual avg)=0.0664
2026-09-15T04:01:34.920Z     throughput/device/MFU=31.93
2026-09-15T04:01:34.920Z     throughput/device/MFU (actual avg)=31.94
2026-09-15T04:01:34.920Z     throughput/device/TPS=4,350
2026-09-15T04:01:34.920Z     throughput/device/TPS (actual avg)=4,351
2026-09-15T04:01:34.920Z     throughput/device/flopsPS=99.62T
2026-09-15T04:01:34.920Z     throughput/device/flopsPS (actual avg)=99.64T
2026-09-15T04:01:34.920Z     throughput/total petaflops=84.04
2026-09-15T04:01:34.920Z     throughput/total tokens=3,670,016
2026-09-15T04:01:34.921Z     train/CE loss=0.0658
2026-09-15T04:01:34.921Z     throughput/device/data loading (%)=0.0133
2026-09-15T04:01:34.921Z     throughput/device/data loading (s)=0.0020
2026-09-15T04:01:34.921Z     train/PPL=1.068
2026-09-15T04:01:49.983Z [2;36m[2026-09-15 04:01:49][0m [34mINFO    [0m [2m[olmo_core.train.callbacks.console_logger:68, c666d7a1480d, rank=0][0m [step=29/61,epoch=1,eta=8m]
2026-09-15T04:01:49.983Z     gpu_memory/GPU active mem (%)=78.46
2026-09-15T04:01:49.983Z     gpu_memory/GPU active mem (GiB)=62.18
2026-09-15T04:01:49.983Z     gpu_memory/GPU reserved mem (%)=83.74
2026-09-15T04:01:49.983Z     gpu_memory/GPU reserved mem (GiB)=66.36
2026-09-15T04:01:49.983Z     optim/LR (group 0)=2.71E-06
2026-09-15T04:01:49.983Z     optim/LR (group 1)=2.71E-06
2026-09-15T04:01:49.983Z     optim/step skipped=0.0
2026-09-15T04:01:49.983Z     optim/total grad norm=4.812
2026-09-15T04:01:49.983Z     throughput/chinchilla multiple=4.52E-05
2026-09-15T04:01:49.983Z     throughput/device/BPS=0.0664
2026-09-15T04:01:49.983Z     throughput/device/BPS (actual avg)=0.0664
2026-09-15T04:01:49.983Z     throughput/device/MFU=31.93
2026-09-15T04:01:49.983Z     throughput/device/MFU (actual avg)=31.94
2026-09-15T04:01:49.983Z     throughput/device/TPS=4,350
2026-09-15T04:01:49.983Z     throughput/device/TPS (actual avg)=4,351
2026-09-15T04:01:49.983Z     throughput/device/flopsPS=99.63T
2026-09-15T04:01:49.983Z     throughput/device/flopsPS (actual avg)=99.64T
2026-09-15T04:01:49.983Z     throughput/total petaflops=87.04
2026-09-15T04:01:49.983Z     throughput/total tokens=3,801,088
2026-09-15T04:01:49.983Z     train/CE loss=0.0592
2026-09-15T04:01:49.983Z     throughput/device/data loading (%)=0.0095
2026-09-15T04:01:49.983Z     throughput/device/data loading (s)=0.0014
2026-09-15T04:01:49.983Z     train/PPL=1.061
2026-09-15T04:02:05.054Z [2;36m[2026-09-15 04:02:05][0m [34mINFO    [0m [2m[olmo_core.train.callbacks.console_logger:68, c666d7a1480d, rank=0][0m [step=30/61,epoch=1,eta=8m]
2026-09-15T04:02:05.054Z     gpu_memory/GPU active mem (%)=78.46
2026-09-15T04:02:05.054Z     gpu_memory/GPU active mem (GiB)=62.18
2026-09-15T04:02:05.054Z     gpu_memory/GPU reserved mem (%)=83.74
2026-09-15T04:02:05.054Z     gpu_memory/GPU reserved mem (GiB)=66.36
2026-09-15T04:02:05.054Z     optim/LR (group 0)=2.63E-06
2026-09-15T04:02:05.054Z     optim/LR (group 1)=2.63E-06
2026-09-15T04:02:05.054Z     optim/step skipped=0.0
2026-09-15T04:02:05.054Z     optim/total grad norm=2.289
2026-09-15T04:02:05.054Z     throughput/chinchilla multiple=4.67E-05
2026-09-15T04:02:05.054Z     throughput/device/BPS=0.0664
2026-09-15T04:02:05.054Z     throughput/device/BPS (actual avg)=0.0664
2026-09-15T04:02:05.054Z     throughput/device/MFU=31.92
2026-09-15T04:02:05.054Z     throughput/device/MFU (actual avg)=31.94
2026-09-15T04:02:05.054Z     throughput/device/TPS=4,348
2026-09-15T04:02:05.054Z     throughput/device/TPS (actual avg)=4,351
2026-09-15T04:02:05.054Z     throughput/device/flopsPS=99.58T
2026-09-15T04:02:05.054Z     throughput/device/flopsPS (actual avg)=99.64T
2026-09-15T04:02:05.054Z     throughput/total petaflops=90.04
2026-09-15T04:02:05.054Z     throughput/total tokens=3,932,160
2026-09-15T04:02:05.054Z     train/CE loss=0.0351
2026-09-15T04:02:05.054Z     throughput/device/data loading (%)=0.0097
2026-09-15T04:02:05.054Z     throughput/device/data loading (s)=0.0015
2026-09-15T04:02:05.054Z     train/PPL=1.036
2026-09-15T04:02:20.134Z [2;36m[2026-09-15 04:02:20][0m [34mINFO    [0m [2m[olmo_core.train.callbacks.console_logger:68, c666d7a1480d, rank=0][0m [step=31/61,epoch=1,eta=8m]
2026-09-15T04:02:20.134Z     gpu_memory/GPU active mem (%)=78.46
2026-09-15T04:02:20.134Z     gpu_memory/GPU active mem (GiB)=62.18
2026-09-15T04:02:20.134Z     gpu_memory/GPU reserved mem (%)=83.74
2026-09-15T04:02:20.134Z     gpu_memory/GPU reserved mem (GiB)=66.36
2026-09-15T04:02:20.134Z     optim/LR (group 0)=2.54E-06
2026-09-15T04:02:20.134Z     optim/LR (group 1)=2.54E-06
2026-09-15T04:02:20.134Z     optim/step skipped=0.0
2026-09-15T04:02:20.134Z     optim/total grad norm=4.508
2026-09-15T04:02:20.134Z     throughput/chinchilla multiple=4.83E-05
2026-09-15T04:02:20.134Z     throughput/device/BPS=0.0663
2026-09-15T04:02:20.134Z     throughput/device/BPS (actual avg)=0.0664
2026-09-15T04:02:20.134Z     throughput/device/MFU=31.90
2026-09-15T04:02:20.134Z     throughput/device/MFU (actual avg)=31.93
2026-09-15T04:02:20.134Z     throughput/device/TPS=4,345
2026-09-15T04:02:20.134Z     throughput/device/TPS (actual avg)=4,351
2026-09-15T04:02:20.134Z     throughput/device/flopsPS=99.51T
2026-09-15T04:02:20.134Z     throughput/device/flopsPS (actual avg)=99.64T
2026-09-15T04:02:20.134Z     throughput/total petaflops=93.05
2026-09-15T04:02:20.134Z     throughput/total tokens=4,063,232
2026-09-15T04:02:20.134Z     train/CE loss=0.0429
2026-09-15T04:02:20.134Z     throughput/device/data loading (%)=0.0109
2026-09-15T04:02:20.134Z     throughput/device/data loading (s)=0.0016
2026-09-15T04:02:20.134Z     train/PPL=1.044
2026-09-15T04:02:35.208Z [2;36m[2026-09-15 04:02:35][0m [34mINFO    [0m [2m[olmo_core.train.callbacks.console_logger:68, c666d7a1480d, rank=0][0m [step=32/61,epoch=1,eta=8m]
2026-09-15T04:02:35.208Z     gpu_memory/GPU active mem (%)=78.46
2026-09-15T04:02:35.208Z     gpu_memory/GPU active mem (GiB)=62.18
2026-09-15T04:02:35.208Z     gpu_memory/GPU reserved mem (%)=83.74
2026-09-15T04:02:35.208Z     gpu_memory/GPU reserved mem (GiB)=66.36
2026-09-15T04:02:35.208Z     optim/LR (group 0)=2.46E-06
2026-09-15T04:02:35.208Z     optim/LR (group 1)=2.46E-06
2026-09-15T04:02:35.208Z     optim/step skipped=0.0
2026-09-15T04:02:35.208Z     optim/total grad norm=2.902
2026-09-15T04:02:35.208Z     throughput/chinchilla multiple=4.99E-05
2026-09-15T04:02:35.208Z     throughput/device/BPS=0.0663
2026-09-15T04:02:35.208Z     throughput/device/BPS (actual avg)=0.0664
2026-09-15T04:02:35.208Z     throughput/device/MFU=31.91
2026-09-15T04:02:35.208Z     throughput/device/MFU (actual avg)=31.93
2026-09-15T04:02:35.208Z     throughput/device/TPS=4,347
2026-09-15T04:02:35.208Z     throughput/device/TPS (actual avg)=4,350
2026-09-15T04:02:35.208Z     throughput/device/flopsPS=99.56T
2026-09-15T04:02:35.208Z     throughput/device/flopsPS (actual avg)=99.63T
2026-09-15T04:02:35.208Z     throughput/total petaflops=96.05
2026-09-15T04:02:35.208Z     throughput/total tokens=4,194,304
2026-09-15T04:02:35.208Z     train/CE loss=0.0374
2026-09-15T04:02:35.208Z     throughput/device/data loading (%)=0.0116
2026-09-15T04:02:35.208Z     throughput/device/data loading (s)=0.0017
2026-09-15T04:02:35.208Z     train/PPL=1.038
2026-09-15T04:02:50.270Z [2;36m[2026-09-15 04:02:50][0m [34mINFO    [0m [2m[olmo_core.train.callbacks.console_logger:68, c666d7a1480d, rank=0][0m [step=33/61,epoch=1,eta=7m]
2026-09-15T04:02:50.270Z     gpu_memory/GPU active mem (%)=78.46
2026-09-15T04:02:50.270Z     gpu_memory/GPU active mem (GiB)=62.18
2026-09-15T04:02:50.270Z     gpu_memory/GPU reserved mem (%)=83.74
2026-09-15T04:02:50.270Z     gpu_memory/GPU reserved mem (GiB)=66.36
2026-09-15T04:02:50.270Z     optim/LR (group 0)=2.37E-06
2026-09-15T04:02:50.270Z     optim/LR (group 1)=2.37E-06
2026-09-15T04:02:50.270Z     optim/step skipped=0.0
2026-09-15T04:02:50.270Z     optim/total grad norm=5.583
2026-09-15T04:02:50.270Z     throughput/chinchilla multiple=5.14E-05
2026-09-15T04:02:50.270Z     throughput/device/BPS=0.0664
2026-09-15T04:02:50.270Z     throughput/device/BPS (actual avg)=0.0664
2026-09-15T04:02:50.270Z     throughput/device/MFU=31.93
2026-09-15T04:02:50.270Z     throughput/device/MFU (actual avg)=31.93
2026-09-15T04:02:50.270Z     throughput/device/TPS=4,350
2026-09-15T04:02:50.270Z     throughput/device/TPS (actual avg)=4,350
2026-09-15T04:02:50.270Z     throughput/device/flopsPS=99.63T
2026-09-15T04:02:50.270Z     throughput/device/flopsPS (actual avg)=99.63T
2026-09-15T04:02:50.270Z     throughput/total petaflops=99.05
2026-09-15T04:02:50.270Z     throughput/total tokens=4,325,376
2026-09-15T04:02:50.270Z     train/CE loss=0.0415
2026-09-15T04:02:50.270Z     throughput/device/data loading (%)=0.0087
2026-09-15T04:02:50.270Z     throughput/device/data loading (s)=0.0013
2026-09-15T04:02:50.270Z     train/PPL=1.042
2026-09-15T04:03:05.342Z [2;36m[2026-09-15 04:03:05][0m [34mINFO    [0m [2m[olmo_core.train.callbacks.console_logger:68, c666d7a1480d, rank=0][0m [step=34/61,epoch=1,eta=7m]
2026-09-15T04:03:05.342Z     gpu_memory/GPU active mem (%)=78.46
2026-09-15T04:03:05.342Z     gpu_memory/GPU active mem (GiB)=62.18
2026-09-15T04:03:05.342Z     gpu_memory/GPU reserved mem (%)=83.74
2026-09-15T04:03:05.342Z     gpu_memory/GPU reserved mem (GiB)=66.36
2026-09-15T04:03:05.342Z     optim/LR (group 0)=2.29E-06
2026-09-15T04:03:05.342Z     optim/LR (group 1)=2.29E-06
2026-09-15T04:03:05.342Z     optim/step skipped=0.0
2026-09-15T04:03:05.342Z     optim/total grad norm=11.92
2026-09-15T04:03:05.342Z     throughput/chinchilla multiple=5.30E-05
2026-09-15T04:03:05.342Z     throughput/device/BPS=0.0664
2026-09-15T04:03:05.342Z     throughput/device/BPS (actual avg)=0.0664
2026-09-15T04:03:05.342Z     throughput/device/MFU=31.92
2026-09-15T04:03:05.342Z     throughput/device/MFU (actual avg)=31.93
2026-09-15T04:03:05.342Z     throughput/device/TPS=4,348
2026-09-15T04:03:05.342Z     throughput/device/TPS (actual avg)=4,350
2026-09-15T04:03:05.342Z     throughput/device/flopsPS=99.58T
2026-09-15T04:03:05.342Z     throughput/device/flopsPS (actual avg)=99.63T
2026-09-15T04:03:05.342Z     throughput/total petaflops=102.0
2026-09-15T04:03:05.342Z     throughput/total tokens=4,456,448
2026-09-15T04:03:05.342Z     train/CE loss=0.0426
2026-09-15T04:03:05.342Z     throughput/device/data loading (%)=0.0110
2026-09-15T04:03:05.342Z     throughput/device/data loading (s)=0.0017
2026-09-15T04:03:05.342Z     train/PPL=1.044
2026-09-15T04:03:20.404Z [2;36m[2026-09-15 04:03:20][0m [34mINFO    [0m [2m[olmo_core.train.callbacks.console_logger:68, c666d7a1480d, rank=0][0m [step=35/61,epoch=1,eta=7m]
2026-09-15T04:03:20.404Z     gpu_memory/GPU active mem (%)=78.46
2026-09-15T04:03:20.404Z     gpu_memory/GPU active mem (GiB)=62.18
2026-09-15T04:03:20.404Z     gpu_memory/GPU reserved mem (%)=83.74
2026-09-15T04:03:20.404Z     gpu_memory/GPU reserved mem (GiB)=66.36
2026-09-15T04:03:20.404Z     optim/LR (group 0)=2.20E-06
2026-09-15T04:03:20.404Z     optim/LR (group 1)=2.20E-06
2026-09-15T04:03:20.404Z     optim/step skipped=0.0
2026-09-15T04:03:20.404Z     optim/total grad norm=5.364
2026-09-15T04:03:20.404Z     throughput/chinchilla multiple=5.45E-05
2026-09-15T04:03:20.404Z     throughput/device/BPS=0.0664
2026-09-15T04:03:20.404Z     throughput/device/BPS (actual avg)=0.0664
2026-09-15T04:03:20.404Z     throughput/device/MFU=31.93
2026-09-15T04:03:20.404Z     throughput/device/MFU (actual avg)=31.93
2026-09-15T04:03:20.404Z     throughput/device/TPS=4,350
2026-09-15T04:03:20.404Z     throughput/device/TPS (actual avg)=4,350
2026-09-15T04:03:20.404Z     throughput/device/flopsPS=99.63T
2026-09-15T04:03:20.404Z     throughput/device/flopsPS (actual avg)=99.63T
2026-09-15T04:03:20.404Z     throughput/total petaflops=105.1
2026-09-15T04:03:20.404Z     throughput/total tokens=4,587,520
2026-09-15T04:03:20.404Z     train/CE loss=0.0503
2026-09-15T04:03:20.404Z     throughput/device/data loading (%)=0.0105
2026-09-15T04:03:20.404Z     throughput/device/data loading (s)=0.0016
2026-09-15T04:03:20.404Z     train/PPL=1.052
2026-09-15T04:03:35.465Z [2;36m[2026-09-15 04:03:35][0m [34mINFO    [0m [2m[olmo_core.train.callbacks.console_logger:68, c666d7a1480d, rank=0][0m [step=36/61,epoch=1,eta=7m]
2026-09-15T04:03:35.465Z     gpu_memory/GPU active mem (%)=78.46
2026-09-15T04:03:35.465Z     gpu_memory/GPU active mem (GiB)=62.18
2026-09-15T04:03:35.465Z     gpu_memory/GPU reserved mem (%)=83.74
2026-09-15T04:03:35.465Z     gpu_memory/GPU reserved mem (GiB)=66.36
2026-09-15T04:03:35.465Z     optim/LR (group 0)=2.12E-06
2026-09-15T04:03:35.465Z     optim/LR (group 1)=2.12E-06
2026-09-15T04:03:35.465Z     optim/step skipped=0.0
2026-09-15T04:03:35.465Z     optim/total grad norm=3.294
2026-09-15T04:03:35.465Z     throughput/chinchilla multiple=5.61E-05
2026-09-15T04:03:35.465Z     throughput/device/BPS=0.0664
2026-09-15T04:03:35.465Z     throughput/device/BPS (actual avg)=0.0664
2026-09-15T04:03:35.465Z     throughput/device/MFU=31.94
2026-09-15T04:03:35.465Z     throughput/device/MFU (actual avg)=31.93
2026-09-15T04:03:35.465Z     throughput/device/TPS=4,351
2026-09-15T04:03:35.465Z     throughput/device/TPS (actual avg)=4,350
2026-09-15T04:03:35.465Z     throughput/device/flopsPS=99.64T
2026-09-15T04:03:35.465Z     throughput/device/flopsPS (actual avg)=99.63T
2026-09-15T04:03:35.465Z     throughput/total petaflops=108.1
2026-09-15T04:03:35.465Z     throughput/total tokens=4,718,592
2026-09-15T04:03:35.465Z     train/CE loss=0.0319
2026-09-15T04:03:35.465Z     throughput/device/data loading (%)=0.0127
2026-09-15T04:03:35.465Z     throughput/device/data loading (s)=0.0019
2026-09-15T04:03:35.465Z     train/PPL=1.032
2026-09-15T04:03:50.535Z [2;36m[2026-09-15 04:03:50][0m [34mINFO    [0m [2m[olmo_core.train.callbacks.console_logger:68, c666d7a1480d, rank=0][0m [step=37/61,epoch=1,eta=6m]
2026-09-15T04:03:50.535Z     gpu_memory/GPU active mem (%)=78.46
2026-09-15T04:03:50.535Z     gpu_memory/GPU active mem (GiB)=62.18
2026-09-15T04:03:50.535Z     gpu_memory/GPU reserved mem (%)=83.74
2026-09-15T04:03:50.535Z     gpu_memory/GPU reserved mem (GiB)=66.36
2026-09-15T04:03:50.535Z     optim/LR (group 0)=2.03E-06
2026-09-15T04:03:50.535Z     optim/LR (group 1)=2.03E-06
2026-09-15T04:03:50.535Z     optim/step skipped=0.0
2026-09-15T04:03:50.535Z     optim/total grad norm=1.943
2026-09-15T04:03:50.535Z     throughput/chinchilla multiple=5.77E-05
2026-09-15T04:03:50.535Z     throughput/device/BPS=0.0664
2026-09-15T04:03:50.535Z     throughput/device/BPS (actual avg)=0.0664
2026-09-15T04:03:50.535Z     throughput/device/MFU=31.92
2026-09-15T04:03:50.535Z     throughput/device/MFU (actual avg)=31.93
2026-09-15T04:03:50.535Z     throughput/device/TPS=4,348
2026-09-15T04:03:50.535Z     throughput/device/TPS (actual avg)=4,350
2026-09-15T04:03:50.535Z     throughput/device/flopsPS=99.58T
2026-09-15T04:03:50.535Z     throughput/device/flopsPS (actual avg)=99.63T
2026-09-15T04:03:50.535Z     throughput/total petaflops=111.1
2026-09-15T04:03:50.535Z     throughput/total tokens=4,849,664
2026-09-15T04:03:50.535Z     train/CE loss=0.0260
2026-09-15T04:03:50.535Z     throughput/device/data loading (%)=0.0119
2026-09-15T04:03:50.535Z     throughput/device/data loading (s)=0.0018
2026-09-15T04:03:50.535Z     train/PPL=1.026
2026-09-15T04:04:05.588Z [2;36m[2026-09-15 04:04:05][0m [34mINFO    [0m [2m[olmo_core.train.callbacks.console_logger:68, c666d7a1480d, rank=0][0m [step=38/61,epoch=1,eta=6m]
2026-09-15T04:04:05.588Z     gpu_memory/GPU active mem (%)=78.46
2026-09-15T04:04:05.588Z     gpu_memory/GPU active mem (GiB)=62.18
2026-09-15T04:04:05.588Z     gpu_memory/GPU reserved mem (%)=83.74
2026-09-15T04:04:05.588Z     gpu_memory/GPU reserved mem (GiB)=66.36
2026-09-15T04:04:05.588Z     optim/LR (group 0)=1.95E-06
2026-09-15T04:04:05.588Z     optim/LR (group 1)=1.95E-06
2026-09-15T04:04:05.588Z     optim/step skipped=0.0
2026-09-15T04:04:05.588Z     optim/total grad norm=2.231
2026-09-15T04:04:05.588Z     throughput/chinchilla multiple=5.92E-05
2026-09-15T04:04:05.588Z     throughput/device/BPS=0.0664
2026-09-15T04:04:05.588Z     throughput/device/BPS (actual avg)=0.0664
2026-09-15T04:04:05.588Z     throughput/device/MFU=31.95
2026-09-15T04:04:05.588Z     throughput/device/MFU (actual avg)=31.93
2026-09-15T04:04:05.588Z     throughput/device/TPS=4,353
2026-09-15T04:04:05.588Z     throughput/device/TPS (actual avg)=4,350
2026-09-15T04:04:05.588Z     throughput/device/flopsPS=99.70T
2026-09-15T04:04:05.588Z     throughput/device/flopsPS (actual avg)=99.63T
2026-09-15T04:04:05.588Z     throughput/total petaflops=114.1
2026-09-15T04:04:05.588Z     throughput/total tokens=4,980,736
2026-09-15T04:04:05.588Z     train/CE loss=0.0330
2026-09-15T04:04:05.588Z     throughput/device/data loading (%)=0.0102
2026-09-15T04:04:05.588Z     throughput/device/data loading (s)=0.0015
2026-09-15T04:04:05.588Z     train/PPL=1.033
2026-09-15T04:04:20.642Z [2;36m[2026-09-15 04:04:20][0m [34mINFO    [0m [2m[olmo_core.train.callbacks.console_logger:68, c666d7a1480d, rank=0][0m [step=39/61,epoch=1,eta=6m]
2026-09-15T04:04:20.643Z     gpu_memory/GPU active mem (%)=78.46
2026-09-15T04:04:20.643Z     gpu_memory/GPU active mem (GiB)=62.18
2026-09-15T04:04:20.643Z     gpu_memory/GPU reserved mem (%)=83.74
2026-09-15T04:04:20.643Z     gpu_memory/GPU reserved mem (GiB)=66.36
2026-09-15T04:04:20.643Z     optim/LR (group 0)=1.86E-06
2026-09-15T04:04:20.643Z     optim/LR (group 1)=1.86E-06
2026-09-15T04:04:20.643Z     optim/step skipped=0.0
2026-09-15T04:04:20.643Z     optim/total grad norm=5.336
2026-09-15T04:04:20.643Z     throughput/chinchilla multiple=6.08E-05
2026-09-15T04:04:20.643Z     throughput/device/BPS=0.0664
2026-09-15T04:04:20.643Z     throughput/device/BPS (actual avg)=0.0664
2026-09-15T04:04:20.643Z     throughput/device/MFU=31.95
2026-09-15T04:04:20.643Z     throughput/device/MFU (actual avg)=31.93
2026-09-15T04:04:20.643Z     throughput/device/TPS=4,353
2026-09-15T04:04:20.643Z     throughput/device/TPS (actual avg)=4,350
2026-09-15T04:04:20.643Z     throughput/device/flopsPS=99.69T
2026-09-15T04:04:20.643Z     throughput/device/flopsPS (actual avg)=99.63T
2026-09-15T04:04:20.643Z     throughput/total petaflops=117.1
2026-09-15T04:04:20.643Z     throughput/total tokens=5,111,808
2026-09-15T04:04:20.643Z     train/CE loss=0.0371
2026-09-15T04:04:20.643Z     throughput/device/data loading (%)=0.0109
2026-09-15T04:04:20.643Z     throughput/device/data loading (s)=0.0016
2026-09-15T04:04:20.643Z     train/PPL=1.038
2026-09-15T04:04:35.703Z [2;36m[2026-09-15 04:04:35][0m [34mINFO    [0m [2m[olmo_core.train.callbacks.console_logger:68, c666d7a1480d, rank=0][0m [step=40/61,epoch=1,eta=6m]
2026-09-15T04:04:35.703Z     gpu_memory/GPU active mem (%)=78.46
2026-09-15T04:04:35.703Z     gpu_memory/GPU active mem (GiB)=62.18
2026-09-15T04:04:35.703Z     gpu_memory/GPU reserved mem (%)=83.74
2026-09-15T04:04:35.703Z     gpu_memory/GPU reserved mem (GiB)=66.36
2026-09-15T04:04:35.703Z     optim/LR (group 0)=1.78E-06
2026-09-15T04:04:35.703Z     optim/LR (group 1)=1.78E-06
2026-09-15T04:04:35.703Z     optim/step skipped=0.0
2026-09-15T04:04:35.703Z     optim/total grad norm=10.75
2026-09-15T04:04:35.703Z     throughput/chinchilla multiple=6.23E-05
2026-09-15T04:04:35.703Z     throughput/device/BPS=0.0664
2026-09-15T04:04:35.703Z     throughput/device/BPS (actual avg)=0.0664
2026-09-15T04:04:35.703Z     throughput/device/MFU=31.94
2026-09-15T04:04:35.703Z     throughput/device/MFU (actual avg)=31.93
2026-09-15T04:04:35.703Z     throughput/device/TPS=4,351
2026-09-15T04:04:35.703Z     throughput/device/TPS (actual avg)=4,350
2026-09-15T04:04:35.703Z     throughput/device/flopsPS=99.64T
2026-09-15T04:04:35.703Z     throughput/device/flopsPS (actual avg)=99.63T
2026-09-15T04:04:35.703Z     throughput/total petaflops=120.1
2026-09-15T04:04:35.703Z     throughput/total tokens=5,242,880
2026-09-15T04:04:35.703Z     train/CE loss=0.0431
2026-09-15T04:04:35.703Z     throughput/device/data loading (%)=0.0107
2026-09-15T04:04:35.703Z     throughput/device/data loading (s)=0.0016
2026-09-15T04:04:35.703Z     train/PPL=1.044
2026-09-15T04:04:50.766Z [2;36m[2026-09-15 04:04:50][0m [34mINFO    [0m [2m[olmo_core.train.callbacks.console_logger:68, c666d7a1480d, rank=0][0m [step=41/61,epoch=1,eta=5m]
2026-09-15T04:04:50.766Z     gpu_memory/GPU active mem (%)=78.46
2026-09-15T04:04:50.766Z     gpu_memory/GPU active mem (GiB)=62.18
2026-09-15T04:04:50.766Z     gpu_memory/GPU reserved mem (%)=83.74
2026-09-15T04:04:50.766Z     gpu_memory/GPU reserved mem (GiB)=66.36
2026-09-15T04:04:50.766Z     optim/LR (group 0)=1.69E-06
2026-09-15T04:04:50.766Z     optim/LR (group 1)=1.69E-06
2026-09-15T04:04:50.766Z     optim/step skipped=0.0
2026-09-15T04:04:50.766Z     optim/total grad norm=6.658
2026-09-15T04:04:50.766Z     throughput/chinchilla multiple=6.39E-05
2026-09-15T04:04:50.766Z     throughput/device/BPS=0.0664
2026-09-15T04:04:50.766Z     throughput/device/BPS (actual avg)=0.0664
2026-09-15T04:04:50.766Z     throughput/device/MFU=31.93
2026-09-15T04:04:50.766Z     throughput/device/MFU (actual avg)=31.93
2026-09-15T04:04:50.766Z     throughput/device/TPS=4,351
2026-09-15T04:04:50.766Z     throughput/device/TPS (actual avg)=4,350
2026-09-15T04:04:50.766Z     throughput/device/flopsPS=99.64T
2026-09-15T04:04:50.766Z     throughput/device/flopsPS (actual avg)=99.63T
2026-09-15T04:04:50.766Z     throughput/total petaflops=123.1
2026-09-15T04:04:50.766Z     throughput/total tokens=5,373,952
2026-09-15T04:04:50.766Z     train/CE loss=0.0407
2026-09-15T04:04:50.766Z     throughput/device/data loading (%)=0.0093
2026-09-15T04:04:50.766Z     throughput/device/data loading (s)=0.0014
2026-09-15T04:04:50.766Z     train/PPL=1.042
2026-09-15T04:05:05.830Z [2;36m[2026-09-15 04:05:05][0m [34mINFO    [0m [2m[olmo_core.train.callbacks.console_logger:68, c666d7a1480d, rank=0][0m [step=42/61,epoch=1,eta=5m]
2026-09-15T04:05:05.830Z     gpu_memory/GPU active mem (%)=78.46
2026-09-15T04:05:05.830Z     gpu_memory/GPU active mem (GiB)=62.18
2026-09-15T04:05:05.830Z     gpu_memory/GPU reserved mem (%)=83.74
2026-09-15T04:05:05.830Z     gpu_memory/GPU reserved mem (GiB)=66.36
2026-09-15T04:05:05.830Z     optim/LR (group 0)=1.61E-06
2026-09-15T04:05:05.830Z     optim/LR (group 1)=1.61E-06
2026-09-15T04:05:05.830Z     optim/step skipped=0.0
2026-09-15T04:05:05.830Z     optim/total grad norm=4.132
2026-09-15T04:05:05.830Z     throughput/chinchilla multiple=6.54E-05
2026-09-15T04:05:05.830Z     throughput/device/BPS=0.0664
2026-09-15T04:05:05.830Z     throughput/device/BPS (actual avg)=0.0664
2026-09-15T04:05:05.830Z     throughput/device/MFU=31.93
2026-09-15T04:05:05.830Z     throughput/device/MFU (actual avg)=31.93
2026-09-15T04:05:05.830Z     throughput/device/TPS=4,350
2026-09-15T04:05:05.830Z     throughput/device/TPS (actual avg)=4,350
2026-09-15T04:05:05.830Z     throughput/device/flopsPS=99.62T
2026-09-15T04:05:05.830Z     throughput/device/flopsPS (actual avg)=99.63T
2026-09-15T04:05:05.830Z     throughput/total petaflops=126.1
2026-09-15T04:05:05.830Z     throughput/total tokens=5,505,024
2026-09-15T04:05:05.830Z     train/CE loss=0.0297
2026-09-15T04:05:05.830Z     throughput/device/data loading (%)=0.0119
2026-09-15T04:05:05.830Z     throughput/device/data loading (s)=0.0018
2026-09-15T04:05:05.830Z     train/PPL=1.030
2026-09-15T04:05:20.891Z [2;36m[2026-09-15 04:05:20][0m [34mINFO    [0m [2m[olmo_core.train.callbacks.console_logger:68, c666d7a1480d, rank=0][0m [step=43/61,epoch=1,eta=5m]
2026-09-15T04:05:20.891Z     gpu_memory/GPU active mem (%)=78.46
2026-09-15T04:05:20.891Z     gpu_memory/GPU active mem (GiB)=62.18
2026-09-15T04:05:20.891Z     gpu_memory/GPU reserved mem (%)=83.74
2026-09-15T04:05:20.891Z     gpu_memory/GPU reserved mem (GiB)=66.36
2026-09-15T04:05:20.891Z     optim/LR (group 0)=1.53E-06
2026-09-15T04:05:20.891Z     optim/LR (group 1)=1.53E-06
2026-09-15T04:05:20.891Z     optim/step skipped=0.0
2026-09-15T04:05:20.891Z     optim/total grad norm=3.383
2026-09-15T04:05:20.891Z     throughput/chinchilla multiple=6.70E-05
2026-09-15T04:05:20.891Z     throughput/device/BPS=0.0664
2026-09-15T04:05:20.891Z     throughput/device/BPS (actual avg)=0.0664
2026-09-15T04:05:20.891Z     throughput/device/MFU=31.94
2026-09-15T04:05:20.891Z     throughput/device/MFU (actual avg)=31.93
2026-09-15T04:05:20.891Z     throughput/device/TPS=4,351
2026-09-15T04:05:20.891Z     throughput/device/TPS (actual avg)=4,350
2026-09-15T04:05:20.891Z     throughput/device/flopsPS=99.65T
2026-09-15T04:05:20.891Z     throughput/device/flopsPS (actual avg)=99.63T
2026-09-15T04:05:20.891Z     throughput/total petaflops=129.1
2026-09-15T04:05:20.891Z     throughput/total tokens=5,636,096
2026-09-15T04:05:20.891Z     train/CE loss=0.0251
2026-09-15T04:05:20.891Z     throughput/device/data loading (%)=0.0099
2026-09-15T04:05:20.891Z     throughput/device/data loading (s)=0.0015
2026-09-15T04:05:20.891Z     train/PPL=1.025
2026-09-15T04:05:35.952Z [2;36m[2026-09-15 04:05:35][0m [34mINFO    [0m [2m[olmo_core.train.callbacks.console_logger:68, c666d7a1480d, rank=0][0m [step=44/61,epoch=1,eta=5m]
2026-09-15T04:05:35.952Z     gpu_memory/GPU active mem (%)=78.46
2026-09-15T04:05:35.952Z     gpu_memory/GPU active mem (GiB)=62.18
2026-09-15T04:05:35.952Z     gpu_memory/GPU reserved mem (%)=83.74
2026-09-15T04:05:35.952Z     gpu_memory/GPU reserved mem (GiB)=66.36
2026-09-15T04:05:35.952Z     optim/LR (group 0)=1.44E-06
2026-09-15T04:05:35.952Z     optim/LR (group 1)=1.44E-06
2026-09-15T04:05:35.952Z     optim/step skipped=0.0
2026-09-15T04:05:35.952Z     optim/total grad norm=5.579
2026-09-15T04:05:35.952Z     throughput/chinchilla multiple=6.86E-05
2026-09-15T04:05:35.952Z     throughput/device/BPS=0.0664
2026-09-15T04:05:35.952Z     throughput/device/BPS (actual avg)=0.0664
2026-09-15T04:05:35.952Z     throughput/device/MFU=31.94
2026-09-15T04:05:35.952Z     throughput/device/MFU (actual avg)=31.93
2026-09-15T04:05:35.952Z     throughput/device/TPS=4,351
2026-09-15T04:05:35.952Z     throughput/device/TPS (actual avg)=4,350
2026-09-15T04:05:35.952Z     throughput/device/flopsPS=99.64T
2026-09-15T04:05:35.952Z     throughput/device/flopsPS (actual avg)=99.63T
2026-09-15T04:05:35.952Z     throughput/total petaflops=132.1
2026-09-15T04:05:35.952Z     throughput/total tokens=5,767,168
2026-09-15T04:05:35.952Z     train/CE loss=0.0363
2026-09-15T04:05:35.952Z     throughput/device/data loading (%)=0.0095
2026-09-15T04:05:35.952Z     throughput/device/data loading (s)=0.0014
2026-09-15T04:05:35.952Z     train/PPL=1.037
2026-09-15T04:05:51.006Z [2;36m[2026-09-15 04:05:51][0m [34mINFO    [0m [2m[olmo_core.train.callbacks.console_logger:68, c666d7a1480d, rank=0][0m [step=45/61,epoch=1,eta=4m]
2026-09-15T04:05:51.006Z     gpu_memory/GPU active mem (%)=78.46
2026-09-15T04:05:51.006Z     gpu_memory/GPU active mem (GiB)=62.18
2026-09-15T04:05:51.006Z     gpu_memory/GPU reserved mem (%)=83.74
2026-09-15T04:05:51.006Z     gpu_memory/GPU reserved mem (GiB)=66.36
2026-09-15T04:05:51.006Z     optim/LR (group 0)=1.36E-06
2026-09-15T04:05:51.006Z     optim/LR (group 1)=1.36E-06
2026-09-15T04:05:51.006Z     optim/step skipped=0.0
2026-09-15T04:05:51.006Z     optim/total grad norm=5.629
2026-09-15T04:05:51.006Z     throughput/chinchilla multiple=7.01E-05
2026-09-15T04:05:51.006Z     throughput/device/BPS=0.0664
2026-09-15T04:05:51.006Z     throughput/device/BPS (actual avg)=0.0664
2026-09-15T04:05:51.006Z     throughput/device/MFU=31.95
2026-09-15T04:05:51.006Z     throughput/device/MFU (actual avg)=31.93
2026-09-15T04:05:51.006Z     throughput/device/TPS=4,353
2026-09-15T04:05:51.006Z     throughput/device/TPS (actual avg)=4,351
2026-09-15T04:05:51.006Z     throughput/device/flopsPS=99.69T
2026-09-15T04:05:51.006Z     throughput/device/flopsPS (actual avg)=99.64T
2026-09-15T04:05:51.006Z     throughput/total petaflops=135.1
2026-09-15T04:05:51.006Z     throughput/total tokens=5,898,240
2026-09-15T04:05:51.006Z     train/CE loss=0.0522
2026-09-15T04:05:51.006Z     throughput/device/data loading (%)=0.0106
2026-09-15T04:05:51.006Z     throughput/device/data loading (s)=0.0016
2026-09-15T04:05:51.006Z     train/PPL=1.054
2026-09-15T04:06:06.063Z [2;36m[2026-09-15 04:06:06][0m [34mINFO    [0m [2m[olmo_core.train.callbacks.console_logger:68, c666d7a1480d, rank=0][0m [step=46/61,epoch=1,eta=4m]
2026-09-15T04:06:06.063Z     gpu_memory/GPU active mem (%)=78.46
2026-09-15T04:06:06.063Z     gpu_memory/GPU active mem (GiB)=62.18
2026-09-15T04:06:06.063Z     gpu_memory/GPU reserved mem (%)=83.74
2026-09-15T04:06:06.063Z     gpu_memory/GPU reserved mem (GiB)=66.36
2026-09-15T04:06:06.063Z     optim/LR (group 0)=1.27E-06
2026-09-15T04:06:06.063Z     optim/LR (group 1)=1.27E-06
2026-09-15T04:06:06.063Z     optim/step skipped=0.0
2026-09-15T04:06:06.063Z     optim/total grad norm=6.120
2026-09-15T04:06:06.063Z     throughput/chinchilla multiple=7.17E-05
2026-09-15T04:06:06.063Z     throughput/device/BPS=0.0664
2026-09-15T04:06:06.063Z     throughput/device/BPS (actual avg)=0.0664
2026-09-15T04:06:06.063Z     throughput/device/MFU=31.95
2026-09-15T04:06:06.063Z     throughput/device/MFU (actual avg)=31.93
2026-09-15T04:06:06.063Z     throughput/device/TPS=4,352
2026-09-15T04:06:06.063Z     throughput/device/TPS (actual avg)=4,351
2026-09-15T04:06:06.063Z     throughput/device/flopsPS=99.67T
2026-09-15T04:06:06.063Z     throughput/device/flopsPS (actual avg)=99.64T
2026-09-15T04:06:06.063Z     throughput/total petaflops=138.1
2026-09-15T04:06:06.063Z     throughput/total tokens=6,029,312
2026-09-15T04:06:06.063Z     train/CE loss=0.0321
2026-09-15T04:06:06.063Z     throughput/device/data loading (%)=0.0141
2026-09-15T04:06:06.063Z     throughput/device/data loading (s)=0.0021
2026-09-15T04:06:06.063Z     train/PPL=1.033
2026-09-15T04:06:21.122Z [2;36m[2026-09-15 04:06:21][0m [34mINFO    [0m [2m[olmo_core.train.callbacks.console_logger:68, c666d7a1480d, rank=0][0m [step=47/61,epoch=1,eta=4m]
2026-09-15T04:06:21.122Z     gpu_memory/GPU active mem (%)=78.46
2026-09-15T04:06:21.122Z     gpu_memory/GPU active mem (GiB)=62.18
2026-09-15T04:06:21.122Z     gpu_memory/GPU reserved mem (%)=83.74
2026-09-15T04:06:21.122Z     gpu_memory/GPU reserved mem (GiB)=66.36
2026-09-15T04:06:21.122Z     optim/LR (group 0)=1.19E-06
2026-09-15T04:06:21.122Z     optim/LR (group 1)=1.19E-06
2026-09-15T04:06:21.122Z     optim/step skipped=0.0
2026-09-15T04:06:21.122Z     optim/total grad norm=6.169
2026-09-15T04:06:21.122Z     throughput/chinchilla multiple=7.32E-05
2026-09-15T04:06:21.122Z     throughput/device/BPS=0.0664
2026-09-15T04:06:21.122Z     throughput/device/BPS (actual avg)=0.0664
2026-09-15T04:06:21.122Z     throughput/device/MFU=31.94
2026-09-15T04:06:21.122Z     throughput/device/MFU (actual avg)=31.93
2026-09-15T04:06:21.122Z     throughput/device/TPS=4,351
2026-09-15T04:06:21.122Z     throughput/device/TPS (actual avg)=4,351
2026-09-15T04:06:21.122Z     throughput/device/flopsPS=99.65T
2026-09-15T04:06:21.122Z     throughput/device/flopsPS (actual avg)=99.64T
2026-09-15T04:06:21.122Z     throughput/total petaflops=141.1
2026-09-15T04:06:21.122Z     throughput/total tokens=6,160,384
2026-09-15T04:06:21.122Z     train/CE loss=0.0627
2026-09-15T04:06:21.122Z     throughput/device/data loading (%)=0.0094
2026-09-15T04:06:21.122Z     throughput/device/data loading (s)=0.0014
2026-09-15T04:06:21.122Z     train/PPL=1.065
2026-09-15T04:06:36.180Z [2;36m[2026-09-15 04:06:36][0m [34mINFO    [0m [2m[olmo_core.train.callbacks.console_logger:68, c666d7a1480d, rank=0][0m [step=48/61,epoch=1,eta=4m]
2026-09-15T04:06:36.180Z     gpu_memory/GPU active mem (%)=78.46
2026-09-15T04:06:36.180Z     gpu_memory/GPU active mem (GiB)=62.18
2026-09-15T04:06:36.180Z     gpu_memory/GPU reserved mem (%)=83.74
2026-09-15T04:06:36.180Z     gpu_memory/GPU reserved mem (GiB)=66.36
2026-09-15T04:06:36.180Z     optim/LR (group 0)=1.10E-06
2026-09-15T04:06:36.180Z     optim/LR (group 1)=1.10E-06
2026-09-15T04:06:36.180Z     optim/step skipped=0.0
2026-09-15T04:06:36.180Z     optim/total grad norm=5.945
2026-09-15T04:06:36.180Z     throughput/chinchilla multiple=7.48E-05
2026-09-15T04:06:36.180Z     throughput/device/BPS=0.0664
2026-09-15T04:06:36.180Z     throughput/device/BPS (actual avg)=0.0664
2026-09-15T04:06:36.180Z     throughput/device/MFU=31.95
2026-09-15T04:06:36.180Z     throughput/device/MFU (actual avg)=31.93
2026-09-15T04:06:36.180Z     throughput/device/TPS=4,352
2026-09-15T04:06:36.180Z     throughput/device/TPS (actual avg)=4,351
2026-09-15T04:06:36.180Z     throughput/device/flopsPS=99.67T
2026-09-15T04:06:36.180Z     throughput/device/flopsPS (actual avg)=99.64T
2026-09-15T04:06:36.180Z     throughput/total petaflops=144.1
2026-09-15T04:06:36.180Z     throughput/total tokens=6,291,456
2026-09-15T04:06:36.180Z     train/CE loss=0.0358
2026-09-15T04:06:36.180Z     throughput/device/data loading (%)=0.0087
2026-09-15T04:06:36.180Z     throughput/device/data loading (s)=0.0013
2026-09-15T04:06:36.180Z     train/PPL=1.036
2026-09-15T04:06:51.230Z [2;36m[2026-09-15 04:06:51][0m [34mINFO    [0m [2m[olmo_core.train.callbacks.console_logger:68, c666d7a1480d, rank=0][0m [step=49/61,epoch=1,eta=3m]
2026-09-15T04:06:51.230Z     gpu_memory/GPU active mem (%)=78.46
2026-09-15T04:06:51.230Z     gpu_memory/GPU active mem (GiB)=62.18
2026-09-15T04:06:51.230Z     gpu_memory/GPU reserved mem (%)=83.74
2026-09-15T04:06:51.230Z     gpu_memory/GPU reserved mem (GiB)=66.36
2026-09-15T04:06:51.230Z     optim/LR (group 0)=1.02E-06
2026-09-15T04:06:51.230Z     optim/LR (group 1)=1.02E-06
2026-09-15T04:06:51.230Z     optim/step skipped=0.0
2026-09-15T04:06:51.230Z     optim/total grad norm=5.226
2026-09-15T04:06:51.230Z     throughput/chinchilla multiple=7.64E-05
2026-09-15T04:06:51.230Z     throughput/device/BPS=0.0664
2026-09-15T04:06:51.230Z     throughput/device/BPS (actual avg)=0.0664
2026-09-15T04:06:51.230Z     throughput/device/MFU=31.96
2026-09-15T04:06:51.230Z     throughput/device/MFU (actual avg)=31.94
2026-09-15T04:06:51.230Z     throughput/device/TPS=4,354
2026-09-15T04:06:51.230Z     throughput/device/TPS (actual avg)=4,351
2026-09-15T04:06:51.230Z     throughput/device/flopsPS=99.71T
2026-09-15T04:06:51.230Z     throughput/device/flopsPS (actual avg)=99.64T
2026-09-15T04:06:51.230Z     throughput/total petaflops=147.1
2026-09-15T04:06:51.230Z     throughput/total tokens=6,422,528
2026-09-15T04:06:51.230Z     train/CE loss=0.0284
2026-09-15T04:06:51.230Z     throughput/device/data loading (%)=0.0120
2026-09-15T04:06:51.230Z     throughput/device/data loading (s)=0.0018
2026-09-15T04:06:51.230Z     train/PPL=1.029
2026-09-15T04:07:06.208Z [2;36m[2026-09-15 04:07:06][0m [34mINFO    [0m [2m[olmo_core.train.callbacks.flop_meter:165, c666d7a1480d, rank=0][0m [flop-meter] step 50: actual 80.65 PF, dense-equivalent 80.65 PF (ratio 1.000), tokens 3.5M
2026-09-15T04:07:06.273Z [2;36m[2026-09-15 04:07:06][0m [34mINFO    [0m [2m[olmo_core.train.callbacks.console_logger:68, c666d7a1480d, rank=0][0m [step=50/61,epoch=1,eta=3m]
2026-09-15T04:07:06.273Z     gpu_memory/GPU active mem (%)=78.46
2026-09-15T04:07:06.273Z     gpu_memory/GPU active mem (GiB)=62.18
2026-09-15T04:07:06.273Z     gpu_memory/GPU reserved mem (%)=83.74
2026-09-15T04:07:06.273Z     gpu_memory/GPU reserved mem (GiB)=66.36
2026-09-15T04:07:06.273Z     optim/LR (group 0)=9.32E-07
2026-09-15T04:07:06.273Z     optim/LR (group 1)=9.32E-07
2026-09-15T04:07:06.273Z     optim/step skipped=0.0
2026-09-15T04:07:06.273Z     optim/total grad norm=4.335
2026-09-15T04:07:06.273Z     throughput/chinchilla multiple=7.79E-05
2026-09-15T04:07:06.273Z     throughput/device/BPS=0.0665
2026-09-15T04:07:06.273Z     throughput/device/BPS (actual avg)=0.0664
2026-09-15T04:07:06.273Z     throughput/device/MFU=31.98
2026-09-15T04:07:06.273Z     throughput/device/MFU (actual avg)=31.94
2026-09-15T04:07:06.273Z     throughput/device/TPS=4,356
2026-09-15T04:07:06.273Z     throughput/device/TPS (actual avg)=4,351
2026-09-15T04:07:06.273Z     throughput/device/flopsPS=99.77T
2026-09-15T04:07:06.273Z     throughput/device/flopsPS (actual avg)=99.64T
2026-09-15T04:07:06.273Z     throughput/total petaflops=150.1
2026-09-15T04:07:06.273Z     throughput/total tokens=6,553,600
2026-09-15T04:07:06.273Z     train/CE loss=0.0260
2026-09-15T04:07:06.273Z     throughput/device/data loading (%)=0.0104
2026-09-15T04:07:06.273Z     throughput/device/data loading (s)=0.0016
2026-09-15T04:07:06.273Z     train/PPL=1.026
2026-09-15T04:07:21.322Z [2;36m[2026-09-15 04:07:21][0m [34mINFO    [0m [2m[olmo_core.train.callbacks.console_logger:68, c666d7a1480d, rank=0][0m [step=51/61,epoch=1,eta=3m]
2026-09-15T04:07:21.322Z     gpu_memory/GPU active mem (%)=78.46
2026-09-15T04:07:21.322Z     gpu_memory/GPU active mem (GiB)=62.18
2026-09-15T04:07:21.322Z     gpu_memory/GPU reserved mem (%)=83.74
2026-09-15T04:07:21.322Z     gpu_memory/GPU reserved mem (GiB)=66.36
2026-09-15T04:07:21.322Z     optim/LR (group 0)=8.47E-07
2026-09-15T04:07:21.322Z     optim/LR (group 1)=8.47E-07
2026-09-15T04:07:21.322Z     optim/step skipped=0.0
2026-09-15T04:07:21.322Z     optim/total grad norm=4.297
2026-09-15T04:07:21.322Z     throughput/chinchilla multiple=7.95E-05
2026-09-15T04:07:21.322Z     throughput/device/BPS=0.0664
2026-09-15T04:07:21.322Z     throughput/device/BPS (actual avg)=0.0664
2026-09-15T04:07:21.322Z     throughput/device/MFU=31.96
2026-09-15T04:07:21.322Z     throughput/device/MFU (actual avg)=31.94
2026-09-15T04:07:21.322Z     throughput/device/TPS=4,354
2026-09-15T04:07:21.322Z     throughput/device/TPS (actual avg)=4,351
2026-09-15T04:07:21.322Z     throughput/device/flopsPS=99.72T
2026-09-15T04:07:21.322Z     throughput/device/flopsPS (actual avg)=99.64T
2026-09-15T04:07:21.322Z     throughput/total petaflops=153.1
2026-09-15T04:07:21.322Z     throughput/total tokens=6,684,672
2026-09-15T04:07:21.322Z     train/CE loss=0.0324
2026-09-15T04:07:21.322Z     throughput/device/data loading (%)=0.0098
2026-09-15T04:07:21.322Z     throughput/device/data loading (s)=0.0015
2026-09-15T04:07:21.322Z     train/PPL=1.033
2026-09-15T04:07:36.358Z [2;36m[2026-09-15 04:07:36][0m [34mINFO    [0m [2m[olmo_core.train.callbacks.console_logger:68, c666d7a1480d, rank=0][0m [step=52/61,epoch=1,eta=3m]
2026-09-15T04:07:36.358Z     gpu_memory/GPU active mem (%)=78.46
2026-09-15T04:07:36.358Z     gpu_memory/GPU active mem (GiB)=62.18
2026-09-15T04:07:36.358Z     gpu_memory/GPU reserved mem (%)=83.74
2026-09-15T04:07:36.358Z     gpu_memory/GPU reserved mem (GiB)=66.36
2026-09-15T04:07:36.358Z     optim/LR (group 0)=7.63E-07
2026-09-15T04:07:36.358Z     optim/LR (group 1)=7.63E-07
2026-09-15T04:07:36.358Z     optim/step skipped=0.0
2026-09-15T04:07:36.358Z     optim/total grad norm=4.645
2026-09-15T04:07:36.358Z     throughput/chinchilla multiple=8.10E-05
2026-09-15T04:07:36.358Z     throughput/device/BPS=0.0665
2026-09-15T04:07:36.358Z     throughput/device/BPS (actual avg)=0.0664
2026-09-15T04:07:36.358Z     throughput/device/MFU=31.99
2026-09-15T04:07:36.358Z     throughput/device/MFU (actual avg)=31.94
2026-09-15T04:07:36.358Z     throughput/device/TPS=4,358
2026-09-15T04:07:36.358Z     throughput/device/TPS (actual avg)=4,351
2026-09-15T04:07:36.358Z     throughput/device/flopsPS=99.81T
2026-09-15T04:07:36.358Z     throughput/device/flopsPS (actual avg)=99.65T
2026-09-15T04:07:36.358Z     throughput/total petaflops=156.1
2026-09-15T04:07:36.358Z     throughput/total tokens=6,815,744
2026-09-15T04:07:36.358Z     train/CE loss=0.0265
2026-09-15T04:07:36.358Z     throughput/device/data loading (%)=0.0114
2026-09-15T04:07:36.358Z     throughput/device/data loading (s)=0.0017
2026-09-15T04:07:36.358Z     train/PPL=1.027
2026-09-15T04:07:51.407Z [2;36m[2026-09-15 04:07:51][0m [34mINFO    [0m [2m[olmo_core.train.callbacks.console_logger:68, c666d7a1480d, rank=0][0m [step=53/61,epoch=1,eta=2m]
2026-09-15T04:07:51.407Z     gpu_memory/GPU active mem (%)=78.46
2026-09-15T04:07:51.407Z     gpu_memory/GPU active mem (GiB)=62.18
2026-09-15T04:07:51.407Z     gpu_memory/GPU reserved mem (%)=83.74
2026-09-15T04:07:51.407Z     gpu_memory/GPU reserved mem (GiB)=66.36
2026-09-15T04:07:51.407Z     optim/LR (group 0)=6.78E-07
2026-09-15T04:07:51.407Z     optim/LR (group 1)=6.78E-07
2026-09-15T04:07:51.407Z     optim/step skipped=0.0
2026-09-15T04:07:51.407Z     optim/total grad norm=0.8974
2026-09-15T04:07:51.407Z     throughput/chinchilla multiple=8.26E-05
2026-09-15T04:07:51.407Z     throughput/device/BPS=0.0664
2026-09-15T04:07:51.407Z     throughput/device/BPS (actual avg)=0.0664
2026-09-15T04:07:51.407Z     throughput/device/MFU=31.96
2026-09-15T04:07:51.407Z     throughput/device/MFU (actual avg)=31.94
2026-09-15T04:07:51.407Z     throughput/device/TPS=4,354
2026-09-15T04:07:51.407Z     throughput/device/TPS (actual avg)=4,351
2026-09-15T04:07:51.407Z     throughput/device/flopsPS=99.72T
2026-09-15T04:07:51.407Z     throughput/device/flopsPS (actual avg)=99.65T
2026-09-15T04:07:51.407Z     throughput/total petaflops=159.1
2026-09-15T04:07:51.407Z     throughput/total tokens=6,946,816
2026-09-15T04:07:51.407Z     train/CE loss=0.0216
2026-09-15T04:07:51.407Z     throughput/device/data loading (%)=0.0113
2026-09-15T04:07:51.407Z     throughput/device/data loading (s)=0.0017
2026-09-15T04:07:51.407Z     train/PPL=1.022
2026-09-15T04:08:06.452Z [2;36m[2026-09-15 04:08:06][0m [34mINFO    [0m [2m[olmo_core.train.callbacks.console_logger:68, c666d7a1480d, rank=0][0m [step=54/61,epoch=1,eta=2m]
2026-09-15T04:08:06.452Z     gpu_memory/GPU active mem (%)=78.46
2026-09-15T04:08:06.452Z     gpu_memory/GPU active mem (GiB)=62.18
2026-09-15T04:08:06.452Z     gpu_memory/GPU reserved mem (%)=83.74
2026-09-15T04:08:06.452Z     gpu_memory/GPU reserved mem (GiB)=66.36
2026-09-15T04:08:06.452Z     optim/LR (group 0)=5.93E-07
2026-09-15T04:08:06.452Z     optim/LR (group 1)=5.93E-07
2026-09-15T04:08:06.452Z     optim/step skipped=0.0
2026-09-15T04:08:06.452Z     optim/total grad norm=0.8468
2026-09-15T04:08:06.452Z     throughput/chinchilla multiple=8.41E-05
2026-09-15T04:08:06.453Z     throughput/device/BPS=0.0665
2026-09-15T04:08:06.453Z     throughput/device/BPS (actual avg)=0.0664
2026-09-15T04:08:06.453Z     throughput/device/MFU=31.97
2026-09-15T04:08:06.453Z     throughput/device/MFU (actual avg)=31.94
2026-09-15T04:08:06.453Z     throughput/device/TPS=4,356
2026-09-15T04:08:06.453Z     throughput/device/TPS (actual avg)=4,351
2026-09-15T04:08:06.453Z     throughput/device/flopsPS=99.75T
2026-09-15T04:08:06.453Z     throughput/device/flopsPS (actual avg)=99.65T
2026-09-15T04:08:06.453Z     throughput/total petaflops=162.1
2026-09-15T04:08:06.453Z     throughput/total tokens=7,077,888
2026-09-15T04:08:06.453Z     train/CE loss=0.0216
2026-09-15T04:08:06.453Z     throughput/device/data loading (%)=0.0115
2026-09-15T04:08:06.453Z     throughput/device/data loading (s)=0.0017
2026-09-15T04:08:06.453Z     train/PPL=1.022
2026-09-15T04:08:21.505Z [2;36m[2026-09-15 04:08:21][0m [34mINFO    [0m [2m[olmo_core.train.callbacks.console_logger:68, c666d7a1480d, rank=0][0m [step=55/61,epoch=1,eta=2m]
2026-09-15T04:08:21.505Z     gpu_memory/GPU active mem (%)=78.46
2026-09-15T04:08:21.505Z     gpu_memory/GPU active mem (GiB)=62.18
2026-09-15T04:08:21.505Z     gpu_memory/GPU reserved mem (%)=83.74
2026-09-15T04:08:21.505Z     gpu_memory/GPU reserved mem (GiB)=66.36
2026-09-15T04:08:21.505Z     optim/LR (group 0)=5.08E-07
2026-09-15T04:08:21.505Z     optim/LR (group 1)=5.08E-07
2026-09-15T04:08:21.505Z     optim/step skipped=0.0
2026-09-15T04:08:21.505Z     optim/total grad norm=7.837
2026-09-15T04:08:21.505Z     throughput/chinchilla multiple=8.57E-05
2026-09-15T04:08:21.505Z     throughput/device/BPS=0.0664
2026-09-15T04:08:21.505Z     throughput/device/BPS (actual avg)=0.0664
2026-09-15T04:08:21.505Z     throughput/device/MFU=31.95
2026-09-15T04:08:21.505Z     throughput/device/MFU (actual avg)=31.94
2026-09-15T04:08:21.505Z     throughput/device/TPS=4,353
2026-09-15T04:08:21.505Z     throughput/device/TPS (actual avg)=4,351
2026-09-15T04:08:21.505Z     throughput/device/flopsPS=99.70T
2026-09-15T04:08:21.505Z     throughput/device/flopsPS (actual avg)=99.65T
2026-09-15T04:08:21.505Z     throughput/total petaflops=165.1
2026-09-15T04:08:21.505Z     throughput/total tokens=7,208,960
2026-09-15T04:08:21.505Z     train/CE loss=0.0398
2026-09-15T04:08:21.505Z     throughput/device/data loading (%)=0.0113
2026-09-15T04:08:21.505Z     throughput/device/data loading (s)=0.0017
2026-09-15T04:08:21.505Z     train/PPL=1.041
2026-09-15T04:08:36.558Z [2;36m[2026-09-15 04:08:36][0m [34mINFO    [0m [2m[olmo_core.train.callbacks.console_logger:68, c666d7a1480d, rank=0][0m [step=56/61,epoch=1,eta=2m]
2026-09-15T04:08:36.558Z     gpu_memory/GPU active mem (%)=78.46
2026-09-15T04:08:36.558Z     gpu_memory/GPU active mem (GiB)=62.18
2026-09-15T04:08:36.558Z     gpu_memory/GPU reserved mem (%)=83.74
2026-09-15T04:08:36.558Z     gpu_memory/GPU reserved mem (GiB)=66.36
2026-09-15T04:08:36.558Z     optim/LR (group 0)=4.24E-07
2026-09-15T04:08:36.558Z     optim/LR (group 1)=4.24E-07
2026-09-15T04:08:36.558Z     optim/step skipped=0.0
2026-09-15T04:08:36.558Z     optim/total grad norm=3.450
2026-09-15T04:08:36.558Z     throughput/chinchilla multiple=8.73E-05
2026-09-15T04:08:36.558Z     throughput/device/BPS=0.0664
2026-09-15T04:08:36.558Z     throughput/device/BPS (actual avg)=0.0664
2026-09-15T04:08:36.558Z     throughput/device/MFU=31.96
2026-09-15T04:08:36.558Z     throughput/device/MFU (actual avg)=31.94
2026-09-15T04:08:36.558Z     throughput/device/TPS=4,354
2026-09-15T04:08:36.558Z     throughput/device/TPS (actual avg)=4,351
2026-09-15T04:08:36.558Z     throughput/device/flopsPS=99.71T
2026-09-15T04:08:36.558Z     throughput/device/flopsPS (actual avg)=99.65T
2026-09-15T04:08:36.558Z     throughput/total petaflops=168.1
2026-09-15T04:08:36.558Z     throughput/total tokens=7,340,032
2026-09-15T04:08:36.558Z     train/CE loss=0.0272
2026-09-15T04:08:36.558Z     throughput/device/data loading (%)=0.0114
2026-09-15T04:08:36.558Z     throughput/device/data loading (s)=0.0017
2026-09-15T04:08:36.558Z     train/PPL=1.028
2026-09-15T04:08:51.619Z [2;36m[2026-09-15 04:08:51][0m [34mINFO    [0m [2m[olmo_core.train.callbacks.console_logger:68, c666d7a1480d, rank=0][0m [step=57/61,epoch=1,eta=1m]
2026-09-15T04:08:51.619Z     gpu_memory/GPU active mem (%)=78.46
2026-09-15T04:08:51.619Z     gpu_memory/GPU active mem (GiB)=62.18
2026-09-15T04:08:51.619Z     gpu_memory/GPU reserved mem (%)=83.74
2026-09-15T04:08:51.619Z     gpu_memory/GPU reserved mem (GiB)=66.36
2026-09-15T04:08:51.619Z     optim/LR (group 0)=3.39E-07
2026-09-15T04:08:51.619Z     optim/LR (group 1)=3.39E-07
2026-09-15T04:08:51.619Z     optim/step skipped=0.0
2026-09-15T04:08:51.619Z     optim/total grad norm=5.977
2026-09-15T04:08:51.619Z     throughput/chinchilla multiple=8.88E-05
2026-09-15T04:08:51.619Z     throughput/device/BPS=0.0664
2026-09-15T04:08:51.619Z     throughput/device/BPS (actual avg)=0.0664
2026-09-15T04:08:51.619Z     throughput/device/MFU=31.94
2026-09-15T04:08:51.619Z     throughput/device/MFU (actual avg)=31.94
2026-09-15T04:08:51.619Z     throughput/device/TPS=4,351
2026-09-15T04:08:51.619Z     throughput/device/TPS (actual avg)=4,351
2026-09-15T04:08:51.619Z     throughput/device/flopsPS=99.65T
2026-09-15T04:08:51.619Z     throughput/device/flopsPS (actual avg)=99.65T
2026-09-15T04:08:51.619Z     throughput/total petaflops=171.1
2026-09-15T04:08:51.619Z     throughput/total tokens=7,471,104
2026-09-15T04:08:51.619Z     train/CE loss=0.0326
2026-09-15T04:08:51.619Z     throughput/device/data loading (%)=0.0075
2026-09-15T04:08:51.619Z     throughput/device/data loading (s)=0.0011
2026-09-15T04:08:51.619Z     train/PPL=1.033
2026-09-15T04:09:06.676Z [2;36m[2026-09-15 04:09:06][0m [34mINFO    [0m [2m[olmo_core.train.callbacks.console_logger:68, c666d7a1480d, rank=0][0m [step=58/61,epoch=1,eta=1m]
2026-09-15T04:09:06.676Z     gpu_memory/GPU active mem (%)=78.46
2026-09-15T04:09:06.676Z     gpu_memory/GPU active mem (GiB)=62.18
2026-09-15T04:09:06.676Z     gpu_memory/GPU reserved mem (%)=83.74
2026-09-15T04:09:06.676Z     gpu_memory/GPU reserved mem (GiB)=66.36
2026-09-15T04:09:06.676Z     optim/LR (group 0)=2.54E-07
2026-09-15T04:09:06.676Z     optim/LR (group 1)=2.54E-07
2026-09-15T04:09:06.676Z     optim/step skipped=0.0
2026-09-15T04:09:06.676Z     optim/total grad norm=8.121
2026-09-15T04:09:06.676Z     throughput/chinchilla multiple=9.04E-05
2026-09-15T04:09:06.676Z     throughput/device/BPS=0.0664
2026-09-15T04:09:06.676Z     throughput/device/BPS (actual avg)=0.0664
2026-09-15T04:09:06.676Z     throughput/device/MFU=31.94
2026-09-15T04:09:06.676Z     throughput/device/MFU (actual avg)=31.94
2026-09-15T04:09:06.676Z     throughput/device/TPS=4,352
2026-09-15T04:09:06.676Z     throughput/device/TPS (actual avg)=4,351
2026-09-15T04:09:06.676Z     throughput/device/flopsPS=99.66T
2026-09-15T04:09:06.676Z     throughput/device/flopsPS (actual avg)=99.65T
2026-09-15T04:09:06.676Z     throughput/total petaflops=174.1
2026-09-15T04:09:06.676Z     throughput/total tokens=7,602,176
2026-09-15T04:09:06.676Z     train/CE loss=0.0250
2026-09-15T04:09:06.676Z     throughput/device/data loading (%)=0.0187
2026-09-15T04:09:06.676Z     throughput/device/data loading (s)=0.0028
2026-09-15T04:09:06.676Z     train/PPL=1.025
2026-09-15T04:09:21.740Z [2;36m[2026-09-15 04:09:21][0m [34mINFO    [0m [2m[olmo_core.train.callbacks.console_logger:68, c666d7a1480d, rank=0][0m [step=59/61,epoch=1,eta=1m]
2026-09-15T04:09:21.740Z     gpu_memory/GPU active mem (%)=78.46
2026-09-15T04:09:21.740Z     gpu_memory/GPU active mem (GiB)=62.18
2026-09-15T04:09:21.740Z     gpu_memory/GPU reserved mem (%)=83.74
2026-09-15T04:09:21.740Z     gpu_memory/GPU reserved mem (GiB)=66.36
2026-09-15T04:09:21.740Z     optim/LR (group 0)=1.69E-07
2026-09-15T04:09:21.740Z     optim/LR (group 1)=1.69E-07
2026-09-15T04:09:21.740Z     optim/step skipped=0.0
2026-09-15T04:09:21.740Z     optim/total grad norm=1.543
2026-09-15T04:09:21.740Z     throughput/chinchilla multiple=9.19E-05
2026-09-15T04:09:21.740Z     throughput/device/BPS=0.0664
2026-09-15T04:09:21.740Z     throughput/device/BPS (actual avg)=0.0664
2026-09-15T04:09:21.740Z     throughput/device/MFU=31.93
2026-09-15T04:09:21.740Z     throughput/device/MFU (actual avg)=31.94
2026-09-15T04:09:21.740Z     throughput/device/TPS=4,350
2026-09-15T04:09:21.740Z     throughput/device/TPS (actual avg)=4,351
2026-09-15T04:09:21.740Z     throughput/device/flopsPS=99.62T
2026-09-15T04:09:21.740Z     throughput/device/flopsPS (actual avg)=99.65T
2026-09-15T04:09:21.740Z     throughput/total petaflops=177.1
2026-09-15T04:09:21.740Z     throughput/total tokens=7,733,248
2026-09-15T04:09:21.740Z     train/CE loss=0.0206
2026-09-15T04:09:21.740Z     throughput/device/data loading (%)=0.0112
2026-09-15T04:09:21.740Z     throughput/device/data loading (s)=0.0017
2026-09-15T04:09:21.740Z     train/PPL=1.021
2026-09-15T04:09:36.796Z [2;36m[2026-09-15 04:09:36][0m [34mINFO    [0m [2m[olmo_core.train.callbacks.console_logger:68, c666d7a1480d, rank=0][0m [step=60/61,epoch=1]
2026-09-15T04:09:36.796Z     gpu_memory/GPU active mem (%)=78.46
2026-09-15T04:09:36.796Z     gpu_memory/GPU active mem (GiB)=62.18
2026-09-15T04:09:36.796Z     gpu_memory/GPU reserved mem (%)=83.74
2026-09-15T04:09:36.796Z     gpu_memory/GPU reserved mem (GiB)=66.36
2026-09-15T04:09:36.796Z     optim/LR (group 0)=8.47E-08
2026-09-15T04:09:36.796Z     optim/LR (group 1)=8.47E-08
2026-09-15T04:09:36.796Z     optim/step skipped=0.0
2026-09-15T04:09:36.796Z     optim/total grad norm=2.731
2026-09-15T04:09:36.796Z     throughput/chinchilla multiple=9.35E-05
2026-09-15T04:09:36.796Z     throughput/device/BPS=0.0664
2026-09-15T04:09:36.796Z     throughput/device/BPS (actual avg)=0.0664
2026-09-15T04:09:36.796Z     throughput/device/MFU=31.94
2026-09-15T04:09:36.796Z     throughput/device/MFU (actual avg)=31.94
2026-09-15T04:09:36.796Z     throughput/device/TPS=4,352
2026-09-15T04:09:36.796Z     throughput/device/TPS (actual avg)=4,351
2026-09-15T04:09:36.796Z     throughput/device/flopsPS=99.67T
2026-09-15T04:09:36.796Z     throughput/device/flopsPS (actual avg)=99.65T
2026-09-15T04:09:36.796Z     throughput/total petaflops=180.1
2026-09-15T04:09:36.796Z     throughput/total tokens=7,864,320
2026-09-15T04:09:36.796Z     train/CE loss=0.0225
2026-09-15T04:09:36.796Z     throughput/device/data loading (%)=0.0108
2026-09-15T04:09:36.796Z     throughput/device/data loading (s)=0.0016
2026-09-15T04:09:36.796Z     train/PPL=1.023
2026-09-15T04:09:51.852Z [2;36m[2026-09-15 04:09:51][0m [34mINFO    [0m [2m[olmo_core.train.callbacks.console_logger:68, c666d7a1480d, rank=0][0m [step=61/61,epoch=1]
2026-09-15T04:09:51.852Z     gpu_memory/GPU active mem (%)=78.46
2026-09-15T04:09:51.852Z     gpu_memory/GPU active mem (GiB)=62.18
2026-09-15T04:09:51.852Z     gpu_memory/GPU reserved mem (%)=83.74
2026-09-15T04:09:51.852Z     gpu_memory/GPU reserved mem (GiB)=66.36
2026-09-15T04:09:51.852Z     optim/LR (group 0)=0.0
2026-09-15T04:09:51.852Z     optim/LR (group 1)=0.0
2026-09-15T04:09:51.852Z     optim/step skipped=0.0
2026-09-15T04:09:51.852Z     optim/total grad norm=0.9305
2026-09-15T04:09:51.852Z     throughput/chinchilla multiple=9.51E-05
2026-09-15T04:09:51.852Z     throughput/device/BPS=0.0664
2026-09-15T04:09:51.852Z     throughput/device/BPS (actual avg)=0.0664
2026-09-15T04:09:51.852Z     throughput/device/MFU=31.95
2026-09-15T04:09:51.852Z     throughput/device/MFU (actual avg)=31.94
2026-09-15T04:09:51.852Z     throughput/device/TPS=4,353
2026-09-15T04:09:51.852Z     throughput/device/TPS (actual avg)=4,351
2026-09-15T04:09:51.852Z     throughput/device/flopsPS=99.69T
2026-09-15T04:09:51.852Z     throughput/device/flopsPS (actual avg)=99.65T
2026-09-15T04:09:51.852Z     throughput/total petaflops=183.1
2026-09-15T04:09:51.852Z     throughput/total tokens=7,995,392
2026-09-15T04:09:51.852Z     train/CE loss=0.0201
2026-09-15T04:09:51.852Z     throughput/device/data loading (%)=0.0097
2026-09-15T04:09:51.852Z     throughput/device/data loading (s)=0.0015
2026-09-15T04:09:51.852Z     train/PPL=1.020
2026-09-15T04:09:52.770Z [W915 04:09:52.581955639 AllocatorConfig.cpp:28] Warning: PYTORCH_CUDA_ALLOC_CONF is deprecated, use PYTORCH_ALLOC_CONF instead (function operator())
2026-09-15T04:09:52.770Z [W915 04:09:52.582144991 AllocatorConfig.cpp:28] Warning: PYTORCH_CUDA_ALLOC_CONF is deprecated, use PYTORCH_ALLOC_CONF instead (function operator())
2026-09-15T04:09:52.805Z [W915 04:09:52.617306242 AllocatorConfig.cpp:28] Warning: PYTORCH_CUDA_ALLOC_CONF is deprecated, use PYTORCH_ALLOC_CONF instead (function operator())
2026-09-15T04:09:52.839Z [W915 04:09:52.650703254 AllocatorConfig.cpp:28] Warning: PYTORCH_CUDA_ALLOC_CONF is deprecated, use PYTORCH_ALLOC_CONF instead (function operator())
2026-09-15T04:09:52.999Z [2;36m[2026-09-15 04:09:52][0m [34mINFO    [0m [2m[olmo_core.train.trainer:1520, c666d7a1480d, rank=0][0m Epoch complete
2026-09-15T04:09:53.002Z [2;36m[2026-09-15 04:09:53][0m [34mINFO    [0m [2m[olmo_core.train.callbacks.flop_meter:200, c666d7a1480d, rank=0][0m [flop-meter] wrote /weka/oe-training-default/ai2-llm/checkpoints/prasanns/ctc_suite/ckpts/f2k-outlier-dense-4M/flops.json: {'actual_pflops': 98.44318758760858, 'dense_equivalent_pflops': 98.44318758760858, 'actual_over_dense': 1.0, 'tokens_processed': 4298948, 'tokens_are_real': True, 'ffn_cost_frac': None, 'block_skip_keep_frac': None, 'kv_route_keep_frac': None, 'steps': 61, 'seq_len': 4096}
2026-09-15T04:09:53.002Z [2;36m[2026-09-15 04:09:53][0m [34mINFO    [0m [2m[olmo_core.train.trainer:1361, c666d7a1480d, rank=0][0m Waiting for bookkeeping ops to finish: 'reduce_metrics' (2 ops)...
2026-09-15T04:09:53.002Z [2;36m[2026-09-15 04:09:53][0m [34mINFO    [0m [2m[olmo_core.train.trainer:1361, c666d7a1480d, rank=0][0m Waiting for bookkeeping ops to finish: 'Trainer._check_if_canceled' (1 ops)...
2026-09-15T04:09:53.053Z [2;36m[2026-09-15 04:09:53][0m [34mINFO    [0m [2m[olmo_core.train.trainer:1366, c666d7a1480d, rank=0][0m All bookkeeping ops complete
2026-09-15T04:09:53.055Z [2;36m[2026-09-15 04:09:53][0m [34mINFO    [0m [2m[olmo_core.train.callbacks.wandb:116, c666d7a1480d, rank=0][0m Finalizing successful W&B run...
2026-09-15T04:09:53.055Z wandb: WARNING The `quiet` argument to `wandb.run.finish()` is deprecated, use `wandb.Settings(quiet=...)` to set this instead.
2026-09-15T04:09:53.157Z wandb: updating run metadata
2026-09-15T04:09:53.558Z wandb: uploading history steps 60-61, summary, console lines 1448-1478
2026-09-15T04:09:53.745Z wandb: 
2026-09-15T04:09:53.745Z wandb: Run history:
2026-09-15T04:09:53.745Z wandb:        checkpoint/load_duration_s ▁
2026-09-15T04:09:53.745Z wandb:      flop_meter/actual_over_dense ▁▁▁▁▁▁▁▁▁▁▁▁▁▁▁▁▁▁▁▁▁▁▁▁▁▁▁▁▁▁▁▁▁▁▁▁▁▁▁▁
2026-09-15T04:09:53.745Z wandb:          flop_meter/actual_pflops ▁▁▁▁▂▂▂▂▂▂▃▃▃▃▃▃▄▄▄▄▄▄▅▅▅▅▅▆▆▆▆▆▆▇▇▇▇███
2026-09-15T04:09:53.745Z wandb:           flop_meter/dense_pflops ▁▁▁▂▂▂▂▂▂▃▃▃▃▃▃▄▄▄▄▄▄▅▅▅▅▆▆▆▆▆▇▇▇▇▇▇▇███
2026-09-15T04:09:53.745Z wandb:     gpu_memory/GPU active mem (%) ▁▂▂▂▂▂▂▂▂▃▃▃▃▄▄▄▄▄▅▅▅▅▅▅▅▅▅▆▆▆▇▇▇▇▇▇▇▇▇█
2026-09-15T04:09:53.745Z wandb:   gpu_memory/GPU active mem (GiB) ▁▁▁▁▂▂▂▂▂▂▃▃▃▃▃▄▄▄▄▄▅▅▅▅▅▆▆▆▆▆▇▇▇▇▇█████
2026-09-15T04:09:53.745Z wandb:   gpu_memory/GPU reserved mem (%) ▁▁▁▁▁▁▁▁▁▁▁▁▁▁▁▁▁▁▁▁▁▁▁▁▁▁▁▁▁▁▁▁▁▁▁▁▁▁▁▁
2026-09-15T04:09:53.745Z wandb: gpu_memory/GPU reserved mem (GiB) ▁▁▁▁▁▁▁▁▁▁▁▁▁▁▁▁▁▁▁▁▁▁▁▁▁▁▁▁▁▁▁▁▁▁▁▁▁▁▁▁
2026-09-15T04:09:53.745Z wandb:                optim/LR (group 0) ▅███▇▇▇▇▇▇▆▆▆▆▆▅▅▅▅▅▅▅▄▄▄▄▄▄▃▃▃▃▃▃▂▂▂▂▁▁
2026-09-15T04:09:53.745Z wandb:                optim/LR (group 1) ████▇▇▇▇▇▇▆▆▆▆▆▅▅▅▅▅▄▄▄▄▄▄▃▃▃▃▃▂▂▂▂▂▁▁▁▁
2026-09-15T04:09:53.745Z wandb:                               +18 ...
2026-09-15T04:09:53.745Z wandb: 
2026-09-15T04:09:53.745Z wandb: Run summary:
2026-09-15T04:09:53.745Z wandb:        checkpoint/load_duration_s 21.06937
2026-09-15T04:09:53.745Z wandb:      flop_meter/actual_over_dense 1
2026-09-15T04:09:53.745Z wandb:          flop_meter/actual_pflops 98.44318
2026-09-15T04:09:53.745Z wandb:           flop_meter/dense_pflops 98.44318
2026-09-15T04:09:53.745Z wandb:     gpu_memory/GPU active mem (%) 78.45797
2026-09-15T04:09:53.745Z wandb:   gpu_memory/GPU active mem (GiB) 62.17928
2026-09-15T04:09:53.745Z wandb:   gpu_memory/GPU reserved mem (%) 83.73735
2026-09-15T04:09:53.745Z wandb: gpu_memory/GPU reserved mem (GiB) 66.36328
2026-09-15T04:09:53.745Z wandb:                optim/LR (group 0) 0
2026-09-15T04:09:53.745Z wandb:                optim/LR (group 1) 0
2026-09-15T04:09:53.745Z wandb:                               +18 ...
2026-09-15T04:09:53.745Z wandb: 
2026-09-15T04:09:53.745Z wandb: 🚀 View run f2k-outlier-dense-4M at: https://wandb.ai/prasanns-allen-institute-for-ai/memory-networks/runs/e1afl1iq
2026-09-15T04:09:53.745Z wandb: ⭐️ View project at: https://wandb.ai/prasanns-allen-institute-for-ai/memory-networks
2026-09-15T04:09:53.745Z wandb: Synced 5 W&B file(s), 0 media file(s), 0 artifact file(s) and 0 other file(s)
2026-09-15T04:09:53.746Z wandb: Find logs at: /weka/oe-training-default/ai2-llm/checkpoints/prasanns/ctc_suite/ckpts/f2k-outlier-dense-4M/wandb/wandb/run-20260915_035142-e1afl1iq/logs
2026-09-15T04:09:55.321Z [2;36m[2026-09-15 04:09:55][0m [34mINFO    [0m [2m[olmo_core.train.trainer:763, c666d7a1480d, rank=0][0m Training complete
2026-09-15T04:09:56.076Z [2;36m[2026-09-15 04:09:56][0m [33mWARNING [0m [2m[py.warnings:112, c666d7a1480d, rank=0][0m /opt/conda/lib/python3.12/site-packages/torch/distributed/_state_dict_utils.py:183: UserWarning: called a synchronizing CUDA operation (Triggered internally at /pytorch/c10/cuda/CUDAFunctions.cpp:162.)
2026-09-15T04:09:56.076Z   ret = ret.to(cpu_device)
2026-09-15T04:09:56.076Z 
2026-09-15T04:09:56.116Z [2;36m[2026-09-15 04:09:56][0m [33mWARNING [0m [2m[py.warnings:112, c666d7a1480d, rank=1][0m /opt/conda/lib/python3.12/site-packages/torch/distributed/_state_dict_utils.py:183: UserWarning: called a synchronizing CUDA operation (Triggered internally at /pytorch/c10/cuda/CUDAFunctions.cpp:162.)
2026-09-15T04:09:56.116Z   ret = ret.to(cpu_device)
2026-09-15T04:09:56.116Z 
2026-09-15T04:10:07.674Z [ctc-suite] saved model-only checkpoint -> /weka/oe-training-default/ai2-llm/checkpoints/prasanns/ctc_suite/ckpts/f2k-outlier-dense-4M
2026-09-15T04:10:09.240Z [W915 04:10:09.051592042 AllocatorConfig.cpp:28] Warning: PYTORCH_CUDA_ALLOC_CONF is deprecated, use PYTORCH_ALLOC_CONF instead (function operator())
2026-09-15T04:10:09.423Z [W915 04:10:09.234956002 AllocatorConfig.cpp:28] Warning: PYTORCH_CUDA_ALLOC_CONF is deprecated, use PYTORCH_ALLOC_CONF instead (function operator())
2026-09-15T04:10:10.483Z [W915 04:10:10.295030942 AllocatorConfig.cpp:28] Warning: PYTORCH_CUDA_ALLOC_CONF is deprecated, use PYTORCH_ALLOC_CONF instead (function operator())
