Logs for job 01M2HP7XK1P77B56Z7TZ4EVXQS of task train:
2026-09-15T04:47:39.828Z [36m[1m
2026-09-15T04:47:39.828Z ##########################################
2026-09-15T04:47:39.828Z ### [GANTRY] Validating environment... ###  
2026-09-15T04:47:39.828Z ##########################################
2026-09-15T04:47:39.828Z [0m
2026-09-15T04:47:39.830Z [36m[1m❯ [GANTRY INFO][0m Shell is GNU bash, version 5.1.16(1)-release (x86_64-pc-linux-gnu).
2026-09-15T04:47:39.830Z [36m[1m❯ [GANTRY INFO][0m Running on Beaker node 'saturn-cs-aus-242.reviz.ai2.in' (01JR9BWXRAN35EVAVDW4A4870Y)
2026-09-15T04:47:39.830Z [36m[1m❯ [GANTRY INFO][0m Results dataset [94m[4mhttps://beaker.org/ds/01M2HP7XFK6MGDG59T649S9S7R[0m mounted to '/results'.
2026-09-15T04:47:39.830Z [36m[1m❯ [GANTRY INFO][0m Checking for required tools...
2026-09-15T04:47:39.833Z [36m[1m❯ [GANTRY INFO][0m Using git version 2.34.1.
2026-09-15T04:47:39.842Z [36m[1m❯ [GANTRY INFO][0m Using curl 7.81.0 (x86_64-pc-linux-gnu) libcurl/7.81.0 OpenSSL/3.0.2 zlib/1.2.11 brotli/1.0.9 zstd/1.4.8 libidn2/2.3.2 libpsl/0.21.0 (+libidn2/2.3.2) libssh/0.9.6/openssl/zlib nghttp2/1.43.0 librtmp/2.3 OpenLDAP/2.5.19.
2026-09-15T04:47:39.842Z [36m[1m❯ [GANTRY INFO][0m Done.
2026-09-15T04:47:39.842Z [36m[1m❯ [GANTRY INFO][0m Installing AWS config...
2026-09-15T04:47:39.845Z [36m[1m❯ [GANTRY INFO][0m Done.
2026-09-15T04:47:39.845Z [36m[1m❯ [GANTRY INFO][0m Installing AWS credentials...
2026-09-15T04:47:39.847Z [36m[1m❯ [GANTRY INFO][0m Done.
2026-09-15T04:47:39.847Z [36m[1m❯ [GANTRY INFO][0m Installing Google Cloud credentials...
2026-09-15T04:47:39.850Z [36m[1m❯ [GANTRY INFO][0m Done.
2026-09-15T04:47:39.850Z [36m[1m❯ [GANTRY INFO][0m Creating PyTorch kernel cache directory...
2026-09-15T04:47:39.852Z [36m[1m❯ [GANTRY INFO][0m Done.
2026-09-15T04:47:39.852Z [36m[1m
2026-09-15T04:47:39.852Z #######################################
2026-09-15T04:47:39.852Z ### [GANTRY] Cloning source code... ###  
2026-09-15T04:47:39.852Z #######################################
2026-09-15T04:47:39.852Z [0m
2026-09-15T04:47:39.863Z [36m[1m❯ [GANTRY INFO][0m Cloning source from 'allenai/OLMo-core' @ '8b04a32043872f120eea46596be1eb64e336a236'...
2026-09-15T04:47:44.193Z [36m[1m❯ [GANTRY INFO][0m Done.
2026-09-15T04:47:44.193Z [36m[1m❯ [GANTRY INFO][0m Initializing git submodules...
2026-09-15T04:47:44.226Z [36m[1m❯ [GANTRY INFO][0m Done.
2026-09-15T04:47:44.226Z [36m[1m
2026-09-15T04:47:44.226Z #######################################
2026-09-15T04:47:44.226Z ### [GANTRY] Building Python env... ###  
2026-09-15T04:47:44.226Z #######################################
2026-09-15T04:47:44.226Z [0m
2026-09-15T04:47:44.226Z [36m[1m❯ [GANTRY INFO][0m Installing uv...
2026-09-15T04:47:45.283Z [36m[1m❯ [GANTRY INFO][0m Done. Installed uv 0.12.14 (x86_64-unknown-linux-gnu).
2026-09-15T04:47:45.290Z [36m[1m❯ [GANTRY INFO][0m Using existing Python 3.12.12 installation at '/opt/conda/bin/python'.
2026-09-15T04:47:45.293Z [36m[1m❯ [GANTRY INFO][0m Acquiring lock for uv install at '/results/lockfile'...
2026-09-15T04:47:45.294Z [36m[1m❯ [GANTRY INFO][0m Done.
2026-09-15T04:47:45.294Z [36m[1m❯ [GANTRY INFO][0m Installing local project...
2026-09-15T04:47:49.509Z [36m[1m❯ [GANTRY INFO][0m Done.
2026-09-15T04:47:49.530Z [36m[1m
2026-09-15T04:47:49.530Z ########################################
2026-09-15T04:47:49.530Z ### [GANTRY] Python environment info ###  
2026-09-15T04:47:49.530Z ########################################
2026-09-15T04:47:49.530Z [0m
2026-09-15T04:47:49.537Z [36m[1m❯ [GANTRY INFO][0m Using Python 3.12.12 from '/opt/conda/bin/python'.
2026-09-15T04:47:49.537Z [36m[1m❯ [GANTRY INFO][0m Packages:
2026-09-15T04:47:49.538Z [1mai2-olmo-core[0m @ file:///gantry-runtime
2026-09-15T04:47:49.538Z [1mai2-olmo-eval[0m==0.9.0
2026-09-15T04:47:49.538Z [1maiohappyeyeballs[0m==2.6.1
2026-09-15T04:47:49.538Z [1maiohttp[0m==3.13.2
2026-09-15T04:47:49.538Z [1maiosignal[0m==1.4.0
2026-09-15T04:47:49.538Z [1malabaster[0m==0.7.16
2026-09-15T04:47:49.538Z [1mannotated-types[0m==0.7.0
2026-09-15T04:47:49.538Z [1mantlr4-python3-runtime[0m==4.9.3
2026-09-15T04:47:49.538Z [1manyio[0m==4.11.0
2026-09-15T04:47:49.538Z [1mapache-tvm-ffi[0m==0.1.13.post3
2026-09-15T04:47:49.538Z [1marchspec[0m @ file:///home/conda/feedstock_root/build_artifacts/archspec_1737352602016/work
2026-09-15T04:47:49.538Z [1masttokens[0m @ file:///home/conda/feedstock_root/build_artifacts/asttokens_1763409923949/work
2026-09-15T04:47:49.538Z [1mattrs[0m @ file:///home/conda/feedstock_root/build_artifacts/attrs_1759762205280/work
2026-09-15T04:47:49.538Z [1mbabel[0m==2.17.0
2026-09-15T04:47:49.538Z [1mbeaker-gantry[0m==3.7.0
2026-09-15T04:47:49.538Z [1mbeaker-py[0m==2.8.0
2026-09-15T04:47:49.538Z [1mbeautifulsoup4[0m @ file:///home/conda/feedstock_root/build_artifacts/beautifulsoup4_1759146011391/work
2026-09-15T04:47:49.538Z [1mbettermap[0m==1.3.1
2026-09-15T04:47:49.538Z [1mblack[0m==23.12.1
2026-09-15T04:47:49.538Z [1mboltons[0m @ file:///home/conda/feedstock_root/build_artifacts/boltons_1749686179973/work
2026-09-15T04:47:49.538Z [1mboto3[0m==1.41.3
2026-09-15T04:47:49.538Z [1mbotocore[0m==1.41.3
2026-09-15T04:47:49.538Z [1mbrotli[0m @ file:///home/conda/feedstock_root/build_artifacts/brotli-split_1756599151967/work
2026-09-15T04:47:49.538Z [1mbuild[0m==1.3.0
2026-09-15T04:47:49.538Z [1mcached-path[0m==1.8.0
2026-09-15T04:47:49.538Z [1mcachetools[0m==6.2.2
2026-09-15T04:47:49.538Z [1mcertifi[0m @ file:///home/conda/feedstock_root/build_artifacts/certifi_1762976168352/work/certifi
2026-09-15T04:47:49.538Z [1mcffi[0m @ file:///home/conda/feedstock_root/build_artifacts/cffi_1761202850602/work
2026-09-15T04:47:49.538Z [1mchardet[0m @ file:///home/conda/feedstock_root/build_artifacts/chardet_1741797914774/work
2026-09-15T04:47:49.538Z [1mcharset-normalizer[0m @ file:///home/conda/feedstock_root/build_artifacts/charset-normalizer_1760437218288/work
2026-09-15T04:47:49.539Z [1mclick[0m @ file:///home/conda/feedstock_root/build_artifacts/click_1763248546991/work
2026-09-15T04:47:49.539Z [1mclick-help-colors[0m==0.9.4
2026-09-15T04:47:49.539Z [1mclick-option-group[0m==0.5.9
2026-09-15T04:47:49.539Z [1mcolorama[0m @ file:///home/conda/feedstock_root/build_artifacts/colorama_1733218098505/work
2026-09-15T04:47:49.539Z [1mcomet-ml[0m==3.54.2
2026-09-15T04:47:49.539Z [1mconda[0m @ file:///home/conda/feedstock_root/build_artifacts/conda_1760108593422/work/conda-src
2026-09-15T04:47:49.539Z [1mconda-build[0m @ file:///home/conda/feedstock_root/build_artifacts/conda-build_1763816195874/work
2026-09-15T04:47:49.539Z [1mconda-index[0m @ file:///home/conda/feedstock_root/build_artifacts/conda-index_1760661811794/work
2026-09-15T04:47:49.539Z [1mconda-libmamba-solver[0m @ file:///home/conda/feedstock_root/build_artifacts/conda-libmamba-solver_1745834476052/work/src
2026-09-15T04:47:49.539Z [1mconda-package-handling[0m @ file:///home/conda/feedstock_root/build_artifacts/conda-package-handling_1736345463896/work
2026-09-15T04:47:49.539Z [1mconda-package-streaming[0m @ file:///home/conda/feedstock_root/build_artifacts/conda-package-streaming_1751548120229/work
2026-09-15T04:47:49.539Z [1mconfigobj[0m==5.0.9
2026-09-15T04:47:49.539Z [1mcontourpy[0m==1.4.0
2026-09-15T04:47:49.539Z [1mcryptography[0m==46.0.3
2026-09-15T04:47:49.539Z [1mcuda-bindings[0m==13.4.1
2026-09-15T04:47:49.539Z [1mcuda-core[0m==1.2.0
2026-09-15T04:47:49.539Z [1mcuda-pathfinder[0m==1.8.1
2026-09-15T04:47:49.539Z [1mcuda-python[0m==13.4.1
2026-09-15T04:47:49.539Z [1mcycler[0m==0.12.1
2026-09-15T04:47:49.539Z [1mdataclass-extensions[0m==0.5.0
2026-09-15T04:47:49.539Z [1mdatasets[0m==3.6.0
2026-09-15T04:47:49.539Z [1mdecorator[0m @ file:///home/conda/feedstock_root/build_artifacts/decorator_1740384970518/work
2026-09-15T04:47:49.539Z [1mdill[0m==0.3.8
2026-09-15T04:47:49.539Z [1mdion[0m @ git+https://github.com/microsoft/dion.git@7452a5823cf9655b93c3f1d8020b4ebb2535239b
2026-09-15T04:47:49.539Z [1mdistro[0m @ file:///home/conda/feedstock_root/build_artifacts/distro_1734729835256/work
2026-09-15T04:47:49.539Z [1mdocker[0m==7.1.0
2026-09-15T04:47:49.539Z [1mdocutils[0m==0.20.1
2026-09-15T04:47:49.539Z [1mdulwich[0m==0.24.10
2026-09-15T04:47:49.539Z [1meinops[0m==0.8.1
2026-09-15T04:47:49.539Z [1mevalidate[0m @ file:///home/conda/feedstock_root/build_artifacts/bld/rattler-build_evalidate_1746793833/work
2026-09-15T04:47:49.539Z [1meverett[0m==3.1.0
2026-09-15T04:47:49.539Z [1mexecnet[0m==2.1.2
2026-09-15T04:47:49.539Z [1mexecuting[0m @ file:///home/conda/feedstock_root/build_artifacts/executing_1756729339227/work
2026-09-15T04:47:49.539Z [1mfilelock[0m @ file:///home/conda/feedstock_root/build_artifacts/filelock_1759948064277/work
2026-09-15T04:47:49.539Z [1mfla-core[0m==0.4.1
2026-09-15T04:47:49.539Z [1mflash-attn[0m==2.8.2
2026-09-15T04:47:49.539Z [1mflash-attn-4[0m==4.0.0b30
2026-09-15T04:47:49.539Z [1mflash-linear-attention[0m==0.4.1
2026-09-15T04:47:49.539Z [1mfonttools[0m==4.65.0
2026-09-15T04:47:49.539Z [1mfrozendict[0m @ file:///home/conda/feedstock_root/build_artifacts/frozendict_1756047928019/work
2026-09-15T04:47:49.539Z [1mfrozenlist[0m==1.8.0
2026-09-15T04:47:49.539Z [1mfsspec[0m==2025.3.0
2026-09-15T04:47:49.539Z [1mfuro[0m==2024.8.6
2026-09-15T04:47:49.539Z [1mgitdb[0m==4.0.12
2026-09-15T04:47:49.539Z [1mgitpython[0m==3.1.45
2026-09-15T04:47:49.539Z [1mgoogle-api-core[0m==2.28.1
2026-09-15T04:47:49.539Z [1mgoogle-auth[0m==2.43.0
2026-09-15T04:47:49.539Z [1mgoogle-cloud-compute[0m==1.40.0
2026-09-15T04:47:49.539Z [1mgoogle-cloud-core[0m==2.5.0
2026-09-15T04:47:49.539Z [1mgoogle-cloud-storage[0m==2.19.0
2026-09-15T04:47:49.539Z [1mgoogle-crc32c[0m==1.7.1
2026-09-15T04:47:49.539Z [1mgoogle-resumable-media[0m==2.8.0
2026-09-15T04:47:49.539Z [1mgoogleapis-common-protos[0m==1.72.0
2026-09-15T04:47:49.539Z [1mgrouped-gemm[0m @ git+https://git@github.com/tgale96/grouped_gemm.git@f1429a3c44c98f7912aa4b00125144cdf4e7fdb2
2026-09-15T04:47:49.539Z [1mgrpcio[0m==1.76.0
2026-09-15T04:47:49.539Z [1mgrpcio-status[0m==1.76.0
2026-09-15T04:47:49.539Z [1mh11[0m==0.16.0
2026-09-15T04:47:49.539Z [1mh2[0m @ file:///home/conda/feedstock_root/build_artifacts/bld/rattler-build_h2_1756364871/work
2026-09-15T04:47:49.539Z [1mhf-xet[0m==1.2.0
2026-09-15T04:47:49.539Z [1mhpack[0m @ file:///home/conda/feedstock_root/build_artifacts/hpack_1737618293087/work
2026-09-15T04:47:49.539Z [1mhttpcore[0m==1.0.9
2026-09-15T04:47:49.539Z [1mhttpx[0m==0.28.1
2026-09-15T04:47:49.539Z [1mhuggingface-hub[0m==0.36.0
2026-09-15T04:47:49.539Z [1mhyperframe[0m @ file:///home/conda/feedstock_root/build_artifacts/hyperframe_1737618333194/work
2026-09-15T04:47:49.539Z [1mid[0m==1.5.0
2026-09-15T04:47:49.539Z [1midna[0m @ file:///home/conda/feedstock_root/build_artifacts/idna_1760286409563/work
2026-09-15T04:47:49.539Z [1mimagesize[0m==1.4.1
2026-09-15T04:47:49.539Z [1mimportlib-metadata[0m==8.7.0
2026-09-15T04:47:49.539Z [1mimportlib-resources[0m==6.5.2
2026-09-15T04:47:49.539Z [1miniconfig[0m==2.3.0
2026-09-15T04:47:49.539Z [1mipython[0m @ file:///home/conda/feedstock_root/build_artifacts/bld/rattler-build_ipython_1762350942/work
2026-09-15T04:47:49.539Z [1mipython-pygments-lexers[0m @ file:///home/conda/feedstock_root/build_artifacts/ipython_pygments_lexers_1737123620466/work
2026-09-15T04:47:49.539Z [1misort[0m==5.13.2
2026-09-15T04:47:49.539Z [1mjaraco-classes[0m==3.4.0
2026-09-15T04:47:49.539Z [1mjaraco-context[0m==6.0.1
2026-09-15T04:47:49.539Z [1mjaraco-functools[0m==4.3.0
2026-09-15T04:47:49.539Z [1mjedi[0m @ file:///home/conda/feedstock_root/build_artifacts/jedi_1733300866624/work
2026-09-15T04:47:49.539Z [1mjeepney[0m==0.9.0
2026-09-15T04:47:49.539Z [1mjinja2[0m @ file:///home/conda/feedstock_root/build_artifacts/jinja2_1741263328855/work
2026-09-15T04:47:49.539Z [1mjmespath[0m==1.0.1
2026-09-15T04:47:49.539Z [1mjsonpatch[0m @ file:///home/conda/feedstock_root/build_artifacts/jsonpatch_1733814567314/work
2026-09-15T04:47:49.539Z [1mjsonpointer[0m @ file:///home/conda/feedstock_root/build_artifacts/jsonpointer_1756754132407/work
2026-09-15T04:47:49.539Z [1mjsonschema[0m @ file:///home/conda/feedstock_root/build_artifacts/bld/rattler-build_jsonschema_1755595646/work
2026-09-15T04:47:49.539Z [1mjsonschema-specifications[0m @ file:///tmp/tmptzik3dqa/src
2026-09-15T04:47:49.539Z [1mkeyring[0m==25.7.0
2026-09-15T04:47:49.539Z [1mkiwisolver[0m==1.5.1
2026-09-15T04:47:49.539Z [1mlibarchive-c[0m @ file:///home/conda/feedstock_root/build_artifacts/bld/rattler-build_python-libarchive-c_1754663558/work
2026-09-15T04:47:49.539Z [1mlibmambapy[0m @ file:///home/conda/feedstock_root/build_artifacts/bld/rattler-build_libmambapy_1760729597/work/libmambapy
2026-09-15T04:47:49.539Z [1mlief[0m @ file:///home/conda/feedstock_root/build_artifacts/lief_1760811648956/work/api/python
2026-09-15T04:47:49.539Z [1mliger-kernel[0m==0.6.4
2026-09-15T04:47:49.539Z [1mlightning-utilities[0m==0.15.2
2026-09-15T04:47:49.539Z [1mlinkify-it-py[0m==2.0.3
2026-09-15T04:47:49.539Z [1mmarkdown-it-py[0m==3.0.0
2026-09-15T04:47:49.539Z [1mmarkupsafe[0m @ file:///home/conda/feedstock_root/build_artifacts/markupsafe_1759055168201/work
2026-09-15T04:47:49.539Z [1mmatplotlib[0m==3.11.2
2026-09-15T04:47:49.539Z [1mmatplotlib-inline[0m @ file:///home/conda/feedstock_root/build_artifacts/matplotlib-inline_1761214490209/work
2026-09-15T04:47:49.539Z [1mmdit-py-plugins[0m==0.5.0
2026-09-15T04:47:49.539Z [1mmdurl[0m==0.1.2
2026-09-15T04:47:49.539Z [1mmemray[0m==1.19.1
2026-09-15T04:47:49.539Z [1mmenuinst[0m @ file:///home/conda/feedstock_root/build_artifacts/menuinst_1761299738838/work
2026-09-15T04:47:49.539Z [1mml-dtypes[0m==0.5.4
2026-09-15T04:47:49.539Z [1mmore-itertools[0m==10.8.0
2026-09-15T04:47:49.539Z [1mmpmath[0m==1.3.0
2026-09-15T04:47:49.539Z [1mmsgpack[0m @ file:///home/conda/feedstock_root/build_artifacts/msgpack-python_1762503974934/work
2026-09-15T04:47:49.539Z [1mmultidict[0m==6.7.0
2026-09-15T04:47:49.539Z [1mmultiprocess[0m==0.70.16
2026-09-15T04:47:49.539Z [1mmypy[0m==1.3.0
2026-09-15T04:47:49.539Z [1mmypy-extensions[0m==1.1.0
2026-09-15T04:47:49.539Z [1mmyst-parser[0m==2.0.0
2026-09-15T04:47:49.539Z [1mnetworkx[0m==3.5
2026-09-15T04:47:49.539Z [1mnh3[0m==0.3.2
2026-09-15T04:47:49.539Z [1mninja[0m==1.13.0
2026-09-15T04:47:49.539Z [1mnumpy[0m @ file:///home/conda/feedstock_root/build_artifacts/bld/rattler-build_numpy_1763351074/work/dist/numpy-2.3.5-cp312-cp312-linux_x86_64.whl#sha256=585a706a3c889590365479b2cdbe308c23addd9fae26c7937f4b74887269b6e3
2026-09-15T04:47:49.539Z [1mnvidia-cublas-cu12[0m==12.8.4.1
2026-09-15T04:47:49.539Z [1mnvidia-cuda-cupti-cu12[0m==12.8.90
2026-09-15T04:47:49.539Z [1mnvidia-cuda-nvdisasm[0m==13.4.49
2026-09-15T04:47:49.539Z [1mnvidia-cuda-nvrtc-cu12[0m==12.8.93
2026-09-15T04:47:49.539Z [1mnvidia-cuda-runtime-cu12[0m==12.8.90
2026-09-15T04:47:49.539Z [1mnvidia-cudnn-cu12[0m==9.10.2.21
2026-09-15T04:47:49.539Z [1mnvidia-cufft-cu12[0m==11.3.3.83
2026-09-15T04:47:49.539Z [1mnvidia-cufile-cu12[0m==1.13.1.3
2026-09-15T04:47:49.539Z [1mnvidia-curand-cu12[0m==10.3.9.90
2026-09-15T04:47:49.539Z [1mnvidia-cusolver-cu12[0m==11.7.3.90
2026-09-15T04:47:49.539Z [1mnvidia-cusparse-cu12[0m==12.5.8.93
2026-09-15T04:47:49.539Z [1mnvidia-cusparselt-cu12[0m==0.7.1
2026-09-15T04:47:49.539Z [1mnvidia-cutlass-dsl[0m==4.7.1
2026-09-15T04:47:49.539Z [1mnvidia-cutlass-dsl-libs-base[0m==4.7.1
2026-09-15T04:47:49.539Z [1mnvidia-cutlass-dsl-libs-core[0m==4.7.1
2026-09-15T04:47:49.539Z [1mnvidia-cutlass-dsl-libs-cu12[0m==4.7.1
2026-09-15T04:47:49.539Z [1mnvidia-nccl-cu12[0m==2.27.5
2026-09-15T04:47:49.539Z [1mnvidia-nvjitlink-cu12[0m==12.8.93
2026-09-15T04:47:49.539Z [1mnvidia-nvshmem-cu12[0m==3.3.20
2026-09-15T04:47:49.539Z [1mnvidia-nvtx-cu12[0m==12.8.90
2026-09-15T04:47:49.539Z [1momegaconf[0m==2.3.0
2026-09-15T04:47:49.539Z [1monnx[0m==1.19.1
2026-09-15T04:47:49.539Z [1monnx-ir[0m==0.1.12
2026-09-15T04:47:49.539Z [1monnxscript[0m==0.5.6
2026-09-15T04:47:49.539Z [1mpackaging[0m @ file:///home/conda/feedstock_root/build_artifacts/bld/rattler-build_packaging_1745345660/work
2026-09-15T04:47:49.539Z [1mpandas[0m==2.3.3
2026-09-15T04:47:49.539Z [1mparso[0m @ file:///home/conda/feedstock_root/build_artifacts/bld/rattler-build_parso_1755974222/work
2026-09-15T04:47:49.539Z [1mpathspec[0m==0.12.1
2026-09-15T04:47:49.539Z [1mpetname[0m==2.9
2026-09-15T04:47:49.539Z [1mpexpect[0m @ file:///home/conda/feedstock_root/build_artifacts/pexpect_1733301927746/work
2026-09-15T04:47:49.539Z [1mpillow[0m==11.3.0
2026-09-15T04:47:49.539Z [1mpip[0m==25.3
2026-09-15T04:47:49.539Z [1mpkginfo[0m @ file:///home/conda/feedstock_root/build_artifacts/pkginfo_1739984581450/work
2026-09-15T04:47:49.539Z [1mplatformdirs[0m @ file:///home/conda/feedstock_root/build_artifacts/bld/rattler-build_platformdirs_1759953252/work
2026-09-15T04:47:49.539Z [1mpluggy[0m @ file:///home/conda/feedstock_root/build_artifacts/pluggy_1747339660894/work
2026-09-15T04:47:49.539Z [1mprompt-toolkit[0m @ file:///home/conda/feedstock_root/build_artifacts/prompt-toolkit_1756321756983/work
2026-09-15T04:47:49.539Z [1mpropcache[0m==0.4.1
2026-09-15T04:47:49.539Z [1mproto-plus[0m==1.26.1
2026-09-15T04:47:49.539Z [1mprotobuf[0m==6.33.1
2026-09-15T04:47:49.539Z [1mpsutil[0m @ file:///home/conda/feedstock_root/build_artifacts/bld/rattler-build_psutil_1762092914/work
2026-09-15T04:47:49.539Z [1mptyprocess[0m @ file:///home/conda/feedstock_root/build_artifacts/ptyprocess_1733302279685/work/dist/ptyprocess-0.7.0-py2.py3-none-any.whl#sha256=92c32ff62b5fd8cf325bec5ab90d7be3d2a8ca8c8a3813ff487a8d2002630d1f
2026-09-15T04:47:49.539Z [1mpure-eval[0m @ file:///home/conda/feedstock_root/build_artifacts/pure_eval_1733569405015/work
2026-09-15T04:47:49.539Z [1mpyarrow[0m==19.0.1
2026-09-15T04:47:49.539Z [1mpyasn1[0m==0.6.1
2026-09-15T04:47:49.539Z [1mpyasn1-modules[0m==0.4.2
2026-09-15T04:47:49.539Z [1mpycosat[0m @ file:///home/conda/feedstock_root/build_artifacts/pycosat_1757744639790/work
2026-09-15T04:47:49.539Z [1mpycparser[0m @ file:///home/conda/feedstock_root/build_artifacts/bld/rattler-build_pycparser_1733195786/work
2026-09-15T04:47:49.539Z [1mpydantic[0m==2.12.4
2026-09-15T04:47:49.539Z [1mpydantic-core[0m==2.41.5
2026-09-15T04:47:49.539Z [1mpygments[0m @ file:///home/conda/feedstock_root/build_artifacts/pygments_1750615794071/work
2026-09-15T04:47:49.539Z [1mpyparsing[0m==3.3.2
2026-09-15T04:47:49.539Z [1mpyproject-hooks[0m==1.2.0
2026-09-15T04:47:49.539Z [1mpysocks[0m @ file:///home/conda/feedstock_root/build_artifacts/pysocks_1733217236728/work
2026-09-15T04:47:49.539Z [1mpytest[0m==9.0.1
2026-09-15T04:47:49.539Z [1mpytest-memray[0m==1.8.0
2026-09-15T04:47:49.539Z [1mpytest-sphinx[0m==0.6.3
2026-09-15T04:47:49.539Z [1mpytest-xdist[0m==3.8.0
2026-09-15T04:47:49.539Z [1mpython-box[0m==6.1.0
2026-09-15T04:47:49.539Z [1mpython-dateutil[0m==2.9.0.post0
2026-09-15T04:47:49.539Z [1mpytz[0m @ file:///home/conda/feedstock_root/build_artifacts/pytz_1742920838005/work
2026-09-15T04:47:49.539Z [1mpyyaml[0m @ file:///home/conda/feedstock_root/build_artifacts/pyyaml_1758891829620/work
2026-09-15T04:47:49.539Z [1mquack-kernels[0m==0.6.5
2026-09-15T04:47:49.539Z [1mreadme-renderer[0m==43.0
2026-09-15T04:47:49.539Z [1mreferencing[0m @ file:///home/conda/feedstock_root/build_artifacts/bld/rattler-build_referencing_1760379115/work
2026-09-15T04:47:49.539Z [1mregex[0m==2025.11.3
2026-09-15T04:47:49.539Z [1mrequests[0m @ file:///home/conda/feedstock_root/build_artifacts/requests_1755614211359/work
2026-09-15T04:47:49.539Z [1mrequests-toolbelt[0m==1.0.0
2026-09-15T04:47:49.539Z [1mrfc3986[0m==2.0.0
2026-09-15T04:47:49.539Z [1mrich[0m==13.9.4
2026-09-15T04:47:49.539Z [1mring-flash-attn[0m==0.1.8
2026-09-15T04:47:49.539Z [1mrpds-py[0m @ file:///home/conda/feedstock_root/build_artifacts/bld/rattler-build_rpds-py_1763327046/work
2026-09-15T04:47:49.539Z [1mrsa[0m==4.9.1
2026-09-15T04:47:49.539Z [1mruamel-yaml[0m @ file:///home/conda/feedstock_root/build_artifacts/ruamel.yaml_1761160588389/work
2026-09-15T04:47:49.539Z [1mruamel-yaml-clib[0m @ file:///home/conda/feedstock_root/build_artifacts/ruamel.yaml.clib_1760564169582/work
2026-09-15T04:47:49.539Z [1mruff[0m==0.14.6
2026-09-15T04:47:49.539Z [1ms3transfer[0m==0.15.0
2026-09-15T04:47:49.540Z [1msafetensors[0m==0.7.0
2026-09-15T04:47:49.540Z [1msecretstorage[0m==3.5.0
2026-09-15T04:47:49.540Z [1msemantic-version[0m==2.10.0
2026-09-15T04:47:49.540Z [1msentry-sdk[0m==2.46.0
2026-09-15T04:47:49.540Z [1msetuptools[0m==69.5.1
2026-09-15T04:47:49.540Z [1msimplejson[0m==3.20.2
2026-09-15T04:47:49.540Z [1msix[0m==1.17.0
2026-09-15T04:47:49.540Z [1msmmap[0m==5.0.2
2026-09-15T04:47:49.540Z [1msniffio[0m==1.3.1
2026-09-15T04:47:49.540Z [1msnowballstemmer[0m==3.0.1
2026-09-15T04:47:49.540Z [1msoupsieve[0m @ file:///home/conda/feedstock_root/build_artifacts/soupsieve_1756330469801/work
2026-09-15T04:47:49.540Z [1msphinx[0m==7.4.7
2026-09-15T04:47:49.540Z [1msphinx-autobuild[0m==2025.8.25
2026-09-15T04:47:49.540Z [1msphinx-autodoc-typehints[0m==1.23.3
2026-09-15T04:47:49.540Z [1msphinx-basic-ng[0m==1.0.0b2
2026-09-15T04:47:49.540Z [1msphinx-copybutton[0m==0.5.2
2026-09-15T04:47:49.540Z [1msphinx-inline-tabs[0m==2023.4.21
2026-09-15T04:47:49.540Z [1msphinxcontrib-applehelp[0m==2.0.0
2026-09-15T04:47:49.540Z [1msphinxcontrib-devhelp[0m==2.0.0
2026-09-15T04:47:49.540Z [1msphinxcontrib-htmlhelp[0m==2.1.0
2026-09-15T04:47:49.540Z [1msphinxcontrib-jsmath[0m==1.0.1
2026-09-15T04:47:49.540Z [1msphinxcontrib-qthelp[0m==2.0.0
2026-09-15T04:47:49.540Z [1msphinxcontrib-serializinghtml[0m==2.0.0
2026-09-15T04:47:49.540Z [1mstack-data[0m @ file:///home/conda/feedstock_root/build_artifacts/stack_data_1733569443808/work
2026-09-15T04:47:49.540Z [1mstarlette[0m==0.50.0
2026-09-15T04:47:49.540Z [1msympy[0m==1.14.0
2026-09-15T04:47:49.540Z [1mtextual[0m==6.2.1
2026-09-15T04:47:49.540Z [1mtokenizers[0m==0.22.1
2026-09-15T04:47:49.540Z [1mtomli[0m==2.4.1
2026-09-15T04:47:49.540Z [1mtorch[0m==2.9.1+cu128
2026-09-15T04:47:49.540Z [1mtorch-c-dlpack-ext[0m==0.1.5
2026-09-15T04:47:49.540Z [1mtorchao[0m==0.15.0
2026-09-15T04:47:49.540Z [1mtorchaudio[0m==2.9.1+cu128
2026-09-15T04:47:49.540Z [1mtorchmetrics[0m==1.8.2
2026-09-15T04:47:49.540Z [1mtorchvision[0m==0.24.1+cu128
2026-09-15T04:47:49.540Z [1mtqdm[0m @ file:///home/conda/feedstock_root/build_artifacts/tqdm_1735661334605/work
2026-09-15T04:47:49.540Z [1mtraitlets[0m @ file:///home/conda/feedstock_root/build_artifacts/traitlets_1733367359838/work
2026-09-15T04:47:49.540Z [1mtransformer-engine[0m==2.9.0
2026-09-15T04:47:49.540Z [1mtransformer-engine-cu12[0m==2.9.0
2026-09-15T04:47:49.540Z [1mtransformer-engine-torch[0m==2.9.0
2026-09-15T04:47:49.540Z [1mtransformers[0m==4.57.3
2026-09-15T04:47:49.540Z [1mtriton[0m==3.5.1
2026-09-15T04:47:49.540Z [1mtruststore[0m @ file:///home/conda/feedstock_root/build_artifacts/bld/rattler-build_truststore_1753886790/work
2026-09-15T04:47:49.540Z [1mtwine[0m==6.2.0
2026-09-15T04:47:49.540Z [1mtyping-extensions[0m @ file:///home/conda/feedstock_root/build_artifacts/bld/rattler-build_typing_extensions_1756220668/work
2026-09-15T04:47:49.540Z [1mtyping-inspection[0m==0.4.2
2026-09-15T04:47:49.540Z [1mtzdata[0m==2025.2
2026-09-15T04:47:49.540Z [1muc-micro-py[0m==1.0.3
2026-09-15T04:47:49.540Z [1murllib3[0m @ file:///home/conda/feedstock_root/build_artifacts/urllib3_1750271362675/work
2026-09-15T04:47:49.540Z [1muvicorn[0m==0.38.0
2026-09-15T04:47:49.540Z [1mwandb[0m==0.23.0
2026-09-15T04:47:49.540Z [1mwatchfiles[0m==1.1.1
2026-09-15T04:47:49.540Z [1mwcwidth[0m @ file:///home/conda/feedstock_root/build_artifacts/wcwidth_1758622279606/work
2026-09-15T04:47:49.540Z [1mwebsockets[0m==15.0.1
2026-09-15T04:47:49.540Z [1mwheel[0m==0.45.1
2026-09-15T04:47:49.540Z [1mwrapt[0m==2.0.1
2026-09-15T04:47:49.540Z [1mwurlitzer[0m==3.1.1
2026-09-15T04:47:49.540Z [1mxxhash[0m==3.6.0
2026-09-15T04:47:49.540Z [1myarl[0m==1.22.0
2026-09-15T04:47:49.540Z [1mzipp[0m==3.23.0
2026-09-15T04:47:49.540Z [1mzstandard[0m==0.25.0
2026-09-15T04:47:49.540Z [36m[1m
2026-09-15T04:47:49.540Z #####################################
2026-09-15T04:47:49.540Z ### [GANTRY] NVIDIA system status ###  
2026-09-15T04:47:49.540Z #####################################
2026-09-15T04:47:49.540Z [0m
2026-09-15T04:47:49.621Z Tue Sep 15 04:47:49 2026       
2026-09-15T04:47:49.621Z +-----------------------------------------------------------------------------------------+
2026-09-15T04:47:49.621Z | NVIDIA-SMI 570.124.06             Driver Version: 570.124.06     CUDA Version: 12.8     |
2026-09-15T04:47:49.621Z |-----------------------------------------+------------------------+----------------------+
2026-09-15T04:47:49.621Z | GPU  Name                 Persistence-M | Bus-Id          Disp.A | Volatile Uncorr. ECC |
2026-09-15T04:47:49.621Z | Fan  Temp   Perf          Pwr:Usage/Cap |           Memory-Usage | GPU-Util  Compute M. |
2026-09-15T04:47:49.621Z |                                         |                        |               MIG M. |
2026-09-15T04:47:49.621Z |=========================================+========================+======================|
2026-09-15T04:47:49.664Z |   0  NVIDIA A100-SXM4-80GB          On  |   00000000:8A:00.0 Off |                    0 |
2026-09-15T04:47:49.664Z | N/A   29C    P0             62W /  400W |       1MiB /  81920MiB |      0%      Default |
2026-09-15T04:47:49.664Z |                                         |                        |             Disabled |
2026-09-15T04:47:49.664Z +-----------------------------------------+------------------------+----------------------+
2026-09-15T04:47:49.673Z |   1  NVIDIA A100-SXM4-80GB          On  |   00000000:C0:00.0 Off |                    0 |
2026-09-15T04:47:49.673Z | N/A   30C    P0             62W /  400W |       1MiB /  81920MiB |      0%      Default |
2026-09-15T04:47:49.673Z |                                         |                        |             Disabled |
2026-09-15T04:47:49.673Z +-----------------------------------------+------------------------+----------------------+
2026-09-15T04:47:49.673Z                                                                                          
2026-09-15T04:47:49.673Z +-----------------------------------------------------------------------------------------+
2026-09-15T04:47:49.673Z | Processes:                                                                              |
2026-09-15T04:47:49.673Z |  GPU   GI   CI              PID   Type   Process name                        GPU Memory |
2026-09-15T04:47:49.673Z |        ID   ID                                                               Usage      |
2026-09-15T04:47:49.673Z |=========================================================================================|
2026-09-15T04:47:49.675Z |  No running processes found                                                             |
2026-09-15T04:47:49.675Z +-----------------------------------------------------------------------------------------+
2026-09-15T04:47:50.475Z [36m[1m
2026-09-15T04:47:50.475Z ###############################
2026-09-15T04:47:50.475Z ### [GANTRY] Setup complete ###  (finished in 11 seconds)
2026-09-15T04:47:50.475Z ###############################
2026-09-15T04:47:50.475Z [0m
2026-09-15T04:47:59.821Z /opt/conda/lib/python3.12/site-packages/torchao/quantization/quant_api.py:2525: SyntaxWarning: invalid escape sequence '\.'
2026-09-15T04:47:59.821Z   * regex for parameter names, must start with `re:`, e.g. `re:language\.layers\..+\.q_proj.weight`.
2026-09-15T04:47:59.822Z /opt/conda/lib/python3.12/site-packages/torchao/quantization/quant_api.py:2525: SyntaxWarning: invalid escape sequence '\.'
2026-09-15T04:47:59.822Z   * regex for parameter names, must start with `re:`, e.g. `re:language\.layers\..+\.q_proj.weight`.
2026-09-15T04:48:00.226Z Supported flash-attn versions are >= 2.1.1, <= 2.8.1. Found flash-attn 2.8.2.
2026-09-15T04:48:00.229Z Supported flash-attn versions are >= 2.1.1, <= 2.8.1. Found flash-attn 2.8.2.
2026-09-15T04:48:00.240Z Supported flash-attn versions are >= 2.1.1, <= 2.8.1. Found flash-attn 2.8.2.
2026-09-15T04:48:00.243Z Supported flash-attn versions are >= 2.1.1, <= 2.8.1. Found flash-attn 2.8.2.
2026-09-15T04:48:01.650Z Setting env var 'TORCH_NCCL_AVOID_RECORD_STREAMS' to '1'
2026-09-15T04:48:01.650Z Setting env var 'TORCH_DIST_INIT_BARRIER' to '1'
2026-09-15T04:48:01.650Z Running in beaker on node 'saturn-cs-aus-242.reviz.ai2.in'
2026-09-15T04:48:01.650Z Setting env var 'TORCH_NCCL_AVOID_RECORD_STREAMS' to '1'
2026-09-15T04:48:01.650Z Setting env var 'TORCH_DIST_INIT_BARRIER' to '1'
2026-09-15T04:48:01.650Z Running in beaker on node 'saturn-cs-aus-242.reviz.ai2.in'
2026-09-15T04:48:01.968Z Initializing process group with timeout=datetime.timedelta(seconds=900)...
2026-09-15T04:48:01.970Z Initializing process group with timeout=datetime.timedelta(seconds=900)...
2026-09-15T04:48:02.016Z [Gloo] Rank 0 is connected to 1 peer ranks. Expected number of connected peer ranks is : 1
2026-09-15T04:48:02.016Z [Gloo] Rank 1 is connected to 1 peer ranks. Expected number of connected peer ranks is : 1
2026-09-15T04:48:02.016Z [W915 04:48:02.095244837 ProcessGroupNCCL.cpp:924] Warning: TORCH_NCCL_AVOID_RECORD_STREAMS is the default now, this environment variable is thus deprecated. (function operator())
2026-09-15T04:48:02.016Z [W915 04:48:02.095320618 ProcessGroupNCCL.cpp:924] Warning: TORCH_NCCL_AVOID_RECORD_STREAMS is the default now, this environment variable is thus deprecated. (function operator())
2026-09-15T04:48:02.016Z Global rank 0 = local rank 0 = file system local rank 0
2026-09-15T04:48:02.016Z Global rank 1 = local rank 1 = file system local rank 1
2026-09-15T04:48:02.018Z [2;36m[2026-09-15 04:48:02][0m [34mINFO    [0m [2m[olmo_core.utils:237, 88377262b50a, rank=0][0m Env var 'OMP_NUM_THREADS' already set to '8'
2026-09-15T04:48:02.018Z [2;36m[2026-09-15 04:48:02][0m [34mINFO    [0m [2m[olmo_core.utils:237, 88377262b50a, rank=0][0m Setting env var 'TOKENIZERS_PARALLELISM' to 'false'
2026-09-15T04:48:02.019Z [2;36m[2026-09-15 04:48:02][0m [34mINFO    [0m [2m[olmo_core.train:148, 88377262b50a, rank=0][0m Using distributed backend cpu:gloo,cuda:nccl
2026-09-15T04:48:02.021Z [ctc-suite] task=outlier variant=softtoken scale=4b n_examples=1953 epochs=1 seq_len=4096 global_batch=32 world_size=2 curriculum=None
2026-09-15T04:48:02.021Z [ctc-suite] wandb group: https://wandb.ai/prasanns-allen-institute-for-ai/memory-networks/groups/f2k-q35-4b
2026-09-15T04:48:02.021Z [ctc-suite] task=outlier variant=softtoken scale=4b n_examples=1953 epochs=1 seq_len=4096 global_batch=32 world_size=2 curriculum=None
2026-09-15T04:48:02.021Z [ctc-suite] wandb group: https://wandb.ai/prasanns-allen-institute-for-ai/memory-networks/groups/f2k-q35-4b
2026-09-15T04:48:02.029Z [2;36m[2026-09-15 04:48:02][0m [34mINFO    [0m [2m[olmo_core.nn.transformer.config:373, 88377262b50a, rank=0][0m Building transformer with 4,841,450,496 total params, 4,205,751,296 non-embedding params
2026-09-15T04:48:02.841Z [2;36m[2026-09-15 04:48:02][0m [34mINFO    [0m [2m[olmo_core.nn.attention:1150, 88377262b50a, rank=0][0m Using attention backend 'flash_2'
2026-09-15T04:48:02.847Z [2;36m[2026-09-15 04:48:02][0m [34mINFO    [0m [2m[olmo_core.nn.attention:1150, 88377262b50a, rank=0][0m Using attention backend 'flash_2'
2026-09-15T04:48:02.855Z [2;36m[2026-09-15 04:48:02][0m [34mINFO    [0m [2m[olmo_core.nn.attention:1150, 88377262b50a, rank=0][0m Using attention backend 'flash_2'
2026-09-15T04:48:02.861Z [2;36m[2026-09-15 04:48:02][0m [34mINFO    [0m [2m[olmo_core.nn.attention:1150, 88377262b50a, rank=0][0m Using attention backend 'flash_2'
2026-09-15T04:48:02.868Z [2;36m[2026-09-15 04:48:02][0m [34mINFO    [0m [2m[olmo_core.nn.attention:1150, 88377262b50a, rank=0][0m Using attention backend 'flash_2'
2026-09-15T04:48:02.874Z [2;36m[2026-09-15 04:48:02][0m [34mINFO    [0m [2m[olmo_core.nn.attention:1150, 88377262b50a, rank=0][0m Using attention backend 'flash_2'
2026-09-15T04:48:02.881Z [2;36m[2026-09-15 04:48:02][0m [34mINFO    [0m [2m[olmo_core.nn.attention:1150, 88377262b50a, rank=0][0m Using attention backend 'flash_2'
2026-09-15T04:48:02.887Z [2;36m[2026-09-15 04:48:02][0m [34mINFO    [0m [2m[olmo_core.nn.attention:1150, 88377262b50a, rank=0][0m Using attention backend 'flash_2'
2026-09-15T04:48:02.895Z [ctc-suite] softtoken: header_stop_id=5491 (count 1) detach_gdn=True detach=True len_bias=False distill_prob=0.0 keep_mode=gold_plus_random n_random=128 keep_frac=None gold_blind=True keep_prob=0.1667 mix=(0.0->0.0 over 496/496 calls)
2026-09-15T04:48:02.899Z [2;36m[2026-09-15 04:48:02][0m [34mINFO    [0m [2m[olmo_core.nn.transformer.config:446, 88377262b50a, rank=0][0m Transformer(
2026-09-15T04:48:02.899Z   (embeddings): Embedding(248320, 2560)
2026-09-15T04:48:02.899Z   (blocks): ModuleDict(
2026-09-15T04:48:02.899Z     (0): TransformerBlock(
2026-09-15T04:48:02.899Z       (attention): GatedDeltaNet(
2026-09-15T04:48:02.899Z         (w_q): Linear(in_features=2560, out_features=2048, bias=False)
2026-09-15T04:48:02.899Z         (w_k): Linear(in_features=2560, out_features=2048, bias=False)
2026-09-15T04:48:02.899Z         (w_v): Linear(in_features=2560, out_features=4096, bias=False)
2026-09-15T04:48:02.899Z         (w_a): Linear(in_features=2560, out_features=32, bias=False)
2026-09-15T04:48:02.899Z         (w_b): Linear(in_features=2560, out_features=32, bias=False)
2026-09-15T04:48:02.899Z         (q_conv1d): CausalConv1d(2048, 2048, kernel_size=(4,), stride=(1,), padding=(3,), groups=2048, bias=False)
2026-09-15T04:48:02.899Z         (k_conv1d): CausalConv1d(2048, 2048, kernel_size=(4,), stride=(1,), padding=(3,), groups=2048, bias=False)
2026-09-15T04:48:02.899Z         (v_conv1d): CausalConv1d(4096, 4096, kernel_size=(4,), stride=(1,), padding=(3,), groups=4096, bias=False)
2026-09-15T04:48:02.899Z         (w_g): Linear(in_features=2560, out_features=4096, bias=False)
2026-09-15T04:48:02.899Z         (o_norm): FusedRMSNormGated(128, eps=1e-06, activation=swish)
2026-09-15T04:48:02.899Z         (w_out): Linear(in_features=4096, out_features=2560, bias=False)
2026-09-15T04:48:02.899Z       )
2026-09-15T04:48:02.899Z       (attention_norm): QwenRMSNorm((2560,), eps=1e-06)
2026-09-15T04:48:02.899Z       (attention_residual_stream): ResidualStream(
2026-09-15T04:48:02.899Z         (dropout): Identity()
2026-09-15T04:48:02.899Z       )
2026-09-15T04:48:02.899Z       (feed_forward): FeedForward(
2026-09-15T04:48:02.899Z         (w1): Linear(in_features=2560, out_features=9216, bias=False)
2026-09-15T04:48:02.899Z         (w2): Linear(in_features=9216, out_features=2560, bias=False)
2026-09-15T04:48:02.899Z         (w3): Linear(in_features=2560, out_features=9216, bias=False)
2026-09-15T04:48:02.899Z       )
2026-09-15T04:48:02.899Z       (feed_forward_norm): QwenRMSNorm((2560,), eps=1e-06)
2026-09-15T04:48:02.899Z       (feed_forward_residual_stream): ResidualStream(
2026-09-15T04:48:02.899Z         (dropout): Identity()
2026-09-15T04:48:02.899Z       )
2026-09-15T04:48:02.899Z     )
2026-09-15T04:48:02.899Z     (1): TransformerBlock(
2026-09-15T04:48:02.899Z       (attention): GatedDeltaNet(
2026-09-15T04:48:02.899Z         (w_q): Linear(in_features=2560, out_features=2048, bias=False)
2026-09-15T04:48:02.899Z         (w_k): Linear(in_features=2560, out_features=2048, bias=False)
2026-09-15T04:48:02.899Z         (w_v): Linear(in_features=2560, out_features=4096, bias=False)
2026-09-15T04:48:02.899Z         (w_a): Linear(in_features=2560, out_features=32, bias=False)
2026-09-15T04:48:02.899Z         (w_b): Linear(in_features=2560, out_features=32, bias=False)
2026-09-15T04:48:02.899Z         (q_conv1d): CausalConv1d(2048, 2048, kernel_size=(4,), stride=(1,), padding=(3,), groups=2048, bias=False)
2026-09-15T04:48:02.899Z         (k_conv1d): CausalConv1d(2048, 2048, kernel_size=(4,), stride=(1,), padding=(3,), groups=2048, bias=False)
2026-09-15T04:48:02.899Z         (v_conv1d): CausalConv1d(4096, 4096, kernel_size=(4,), stride=(1,), padding=(3,), groups=4096, bias=False)
2026-09-15T04:48:02.899Z         (w_g): Linear(in_features=2560, out_features=4096, bias=False)
2026-09-15T04:48:02.900Z         (o_norm): FusedRMSNormGated(128, eps=1e-06, activation=swish)
2026-09-15T04:48:02.900Z         (w_out): Linear(in_features=4096, out_features=2560, bias=False)
2026-09-15T04:48:02.900Z       )
2026-09-15T04:48:02.900Z       (attention_norm): QwenRMSNorm((2560,), eps=1e-06)
2026-09-15T04:48:02.900Z       (attention_residual_stream): ResidualStream(
2026-09-15T04:48:02.900Z         (dropout): Identity()
2026-09-15T04:48:02.900Z       )
2026-09-15T04:48:02.900Z       (feed_forward): FeedForward(
2026-09-15T04:48:02.900Z         (w1): Linear(in_features=2560, out_features=9216, bias=False)
2026-09-15T04:48:02.900Z         (w2): Linear(in_features=9216, out_features=2560, bias=False)
2026-09-15T04:48:02.900Z         (w3): Linear(in_features=2560, out_features=9216, bias=False)
2026-09-15T04:48:02.900Z       )
2026-09-15T04:48:02.900Z       (feed_forward_norm): QwenRMSNorm((2560,), eps=1e-06)
2026-09-15T04:48:02.900Z       (feed_forward_residual_stream): ResidualStream(
2026-09-15T04:48:02.900Z         (dropout): Identity()
2026-09-15T04:48:02.900Z       )
2026-09-15T04:48:02.900Z     )
2026-09-15T04:48:02.900Z     (2): TransformerBlock(
2026-09-15T04:48:02.900Z       (attention): GatedDeltaNet(
2026-09-15T04:48:02.900Z         (w_q): Linear(in_features=2560, out_features=2048, bias=False)
2026-09-15T04:48:02.900Z         (w_k): Linear(in_features=2560, out_features=2048, bias=False)
2026-09-15T04:48:02.900Z         (w_v): Linear(in_features=2560, out_features=4096, bias=False)
2026-09-15T04:48:02.900Z         (w_a): Linear(in_features=2560, out_features=32, bias=False)
2026-09-15T04:48:02.900Z         (w_b): Linear(in_features=2560, out_features=32, bias=False)
2026-09-15T04:48:02.900Z         (q_conv1d): CausalConv1d(2048, 2048, kernel_size=(4,), stride=(1,), padding=(3,), groups=2048, bias=False)
2026-09-15T04:48:02.900Z         (k_conv1d): CausalConv1d(2048, 2048, kernel_size=(4,), stride=(1,), padding=(3,), groups=2048, bias=False)
2026-09-15T04:48:02.900Z         (v_conv1d): CausalConv1d(4096, 4096, kernel_size=(4,), stride=(1,), padding=(3,), groups=4096, bias=False)
2026-09-15T04:48:02.900Z         (w_g): Linear(in_features=2560, out_features=4096, bias=False)
2026-09-15T04:48:02.900Z         (o_norm): FusedRMSNormGated(128, eps=1e-06, activation=swish)
2026-09-15T04:48:02.900Z         (w_out): Linear(in_features=4096, out_features=2560, bias=False)
2026-09-15T04:48:02.900Z       )
2026-09-15T04:48:02.900Z       (attention_norm): QwenRMSNorm((2560,), eps=1e-06)
2026-09-15T04:48:02.900Z       (attention_residual_stream): ResidualStream(
2026-09-15T04:48:02.900Z         (dropout): Identity()
2026-09-15T04:48:02.900Z       )
2026-09-15T04:48:02.900Z       (feed_forward): FeedForward(
2026-09-15T04:48:02.900Z         (w1): Linear(in_features=2560, out_features=9216, bias=False)
2026-09-15T04:48:02.900Z         (w2): Linear(in_features=9216, out_features=2560, bias=False)
2026-09-15T04:48:02.900Z         (w3): Linear(in_features=2560, out_features=9216, bias=False)
2026-09-15T04:48:02.900Z       )
2026-09-15T04:48:02.900Z       (feed_forward_norm): QwenRMSNorm((2560,), eps=1e-06)
2026-09-15T04:48:02.900Z       (feed_forward_residual_stream): ResidualStream(
2026-09-15T04:48:02.900Z         (dropout): Identity()
2026-09-15T04:48:02.900Z       )
2026-09-15T04:48:02.900Z     )
2026-09-15T04:48:02.900Z     (3): TransformerBlock(
2026-09-15T04:48:02.900Z       (attention): Attention(
2026-09-15T04:48:02.900Z         (w_q): Linear(in_features=2560, out_features=4096, bias=False)
2026-09-15T04:48:02.900Z         (w_k): Linear(in_features=2560, out_features=1024, bias=False)
2026-09-15T04:48:02.900Z         (w_v): Linear(in_features=2560, out_features=1024, bias=False)
2026-09-15T04:48:02.900Z         (w_out): Linear(in_features=4096, out_features=2560, bias=False)
2026-09-15T04:48:02.900Z         (w_g): Linear(in_features=2560, out_features=4096, bias=False)
2026-09-15T04:48:02.900Z         (q_norm): QwenRMSNorm((256,), eps=1e-06)
2026-09-15T04:48:02.900Z         (k_norm): QwenRMSNorm((256,), eps=1e-06)
2026-09-15T04:48:02.900Z         (rope): RotaryEmbedding()
2026-09-15T04:48:02.900Z         (backend): FlashAttention2Backend()
2026-09-15T04:48:02.900Z       )
2026-09-15T04:48:02.900Z       (attention_norm): QwenRMSNorm((2560,), eps=1e-06)
2026-09-15T04:48:02.900Z       (attention_residual_stream): ResidualStream(
2026-09-15T04:48:02.900Z         (dropout): Identity()
2026-09-15T04:48:02.900Z       )
2026-09-15T04:48:02.900Z       (feed_forward): FeedForward(
2026-09-15T04:48:02.900Z         (w1): Linear(in_features=2560, out_features=9216, bias=False)
2026-09-15T04:48:02.900Z         (w2): Linear(in_features=9216, out_features=2560, bias=False)
2026-09-15T04:48:02.900Z         (w3): Linear(in_features=2560, out_features=9216, bias=False)
2026-09-15T04:48:02.900Z       )
2026-09-15T04:48:02.900Z       (feed_forward_norm): QwenRMSNorm((2560,), eps=1e-06)
2026-09-15T04:48:02.900Z       (feed_forward_residual_stream): ResidualStream(
2026-09-15T04:48:02.900Z         (dropout): Identity()
2026-09-15T04:48:02.900Z       )
2026-09-15T04:48:02.900Z     )
2026-09-15T04:48:02.900Z     (4): TransformerBlock(
2026-09-15T04:48:02.900Z       (attention): GatedDeltaNet(
2026-09-15T04:48:02.900Z         (w_q): Linear(in_features=2560, out_features=2048, bias=False)
2026-09-15T04:48:02.900Z         (w_k): Linear(in_features=2560, out_features=2048, bias=False)
2026-09-15T04:48:02.900Z         (w_v): Linear(in_features=2560, out_features=4096, bias=False)
2026-09-15T04:48:02.900Z         (w_a): Linear(in_features=2560, out_features=32, bias=False)
2026-09-15T04:48:02.900Z         (w_b): Linear(in_features=2560, out_features=32, bias=False)
2026-09-15T04:48:02.900Z         (q_conv1d): CausalConv1d(2048, 2048, kernel_size=(4,), stride=(1,), padding=(3,), groups=2048, bias=False)
2026-09-15T04:48:02.900Z         (k_conv1d): CausalConv1d(2048, 2048, kernel_size=(4,), stride=(1,), padding=(3,), groups=2048, bias=False)
2026-09-15T04:48:02.900Z         (v_conv1d): CausalConv1d(4096, 4096, kernel_size=(4,), stride=(1,), padding=(3,), groups=4096, bias=False)
2026-09-15T04:48:02.900Z         (w_g): Linear(in_features=2560, out_features=4096, bias=False)
2026-09-15T04:48:02.900Z         (o_norm): FusedRMSNormGated(128, eps=1e-06, activation=swish)
2026-09-15T04:48:02.900Z         (w_out): Linear(in_features=4096, out_features=2560, bias=False)
2026-09-15T04:48:02.900Z       )
2026-09-15T04:48:02.900Z       (attention_norm): QwenRMSNorm((2560,), eps=1e-06)
2026-09-15T04:48:02.900Z       (attention_residual_stream): ResidualStream(
2026-09-15T04:48:02.900Z         (dropout): Identity()
2026-09-15T04:48:02.900Z       )
2026-09-15T04:48:02.900Z       (feed_forward): FeedForward(
2026-09-15T04:48:02.900Z         (w1): Linear(in_features=2560, out_features=9216, bias=False)
2026-09-15T04:48:02.900Z         (w2): Linear(in_features=9216, out_features=2560, bias=False)
2026-09-15T04:48:02.900Z         (w3): Linear(in_features=2560, out_features=9216, bias=False)
2026-09-15T04:48:02.900Z       )
2026-09-15T04:48:02.900Z       (feed_forward_norm): QwenRMSNorm((2560,), eps=1e-06)
2026-09-15T04:48:02.900Z       (feed_forward_residual_stream): ResidualStream(
2026-09-15T04:48:02.900Z         (dropout): Identity()
2026-09-15T04:48:02.900Z       )
2026-09-15T04:48:02.900Z     )
2026-09-15T04:48:02.900Z     (5): TransformerBlock(
2026-09-15T04:48:02.900Z       (attention): GatedDeltaNet(
2026-09-15T04:48:02.900Z         (w_q): Linear(in_features=2560, out_features=2048, bias=False)
2026-09-15T04:48:02.900Z         (w_k): Linear(in_features=2560, out_features=2048, bias=False)
2026-09-15T04:48:02.900Z         (w_v): Linear(in_features=2560, out_features=4096, bias=False)
2026-09-15T04:48:02.900Z         (w_a): Linear(in_features=2560, out_features=32, bias=False)
2026-09-15T04:48:02.900Z         (w_b): Linear(in_features=2560, out_features=32, bias=False)
2026-09-15T04:48:02.900Z         (q_conv1d): CausalConv1d(2048, 2048, kernel_size=(4,), stride=(1,), padding=(3,), groups=2048, bias=False)
2026-09-15T04:48:02.900Z         (k_conv1d): CausalConv1d(2048, 2048, kernel_size=(4,), stride=(1,), padding=(3,), groups=2048, bias=False)
2026-09-15T04:48:02.900Z         (v_conv1d): CausalConv1d(4096, 4096, kernel_size=(4,), stride=(1,), padding=(3,), groups=4096, bias=False)
2026-09-15T04:48:02.900Z         (w_g): Linear(in_features=2560, out_features=4096, bias=False)
2026-09-15T04:48:02.900Z         (o_norm): FusedRMSNormGated(128, eps=1e-06, activation=swish)
2026-09-15T04:48:02.900Z         (w_out): Linear(in_features=4096, out_features=2560, bias=False)
2026-09-15T04:48:02.900Z       )
2026-09-15T04:48:02.900Z       (attention_norm): QwenRMSNorm((2560,), eps=1e-06)
2026-09-15T04:48:02.900Z       (attention_residual_stream): ResidualStream(
2026-09-15T04:48:02.900Z         (dropout): Identity()
2026-09-15T04:48:02.900Z       )
2026-09-15T04:48:02.900Z       (feed_forward): FeedForward(
2026-09-15T04:48:02.900Z         (w1): Linear(in_features=2560, out_features=9216, bias=False)
2026-09-15T04:48:02.900Z         (w2): Linear(in_features=9216, out_features=2560, bias=False)
2026-09-15T04:48:02.900Z         (w3): Linear(in_features=2560, out_features=9216, bias=False)
2026-09-15T04:48:02.900Z       )
2026-09-15T04:48:02.900Z       (feed_forward_norm): QwenRMSNorm((2560,), eps=1e-06)
2026-09-15T04:48:02.900Z       (feed_forward_residual_stream): ResidualStream(
2026-09-15T04:48:02.900Z         (dropout): Identity()
2026-09-15T04:48:02.900Z       )
2026-09-15T04:48:02.900Z     )
2026-09-15T04:48:02.900Z     (6): TransformerBlock(
2026-09-15T04:48:02.900Z       (attention): GatedDeltaNet(
2026-09-15T04:48:02.900Z         (w_q): Linear(in_features=2560, out_features=2048, bias=False)
2026-09-15T04:48:02.900Z         (w_k): Linear(in_features=2560, out_features=2048, bias=False)
2026-09-15T04:48:02.900Z         (w_v): Linear(in_features=2560, out_features=4096, bias=False)
2026-09-15T04:48:02.900Z         (w_a): Linear(in_features=2560, out_features=32, bias=False)
2026-09-15T04:48:02.900Z         (w_b): Linear(in_features=2560, out_features=32, bias=False)
2026-09-15T04:48:02.900Z         (q_conv1d): CausalConv1d(2048, 2048, kernel_size=(4,), stride=(1,), padding=(3,), groups=2048, bias=False)
2026-09-15T04:48:02.900Z         (k_conv1d): CausalConv1d(2048, 2048, kernel_size=(4,), stride=(1,), padding=(3,), groups=2048, bias=False)
2026-09-15T04:48:02.900Z         (v_conv1d): CausalConv1d(4096, 4096, kernel_size=(4,), stride=(1,), padding=(3,), groups=4096, bias=False)
2026-09-15T04:48:02.900Z         (w_g): Linear(in_features=2560, out_features=4096, bias=False)
2026-09-15T04:48:02.900Z         (o_norm): FusedRMSNormGated(128, eps=1e-06, activation=swish)
2026-09-15T04:48:02.900Z         (w_out): Linear(in_features=4096, out_features=2560, bias=False)
2026-09-15T04:48:02.900Z       )
2026-09-15T04:48:02.900Z       (attention_norm): QwenRMSNorm((2560,), eps=1e-06)
2026-09-15T04:48:02.900Z       (attention_residual_stream): ResidualStream(
2026-09-15T04:48:02.900Z         (dropout): Identity()
2026-09-15T04:48:02.900Z       )
2026-09-15T04:48:02.900Z       (feed_forward): FeedForward(
2026-09-15T04:48:02.900Z         (w1): Linear(in_features=2560, out_features=9216, bias=False)
2026-09-15T04:48:02.900Z         (w2): Linear(in_features=9216, out_features=2560, bias=False)
2026-09-15T04:48:02.900Z         (w3): Linear(in_features=2560, out_features=9216, bias=False)
2026-09-15T04:48:02.900Z       )
2026-09-15T04:48:02.900Z       (feed_forward_norm): QwenRMSNorm((2560,), eps=1e-06)
2026-09-15T04:48:02.900Z       (feed_forward_residual_stream): ResidualStream(
2026-09-15T04:48:02.900Z         (dropout): Identity()
2026-09-15T04:48:02.900Z       )
2026-09-15T04:48:02.900Z     )
2026-09-15T04:48:02.900Z     (7): TransformerBlock(
2026-09-15T04:48:02.900Z       (attention): Attention(
2026-09-15T04:48:02.900Z         (w_q): Linear(in_features=2560, out_features=4096, bias=False)
2026-09-15T04:48:02.900Z         (w_k): Linear(in_features=2560, out_features=1024, bias=False)
2026-09-15T04:48:02.900Z         (w_v): Linear(in_features=2560, out_features=1024, bias=False)
2026-09-15T04:48:02.900Z         (w_out): Linear(in_features=4096, out_features=2560, bias=False)
2026-09-15T04:48:02.900Z         (w_g): Linear(in_features=2560, out_features=4096, bias=False)
2026-09-15T04:48:02.900Z         (q_norm): QwenRMSNorm((256,), eps=1e-06)
2026-09-15T04:48:02.900Z         (k_norm): QwenRMSNorm((256,), eps=1e-06)
2026-09-15T04:48:02.900Z         (rope): RotaryEmbedding()
2026-09-15T04:48:02.900Z         (backend): FlashAttention2Backend()
2026-09-15T04:48:02.900Z       )
2026-09-15T04:48:02.900Z       (attention_norm): QwenRMSNorm((2560,), eps=1e-06)
2026-09-15T04:48:02.900Z       (attention_residual_stream): ResidualStream(
2026-09-15T04:48:02.900Z         (dropout): Identity()
2026-09-15T04:48:02.900Z       )
2026-09-15T04:48:02.900Z       (feed_forward): FeedForward(
2026-09-15T04:48:02.900Z         (w1): Linear(in_features=2560, out_features=9216, bias=False)
2026-09-15T04:48:02.900Z         (w2): Linear(in_features=9216, out_features=2560, bias=False)
2026-09-15T04:48:02.900Z         (w3): Linear(in_features=2560, out_features=9216, bias=False)
2026-09-15T04:48:02.900Z       )
2026-09-15T04:48:02.900Z       (feed_forward_norm): QwenRMSNorm((2560,), eps=1e-06)
2026-09-15T04:48:02.900Z       (feed_forward_residual_stream): ResidualStream(
2026-09-15T04:48:02.900Z         (dropout): Identity()
2026-09-15T04:48:02.900Z       )
2026-09-15T04:48:02.900Z     )
2026-09-15T04:48:02.900Z     (8): TransformerBlock(
2026-09-15T04:48:02.900Z       (attention): GatedDeltaNet(
2026-09-15T04:48:02.900Z         (w_q): Linear(in_features=2560, out_features=2048, bias=False)
2026-09-15T04:48:02.900Z         (w_k): Linear(in_features=2560, out_features=2048, bias=False)
2026-09-15T04:48:02.900Z         (w_v): Linear(in_features=2560, out_features=4096, bias=False)
2026-09-15T04:48:02.900Z         (w_a): Linear(in_features=2560, out_features=32, bias=False)
2026-09-15T04:48:02.900Z         (w_b): Linear(in_features=2560, out_features=32, bias=False)
2026-09-15T04:48:02.900Z         (q_conv1d): CausalConv1d(2048, 2048, kernel_size=(4,), stride=(1,), padding=(3,), groups=2048, bias=False)
2026-09-15T04:48:02.900Z         (k_conv1d): CausalConv1d(2048, 2048, kernel_size=(4,), stride=(1,), padding=(3,), groups=2048, bias=False)
2026-09-15T04:48:02.900Z         (v_conv1d): CausalConv1d(4096, 4096, kernel_size=(4,), stride=(1,), padding=(3,), groups=4096, bias=False)
2026-09-15T04:48:02.900Z         (w_g): Linear(in_features=2560, out_features=4096, bias=False)
2026-09-15T04:48:02.900Z         (o_norm): FusedRMSNormGated(128, eps=1e-06, activation=swish)
2026-09-15T04:48:02.900Z         (w_out): Linear(in_features=4096, out_features=2560, bias=False)
2026-09-15T04:48:02.900Z       )
2026-09-15T04:48:02.900Z       (attention_norm): QwenRMSNorm((2560,), eps=1e-06)
2026-09-15T04:48:02.900Z       (attention_residual_stream): ResidualStream(
2026-09-15T04:48:02.900Z         (dropout): Identity()
2026-09-15T04:48:02.900Z       )
2026-09-15T04:48:02.900Z       (feed_forward): FeedForward(
2026-09-15T04:48:02.900Z         (w1): Linear(in_features=2560, out_features=9216, bias=False)
2026-09-15T04:48:02.900Z         (w2): Linear(in_features=9216, out_features=2560, bias=False)
2026-09-15T04:48:02.900Z         (w3): Linear(in_features=2560, out_features=9216, bias=False)
2026-09-15T04:48:02.900Z       )
2026-09-15T04:48:02.900Z       (feed_forward_norm): QwenRMSNorm((2560,), eps=1e-06)
2026-09-15T04:48:02.900Z       (feed_forward_residual_stream): ResidualStream(
2026-09-15T04:48:02.900Z         (dropout): Identity()
2026-09-15T04:48:02.900Z       )
2026-09-15T04:48:02.900Z     )
2026-09-15T04:48:02.900Z     (9): TransformerBlock(
2026-09-15T04:48:02.900Z       (attention): GatedDeltaNet(
2026-09-15T04:48:02.900Z         (w_q): Linear(in_features=2560, out_features=2048, bias=False)
2026-09-15T04:48:02.900Z         (w_k): Linear(in_features=2560, out_features=2048, bias=False)
2026-09-15T04:48:02.900Z         (w_v): Linear(in_features=2560, out_features=4096, bias=False)
2026-09-15T04:48:02.900Z         (w_a): Linear(in_features=2560, out_features=32, bias=False)
2026-09-15T04:48:02.900Z         (w_b): Linear(in_features=2560, out_features=32, bias=False)
2026-09-15T04:48:02.900Z         (q_conv1d): CausalConv1d(2048, 2048, kernel_size=(4,), stride=(1,), padding=(3,), groups=2048, bias=False)
2026-09-15T04:48:02.900Z         (k_conv1d): CausalConv1d(2048, 2048, kernel_size=(4,), stride=(1,), padding=(3,), groups=2048, bias=False)
2026-09-15T04:48:02.900Z         (v_conv1d): CausalConv1d(4096, 4096, kernel_size=(4,), stride=(1,), padding=(3,), groups=4096, bias=False)
2026-09-15T04:48:02.900Z         (w_g): Linear(in_features=2560, out_features=4096, bias=False)
2026-09-15T04:48:02.900Z         (o_norm): FusedRMSNormGated(128, eps=1e-06, activation=swish)
2026-09-15T04:48:02.900Z         (w_out): Linear(in_features=4096, out_features=2560, bias=False)
2026-09-15T04:48:02.900Z       )
2026-09-15T04:48:02.900Z       (attention_norm): QwenRMSNorm((2560,), eps=1e-06)
2026-09-15T04:48:02.900Z       (attention_residual_stream): ResidualStream(
2026-09-15T04:48:02.900Z         (dropout): Identity()
2026-09-15T04:48:02.900Z       )
2026-09-15T04:48:02.900Z       (feed_forward): FeedForward(
2026-09-15T04:48:02.901Z         (w1): Linear(in_features=2560, out_features=9216, bias=False)
2026-09-15T04:48:02.901Z         (w2): Linear(in_features=9216, out_features=2560, bias=False)
2026-09-15T04:48:02.901Z         (w3): Linear(in_features=2560, out_features=9216, bias=False)
2026-09-15T04:48:02.901Z       )
2026-09-15T04:48:02.901Z       (feed_forward_norm): QwenRMSNorm((2560,), eps=1e-06)
2026-09-15T04:48:02.901Z       (feed_forward_residual_stream): ResidualStream(
2026-09-15T04:48:02.901Z         (dropout): Identity()
2026-09-15T04:48:02.901Z       )
2026-09-15T04:48:02.901Z     )
2026-09-15T04:48:02.901Z     (10): TransformerBlock(
2026-09-15T04:48:02.901Z       (attention): GatedDeltaNet(
2026-09-15T04:48:02.901Z         (w_q): Linear(in_features=2560, out_features=2048, bias=False)
2026-09-15T04:48:02.901Z         (w_k): Linear(in_features=2560, out_features=2048, bias=False)
2026-09-15T04:48:02.901Z         (w_v): Linear(in_features=2560, out_features=4096, bias=False)
2026-09-15T04:48:02.901Z         (w_a): Linear(in_features=2560, out_features=32, bias=False)
2026-09-15T04:48:02.901Z         (w_b): Linear(in_features=2560, out_features=32, bias=False)
2026-09-15T04:48:02.901Z         (q_conv1d): CausalConv1d(2048, 2048, kernel_size=(4,), stride=(1,), padding=(3,), groups=2048, bias=False)
2026-09-15T04:48:02.901Z         (k_conv1d): CausalConv1d(2048, 2048, kernel_size=(4,), stride=(1,), padding=(3,), groups=2048, bias=False)
2026-09-15T04:48:02.901Z         (v_conv1d): CausalConv1d(4096, 4096, kernel_size=(4,), stride=(1,), padding=(3,), groups=4096, bias=False)
2026-09-15T04:48:02.901Z         (w_g): Linear(in_features=2560, out_features=4096, bias=False)
2026-09-15T04:48:02.901Z         (o_norm): FusedRMSNormGated(128, eps=1e-06, activation=swish)
2026-09-15T04:48:02.901Z         (w_out): Linear(in_features=4096, out_features=2560, bias=False)
2026-09-15T04:48:02.901Z       )
2026-09-15T04:48:02.901Z       (attention_norm): QwenRMSNorm((2560,), eps=1e-06)
2026-09-15T04:48:02.901Z       (attention_residual_stream): ResidualStream(
2026-09-15T04:48:02.901Z         (dropout): Identity()
2026-09-15T04:48:02.901Z       )
2026-09-15T04:48:02.901Z       (feed_forward): FeedForward(
2026-09-15T04:48:02.901Z         (w1): Linear(in_features=2560, out_features=9216, bias=False)
2026-09-15T04:48:02.901Z         (w2): Linear(in_features=9216, out_features=2560, bias=False)
2026-09-15T04:48:02.901Z         (w3): Linear(in_features=2560, out_features=9216, bias=False)
2026-09-15T04:48:02.901Z       )
2026-09-15T04:48:02.901Z       (feed_forward_norm): QwenRMSNorm((2560,), eps=1e-06)
2026-09-15T04:48:02.901Z       (feed_forward_residual_stream): ResidualStream(
2026-09-15T04:48:02.901Z         (dropout): Identity()
2026-09-15T04:48:02.901Z       )
2026-09-15T04:48:02.901Z     )
2026-09-15T04:48:02.901Z     (11): TransformerBlock(
2026-09-15T04:48:02.901Z       (attention): Attention(
2026-09-15T04:48:02.901Z         (w_q): Linear(in_features=2560, out_features=4096, bias=False)
2026-09-15T04:48:02.901Z         (w_k): Linear(in_features=2560, out_features=1024, bias=False)
2026-09-15T04:48:02.901Z         (w_v): Linear(in_features=2560, out_features=1024, bias=False)
2026-09-15T04:48:02.901Z         (w_out): Linear(in_features=4096, out_features=2560, bias=False)
2026-09-15T04:48:02.901Z         (w_g): Linear(in_features=2560, out_features=4096, bias=False)
2026-09-15T04:48:02.901Z         (q_norm): QwenRMSNorm((256,), eps=1e-06)
2026-09-15T04:48:02.901Z         (k_norm): QwenRMSNorm((256,), eps=1e-06)
2026-09-15T04:48:02.901Z         (rope): RotaryEmbedding()
2026-09-15T04:48:02.901Z         (backend): FlashAttention2Backend()
2026-09-15T04:48:02.901Z       )
2026-09-15T04:48:02.901Z       (attention_norm): QwenRMSNorm((2560,), eps=1e-06)
2026-09-15T04:48:02.901Z       (attention_residual_stream): ResidualStream(
2026-09-15T04:48:02.901Z         (dropout): Identity()
2026-09-15T04:48:02.901Z       )
2026-09-15T04:48:02.901Z       (feed_forward): FeedForward(
2026-09-15T04:48:02.901Z         (w1): Linear(in_features=2560, out_features=9216, bias=False)
2026-09-15T04:48:02.901Z         (w2): Linear(in_features=9216, out_features=2560, bias=False)
2026-09-15T04:48:02.901Z         (w3): Linear(in_features=2560, out_features=9216, bias=False)
2026-09-15T04:48:02.901Z       )
2026-09-15T04:48:02.901Z       (feed_forward_norm): QwenRMSNorm((2560,), eps=1e-06)
2026-09-15T04:48:02.901Z       (feed_forward_residual_stream): ResidualStream(
2026-09-15T04:48:02.901Z         (dropout): Identity()
2026-09-15T04:48:02.901Z       )
2026-09-15T04:48:02.901Z     )
2026-09-15T04:48:02.901Z     (12): TransformerBlock(
2026-09-15T04:48:02.901Z       (attention): GatedDeltaNet(
2026-09-15T04:48:02.901Z         (w_q): Linear(in_features=2560, out_features=2048, bias=False)
2026-09-15T04:48:02.901Z         (w_k): Linear(in_features=2560, out_features=2048, bias=False)
2026-09-15T04:48:02.901Z         (w_v): Linear(in_features=2560, out_features=4096, bias=False)
2026-09-15T04:48:02.901Z         (w_a): Linear(in_features=2560, out_features=32, bias=False)
2026-09-15T04:48:02.901Z         (w_b): Linear(in_features=2560, out_features=32, bias=False)
2026-09-15T04:48:02.901Z         (q_conv1d): CausalConv1d(2048, 2048, kernel_size=(4,), stride=(1,), padding=(3,), groups=2048, bias=False)
2026-09-15T04:48:02.901Z         (k_conv1d): CausalConv1d(2048, 2048, kernel_size=(4,), stride=(1,), padding=(3,), groups=2048, bias=False)
2026-09-15T04:48:02.901Z         (v_conv1d): CausalConv1d(4096, 4096, kernel_size=(4,), stride=(1,), padding=(3,), groups=4096, bias=False)
2026-09-15T04:48:02.901Z         (w_g): Linear(in_features=2560, out_features=4096, bias=False)
2026-09-15T04:48:02.901Z         (o_norm): FusedRMSNormGated(128, eps=1e-06, activation=swish)
2026-09-15T04:48:02.901Z         (w_out): Linear(in_features=4096, out_features=2560, bias=False)
2026-09-15T04:48:02.901Z       )
2026-09-15T04:48:02.901Z       (attention_norm): QwenRMSNorm((2560,), eps=1e-06)
2026-09-15T04:48:02.901Z       (attention_residual_stream): ResidualStream(
2026-09-15T04:48:02.901Z         (dropout): Identity()
2026-09-15T04:48:02.901Z       )
2026-09-15T04:48:02.901Z       (feed_forward): FeedForward(
2026-09-15T04:48:02.901Z         (w1): Linear(in_features=2560, out_features=9216, bias=False)
2026-09-15T04:48:02.901Z         (w2): Linear(in_features=9216, out_features=2560, bias=False)
2026-09-15T04:48:02.901Z         (w3): Linear(in_features=2560, out_features=9216, bias=False)
2026-09-15T04:48:02.901Z       )
2026-09-15T04:48:02.901Z       (feed_forward_norm): QwenRMSNorm((2560,), eps=1e-06)
2026-09-15T04:48:02.901Z       (feed_forward_residual_stream): ResidualStream(
2026-09-15T04:48:02.901Z         (dropout): Identity()
2026-09-15T04:48:02.901Z       )
2026-09-15T04:48:02.901Z     )
2026-09-15T04:48:02.901Z     (13): TransformerBlock(
2026-09-15T04:48:02.901Z       (attention): GatedDeltaNet(
2026-09-15T04:48:02.901Z         (w_q): Linear(in_features=2560, out_features=2048, bias=False)
2026-09-15T04:48:02.901Z         (w_k): Linear(in_features=2560, out_features=2048, bias=False)
2026-09-15T04:48:02.901Z         (w_v): Linear(in_features=2560, out_features=4096, bias=False)
2026-09-15T04:48:02.901Z         (w_a): Linear(in_features=2560, out_features=32, bias=False)
2026-09-15T04:48:02.901Z         (w_b): Linear(in_features=2560, out_features=32, bias=False)
2026-09-15T04:48:02.901Z         (q_conv1d): CausalConv1d(2048, 2048, kernel_size=(4,), stride=(1,), padding=(3,), groups=2048, bias=False)
2026-09-15T04:48:02.901Z         (k_conv1d): CausalConv1d(2048, 2048, kernel_size=(4,), stride=(1,), padding=(3,), groups=2048, bias=False)
2026-09-15T04:48:02.901Z         (v_conv1d): CausalConv1d(4096, 4096, kernel_size=(4,), stride=(1,), padding=(3,), groups=4096, bias=False)
2026-09-15T04:48:02.901Z         (w_g): Linear(in_features=2560, out_features=4096, bias=False)
2026-09-15T04:48:02.901Z         (o_norm): FusedRMSNormGated(128, eps=1e-06, activation=swish)
2026-09-15T04:48:02.901Z         (w_out): Linear(in_features=4096, out_features=2560, bias=False)
2026-09-15T04:48:02.901Z       )
2026-09-15T04:48:02.901Z       (attention_norm): QwenRMSNorm((2560,), eps=1e-06)
2026-09-15T04:48:02.901Z       (attention_residual_stream): ResidualStream(
2026-09-15T04:48:02.901Z         (dropout): Identity()
2026-09-15T04:48:02.901Z       )
2026-09-15T04:48:02.901Z       (feed_forward): FeedForward(
2026-09-15T04:48:02.901Z         (w1): Linear(in_features=2560, out_features=9216, bias=False)
2026-09-15T04:48:02.901Z         (w2): Linear(in_features=9216, out_features=2560, bias=False)
2026-09-15T04:48:02.901Z         (w3): Linear(in_features=2560, out_features=9216, bias=False)
2026-09-15T04:48:02.901Z       )
2026-09-15T04:48:02.901Z       (feed_forward_norm): QwenRMSNorm((2560,), eps=1e-06)
2026-09-15T04:48:02.901Z       (feed_forward_residual_stream): ResidualStream(
2026-09-15T04:48:02.901Z         (dropout): Identity()
2026-09-15T04:48:02.901Z       )
2026-09-15T04:48:02.901Z     )
2026-09-15T04:48:02.901Z     (14): TransformerBlock(
2026-09-15T04:48:02.901Z       (attention): GatedDeltaNet(
2026-09-15T04:48:02.901Z         (w_q): Linear(in_features=2560, out_features=2048, bias=False)
2026-09-15T04:48:02.901Z         (w_k): Linear(in_features=2560, out_features=2048, bias=False)
2026-09-15T04:48:02.901Z         (w_v): Linear(in_features=2560, out_features=4096, bias=False)
2026-09-15T04:48:02.901Z         (w_a): Linear(in_features=2560, out_features=32, bias=False)
2026-09-15T04:48:02.901Z         (w_b): Linear(in_features=2560, out_features=32, bias=False)
2026-09-15T04:48:02.901Z         (q_conv1d): CausalConv1d(2048, 2048, kernel_size=(4,), stride=(1,), padding=(3,), groups=2048, bias=False)
2026-09-15T04:48:02.901Z         (k_conv1d): CausalConv1d(2048, 2048, kernel_size=(4,), stride=(1,), padding=(3,), groups=2048, bias=False)
2026-09-15T04:48:02.901Z         (v_conv1d): CausalConv1d(4096, 4096, kernel_size=(4,), stride=(1,), padding=(3,), groups=4096, bias=False)
2026-09-15T04:48:02.901Z         (w_g): Linear(in_features=2560, out_features=4096, bias=False)
2026-09-15T04:48:02.901Z         (o_norm): FusedRMSNormGated(128, eps=1e-06, activation=swish)
2026-09-15T04:48:02.901Z         (w_out): Linear(in_features=4096, out_features=2560, bias=False)
2026-09-15T04:48:02.901Z       )
2026-09-15T04:48:02.901Z       (attention_norm): QwenRMSNorm((2560,), eps=1e-06)
2026-09-15T04:48:02.901Z       (attention_residual_stream): ResidualStream(
2026-09-15T04:48:02.901Z         (dropout): Identity()
2026-09-15T04:48:02.901Z       )
2026-09-15T04:48:02.901Z       (feed_forward): FeedForward(
2026-09-15T04:48:02.901Z         (w1): Linear(in_features=2560, out_features=9216, bias=False)
2026-09-15T04:48:02.901Z         (w2): Linear(in_features=9216, out_features=2560, bias=False)
2026-09-15T04:48:02.901Z         (w3): Linear(in_features=2560, out_features=9216, bias=False)
2026-09-15T04:48:02.901Z       )
2026-09-15T04:48:02.901Z       (feed_forward_norm): QwenRMSNorm((2560,), eps=1e-06)
2026-09-15T04:48:02.901Z       (feed_forward_residual_stream): ResidualStream(
2026-09-15T04:48:02.901Z         (dropout): Identity()
2026-09-15T04:48:02.901Z       )
2026-09-15T04:48:02.901Z     )
2026-09-15T04:48:02.901Z     (15): TransformerBlock(
2026-09-15T04:48:02.901Z       (attention): Attention(
2026-09-15T04:48:02.901Z         (w_q): Linear(in_features=2560, out_features=4096, bias=False)
2026-09-15T04:48:02.901Z         (w_k): Linear(in_features=2560, out_features=1024, bias=False)
2026-09-15T04:48:02.901Z         (w_v): Linear(in_features=2560, out_features=1024, bias=False)
2026-09-15T04:48:02.901Z         (w_out): Linear(in_features=4096, out_features=2560, bias=False)
2026-09-15T04:48:02.901Z         (w_g): Linear(in_features=2560, out_features=4096, bias=False)
2026-09-15T04:48:02.901Z         (q_norm): QwenRMSNorm((256,), eps=1e-06)
2026-09-15T04:48:02.901Z         (k_norm): QwenRMSNorm((256,), eps=1e-06)
2026-09-15T04:48:02.901Z         (rope): RotaryEmbedding()
2026-09-15T04:48:02.901Z         (backend): FlashAttention2Backend()
2026-09-15T04:48:02.901Z       )
2026-09-15T04:48:02.901Z       (attention_norm): QwenRMSNorm((2560,), eps=1e-06)
2026-09-15T04:48:02.901Z       (attention_residual_stream): ResidualStream(
2026-09-15T04:48:02.901Z         (dropout): Identity()
2026-09-15T04:48:02.901Z       )
2026-09-15T04:48:02.901Z       (feed_forward): FeedForward(
2026-09-15T04:48:02.901Z         (w1): Linear(in_features=2560, out_features=9216, bias=False)
2026-09-15T04:48:02.901Z         (w2): Linear(in_features=9216, out_features=2560, bias=False)
2026-09-15T04:48:02.901Z         (w3): Linear(in_features=2560, out_features=9216, bias=False)
2026-09-15T04:48:02.901Z       )
2026-09-15T04:48:02.901Z       (feed_forward_norm): QwenRMSNorm((2560,), eps=1e-06)
2026-09-15T04:48:02.901Z       (feed_forward_residual_stream): ResidualStream(
2026-09-15T04:48:02.901Z         (dropout): Identity()
2026-09-15T04:48:02.901Z       )
2026-09-15T04:48:02.901Z     )
2026-09-15T04:48:02.901Z     (16): TransformerBlock(
2026-09-15T04:48:02.901Z       (attention): GatedDeltaNet(
2026-09-15T04:48:02.901Z         (w_q): Linear(in_features=2560, out_features=2048, bias=False)
2026-09-15T04:48:02.901Z         (w_k): Linear(in_features=2560, out_features=2048, bias=False)
2026-09-15T04:48:02.901Z         (w_v): Linear(in_features=2560, out_features=4096, bias=False)
2026-09-15T04:48:02.901Z         (w_a): Linear(in_features=2560, out_features=32, bias=False)
2026-09-15T04:48:02.901Z         (w_b): Linear(in_features=2560, out_features=32, bias=False)
2026-09-15T04:48:02.901Z         (q_conv1d): CausalConv1d(2048, 2048, kernel_size=(4,), stride=(1,), padding=(3,), groups=2048, bias=False)
2026-09-15T04:48:02.901Z         (k_conv1d): CausalConv1d(2048, 2048, kernel_size=(4,), stride=(1,), padding=(3,), groups=2048, bias=False)
2026-09-15T04:48:02.901Z         (v_conv1d): CausalConv1d(4096, 4096, kernel_size=(4,), stride=(1,), padding=(3,), groups=4096, bias=False)
2026-09-15T04:48:02.901Z         (w_g): Linear(in_features=2560, out_features=4096, bias=False)
2026-09-15T04:48:02.901Z         (o_norm): FusedRMSNormGated(128, eps=1e-06, activation=swish)
2026-09-15T04:48:02.901Z         (w_out): Linear(in_features=4096, out_features=2560, bias=False)
2026-09-15T04:48:02.901Z       )
2026-09-15T04:48:02.901Z       (attention_norm): QwenRMSNorm((2560,), eps=1e-06)
2026-09-15T04:48:02.901Z       (attention_residual_stream): ResidualStream(
2026-09-15T04:48:02.901Z         (dropout): Identity()
2026-09-15T04:48:02.901Z       )
2026-09-15T04:48:02.901Z       (feed_forward): FeedForward(
2026-09-15T04:48:02.901Z         (w1): Linear(in_features=2560, out_features=9216, bias=False)
2026-09-15T04:48:02.901Z         (w2): Linear(in_features=9216, out_features=2560, bias=False)
2026-09-15T04:48:02.901Z         (w3): Linear(in_features=2560, out_features=9216, bias=False)
2026-09-15T04:48:02.901Z       )
2026-09-15T04:48:02.901Z       (feed_forward_norm): QwenRMSNorm((2560,), eps=1e-06)
2026-09-15T04:48:02.901Z       (feed_forward_residual_stream): ResidualStream(
2026-09-15T04:48:02.901Z         (dropout): Identity()
2026-09-15T04:48:02.901Z       )
2026-09-15T04:48:02.901Z     )
2026-09-15T04:48:02.901Z     (17): TransformerBlock(
2026-09-15T04:48:02.901Z       (attention): GatedDeltaNet(
2026-09-15T04:48:02.901Z         (w_q): Linear(in_features=2560, out_features=2048, bias=False)
2026-09-15T04:48:02.901Z         (w_k): Linear(in_features=2560, out_features=2048, bias=False)
2026-09-15T04:48:02.901Z         (w_v): Linear(in_features=2560, out_features=4096, bias=False)
2026-09-15T04:48:02.901Z         (w_a): Linear(in_features=2560, out_features=32, bias=False)
2026-09-15T04:48:02.901Z         (w_b): Linear(in_features=2560, out_features=32, bias=False)
2026-09-15T04:48:02.901Z         (q_conv1d): CausalConv1d(2048, 2048, kernel_size=(4,), stride=(1,), padding=(3,), groups=2048, bias=False)
2026-09-15T04:48:02.901Z         (k_conv1d): CausalConv1d(2048, 2048, kernel_size=(4,), stride=(1,), padding=(3,), groups=2048, bias=False)
2026-09-15T04:48:02.901Z         (v_conv1d): CausalConv1d(4096, 4096, kernel_size=(4,), stride=(1,), padding=(3,), groups=4096, bias=False)
2026-09-15T04:48:02.901Z         (w_g): Linear(in_features=2560, out_features=4096, bias=False)
2026-09-15T04:48:02.901Z         (o_norm): FusedRMSNormGated(128, eps=1e-06, activation=swish)
2026-09-15T04:48:02.901Z         (w_out): Linear(in_features=4096, out_features=2560, bias=False)
2026-09-15T04:48:02.901Z       )
2026-09-15T04:48:02.901Z       (attention_norm): QwenRMSNorm((2560,), eps=1e-06)
2026-09-15T04:48:02.901Z       (attention_residual_stream): ResidualStream(
2026-09-15T04:48:02.901Z         (dropout): Identity()
2026-09-15T04:48:02.901Z       )
2026-09-15T04:48:02.901Z       (feed_forward): FeedForward(
2026-09-15T04:48:02.901Z         (w1): Linear(in_features=2560, out_features=9216, bias=False)
2026-09-15T04:48:02.901Z         (w2): Linear(in_features=9216, out_features=2560, bias=False)
2026-09-15T04:48:02.901Z         (w3): Linear(in_features=2560, out_features=9216, bias=False)
2026-09-15T04:48:02.901Z       )
2026-09-15T04:48:02.901Z       (feed_forward_norm): QwenRMSNorm((2560,), eps=1e-06)
2026-09-15T04:48:02.901Z       (feed_forward_residual_stream): ResidualStream(
2026-09-15T04:48:02.901Z         (dropout): Identity()
2026-09-15T04:48:02.901Z       )
2026-09-15T04:48:02.901Z     )
2026-09-15T04:48:02.901Z     (18): TransformerBlock(
2026-09-15T04:48:02.901Z       (attention): GatedDeltaNet(
2026-09-15T04:48:02.901Z         (w_q): Linear(in_features=2560, out_features=2048, bias=False)
2026-09-15T04:48:02.901Z         (w_k): Linear(in_features=2560, out_features=2048, bias=False)
2026-09-15T04:48:02.901Z         (w_v): Linear(in_features=2560, out_features=4096, bias=False)
2026-09-15T04:48:02.901Z         (w_a): Linear(in_features=2560, out_features=32, bias=False)
2026-09-15T04:48:02.901Z         (w_b): Linear(in_features=2560, out_features=32, bias=False)
2026-09-15T04:48:02.901Z         (q_conv1d): CausalConv1d(2048, 2048, kernel_size=(4,), stride=(1,), padding=(3,), groups=2048, bias=False)
2026-09-15T04:48:02.901Z         (k_conv1d): CausalConv1d(2048, 2048, kernel_size=(4,), stride=(1,), padding=(3,), groups=2048, bias=False)
2026-09-15T04:48:02.901Z         (v_conv1d): CausalConv1d(4096, 4096, kernel_size=(4,), stride=(1,), padding=(3,), groups=4096, bias=False)
2026-09-15T04:48:02.901Z         (w_g): Linear(in_features=2560, out_features=4096, bias=False)
2026-09-15T04:48:02.901Z         (o_norm): FusedRMSNormGated(128, eps=1e-06, activation=swish)
2026-09-15T04:48:02.901Z         (w_out): Linear(in_features=4096, out_features=2560, bias=False)
2026-09-15T04:48:02.901Z       )
2026-09-15T04:48:02.901Z       (attention_norm): QwenRMSNorm((2560,), eps=1e-06)
2026-09-15T04:48:02.901Z       (attention_residual_stream): ResidualStream(
2026-09-15T04:48:02.901Z         (dropout): Identity()
2026-09-15T04:48:02.901Z       )
2026-09-15T04:48:02.901Z       (feed_forward): FeedForward(
2026-09-15T04:48:02.901Z         (w1): Linear(in_features=2560, out_features=9216, bias=False)
2026-09-15T04:48:02.901Z         (w2): Linear(in_features=9216, out_features=2560, bias=False)
2026-09-15T04:48:02.901Z         (w3): Linear(in_features=2560, out_features=9216, bias=False)
2026-09-15T04:48:02.901Z       )
2026-09-15T04:48:02.901Z       (feed_forward_norm): QwenRMSNorm((2560,), eps=1e-06)
2026-09-15T04:48:02.901Z       (feed_forward_residual_stream): ResidualStream(
2026-09-15T04:48:02.901Z         (dropout): Identity()
2026-09-15T04:48:02.901Z       )
2026-09-15T04:48:02.901Z     )
2026-09-15T04:48:02.901Z     (19): TransformerBlock(
2026-09-15T04:48:02.901Z       (attention): Attention(
2026-09-15T04:48:02.901Z         (w_q): Linear(in_features=2560, out_features=4096, bias=False)
2026-09-15T04:48:02.901Z         (w_k): Linear(in_features=2560, out_features=1024, bias=False)
2026-09-15T04:48:02.901Z         (w_v): Linear(in_features=2560, out_features=1024, bias=False)
2026-09-15T04:48:02.901Z         (w_out): Linear(in_features=4096, out_features=2560, bias=False)
2026-09-15T04:48:02.901Z         (w_g): Linear(in_features=2560, out_features=4096, bias=False)
2026-09-15T04:48:02.901Z         (q_norm): QwenRMSNorm((256,), eps=1e-06)
2026-09-15T04:48:02.901Z         (k_norm): QwenRMSNorm((256,), eps=1e-06)
2026-09-15T04:48:02.901Z         (rope): RotaryEmbedding()
2026-09-15T04:48:02.901Z         (backend): FlashAttention2Backend()
2026-09-15T04:48:02.901Z       )
2026-09-15T04:48:02.901Z       (attention_norm): QwenRMSNorm((2560,), eps=1e-06)
2026-09-15T04:48:02.901Z       (attention_residual_stream): ResidualStream(
2026-09-15T04:48:02.901Z         (dropout): Identity()
2026-09-15T04:48:02.902Z       )
2026-09-15T04:48:02.902Z       (feed_forward): FeedForward(
2026-09-15T04:48:02.902Z         (w1): Linear(in_features=2560, out_features=9216, bias=False)
2026-09-15T04:48:02.902Z         (w2): Linear(in_features=9216, out_features=2560, bias=False)
2026-09-15T04:48:02.902Z         (w3): Linear(in_features=2560, out_features=9216, bias=False)
2026-09-15T04:48:02.902Z       )
2026-09-15T04:48:02.902Z       (feed_forward_norm): QwenRMSNorm((2560,), eps=1e-06)
2026-09-15T04:48:02.902Z       (feed_forward_residual_stream): ResidualStream(
2026-09-15T04:48:02.902Z         (dropout): Identity()
2026-09-15T04:48:02.902Z       )
2026-09-15T04:48:02.902Z     )
2026-09-15T04:48:02.902Z     (20): TransformerBlock(
2026-09-15T04:48:02.902Z       (attention): GatedDeltaNet(
2026-09-15T04:48:02.902Z         (w_q): Linear(in_features=2560, out_features=2048, bias=False)
2026-09-15T04:48:02.902Z         (w_k): Linear(in_features=2560, out_features=2048, bias=False)
2026-09-15T04:48:02.902Z         (w_v): Linear(in_features=2560, out_features=4096, bias=False)
2026-09-15T04:48:02.902Z         (w_a): Linear(in_features=2560, out_features=32, bias=False)
2026-09-15T04:48:02.902Z         (w_b): Linear(in_features=2560, out_features=32, bias=False)
2026-09-15T04:48:02.902Z         (q_conv1d): CausalConv1d(2048, 2048, kernel_size=(4,), stride=(1,), padding=(3,), groups=2048, bias=False)
2026-09-15T04:48:02.902Z         (k_conv1d): CausalConv1d(2048, 2048, kernel_size=(4,), stride=(1,), padding=(3,), groups=2048, bias=False)
2026-09-15T04:48:02.902Z         (v_conv1d): CausalConv1d(4096, 4096, kernel_size=(4,), stride=(1,), padding=(3,), groups=4096, bias=False)
2026-09-15T04:48:02.902Z         (w_g): Linear(in_features=2560, out_features=4096, bias=False)
2026-09-15T04:48:02.902Z         (o_norm): FusedRMSNormGated(128, eps=1e-06, activation=swish)
2026-09-15T04:48:02.902Z         (w_out): Linear(in_features=4096, out_features=2560, bias=False)
2026-09-15T04:48:02.902Z       )
2026-09-15T04:48:02.902Z       (attention_norm): QwenRMSNorm((2560,), eps=1e-06)
2026-09-15T04:48:02.902Z       (attention_residual_stream): ResidualStream(
2026-09-15T04:48:02.902Z         (dropout): Identity()
2026-09-15T04:48:02.902Z       )
2026-09-15T04:48:02.902Z       (feed_forward): FeedForward(
2026-09-15T04:48:02.902Z         (w1): Linear(in_features=2560, out_features=9216, bias=False)
2026-09-15T04:48:02.902Z         (w2): Linear(in_features=9216, out_features=2560, bias=False)
2026-09-15T04:48:02.902Z         (w3): Linear(in_features=2560, out_features=9216, bias=False)
2026-09-15T04:48:02.902Z       )
2026-09-15T04:48:02.902Z       (feed_forward_norm): QwenRMSNorm((2560,), eps=1e-06)
2026-09-15T04:48:02.902Z       (feed_forward_residual_stream): ResidualStream(
2026-09-15T04:48:02.902Z         (dropout): Identity()
2026-09-15T04:48:02.902Z       )
2026-09-15T04:48:02.902Z     )
2026-09-15T04:48:02.902Z     (21): TransformerBlock(
2026-09-15T04:48:02.902Z       (attention): GatedDeltaNet(
2026-09-15T04:48:02.902Z         (w_q): Linear(in_features=2560, out_features=2048, bias=False)
2026-09-15T04:48:02.902Z         (w_k): Linear(in_features=2560, out_features=2048, bias=False)
2026-09-15T04:48:02.902Z         (w_v): Linear(in_features=2560, out_features=4096, bias=False)
2026-09-15T04:48:02.902Z         (w_a): Linear(in_features=2560, out_features=32, bias=False)
2026-09-15T04:48:02.902Z         (w_b): Linear(in_features=2560, out_features=32, bias=False)
2026-09-15T04:48:02.902Z         (q_conv1d): CausalConv1d(2048, 2048, kernel_size=(4,), stride=(1,), padding=(3,), groups=2048, bias=False)
2026-09-15T04:48:02.902Z         (k_conv1d): CausalConv1d(2048, 2048, kernel_size=(4,), stride=(1,), padding=(3,), groups=2048, bias=False)
2026-09-15T04:48:02.902Z         (v_conv1d): CausalConv1d(4096, 4096, kernel_size=(4,), stride=(1,), padding=(3,), groups=4096, bias=False)
2026-09-15T04:48:02.902Z         (w_g): Linear(in_features=2560, out_features=4096, bias=False)
2026-09-15T04:48:02.902Z         (o_norm): FusedRMSNormGated(128, eps=1e-06, activation=swish)
2026-09-15T04:48:02.902Z         (w_out): Linear(in_features=4096, out_features=2560, bias=False)
2026-09-15T04:48:02.902Z       )
2026-09-15T04:48:02.902Z       (attention_norm): QwenRMSNorm((2560,), eps=1e-06)
2026-09-15T04:48:02.902Z       (attention_residual_stream): ResidualStream(
2026-09-15T04:48:02.902Z         (dropout): Identity()
2026-09-15T04:48:02.902Z       )
2026-09-15T04:48:02.902Z       (feed_forward): FeedForward(
2026-09-15T04:48:02.902Z         (w1): Linear(in_features=2560, out_features=9216, bias=False)
2026-09-15T04:48:02.902Z         (w2): Linear(in_features=9216, out_features=2560, bias=False)
2026-09-15T04:48:02.902Z         (w3): Linear(in_features=2560, out_features=9216, bias=False)
2026-09-15T04:48:02.902Z       )
2026-09-15T04:48:02.902Z       (feed_forward_norm): QwenRMSNorm((2560,), eps=1e-06)
2026-09-15T04:48:02.902Z       (feed_forward_residual_stream): ResidualStream(
2026-09-15T04:48:02.902Z         (dropout): Identity()
2026-09-15T04:48:02.902Z       )
2026-09-15T04:48:02.902Z     )
2026-09-15T04:48:02.902Z     (22): TransformerBlock(
2026-09-15T04:48:02.902Z       (attention): GatedDeltaNet(
2026-09-15T04:48:02.902Z         (w_q): Linear(in_features=2560, out_features=2048, bias=False)
2026-09-15T04:48:02.902Z         (w_k): Linear(in_features=2560, out_features=2048, bias=False)
2026-09-15T04:48:02.902Z         (w_v): Linear(in_features=2560, out_features=4096, bias=False)
2026-09-15T04:48:02.902Z         (w_a): Linear(in_features=2560, out_features=32, bias=False)
2026-09-15T04:48:02.902Z         (w_b): Linear(in_features=2560, out_features=32, bias=False)
2026-09-15T04:48:02.902Z         (q_conv1d): CausalConv1d(2048, 2048, kernel_size=(4,), stride=(1,), padding=(3,), groups=2048, bias=False)
2026-09-15T04:48:02.902Z         (k_conv1d): CausalConv1d(2048, 2048, kernel_size=(4,), stride=(1,), padding=(3,), groups=2048, bias=False)
2026-09-15T04:48:02.902Z         (v_conv1d): CausalConv1d(4096, 4096, kernel_size=(4,), stride=(1,), padding=(3,), groups=4096, bias=False)
2026-09-15T04:48:02.902Z         (w_g): Linear(in_features=2560, out_features=4096, bias=False)
2026-09-15T04:48:02.902Z         (o_norm): FusedRMSNormGated(128, eps=1e-06, activation=swish)
2026-09-15T04:48:02.902Z         (w_out): Linear(in_features=4096, out_features=2560, bias=False)
2026-09-15T04:48:02.902Z       )
2026-09-15T04:48:02.902Z       (attention_norm): QwenRMSNorm((2560,), eps=1e-06)
2026-09-15T04:48:02.902Z       (attention_residual_stream): ResidualStream(
2026-09-15T04:48:02.902Z         (dropout): Identity()
2026-09-15T04:48:02.902Z       )
2026-09-15T04:48:02.902Z       (feed_forward): FeedForward(
2026-09-15T04:48:02.902Z         (w1): Linear(in_features=2560, out_features=9216, bias=False)
2026-09-15T04:48:02.902Z         (w2): Linear(in_features=9216, out_features=2560, bias=False)
2026-09-15T04:48:02.902Z         (w3): Linear(in_features=2560, out_features=9216, bias=False)
2026-09-15T04:48:02.902Z       )
2026-09-15T04:48:02.902Z       (feed_forward_norm): QwenRMSNorm((2560,), eps=1e-06)
2026-09-15T04:48:02.902Z       (feed_forward_residual_stream): ResidualStream(
2026-09-15T04:48:02.902Z         (dropout): Identity()
2026-09-15T04:48:02.902Z       )
2026-09-15T04:48:02.902Z     )
2026-09-15T04:48:02.902Z     (23): TransformerBlock(
2026-09-15T04:48:02.902Z       (attention): Attention(
2026-09-15T04:48:02.902Z         (w_q): Linear(in_features=2560, out_features=4096, bias=False)
2026-09-15T04:48:02.902Z         (w_k): Linear(in_features=2560, out_features=1024, bias=False)
2026-09-15T04:48:02.902Z         (w_v): Linear(in_features=2560, out_features=1024, bias=False)
2026-09-15T04:48:02.902Z         (w_out): Linear(in_features=4096, out_features=2560, bias=False)
2026-09-15T04:48:02.902Z         (w_g): Linear(in_features=2560, out_features=4096, bias=False)
2026-09-15T04:48:02.902Z         (q_norm): QwenRMSNorm((256,), eps=1e-06)
2026-09-15T04:48:02.902Z         (k_norm): QwenRMSNorm((256,), eps=1e-06)
2026-09-15T04:48:02.902Z         (rope): RotaryEmbedding()
2026-09-15T04:48:02.902Z         (backend): FlashAttention2Backend()
2026-09-15T04:48:02.902Z       )
2026-09-15T04:48:02.902Z       (attention_norm): QwenRMSNorm((2560,), eps=1e-06)
2026-09-15T04:48:02.902Z       (attention_residual_stream): ResidualStream(
2026-09-15T04:48:02.902Z         (dropout): Identity()
2026-09-15T04:48:02.902Z       )
2026-09-15T04:48:02.902Z       (feed_forward): FeedForward(
2026-09-15T04:48:02.902Z         (w1): Linear(in_features=2560, out_features=9216, bias=False)
2026-09-15T04:48:02.902Z         (w2): Linear(in_features=9216, out_features=2560, bias=False)
2026-09-15T04:48:02.902Z         (w3): Linear(in_features=2560, out_features=9216, bias=False)
2026-09-15T04:48:02.902Z       )
2026-09-15T04:48:02.902Z       (feed_forward_norm): QwenRMSNorm((2560,), eps=1e-06)
2026-09-15T04:48:02.902Z       (feed_forward_residual_stream): ResidualStream(
2026-09-15T04:48:02.902Z         (dropout): Identity()
2026-09-15T04:48:02.902Z       )
2026-09-15T04:48:02.902Z     )
2026-09-15T04:48:02.902Z     (24): TransformerBlock(
2026-09-15T04:48:02.902Z       (attention): GatedDeltaNet(
2026-09-15T04:48:02.902Z         (w_q): Linear(in_features=2560, out_features=2048, bias=False)
2026-09-15T04:48:02.902Z         (w_k): Linear(in_features=2560, out_features=2048, bias=False)
2026-09-15T04:48:02.902Z         (w_v): Linear(in_features=2560, out_features=4096, bias=False)
2026-09-15T04:48:02.902Z         (w_a): Linear(in_features=2560, out_features=32, bias=False)
2026-09-15T04:48:02.902Z         (w_b): Linear(in_features=2560, out_features=32, bias=False)
2026-09-15T04:48:02.902Z         (q_conv1d): CausalConv1d(2048, 2048, kernel_size=(4,), stride=(1,), padding=(3,), groups=2048, bias=False)
2026-09-15T04:48:02.902Z         (k_conv1d): CausalConv1d(2048, 2048, kernel_size=(4,), stride=(1,), padding=(3,), groups=2048, bias=False)
2026-09-15T04:48:02.902Z         (v_conv1d): CausalConv1d(4096, 4096, kernel_size=(4,), stride=(1,), padding=(3,), groups=4096, bias=False)
2026-09-15T04:48:02.902Z         (w_g): Linear(in_features=2560, out_features=4096, bias=False)
2026-09-15T04:48:02.902Z         (o_norm): FusedRMSNormGated(128, eps=1e-06, activation=swish)
2026-09-15T04:48:02.902Z         (w_out): Linear(in_features=4096, out_features=2560, bias=False)
2026-09-15T04:48:02.902Z       )
2026-09-15T04:48:02.902Z       (attention_norm): QwenRMSNorm((2560,), eps=1e-06)
2026-09-15T04:48:02.902Z       (attention_residual_stream): ResidualStream(
2026-09-15T04:48:02.902Z         (dropout): Identity()
2026-09-15T04:48:02.902Z       )
2026-09-15T04:48:02.902Z       (feed_forward): FeedForward(
2026-09-15T04:48:02.902Z         (w1): Linear(in_features=2560, out_features=9216, bias=False)
2026-09-15T04:48:02.902Z         (w2): Linear(in_features=9216, out_features=2560, bias=False)
2026-09-15T04:48:02.902Z         (w3): Linear(in_features=2560, out_features=9216, bias=False)
2026-09-15T04:48:02.902Z       )
2026-09-15T04:48:02.902Z       (feed_forward_norm): QwenRMSNorm((2560,), eps=1e-06)
2026-09-15T04:48:02.902Z       (feed_forward_residual_stream): ResidualStream(
2026-09-15T04:48:02.902Z         (dropout): Identity()
2026-09-15T04:48:02.902Z       )
2026-09-15T04:48:02.902Z     )
2026-09-15T04:48:02.902Z     (25): TransformerBlock(
2026-09-15T04:48:02.902Z       (attention): GatedDeltaNet(
2026-09-15T04:48:02.902Z         (w_q): Linear(in_features=2560, out_features=2048, bias=False)
2026-09-15T04:48:02.902Z         (w_k): Linear(in_features=2560, out_features=2048, bias=False)
2026-09-15T04:48:02.902Z         (w_v): Linear(in_features=2560, out_features=4096, bias=False)
2026-09-15T04:48:02.902Z         (w_a): Linear(in_features=2560, out_features=32, bias=False)
2026-09-15T04:48:02.902Z         (w_b): Linear(in_features=2560, out_features=32, bias=False)
2026-09-15T04:48:02.902Z         (q_conv1d): CausalConv1d(2048, 2048, kernel_size=(4,), stride=(1,), padding=(3,), groups=2048, bias=False)
2026-09-15T04:48:02.902Z         (k_conv1d): CausalConv1d(2048, 2048, kernel_size=(4,), stride=(1,), padding=(3,), groups=2048, bias=False)
2026-09-15T04:48:02.902Z         (v_conv1d): CausalConv1d(4096, 4096, kernel_size=(4,), stride=(1,), padding=(3,), groups=4096, bias=False)
2026-09-15T04:48:02.902Z         (w_g): Linear(in_features=2560, out_features=4096, bias=False)
2026-09-15T04:48:02.902Z         (o_norm): FusedRMSNormGated(128, eps=1e-06, activation=swish)
2026-09-15T04:48:02.902Z         (w_out): Linear(in_features=4096, out_features=2560, bias=False)
2026-09-15T04:48:02.902Z       )
2026-09-15T04:48:02.902Z       (attention_norm): QwenRMSNorm((2560,), eps=1e-06)
2026-09-15T04:48:02.902Z       (attention_residual_stream): ResidualStream(
2026-09-15T04:48:02.902Z         (dropout): Identity()
2026-09-15T04:48:02.902Z       )
2026-09-15T04:48:02.902Z       (feed_forward): FeedForward(
2026-09-15T04:48:02.902Z         (w1): Linear(in_features=2560, out_features=9216, bias=False)
2026-09-15T04:48:02.902Z         (w2): Linear(in_features=9216, out_features=2560, bias=False)
2026-09-15T04:48:02.902Z         (w3): Linear(in_features=2560, out_features=9216, bias=False)
2026-09-15T04:48:02.902Z       )
2026-09-15T04:48:02.902Z       (feed_forward_norm): QwenRMSNorm((2560,), eps=1e-06)
2026-09-15T04:48:02.902Z       (feed_forward_residual_stream): ResidualStream(
2026-09-15T04:48:02.902Z         (dropout): Identity()
2026-09-15T04:48:02.902Z       )
2026-09-15T04:48:02.902Z     )
2026-09-15T04:48:02.902Z     (26): TransformerBlock(
2026-09-15T04:48:02.902Z       (attention): GatedDeltaNet(
2026-09-15T04:48:02.902Z         (w_q): Linear(in_features=2560, out_features=2048, bias=False)
2026-09-15T04:48:02.902Z         (w_k): Linear(in_features=2560, out_features=2048, bias=False)
2026-09-15T04:48:02.902Z         (w_v): Linear(in_features=2560, out_features=4096, bias=False)
2026-09-15T04:48:02.902Z         (w_a): Linear(in_features=2560, out_features=32, bias=False)
2026-09-15T04:48:02.902Z         (w_b): Linear(in_features=2560, out_features=32, bias=False)
2026-09-15T04:48:02.902Z         (q_conv1d): CausalConv1d(2048, 2048, kernel_size=(4,), stride=(1,), padding=(3,), groups=2048, bias=False)
2026-09-15T04:48:02.902Z         (k_conv1d): CausalConv1d(2048, 2048, kernel_size=(4,), stride=(1,), padding=(3,), groups=2048, bias=False)
2026-09-15T04:48:02.902Z         (v_conv1d): CausalConv1d(4096, 4096, kernel_size=(4,), stride=(1,), padding=(3,), groups=4096, bias=False)
2026-09-15T04:48:02.902Z         (w_g): Linear(in_features=2560, out_features=4096, bias=False)
2026-09-15T04:48:02.902Z         (o_norm): FusedRMSNormGated(128, eps=1e-06, activation=swish)
2026-09-15T04:48:02.902Z         (w_out): Linear(in_features=4096, out_features=2560, bias=False)
2026-09-15T04:48:02.902Z       )
2026-09-15T04:48:02.902Z       (attention_norm): QwenRMSNorm((2560,), eps=1e-06)
2026-09-15T04:48:02.902Z       (attention_residual_stream): ResidualStream(
2026-09-15T04:48:02.902Z         (dropout): Identity()
2026-09-15T04:48:02.902Z       )
2026-09-15T04:48:02.902Z       (feed_forward): FeedForward(
2026-09-15T04:48:02.902Z         (w1): Linear(in_features=2560, out_features=9216, bias=False)
2026-09-15T04:48:02.902Z         (w2): Linear(in_features=9216, out_features=2560, bias=False)
2026-09-15T04:48:02.902Z         (w3): Linear(in_features=2560, out_features=9216, bias=False)
2026-09-15T04:48:02.902Z       )
2026-09-15T04:48:02.902Z       (feed_forward_norm): QwenRMSNorm((2560,), eps=1e-06)
2026-09-15T04:48:02.902Z       (feed_forward_residual_stream): ResidualStream(
2026-09-15T04:48:02.902Z         (dropout): Identity()
2026-09-15T04:48:02.902Z       )
2026-09-15T04:48:02.902Z     )
2026-09-15T04:48:02.902Z     (27): TransformerBlock(
2026-09-15T04:48:02.902Z       (attention): Attention(
2026-09-15T04:48:02.902Z         (w_q): Linear(in_features=2560, out_features=4096, bias=False)
2026-09-15T04:48:02.902Z         (w_k): Linear(in_features=2560, out_features=1024, bias=False)
2026-09-15T04:48:02.902Z         (w_v): Linear(in_features=2560, out_features=1024, bias=False)
2026-09-15T04:48:02.902Z         (w_out): Linear(in_features=4096, out_features=2560, bias=False)
2026-09-15T04:48:02.902Z         (w_g): Linear(in_features=2560, out_features=4096, bias=False)
2026-09-15T04:48:02.902Z         (q_norm): QwenRMSNorm((256,), eps=1e-06)
2026-09-15T04:48:02.902Z         (k_norm): QwenRMSNorm((256,), eps=1e-06)
2026-09-15T04:48:02.902Z         (rope): RotaryEmbedding()
2026-09-15T04:48:02.902Z         (backend): FlashAttention2Backend()
2026-09-15T04:48:02.902Z       )
2026-09-15T04:48:02.902Z       (attention_norm): QwenRMSNorm((2560,), eps=1e-06)
2026-09-15T04:48:02.902Z       (attention_residual_stream): ResidualStream(
2026-09-15T04:48:02.902Z         (dropout): Identity()
2026-09-15T04:48:02.902Z       )
2026-09-15T04:48:02.902Z       (feed_forward): FeedForward(
2026-09-15T04:48:02.902Z         (w1): Linear(in_features=2560, out_features=9216, bias=False)
2026-09-15T04:48:02.902Z         (w2): Linear(in_features=9216, out_features=2560, bias=False)
2026-09-15T04:48:02.902Z         (w3): Linear(in_features=2560, out_features=9216, bias=False)
2026-09-15T04:48:02.902Z       )
2026-09-15T04:48:02.902Z       (feed_forward_norm): QwenRMSNorm((2560,), eps=1e-06)
2026-09-15T04:48:02.902Z       (feed_forward_residual_stream): ResidualStream(
2026-09-15T04:48:02.902Z         (dropout): Identity()
2026-09-15T04:48:02.902Z       )
2026-09-15T04:48:02.902Z     )
2026-09-15T04:48:02.902Z     (28): TransformerBlock(
2026-09-15T04:48:02.902Z       (attention): GatedDeltaNet(
2026-09-15T04:48:02.902Z         (w_q): Linear(in_features=2560, out_features=2048, bias=False)
2026-09-15T04:48:02.902Z         (w_k): Linear(in_features=2560, out_features=2048, bias=False)
2026-09-15T04:48:02.902Z         (w_v): Linear(in_features=2560, out_features=4096, bias=False)
2026-09-15T04:48:02.902Z         (w_a): Linear(in_features=2560, out_features=32, bias=False)
2026-09-15T04:48:02.902Z         (w_b): Linear(in_features=2560, out_features=32, bias=False)
2026-09-15T04:48:02.902Z         (q_conv1d): CausalConv1d(2048, 2048, kernel_size=(4,), stride=(1,), padding=(3,), groups=2048, bias=False)
2026-09-15T04:48:02.902Z         (k_conv1d): CausalConv1d(2048, 2048, kernel_size=(4,), stride=(1,), padding=(3,), groups=2048, bias=False)
2026-09-15T04:48:02.902Z         (v_conv1d): CausalConv1d(4096, 4096, kernel_size=(4,), stride=(1,), padding=(3,), groups=4096, bias=False)
2026-09-15T04:48:02.902Z         (w_g): Linear(in_features=2560, out_features=4096, bias=False)
2026-09-15T04:48:02.902Z         (o_norm): FusedRMSNormGated(128, eps=1e-06, activation=swish)
2026-09-15T04:48:02.902Z         (w_out): Linear(in_features=4096, out_features=2560, bias=False)
2026-09-15T04:48:02.902Z       )
2026-09-15T04:48:02.902Z       (attention_norm): QwenRMSNorm((2560,), eps=1e-06)
2026-09-15T04:48:02.902Z       (attention_residual_stream): ResidualStream(
2026-09-15T04:48:02.902Z         (dropout): Identity()
2026-09-15T04:48:02.902Z       )
2026-09-15T04:48:02.902Z       (feed_forward): FeedForward(
2026-09-15T04:48:02.902Z         (w1): Linear(in_features=2560, out_features=9216, bias=False)
2026-09-15T04:48:02.902Z         (w2): Linear(in_features=9216, out_features=2560, bias=False)
2026-09-15T04:48:02.902Z         (w3): Linear(in_features=2560, out_features=9216, bias=False)
2026-09-15T04:48:02.902Z       )
2026-09-15T04:48:02.902Z       (feed_forward_norm): QwenRMSNorm((2560,), eps=1e-06)
2026-09-15T04:48:02.902Z       (feed_forward_residual_stream): ResidualStream(
2026-09-15T04:48:02.902Z         (dropout): Identity()
2026-09-15T04:48:02.902Z       )
2026-09-15T04:48:02.902Z     )
2026-09-15T04:48:02.902Z     (29): TransformerBlock(
2026-09-15T04:48:02.902Z       (attention): GatedDeltaNet(
2026-09-15T04:48:02.902Z         (w_q): Linear(in_features=2560, out_features=2048, bias=False)
2026-09-15T04:48:02.902Z         (w_k): Linear(in_features=2560, out_features=2048, bias=False)
2026-09-15T04:48:02.902Z         (w_v): Linear(in_features=2560, out_features=4096, bias=False)
2026-09-15T04:48:02.902Z         (w_a): Linear(in_features=2560, out_features=32, bias=False)
2026-09-15T04:48:02.902Z         (w_b): Linear(in_features=2560, out_features=32, bias=False)
2026-09-15T04:48:02.902Z         (q_conv1d): CausalConv1d(2048, 2048, kernel_size=(4,), stride=(1,), padding=(3,), groups=2048, bias=False)
2026-09-15T04:48:02.902Z         (k_conv1d): CausalConv1d(2048, 2048, kernel_size=(4,), stride=(1,), padding=(3,), groups=2048, bias=False)
2026-09-15T04:48:02.902Z         (v_conv1d): CausalConv1d(4096, 4096, kernel_size=(4,), stride=(1,), padding=(3,), groups=4096, bias=False)
2026-09-15T04:48:02.902Z         (w_g): Linear(in_features=2560, out_features=4096, bias=False)
2026-09-15T04:48:02.902Z         (o_norm): FusedRMSNormGated(128, eps=1e-06, activation=swish)
2026-09-15T04:48:02.902Z         (w_out): Linear(in_features=4096, out_features=2560, bias=False)
2026-09-15T04:48:02.902Z       )
2026-09-15T04:48:02.902Z       (attention_norm): QwenRMSNorm((2560,), eps=1e-06)
2026-09-15T04:48:02.903Z       (attention_residual_stream): ResidualStream(
2026-09-15T04:48:02.903Z         (dropout): Identity()
2026-09-15T04:48:02.903Z       )
2026-09-15T04:48:02.903Z       (feed_forward): FeedForward(
2026-09-15T04:48:02.903Z         (w1): Linear(in_features=2560, out_features=9216, bias=False)
2026-09-15T04:48:02.903Z         (w2): Linear(in_features=9216, out_features=2560, bias=False)
2026-09-15T04:48:02.903Z         (w3): Linear(in_features=2560, out_features=9216, bias=False)
2026-09-15T04:48:02.903Z       )
2026-09-15T04:48:02.903Z       (feed_forward_norm): QwenRMSNorm((2560,), eps=1e-06)
2026-09-15T04:48:02.903Z       (feed_forward_residual_stream): ResidualStream(
2026-09-15T04:48:02.903Z         (dropout): Identity()
2026-09-15T04:48:02.903Z       )
2026-09-15T04:48:02.903Z     )
2026-09-15T04:48:02.903Z     (30): TransformerBlock(
2026-09-15T04:48:02.903Z       (attention): GatedDeltaNet(
2026-09-15T04:48:02.903Z         (w_q): Linear(in_features=2560, out_features=2048, bias=False)
2026-09-15T04:48:02.903Z         (w_k): Linear(in_features=2560, out_features=2048, bias=False)
2026-09-15T04:48:02.903Z         (w_v): Linear(in_features=2560, out_features=4096, bias=False)
2026-09-15T04:48:02.903Z         (w_a): Linear(in_features=2560, out_features=32, bias=False)
2026-09-15T04:48:02.903Z         (w_b): Linear(in_features=2560, out_features=32, bias=False)
2026-09-15T04:48:02.903Z         (q_conv1d): CausalConv1d(2048, 2048, kernel_size=(4,), stride=(1,), padding=(3,), groups=2048, bias=False)
2026-09-15T04:48:02.903Z         (k_conv1d): CausalConv1d(2048, 2048, kernel_size=(4,), stride=(1,), padding=(3,), groups=2048, bias=False)
2026-09-15T04:48:02.903Z         (v_conv1d): CausalConv1d(4096, 4096, kernel_size=(4,), stride=(1,), padding=(3,), groups=4096, bias=False)
2026-09-15T04:48:02.903Z         (w_g): Linear(in_features=2560, out_features=4096, bias=False)
2026-09-15T04:48:02.903Z         (o_norm): FusedRMSNormGated(128, eps=1e-06, activation=swish)
2026-09-15T04:48:02.903Z         (w_out): Linear(in_features=4096, out_features=2560, bias=False)
2026-09-15T04:48:02.903Z       )
2026-09-15T04:48:02.903Z       (attention_norm): QwenRMSNorm((2560,), eps=1e-06)
2026-09-15T04:48:02.903Z       (attention_residual_stream): ResidualStream(
2026-09-15T04:48:02.903Z         (dropout): Identity()
2026-09-15T04:48:02.903Z       )
2026-09-15T04:48:02.903Z       (feed_forward): FeedForward(
2026-09-15T04:48:02.903Z         (w1): Linear(in_features=2560, out_features=9216, bias=False)
2026-09-15T04:48:02.903Z         (w2): Linear(in_features=9216, out_features=2560, bias=False)
2026-09-15T04:48:02.903Z         (w3): Linear(in_features=2560, out_features=9216, bias=False)
2026-09-15T04:48:02.903Z       )
2026-09-15T04:48:02.903Z       (feed_forward_norm): QwenRMSNorm((2560,), eps=1e-06)
2026-09-15T04:48:02.903Z       (feed_forward_residual_stream): ResidualStream(
2026-09-15T04:48:02.903Z         (dropout): Identity()
2026-09-15T04:48:02.903Z       )
2026-09-15T04:48:02.903Z     )
2026-09-15T04:48:02.903Z     (31): TransformerBlock(
2026-09-15T04:48:02.903Z       (attention): Attention(
2026-09-15T04:48:02.903Z         (w_q): Linear(in_features=2560, out_features=4096, bias=False)
2026-09-15T04:48:02.903Z         (w_k): Linear(in_features=2560, out_features=1024, bias=False)
2026-09-15T04:48:02.903Z         (w_v): Linear(in_features=2560, out_features=1024, bias=False)
2026-09-15T04:48:02.903Z         (w_out): Linear(in_features=4096, out_features=2560, bias=False)
2026-09-15T04:48:02.903Z         (w_g): Linear(in_features=2560, out_features=4096, bias=False)
2026-09-15T04:48:02.903Z         (q_norm): QwenRMSNorm((256,), eps=1e-06)
2026-09-15T04:48:02.903Z         (k_norm): QwenRMSNorm((256,), eps=1e-06)
2026-09-15T04:48:02.903Z         (rope): RotaryEmbedding()
2026-09-15T04:48:02.903Z         (backend): FlashAttention2Backend()
2026-09-15T04:48:02.903Z       )
2026-09-15T04:48:02.903Z       (attention_norm): QwenRMSNorm((2560,), eps=1e-06)
2026-09-15T04:48:02.903Z       (attention_residual_stream): ResidualStream(
2026-09-15T04:48:02.903Z         (dropout): Identity()
2026-09-15T04:48:02.903Z       )
2026-09-15T04:48:02.903Z       (feed_forward): FeedForward(
2026-09-15T04:48:02.903Z         (w1): Linear(in_features=2560, out_features=9216, bias=False)
2026-09-15T04:48:02.903Z         (w2): Linear(in_features=9216, out_features=2560, bias=False)
2026-09-15T04:48:02.903Z         (w3): Linear(in_features=2560, out_features=9216, bias=False)
2026-09-15T04:48:02.903Z       )
2026-09-15T04:48:02.903Z       (feed_forward_norm): QwenRMSNorm((2560,), eps=1e-06)
2026-09-15T04:48:02.903Z       (feed_forward_residual_stream): ResidualStream(
2026-09-15T04:48:02.903Z         (dropout): Identity()
2026-09-15T04:48:02.903Z       )
2026-09-15T04:48:02.903Z     )
2026-09-15T04:48:02.903Z   )
2026-09-15T04:48:02.903Z   (lm_head): LMHead(
2026-09-15T04:48:02.903Z     (norm): QwenRMSNorm((2560,), eps=1e-06)
2026-09-15T04:48:02.903Z     (w_out): Linear(in_features=2560, out_features=248320, bias=False)
2026-09-15T04:48:02.903Z   )
2026-09-15T04:48:02.903Z )
2026-09-15T04:48:02.903Z [2;36m[2026-09-15 04:48:02][0m [34mINFO    [0m [2m[olmo_core.nn.transformer.config:447, 88377262b50a, rank=0][0m Built model with:
2026-09-15T04:48:02.903Z - 4,841,450,496 total params
2026-09-15T04:48:02.903Z - 4,205,751,296 non-embedding params
2026-09-15T04:48:02.903Z - 4,841,450,496 trainable params
2026-09-15T04:48:02.903Z [ctc-suite] softtoken: header_stop_id=5491 (count 1) detach_gdn=True detach=True len_bias=False distill_prob=0.0 keep_mode=gold_plus_random n_random=128 keep_frac=None gold_blind=True keep_prob=0.1667 mix=(0.0->0.0 over 496/496 calls)
2026-09-15T04:48:02.909Z [2;36m[2026-09-15 04:48:02][0m [34mINFO    [0m [2m[olmo_core.distributed.parallel:246, 88377262b50a, rank=0][0m Built 1D device mesh with shape (dp=2,)
2026-09-15T04:48:02.909Z [2;36m[2026-09-15 04:48:02][0m [34mINFO    [0m [2m[olmo_core.train.train_module.transformer.train_module:142, 88377262b50a, rank=0][0m Data parallel world size = 2
2026-09-15T04:48:02.910Z [2;36m[2026-09-15 04:48:02][0m [34mINFO    [0m [2m[olmo_core.train.train_module.transformer.common:103, 88377262b50a, rank=0][0m Applied 'full' activation checkpointing to the model
2026-09-15T04:48:03.087Z [2;36m[2026-09-15 04:48:03][0m [34mINFO    [0m [2m[olmo_core.train.train_module.transformer.common:136, 88377262b50a, rank=0][0m Applied FSDP to the model with 1D device mesh with shape (dp=2,)
2026-09-15T04:48:03.087Z [2;36m[2026-09-15 04:48:03][0m [34mINFO    [0m [2m[olmo_core.train.train_module.transformer.common:147, 88377262b50a, rank=0][0m Initializing model weights...
2026-09-15T04:48:03.335Z NCCL version 2.27.5+cuda12.9
2026-09-15T04:48:04.274Z [2;36m[2026-09-15 04:48:04][0m [34mINFO    [0m [2m[olmo_core.train.train_module.transformer.train_module:200, 88377262b50a, rank=0][0m Building optimizer...
2026-09-15T04:48:04.277Z [2;36m[2026-09-15 04:48:04][0m [34mINFO    [0m [2m[olmo_core.optim.config:202, 88377262b50a, rank=0][0m Building SkipStepAdamW optimizer with 2 param group(s)...
2026-09-15T04:48:04.277Z [2;36m[2026-09-15 04:48:04][0m [34mINFO    [0m [2m[olmo_core.optim.config:210, 88377262b50a, rank=0][0m Group 0, 1 parameter(s):
2026-09-15T04:48:04.277Z  - weight_decay: 0.0
2026-09-15T04:48:04.277Z  - lr: 5e-06
2026-09-15T04:48:04.277Z  - betas: (0.9, 0.95)
2026-09-15T04:48:04.277Z  - eps: 1e-08
2026-09-15T04:48:04.277Z  - initial_lr: 5e-06
2026-09-15T04:48:04.277Z [2;36m[2026-09-15 04:48:04][0m [34mINFO    [0m [2m[olmo_core.optim.config:210, 88377262b50a, rank=0][0m Group 1, 534 parameter(s):
2026-09-15T04:48:04.277Z  - lr: 5e-06
2026-09-15T04:48:04.277Z  - betas: (0.9, 0.95)
2026-09-15T04:48:04.277Z  - eps: 1e-08
2026-09-15T04:48:04.277Z  - weight_decay: 0.0
2026-09-15T04:48:04.277Z  - initial_lr: 5e-06
2026-09-15T04:48:04.278Z [2;36m[2026-09-15 04:48:04][0m [34mINFO    [0m [2m[olmo_core.data.composable.numpy_document_source:778, 88377262b50a, rank=0][0m Assuming dtype 'uint32' based on vocab size
2026-09-15T04:48:04.278Z [2;36m[2026-09-15 04:48:04][0m [34mINFO    [0m [2m[olmo_core.data.composable.numpy_document_source:232, 88377262b50a, rank=0][0m Expanding globs...
2026-09-15T04:48:04.283Z [2;36m[2026-09-15 04:48:04][0m [34mINFO    [0m [2m[olmo_core.data.composable.numpy_document_source:257, 88377262b50a, rank=0][0m Expanded '/weka/oe-training-default/ai2-llm/checkpoints/prasanns/ds64/fast2k/shards/outlier_f4M/token_ids_part_*.npy' into 1 paths:
2026-09-15T04:48:04.283Z - '/weka/oe-training-default/ai2-llm/checkpoints/prasanns/ds64/fast2k/shards/outlier_f4M/token_ids_part_000000.npy'
2026-09-15T04:48:04.283Z [2;36m[2026-09-15 04:48:04][0m [34mINFO    [0m [2m[olmo_core.data.composable.numpy_document_source:232, 88377262b50a, rank=0][0m Expanding globs...
2026-09-15T04:48:04.285Z [2;36m[2026-09-15 04:48:04][0m [34mINFO    [0m [2m[olmo_core.data.composable.numpy_document_source:257, 88377262b50a, rank=0][0m Expanded '/weka/oe-training-default/ai2-llm/checkpoints/prasanns/ds64/fast2k/shards/outlier_f4M/labels_mask_*.npy' into 1 paths:
2026-09-15T04:48:04.285Z - '/weka/oe-training-default/ai2-llm/checkpoints/prasanns/ds64/fast2k/shards/outlier_f4M/labels_mask_part_000000.npy'
2026-09-15T04:48:04.287Z 
2026-09-15T04:48:04.306Z [1;36m PadToLengthInstanceSource[0m[36m(5c510d5)[0m: [32m8.0M[0m tokens
2026-09-15T04:48:04.306Z └─ [1;36m NumpyDocumentSource[0m[36m(9ab04fc)[0m: [32m4.3M[0m tokens[35m [/weka/oe-trai.../shards/outlier_f4M/token_ids_part_*.npy][0m
2026-09-15T04:48:04.306Z 
2026-09-15T04:48:04.307Z [2;36m[2026-09-15 04:48:04][0m [34mINFO    [0m [2m[olmo_core.train.trainer:373, 88377262b50a, rank=0][0m Creating new process group for async bookkeeping
2026-09-15T04:48:04.308Z [Gloo] Rank 0[Gloo] Rank  is connected to 1 peer ranks. Expected number of connected peer ranks is : 11 is connected to 1
2026-09-15T04:48:04.308Z  peer ranks. Expected number of connected peer ranks is : 1
2026-09-15T04:48:20.511Z [ctc-suite] tolerant base load from /weka/oe-training-default/ai2-llm/checkpoints/prasanns/ctc_suite/ckpts/f2k-outlier-kvgb50-4M/model_and_optim: 535 keys loaded, 0 new keys re-initialized deterministically (e.g. []); []
2026-09-15T04:48:20.843Z [ctc-suite] tolerant base load from /weka/oe-training-default/ai2-llm/checkpoints/prasanns/ctc_suite/ckpts/f2k-outlier-kvgb50-4M/model_and_optim: 535 keys loaded, 0 new keys re-initialized deterministically (e.g. []); []
2026-09-15T04:48:21.611Z [2;36m[2026-09-15 04:48:21][0m [33mWARNING [0m [2m[olmo_core.train.trainer:706, 88377262b50a, rank=0][0m No checkpoint found in save folder ('/weka/oe-training-default/ai2-llm/checkpoints/prasanns/ctc_suite/ckpts/f2k-outlier-xhdr17-warm-4M') or load path ('None'), will train from scratch...
2026-09-15T04:48:21.612Z [2;36m[2026-09-15 04:48:21][0m [33mWARNING [0m [2m[olmo_core.train.trainer:706, 88377262b50a, rank=1][0m No checkpoint found in save folder ('/weka/oe-training-default/ai2-llm/checkpoints/prasanns/ctc_suite/ckpts/f2k-outlier-xhdr17-warm-4M') or load path ('None'), will train from scratch...
2026-09-15T04:48:21.612Z [2;36m[2026-09-15 04:48:21][0m [34mINFO    [0m [2m[olmo_core.train.trainer:713, 88377262b50a, rank=0][0m Callback order:
2026-09-15T04:48:21.612Z [2;36m[2026-09-15 04:48:21][0m [34mINFO    [0m [2m[olmo_core.train.trainer:715, 88377262b50a, rank=0][0m   - Callback 1: checkpointer
2026-09-15T04:48:21.613Z [2;36m[2026-09-15 04:48:21][0m [34mINFO    [0m [2m[olmo_core.train.trainer:715, 88377262b50a, rank=0][0m   - Callback 2: config_saver
2026-09-15T04:48:21.613Z [2;36m[2026-09-15 04:48:21][0m [34mINFO    [0m [2m[olmo_core.train.trainer:715, 88377262b50a, rank=0][0m   - Callback 3: wandb
2026-09-15T04:48:21.613Z [2;36m[2026-09-15 04:48:21][0m [34mINFO    [0m [2m[olmo_core.train.trainer:715, 88377262b50a, rank=0][0m   - Callback 4: flop_meter
2026-09-15T04:48:21.613Z [2;36m[2026-09-15 04:48:21][0m [34mINFO    [0m [2m[olmo_core.train.trainer:715, 88377262b50a, rank=0][0m   - Callback 5: console_logger
2026-09-15T04:48:21.613Z [2;36m[2026-09-15 04:48:21][0m [34mINFO    [0m [2m[olmo_core.train.trainer:715, 88377262b50a, rank=0][0m   - Callback 6: garbage_collector
2026-09-15T04:48:21.614Z [2;36m[2026-09-15 04:48:21][0m [34mINFO    [0m [2m[olmo_core.train.trainer:715, 88377262b50a, rank=0][0m   - Callback 7: gpu_monitor
2026-09-15T04:48:21.614Z [2;36m[2026-09-15 04:48:21][0m [34mINFO    [0m [2m[olmo_core.train.trainer:715, 88377262b50a, rank=0][0m   - Callback 8: speed_monitor
2026-09-15T04:48:21.614Z [2;36m[2026-09-15 04:48:21][0m [34mINFO    [0m [2m[olmo_core.train.trainer:718, 88377262b50a, rank=0][0m Training for 61 steps
2026-09-15T04:48:22.388Z wandb: Currently logged in as: prasanns (allennlp) to https://api.wandb.ai. Use `wandb login --relogin` to force relogin
2026-09-15T04:48:23.198Z wandb: setting up run mrdmoivm
2026-09-15T04:48:23.479Z wandb: Tracking run with wandb version 0.23.0
2026-09-15T04:48:23.480Z wandb: Run data is saved locally in /weka/oe-training-default/ai2-llm/checkpoints/prasanns/ctc_suite/ckpts/f2k-outlier-xhdr17-warm-4M/wandb/wandb/run-20260915_044822-mrdmoivm
2026-09-15T04:48:23.480Z wandb: Run `wandb offline` to turn off syncing.
2026-09-15T04:48:23.480Z wandb: Syncing run f2k-outlier-xhdr17-warm-4M
2026-09-15T04:48:23.480Z wandb: ⭐️ View project at https://wandb.ai/prasanns-allen-institute-for-ai/memory-networks
2026-09-15T04:48:23.480Z wandb: 🚀 View run at https://wandb.ai/prasanns-allen-institute-for-ai/memory-networks/runs/mrdmoivm
2026-09-15T04:48:23.652Z [2;36m[2026-09-15 04:48:23][0m [34mINFO    [0m [2m[olmo_core.train.callbacks.garbage_collector:33, 88377262b50a, rank=0][0m Automatic GC disabled for training, will run GC every 1000 steps
2026-09-15T04:48:23.653Z [2;36m[2026-09-15 04:48:23][0m [34mINFO    [0m [2m[olmo_core.train.callbacks.gpu_memory_monitor:41, 88377262b50a, rank=0][0m GPU capacity: NVIDIA A100-SXM4-80GB with 79.25GiB memory of which 9.06GiB is currently allocated and 9.07GiB is currently reserved.
2026-09-15T04:48:23.654Z [2;36m[2026-09-15 04:48:23][0m [34mINFO    [0m [2m[olmo_core.train.callbacks.speed_monitor:114, 88377262b50a, rank=0][0m Device: NVIDIA A100-SXM4-80GB, Device peak Flops/s: 312000000000000
2026-09-15T04:48:23.667Z [2;36m[2026-09-15 04:48:23][0m [34mINFO    [0m [2m[olmo_core.train.trainer:1452, 88377262b50a, rank=0][0m Starting forward/backward dry-run batch...
2026-09-15T04:53:05.792Z [2;36m[2026-09-15 04:53:05][0m [34mINFO    [0m [2m[olmo_core.train.trainer:1454, 88377262b50a, rank=0][0m Dry-run complete
2026-09-15T04:53:05.794Z [2;36m[2026-09-15 04:53:05][0m [34mINFO    [0m [2m[olmo_core.data.composable.data_loader:570, 88377262b50a, rank=0][0m Using existing global indices file for seed 34521 and epoch 1 at:
2026-09-15T04:53:05.794Z '/weka/oe-training-default/ai2-llm/checkpoints/prasanns/dataset-cache-ctc-suite/global_indices_epoch1_max_seq_len4096_seed34521_seq_len4096_shuffleinter_source_size1953_v1.npy'
2026-09-15T04:53:05.795Z [2;36m[2026-09-15 04:53:05][0m [34mINFO    [0m [2m[olmo_core.train.trainer:1459, 88377262b50a, rank=0][0m Starting epoch 1...
2026-09-15T04:53:11.288Z Supported flash-attn versions are >= 2.1.1, <= 2.8.1. Found flash-attn 2.8.2.
2026-09-15T04:53:11.290Z Supported flash-attn versions are >= 2.1.1, <= 2.8.1. Found flash-attn 2.8.2.
2026-09-15T04:53:11.292Z Supported flash-attn versions are >= 2.1.1, <= 2.8.1. Found flash-attn 2.8.2.
2026-09-15T04:53:11.294Z Supported flash-attn versions are >= 2.1.1, <= 2.8.1. Found flash-attn 2.8.2.
2026-09-15T04:53:17.809Z Supported flash-attn versions are >= 2.1.1, <= 2.8.1. Found flash-attn 2.8.2.
2026-09-15T04:53:17.812Z Supported flash-attn versions are >= 2.1.1, <= 2.8.1. Found flash-attn 2.8.2.
2026-09-15T04:53:17.838Z Supported flash-attn versions are >= 2.1.1, <= 2.8.1. Found flash-attn 2.8.2.
2026-09-15T04:53:17.842Z Supported flash-attn versions are >= 2.1.1, <= 2.8.1. Found flash-attn 2.8.2.
2026-09-15T04:56:15.984Z [2;36m[2026-09-15 04:56:15][0m [34mINFO    [0m [2m[olmo_core.train.callbacks.console_logger:68, 88377262b50a, rank=0][0m [step=1/61,epoch=1]
2026-09-15T04:56:15.984Z     gpu_memory/GPU active mem (%)=75.57
2026-09-15T04:56:15.984Z     gpu_memory/GPU active mem (GiB)=59.89
2026-09-15T04:56:15.984Z     gpu_memory/GPU reserved mem (%)=80.90
2026-09-15T04:56:15.984Z     gpu_memory/GPU reserved mem (GiB)=64.12
2026-09-15T04:56:15.984Z     optim/LR (group 0)=2.50E-06
2026-09-15T04:56:15.984Z     optim/LR (group 1)=2.50E-06
2026-09-15T04:56:15.984Z     optim/step skipped=0.0
2026-09-15T04:56:15.984Z     optim/total grad norm=15.93
2026-09-15T04:56:15.984Z     train/CE loss=0.4442
2026-09-15T04:56:15.984Z     throughput/device/data loading (s)=13.24
2026-09-15T04:56:15.984Z     train/PPL=1.559
2026-09-15T04:56:15.985Z [2;36m[2026-09-15 04:56:15][0m [33mWARNING [0m [2m[py.warnings:112, 88377262b50a, rank=0][0m /opt/conda/lib/python3.12/site-packages/torch/distributed/utils.py:106: UserWarning: called a synchronizing CUDA operation (Triggered internally at /pytorch/c10/cuda/CUDAFunctions.cpp:162.)
2026-09-15T04:56:15.985Z   return (obj.to(target_device),)
2026-09-15T04:56:15.985Z 
2026-09-15T04:56:15.988Z [2;36m[2026-09-15 04:56:15][0m [33mWARNING [0m [2m[py.warnings:112, 88377262b50a, rank=0][0m /opt/conda/lib/python3.12/site-packages/olmo_core/nn/transformer/model.py:777: UserWarning: called a synchronizing CUDA operation (Triggered internally at /pytorch/c10/cuda/CUDAFunctions.cpp:162.)
2026-09-15T04:56:15.988Z   n_docs = int(chunk_ids.max().item()) + 1
2026-09-15T04:56:15.988Z 
2026-09-15T04:56:15.997Z [2;36m[2026-09-15 04:56:15][0m [33mWARNING [0m [2m[py.warnings:112, 88377262b50a, rank=0][0m /opt/conda/lib/python3.12/site-packages/olmo_core/nn/transformer/model.py:834: UserWarning: called a synchronizing CUDA operation (Triggered internally at /pytorch/c10/cuda/CUDAFunctions.cpp:162.)
2026-09-15T04:56:15.997Z   flat = (torch.arange(B, device=emb.device)[:, None] * n_docs + cid.clamp(min=0)).reshape(
2026-09-15T04:56:15.997Z 
2026-09-15T04:56:15.998Z [2;36m[2026-09-15 04:56:15][0m [33mWARNING [0m [2m[py.warnings:112, 88377262b50a, rank=1][0m /opt/conda/lib/python3.12/site-packages/olmo_core/nn/transformer/model.py:834: UserWarning: called a synchronizing CUDA operation (Triggered internally at /pytorch/c10/cuda/CUDAFunctions.cpp:162.)
2026-09-15T04:56:15.998Z   flat = (torch.arange(B, device=emb.device)[:, None] * n_docs + cid.clamp(min=0)).reshape(
2026-09-15T04:56:15.998Z 
2026-09-15T04:56:15.998Z [2;36m[2026-09-15 04:56:15][0m [33mWARNING [0m [2m[py.warnings:112, 88377262b50a, rank=0][0m /opt/conda/lib/python3.12/site-packages/olmo_core/nn/transformer/model.py:838: UserWarning: called a synchronizing CUDA operation (Triggered internally at /pytorch/c10/cuda/CUDAFunctions.cpp:162.)
2026-09-15T04:56:15.998Z   0, flat, emb.reshape(B * T, D)[is_ctx.reshape(-1)]
2026-09-15T04:56:15.998Z 
2026-09-15T04:56:15.998Z [2;36m[2026-09-15 04:56:15][0m [33mWARNING [0m [2m[py.warnings:112, 88377262b50a, rank=1][0m /opt/conda/lib/python3.12/site-packages/olmo_core/nn/transformer/model.py:838: UserWarning: called a synchronizing CUDA operation (Triggered internally at /pytorch/c10/cuda/CUDAFunctions.cpp:162.)
2026-09-15T04:56:15.998Z   0, flat, emb.reshape(B * T, D)[is_ctx.reshape(-1)]
2026-09-15T04:56:15.998Z 
2026-09-15T04:56:16.007Z [2;36m[2026-09-15 04:56:16][0m [33mWARNING [0m [2m[py.warnings:112, 88377262b50a, rank=0][0m /opt/conda/lib/python3.12/site-packages/olmo_core/nn/pooled_soft_token.py:173: UserWarning: called a synchronizing CUDA operation (Triggered internally at /pytorch/c10/cuda/CUDAFunctions.cpp:162.)
2026-09-15T04:56:16.007Z   kept_idx = kept_tok.nonzero(as_tuple=True)[0]
2026-09-15T04:56:16.007Z 
2026-09-15T04:56:16.007Z [2;36m[2026-09-15 04:56:16][0m [33mWARNING [0m [2m[py.warnings:112, 88377262b50a, rank=0][0m /opt/conda/lib/python3.12/site-packages/olmo_core/nn/pooled_soft_token.py:179: UserWarning: called a synchronizing CUDA operation (Triggered internally at /pytorch/c10/cuda/CUDAFunctions.cpp:162.)
2026-09-15T04:56:16.007Z   if is_ctx.any():
2026-09-15T04:56:16.007Z 
2026-09-15T04:56:16.007Z [2;36m[2026-09-15 04:56:16][0m [33mWARNING [0m [2m[py.warnings:112, 88377262b50a, rank=1][0m /opt/conda/lib/python3.12/site-packages/olmo_core/nn/pooled_soft_token.py:173: UserWarning: called a synchronizing CUDA operation (Triggered internally at /pytorch/c10/cuda/CUDAFunctions.cpp:162.)
2026-09-15T04:56:16.007Z   kept_idx = kept_tok.nonzero(as_tuple=True)[0]
2026-09-15T04:56:16.007Z 
2026-09-15T04:56:16.008Z [2;36m[2026-09-15 04:56:16][0m [33mWARNING [0m [2m[py.warnings:112, 88377262b50a, rank=0][0m /opt/conda/lib/python3.12/site-packages/olmo_core/nn/pooled_soft_token.py:180: UserWarning: called a synchronizing CUDA operation (Triggered internally at /pytorch/c10/cuda/CUDAFunctions.cpp:162.)
2026-09-15T04:56:16.008Z   d_ix = c[is_ctx]
2026-09-15T04:56:16.008Z 
2026-09-15T04:56:16.008Z [2;36m[2026-09-15 04:56:16][0m [33mWARNING [0m [2m[py.warnings:112, 88377262b50a, rank=1][0m /opt/conda/lib/python3.12/site-packages/olmo_core/nn/pooled_soft_token.py:179: UserWarning: called a synchronizing CUDA operation (Triggered internally at /pytorch/c10/cuda/CUDAFunctions.cpp:162.)
2026-09-15T04:56:16.008Z   if is_ctx.any():
2026-09-15T04:56:16.008Z 
2026-09-15T04:56:16.008Z [2;36m[2026-09-15 04:56:16][0m [33mWARNING [0m [2m[py.warnings:112, 88377262b50a, rank=0][0m /opt/conda/lib/python3.12/site-packages/olmo_core/nn/pooled_soft_token.py:181: UserWarning: called a synchronizing CUDA operation (Triggered internally at /pytorch/c10/cuda/CUDAFunctions.cpp:162.)
2026-09-15T04:56:16.008Z   pos_ix = is_ctx.nonzero(as_tuple=True)[0]
2026-09-15T04:56:16.008Z 
2026-09-15T04:56:16.008Z [2;36m[2026-09-15 04:56:16][0m [33mWARNING [0m [2m[py.warnings:112, 88377262b50a, rank=1][0m /opt/conda/lib/python3.12/site-packages/olmo_core/nn/pooled_soft_token.py:180: UserWarning: called a synchronizing CUDA operation (Triggered internally at /pytorch/c10/cuda/CUDAFunctions.cpp:162.)
2026-09-15T04:56:16.008Z   d_ix = c[is_ctx]
2026-09-15T04:56:16.008Z 
2026-09-15T04:56:16.009Z [2;36m[2026-09-15 04:56:16][0m [33mWARNING [0m [2m[py.warnings:112, 88377262b50a, rank=1][0m /opt/conda/lib/python3.12/site-packages/olmo_core/nn/pooled_soft_token.py:181: UserWarning: called a synchronizing CUDA operation (Triggered internally at /pytorch/c10/cuda/CUDAFunctions.cpp:162.)
2026-09-15T04:56:16.009Z   pos_ix = is_ctx.nonzero(as_tuple=True)[0]
2026-09-15T04:56:16.009Z 
2026-09-15T04:56:16.009Z [2;36m[2026-09-15 04:56:16][0m [33mWARNING [0m [2m[py.warnings:112, 88377262b50a, rank=0][0m /opt/conda/lib/python3.12/site-packages/olmo_core/nn/pooled_soft_token.py:186: UserWarning: called a synchronizing CUDA operation (Triggered internally at /pytorch/c10/cuda/CUDAFunctions.cpp:162.)
2026-09-15T04:56:16.009Z   pooled_docs = pooled.nonzero(as_tuple=True)[0]
2026-09-15T04:56:16.009Z 
2026-09-15T04:56:16.009Z [2;36m[2026-09-15 04:56:16][0m [33mWARNING [0m [2m[py.warnings:112, 88377262b50a, rank=1][0m /opt/conda/lib/python3.12/site-packages/olmo_core/nn/pooled_soft_token.py:186: UserWarning: called a synchronizing CUDA operation (Triggered internally at /pytorch/c10/cuda/CUDAFunctions.cpp:162.)
2026-09-15T04:56:16.009Z   pooled_docs = pooled.nonzero(as_tuple=True)[0]
2026-09-15T04:56:16.009Z 
2026-09-15T04:56:16.010Z [2;36m[2026-09-15 04:56:16][0m [33mWARNING [0m [2m[py.warnings:112, 88377262b50a, rank=0][0m /opt/conda/lib/python3.12/site-packages/olmo_core/nn/pooled_soft_token.py:217: UserWarning: called a synchronizing CUDA operation (Triggered internally at /pytorch/c10/cuda/CUDAFunctions.cpp:162.)
2026-09-15T04:56:16.010Z   doc_len = torch.bincount(c[is_ctx], minlength=n_docs) if is_ctx.any() else torch.zeros(n_docs, dtype=torch.long, device=device)
2026-09-15T04:56:16.010Z 
2026-09-15T04:56:16.010Z [2;36m[2026-09-15 04:56:16][0m [33mWARNING [0m [2m[py.warnings:112, 88377262b50a, rank=1][0m /opt/conda/lib/python3.12/site-packages/olmo_core/nn/pooled_soft_token.py:217: UserWarning: called a synchronizing CUDA operation (Triggered internally at /pytorch/c10/cuda/CUDAFunctions.cpp:162.)
2026-09-15T04:56:16.010Z   doc_len = torch.bincount(c[is_ctx], minlength=n_docs) if is_ctx.any() else torch.zeros(n_docs, dtype=torch.long, device=device)
2026-09-15T04:56:16.010Z 
2026-09-15T04:56:16.010Z [2;36m[2026-09-15 04:56:16][0m [33mWARNING [0m [2m[py.warnings:112, 88377262b50a, rank=0][0m /opt/conda/lib/python3.12/site-packages/olmo_core/nn/pooled_soft_token.py:222: UserWarning: called a synchronizing CUDA operation (Triggered internally at /pytorch/c10/cuda/CUDAFunctions.cpp:162.)
2026-09-15T04:56:16.010Z   soft_cols_b = soft_mask.nonzero(as_tuple=True)[0]
2026-09-15T04:56:16.010Z 
2026-09-15T04:56:16.010Z [2;36m[2026-09-15 04:56:16][0m [33mWARNING [0m [2m[py.warnings:112, 88377262b50a, rank=1][0m /opt/conda/lib/python3.12/site-packages/olmo_core/nn/pooled_soft_token.py:222: UserWarning: called a synchronizing CUDA operation (Triggered internally at /pytorch/c10/cuda/CUDAFunctions.cpp:162.)
2026-09-15T04:56:16.010Z   soft_cols_b = soft_mask.nonzero(as_tuple=True)[0]
2026-09-15T04:56:16.010Z 
2026-09-15T04:56:16.011Z [2;36m[2026-09-15 04:56:16][0m [33mWARNING [0m [2m[py.warnings:112, 88377262b50a, rank=0][0m /opt/conda/lib/python3.12/site-packages/olmo_core/nn/pooled_soft_token.py:226: UserWarning: called a synchronizing CUDA operation (Triggered internally at /pytorch/c10/cuda/CUDAFunctions.cpp:162.)
2026-09-15T04:56:16.011Z   cols_l = soft_cols_b.tolist()
2026-09-15T04:56:16.011Z 
2026-09-15T04:56:16.011Z [2;36m[2026-09-15 04:56:16][0m [33mWARNING [0m [2m[py.warnings:112, 88377262b50a, rank=1][0m /opt/conda/lib/python3.12/site-packages/olmo_core/nn/pooled_soft_token.py:226: UserWarning: called a synchronizing CUDA operation (Triggered internally at /pytorch/c10/cuda/CUDAFunctions.cpp:162.)
2026-09-15T04:56:16.011Z   cols_l = soft_cols_b.tolist()
2026-09-15T04:56:16.011Z 
2026-09-15T04:56:16.011Z [2;36m[2026-09-15 04:56:16][0m [33mWARNING [0m [2m[py.warnings:112, 88377262b50a, rank=1][0m /opt/conda/lib/python3.12/site-packages/olmo_core/nn/pooled_soft_token.py:229: UserWarning: called a synchronizing CUDA operation (Triggered internally at /pytorch/c10/cuda/CUDAFunctions.cpp:162.)
2026-09-15T04:56:16.011Z   soft_docs += docs_b.tolist()
2026-09-15T04:56:16.011Z 
2026-09-15T04:56:16.011Z [2;36m[2026-09-15 04:56:16][0m [33mWARNING [0m [2m[py.warnings:112, 88377262b50a, rank=0][0m /opt/conda/lib/python3.12/site-packages/olmo_core/nn/pooled_soft_token.py:229: UserWarning: called a synchronizing CUDA operation (Triggered internally at /pytorch/c10/cuda/CUDAFunctions.cpp:162.)
2026-09-15T04:56:16.011Z   soft_docs += docs_b.tolist()
2026-09-15T04:56:16.011Z 
2026-09-15T04:56:16.012Z [2;36m[2026-09-15 04:56:16][0m [33mWARNING [0m [2m[py.warnings:112, 88377262b50a, rank=1][0m /opt/conda/lib/python3.12/site-packages/olmo_core/nn/pooled_soft_token.py:230: UserWarning: called a synchronizing CUDA operation (Triggered internally at /pytorch/c10/cuda/CUDAFunctions.cpp:162.)
2026-09-15T04:56:16.012Z   soft_log_len += lens_b.tolist()
2026-09-15T04:56:16.012Z 
2026-09-15T04:56:16.012Z [2;36m[2026-09-15 04:56:16][0m [33mWARNING [0m [2m[py.warnings:112, 88377262b50a, rank=0][0m /opt/conda/lib/python3.12/site-packages/olmo_core/nn/pooled_soft_token.py:230: UserWarning: called a synchronizing CUDA operation (Triggered internally at /pytorch/c10/cuda/CUDAFunctions.cpp:162.)
2026-09-15T04:56:16.012Z   soft_log_len += lens_b.tolist()
2026-09-15T04:56:16.012Z 
2026-09-15T04:56:16.013Z [2;36m[2026-09-15 04:56:16][0m [33mWARNING [0m [2m[py.warnings:112, 88377262b50a, rank=1][0m /opt/conda/lib/python3.12/site-packages/olmo_core/nn/pooled_soft_token.py:280: UserWarning: called a synchronizing CUDA operation (Triggered internally at /pytorch/c10/cuda/CUDAFunctions.cpp:162.)
2026-09-15T04:56:16.013Z   row_lens[b] = L
2026-09-15T04:56:16.013Z 
2026-09-15T04:56:16.018Z [2;36m[2026-09-15 04:56:16][0m [33mWARNING [0m [2m[py.warnings:112, 88377262b50a, rank=0][0m /opt/conda/lib/python3.12/site-packages/olmo_core/nn/pooled_soft_token.py:280: UserWarning: called a synchronizing CUDA operation (Triggered internally at /pytorch/c10/cuda/CUDAFunctions.cpp:162.)
2026-09-15T04:56:16.018Z   row_lens[b] = L
2026-09-15T04:56:16.018Z 
2026-09-15T04:56:16.018Z [2;36m[2026-09-15 04:56:16][0m [33mWARNING [0m [2m[py.warnings:112, 88377262b50a, rank=1][0m /opt/conda/lib/python3.12/site-packages/olmo_core/nn/pooled_soft_token.py:297: UserWarning: called a synchronizing CUDA operation (Triggered internally at /pytorch/c10/cuda/CUDAFunctions.cpp:162.)
2026-09-15T04:56:16.018Z   soft_rows=torch.tensor(soft_rows, dtype=torch.long, device=device),
2026-09-15T04:56:16.018Z 
2026-09-15T04:56:16.018Z [2;36m[2026-09-15 04:56:16][0m [33mWARNING [0m [2m[py.warnings:112, 88377262b50a, rank=1][0m /opt/conda/lib/python3.12/site-packages/olmo_core/nn/pooled_soft_token.py:298: UserWarning: called a synchronizing CUDA operation (Triggered internally at /pytorch/c10/cuda/CUDAFunctions.cpp:162.)
2026-09-15T04:56:16.018Z   soft_cols=torch.tensor(soft_cols, dtype=torch.long, device=device),
2026-09-15T04:56:16.018Z 
2026-09-15T04:56:16.018Z [2;36m[2026-09-15 04:56:16][0m [33mWARNING [0m [2m[py.warnings:112, 88377262b50a, rank=0][0m /opt/conda/lib/python3.12/site-packages/olmo_core/nn/pooled_soft_token.py:297: UserWarning: called a synchronizing CUDA operation (Triggered internally at /pytorch/c10/cuda/CUDAFunctions.cpp:162.)
2026-09-15T04:56:16.018Z   soft_rows=torch.tensor(soft_rows, dtype=torch.long, device=device),
2026-09-15T04:56:16.018Z 
2026-09-15T04:56:16.018Z [2;36m[2026-09-15 04:56:16][0m [33mWARNING [0m [2m[py.warnings:112, 88377262b50a, rank=1][0m /opt/conda/lib/python3.12/site-packages/olmo_core/nn/pooled_soft_token.py:299: UserWarning: called a synchronizing CUDA operation (Triggered internally at /pytorch/c10/cuda/CUDAFunctions.cpp:162.)
2026-09-15T04:56:16.018Z   soft_docs=torch.tensor(soft_docs, dtype=torch.long, device=device),
2026-09-15T04:56:16.018Z 
2026-09-15T04:56:16.018Z [2;36m[2026-09-15 04:56:16][0m [33mWARNING [0m [2m[py.warnings:112, 88377262b50a, rank=0][0m /opt/conda/lib/python3.12/site-packages/olmo_core/nn/pooled_soft_token.py:298: UserWarning: called a synchronizing CUDA operation (Triggered internally at /pytorch/c10/cuda/CUDAFunctions.cpp:162.)
2026-09-15T04:56:16.018Z   soft_cols=torch.tensor(soft_cols, dtype=torch.long, device=device),
2026-09-15T04:56:16.018Z 
2026-09-15T04:56:16.018Z [2;36m[2026-09-15 04:56:16][0m [33mWARNING [0m [2m[py.warnings:112, 88377262b50a, rank=1][0m /opt/conda/lib/python3.12/site-packages/olmo_core/nn/pooled_soft_token.py:301: UserWarning: called a synchronizing CUDA operation (Triggered internally at /pytorch/c10/cuda/CUDAFunctions.cpp:162.)
2026-09-15T04:56:16.018Z   soft_log_len=torch.tensor(soft_log_len, dtype=torch.float32, device=device),
2026-09-15T04:56:16.018Z 
2026-09-15T04:56:16.018Z [2;36m[2026-09-15 04:56:16][0m [33mWARNING [0m [2m[py.warnings:112, 88377262b50a, rank=0][0m /opt/conda/lib/python3.12/site-packages/olmo_core/nn/pooled_soft_token.py:299: UserWarning: called a synchronizing CUDA operation (Triggered internally at /pytorch/c10/cuda/CUDAFunctions.cpp:162.)
2026-09-15T04:56:16.018Z   soft_docs=torch.tensor(soft_docs, dtype=torch.long, device=device),
2026-09-15T04:56:16.018Z 
2026-09-15T04:56:16.018Z [2;36m[2026-09-15 04:56:16][0m [33mWARNING [0m [2m[py.warnings:112, 88377262b50a, rank=1][0m /opt/conda/lib/python3.12/site-packages/olmo_core/nn/transformer/model.py:1502: UserWarning: called a synchronizing CUDA operation (Triggered internally at /pytorch/c10/cuda/CUDAFunctions.cpp:162.)
2026-09-15T04:56:16.018Z   kv_grad_mask[cb.soft_rows, cb.soft_cols] = False
2026-09-15T04:56:16.018Z 
2026-09-15T04:56:16.018Z [2;36m[2026-09-15 04:56:16][0m [33mWARNING [0m [2m[py.warnings:112, 88377262b50a, rank=0][0m /opt/conda/lib/python3.12/site-packages/olmo_core/nn/pooled_soft_token.py:301: UserWarning: called a synchronizing CUDA operation (Triggered internally at /pytorch/c10/cuda/CUDAFunctions.cpp:162.)
2026-09-15T04:56:16.018Z   soft_log_len=torch.tensor(soft_log_len, dtype=torch.float32, device=device),
2026-09-15T04:56:16.018Z 
2026-09-15T04:56:16.018Z [2;36m[2026-09-15 04:56:16][0m [33mWARNING [0m [2m[py.warnings:112, 88377262b50a, rank=0][0m /opt/conda/lib/python3.12/site-packages/olmo_core/nn/transformer/model.py:1502: UserWarning: called a synchronizing CUDA operation (Triggered internally at /pytorch/c10/cuda/CUDAFunctions.cpp:162.)
2026-09-15T04:56:16.018Z   kv_grad_mask[cb.soft_rows, cb.soft_cols] = False
2026-09-15T04:56:16.018Z 
2026-09-15T04:56:16.172Z [2;36m[2026-09-15 04:56:16][0m [33mWARNING [0m [2m[py.warnings:112, 88377262b50a, rank=0][0m /opt/conda/lib/python3.12/site-packages/liger_kernel/ops/fused_linear_cross_entropy.py:75: UserWarning: called a synchronizing CUDA operation (Triggered internally at /pytorch/c10/cuda/CUDAFunctions.cpp:162.)
2026-09-15T04:56:16.172Z   total_n_non_ignore = target_mask.sum().item()
2026-09-15T04:56:16.172Z 
2026-09-15T04:56:16.172Z [2;36m[2026-09-15 04:56:16][0m [33mWARNING [0m [2m[py.warnings:112, 88377262b50a, rank=1][0m /opt/conda/lib/python3.12/site-packages/liger_kernel/ops/fused_linear_cross_entropy.py:75: UserWarning: called a synchronizing CUDA operation (Triggered internally at /pytorch/c10/cuda/CUDAFunctions.cpp:162.)
2026-09-15T04:56:16.172Z   total_n_non_ignore = target_mask.sum().item()
2026-09-15T04:56:16.172Z 
2026-09-15T04:56:16.795Z [2;36m[2026-09-15 04:56:16][0m [33mWARNING [0m [2m[py.warnings:112, 88377262b50a, rank=0][0m /opt/conda/lib/python3.12/site-packages/liger_kernel/ops/fused_linear_cross_entropy.py:233: UserWarning: called a synchronizing CUDA operation (Triggered internally at /pytorch/c10/cuda/CUDAFunctions.cpp:162.)
2026-09-15T04:56:16.795Z   if not torch.equal(grad_output, torch.tensor(1.0, device=grad_output.device)):
2026-09-15T04:56:16.795Z 
2026-09-15T04:56:16.831Z [2;36m[2026-09-15 04:56:16][0m [33mWARNING [0m [2m[py.warnings:112, 88377262b50a, rank=1][0m /opt/conda/lib/python3.12/site-packages/liger_kernel/ops/fused_linear_cross_entropy.py:233: UserWarning: called a synchronizing CUDA operation (Triggered internally at /pytorch/c10/cuda/CUDAFunctions.cpp:162.)
2026-09-15T04:56:16.831Z   if not torch.equal(grad_output, torch.tensor(1.0, device=grad_output.device)):
2026-09-15T04:56:16.831Z 
2026-09-15T04:56:17.196Z [2;36m[2026-09-15 04:56:17][0m [33mWARNING [0m [2m[py.warnings:112, 88377262b50a, rank=1][0m /opt/conda/lib/python3.12/site-packages/torch/autograd/graph.py:841: UserWarning: called a synchronizing CUDA operation (Triggered internally at /pytorch/c10/cuda/CUDAFunctions.cpp:162.)
2026-09-15T04:56:17.196Z   return Variable._execution_engine.run_backward(  # Calls into the C++ engine to run the backward pass
2026-09-15T04:56:17.196Z 
2026-09-15T04:56:17.205Z [2;36m[2026-09-15 04:56:17][0m [33mWARNING [0m [2m[py.warnings:112, 88377262b50a, rank=0][0m /opt/conda/lib/python3.12/site-packages/torch/autograd/graph.py:841: UserWarning: called a synchronizing CUDA operation (Triggered internally at /pytorch/c10/cuda/CUDAFunctions.cpp:162.)
2026-09-15T04:56:17.205Z   return Variable._execution_engine.run_backward(  # Calls into the C++ engine to run the backward pass
2026-09-15T04:56:17.205Z 
2026-09-15T04:56:17.209Z [2;36m[2026-09-15 04:56:17][0m [33mWARNING [0m [2m[py.warnings:112, 88377262b50a, rank=1][0m /opt/conda/lib/python3.12/site-packages/torch/distributed/utils.py:106: UserWarning: called a synchronizing CUDA operation (Triggered internally at /pytorch/c10/cuda/CUDAFunctions.cpp:162.)
2026-09-15T04:56:17.209Z   return (obj.to(target_device),)
2026-09-15T04:56:17.209Z 
2026-09-15T04:56:17.216Z [2;36m[2026-09-15 04:56:17][0m [33mWARNING [0m [2m[py.warnings:112, 88377262b50a, rank=1][0m /opt/conda/lib/python3.12/site-packages/olmo_core/nn/transformer/model.py:777: UserWarning: called a synchronizing CUDA operation (Triggered internally at /pytorch/c10/cuda/CUDAFunctions.cpp:162.)
2026-09-15T04:56:17.216Z   n_docs = int(chunk_ids.max().item()) + 1
2026-09-15T04:56:17.216Z 
2026-09-15T04:56:22.735Z [2;36m[2026-09-15 04:56:22][0m [33mWARNING [0m [2m[py.warnings:112, 88377262b50a, rank=1][0m /opt/conda/lib/python3.12/site-packages/liger_kernel/ops/fused_linear_cross_entropy.py:75: UserWarning: called a synchronizing CUDA operation (Triggered internally at /pytorch/c10/cuda/CUDAFunctions.cpp:162.)
2026-09-15T04:56:22.735Z   total_n_non_ignore = target_mask.sum().item()
2026-09-15T04:56:22.735Z 
2026-09-15T04:56:22.735Z [2;36m[2026-09-15 04:56:22][0m [33mWARNING [0m [2m[py.warnings:112, 88377262b50a, rank=0][0m /opt/conda/lib/python3.12/site-packages/liger_kernel/ops/fused_linear_cross_entropy.py:75: UserWarning: called a synchronizing CUDA operation (Triggered internally at /pytorch/c10/cuda/CUDAFunctions.cpp:162.)
2026-09-15T04:56:22.735Z   total_n_non_ignore = target_mask.sum().item()
2026-09-15T04:56:22.735Z 
2026-09-15T04:56:23.239Z [2;36m[2026-09-15 04:56:23][0m [33mWARNING [0m [2m[py.warnings:112, 88377262b50a, rank=0][0m /opt/conda/lib/python3.12/site-packages/liger_kernel/ops/fused_linear_cross_entropy.py:233: UserWarning: called a synchronizing CUDA operation (Triggered internally at /pytorch/c10/cuda/CUDAFunctions.cpp:162.)
2026-09-15T04:56:23.239Z   if not torch.equal(grad_output, torch.tensor(1.0, device=grad_output.device)):
2026-09-15T04:56:23.239Z 
2026-09-15T04:56:23.514Z [2;36m[2026-09-15 04:56:23][0m [33mWARNING [0m [2m[py.warnings:112, 88377262b50a, rank=1][0m /opt/conda/lib/python3.12/site-packages/liger_kernel/ops/fused_linear_cross_entropy.py:233: UserWarning: called a synchronizing CUDA operation (Triggered internally at /pytorch/c10/cuda/CUDAFunctions.cpp:162.)
2026-09-15T04:56:23.514Z   if not torch.equal(grad_output, torch.tensor(1.0, device=grad_output.device)):
2026-09-15T04:56:23.514Z 
2026-09-15T04:56:24.554Z [2;36m[2026-09-15 04:56:24][0m [33mWARNING [0m [2m[py.warnings:112, 88377262b50a, rank=1][0m /opt/conda/lib/python3.12/site-packages/torch/autograd/graph.py:841: UserWarning: called a synchronizing CUDA operation (Triggered internally at /pytorch/c10/cuda/CUDAFunctions.cpp:162.)
2026-09-15T04:56:24.554Z   return Variable._execution_engine.run_backward(  # Calls into the C++ engine to run the backward pass
2026-09-15T04:56:24.554Z 
2026-09-15T04:56:24.559Z [2;36m[2026-09-15 04:56:24][0m [33mWARNING [0m [2m[py.warnings:112, 88377262b50a, rank=0][0m /opt/conda/lib/python3.12/site-packages/torch/autograd/graph.py:841: UserWarning: called a synchronizing CUDA operation (Triggered internally at /pytorch/c10/cuda/CUDAFunctions.cpp:162.)
2026-09-15T04:56:24.559Z   return Variable._execution_engine.run_backward(  # Calls into the C++ engine to run the backward pass
2026-09-15T04:56:24.559Z 
2026-09-15T04:56:24.559Z [2;36m[2026-09-15 04:56:24][0m [33mWARNING [0m [2m[py.warnings:112, 88377262b50a, rank=1][0m /opt/conda/lib/python3.12/site-packages/torch/distributed/utils.py:106: UserWarning: called a synchronizing CUDA operation (Triggered internally at /pytorch/c10/cuda/CUDAFunctions.cpp:162.)
2026-09-15T04:56:24.559Z   return (obj.to(target_device),)
2026-09-15T04:56:24.559Z 
2026-09-15T04:56:24.560Z [2;36m[2026-09-15 04:56:24][0m [33mWARNING [0m [2m[py.warnings:112, 88377262b50a, rank=0][0m /opt/conda/lib/python3.12/site-packages/torch/distributed/utils.py:106: UserWarning: called a synchronizing CUDA operation (Triggered internally at /pytorch/c10/cuda/CUDAFunctions.cpp:162.)
2026-09-15T04:56:24.560Z   return (obj.to(target_device),)
2026-09-15T04:56:24.560Z 
2026-09-15T04:56:24.570Z [2;36m[2026-09-15 04:56:24][0m [33mWARNING [0m [2m[py.warnings:112, 88377262b50a, rank=1][0m /opt/conda/lib/python3.12/site-packages/olmo_core/nn/transformer/model.py:777: UserWarning: called a synchronizing CUDA operation (Triggered internally at /pytorch/c10/cuda/CUDAFunctions.cpp:162.)
2026-09-15T04:56:24.570Z   n_docs = int(chunk_ids.max().item()) + 1
2026-09-15T04:56:24.570Z 
2026-09-15T04:56:24.570Z [2;36m[2026-09-15 04:56:24][0m [33mWARNING [0m [2m[py.warnings:112, 88377262b50a, rank=0][0m /opt/conda/lib/python3.12/site-packages/olmo_core/nn/transformer/model.py:777: UserWarning: called a synchronizing CUDA operation (Triggered internally at /pytorch/c10/cuda/CUDAFunctions.cpp:162.)
2026-09-15T04:56:24.570Z   n_docs = int(chunk_ids.max().item()) + 1
2026-09-15T04:56:24.570Z 
2026-09-15T04:56:24.579Z [2;36m[2026-09-15 04:56:24][0m [33mWARNING [0m [2m[py.warnings:112, 88377262b50a, rank=1][0m /opt/conda/lib/python3.12/site-packages/olmo_core/nn/transformer/model.py:834: UserWarning: called a synchronizing CUDA operation (Triggered internally at /pytorch/c10/cuda/CUDAFunctions.cpp:162.)
2026-09-15T04:56:24.579Z   flat = (torch.arange(B, device=emb.device)[:, None] * n_docs + cid.clamp(min=0)).reshape(
2026-09-15T04:56:24.579Z 
2026-09-15T04:56:24.579Z [2;36m[2026-09-15 04:56:24][0m [33mWARNING [0m [2m[py.warnings:112, 88377262b50a, rank=0][0m /opt/conda/lib/python3.12/site-packages/olmo_core/nn/transformer/model.py:834: UserWarning: called a synchronizing CUDA operation (Triggered internally at /pytorch/c10/cuda/CUDAFunctions.cpp:162.)
2026-09-15T04:56:24.579Z   flat = (torch.arange(B, device=emb.device)[:, None] * n_docs + cid.clamp(min=0)).reshape(
2026-09-15T04:56:24.579Z 
2026-09-15T04:56:24.579Z [2;36m[2026-09-15 04:56:24][0m [33mWARNING [0m [2m[py.warnings:112, 88377262b50a, rank=1][0m /opt/conda/lib/python3.12/site-packages/olmo_core/nn/transformer/model.py:838: UserWarning: called a synchronizing CUDA operation (Triggered internally at /pytorch/c10/cuda/CUDAFunctions.cpp:162.)
2026-09-15T04:56:24.579Z   0, flat, emb.reshape(B * T, D)[is_ctx.reshape(-1)]
2026-09-15T04:56:24.579Z 
2026-09-15T04:56:24.580Z [2;36m[2026-09-15 04:56:24][0m [33mWARNING [0m [2m[py.warnings:112, 88377262b50a, rank=0][0m /opt/conda/lib/python3.12/site-packages/olmo_core/nn/transformer/model.py:838: UserWarning: called a synchronizing CUDA operation (Triggered internally at /pytorch/c10/cuda/CUDAFunctions.cpp:162.)
2026-09-15T04:56:24.580Z   0, flat, emb.reshape(B * T, D)[is_ctx.reshape(-1)]
2026-09-15T04:56:24.580Z 
2026-09-15T04:56:24.586Z [2;36m[2026-09-15 04:56:24][0m [33mWARNING [0m [2m[py.warnings:112, 88377262b50a, rank=1][0m /opt/conda/lib/python3.12/site-packages/olmo_core/nn/pooled_soft_token.py:173: UserWarning: called a synchronizing CUDA operation (Triggered internally at /pytorch/c10/cuda/CUDAFunctions.cpp:162.)
2026-09-15T04:56:24.586Z   kept_idx = kept_tok.nonzero(as_tuple=True)[0]
2026-09-15T04:56:24.586Z 
2026-09-15T04:56:24.587Z [2;36m[2026-09-15 04:56:24][0m [33mWARNING [0m [2m[py.warnings:112, 88377262b50a, rank=1][0m /opt/conda/lib/python3.12/site-packages/olmo_core/nn/pooled_soft_token.py:179: UserWarning: called a synchronizing CUDA operation (Triggered internally at /pytorch/c10/cuda/CUDAFunctions.cpp:162.)
2026-09-15T04:56:24.587Z   if is_ctx.any():
2026-09-15T04:56:24.587Z 
2026-09-15T04:56:24.587Z [2;36m[2026-09-15 04:56:24][0m [33mWARNING [0m [2m[py.warnings:112, 88377262b50a, rank=1][0m /opt/conda/lib/python3.12/site-packages/olmo_core/nn/pooled_soft_token.py:180: UserWarning: called a synchronizing CUDA operation (Triggered internally at /pytorch/c10/cuda/CUDAFunctions.cpp:162.)
2026-09-15T04:56:24.587Z   d_ix = c[is_ctx]
2026-09-15T04:56:24.587Z 
2026-09-15T04:56:24.587Z [2;36m[2026-09-15 04:56:24][0m [33mWARNING [0m [2m[py.warnings:112, 88377262b50a, rank=1][0m /opt/conda/lib/python3.12/site-packages/olmo_core/nn/pooled_soft_token.py:181: UserWarning: called a synchronizing CUDA operation (Triggered internally at /pytorch/c10/cuda/CUDAFunctions.cpp:162.)
2026-09-15T04:56:24.587Z   pos_ix = is_ctx.nonzero(as_tuple=True)[0]
2026-09-15T04:56:24.587Z 
2026-09-15T04:56:24.587Z [2;36m[2026-09-15 04:56:24][0m [33mWARNING [0m [2m[py.warnings:112, 88377262b50a, rank=0][0m /opt/conda/lib/python3.12/site-packages/olmo_core/nn/pooled_soft_token.py:173: UserWarning: called a synchronizing CUDA operation (Triggered internally at /pytorch/c10/cuda/CUDAFunctions.cpp:162.)
2026-09-15T04:56:24.587Z   kept_idx = kept_tok.nonzero(as_tuple=True)[0]
2026-09-15T04:56:24.587Z 
2026-09-15T04:56:24.588Z [2;36m[2026-09-15 04:56:24][0m [33mWARNING [0m [2m[py.warnings:112, 88377262b50a, rank=1][0m /opt/conda/lib/python3.12/site-packages/olmo_core/nn/pooled_soft_token.py:186: UserWarning: called a synchronizing CUDA operation (Triggered internally at /pytorch/c10/cuda/CUDAFunctions.cpp:162.)
2026-09-15T04:56:24.588Z   pooled_docs = pooled.nonzero(as_tuple=True)[0]
2026-09-15T04:56:24.588Z 
2026-09-15T04:56:24.588Z [2;36m[2026-09-15 04:56:24][0m [33mWARNING [0m [2m[py.warnings:112, 88377262b50a, rank=0][0m /opt/conda/lib/python3.12/site-packages/olmo_core/nn/pooled_soft_token.py:179: UserWarning: called a synchronizing CUDA operation (Triggered internally at /pytorch/c10/cuda/CUDAFunctions.cpp:162.)
2026-09-15T04:56:24.588Z   if is_ctx.any():
2026-09-15T04:56:24.588Z 
2026-09-15T04:56:24.589Z [2;36m[2026-09-15 04:56:24][0m [33mWARNING [0m [2m[py.warnings:112, 88377262b50a, rank=0][0m /opt/conda/lib/python3.12/site-packages/olmo_core/nn/pooled_soft_token.py:180: UserWarning: called a synchronizing CUDA operation (Triggered internally at /pytorch/c10/cuda/CUDAFunctions.cpp:162.)
2026-09-15T04:56:24.589Z   d_ix = c[is_ctx]
2026-09-15T04:56:24.589Z 
2026-09-15T04:56:24.589Z [2;36m[2026-09-15 04:56:24][0m [33mWARNING [0m [2m[py.warnings:112, 88377262b50a, rank=1][0m /opt/conda/lib/python3.12/site-packages/olmo_core/nn/pooled_soft_token.py:217: UserWarning: called a synchronizing CUDA operation (Triggered internally at /pytorch/c10/cuda/CUDAFunctions.cpp:162.)
2026-09-15T04:56:24.589Z   doc_len = torch.bincount(c[is_ctx], minlength=n_docs) if is_ctx.any() else torch.zeros(n_docs, dtype=torch.long, device=device)
2026-09-15T04:56:24.589Z 
2026-09-15T04:56:24.589Z [2;36m[2026-09-15 04:56:24][0m [33mWARNING [0m [2m[py.warnings:112, 88377262b50a, rank=0][0m /opt/conda/lib/python3.12/site-packages/olmo_core/nn/pooled_soft_token.py:181: UserWarning: called a synchronizing CUDA operation (Triggered internally at /pytorch/c10/cuda/CUDAFunctions.cpp:162.)
2026-09-15T04:56:24.589Z   pos_ix = is_ctx.nonzero(as_tuple=True)[0]
2026-09-15T04:56:24.589Z 
2026-09-15T04:56:24.589Z [2;36m[2026-09-15 04:56:24][0m [33mWARNING [0m [2m[py.warnings:112, 88377262b50a, rank=1][0m /opt/conda/lib/python3.12/site-packages/olmo_core/nn/pooled_soft_token.py:222: UserWarning: called a synchronizing CUDA operation (Triggered internally at /pytorch/c10/cuda/CUDAFunctions.cpp:162.)
2026-09-15T04:56:24.589Z   soft_cols_b = soft_mask.nonzero(as_tuple=True)[0]
2026-09-15T04:56:24.589Z 
2026-09-15T04:56:24.590Z [2;36m[2026-09-15 04:56:24][0m [33mWARNING [0m [2m[py.warnings:112, 88377262b50a, rank=1][0m /opt/conda/lib/python3.12/site-packages/olmo_core/nn/pooled_soft_token.py:226: UserWarning: called a synchronizing CUDA operation (Triggered internally at /pytorch/c10/cuda/CUDAFunctions.cpp:162.)
2026-09-15T04:56:24.590Z   cols_l = soft_cols_b.tolist()
2026-09-15T04:56:24.590Z 
2026-09-15T04:56:24.590Z [2;36m[2026-09-15 04:56:24][0m [33mWARNING [0m [2m[py.warnings:112, 88377262b50a, rank=0][0m /opt/conda/lib/python3.12/site-packages/olmo_core/nn/pooled_soft_token.py:186: UserWarning: called a synchronizing CUDA operation (Triggered internally at /pytorch/c10/cuda/CUDAFunctions.cpp:162.)
2026-09-15T04:56:24.590Z   pooled_docs = pooled.nonzero(as_tuple=True)[0]
2026-09-15T04:56:24.590Z 
2026-09-15T04:56:24.590Z [2;36m[2026-09-15 04:56:24][0m [33mWARNING [0m [2m[py.warnings:112, 88377262b50a, rank=1][0m /opt/conda/lib/python3.12/site-packages/olmo_core/nn/pooled_soft_token.py:229: UserWarning: called a synchronizing CUDA operation (Triggered internally at /pytorch/c10/cuda/CUDAFunctions.cpp:162.)
2026-09-15T04:56:24.590Z   soft_docs += docs_b.tolist()
2026-09-15T04:56:24.590Z 
2026-09-15T04:56:24.590Z [2;36m[2026-09-15 04:56:24][0m [33mWARNING [0m [2m[py.warnings:112, 88377262b50a, rank=1][0m /opt/conda/lib/python3.12/site-packages/olmo_core/nn/pooled_soft_token.py:230: UserWarning: called a synchronizing CUDA operation (Triggered internally at /pytorch/c10/cuda/CUDAFunctions.cpp:162.)
2026-09-15T04:56:24.590Z   soft_log_len += lens_b.tolist()
2026-09-15T04:56:24.590Z 
2026-09-15T04:56:24.591Z [2;36m[2026-09-15 04:56:24][0m [33mWARNING [0m [2m[py.warnings:112, 88377262b50a, rank=0][0m /opt/conda/lib/python3.12/site-packages/olmo_core/nn/pooled_soft_token.py:217: UserWarning: called a synchronizing CUDA operation (Triggered internally at /pytorch/c10/cuda/CUDAFunctions.cpp:162.)
2026-09-15T04:56:24.591Z   doc_len = torch.bincount(c[is_ctx], minlength=n_docs) if is_ctx.any() else torch.zeros(n_docs, dtype=torch.long, device=device)
2026-09-15T04:56:24.591Z 
2026-09-15T04:56:24.591Z [2;36m[2026-09-15 04:56:24][0m [33mWARNING [0m [2m[py.warnings:112, 88377262b50a, rank=0][0m /opt/conda/lib/python3.12/site-packages/olmo_core/nn/pooled_soft_token.py:222: UserWarning: called a synchronizing CUDA operation (Triggered internally at /pytorch/c10/cuda/CUDAFunctions.cpp:162.)
2026-09-15T04:56:24.591Z   soft_cols_b = soft_mask.nonzero(as_tuple=True)[0]
2026-09-15T04:56:24.591Z 
2026-09-15T04:56:24.592Z [2;36m[2026-09-15 04:56:24][0m [33mWARNING [0m [2m[py.warnings:112, 88377262b50a, rank=0][0m /opt/conda/lib/python3.12/site-packages/olmo_core/nn/pooled_soft_token.py:226: UserWarning: called a synchronizing CUDA operation (Triggered internally at /pytorch/c10/cuda/CUDAFunctions.cpp:162.)
2026-09-15T04:56:24.592Z   cols_l = soft_cols_b.tolist()
2026-09-15T04:56:24.592Z 
2026-09-15T04:56:24.592Z [2;36m[2026-09-15 04:56:24][0m [33mWARNING [0m [2m[py.warnings:112, 88377262b50a, rank=1][0m /opt/conda/lib/python3.12/site-packages/olmo_core/nn/pooled_soft_token.py:280: UserWarning: called a synchronizing CUDA operation (Triggered internally at /pytorch/c10/cuda/CUDAFunctions.cpp:162.)
2026-09-15T04:56:24.592Z   row_lens[b] = L
2026-09-15T04:56:24.592Z 
2026-09-15T04:56:24.592Z [2;36m[2026-09-15 04:56:24][0m [33mWARNING [0m [2m[py.warnings:112, 88377262b50a, rank=0][0m /opt/conda/lib/python3.12/site-packages/olmo_core/nn/pooled_soft_token.py:229: UserWarning: called a synchronizing CUDA operation (Triggered internally at /pytorch/c10/cuda/CUDAFunctions.cpp:162.)
2026-09-15T04:56:24.592Z   soft_docs += docs_b.tolist()
2026-09-15T04:56:24.592Z 
2026-09-15T04:56:24.592Z [2;36m[2026-09-15 04:56:24][0m [33mWARNING [0m [2m[py.warnings:112, 88377262b50a, rank=1][0m /opt/conda/lib/python3.12/site-packages/olmo_core/nn/pooled_soft_token.py:297: UserWarning: called a synchronizing CUDA operation (Triggered internally at /pytorch/c10/cuda/CUDAFunctions.cpp:162.)
2026-09-15T04:56:24.592Z   soft_rows=torch.tensor(soft_rows, dtype=torch.long, device=device),
2026-09-15T04:56:24.592Z 
2026-09-15T04:56:24.593Z [2;36m[2026-09-15 04:56:24][0m [33mWARNING [0m [2m[py.warnings:112, 88377262b50a, rank=0][0m /opt/conda/lib/python3.12/site-packages/olmo_core/nn/pooled_soft_token.py:230: UserWarning: called a synchronizing CUDA operation (Triggered internally at /pytorch/c10/cuda/CUDAFunctions.cpp:162.)
2026-09-15T04:56:24.593Z   soft_log_len += lens_b.tolist()
2026-09-15T04:56:24.593Z 
2026-09-15T04:56:24.593Z [2;36m[2026-09-15 04:56:24][0m [33mWARNING [0m [2m[py.warnings:112, 88377262b50a, rank=1][0m /opt/conda/lib/python3.12/site-packages/olmo_core/nn/pooled_soft_token.py:298: UserWarning: called a synchronizing CUDA operation (Triggered internally at /pytorch/c10/cuda/CUDAFunctions.cpp:162.)
2026-09-15T04:56:24.593Z   soft_cols=torch.tensor(soft_cols, dtype=torch.long, device=device),
2026-09-15T04:56:24.593Z 
2026-09-15T04:56:24.593Z [2;36m[2026-09-15 04:56:24][0m [33mWARNING [0m [2m[py.warnings:112, 88377262b50a, rank=1][0m /opt/conda/lib/python3.12/site-packages/olmo_core/nn/pooled_soft_token.py:299: UserWarning: called a synchronizing CUDA operation (Triggered internally at /pytorch/c10/cuda/CUDAFunctions.cpp:162.)
2026-09-15T04:56:24.593Z   soft_docs=torch.tensor(soft_docs, dtype=torch.long, device=device),
2026-09-15T04:56:24.593Z 
2026-09-15T04:56:24.593Z [2;36m[2026-09-15 04:56:24][0m [33mWARNING [0m [2m[py.warnings:112, 88377262b50a, rank=1][0m /opt/conda/lib/python3.12/site-packages/olmo_core/nn/pooled_soft_token.py:301: UserWarning: called a synchronizing CUDA operation (Triggered internally at /pytorch/c10/cuda/CUDAFunctions.cpp:162.)
2026-09-15T04:56:24.593Z   soft_log_len=torch.tensor(soft_log_len, dtype=torch.float32, device=device),
2026-09-15T04:56:24.593Z 
2026-09-15T04:56:24.594Z [2;36m[2026-09-15 04:56:24][0m [33mWARNING [0m [2m[py.warnings:112, 88377262b50a, rank=1][0m /opt/conda/lib/python3.12/site-packages/olmo_core/nn/transformer/model.py:1502: UserWarning: called a synchronizing CUDA operation (Triggered internally at /pytorch/c10/cuda/CUDAFunctions.cpp:162.)
2026-09-15T04:56:24.594Z   kv_grad_mask[cb.soft_rows, cb.soft_cols] = False
2026-09-15T04:56:24.594Z 
2026-09-15T04:56:24.595Z [2;36m[2026-09-15 04:56:24][0m [33mWARNING [0m [2m[py.warnings:112, 88377262b50a, rank=0][0m /opt/conda/lib/python3.12/site-packages/olmo_core/nn/pooled_soft_token.py:280: UserWarning: called a synchronizing CUDA operation (Triggered internally at /pytorch/c10/cuda/CUDAFunctions.cpp:162.)
2026-09-15T04:56:24.595Z   row_lens[b] = L
2026-09-15T04:56:24.595Z 
2026-09-15T04:56:24.595Z [2;36m[2026-09-15 04:56:24][0m [33mWARNING [0m [2m[py.warnings:112, 88377262b50a, rank=0][0m /opt/conda/lib/python3.12/site-packages/olmo_core/nn/pooled_soft_token.py:297: UserWarning: called a synchronizing CUDA operation (Triggered internally at /pytorch/c10/cuda/CUDAFunctions.cpp:162.)
2026-09-15T04:56:24.595Z   soft_rows=torch.tensor(soft_rows, dtype=torch.long, device=device),
2026-09-15T04:56:24.595Z 
2026-09-15T04:56:24.596Z [2;36m[2026-09-15 04:56:24][0m [33mWARNING [0m [2m[py.warnings:112, 88377262b50a, rank=0][0m /opt/conda/lib/python3.12/site-packages/olmo_core/nn/pooled_soft_token.py:298: UserWarning: called a synchronizing CUDA operation (Triggered internally at /pytorch/c10/cuda/CUDAFunctions.cpp:162.)
2026-09-15T04:56:24.596Z   soft_cols=torch.tensor(soft_cols, dtype=torch.long, device=device),
2026-09-15T04:56:24.596Z 
2026-09-15T04:56:24.596Z [2;36m[2026-09-15 04:56:24][0m [33mWARNING [0m [2m[py.warnings:112, 88377262b50a, rank=0][0m /opt/conda/lib/python3.12/site-packages/olmo_core/nn/pooled_soft_token.py:299: UserWarning: called a synchronizing CUDA operation (Triggered internally at /pytorch/c10/cuda/CUDAFunctions.cpp:162.)
2026-09-15T04:56:24.596Z   soft_docs=torch.tensor(soft_docs, dtype=torch.long, device=device),
2026-09-15T04:56:24.596Z 
2026-09-15T04:56:24.597Z [2;36m[2026-09-15 04:56:24][0m [33mWARNING [0m [2m[py.warnings:112, 88377262b50a, rank=0][0m /opt/conda/lib/python3.12/site-packages/olmo_core/nn/pooled_soft_token.py:301: UserWarning: called a synchronizing CUDA operation (Triggered internally at /pytorch/c10/cuda/CUDAFunctions.cpp:162.)
2026-09-15T04:56:24.597Z   soft_log_len=torch.tensor(soft_log_len, dtype=torch.float32, device=device),
2026-09-15T04:56:24.597Z 
2026-09-15T04:56:24.597Z [2;36m[2026-09-15 04:56:24][0m [33mWARNING [0m [2m[py.warnings:112, 88377262b50a, rank=0][0m /opt/conda/lib/python3.12/site-packages/olmo_core/nn/transformer/model.py:1502: UserWarning: called a synchronizing CUDA operation (Triggered internally at /pytorch/c10/cuda/CUDAFunctions.cpp:162.)
2026-09-15T04:56:24.597Z   kv_grad_mask[cb.soft_rows, cb.soft_cols] = False
2026-09-15T04:56:24.597Z 
2026-09-15T04:56:24.741Z [2;36m[2026-09-15 04:56:24][0m [33mWARNING [0m [2m[py.warnings:112, 88377262b50a, rank=0][0m /opt/conda/lib/python3.12/site-packages/liger_kernel/ops/fused_linear_cross_entropy.py:75: UserWarning: called a synchronizing CUDA operation (Triggered internally at /pytorch/c10/cuda/CUDAFunctions.cpp:162.)
2026-09-15T04:56:24.741Z   total_n_non_ignore = target_mask.sum().item()
2026-09-15T04:56:24.741Z 
2026-09-15T04:56:24.741Z [2;36m[2026-09-15 04:56:24][0m [33mWARNING [0m [2m[py.warnings:112, 88377262b50a, rank=1][0m /opt/conda/lib/python3.12/site-packages/liger_kernel/ops/fused_linear_cross_entropy.py:75: UserWarning: called a synchronizing CUDA operation (Triggered internally at /pytorch/c10/cuda/CUDAFunctions.cpp:162.)
2026-09-15T04:56:24.741Z   total_n_non_ignore = target_mask.sum().item()
2026-09-15T04:56:24.741Z 
2026-09-15T04:56:25.649Z [2;36m[2026-09-15 04:56:25][0m [33mWARNING [0m [2m[py.warnings:112, 88377262b50a, rank=1][0m /opt/conda/lib/python3.12/site-packages/liger_kernel/ops/fused_linear_cross_entropy.py:233: UserWarning: called a synchronizing CUDA operation (Triggered internally at /pytorch/c10/cuda/CUDAFunctions.cpp:162.)
2026-09-15T04:56:25.649Z   if not torch.equal(grad_output, torch.tensor(1.0, device=grad_output.device)):
2026-09-15T04:56:25.649Z 
2026-09-15T04:56:25.669Z [2;36m[2026-09-15 04:56:25][0m [33mWARNING [0m [2m[py.warnings:112, 88377262b50a, rank=0][0m /opt/conda/lib/python3.12/site-packages/liger_kernel/ops/fused_linear_cross_entropy.py:233: UserWarning: called a synchronizing CUDA operation (Triggered internally at /pytorch/c10/cuda/CUDAFunctions.cpp:162.)
2026-09-15T04:56:25.669Z   if not torch.equal(grad_output, torch.tensor(1.0, device=grad_output.device)):
2026-09-15T04:56:25.669Z 
2026-09-15T04:56:26.196Z [2;36m[2026-09-15 04:56:26][0m [33mWARNING [0m [2m[py.warnings:112, 88377262b50a, rank=1][0m /opt/conda/lib/python3.12/site-packages/torch/autograd/graph.py:841: UserWarning: called a synchronizing CUDA operation (Triggered internally at /pytorch/c10/cuda/CUDAFunctions.cpp:162.)
2026-09-15T04:56:26.196Z   return Variable._execution_engine.run_backward(  # Calls into the C++ engine to run the backward pass
2026-09-15T04:56:26.196Z 
2026-09-15T04:56:26.197Z [2;36m[2026-09-15 04:56:26][0m [33mWARNING [0m [2m[py.warnings:112, 88377262b50a, rank=1][0m /opt/conda/lib/python3.12/site-packages/torch/distributed/utils.py:106: UserWarning: called a synchronizing CUDA operation (Triggered internally at /pytorch/c10/cuda/CUDAFunctions.cpp:162.)
2026-09-15T04:56:26.197Z   return (obj.to(target_device),)
2026-09-15T04:56:26.197Z 
2026-09-15T04:56:26.207Z [2;36m[2026-09-15 04:56:26][0m [33mWARNING [0m [2m[py.warnings:112, 88377262b50a, rank=1][0m /opt/conda/lib/python3.12/site-packages/olmo_core/nn/transformer/model.py:777: UserWarning: called a synchronizing CUDA operation (Triggered internally at /pytorch/c10/cuda/CUDAFunctions.cpp:162.)
2026-09-15T04:56:26.207Z   n_docs = int(chunk_ids.max().item()) + 1
2026-09-15T04:56:26.207Z 
2026-09-15T04:56:26.215Z [2;36m[2026-09-15 04:56:26][0m [33mWARNING [0m [2m[py.warnings:112, 88377262b50a, rank=1][0m /opt/conda/lib/python3.12/site-packages/olmo_core/nn/transformer/model.py:834: UserWarning: called a synchronizing CUDA operation (Triggered internally at /pytorch/c10/cuda/CUDAFunctions.cpp:162.)
2026-09-15T04:56:26.215Z   flat = (torch.arange(B, device=emb.device)[:, None] * n_docs + cid.clamp(min=0)).reshape(
2026-09-15T04:56:26.215Z 
2026-09-15T04:56:26.216Z [2;36m[2026-09-15 04:56:26][0m [33mWARNING [0m [2m[py.warnings:112, 88377262b50a, rank=1][0m /opt/conda/lib/python3.12/site-packages/olmo_core/nn/transformer/model.py:838: UserWarning: called a synchronizing CUDA operation (Triggered internally at /pytorch/c10/cuda/CUDAFunctions.cpp:162.)
2026-09-15T04:56:26.216Z   0, flat, emb.reshape(B * T, D)[is_ctx.reshape(-1)]
2026-09-15T04:56:26.216Z 
2026-09-15T04:56:26.223Z [2;36m[2026-09-15 04:56:26][0m [33mWARNING [0m [2m[py.warnings:112, 88377262b50a, rank=1][0m /opt/conda/lib/python3.12/site-packages/olmo_core/nn/pooled_soft_token.py:173: UserWarning: called a synchronizing CUDA operation (Triggered internally at /pytorch/c10/cuda/CUDAFunctions.cpp:162.)
2026-09-15T04:56:26.223Z   kept_idx = kept_tok.nonzero(as_tuple=True)[0]
2026-09-15T04:56:26.223Z 
2026-09-15T04:56:26.223Z [2;36m[2026-09-15 04:56:26][0m [33mWARNING [0m [2m[py.warnings:112, 88377262b50a, rank=1][0m /opt/conda/lib/python3.12/site-packages/olmo_core/nn/pooled_soft_token.py:179: UserWarning: called a synchronizing CUDA operation (Triggered internally at /pytorch/c10/cuda/CUDAFunctions.cpp:162.)
2026-09-15T04:56:26.223Z   if is_ctx.any():
2026-09-15T04:56:26.223Z 
2026-09-15T04:56:26.224Z [2;36m[2026-09-15 04:56:26][0m [33mWARNING [0m [2m[py.warnings:112, 88377262b50a, rank=1][0m /opt/conda/lib/python3.12/site-packages/olmo_core/nn/pooled_soft_token.py:180: UserWarning: called a synchronizing CUDA operation (Triggered internally at /pytorch/c10/cuda/CUDAFunctions.cpp:162.)
2026-09-15T04:56:26.224Z   d_ix = c[is_ctx]
2026-09-15T04:56:26.224Z 
2026-09-15T04:56:26.224Z [2;36m[2026-09-15 04:56:26][0m [33mWARNING [0m [2m[py.warnings:112, 88377262b50a, rank=1][0m /opt/conda/lib/python3.12/site-packages/olmo_core/nn/pooled_soft_token.py:181: UserWarning: called a synchronizing CUDA operation (Triggered internally at /pytorch/c10/cuda/CUDAFunctions.cpp:162.)
2026-09-15T04:56:26.224Z   pos_ix = is_ctx.nonzero(as_tuple=True)[0]
2026-09-15T04:56:26.224Z 
2026-09-15T04:56:26.225Z [2;36m[2026-09-15 04:56:26][0m [33mWARNING [0m [2m[py.warnings:112, 88377262b50a, rank=1][0m /opt/conda/lib/python3.12/site-packages/olmo_core/nn/pooled_soft_token.py:186: UserWarning: called a synchronizing CUDA operation (Triggered internally at /pytorch/c10/cuda/CUDAFunctions.cpp:162.)
2026-09-15T04:56:26.225Z   pooled_docs = pooled.nonzero(as_tuple=True)[0]
2026-09-15T04:56:26.225Z 
2026-09-15T04:56:26.225Z [2;36m[2026-09-15 04:56:26][0m [33mWARNING [0m [2m[py.warnings:112, 88377262b50a, rank=1][0m /opt/conda/lib/python3.12/site-packages/olmo_core/nn/pooled_soft_token.py:217: UserWarning: called a synchronizing CUDA operation (Triggered internally at /pytorch/c10/cuda/CUDAFunctions.cpp:162.)
2026-09-15T04:56:26.225Z   doc_len = torch.bincount(c[is_ctx], minlength=n_docs) if is_ctx.any() else torch.zeros(n_docs, dtype=torch.long, device=device)
2026-09-15T04:56:26.225Z 
2026-09-15T04:56:26.226Z [2;36m[2026-09-15 04:56:26][0m [33mWARNING [0m [2m[py.warnings:112, 88377262b50a, rank=1][0m /opt/conda/lib/python3.12/site-packages/olmo_core/nn/pooled_soft_token.py:222: UserWarning: called a synchronizing CUDA operation (Triggered internally at /pytorch/c10/cuda/CUDAFunctions.cpp:162.)
2026-09-15T04:56:26.226Z   soft_cols_b = soft_mask.nonzero(as_tuple=True)[0]
2026-09-15T04:56:26.226Z 
2026-09-15T04:56:26.226Z [2;36m[2026-09-15 04:56:26][0m [33mWARNING [0m [2m[py.warnings:112, 88377262b50a, rank=1][0m /opt/conda/lib/python3.12/site-packages/olmo_core/nn/pooled_soft_token.py:226: UserWarning: called a synchronizing CUDA operation (Triggered internally at /pytorch/c10/cuda/CUDAFunctions.cpp:162.)
2026-09-15T04:56:26.226Z   cols_l = soft_cols_b.tolist()
2026-09-15T04:56:26.226Z 
2026-09-15T04:56:26.227Z [2;36m[2026-09-15 04:56:26][0m [33mWARNING [0m [2m[py.warnings:112, 88377262b50a, rank=1][0m /opt/conda/lib/python3.12/site-packages/olmo_core/nn/pooled_soft_token.py:229: UserWarning: called a synchronizing CUDA operation (Triggered internally at /pytorch/c10/cuda/CUDAFunctions.cpp:162.)
2026-09-15T04:56:26.227Z   soft_docs += docs_b.tolist()
2026-09-15T04:56:26.227Z 
2026-09-15T04:56:26.227Z [2;36m[2026-09-15 04:56:26][0m [33mWARNING [0m [2m[py.warnings:112, 88377262b50a, rank=1][0m /opt/conda/lib/python3.12/site-packages/olmo_core/nn/pooled_soft_token.py:230: UserWarning: called a synchronizing CUDA operation (Triggered internally at /pytorch/c10/cuda/CUDAFunctions.cpp:162.)
2026-09-15T04:56:26.227Z   soft_log_len += lens_b.tolist()
2026-09-15T04:56:26.227Z 
2026-09-15T04:56:26.229Z [2;36m[2026-09-15 04:56:26][0m [33mWARNING [0m [2m[py.warnings:112, 88377262b50a, rank=1][0m /opt/conda/lib/python3.12/site-packages/olmo_core/nn/pooled_soft_token.py:280: UserWarning: called a synchronizing CUDA operation (Triggered internally at /pytorch/c10/cuda/CUDAFunctions.cpp:162.)
2026-09-15T04:56:26.229Z   row_lens[b] = L
2026-09-15T04:56:26.229Z 
2026-09-15T04:56:26.229Z [2;36m[2026-09-15 04:56:26][0m [33mWARNING [0m [2m[py.warnings:112, 88377262b50a, rank=1][0m /opt/conda/lib/python3.12/site-packages/olmo_core/nn/pooled_soft_token.py:297: UserWarning: called a synchronizing CUDA operation (Triggered internally at /pytorch/c10/cuda/CUDAFunctions.cpp:162.)
2026-09-15T04:56:26.229Z   soft_rows=torch.tensor(soft_rows, dtype=torch.long, device=device),
2026-09-15T04:56:26.229Z 
2026-09-15T04:56:26.230Z [2;36m[2026-09-15 04:56:26][0m [33mWARNING [0m [2m[py.warnings:112, 88377262b50a, rank=1][0m /opt/conda/lib/python3.12/site-packages/olmo_core/nn/pooled_soft_token.py:298: UserWarning: called a synchronizing CUDA operation (Triggered internally at /pytorch/c10/cuda/CUDAFunctions.cpp:162.)
2026-09-15T04:56:26.230Z   soft_cols=torch.tensor(soft_cols, dtype=torch.long, device=device),
2026-09-15T04:56:26.230Z 
2026-09-15T04:56:26.230Z [2;36m[2026-09-15 04:56:26][0m [33mWARNING [0m [2m[py.warnings:112, 88377262b50a, rank=1][0m /opt/conda/lib/python3.12/site-packages/olmo_core/nn/pooled_soft_token.py:299: UserWarning: called a synchronizing CUDA operation (Triggered internally at /pytorch/c10/cuda/CUDAFunctions.cpp:162.)
2026-09-15T04:56:26.230Z   soft_docs=torch.tensor(soft_docs, dtype=torch.long, device=device),
2026-09-15T04:56:26.230Z 
2026-09-15T04:56:26.230Z [2;36m[2026-09-15 04:56:26][0m [33mWARNING [0m [2m[py.warnings:112, 88377262b50a, rank=1][0m /opt/conda/lib/python3.12/site-packages/olmo_core/nn/pooled_soft_token.py:301: UserWarning: called a synchronizing CUDA operation (Triggered internally at /pytorch/c10/cuda/CUDAFunctions.cpp:162.)
2026-09-15T04:56:26.230Z   soft_log_len=torch.tensor(soft_log_len, dtype=torch.float32, device=device),
2026-09-15T04:56:26.230Z 
2026-09-15T04:56:26.231Z [2;36m[2026-09-15 04:56:26][0m [33mWARNING [0m [2m[py.warnings:112, 88377262b50a, rank=1][0m /opt/conda/lib/python3.12/site-packages/olmo_core/nn/transformer/model.py:1502: UserWarning: called a synchronizing CUDA operation (Triggered internally at /pytorch/c10/cuda/CUDAFunctions.cpp:162.)
2026-09-15T04:56:26.231Z   kv_grad_mask[cb.soft_rows, cb.soft_cols] = False
2026-09-15T04:56:26.231Z 
2026-09-15T04:56:26.378Z [2;36m[2026-09-15 04:56:26][0m [33mWARNING [0m [2m[py.warnings:112, 88377262b50a, rank=1][0m /opt/conda/lib/python3.12/site-packages/liger_kernel/ops/fused_linear_cross_entropy.py:75: UserWarning: called a synchronizing CUDA operation (Triggered internally at /pytorch/c10/cuda/CUDAFunctions.cpp:162.)
2026-09-15T04:56:26.378Z   total_n_non_ignore = target_mask.sum().item()
2026-09-15T04:56:26.378Z 
2026-09-15T04:56:27.018Z [2;36m[2026-09-15 04:56:27][0m [33mWARNING [0m [2m[py.warnings:112, 88377262b50a, rank=1][0m /opt/conda/lib/python3.12/site-packages/liger_kernel/ops/fused_linear_cross_entropy.py:233: UserWarning: called a synchronizing CUDA operation (Triggered internally at /pytorch/c10/cuda/CUDAFunctions.cpp:162.)
2026-09-15T04:56:27.018Z   if not torch.equal(grad_output, torch.tensor(1.0, device=grad_output.device)):
2026-09-15T04:56:27.018Z 
2026-09-15T04:56:27.658Z [2;36m[2026-09-15 04:56:27][0m [34mINFO    [0m [2m[olmo_core.train.callbacks.console_logger:68, 88377262b50a, rank=0][0m [step=2/61,epoch=1,eta=12m]
2026-09-15T04:56:27.658Z     gpu_memory/GPU active mem (%)=75.57
2026-09-15T04:56:27.658Z     gpu_memory/GPU active mem (GiB)=59.89
2026-09-15T04:56:27.658Z     gpu_memory/GPU reserved mem (%)=80.90
2026-09-15T04:56:27.658Z     gpu_memory/GPU reserved mem (GiB)=64.12
2026-09-15T04:56:27.658Z     optim/LR (group 0)=5.00E-06
2026-09-15T04:56:27.658Z     optim/LR (group 1)=5.00E-06
2026-09-15T04:56:27.658Z     optim/step skipped=0.0
2026-09-15T04:56:27.658Z     optim/total grad norm=12.69
2026-09-15T04:56:27.658Z     throughput/chinchilla multiple=3.12E-06
2026-09-15T04:56:27.658Z     throughput/device/BPS=0.0858
2026-09-15T04:56:27.658Z     throughput/device/BPS (actual avg)=0.0858
2026-09-15T04:56:27.658Z     throughput/device/MFU=41.26
2026-09-15T04:56:27.658Z     throughput/device/MFU (actual avg)=41.26
2026-09-15T04:56:27.658Z     throughput/device/TPS=5,622
2026-09-15T04:56:27.658Z     throughput/device/TPS (actual avg)=5,622
2026-09-15T04:56:27.658Z     throughput/device/flopsPS=128.7T
2026-09-15T04:56:27.658Z     throughput/device/flopsPS (actual avg)=128.7T
2026-09-15T04:56:27.658Z     throughput/total petaflops=6.003
2026-09-15T04:56:27.658Z     throughput/total tokens=262,144
2026-09-15T04:56:27.658Z     train/CE loss=0.4110
2026-09-15T04:56:27.659Z     throughput/device/data loading (%)=0.1074
2026-09-15T04:56:27.659Z     throughput/device/data loading (s)=0.0125
2026-09-15T04:56:27.659Z     train/PPL=1.508
2026-09-15T04:56:35.632Z [2;36m[2026-09-15 04:56:35][0m [33mWARNING [0m [2m[py.warnings:112, 88377262b50a, rank=0][0m /opt/conda/lib/python3.12/site-packages/torch/autograd/graph.py:841: UserWarning: called a synchronizing CUDA operation (Triggered internally at /pytorch/c10/cuda/CUDAFunctions.cpp:162.)
2026-09-15T04:56:35.632Z   return Variable._execution_engine.run_backward(  # Calls into the C++ engine to run the backward pass
2026-09-15T04:56:35.632Z 
2026-09-15T04:56:35.634Z [2;36m[2026-09-15 04:56:35][0m [33mWARNING [0m [2m[py.warnings:112, 88377262b50a, rank=0][0m /opt/conda/lib/python3.12/site-packages/torch/distributed/utils.py:106: UserWarning: called a synchronizing CUDA operation (Triggered internally at /pytorch/c10/cuda/CUDAFunctions.cpp:162.)
2026-09-15T04:56:35.634Z   return (obj.to(target_device),)
2026-09-15T04:56:35.634Z 
2026-09-15T04:56:35.643Z [2;36m[2026-09-15 04:56:35][0m [33mWARNING [0m [2m[py.warnings:112, 88377262b50a, rank=0][0m /opt/conda/lib/python3.12/site-packages/olmo_core/nn/transformer/model.py:777: UserWarning: called a synchronizing CUDA operation (Triggered internally at /pytorch/c10/cuda/CUDAFunctions.cpp:162.)
2026-09-15T04:56:35.643Z   n_docs = int(chunk_ids.max().item()) + 1
2026-09-15T04:56:35.643Z 
2026-09-15T04:56:35.652Z [2;36m[2026-09-15 04:56:35][0m [33mWARNING [0m [2m[py.warnings:112, 88377262b50a, rank=0][0m /opt/conda/lib/python3.12/site-packages/olmo_core/nn/transformer/model.py:834: UserWarning: called a synchronizing CUDA operation (Triggered internally at /pytorch/c10/cuda/CUDAFunctions.cpp:162.)
2026-09-15T04:56:35.652Z   flat = (torch.arange(B, device=emb.device)[:, None] * n_docs + cid.clamp(min=0)).reshape(
2026-09-15T04:56:35.652Z 
2026-09-15T04:56:35.653Z [2;36m[2026-09-15 04:56:35][0m [33mWARNING [0m [2m[py.warnings:112, 88377262b50a, rank=0][0m /opt/conda/lib/python3.12/site-packages/olmo_core/nn/transformer/model.py:838: UserWarning: called a synchronizing CUDA operation (Triggered internally at /pytorch/c10/cuda/CUDAFunctions.cpp:162.)
2026-09-15T04:56:35.653Z   0, flat, emb.reshape(B * T, D)[is_ctx.reshape(-1)]
2026-09-15T04:56:35.653Z 
2026-09-15T04:56:35.660Z [2;36m[2026-09-15 04:56:35][0m [33mWARNING [0m [2m[py.warnings:112, 88377262b50a, rank=0][0m /opt/conda/lib/python3.12/site-packages/olmo_core/nn/pooled_soft_token.py:173: UserWarning: called a synchronizing CUDA operation (Triggered internally at /pytorch/c10/cuda/CUDAFunctions.cpp:162.)
2026-09-15T04:56:35.660Z   kept_idx = kept_tok.nonzero(as_tuple=True)[0]
2026-09-15T04:56:35.660Z 
2026-09-15T04:56:35.660Z [2;36m[2026-09-15 04:56:35][0m [33mWARNING [0m [2m[py.warnings:112, 88377262b50a, rank=0][0m /opt/conda/lib/python3.12/site-packages/olmo_core/nn/pooled_soft_token.py:179: UserWarning: called a synchronizing CUDA operation (Triggered internally at /pytorch/c10/cuda/CUDAFunctions.cpp:162.)
2026-09-15T04:56:35.660Z   if is_ctx.any():
2026-09-15T04:56:35.660Z 
2026-09-15T04:56:35.661Z [2;36m[2026-09-15 04:56:35][0m [33mWARNING [0m [2m[py.warnings:112, 88377262b50a, rank=0][0m /opt/conda/lib/python3.12/site-packages/olmo_core/nn/pooled_soft_token.py:180: UserWarning: called a synchronizing CUDA operation (Triggered internally at /pytorch/c10/cuda/CUDAFunctions.cpp:162.)
2026-09-15T04:56:35.661Z   d_ix = c[is_ctx]
2026-09-15T04:56:35.661Z 
2026-09-15T04:56:35.661Z [2;36m[2026-09-15 04:56:35][0m [33mWARNING [0m [2m[py.warnings:112, 88377262b50a, rank=0][0m /opt/conda/lib/python3.12/site-packages/olmo_core/nn/pooled_soft_token.py:181: UserWarning: called a synchronizing CUDA operation (Triggered internally at /pytorch/c10/cuda/CUDAFunctions.cpp:162.)
2026-09-15T04:56:35.661Z   pos_ix = is_ctx.nonzero(as_tuple=True)[0]
2026-09-15T04:56:35.661Z 
2026-09-15T04:56:35.662Z [2;36m[2026-09-15 04:56:35][0m [33mWARNING [0m [2m[py.warnings:112, 88377262b50a, rank=0][0m /opt/conda/lib/python3.12/site-packages/olmo_core/nn/pooled_soft_token.py:186: UserWarning: called a synchronizing CUDA operation (Triggered internally at /pytorch/c10/cuda/CUDAFunctions.cpp:162.)
2026-09-15T04:56:35.662Z   pooled_docs = pooled.nonzero(as_tuple=True)[0]
2026-09-15T04:56:35.662Z 
2026-09-15T04:56:35.662Z [2;36m[2026-09-15 04:56:35][0m [33mWARNING [0m [2m[py.warnings:112, 88377262b50a, rank=0][0m /opt/conda/lib/python3.12/site-packages/olmo_core/nn/pooled_soft_token.py:217: UserWarning: called a synchronizing CUDA operation (Triggered internally at /pytorch/c10/cuda/CUDAFunctions.cpp:162.)
2026-09-15T04:56:35.662Z   doc_len = torch.bincount(c[is_ctx], minlength=n_docs) if is_ctx.any() else torch.zeros(n_docs, dtype=torch.long, device=device)
2026-09-15T04:56:35.662Z 
2026-09-15T04:56:35.663Z [2;36m[2026-09-15 04:56:35][0m [33mWARNING [0m [2m[py.warnings:112, 88377262b50a, rank=0][0m /opt/conda/lib/python3.12/site-packages/olmo_core/nn/pooled_soft_token.py:222: UserWarning: called a synchronizing CUDA operation (Triggered internally at /pytorch/c10/cuda/CUDAFunctions.cpp:162.)
2026-09-15T04:56:35.663Z   soft_cols_b = soft_mask.nonzero(as_tuple=True)[0]
2026-09-15T04:56:35.663Z 
2026-09-15T04:56:35.664Z [2;36m[2026-09-15 04:56:35][0m [33mWARNING [0m [2m[py.warnings:112, 88377262b50a, rank=0][0m /opt/conda/lib/python3.12/site-packages/olmo_core/nn/pooled_soft_token.py:226: UserWarning: called a synchronizing CUDA operation (Triggered internally at /pytorch/c10/cuda/CUDAFunctions.cpp:162.)
2026-09-15T04:56:35.664Z   cols_l = soft_cols_b.tolist()
2026-09-15T04:56:35.664Z 
2026-09-15T04:56:35.664Z [2;36m[2026-09-15 04:56:35][0m [33mWARNING [0m [2m[py.warnings:112, 88377262b50a, rank=0][0m /opt/conda/lib/python3.12/site-packages/olmo_core/nn/pooled_soft_token.py:229: UserWarning: called a synchronizing CUDA operation (Triggered internally at /pytorch/c10/cuda/CUDAFunctions.cpp:162.)
2026-09-15T04:56:35.664Z   soft_docs += docs_b.tolist()
2026-09-15T04:56:35.664Z 
2026-09-15T04:56:35.664Z [2;36m[2026-09-15 04:56:35][0m [33mWARNING [0m [2m[py.warnings:112, 88377262b50a, rank=0][0m /opt/conda/lib/python3.12/site-packages/olmo_core/nn/pooled_soft_token.py:230: UserWarning: called a synchronizing CUDA operation (Triggered internally at /pytorch/c10/cuda/CUDAFunctions.cpp:162.)
2026-09-15T04:56:35.664Z   soft_log_len += lens_b.tolist()
2026-09-15T04:56:35.664Z 
2026-09-15T04:56:35.666Z [2;36m[2026-09-15 04:56:35][0m [33mWARNING [0m [2m[py.warnings:112, 88377262b50a, rank=0][0m /opt/conda/lib/python3.12/site-packages/olmo_core/nn/pooled_soft_token.py:280: UserWarning: called a synchronizing CUDA operation (Triggered internally at /pytorch/c10/cuda/CUDAFunctions.cpp:162.)
2026-09-15T04:56:35.666Z   row_lens[b] = L
2026-09-15T04:56:35.666Z 
2026-09-15T04:56:35.667Z [2;36m[2026-09-15 04:56:35][0m [33mWARNING [0m [2m[py.warnings:112, 88377262b50a, rank=0][0m /opt/conda/lib/python3.12/site-packages/olmo_core/nn/pooled_soft_token.py:297: UserWarning: called a synchronizing CUDA operation (Triggered internally at /pytorch/c10/cuda/CUDAFunctions.cpp:162.)
2026-09-15T04:56:35.667Z   soft_rows=torch.tensor(soft_rows, dtype=torch.long, device=device),
2026-09-15T04:56:35.667Z 
2026-09-15T04:56:35.668Z [2;36m[2026-09-15 04:56:35][0m [33mWARNING [0m [2m[py.warnings:112, 88377262b50a, rank=0][0m /opt/conda/lib/python3.12/site-packages/olmo_core/nn/pooled_soft_token.py:298: UserWarning: called a synchronizing CUDA operation (Triggered internally at /pytorch/c10/cuda/CUDAFunctions.cpp:162.)
2026-09-15T04:56:35.668Z   soft_cols=torch.tensor(soft_cols, dtype=torch.long, device=device),
2026-09-15T04:56:35.668Z 
2026-09-15T04:56:35.668Z [2;36m[2026-09-15 04:56:35][0m [33mWARNING [0m [2m[py.warnings:112, 88377262b50a, rank=0][0m /opt/conda/lib/python3.12/site-packages/olmo_core/nn/pooled_soft_token.py:299: UserWarning: called a synchronizing CUDA operation (Triggered internally at /pytorch/c10/cuda/CUDAFunctions.cpp:162.)
2026-09-15T04:56:35.668Z   soft_docs=torch.tensor(soft_docs, dtype=torch.long, device=device),
2026-09-15T04:56:35.668Z 
2026-09-15T04:56:35.669Z [2;36m[2026-09-15 04:56:35][0m [33mWARNING [0m [2m[py.warnings:112, 88377262b50a, rank=0][0m /opt/conda/lib/python3.12/site-packages/olmo_core/nn/pooled_soft_token.py:301: UserWarning: called a synchronizing CUDA operation (Triggered internally at /pytorch/c10/cuda/CUDAFunctions.cpp:162.)
2026-09-15T04:56:35.669Z   soft_log_len=torch.tensor(soft_log_len, dtype=torch.float32, device=device),
2026-09-15T04:56:35.669Z 
2026-09-15T04:56:35.669Z [2;36m[2026-09-15 04:56:35][0m [33mWARNING [0m [2m[py.warnings:112, 88377262b50a, rank=0][0m /opt/conda/lib/python3.12/site-packages/olmo_core/nn/transformer/model.py:1502: UserWarning: called a synchronizing CUDA operation (Triggered internally at /pytorch/c10/cuda/CUDAFunctions.cpp:162.)
2026-09-15T04:56:35.669Z   kv_grad_mask[cb.soft_rows, cb.soft_cols] = False
2026-09-15T04:56:35.669Z 
2026-09-15T04:56:35.820Z [2;36m[2026-09-15 04:56:35][0m [33mWARNING [0m [2m[py.warnings:112, 88377262b50a, rank=0][0m /opt/conda/lib/python3.12/site-packages/liger_kernel/ops/fused_linear_cross_entropy.py:75: UserWarning: called a synchronizing CUDA operation (Triggered internally at /pytorch/c10/cuda/CUDAFunctions.cpp:162.)
2026-09-15T04:56:35.820Z   total_n_non_ignore = target_mask.sum().item()
2026-09-15T04:56:35.820Z 
2026-09-15T04:56:36.788Z [2;36m[2026-09-15 04:56:36][0m [33mWARNING [0m [2m[py.warnings:112, 88377262b50a, rank=0][0m /opt/conda/lib/python3.12/site-packages/liger_kernel/ops/fused_linear_cross_entropy.py:233: UserWarning: called a synchronizing CUDA operation (Triggered internally at /pytorch/c10/cuda/CUDAFunctions.cpp:162.)
2026-09-15T04:56:36.788Z   if not torch.equal(grad_output, torch.tensor(1.0, device=grad_output.device)):
2026-09-15T04:56:36.788Z 
2026-09-15T04:56:38.836Z [2;36m[2026-09-15 04:56:38][0m [34mINFO    [0m [2m[olmo_core.train.callbacks.console_logger:68, 88377262b50a, rank=0][0m [step=3/61,epoch=1,eta=11m]
2026-09-15T04:56:38.836Z     gpu_memory/GPU active mem (%)=75.57
2026-09-15T04:56:38.836Z     gpu_memory/GPU active mem (GiB)=59.89
2026-09-15T04:56:38.836Z     gpu_memory/GPU reserved mem (%)=80.90
2026-09-15T04:56:38.836Z     gpu_memory/GPU reserved mem (GiB)=64.12
2026-09-15T04:56:38.836Z     optim/LR (group 0)=4.92E-06
2026-09-15T04:56:38.836Z     optim/LR (group 1)=4.92E-06
2026-09-15T04:56:38.836Z     optim/step skipped=0.0
2026-09-15T04:56:38.836Z     optim/total grad norm=4.184
2026-09-15T04:56:38.836Z     throughput/chinchilla multiple=4.67E-06
2026-09-15T04:56:38.836Z     throughput/device/BPS=0.0895
2026-09-15T04:56:38.836Z     throughput/device/BPS (actual avg)=0.0876
2026-09-15T04:56:38.836Z     throughput/device/MFU=43.03
2026-09-15T04:56:38.836Z     throughput/device/MFU (actual avg)=42.13
2026-09-15T04:56:38.836Z     throughput/device/TPS=5,863
2026-09-15T04:56:38.836Z     throughput/device/TPS (actual avg)=5,740
2026-09-15T04:56:38.836Z     throughput/device/flopsPS=134.3T
2026-09-15T04:56:38.836Z     throughput/device/flopsPS (actual avg)=131.4T
2026-09-15T04:56:38.836Z     throughput/total petaflops=9.004
2026-09-15T04:56:38.836Z     throughput/total tokens=393,216
2026-09-15T04:56:38.836Z     train/CE loss=0.4271
2026-09-15T04:56:38.837Z     throughput/device/data loading (%)=0.0168
2026-09-15T04:56:38.837Z     throughput/device/data loading (s)=0.0019
2026-09-15T04:56:38.837Z     train/PPL=1.533
2026-09-15T04:56:51.096Z [2;36m[2026-09-15 04:56:51][0m [33mWARNING [0m [2m[py.warnings:112, 88377262b50a, rank=1][0m /opt/conda/lib/python3.12/site-packages/liger_kernel/ops/fused_linear_cross_entropy.py:75: UserWarning: called a synchronizing CUDA operation (Triggered internally at /pytorch/c10/cuda/CUDAFunctions.cpp:162.)
2026-09-15T04:56:51.097Z   total_n_non_ignore = target_mask.sum().item()
2026-09-15T04:56:51.097Z 
2026-09-15T04:56:51.597Z [2;36m[2026-09-15 04:56:51][0m [33mWARNING [0m [2m[py.warnings:112, 88377262b50a, rank=1][0m /opt/conda/lib/python3.12/site-packages/liger_kernel/ops/fused_linear_cross_entropy.py:233: UserWarning: called a synchronizing CUDA operation (Triggered internally at /pytorch/c10/cuda/CUDAFunctions.cpp:162.)
2026-09-15T04:56:51.597Z   if not torch.equal(grad_output, torch.tensor(1.0, device=grad_output.device)):
2026-09-15T04:56:51.597Z 
2026-09-15T04:57:04.573Z [2;36m[2026-09-15 04:57:04][0m [33mWARNING [0m [2m[py.warnings:112, 88377262b50a, rank=1][0m /opt/conda/lib/python3.12/site-packages/torch/autograd/graph.py:841: UserWarning: called a synchronizing CUDA operation (Triggered internally at /pytorch/c10/cuda/CUDAFunctions.cpp:162.)
2026-09-15T04:57:04.573Z   return Variable._execution_engine.run_backward(  # Calls into the C++ engine to run the backward pass
2026-09-15T04:57:04.573Z 
2026-09-15T04:57:04.579Z [2;36m[2026-09-15 04:57:04][0m [33mWARNING [0m [2m[py.warnings:112, 88377262b50a, rank=1][0m /opt/conda/lib/python3.12/site-packages/torch/distributed/utils.py:106: UserWarning: called a synchronizing CUDA operation (Triggered internally at /pytorch/c10/cuda/CUDAFunctions.cpp:162.)
2026-09-15T04:57:04.579Z   return (obj.to(target_device),)
2026-09-15T04:57:04.579Z 
2026-09-15T04:57:04.589Z [2;36m[2026-09-15 04:57:04][0m [33mWARNING [0m [2m[py.warnings:112, 88377262b50a, rank=1][0m /opt/conda/lib/python3.12/site-packages/olmo_core/nn/transformer/model.py:777: UserWarning: called a synchronizing CUDA operation (Triggered internally at /pytorch/c10/cuda/CUDAFunctions.cpp:162.)
2026-09-15T04:57:04.589Z   n_docs = int(chunk_ids.max().item()) + 1
2026-09-15T04:57:04.589Z 
2026-09-15T04:57:04.597Z [2;36m[2026-09-15 04:57:04][0m [33mWARNING [0m [2m[py.warnings:112, 88377262b50a, rank=1][0m /opt/conda/lib/python3.12/site-packages/olmo_core/nn/transformer/model.py:834: UserWarning: called a synchronizing CUDA operation (Triggered internally at /pytorch/c10/cuda/CUDAFunctions.cpp:162.)
2026-09-15T04:57:04.597Z   flat = (torch.arange(B, device=emb.device)[:, None] * n_docs + cid.clamp(min=0)).reshape(
2026-09-15T04:57:04.597Z 
2026-09-15T04:57:04.598Z [2;36m[2026-09-15 04:57:04][0m [33mWARNING [0m [2m[py.warnings:112, 88377262b50a, rank=1][0m /opt/conda/lib/python3.12/site-packages/olmo_core/nn/transformer/model.py:838: UserWarning: called a synchronizing CUDA operation (Triggered internally at /pytorch/c10/cuda/CUDAFunctions.cpp:162.)
2026-09-15T04:57:04.598Z   0, flat, emb.reshape(B * T, D)[is_ctx.reshape(-1)]
2026-09-15T04:57:04.598Z 
2026-09-15T04:57:04.605Z [2;36m[2026-09-15 04:57:04][0m [33mWARNING [0m [2m[py.warnings:112, 88377262b50a, rank=1][0m /opt/conda/lib/python3.12/site-packages/olmo_core/nn/pooled_soft_token.py:173: UserWarning: called a synchronizing CUDA operation (Triggered internally at /pytorch/c10/cuda/CUDAFunctions.cpp:162.)
2026-09-15T04:57:04.605Z   kept_idx = kept_tok.nonzero(as_tuple=True)[0]
2026-09-15T04:57:04.605Z 
2026-09-15T04:57:04.605Z [2;36m[2026-09-15 04:57:04][0m [33mWARNING [0m [2m[py.warnings:112, 88377262b50a, rank=1][0m /opt/conda/lib/python3.12/site-packages/olmo_core/nn/pooled_soft_token.py:179: UserWarning: called a synchronizing CUDA operation (Triggered internally at /pytorch/c10/cuda/CUDAFunctions.cpp:162.)
2026-09-15T04:57:04.605Z   if is_ctx.any():
2026-09-15T04:57:04.605Z 
2026-09-15T04:57:04.606Z [2;36m[2026-09-15 04:57:04][0m [33mWARNING [0m [2m[py.warnings:112, 88377262b50a, rank=1][0m /opt/conda/lib/python3.12/site-packages/olmo_core/nn/pooled_soft_token.py:180: UserWarning: called a synchronizing CUDA operation (Triggered internally at /pytorch/c10/cuda/CUDAFunctions.cpp:162.)
2026-09-15T04:57:04.606Z   d_ix = c[is_ctx]
2026-09-15T04:57:04.606Z 
2026-09-15T04:57:04.606Z [2;36m[2026-09-15 04:57:04][0m [33mWARNING [0m [2m[py.warnings:112, 88377262b50a, rank=1][0m /opt/conda/lib/python3.12/site-packages/olmo_core/nn/pooled_soft_token.py:181: UserWarning: called a synchronizing CUDA operation (Triggered internally at /pytorch/c10/cuda/CUDAFunctions.cpp:162.)
2026-09-15T04:57:04.606Z   pos_ix = is_ctx.nonzero(as_tuple=True)[0]
2026-09-15T04:57:04.606Z 
2026-09-15T04:57:04.606Z [2;36m[2026-09-15 04:57:04][0m [33mWARNING [0m [2m[py.warnings:112, 88377262b50a, rank=1][0m /opt/conda/lib/python3.12/site-packages/olmo_core/nn/pooled_soft_token.py:186: UserWarning: called a synchronizing CUDA operation (Triggered internally at /pytorch/c10/cuda/CUDAFunctions.cpp:162.)
2026-09-15T04:57:04.606Z   pooled_docs = pooled.nonzero(as_tuple=True)[0]
2026-09-15T04:57:04.606Z 
2026-09-15T04:57:04.607Z [2;36m[2026-09-15 04:57:04][0m [33mWARNING [0m [2m[py.warnings:112, 88377262b50a, rank=1][0m /opt/conda/lib/python3.12/site-packages/olmo_core/nn/pooled_soft_token.py:217: UserWarning: called a synchronizing CUDA operation (Triggered internally at /pytorch/c10/cuda/CUDAFunctions.cpp:162.)
2026-09-15T04:57:04.607Z   doc_len = torch.bincount(c[is_ctx], minlength=n_docs) if is_ctx.any() else torch.zeros(n_docs, dtype=torch.long, device=device)
2026-09-15T04:57:04.607Z 
2026-09-15T04:57:04.608Z [2;36m[2026-09-15 04:57:04][0m [33mWARNING [0m [2m[py.warnings:112, 88377262b50a, rank=1][0m /opt/conda/lib/python3.12/site-packages/olmo_core/nn/pooled_soft_token.py:222: UserWarning: called a synchronizing CUDA operation (Triggered internally at /pytorch/c10/cuda/CUDAFunctions.cpp:162.)
2026-09-15T04:57:04.608Z   soft_cols_b = soft_mask.nonzero(as_tuple=True)[0]
2026-09-15T04:57:04.608Z 
2026-09-15T04:57:04.608Z [2;36m[2026-09-15 04:57:04][0m [33mWARNING [0m [2m[py.warnings:112, 88377262b50a, rank=1][0m /opt/conda/lib/python3.12/site-packages/olmo_core/nn/pooled_soft_token.py:226: UserWarning: called a synchronizing CUDA operation (Triggered internally at /pytorch/c10/cuda/CUDAFunctions.cpp:162.)
2026-09-15T04:57:04.608Z   cols_l = soft_cols_b.tolist()
2026-09-15T04:57:04.608Z 
2026-09-15T04:57:04.608Z [2;36m[2026-09-15 04:57:04][0m [33mWARNING [0m [2m[py.warnings:112, 88377262b50a, rank=1][0m /opt/conda/lib/python3.12/site-packages/olmo_core/nn/pooled_soft_token.py:229: UserWarning: called a synchronizing CUDA operation (Triggered internally at /pytorch/c10/cuda/CUDAFunctions.cpp:162.)
2026-09-15T04:57:04.608Z   soft_docs += docs_b.tolist()
2026-09-15T04:57:04.609Z 
2026-09-15T04:57:04.609Z [2;36m[2026-09-15 04:57:04][0m [33mWARNING [0m [2m[py.warnings:112, 88377262b50a, rank=1][0m /opt/conda/lib/python3.12/site-packages/olmo_core/nn/pooled_soft_token.py:230: UserWarning: called a synchronizing CUDA operation (Triggered internally at /pytorch/c10/cuda/CUDAFunctions.cpp:162.)
2026-09-15T04:57:04.609Z   soft_log_len += lens_b.tolist()
2026-09-15T04:57:04.609Z 
2026-09-15T04:57:04.611Z [2;36m[2026-09-15 04:57:04][0m [33mWARNING [0m [2m[py.warnings:112, 88377262b50a, rank=1][0m /opt/conda/lib/python3.12/site-packages/olmo_core/nn/pooled_soft_token.py:280: UserWarning: called a synchronizing CUDA operation (Triggered internally at /pytorch/c10/cuda/CUDAFunctions.cpp:162.)
2026-09-15T04:57:04.611Z   row_lens[b] = L
2026-09-15T04:57:04.611Z 
2026-09-15T04:57:04.611Z [2;36m[2026-09-15 04:57:04][0m [33mWARNING [0m [2m[py.warnings:112, 88377262b50a, rank=1][0m /opt/conda/lib/python3.12/site-packages/olmo_core/nn/pooled_soft_token.py:297: UserWarning: called a synchronizing CUDA operation (Triggered internally at /pytorch/c10/cuda/CUDAFunctions.cpp:162.)
2026-09-15T04:57:04.611Z   soft_rows=torch.tensor(soft_rows, dtype=torch.long, device=device),
2026-09-15T04:57:04.611Z 
2026-09-15T04:57:04.611Z [2;36m[2026-09-15 04:57:04][0m [33mWARNING [0m [2m[py.warnings:112, 88377262b50a, rank=1][0m /opt/conda/lib/python3.12/site-packages/olmo_core/nn/pooled_soft_token.py:298: UserWarning: called a synchronizing CUDA operation (Triggered internally at /pytorch/c10/cuda/CUDAFunctions.cpp:162.)
2026-09-15T04:57:04.611Z   soft_cols=torch.tensor(soft_cols, dtype=torch.long, device=device),
2026-09-15T04:57:04.611Z 
2026-09-15T04:57:04.612Z [2;36m[2026-09-15 04:57:04][0m [33mWARNING [0m [2m[py.warnings:112, 88377262b50a, rank=1][0m /opt/conda/lib/python3.12/site-packages/olmo_core/nn/pooled_soft_token.py:299: UserWarning: called a synchronizing CUDA operation (Triggered internally at /pytorch/c10/cuda/CUDAFunctions.cpp:162.)
2026-09-15T04:57:04.612Z   soft_docs=torch.tensor(soft_docs, dtype=torch.long, device=device),
2026-09-15T04:57:04.612Z 
2026-09-15T04:57:04.612Z [2;36m[2026-09-15 04:57:04][0m [33mWARNING [0m [2m[py.warnings:112, 88377262b50a, rank=1][0m /opt/conda/lib/python3.12/site-packages/olmo_core/nn/pooled_soft_token.py:301: UserWarning: called a synchronizing CUDA operation (Triggered internally at /pytorch/c10/cuda/CUDAFunctions.cpp:162.)
2026-09-15T04:57:04.612Z   soft_log_len=torch.tensor(soft_log_len, dtype=torch.float32, device=device),
2026-09-15T04:57:04.612Z 
2026-09-15T04:57:04.613Z [2;36m[2026-09-15 04:57:04][0m [33mWARNING [0m [2m[py.warnings:112, 88377262b50a, rank=1][0m /opt/conda/lib/python3.12/site-packages/olmo_core/nn/transformer/model.py:1502: UserWarning: called a synchronizing CUDA operation (Triggered internally at /pytorch/c10/cuda/CUDAFunctions.cpp:162.)
2026-09-15T04:57:04.613Z   kv_grad_mask[cb.soft_rows, cb.soft_cols] = False
2026-09-15T04:57:04.613Z 
2026-09-15T04:57:04.756Z [2;36m[2026-09-15 04:57:04][0m [33mWARNING [0m [2m[py.warnings:112, 88377262b50a, rank=1][0m /opt/conda/lib/python3.12/site-packages/liger_kernel/ops/fused_linear_cross_entropy.py:75: UserWarning: called a synchronizing CUDA operation (Triggered internally at /pytorch/c10/cuda/CUDAFunctions.cpp:162.)
2026-09-15T04:57:04.756Z   total_n_non_ignore = target_mask.sum().item()
2026-09-15T04:57:04.756Z 
2026-09-15T04:57:05.595Z [2;36m[2026-09-15 04:57:05][0m [33mWARNING [0m [2m[py.warnings:112, 88377262b50a, rank=1][0m /opt/conda/lib/python3.12/site-packages/liger_kernel/ops/fused_linear_cross_entropy.py:233: UserWarning: called a synchronizing CUDA operation (Triggered internally at /pytorch/c10/cuda/CUDAFunctions.cpp:162.)
2026-09-15T04:57:05.595Z   if not torch.equal(grad_output, torch.tensor(1.0, device=grad_output.device)):
2026-09-15T04:57:05.595Z 
2026-09-15T04:57:12.360Z [2;36m[2026-09-15 04:57:12][0m [34mINFO    [0m [2m[olmo_core.train.callbacks.console_logger:68, 88377262b50a, rank=0][0m [step=4/61,epoch=1,eta=18m]
2026-09-15T04:57:12.360Z     gpu_memory/GPU active mem (%)=75.57
2026-09-15T04:57:12.360Z     gpu_memory/GPU active mem (GiB)=59.89
2026-09-15T04:57:12.360Z     gpu_memory/GPU reserved mem (%)=80.90
2026-09-15T04:57:12.360Z     gpu_memory/GPU reserved mem (GiB)=64.12
2026-09-15T04:57:12.360Z     optim/LR (group 0)=4.83E-06
2026-09-15T04:57:12.360Z     optim/LR (group 1)=4.83E-06
2026-09-15T04:57:12.360Z     optim/step skipped=0.0
2026-09-15T04:57:12.360Z     optim/total grad norm=7.373
2026-09-15T04:57:12.360Z     throughput/chinchilla multiple=6.23E-06
2026-09-15T04:57:12.360Z     throughput/device/BPS=0.0298
2026-09-15T04:57:12.360Z     throughput/device/BPS (actual avg)=0.0532
2026-09-15T04:57:12.360Z     throughput/device/MFU=14.35
2026-09-15T04:57:12.360Z     throughput/device/MFU (actual avg)=25.60
2026-09-15T04:57:12.360Z     throughput/device/TPS=1,954
2026-09-15T04:57:12.360Z     throughput/device/TPS (actual avg)=3,488
2026-09-15T04:57:12.360Z     throughput/device/flopsPS=44.77T
2026-09-15T04:57:12.360Z     throughput/device/flopsPS (actual avg)=79.89T
2026-09-15T04:57:12.360Z     throughput/total petaflops=12.01
2026-09-15T04:57:12.360Z     throughput/total tokens=524,288
2026-09-15T04:57:12.360Z     train/CE loss=0.4417
2026-09-15T04:57:12.360Z     throughput/device/data loading (%)=0.0037
2026-09-15T04:57:12.360Z     throughput/device/data loading (s)=0.0012
2026-09-15T04:57:12.360Z     train/PPL=1.555
2026-09-15T04:57:14.160Z [2;36m[2026-09-15 04:57:14][0m [33mWARNING [0m [2m[py.warnings:112, 88377262b50a, rank=1][0m /opt/conda/lib/python3.12/site-packages/liger_kernel/ops/fused_linear_cross_entropy.py:75: UserWarning: called a synchronizing CUDA operation (Triggered internally at /pytorch/c10/cuda/CUDAFunctions.cpp:162.)
2026-09-15T04:57:14.160Z   total_n_non_ignore = target_mask.sum().item()
2026-09-15T04:57:14.160Z 
2026-09-15T04:57:15.113Z [2;36m[2026-09-15 04:57:15][0m [33mWARNING [0m [2m[py.warnings:112, 88377262b50a, rank=1][0m /opt/conda/lib/python3.12/site-packages/liger_kernel/ops/fused_linear_cross_entropy.py:233: UserWarning: called a synchronizing CUDA operation (Triggered internally at /pytorch/c10/cuda/CUDAFunctions.cpp:162.)
2026-09-15T04:57:15.113Z   if not torch.equal(grad_output, torch.tensor(1.0, device=grad_output.device)):
2026-09-15T04:57:15.113Z 
2026-09-15T04:57:16.224Z [2;36m[2026-09-15 04:57:16][0m [33mWARNING [0m [2m[py.warnings:112, 88377262b50a, rank=1][0m /opt/conda/lib/python3.12/site-packages/torch/autograd/graph.py:841: UserWarning: called a synchronizing CUDA operation (Triggered internally at /pytorch/c10/cuda/CUDAFunctions.cpp:162.)
2026-09-15T04:57:16.224Z   return Variable._execution_engine.run_backward(  # Calls into the C++ engine to run the backward pass
2026-09-15T04:57:16.224Z 
2026-09-15T04:57:16.225Z [2;36m[2026-09-15 04:57:16][0m [33mWARNING [0m [2m[py.warnings:112, 88377262b50a, rank=1][0m /opt/conda/lib/python3.12/site-packages/torch/distributed/utils.py:106: UserWarning: called a synchronizing CUDA operation (Triggered internally at /pytorch/c10/cuda/CUDAFunctions.cpp:162.)
2026-09-15T04:57:16.225Z   return (obj.to(target_device),)
2026-09-15T04:57:16.225Z 
2026-09-15T04:57:16.235Z [2;36m[2026-09-15 04:57:16][0m [33mWARNING [0m [2m[py.warnings:112, 88377262b50a, rank=1][0m /opt/conda/lib/python3.12/site-packages/olmo_core/nn/transformer/model.py:777: UserWarning: called a synchronizing CUDA operation (Triggered internally at /pytorch/c10/cuda/CUDAFunctions.cpp:162.)
2026-09-15T04:57:16.235Z   n_docs = int(chunk_ids.max().item()) + 1
2026-09-15T04:57:16.235Z 
2026-09-15T04:57:16.243Z [2;36m[2026-09-15 04:57:16][0m [33mWARNING [0m [2m[py.warnings:112, 88377262b50a, rank=1][0m /opt/conda/lib/python3.12/site-packages/olmo_core/nn/transformer/model.py:834: UserWarning: called a synchronizing CUDA operation (Triggered internally at /pytorch/c10/cuda/CUDAFunctions.cpp:162.)
2026-09-15T04:57:16.243Z   flat = (torch.arange(B, device=emb.device)[:, None] * n_docs + cid.clamp(min=0)).reshape(
2026-09-15T04:57:16.243Z 
2026-09-15T04:57:16.244Z [2;36m[2026-09-15 04:57:16][0m [33mWARNING [0m [2m[py.warnings:112, 88377262b50a, rank=1][0m /opt/conda/lib/python3.12/site-packages/olmo_core/nn/transformer/model.py:838: UserWarning: called a synchronizing CUDA operation (Triggered internally at /pytorch/c10/cuda/CUDAFunctions.cpp:162.)
2026-09-15T04:57:16.244Z   0, flat, emb.reshape(B * T, D)[is_ctx.reshape(-1)]
2026-09-15T04:57:16.244Z 
2026-09-15T04:57:16.252Z [2;36m[2026-09-15 04:57:16][0m [33mWARNING [0m [2m[py.warnings:112, 88377262b50a, rank=1][0m /opt/conda/lib/python3.12/site-packages/olmo_core/nn/pooled_soft_token.py:173: UserWarning: called a synchronizing CUDA operation (Triggered internally at /pytorch/c10/cuda/CUDAFunctions.cpp:162.)
2026-09-15T04:57:16.252Z   kept_idx = kept_tok.nonzero(as_tuple=True)[0]
2026-09-15T04:57:16.252Z 
2026-09-15T04:57:16.252Z [2;36m[2026-09-15 04:57:16][0m [33mWARNING [0m [2m[py.warnings:112, 88377262b50a, rank=1][0m /opt/conda/lib/python3.12/site-packages/olmo_core/nn/pooled_soft_token.py:179: UserWarning: called a synchronizing CUDA operation (Triggered internally at /pytorch/c10/cuda/CUDAFunctions.cpp:162.)
2026-09-15T04:57:16.252Z   if is_ctx.any():
2026-09-15T04:57:16.252Z 
2026-09-15T04:57:16.252Z [2;36m[2026-09-15 04:57:16][0m [33mWARNING [0m [2m[py.warnings:112, 88377262b50a, rank=1][0m /opt/conda/lib/python3.12/site-packages/olmo_core/nn/pooled_soft_token.py:180: UserWarning: called a synchronizing CUDA operation (Triggered internally at /pytorch/c10/cuda/CUDAFunctions.cpp:162.)
2026-09-15T04:57:16.252Z   d_ix = c[is_ctx]
2026-09-15T04:57:16.252Z 
2026-09-15T04:57:16.253Z [2;36m[2026-09-15 04:57:16][0m [33mWARNING [0m [2m[py.warnings:112, 88377262b50a, rank=1][0m /opt/conda/lib/python3.12/site-packages/olmo_core/nn/pooled_soft_token.py:181: UserWarning: called a synchronizing CUDA operation (Triggered internally at /pytorch/c10/cuda/CUDAFunctions.cpp:162.)
2026-09-15T04:57:16.253Z   pos_ix = is_ctx.nonzero(as_tuple=True)[0]
2026-09-15T04:57:16.253Z 
2026-09-15T04:57:16.253Z [2;36m[2026-09-15 04:57:16][0m [33mWARNING [0m [2m[py.warnings:112, 88377262b50a, rank=1][0m /opt/conda/lib/python3.12/site-packages/olmo_core/nn/pooled_soft_token.py:186: UserWarning: called a synchronizing CUDA operation (Triggered internally at /pytorch/c10/cuda/CUDAFunctions.cpp:162.)
2026-09-15T04:57:16.253Z   pooled_docs = pooled.nonzero(as_tuple=True)[0]
2026-09-15T04:57:16.253Z 
2026-09-15T04:57:16.254Z [2;36m[2026-09-15 04:57:16][0m [33mWARNING [0m [2m[py.warnings:112, 88377262b50a, rank=1][0m /opt/conda/lib/python3.12/site-packages/olmo_core/nn/pooled_soft_token.py:217: UserWarning: called a synchronizing CUDA operation (Triggered internally at /pytorch/c10/cuda/CUDAFunctions.cpp:162.)
2026-09-15T04:57:16.254Z   doc_len = torch.bincount(c[is_ctx], minlength=n_docs) if is_ctx.any() else torch.zeros(n_docs, dtype=torch.long, device=device)
2026-09-15T04:57:16.254Z 
2026-09-15T04:57:16.255Z [2;36m[2026-09-15 04:57:16][0m [33mWARNING [0m [2m[py.warnings:112, 88377262b50a, rank=1][0m /opt/conda/lib/python3.12/site-packages/olmo_core/nn/pooled_soft_token.py:222: UserWarning: called a synchronizing CUDA operation (Triggered internally at /pytorch/c10/cuda/CUDAFunctions.cpp:162.)
2026-09-15T04:57:16.255Z   soft_cols_b = soft_mask.nonzero(as_tuple=True)[0]
2026-09-15T04:57:16.255Z 
2026-09-15T04:57:16.255Z [2;36m[2026-09-15 04:57:16][0m [33mWARNING [0m [2m[py.warnings:112, 88377262b50a, rank=1][0m /opt/conda/lib/python3.12/site-packages/olmo_core/nn/pooled_soft_token.py:226: UserWarning: called a synchronizing CUDA operation (Triggered internally at /pytorch/c10/cuda/CUDAFunctions.cpp:162.)
2026-09-15T04:57:16.255Z   cols_l = soft_cols_b.tolist()
2026-09-15T04:57:16.255Z 
2026-09-15T04:57:16.255Z [2;36m[2026-09-15 04:57:16][0m [33mWARNING [0m [2m[py.warnings:112, 88377262b50a, rank=1][0m /opt/conda/lib/python3.12/site-packages/olmo_core/nn/pooled_soft_token.py:229: UserWarning: called a synchronizing CUDA operation (Triggered internally at /pytorch/c10/cuda/CUDAFunctions.cpp:162.)
2026-09-15T04:57:16.255Z   soft_docs += docs_b.tolist()
2026-09-15T04:57:16.255Z 
2026-09-15T04:57:16.256Z [2;36m[2026-09-15 04:57:16][0m [33mWARNING [0m [2m[py.warnings:112, 88377262b50a, rank=1][0m /opt/conda/lib/python3.12/site-packages/olmo_core/nn/pooled_soft_token.py:230: UserWarning: called a synchronizing CUDA operation (Triggered internally at /pytorch/c10/cuda/CUDAFunctions.cpp:162.)
2026-09-15T04:57:16.256Z   soft_log_len += lens_b.tolist()
2026-09-15T04:57:16.256Z 
2026-09-15T04:57:16.257Z [2;36m[2026-09-15 04:57:16][0m [33mWARNING [0m [2m[py.warnings:112, 88377262b50a, rank=1][0m /opt/conda/lib/python3.12/site-packages/olmo_core/nn/pooled_soft_token.py:280: UserWarning: called a synchronizing CUDA operation (Triggered internally at /pytorch/c10/cuda/CUDAFunctions.cpp:162.)
2026-09-15T04:57:16.257Z   row_lens[b] = L
2026-09-15T04:57:16.257Z 
2026-09-15T04:57:16.258Z [2;36m[2026-09-15 04:57:16][0m [33mWARNING [0m [2m[py.warnings:112, 88377262b50a, rank=1][0m /opt/conda/lib/python3.12/site-packages/olmo_core/nn/pooled_soft_token.py:297: UserWarning: called a synchronizing CUDA operation (Triggered internally at /pytorch/c10/cuda/CUDAFunctions.cpp:162.)
2026-09-15T04:57:16.258Z   soft_rows=torch.tensor(soft_rows, dtype=torch.long, device=device),
2026-09-15T04:57:16.258Z 
2026-09-15T04:57:16.258Z [2;36m[2026-09-15 04:57:16][0m [33mWARNING [0m [2m[py.warnings:112, 88377262b50a, rank=1][0m /opt/conda/lib/python3.12/site-packages/olmo_core/nn/pooled_soft_token.py:298: UserWarning: called a synchronizing CUDA operation (Triggered internally at /pytorch/c10/cuda/CUDAFunctions.cpp:162.)
2026-09-15T04:57:16.258Z   soft_cols=torch.tensor(soft_cols, dtype=torch.long, device=device),
2026-09-15T04:57:16.258Z 
2026-09-15T04:57:16.259Z [2;36m[2026-09-15 04:57:16][0m [33mWARNING [0m [2m[py.warnings:112, 88377262b50a, rank=1][0m /opt/conda/lib/python3.12/site-packages/olmo_core/nn/pooled_soft_token.py:299: UserWarning: called a synchronizing CUDA operation (Triggered internally at /pytorch/c10/cuda/CUDAFunctions.cpp:162.)
2026-09-15T04:57:16.259Z   soft_docs=torch.tensor(soft_docs, dtype=torch.long, device=device),
2026-09-15T04:57:16.259Z 
2026-09-15T04:57:16.259Z [2;36m[2026-09-15 04:57:16][0m [33mWARNING [0m [2m[py.warnings:112, 88377262b50a, rank=1][0m /opt/conda/lib/python3.12/site-packages/olmo_core/nn/pooled_soft_token.py:301: UserWarning: called a synchronizing CUDA operation (Triggered internally at /pytorch/c10/cuda/CUDAFunctions.cpp:162.)
2026-09-15T04:57:16.259Z   soft_log_len=torch.tensor(soft_log_len, dtype=torch.float32, device=device),
2026-09-15T04:57:16.259Z 
2026-09-15T04:57:16.259Z [2;36m[2026-09-15 04:57:16][0m [33mWARNING [0m [2m[py.warnings:112, 88377262b50a, rank=1][0m /opt/conda/lib/python3.12/site-packages/olmo_core/nn/transformer/model.py:1502: UserWarning: called a synchronizing CUDA operation (Triggered internally at /pytorch/c10/cuda/CUDAFunctions.cpp:162.)
2026-09-15T04:57:16.259Z   kv_grad_mask[cb.soft_rows, cb.soft_cols] = False
2026-09-15T04:57:16.259Z 
2026-09-15T04:57:16.860Z [2;36m[2026-09-15 04:57:16][0m [33mWARNING [0m [2m[py.warnings:112, 88377262b50a, rank=1][0m /opt/conda/lib/python3.12/site-packages/liger_kernel/ops/fused_linear_cross_entropy.py:75: UserWarning: called a synchronizing CUDA operation (Triggered internally at /pytorch/c10/cuda/CUDAFunctions.cpp:162.)
2026-09-15T04:57:16.860Z   total_n_non_ignore = target_mask.sum().item()
2026-09-15T04:57:16.860Z 
2026-09-15T04:57:17.453Z [2;36m[2026-09-15 04:57:17][0m [33mWARNING [0m [2m[py.warnings:112, 88377262b50a, rank=1][0m /opt/conda/lib/python3.12/site-packages/liger_kernel/ops/fused_linear_cross_entropy.py:233: UserWarning: called a synchronizing CUDA operation (Triggered internally at /pytorch/c10/cuda/CUDAFunctions.cpp:162.)
2026-09-15T04:57:17.453Z   if not torch.equal(grad_output, torch.tensor(1.0, device=grad_output.device)):
2026-09-15T04:57:17.453Z 
2026-09-15T04:57:19.178Z [2;36m[2026-09-15 04:57:19][0m [33mWARNING [0m [2m[py.warnings:112, 88377262b50a, rank=1][0m /opt/conda/lib/python3.12/site-packages/torch/autograd/graph.py:841: UserWarning: called a synchronizing CUDA operation (Triggered internally at /pytorch/c10/cuda/CUDAFunctions.cpp:162.)
2026-09-15T04:57:19.178Z   return Variable._execution_engine.run_backward(  # Calls into the C++ engine to run the backward pass
2026-09-15T04:57:19.178Z 
2026-09-15T04:57:19.179Z [2;36m[2026-09-15 04:57:19][0m [33mWARNING [0m [2m[py.warnings:112, 88377262b50a, rank=1][0m /opt/conda/lib/python3.12/site-packages/torch/distributed/utils.py:106: UserWarning: called a synchronizing CUDA operation (Triggered internally at /pytorch/c10/cuda/CUDAFunctions.cpp:162.)
2026-09-15T04:57:19.179Z   return (obj.to(target_device),)
2026-09-15T04:57:19.179Z 
2026-09-15T04:57:19.189Z [2;36m[2026-09-15 04:57:19][0m [33mWARNING [0m [2m[py.warnings:112, 88377262b50a, rank=1][0m /opt/conda/lib/python3.12/site-packages/olmo_core/nn/transformer/model.py:777: UserWarning: called a synchronizing CUDA operation (Triggered internally at /pytorch/c10/cuda/CUDAFunctions.cpp:162.)
2026-09-15T04:57:19.189Z   n_docs = int(chunk_ids.max().item()) + 1
2026-09-15T04:57:19.189Z 
2026-09-15T04:57:19.197Z [2;36m[2026-09-15 04:57:19][0m [33mWARNING [0m [2m[py.warnings:112, 88377262b50a, rank=1][0m /opt/conda/lib/python3.12/site-packages/olmo_core/nn/transformer/model.py:834: UserWarning: called a synchronizing CUDA operation (Triggered internally at /pytorch/c10/cuda/CUDAFunctions.cpp:162.)
2026-09-15T04:57:19.197Z   flat = (torch.arange(B, device=emb.device)[:, None] * n_docs + cid.clamp(min=0)).reshape(
2026-09-15T04:57:19.197Z 
2026-09-15T04:57:19.198Z [2;36m[2026-09-15 04:57:19][0m [33mWARNING [0m [2m[py.warnings:112, 88377262b50a, rank=1][0m /opt/conda/lib/python3.12/site-packages/olmo_core/nn/transformer/model.py:838: UserWarning: called a synchronizing CUDA operation (Triggered internally at /pytorch/c10/cuda/CUDAFunctions.cpp:162.)
2026-09-15T04:57:19.198Z   0, flat, emb.reshape(B * T, D)[is_ctx.reshape(-1)]
2026-09-15T04:57:19.198Z 
2026-09-15T04:57:19.206Z [2;36m[2026-09-15 04:57:19][0m [33mWARNING [0m [2m[py.warnings:112, 88377262b50a, rank=1][0m /opt/conda/lib/python3.12/site-packages/olmo_core/nn/pooled_soft_token.py:173: UserWarning: called a synchronizing CUDA operation (Triggered internally at /pytorch/c10/cuda/CUDAFunctions.cpp:162.)
2026-09-15T04:57:19.206Z   kept_idx = kept_tok.nonzero(as_tuple=True)[0]
2026-09-15T04:57:19.206Z 
2026-09-15T04:57:19.206Z [2;36m[2026-09-15 04:57:19][0m [33mWARNING [0m [2m[py.warnings:112, 88377262b50a, rank=1][0m /opt/conda/lib/python3.12/site-packages/olmo_core/nn/pooled_soft_token.py:179: UserWarning: called a synchronizing CUDA operation (Triggered internally at /pytorch/c10/cuda/CUDAFunctions.cpp:162.)
2026-09-15T04:57:19.206Z   if is_ctx.any():
2026-09-15T04:57:19.206Z 
2026-09-15T04:57:19.206Z [2;36m[2026-09-15 04:57:19][0m [33mWARNING [0m [2m[py.warnings:112, 88377262b50a, rank=1][0m /opt/conda/lib/python3.12/site-packages/olmo_core/nn/pooled_soft_token.py:180: UserWarning: called a synchronizing CUDA operation (Triggered internally at /pytorch/c10/cuda/CUDAFunctions.cpp:162.)
2026-09-15T04:57:19.207Z   d_ix = c[is_ctx]
2026-09-15T04:57:19.207Z 
2026-09-15T04:57:19.207Z [2;36m[2026-09-15 04:57:19][0m [33mWARNING [0m [2m[py.warnings:112, 88377262b50a, rank=1][0m /opt/conda/lib/python3.12/site-packages/olmo_core/nn/pooled_soft_token.py:181: UserWarning: called a synchronizing CUDA operation (Triggered internally at /pytorch/c10/cuda/CUDAFunctions.cpp:162.)
2026-09-15T04:57:19.207Z   pos_ix = is_ctx.nonzero(as_tuple=True)[0]
2026-09-15T04:57:19.207Z 
2026-09-15T04:57:19.207Z [2;36m[2026-09-15 04:57:19][0m [33mWARNING [0m [2m[py.warnings:112, 88377262b50a, rank=1][0m /opt/conda/lib/python3.12/site-packages/olmo_core/nn/pooled_soft_token.py:186: UserWarning: called a synchronizing CUDA operation (Triggered internally at /pytorch/c10/cuda/CUDAFunctions.cpp:162.)
2026-09-15T04:57:19.207Z   pooled_docs = pooled.nonzero(as_tuple=True)[0]
2026-09-15T04:57:19.207Z 
2026-09-15T04:57:19.208Z [2;36m[2026-09-15 04:57:19][0m [33mWARNING [0m [2m[py.warnings:112, 88377262b50a, rank=1][0m /opt/conda/lib/python3.12/site-packages/olmo_core/nn/pooled_soft_token.py:217: UserWarning: called a synchronizing CUDA operation (Triggered internally at /pytorch/c10/cuda/CUDAFunctions.cpp:162.)
2026-09-15T04:57:19.208Z   doc_len = torch.bincount(c[is_ctx], minlength=n_docs) if is_ctx.any() else torch.zeros(n_docs, dtype=torch.long, device=device)
2026-09-15T04:57:19.208Z 
2026-09-15T04:57:19.209Z [2;36m[2026-09-15 04:57:19][0m [33mWARNING [0m [2m[py.warnings:112, 88377262b50a, rank=1][0m /opt/conda/lib/python3.12/site-packages/olmo_core/nn/pooled_soft_token.py:222: UserWarning: called a synchronizing CUDA operation (Triggered internally at /pytorch/c10/cuda/CUDAFunctions.cpp:162.)
2026-09-15T04:57:19.209Z   soft_cols_b = soft_mask.nonzero(as_tuple=True)[0]
2026-09-15T04:57:19.209Z 
2026-09-15T04:57:19.209Z [2;36m[2026-09-15 04:57:19][0m [33mWARNING [0m [2m[py.warnings:112, 88377262b50a, rank=1][0m /opt/conda/lib/python3.12/site-packages/olmo_core/nn/pooled_soft_token.py:226: UserWarning: called a synchronizing CUDA operation (Triggered internally at /pytorch/c10/cuda/CUDAFunctions.cpp:162.)
2026-09-15T04:57:19.209Z   cols_l = soft_cols_b.tolist()
2026-09-15T04:57:19.209Z 
2026-09-15T04:57:19.209Z [2;36m[2026-09-15 04:57:19][0m [33mWARNING [0m [2m[py.warnings:112, 88377262b50a, rank=1][0m /opt/conda/lib/python3.12/site-packages/olmo_core/nn/pooled_soft_token.py:229: UserWarning: called a synchronizing CUDA operation (Triggered internally at /pytorch/c10/cuda/CUDAFunctions.cpp:162.)
2026-09-15T04:57:19.209Z   soft_docs += docs_b.tolist()
2026-09-15T04:57:19.209Z 
2026-09-15T04:57:19.210Z [2;36m[2026-09-15 04:57:19][0m [33mWARNING [0m [2m[py.warnings:112, 88377262b50a, rank=1][0m /opt/conda/lib/python3.12/site-packages/olmo_core/nn/pooled_soft_token.py:230: UserWarning: called a synchronizing CUDA operation (Triggered internally at /pytorch/c10/cuda/CUDAFunctions.cpp:162.)
2026-09-15T04:57:19.210Z   soft_log_len += lens_b.tolist()
2026-09-15T04:57:19.210Z 
2026-09-15T04:57:19.211Z [2;36m[2026-09-15 04:57:19][0m [33mWARNING [0m [2m[py.warnings:112, 88377262b50a, rank=1][0m /opt/conda/lib/python3.12/site-packages/olmo_core/nn/pooled_soft_token.py:280: UserWarning: called a synchronizing CUDA operation (Triggered internally at /pytorch/c10/cuda/CUDAFunctions.cpp:162.)
2026-09-15T04:57:19.211Z   row_lens[b] = L
2026-09-15T04:57:19.211Z 
2026-09-15T04:57:19.212Z [2;36m[2026-09-15 04:57:19][0m [33mWARNING [0m [2m[py.warnings:112, 88377262b50a, rank=1][0m /opt/conda/lib/python3.12/site-packages/olmo_core/nn/pooled_soft_token.py:297: UserWarning: called a synchronizing CUDA operation (Triggered internally at /pytorch/c10/cuda/CUDAFunctions.cpp:162.)
2026-09-15T04:57:19.212Z   soft_rows=torch.tensor(soft_rows, dtype=torch.long, device=device),
2026-09-15T04:57:19.212Z 
2026-09-15T04:57:19.212Z [2;36m[2026-09-15 04:57:19][0m [33mWARNING [0m [2m[py.warnings:112, 88377262b50a, rank=1][0m /opt/conda/lib/python3.12/site-packages/olmo_core/nn/pooled_soft_token.py:298: UserWarning: called a synchronizing CUDA operation (Triggered internally at /pytorch/c10/cuda/CUDAFunctions.cpp:162.)
2026-09-15T04:57:19.212Z   soft_cols=torch.tensor(soft_cols, dtype=torch.long, device=device),
2026-09-15T04:57:19.212Z 
2026-09-15T04:57:19.213Z [2;36m[2026-09-15 04:57:19][0m [33mWARNING [0m [2m[py.warnings:112, 88377262b50a, rank=1][0m /opt/conda/lib/python3.12/site-packages/olmo_core/nn/pooled_soft_token.py:299: UserWarning: called a synchronizing CUDA operation (Triggered internally at /pytorch/c10/cuda/CUDAFunctions.cpp:162.)
2026-09-15T04:57:19.213Z   soft_docs=torch.tensor(soft_docs, dtype=torch.long, device=device),
2026-09-15T04:57:19.213Z 
2026-09-15T04:57:19.213Z [2;36m[2026-09-15 04:57:19][0m [33mWARNING [0m [2m[py.warnings:112, 88377262b50a, rank=1][0m /opt/conda/lib/python3.12/site-packages/olmo_core/nn/pooled_soft_token.py:301: UserWarning: called a synchronizing CUDA operation (Triggered internally at /pytorch/c10/cuda/CUDAFunctions.cpp:162.)
2026-09-15T04:57:19.213Z   soft_log_len=torch.tensor(soft_log_len, dtype=torch.float32, device=device),
2026-09-15T04:57:19.213Z 
2026-09-15T04:57:19.213Z [2;36m[2026-09-15 04:57:19][0m [33mWARNING [0m [2m[py.warnings:112, 88377262b50a, rank=1][0m /opt/conda/lib/python3.12/site-packages/olmo_core/nn/transformer/model.py:1502: UserWarning: called a synchronizing CUDA operation (Triggered internally at /pytorch/c10/cuda/CUDAFunctions.cpp:162.)
2026-09-15T04:57:19.213Z   kv_grad_mask[cb.soft_rows, cb.soft_cols] = False
2026-09-15T04:57:19.213Z 
2026-09-15T04:57:19.356Z [2;36m[2026-09-15 04:57:19][0m [33mWARNING [0m [2m[py.warnings:112, 88377262b50a, rank=1][0m /opt/conda/lib/python3.12/site-packages/liger_kernel/ops/fused_linear_cross_entropy.py:75: UserWarning: called a synchronizing CUDA operation (Triggered internally at /pytorch/c10/cuda/CUDAFunctions.cpp:162.)
2026-09-15T04:57:19.356Z   total_n_non_ignore = target_mask.sum().item()
2026-09-15T04:57:19.356Z 
2026-09-15T04:57:20.016Z [2;36m[2026-09-15 04:57:20][0m [33mWARNING [0m [2m[py.warnings:112, 88377262b50a, rank=1][0m /opt/conda/lib/python3.12/site-packages/liger_kernel/ops/fused_linear_cross_entropy.py:233: UserWarning: called a synchronizing CUDA operation (Triggered internally at /pytorch/c10/cuda/CUDAFunctions.cpp:162.)
2026-09-15T04:57:20.016Z   if not torch.equal(grad_output, torch.tensor(1.0, device=grad_output.device)):
2026-09-15T04:57:20.016Z 
2026-09-15T04:57:25.958Z [2;36m[2026-09-15 04:57:25][0m [34mINFO    [0m [2m[olmo_core.train.callbacks.console_logger:68, 88377262b50a, rank=0][0m [step=5/61,epoch=1,eta=17m]
2026-09-15T04:57:25.958Z     gpu_memory/GPU active mem (%)=75.57
2026-09-15T04:57:25.958Z     gpu_memory/GPU active mem (GiB)=59.89
2026-09-15T04:57:25.958Z     gpu_memory/GPU reserved mem (%)=80.90
2026-09-15T04:57:25.958Z     gpu_memory/GPU reserved mem (GiB)=64.12
2026-09-15T04:57:25.958Z     optim/LR (group 0)=4.75E-06
2026-09-15T04:57:25.958Z     optim/LR (group 1)=4.75E-06
2026-09-15T04:57:25.958Z     optim/step skipped=0.0
2026-09-15T04:57:25.958Z     optim/total grad norm=3.993
2026-09-15T04:57:25.958Z     throughput/chinchilla multiple=7.79E-06
2026-09-15T04:57:25.958Z     throughput/device/BPS=0.0735
2026-09-15T04:57:25.958Z     throughput/device/BPS (actual avg)=0.0572
2026-09-15T04:57:25.958Z     throughput/device/MFU=35.37
2026-09-15T04:57:25.958Z     throughput/device/MFU (actual avg)=27.50
2026-09-15T04:57:25.958Z     throughput/device/TPS=4,819
2026-09-15T04:57:25.958Z     throughput/device/TPS (actual avg)=3,747
2026-09-15T04:57:25.958Z     throughput/device/flopsPS=110.4T
2026-09-15T04:57:25.958Z     throughput/device/flopsPS (actual avg)=85.81T
2026-09-15T04:57:25.958Z     throughput/total petaflops=15.01
2026-09-15T04:57:25.958Z     throughput/total tokens=655,360
2026-09-15T04:57:25.958Z     train/CE loss=0.4317
2026-09-15T04:57:25.958Z     throughput/device/data loading (%)=0.0119
2026-09-15T04:57:25.958Z     throughput/device/data loading (s)=0.0016
2026-09-15T04:57:25.958Z     train/PPL=1.540
2026-09-15T04:57:36.799Z [2;36m[2026-09-15 04:57:36][0m [33mWARNING [0m [2m[py.warnings:112, 88377262b50a, rank=1][0m /opt/conda/lib/python3.12/site-packages/liger_kernel/ops/fused_linear_cross_entropy.py:75: UserWarning: called a synchronizing CUDA operation (Triggered internally at /pytorch/c10/cuda/CUDAFunctions.cpp:162.)
2026-09-15T04:57:36.799Z   total_n_non_ignore = target_mask.sum().item()
2026-09-15T04:57:36.799Z 
2026-09-15T04:57:37.359Z [2;36m[2026-09-15 04:57:37][0m [33mWARNING [0m [2m[py.warnings:112, 88377262b50a, rank=1][0m /opt/conda/lib/python3.12/site-packages/liger_kernel/ops/fused_linear_cross_entropy.py:233: UserWarning: called a synchronizing CUDA operation (Triggered internally at /pytorch/c10/cuda/CUDAFunctions.cpp:162.)
2026-09-15T04:57:37.359Z   if not torch.equal(grad_output, torch.tensor(1.0, device=grad_output.device)):
2026-09-15T04:57:37.359Z 
2026-09-15T04:57:50.308Z [2;36m[2026-09-15 04:57:50][0m [33mWARNING [0m [2m[py.warnings:112, 88377262b50a, rank=1][0m /opt/conda/lib/python3.12/site-packages/torch/autograd/graph.py:841: UserWarning: called a synchronizing CUDA operation (Triggered internally at /pytorch/c10/cuda/CUDAFunctions.cpp:162.)
2026-09-15T04:57:50.308Z   return Variable._execution_engine.run_backward(  # Calls into the C++ engine to run the backward pass
2026-09-15T04:57:50.308Z 
2026-09-15T04:57:50.309Z [2;36m[2026-09-15 04:57:50][0m [33mWARNING [0m [2m[py.warnings:112, 88377262b50a, rank=1][0m /opt/conda/lib/python3.12/site-packages/torch/distributed/utils.py:106: UserWarning: called a synchronizing CUDA operation (Triggered internally at /pytorch/c10/cuda/CUDAFunctions.cpp:162.)
2026-09-15T04:57:50.309Z   return (obj.to(target_device),)
2026-09-15T04:57:50.309Z 
2026-09-15T04:57:50.317Z [2;36m[2026-09-15 04:57:50][0m [33mWARNING [0m [2m[py.warnings:112, 88377262b50a, rank=1][0m /opt/conda/lib/python3.12/site-packages/olmo_core/nn/transformer/model.py:777: UserWarning: called a synchronizing CUDA operation (Triggered internally at /pytorch/c10/cuda/CUDAFunctions.cpp:162.)
2026-09-15T04:57:50.317Z   n_docs = int(chunk_ids.max().item()) + 1
2026-09-15T04:57:50.317Z 
2026-09-15T04:57:50.326Z [2;36m[2026-09-15 04:57:50][0m [33mWARNING [0m [2m[py.warnings:112, 88377262b50a, rank=1][0m /opt/conda/lib/python3.12/site-packages/olmo_core/nn/transformer/model.py:834: UserWarning: called a synchronizing CUDA operation (Triggered internally at /pytorch/c10/cuda/CUDAFunctions.cpp:162.)
2026-09-15T04:57:50.326Z   flat = (torch.arange(B, device=emb.device)[:, None] * n_docs + cid.clamp(min=0)).reshape(
2026-09-15T04:57:50.326Z 
2026-09-15T04:57:50.326Z [2;36m[2026-09-15 04:57:50][0m [33mWARNING [0m [2m[py.warnings:112, 88377262b50a, rank=1][0m /opt/conda/lib/python3.12/site-packages/olmo_core/nn/transformer/model.py:838: UserWarning: called a synchronizing CUDA operation (Triggered internally at /pytorch/c10/cuda/CUDAFunctions.cpp:162.)
2026-09-15T04:57:50.326Z   0, flat, emb.reshape(B * T, D)[is_ctx.reshape(-1)]
2026-09-15T04:57:50.326Z 
2026-09-15T04:57:50.336Z [2;36m[2026-09-15 04:57:50][0m [33mWARNING [0m [2m[py.warnings:112, 88377262b50a, rank=1][0m /opt/conda/lib/python3.12/site-packages/olmo_core/nn/pooled_soft_token.py:173: UserWarning: called a synchronizing CUDA operation (Triggered internally at /pytorch/c10/cuda/CUDAFunctions.cpp:162.)
2026-09-15T04:57:50.336Z   kept_idx = kept_tok.nonzero(as_tuple=True)[0]
2026-09-15T04:57:50.336Z 
2026-09-15T04:57:50.336Z [2;36m[2026-09-15 04:57:50][0m [33mWARNING [0m [2m[py.warnings:112, 88377262b50a, rank=1][0m /opt/conda/lib/python3.12/site-packages/olmo_core/nn/pooled_soft_token.py:179: UserWarning: called a synchronizing CUDA operation (Triggered internally at /pytorch/c10/cuda/CUDAFunctions.cpp:162.)
2026-09-15T04:57:50.336Z   if is_ctx.any():
2026-09-15T04:57:50.336Z 
2026-09-15T04:57:50.336Z [2;36m[2026-09-15 04:57:50][0m [33mWARNING [0m [2m[py.warnings:112, 88377262b50a, rank=1][0m /opt/conda/lib/python3.12/site-packages/olmo_core/nn/pooled_soft_token.py:180: UserWarning: called a synchronizing CUDA operation (Triggered internally at /pytorch/c10/cuda/CUDAFunctions.cpp:162.)
2026-09-15T04:57:50.336Z   d_ix = c[is_ctx]
2026-09-15T04:57:50.336Z 
2026-09-15T04:57:50.337Z [2;36m[2026-09-15 04:57:50][0m [33mWARNING [0m [2m[py.warnings:112, 88377262b50a, rank=1][0m /opt/conda/lib/python3.12/site-packages/olmo_core/nn/pooled_soft_token.py:181: UserWarning: called a synchronizing CUDA operation (Triggered internally at /pytorch/c10/cuda/CUDAFunctions.cpp:162.)
2026-09-15T04:57:50.337Z   pos_ix = is_ctx.nonzero(as_tuple=True)[0]
2026-09-15T04:57:50.337Z 
2026-09-15T04:57:50.337Z [2;36m[2026-09-15 04:57:50][0m [33mWARNING [0m [2m[py.warnings:112, 88377262b50a, rank=1][0m /opt/conda/lib/python3.12/site-packages/olmo_core/nn/pooled_soft_token.py:186: UserWarning: called a synchronizing CUDA operation (Triggered internally at /pytorch/c10/cuda/CUDAFunctions.cpp:162.)
2026-09-15T04:57:50.337Z   pooled_docs = pooled.nonzero(as_tuple=True)[0]
2026-09-15T04:57:50.337Z 
2026-09-15T04:57:50.338Z [2;36m[2026-09-15 04:57:50][0m [33mWARNING [0m [2m[py.warnings:112, 88377262b50a, rank=1][0m /opt/conda/lib/python3.12/site-packages/olmo_core/nn/pooled_soft_token.py:217: UserWarning: called a synchronizing CUDA operation (Triggered internally at /pytorch/c10/cuda/CUDAFunctions.cpp:162.)
2026-09-15T04:57:50.338Z   doc_len = torch.bincount(c[is_ctx], minlength=n_docs) if is_ctx.any() else torch.zeros(n_docs, dtype=torch.long, device=device)
2026-09-15T04:57:50.338Z 
2026-09-15T04:57:50.339Z [2;36m[2026-09-15 04:57:50][0m [33mWARNING [0m [2m[py.warnings:112, 88377262b50a, rank=1][0m /opt/conda/lib/python3.12/site-packages/olmo_core/nn/pooled_soft_token.py:222: UserWarning: called a synchronizing CUDA operation (Triggered internally at /pytorch/c10/cuda/CUDAFunctions.cpp:162.)
2026-09-15T04:57:50.339Z   soft_cols_b = soft_mask.nonzero(as_tuple=True)[0]
2026-09-15T04:57:50.339Z 
2026-09-15T04:57:50.339Z [2;36m[2026-09-15 04:57:50][0m [33mWARNING [0m [2m[py.warnings:112, 88377262b50a, rank=1][0m /opt/conda/lib/python3.12/site-packages/olmo_core/nn/pooled_soft_token.py:226: UserWarning: called a synchronizing CUDA operation (Triggered internally at /pytorch/c10/cuda/CUDAFunctions.cpp:162.)
2026-09-15T04:57:50.339Z   cols_l = soft_cols_b.tolist()
2026-09-15T04:57:50.339Z 
2026-09-15T04:57:50.339Z [2;36m[2026-09-15 04:57:50][0m [33mWARNING [0m [2m[py.warnings:112, 88377262b50a, rank=1][0m /opt/conda/lib/python3.12/site-packages/olmo_core/nn/pooled_soft_token.py:229: UserWarning: called a synchronizing CUDA operation (Triggered internally at /pytorch/c10/cuda/CUDAFunctions.cpp:162.)
2026-09-15T04:57:50.339Z   soft_docs += docs_b.tolist()
2026-09-15T04:57:50.339Z 
2026-09-15T04:57:50.340Z [2;36m[2026-09-15 04:57:50][0m [33mWARNING [0m [2m[py.warnings:112, 88377262b50a, rank=1][0m /opt/conda/lib/python3.12/site-packages/olmo_core/nn/pooled_soft_token.py:230: UserWarning: called a synchronizing CUDA operation (Triggered internally at /pytorch/c10/cuda/CUDAFunctions.cpp:162.)
2026-09-15T04:57:50.340Z   soft_log_len += lens_b.tolist()
2026-09-15T04:57:50.340Z 
2026-09-15T04:57:50.341Z [2;36m[2026-09-15 04:57:50][0m [33mWARNING [0m [2m[py.warnings:112, 88377262b50a, rank=1][0m /opt/conda/lib/python3.12/site-packages/olmo_core/nn/pooled_soft_token.py:280: UserWarning: called a synchronizing CUDA operation (Triggered internally at /pytorch/c10/cuda/CUDAFunctions.cpp:162.)
2026-09-15T04:57:50.341Z   row_lens[b] = L
2026-09-15T04:57:50.341Z 
2026-09-15T04:57:50.342Z [2;36m[2026-09-15 04:57:50][0m [33mWARNING [0m [2m[py.warnings:112, 88377262b50a, rank=1][0m /opt/conda/lib/python3.12/site-packages/olmo_core/nn/pooled_soft_token.py:297: UserWarning: called a synchronizing CUDA operation (Triggered internally at /pytorch/c10/cuda/CUDAFunctions.cpp:162.)
2026-09-15T04:57:50.342Z   soft_rows=torch.tensor(soft_rows, dtype=torch.long, device=device),
2026-09-15T04:57:50.342Z 
2026-09-15T04:57:50.342Z [2;36m[2026-09-15 04:57:50][0m [33mWARNING [0m [2m[py.warnings:112, 88377262b50a, rank=1][0m /opt/conda/lib/python3.12/site-packages/olmo_core/nn/pooled_soft_token.py:298: UserWarning: called a synchronizing CUDA operation (Triggered internally at /pytorch/c10/cuda/CUDAFunctions.cpp:162.)
2026-09-15T04:57:50.342Z   soft_cols=torch.tensor(soft_cols, dtype=torch.long, device=device),
2026-09-15T04:57:50.342Z 
2026-09-15T04:57:50.343Z [2;36m[2026-09-15 04:57:50][0m [33mWARNING [0m [2m[py.warnings:112, 88377262b50a, rank=1][0m /opt/conda/lib/python3.12/site-packages/olmo_core/nn/pooled_soft_token.py:299: UserWarning: called a synchronizing CUDA operation (Triggered internally at /pytorch/c10/cuda/CUDAFunctions.cpp:162.)
2026-09-15T04:57:50.343Z   soft_docs=torch.tensor(soft_docs, dtype=torch.long, device=device),
2026-09-15T04:57:50.343Z 
2026-09-15T04:57:50.343Z [2;36m[2026-09-15 04:57:50][0m [33mWARNING [0m [2m[py.warnings:112, 88377262b50a, rank=1][0m /opt/conda/lib/python3.12/site-packages/olmo_core/nn/pooled_soft_token.py:301: UserWarning: called a synchronizing CUDA operation (Triggered internally at /pytorch/c10/cuda/CUDAFunctions.cpp:162.)
2026-09-15T04:57:50.343Z   soft_log_len=torch.tensor(soft_log_len, dtype=torch.float32, device=device),
2026-09-15T04:57:50.343Z 
2026-09-15T04:57:50.343Z [2;36m[2026-09-15 04:57:50][0m [33mWARNING [0m [2m[py.warnings:112, 88377262b50a, rank=1][0m /opt/conda/lib/python3.12/site-packages/olmo_core/nn/transformer/model.py:1502: UserWarning: called a synchronizing CUDA operation (Triggered internally at /pytorch/c10/cuda/CUDAFunctions.cpp:162.)
2026-09-15T04:57:50.343Z   kv_grad_mask[cb.soft_rows, cb.soft_cols] = False
2026-09-15T04:57:50.343Z 
2026-09-15T04:57:50.486Z [2;36m[2026-09-15 04:57:50][0m [33mWARNING [0m [2m[py.warnings:112, 88377262b50a, rank=1][0m /opt/conda/lib/python3.12/site-packages/liger_kernel/ops/fused_linear_cross_entropy.py:75: UserWarning: called a synchronizing CUDA operation (Triggered internally at /pytorch/c10/cuda/CUDAFunctions.cpp:162.)
2026-09-15T04:57:50.486Z   total_n_non_ignore = target_mask.sum().item()
2026-09-15T04:57:50.486Z 
2026-09-15T04:57:51.414Z [2;36m[2026-09-15 04:57:51][0m [33mWARNING [0m [2m[py.warnings:112, 88377262b50a, rank=1][0m /opt/conda/lib/python3.12/site-packages/liger_kernel/ops/fused_linear_cross_entropy.py:233: UserWarning: called a synchronizing CUDA operation (Triggered internally at /pytorch/c10/cuda/CUDAFunctions.cpp:162.)
2026-09-15T04:57:51.414Z   if not torch.equal(grad_output, torch.tensor(1.0, device=grad_output.device)):
2026-09-15T04:57:51.414Z 
2026-09-15T04:57:53.162Z [2;36m[2026-09-15 04:57:53][0m [33mWARNING [0m [2m[py.warnings:112, 88377262b50a, rank=0][0m /opt/conda/lib/python3.12/site-packages/torch/autograd/graph.py:841: UserWarning: called a synchronizing CUDA operation (Triggered internally at /pytorch/c10/cuda/CUDAFunctions.cpp:162.)
2026-09-15T04:57:53.162Z   return Variable._execution_engine.run_backward(  # Calls into the C++ engine to run the backward pass
2026-09-15T04:57:53.162Z 
2026-09-15T04:57:53.164Z [2;36m[2026-09-15 04:57:53][0m [33mWARNING [0m [2m[py.warnings:112, 88377262b50a, rank=0][0m /opt/conda/lib/python3.12/site-packages/torch/distributed/utils.py:106: UserWarning: called a synchronizing CUDA operation (Triggered internally at /pytorch/c10/cuda/CUDAFunctions.cpp:162.)
2026-09-15T04:57:53.164Z   return (obj.to(target_device),)
2026-09-15T04:57:53.164Z 
2026-09-15T04:57:53.173Z [2;36m[2026-09-15 04:57:53][0m [33mWARNING [0m [2m[py.warnings:112, 88377262b50a, rank=0][0m /opt/conda/lib/python3.12/site-packages/olmo_core/nn/transformer/model.py:777: UserWarning: called a synchronizing CUDA operation (Triggered internally at /pytorch/c10/cuda/CUDAFunctions.cpp:162.)
2026-09-15T04:57:53.173Z   n_docs = int(chunk_ids.max().item()) + 1
2026-09-15T04:57:53.173Z 
2026-09-15T04:57:53.182Z [2;36m[2026-09-15 04:57:53][0m [33mWARNING [0m [2m[py.warnings:112, 88377262b50a, rank=0][0m /opt/conda/lib/python3.12/site-packages/olmo_core/nn/transformer/model.py:834: UserWarning: called a synchronizing CUDA operation (Triggered internally at /pytorch/c10/cuda/CUDAFunctions.cpp:162.)
2026-09-15T04:57:53.182Z   flat = (torch.arange(B, device=emb.device)[:, None] * n_docs + cid.clamp(min=0)).reshape(
2026-09-15T04:57:53.182Z 
2026-09-15T04:57:53.183Z [2;36m[2026-09-15 04:57:53][0m [33mWARNING [0m [2m[py.warnings:112, 88377262b50a, rank=0][0m /opt/conda/lib/python3.12/site-packages/olmo_core/nn/transformer/model.py:838: UserWarning: called a synchronizing CUDA operation (Triggered internally at /pytorch/c10/cuda/CUDAFunctions.cpp:162.)
2026-09-15T04:57:53.183Z   0, flat, emb.reshape(B * T, D)[is_ctx.reshape(-1)]
2026-09-15T04:57:53.183Z 
2026-09-15T04:57:53.190Z [2;36m[2026-09-15 04:57:53][0m [33mWARNING [0m [2m[py.warnings:112, 88377262b50a, rank=0][0m /opt/conda/lib/python3.12/site-packages/olmo_core/nn/pooled_soft_token.py:173: UserWarning: called a synchronizing CUDA operation (Triggered internally at /pytorch/c10/cuda/CUDAFunctions.cpp:162.)
2026-09-15T04:57:53.190Z   kept_idx = kept_tok.nonzero(as_tuple=True)[0]
2026-09-15T04:57:53.190Z 
2026-09-15T04:57:53.191Z [2;36m[2026-09-15 04:57:53][0m [33mWARNING [0m [2m[py.warnings:112, 88377262b50a, rank=0][0m /opt/conda/lib/python3.12/site-packages/olmo_core/nn/pooled_soft_token.py:179: UserWarning: called a synchronizing CUDA operation (Triggered internally at /pytorch/c10/cuda/CUDAFunctions.cpp:162.)
2026-09-15T04:57:53.191Z   if is_ctx.any():
2026-09-15T04:57:53.191Z 
2026-09-15T04:57:53.191Z [2;36m[2026-09-15 04:57:53][0m [33mWARNING [0m [2m[py.warnings:112, 88377262b50a, rank=0][0m /opt/conda/lib/python3.12/site-packages/olmo_core/nn/pooled_soft_token.py:180: UserWarning: called a synchronizing CUDA operation (Triggered internally at /pytorch/c10/cuda/CUDAFunctions.cpp:162.)
2026-09-15T04:57:53.191Z   d_ix = c[is_ctx]
2026-09-15T04:57:53.191Z 
2026-09-15T04:57:53.192Z [2;36m[2026-09-15 04:57:53][0m [33mWARNING [0m [2m[py.warnings:112, 88377262b50a, rank=0][0m /opt/conda/lib/python3.12/site-packages/olmo_core/nn/pooled_soft_token.py:181: UserWarning: called a synchronizing CUDA operation (Triggered internally at /pytorch/c10/cuda/CUDAFunctions.cpp:162.)
2026-09-15T04:57:53.192Z   pos_ix = is_ctx.nonzero(as_tuple=True)[0]
2026-09-15T04:57:53.192Z 
2026-09-15T04:57:53.192Z [2;36m[2026-09-15 04:57:53][0m [33mWARNING [0m [2m[py.warnings:112, 88377262b50a, rank=0][0m /opt/conda/lib/python3.12/site-packages/olmo_core/nn/pooled_soft_token.py:186: UserWarning: called a synchronizing CUDA operation (Triggered internally at /pytorch/c10/cuda/CUDAFunctions.cpp:162.)
2026-09-15T04:57:53.192Z   pooled_docs = pooled.nonzero(as_tuple=True)[0]
2026-09-15T04:57:53.192Z 
2026-09-15T04:57:53.193Z [2;36m[2026-09-15 04:57:53][0m [33mWARNING [0m [2m[py.warnings:112, 88377262b50a, rank=0][0m /opt/conda/lib/python3.12/site-packages/olmo_core/nn/pooled_soft_token.py:217: UserWarning: called a synchronizing CUDA operation (Triggered internally at /pytorch/c10/cuda/CUDAFunctions.cpp:162.)
2026-09-15T04:57:53.193Z   doc_len = torch.bincount(c[is_ctx], minlength=n_docs) if is_ctx.any() else torch.zeros(n_docs, dtype=torch.long, device=device)
2026-09-15T04:57:53.193Z 
2026-09-15T04:57:53.194Z [2;36m[2026-09-15 04:57:53][0m [33mWARNING [0m [2m[py.warnings:112, 88377262b50a, rank=0][0m /opt/conda/lib/python3.12/site-packages/olmo_core/nn/pooled_soft_token.py:222: UserWarning: called a synchronizing CUDA operation (Triggered internally at /pytorch/c10/cuda/CUDAFunctions.cpp:162.)
2026-09-15T04:57:53.194Z   soft_cols_b = soft_mask.nonzero(as_tuple=True)[0]
2026-09-15T04:57:53.194Z 
2026-09-15T04:57:53.194Z [2;36m[2026-09-15 04:57:53][0m [33mWARNING [0m [2m[py.warnings:112, 88377262b50a, rank=0][0m /opt/conda/lib/python3.12/site-packages/olmo_core/nn/pooled_soft_token.py:226: UserWarning: called a synchronizing CUDA operation (Triggered internally at /pytorch/c10/cuda/CUDAFunctions.cpp:162.)
2026-09-15T04:57:53.194Z   cols_l = soft_cols_b.tolist()
2026-09-15T04:57:53.194Z 
2026-09-15T04:57:53.195Z [2;36m[2026-09-15 04:57:53][0m [33mWARNING [0m [2m[py.warnings:112, 88377262b50a, rank=0][0m /opt/conda/lib/python3.12/site-packages/olmo_core/nn/pooled_soft_token.py:229: UserWarning: called a synchronizing CUDA operation (Triggered internally at /pytorch/c10/cuda/CUDAFunctions.cpp:162.)
2026-09-15T04:57:53.195Z   soft_docs += docs_b.tolist()
2026-09-15T04:57:53.195Z 
2026-09-15T04:57:53.195Z [2;36m[2026-09-15 04:57:53][0m [33mWARNING [0m [2m[py.warnings:112, 88377262b50a, rank=0][0m /opt/conda/lib/python3.12/site-packages/olmo_core/nn/pooled_soft_token.py:230: UserWarning: called a synchronizing CUDA operation (Triggered internally at /pytorch/c10/cuda/CUDAFunctions.cpp:162.)
2026-09-15T04:57:53.195Z   soft_log_len += lens_b.tolist()
2026-09-15T04:57:53.195Z 
2026-09-15T04:57:53.197Z [2;36m[2026-09-15 04:57:53][0m [33mWARNING [0m [2m[py.warnings:112, 88377262b50a, rank=0][0m /opt/conda/lib/python3.12/site-packages/olmo_core/nn/pooled_soft_token.py:280: UserWarning: called a synchronizing CUDA operation (Triggered internally at /pytorch/c10/cuda/CUDAFunctions.cpp:162.)
2026-09-15T04:57:53.197Z   row_lens[b] = L
2026-09-15T04:57:53.197Z 
2026-09-15T04:57:53.198Z [2;36m[2026-09-15 04:57:53][0m [33mWARNING [0m [2m[py.warnings:112, 88377262b50a, rank=0][0m /opt/conda/lib/python3.12/site-packages/olmo_core/nn/pooled_soft_token.py:297: UserWarning: called a synchronizing CUDA operation (Triggered internally at /pytorch/c10/cuda/CUDAFunctions.cpp:162.)
2026-09-15T04:57:53.198Z   soft_rows=torch.tensor(soft_rows, dtype=torch.long, device=device),
2026-09-15T04:57:53.198Z 
2026-09-15T04:57:53.198Z [2;36m[2026-09-15 04:57:53][0m [33mWARNING [0m [2m[py.warnings:112, 88377262b50a, rank=0][0m /opt/conda/lib/python3.12/site-packages/olmo_core/nn/pooled_soft_token.py:298: UserWarning: called a synchronizing CUDA operation (Triggered internally at /pytorch/c10/cuda/CUDAFunctions.cpp:162.)
2026-09-15T04:57:53.198Z   soft_cols=torch.tensor(soft_cols, dtype=torch.long, device=device),
2026-09-15T04:57:53.198Z 
2026-09-15T04:57:53.199Z [2;36m[2026-09-15 04:57:53][0m [33mWARNING [0m [2m[py.warnings:112, 88377262b50a, rank=0][0m /opt/conda/lib/python3.12/site-packages/olmo_core/nn/pooled_soft_token.py:299: UserWarning: called a synchronizing CUDA operation (Triggered internally at /pytorch/c10/cuda/CUDAFunctions.cpp:162.)
2026-09-15T04:57:53.199Z   soft_docs=torch.tensor(soft_docs, dtype=torch.long, device=device),
2026-09-15T04:57:53.199Z 
2026-09-15T04:57:53.199Z [2;36m[2026-09-15 04:57:53][0m [33mWARNING [0m [2m[py.warnings:112, 88377262b50a, rank=0][0m /opt/conda/lib/python3.12/site-packages/olmo_core/nn/pooled_soft_token.py:301: UserWarning: called a synchronizing CUDA operation (Triggered internally at /pytorch/c10/cuda/CUDAFunctions.cpp:162.)
2026-09-15T04:57:53.199Z   soft_log_len=torch.tensor(soft_log_len, dtype=torch.float32, device=device),
2026-09-15T04:57:53.199Z 
2026-09-15T04:57:53.200Z [2;36m[2026-09-15 04:57:53][0m [33mWARNING [0m [2m[py.warnings:112, 88377262b50a, rank=0][0m /opt/conda/lib/python3.12/site-packages/olmo_core/nn/transformer/model.py:1502: UserWarning: called a synchronizing CUDA operation (Triggered internally at /pytorch/c10/cuda/CUDAFunctions.cpp:162.)
2026-09-15T04:57:53.200Z   kv_grad_mask[cb.soft_rows, cb.soft_cols] = False
2026-09-15T04:57:53.200Z 
2026-09-15T04:57:53.345Z [2;36m[2026-09-15 04:57:53][0m [33mWARNING [0m [2m[py.warnings:112, 88377262b50a, rank=0][0m /opt/conda/lib/python3.12/site-packages/liger_kernel/ops/fused_linear_cross_entropy.py:75: UserWarning: called a synchronizing CUDA operation (Triggered internally at /pytorch/c10/cuda/CUDAFunctions.cpp:162.)
2026-09-15T04:57:53.345Z   total_n_non_ignore = target_mask.sum().item()
2026-09-15T04:57:53.345Z 
2026-09-15T04:57:54.173Z [2;36m[2026-09-15 04:57:54][0m [33mWARNING [0m [2m[py.warnings:112, 88377262b50a, rank=0][0m /opt/conda/lib/python3.12/site-packages/liger_kernel/ops/fused_linear_cross_entropy.py:233: UserWarning: called a synchronizing CUDA operation (Triggered internally at /pytorch/c10/cuda/CUDAFunctions.cpp:162.)
2026-09-15T04:57:54.173Z   if not torch.equal(grad_output, torch.tensor(1.0, device=grad_output.device)):
2026-09-15T04:57:54.173Z 
2026-09-15T04:57:59.318Z [2;36m[2026-09-15 04:57:59][0m [33mWARNING [0m [2m[py.warnings:112, 88377262b50a, rank=1][0m /opt/conda/lib/python3.12/site-packages/liger_kernel/ops/fused_linear_cross_entropy.py:75: UserWarning: called a synchronizing CUDA operation (Triggered internally at /pytorch/c10/cuda/CUDAFunctions.cpp:162.)
2026-09-15T04:57:59.318Z   total_n_non_ignore = target_mask.sum().item()
2026-09-15T04:57:59.318Z 
2026-09-15T04:57:59.917Z [2;36m[2026-09-15 04:57:59][0m [33mWARNING [0m [2m[py.warnings:112, 88377262b50a, rank=1][0m /opt/conda/lib/python3.12/site-packages/liger_kernel/ops/fused_linear_cross_entropy.py:233: UserWarning: called a synchronizing CUDA operation (Triggered internally at /pytorch/c10/cuda/CUDAFunctions.cpp:162.)
2026-09-15T04:57:59.917Z   if not torch.equal(grad_output, torch.tensor(1.0, device=grad_output.device)):
2026-09-15T04:57:59.918Z 
2026-09-15T04:58:01.219Z [2;36m[2026-09-15 04:58:01][0m [33mWARNING [0m [2m[py.warnings:112, 88377262b50a, rank=1][0m /opt/conda/lib/python3.12/site-packages/torch/autograd/graph.py:841: UserWarning: called a synchronizing CUDA operation (Triggered internally at /pytorch/c10/cuda/CUDAFunctions.cpp:162.)
2026-09-15T04:58:01.219Z   return Variable._execution_engine.run_backward(  # Calls into the C++ engine to run the backward pass
2026-09-15T04:58:01.219Z 
2026-09-15T04:58:01.458Z [2;36m[2026-09-15 04:58:01][0m [33mWARNING [0m [2m[py.warnings:112, 88377262b50a, rank=1][0m /opt/conda/lib/python3.12/site-packages/torch/distributed/utils.py:106: UserWarning: called a synchronizing CUDA operation (Triggered internally at /pytorch/c10/cuda/CUDAFunctions.cpp:162.)
2026-09-15T04:58:01.458Z   return (obj.to(target_device),)
2026-09-15T04:58:01.458Z 
2026-09-15T04:58:01.460Z [2;36m[2026-09-15 04:58:01][0m [34mINFO    [0m [2m[olmo_core.train.callbacks.console_logger:68, 88377262b50a, rank=0][0m [step=6/61,epoch=1,eta=19m]
2026-09-15T04:58:01.460Z     gpu_memory/GPU active mem (%)=75.57
2026-09-15T04:58:01.460Z     gpu_memory/GPU active mem (GiB)=59.89
2026-09-15T04:58:01.460Z     gpu_memory/GPU reserved mem (%)=80.90
2026-09-15T04:58:01.460Z     gpu_memory/GPU reserved mem (GiB)=64.12
2026-09-15T04:58:01.460Z     optim/LR (group 0)=4.66E-06
2026-09-15T04:58:01.460Z     optim/LR (group 1)=4.66E-06
2026-09-15T04:58:01.460Z     optim/step skipped=0.0
2026-09-15T04:58:01.460Z     optim/total grad norm=2.248
2026-09-15T04:58:01.460Z     throughput/chinchilla multiple=9.35E-06
2026-09-15T04:58:01.460Z     throughput/device/BPS=0.0282
2026-09-15T04:58:01.460Z     throughput/device/BPS (actual avg)=0.0474
2026-09-15T04:58:01.460Z     throughput/device/MFU=13.55
2026-09-15T04:58:01.460Z     throughput/device/MFU (actual avg)=22.81
2026-09-15T04:58:01.460Z     throughput/device/TPS=1,846
2026-09-15T04:58:01.460Z     throughput/device/TPS (actual avg)=3,107
2026-09-15T04:58:01.460Z     throughput/device/flopsPS=42.27T
2026-09-15T04:58:01.460Z     throughput/device/flopsPS (actual avg)=71.15T
2026-09-15T04:58:01.460Z     throughput/total petaflops=18.01
2026-09-15T04:58:01.460Z     throughput/total tokens=786,432
2026-09-15T04:58:01.460Z     train/CE loss=0.4164
2026-09-15T04:58:01.460Z     throughput/device/data loading (%)=0.0044
2026-09-15T04:58:01.460Z     throughput/device/data loading (s)=0.0015
2026-09-15T04:58:01.460Z     train/PPL=1.516
2026-09-15T04:58:01.470Z [2;36m[2026-09-15 04:58:01][0m [33mWARNING [0m [2m[py.warnings:112, 88377262b50a, rank=1][0m /opt/conda/lib/python3.12/site-packages/olmo_core/nn/transformer/model.py:834: UserWarning: called a synchronizing CUDA operation (Triggered internally at /pytorch/c10/cuda/CUDAFunctions.cpp:162.)
2026-09-15T04:58:01.470Z   flat = (torch.arange(B, device=emb.device)[:, None] * n_docs + cid.clamp(min=0)).reshape(
2026-09-15T04:58:01.470Z 
2026-09-15T04:58:01.471Z [2;36m[2026-09-15 04:58:01][0m [33mWARNING [0m [2m[py.warnings:112, 88377262b50a, rank=1][0m /opt/conda/lib/python3.12/site-packages/olmo_core/nn/transformer/model.py:838: UserWarning: called a synchronizing CUDA operation (Triggered internally at /pytorch/c10/cuda/CUDAFunctions.cpp:162.)
2026-09-15T04:58:01.471Z   0, flat, emb.reshape(B * T, D)[is_ctx.reshape(-1)]
2026-09-15T04:58:01.471Z 
2026-09-15T04:58:01.482Z [2;36m[2026-09-15 04:58:01][0m [33mWARNING [0m [2m[py.warnings:112, 88377262b50a, rank=1][0m /opt/conda/lib/python3.12/site-packages/olmo_core/nn/pooled_soft_token.py:173: UserWarning: called a synchronizing CUDA operation (Triggered internally at /pytorch/c10/cuda/CUDAFunctions.cpp:162.)
2026-09-15T04:58:01.482Z   kept_idx = kept_tok.nonzero(as_tuple=True)[0]
2026-09-15T04:58:01.482Z 
2026-09-15T04:58:01.483Z [2;36m[2026-09-15 04:58:01][0m [33mWARNING [0m [2m[py.warnings:112, 88377262b50a, rank=1][0m /opt/conda/lib/python3.12/site-packages/olmo_core/nn/pooled_soft_token.py:179: UserWarning: called a synchronizing CUDA operation (Triggered internally at /pytorch/c10/cuda/CUDAFunctions.cpp:162.)
2026-09-15T04:58:01.483Z   if is_ctx.any():
2026-09-15T04:58:01.483Z 
2026-09-15T04:58:01.483Z [2;36m[2026-09-15 04:58:01][0m [33mWARNING [0m [2m[py.warnings:112, 88377262b50a, rank=1][0m /opt/conda/lib/python3.12/site-packages/olmo_core/nn/pooled_soft_token.py:180: UserWarning: called a synchronizing CUDA operation (Triggered internally at /pytorch/c10/cuda/CUDAFunctions.cpp:162.)
2026-09-15T04:58:01.483Z   d_ix = c[is_ctx]
2026-09-15T04:58:01.483Z 
2026-09-15T04:58:01.484Z [2;36m[2026-09-15 04:58:01][0m [33mWARNING [0m [2m[py.warnings:112, 88377262b50a, rank=1][0m /opt/conda/lib/python3.12/site-packages/olmo_core/nn/pooled_soft_token.py:181: UserWarning: called a synchronizing CUDA operation (Triggered internally at /pytorch/c10/cuda/CUDAFunctions.cpp:162.)
2026-09-15T04:58:01.484Z   pos_ix = is_ctx.nonzero(as_tuple=True)[0]
2026-09-15T04:58:01.484Z 
2026-09-15T04:58:01.484Z [2;36m[2026-09-15 04:58:01][0m [33mWARNING [0m [2m[py.warnings:112, 88377262b50a, rank=1][0m /opt/conda/lib/python3.12/site-packages/olmo_core/nn/pooled_soft_token.py:186: UserWarning: called a synchronizing CUDA operation (Triggered internally at /pytorch/c10/cuda/CUDAFunctions.cpp:162.)
2026-09-15T04:58:01.484Z   pooled_docs = pooled.nonzero(as_tuple=True)[0]
2026-09-15T04:58:01.484Z 
2026-09-15T04:58:01.485Z [2;36m[2026-09-15 04:58:01][0m [33mWARNING [0m [2m[py.warnings:112, 88377262b50a, rank=1][0m /opt/conda/lib/python3.12/site-packages/olmo_core/nn/pooled_soft_token.py:217: UserWarning: called a synchronizing CUDA operation (Triggered internally at /pytorch/c10/cuda/CUDAFunctions.cpp:162.)
2026-09-15T04:58:01.485Z   doc_len = torch.bincount(c[is_ctx], minlength=n_docs) if is_ctx.any() else torch.zeros(n_docs, dtype=torch.long, device=device)
2026-09-15T04:58:01.485Z 
2026-09-15T04:58:01.485Z [2;36m[2026-09-15 04:58:01][0m [33mWARNING [0m [2m[py.warnings:112, 88377262b50a, rank=1][0m /opt/conda/lib/python3.12/site-packages/olmo_core/nn/pooled_soft_token.py:222: UserWarning: called a synchronizing CUDA operation (Triggered internally at /pytorch/c10/cuda/CUDAFunctions.cpp:162.)
2026-09-15T04:58:01.486Z   soft_cols_b = soft_mask.nonzero(as_tuple=True)[0]
2026-09-15T04:58:01.486Z 
2026-09-15T04:58:01.486Z [2;36m[2026-09-15 04:58:01][0m [33mWARNING [0m [2m[py.warnings:112, 88377262b50a, rank=1][0m /opt/conda/lib/python3.12/site-packages/olmo_core/nn/pooled_soft_token.py:226: UserWarning: called a synchronizing CUDA operation (Triggered internally at /pytorch/c10/cuda/CUDAFunctions.cpp:162.)
2026-09-15T04:58:01.486Z   cols_l = soft_cols_b.tolist()
2026-09-15T04:58:01.486Z 
2026-09-15T04:58:01.486Z [2;36m[2026-09-15 04:58:01][0m [33mWARNING [0m [2m[py.warnings:112, 88377262b50a, rank=1][0m /opt/conda/lib/python3.12/site-packages/olmo_core/nn/pooled_soft_token.py:229: UserWarning: called a synchronizing CUDA operation (Triggered internally at /pytorch/c10/cuda/CUDAFunctions.cpp:162.)
2026-09-15T04:58:01.486Z   soft_docs += docs_b.tolist()
2026-09-15T04:58:01.486Z 
2026-09-15T04:58:01.487Z [2;36m[2026-09-15 04:58:01][0m [33mWARNING [0m [2m[py.warnings:112, 88377262b50a, rank=1][0m /opt/conda/lib/python3.12/site-packages/olmo_core/nn/pooled_soft_token.py:230: UserWarning: called a synchronizing CUDA operation (Triggered internally at /pytorch/c10/cuda/CUDAFunctions.cpp:162.)
2026-09-15T04:58:01.487Z   soft_log_len += lens_b.tolist()
2026-09-15T04:58:01.487Z 
2026-09-15T04:58:01.488Z [2;36m[2026-09-15 04:58:01][0m [33mWARNING [0m [2m[py.warnings:112, 88377262b50a, rank=1][0m /opt/conda/lib/python3.12/site-packages/olmo_core/nn/pooled_soft_token.py:280: UserWarning: called a synchronizing CUDA operation (Triggered internally at /pytorch/c10/cuda/CUDAFunctions.cpp:162.)
2026-09-15T04:58:01.488Z   row_lens[b] = L
2026-09-15T04:58:01.488Z 
2026-09-15T04:58:01.489Z [2;36m[2026-09-15 04:58:01][0m [33mWARNING [0m [2m[py.warnings:112, 88377262b50a, rank=1][0m /opt/conda/lib/python3.12/site-packages/olmo_core/nn/pooled_soft_token.py:297: UserWarning: called a synchronizing CUDA operation (Triggered internally at /pytorch/c10/cuda/CUDAFunctions.cpp:162.)
2026-09-15T04:58:01.489Z   soft_rows=torch.tensor(soft_rows, dtype=torch.long, device=device),
2026-09-15T04:58:01.489Z 
2026-09-15T04:58:01.489Z [2;36m[2026-09-15 04:58:01][0m [33mWARNING [0m [2m[py.warnings:112, 88377262b50a, rank=1][0m /opt/conda/lib/python3.12/site-packages/olmo_core/nn/pooled_soft_token.py:298: UserWarning: called a synchronizing CUDA operation (Triggered internally at /pytorch/c10/cuda/CUDAFunctions.cpp:162.)
2026-09-15T04:58:01.489Z   soft_cols=torch.tensor(soft_cols, dtype=torch.long, device=device),
2026-09-15T04:58:01.489Z 
2026-09-15T04:58:01.490Z [2;36m[2026-09-15 04:58:01][0m [33mWARNING [0m [2m[py.warnings:112, 88377262b50a, rank=1][0m /opt/conda/lib/python3.12/site-packages/olmo_core/nn/pooled_soft_token.py:299: UserWarning: called a synchronizing CUDA operation (Triggered internally at /pytorch/c10/cuda/CUDAFunctions.cpp:162.)
2026-09-15T04:58:01.490Z   soft_docs=torch.tensor(soft_docs, dtype=torch.long, device=device),
2026-09-15T04:58:01.490Z 
2026-09-15T04:58:01.490Z [2;36m[2026-09-15 04:58:01][0m [33mWARNING [0m [2m[py.warnings:112, 88377262b50a, rank=1][0m /opt/conda/lib/python3.12/site-packages/olmo_core/nn/pooled_soft_token.py:301: UserWarning: called a synchronizing CUDA operation (Triggered internally at /pytorch/c10/cuda/CUDAFunctions.cpp:162.)
2026-09-15T04:58:01.490Z   soft_log_len=torch.tensor(soft_log_len, dtype=torch.float32, device=device),
2026-09-15T04:58:01.490Z 
2026-09-15T04:58:01.490Z [2;36m[2026-09-15 04:58:01][0m [33mWARNING [0m [2m[py.warnings:112, 88377262b50a, rank=1][0m /opt/conda/lib/python3.12/site-packages/olmo_core/nn/transformer/model.py:1502: UserWarning: called a synchronizing CUDA operation (Triggered internally at /pytorch/c10/cuda/CUDAFunctions.cpp:162.)
2026-09-15T04:58:01.490Z   kv_grad_mask[cb.soft_rows, cb.soft_cols] = False
2026-09-15T04:58:01.490Z 
2026-09-15T04:58:01.629Z [2;36m[2026-09-15 04:58:01][0m [33mWARNING [0m [2m[py.warnings:112, 88377262b50a, rank=1][0m /opt/conda/lib/python3.12/site-packages/liger_kernel/ops/fused_linear_cross_entropy.py:75: UserWarning: called a synchronizing CUDA operation (Triggered internally at /pytorch/c10/cuda/CUDAFunctions.cpp:162.)
2026-09-15T04:58:01.629Z   total_n_non_ignore = target_mask.sum().item()
2026-09-15T04:58:01.629Z 
2026-09-15T04:58:02.507Z [2;36m[2026-09-15 04:58:02][0m [33mWARNING [0m [2m[py.warnings:112, 88377262b50a, rank=1][0m /opt/conda/lib/python3.12/site-packages/liger_kernel/ops/fused_linear_cross_entropy.py:233: UserWarning: called a synchronizing CUDA operation (Triggered internally at /pytorch/c10/cuda/CUDAFunctions.cpp:162.)
2026-09-15T04:58:02.507Z   if not torch.equal(grad_output, torch.tensor(1.0, device=grad_output.device)):
2026-09-15T04:58:02.507Z 
2026-09-15T04:58:02.830Z [2;36m[2026-09-15 04:58:02][0m [33mWARNING [0m [2m[py.warnings:112, 88377262b50a, rank=1][0m /opt/conda/lib/python3.12/site-packages/olmo_core/nn/transformer/model.py:777: UserWarning: called a synchronizing CUDA operation (Triggered internally at /pytorch/c10/cuda/CUDAFunctions.cpp:162.)
2026-09-15T04:58:02.830Z   n_docs = int(chunk_ids.max().item()) + 1
2026-09-15T04:58:02.830Z 
2026-09-15T04:58:12.555Z [2;36m[2026-09-15 04:58:12][0m [34mINFO    [0m [2m[olmo_core.train.callbacks.console_logger:68, 88377262b50a, rank=0][0m [step=7/61,epoch=1,eta=18m]
2026-09-15T04:58:12.555Z     gpu_memory/GPU active mem (%)=75.57
2026-09-15T04:58:12.555Z     gpu_memory/GPU active mem (GiB)=59.89
2026-09-15T04:58:12.555Z     gpu_memory/GPU reserved mem (%)=80.90
2026-09-15T04:58:12.555Z     gpu_memory/GPU reserved mem (GiB)=64.12
2026-09-15T04:58:12.555Z     optim/LR (group 0)=4.58E-06
2026-09-15T04:58:12.555Z     optim/LR (group 1)=4.58E-06
2026-09-15T04:58:12.555Z     optim/step skipped=0.0
2026-09-15T04:58:12.555Z     optim/total grad norm=2.380
2026-09-15T04:58:12.555Z     throughput/chinchilla multiple=1.09E-05
2026-09-15T04:58:12.555Z     throughput/device/BPS=0.0901
2026-09-15T04:58:12.555Z     throughput/device/BPS (actual avg)=0.0515
2026-09-15T04:58:12.555Z     throughput/device/MFU=43.35
2026-09-15T04:58:12.555Z     throughput/device/MFU (actual avg)=24.76
2026-09-15T04:58:12.555Z     throughput/device/TPS=5,906
2026-09-15T04:58:12.555Z     throughput/device/TPS (actual avg)=3,373
2026-09-15T04:58:12.555Z     throughput/device/flopsPS=135.2T
2026-09-15T04:58:12.556Z     throughput/device/flopsPS (actual avg)=77.26T
2026-09-15T04:58:12.556Z     throughput/total petaflops=21.01
2026-09-15T04:58:12.556Z     throughput/total tokens=917,504
2026-09-15T04:58:12.556Z     train/CE loss=0.4176
2026-09-15T04:58:12.556Z     throughput/device/data loading (%)=0.0162
2026-09-15T04:58:12.556Z     throughput/device/data loading (s)=0.0018
2026-09-15T04:58:12.556Z     train/PPL=1.518
2026-09-15T04:58:22.551Z [2;36m[2026-09-15 04:58:22][0m [33mWARNING [0m [2m[py.warnings:112, 88377262b50a, rank=0][0m /opt/conda/lib/python3.12/site-packages/torch/autograd/graph.py:841: UserWarning: called a synchronizing CUDA operation (Triggered internally at /pytorch/c10/cuda/CUDAFunctions.cpp:162.)
2026-09-15T04:58:22.552Z   return Variable._execution_engine.run_backward(  # Calls into the C++ engine to run the backward pass
2026-09-15T04:58:22.552Z 
2026-09-15T04:58:22.791Z [2;36m[2026-09-15 04:58:22][0m [33mWARNING [0m [2m[py.warnings:112, 88377262b50a, rank=0][0m /opt/conda/lib/python3.12/site-packages/torch/distributed/utils.py:106: UserWarning: called a synchronizing CUDA operation (Triggered internally at /pytorch/c10/cuda/CUDAFunctions.cpp:162.)
2026-09-15T04:58:22.791Z   return (obj.to(target_device),)
2026-09-15T04:58:22.791Z 
2026-09-15T04:58:22.794Z [2;36m[2026-09-15 04:58:22][0m [34mINFO    [0m [2m[olmo_core.train.callbacks.console_logger:68, 88377262b50a, rank=0][0m [step=8/61,epoch=1,eta=16m]
2026-09-15T04:58:22.794Z     gpu_memory/GPU active mem (%)=75.57
2026-09-15T04:58:22.794Z     gpu_memory/GPU active mem (GiB)=59.89
2026-09-15T04:58:22.794Z     gpu_memory/GPU reserved mem (%)=80.90
2026-09-15T04:58:22.794Z     gpu_memory/GPU reserved mem (GiB)=64.12
2026-09-15T04:58:22.794Z     optim/LR (group 0)=4.49E-06
2026-09-15T04:58:22.794Z     optim/LR (group 1)=4.49E-06
2026-09-15T04:58:22.794Z     optim/step skipped=0.0
2026-09-15T04:58:22.794Z     optim/total grad norm=2.260
2026-09-15T04:58:22.794Z     throughput/chinchilla multiple=1.25E-05
2026-09-15T04:58:22.794Z     throughput/device/BPS=0.0977
2026-09-15T04:58:22.794Z     throughput/device/BPS (actual avg)=0.0552
2026-09-15T04:58:22.794Z     throughput/device/MFU=46.98
2026-09-15T04:58:22.794Z     throughput/device/MFU (actual avg)=26.56
2026-09-15T04:58:22.794Z     throughput/device/TPS=6,401
2026-09-15T04:58:22.794Z     throughput/device/TPS (actual avg)=3,618
2026-09-15T04:58:22.794Z     throughput/device/flopsPS=146.6T
2026-09-15T04:58:22.794Z     throughput/device/flopsPS (actual avg)=82.85T
2026-09-15T04:58:22.794Z     throughput/total petaflops=24.01
2026-09-15T04:58:22.794Z     throughput/total tokens=1,048,576
2026-09-15T04:58:22.794Z     train/CE loss=0.4177
2026-09-15T04:58:22.794Z     throughput/device/data loading (%)=0.0167
2026-09-15T04:58:22.794Z     throughput/device/data loading (s)=0.0017
2026-09-15T04:58:22.794Z     train/PPL=1.518
2026-09-15T04:58:22.796Z [2;36m[2026-09-15 04:58:22][0m [33mWARNING [0m [2m[py.warnings:112, 88377262b50a, rank=0][0m /opt/conda/lib/python3.12/site-packages/olmo_core/nn/transformer/model.py:777: UserWarning: called a synchronizing CUDA operation (Triggered internally at /pytorch/c10/cuda/CUDAFunctions.cpp:162.)
2026-09-15T04:58:22.796Z   n_docs = int(chunk_ids.max().item()) + 1
2026-09-15T04:58:22.796Z 
2026-09-15T04:58:22.805Z [2;36m[2026-09-15 04:58:22][0m [33mWARNING [0m [2m[py.warnings:112, 88377262b50a, rank=0][0m /opt/conda/lib/python3.12/site-packages/olmo_core/nn/transformer/model.py:834: UserWarning: called a synchronizing CUDA operation (Triggered internally at /pytorch/c10/cuda/CUDAFunctions.cpp:162.)
2026-09-15T04:58:22.805Z   flat = (torch.arange(B, device=emb.device)[:, None] * n_docs + cid.clamp(min=0)).reshape(
2026-09-15T04:58:22.805Z 
2026-09-15T04:58:22.805Z [2;36m[2026-09-15 04:58:22][0m [33mWARNING [0m [2m[py.warnings:112, 88377262b50a, rank=0][0m /opt/conda/lib/python3.12/site-packages/olmo_core/nn/transformer/model.py:838: UserWarning: called a synchronizing CUDA operation (Triggered internally at /pytorch/c10/cuda/CUDAFunctions.cpp:162.)
2026-09-15T04:58:22.805Z   0, flat, emb.reshape(B * T, D)[is_ctx.reshape(-1)]
2026-09-15T04:58:22.805Z 
2026-09-15T04:58:22.817Z [2;36m[2026-09-15 04:58:22][0m [33mWARNING [0m [2m[py.warnings:112, 88377262b50a, rank=0][0m /opt/conda/lib/python3.12/site-packages/olmo_core/nn/pooled_soft_token.py:173: UserWarning: called a synchronizing CUDA operation (Triggered internally at /pytorch/c10/cuda/CUDAFunctions.cpp:162.)
2026-09-15T04:58:22.817Z   kept_idx = kept_tok.nonzero(as_tuple=True)[0]
2026-09-15T04:58:22.817Z 
2026-09-15T04:58:22.817Z [2;36m[2026-09-15 04:58:22][0m [33mWARNING [0m [2m[py.warnings:112, 88377262b50a, rank=0][0m /opt/conda/lib/python3.12/site-packages/olmo_core/nn/pooled_soft_token.py:179: UserWarning: called a synchronizing CUDA operation (Triggered internally at /pytorch/c10/cuda/CUDAFunctions.cpp:162.)
2026-09-15T04:58:22.817Z   if is_ctx.any():
2026-09-15T04:58:22.817Z 
2026-09-15T04:58:22.818Z [2;36m[2026-09-15 04:58:22][0m [33mWARNING [0m [2m[py.warnings:112, 88377262b50a, rank=0][0m /opt/conda/lib/python3.12/site-packages/olmo_core/nn/pooled_soft_token.py:180: UserWarning: called a synchronizing CUDA operation (Triggered internally at /pytorch/c10/cuda/CUDAFunctions.cpp:162.)
2026-09-15T04:58:22.818Z   d_ix = c[is_ctx]
2026-09-15T04:58:22.818Z 
2026-09-15T04:58:22.818Z [2;36m[2026-09-15 04:58:22][0m [33mWARNING [0m [2m[py.warnings:112, 88377262b50a, rank=0][0m /opt/conda/lib/python3.12/site-packages/olmo_core/nn/pooled_soft_token.py:181: UserWarning: called a synchronizing CUDA operation (Triggered internally at /pytorch/c10/cuda/CUDAFunctions.cpp:162.)
2026-09-15T04:58:22.818Z   pos_ix = is_ctx.nonzero(as_tuple=True)[0]
2026-09-15T04:58:22.818Z 
2026-09-15T04:58:22.819Z [2;36m[2026-09-15 04:58:22][0m [33mWARNING [0m [2m[py.warnings:112, 88377262b50a, rank=0][0m /opt/conda/lib/python3.12/site-packages/olmo_core/nn/pooled_soft_token.py:186: UserWarning: called a synchronizing CUDA operation (Triggered internally at /pytorch/c10/cuda/CUDAFunctions.cpp:162.)
2026-09-15T04:58:22.819Z   pooled_docs = pooled.nonzero(as_tuple=True)[0]
2026-09-15T04:58:22.819Z 
2026-09-15T04:58:22.820Z [2;36m[2026-09-15 04:58:22][0m [33mWARNING [0m [2m[py.warnings:112, 88377262b50a, rank=0][0m /opt/conda/lib/python3.12/site-packages/olmo_core/nn/pooled_soft_token.py:217: UserWarning: called a synchronizing CUDA operation (Triggered internally at /pytorch/c10/cuda/CUDAFunctions.cpp:162.)
2026-09-15T04:58:22.820Z   doc_len = torch.bincount(c[is_ctx], minlength=n_docs) if is_ctx.any() else torch.zeros(n_docs, dtype=torch.long, device=device)
2026-09-15T04:58:22.820Z 
2026-09-15T04:58:22.820Z [2;36m[2026-09-15 04:58:22][0m [33mWARNING [0m [2m[py.warnings:112, 88377262b50a, rank=0][0m /opt/conda/lib/python3.12/site-packages/olmo_core/nn/pooled_soft_token.py:222: UserWarning: called a synchronizing CUDA operation (Triggered internally at /pytorch/c10/cuda/CUDAFunctions.cpp:162.)
2026-09-15T04:58:22.820Z   soft_cols_b = soft_mask.nonzero(as_tuple=True)[0]
2026-09-15T04:58:22.820Z 
2026-09-15T04:58:22.821Z [2;36m[2026-09-15 04:58:22][0m [33mWARNING [0m [2m[py.warnings:112, 88377262b50a, rank=0][0m /opt/conda/lib/python3.12/site-packages/olmo_core/nn/pooled_soft_token.py:226: UserWarning: called a synchronizing CUDA operation (Triggered internally at /pytorch/c10/cuda/CUDAFunctions.cpp:162.)
2026-09-15T04:58:22.821Z   cols_l = soft_cols_b.tolist()
2026-09-15T04:58:22.821Z 
2026-09-15T04:58:22.821Z [2;36m[2026-09-15 04:58:22][0m [33mWARNING [0m [2m[py.warnings:112, 88377262b50a, rank=0][0m /opt/conda/lib/python3.12/site-packages/olmo_core/nn/pooled_soft_token.py:229: UserWarning: called a synchronizing CUDA operation (Triggered internally at /pytorch/c10/cuda/CUDAFunctions.cpp:162.)
2026-09-15T04:58:22.821Z   soft_docs += docs_b.tolist()
2026-09-15T04:58:22.821Z 
2026-09-15T04:58:22.822Z [2;36m[2026-09-15 04:58:22][0m [33mWARNING [0m [2m[py.warnings:112, 88377262b50a, rank=0][0m /opt/conda/lib/python3.12/site-packages/olmo_core/nn/pooled_soft_token.py:230: UserWarning: called a synchronizing CUDA operation (Triggered internally at /pytorch/c10/cuda/CUDAFunctions.cpp:162.)
2026-09-15T04:58:22.822Z   soft_log_len += lens_b.tolist()
2026-09-15T04:58:22.822Z 
2026-09-15T04:58:22.824Z [2;36m[2026-09-15 04:58:22][0m [33mWARNING [0m [2m[py.warnings:112, 88377262b50a, rank=0][0m /opt/conda/lib/python3.12/site-packages/olmo_core/nn/pooled_soft_token.py:280: UserWarning: called a synchronizing CUDA operation (Triggered internally at /pytorch/c10/cuda/CUDAFunctions.cpp:162.)
2026-09-15T04:58:22.824Z   row_lens[b] = L
2026-09-15T04:58:22.824Z 
2026-09-15T04:58:22.824Z [2;36m[2026-09-15 04:58:22][0m [33mWARNING [0m [2m[py.warnings:112, 88377262b50a, rank=0][0m /opt/conda/lib/python3.12/site-packages/olmo_core/nn/pooled_soft_token.py:297: UserWarning: called a synchronizing CUDA operation (Triggered internally at /pytorch/c10/cuda/CUDAFunctions.cpp:162.)
2026-09-15T04:58:22.824Z   soft_rows=torch.tensor(soft_rows, dtype=torch.long, device=device),
2026-09-15T04:58:22.824Z 
2026-09-15T04:58:22.825Z [2;36m[2026-09-15 04:58:22][0m [33mWARNING [0m [2m[py.warnings:112, 88377262b50a, rank=0][0m /opt/conda/lib/python3.12/site-packages/olmo_core/nn/pooled_soft_token.py:298: UserWarning: called a synchronizing CUDA operation (Triggered internally at /pytorch/c10/cuda/CUDAFunctions.cpp:162.)
2026-09-15T04:58:22.825Z   soft_cols=torch.tensor(soft_cols, dtype=torch.long, device=device),
2026-09-15T04:58:22.825Z 
2026-09-15T04:58:22.825Z [2;36m[2026-09-15 04:58:22][0m [33mWARNING [0m [2m[py.warnings:112, 88377262b50a, rank=0][0m /opt/conda/lib/python3.12/site-packages/olmo_core/nn/pooled_soft_token.py:299: UserWarning: called a synchronizing CUDA operation (Triggered internally at /pytorch/c10/cuda/CUDAFunctions.cpp:162.)
2026-09-15T04:58:22.825Z   soft_docs=torch.tensor(soft_docs, dtype=torch.long, device=device),
2026-09-15T04:58:22.825Z 
2026-09-15T04:58:22.826Z [2;36m[2026-09-15 04:58:22][0m [33mWARNING [0m [2m[py.warnings:112, 88377262b50a, rank=0][0m /opt/conda/lib/python3.12/site-packages/olmo_core/nn/pooled_soft_token.py:301: UserWarning: called a synchronizing CUDA operation (Triggered internally at /pytorch/c10/cuda/CUDAFunctions.cpp:162.)
2026-09-15T04:58:22.826Z   soft_log_len=torch.tensor(soft_log_len, dtype=torch.float32, device=device),
2026-09-15T04:58:22.826Z 
2026-09-15T04:58:22.826Z [2;36m[2026-09-15 04:58:22][0m [33mWARNING [0m [2m[py.warnings:112, 88377262b50a, rank=0][0m /opt/conda/lib/python3.12/site-packages/olmo_core/nn/transformer/model.py:1502: UserWarning: called a synchronizing CUDA operation (Triggered internally at /pytorch/c10/cuda/CUDAFunctions.cpp:162.)
2026-09-15T04:58:22.826Z   kv_grad_mask[cb.soft_rows, cb.soft_cols] = False
2026-09-15T04:58:22.826Z 
2026-09-15T04:58:22.961Z [2;36m[2026-09-15 04:58:22][0m [33mWARNING [0m [2m[py.warnings:112, 88377262b50a, rank=0][0m /opt/conda/lib/python3.12/site-packages/liger_kernel/ops/fused_linear_cross_entropy.py:75: UserWarning: called a synchronizing CUDA operation (Triggered internally at /pytorch/c10/cuda/CUDAFunctions.cpp:162.)
2026-09-15T04:58:22.961Z   total_n_non_ignore = target_mask.sum().item()
2026-09-15T04:58:22.961Z 
2026-09-15T04:58:23.874Z [2;36m[2026-09-15 04:58:23][0m [33mWARNING [0m [2m[py.warnings:112, 88377262b50a, rank=0][0m /opt/conda/lib/python3.12/site-packages/liger_kernel/ops/fused_linear_cross_entropy.py:233: UserWarning: called a synchronizing CUDA operation (Triggered internally at /pytorch/c10/cuda/CUDAFunctions.cpp:162.)
2026-09-15T04:58:23.874Z   if not torch.equal(grad_output, torch.tensor(1.0, device=grad_output.device)):
2026-09-15T04:58:23.874Z 
2026-09-15T04:58:28.414Z [2;36m[2026-09-15 04:58:28][0m [33mWARNING [0m [2m[py.warnings:112, 88377262b50a, rank=0][0m /opt/conda/lib/python3.12/site-packages/torch/autograd/graph.py:841: UserWarning: called a synchronizing CUDA operation (Triggered internally at /pytorch/c10/cuda/CUDAFunctions.cpp:162.)
2026-09-15T04:58:28.414Z   return Variable._execution_engine.run_backward(  # Calls into the C++ engine to run the backward pass
2026-09-15T04:58:28.414Z 
2026-09-15T04:58:28.416Z [2;36m[2026-09-15 04:58:28][0m [33mWARNING [0m [2m[py.warnings:112, 88377262b50a, rank=0][0m /opt/conda/lib/python3.12/site-packages/torch/distributed/utils.py:106: UserWarning: called a synchronizing CUDA operation (Triggered internally at /pytorch/c10/cuda/CUDAFunctions.cpp:162.)
2026-09-15T04:58:28.416Z   return (obj.to(target_device),)
2026-09-15T04:58:28.416Z 
2026-09-15T04:58:28.425Z [2;36m[2026-09-15 04:58:28][0m [33mWARNING [0m [2m[py.warnings:112, 88377262b50a, rank=0][0m /opt/conda/lib/python3.12/site-packages/olmo_core/nn/transformer/model.py:777: UserWarning: called a synchronizing CUDA operation (Triggered internally at /pytorch/c10/cuda/CUDAFunctions.cpp:162.)
2026-09-15T04:58:28.426Z   n_docs = int(chunk_ids.max().item()) + 1
2026-09-15T04:58:28.426Z 
2026-09-15T04:58:28.434Z [2;36m[2026-09-15 04:58:28][0m [33mWARNING [0m [2m[py.warnings:112, 88377262b50a, rank=0][0m /opt/conda/lib/python3.12/site-packages/olmo_core/nn/transformer/model.py:834: UserWarning: called a synchronizing CUDA operation (Triggered internally at /pytorch/c10/cuda/CUDAFunctions.cpp:162.)
2026-09-15T04:58:28.435Z   flat = (torch.arange(B, device=emb.device)[:, None] * n_docs + cid.clamp(min=0)).reshape(
2026-09-15T04:58:28.435Z 
2026-09-15T04:58:28.435Z [2;36m[2026-09-15 04:58:28][0m [33mWARNING [0m [2m[py.warnings:112, 88377262b50a, rank=0][0m /opt/conda/lib/python3.12/site-packages/olmo_core/nn/transformer/model.py:838: UserWarning: called a synchronizing CUDA operation (Triggered internally at /pytorch/c10/cuda/CUDAFunctions.cpp:162.)
2026-09-15T04:58:28.435Z   0, flat, emb.reshape(B * T, D)[is_ctx.reshape(-1)]
2026-09-15T04:58:28.435Z 
2026-09-15T04:58:28.444Z [2;36m[2026-09-15 04:58:28][0m [33mWARNING [0m [2m[py.warnings:112, 88377262b50a, rank=0][0m /opt/conda/lib/python3.12/site-packages/olmo_core/nn/pooled_soft_token.py:173: UserWarning: called a synchronizing CUDA operation (Triggered internally at /pytorch/c10/cuda/CUDAFunctions.cpp:162.)
2026-09-15T04:58:28.444Z   kept_idx = kept_tok.nonzero(as_tuple=True)[0]
2026-09-15T04:58:28.444Z 
2026-09-15T04:58:28.444Z [2;36m[2026-09-15 04:58:28][0m [33mWARNING [0m [2m[py.warnings:112, 88377262b50a, rank=0][0m /opt/conda/lib/python3.12/site-packages/olmo_core/nn/pooled_soft_token.py:179: UserWarning: called a synchronizing CUDA operation (Triggered internally at /pytorch/c10/cuda/CUDAFunctions.cpp:162.)
2026-09-15T04:58:28.444Z   if is_ctx.any():
2026-09-15T04:58:28.444Z 
2026-09-15T04:58:28.445Z [2;36m[2026-09-15 04:58:28][0m [33mWARNING [0m [2m[py.warnings:112, 88377262b50a, rank=0][0m /opt/conda/lib/python3.12/site-packages/olmo_core/nn/pooled_soft_token.py:180: UserWarning: called a synchronizing CUDA operation (Triggered internally at /pytorch/c10/cuda/CUDAFunctions.cpp:162.)
2026-09-15T04:58:28.445Z   d_ix = c[is_ctx]
2026-09-15T04:58:28.445Z 
2026-09-15T04:58:28.445Z [2;36m[2026-09-15 04:58:28][0m [33mWARNING [0m [2m[py.warnings:112, 88377262b50a, rank=0][0m /opt/conda/lib/python3.12/site-packages/olmo_core/nn/pooled_soft_token.py:181: UserWarning: called a synchronizing CUDA operation (Triggered internally at /pytorch/c10/cuda/CUDAFunctions.cpp:162.)
2026-09-15T04:58:28.445Z   pos_ix = is_ctx.nonzero(as_tuple=True)[0]
2026-09-15T04:58:28.445Z 
2026-09-15T04:58:28.446Z [2;36m[2026-09-15 04:58:28][0m [33mWARNING [0m [2m[py.warnings:112, 88377262b50a, rank=0][0m /opt/conda/lib/python3.12/site-packages/olmo_core/nn/pooled_soft_token.py:186: UserWarning: called a synchronizing CUDA operation (Triggered internally at /pytorch/c10/cuda/CUDAFunctions.cpp:162.)
2026-09-15T04:58:28.446Z   pooled_docs = pooled.nonzero(as_tuple=True)[0]
2026-09-15T04:58:28.446Z 
2026-09-15T04:58:28.447Z [2;36m[2026-09-15 04:58:28][0m [33mWARNING [0m [2m[py.warnings:112, 88377262b50a, rank=0][0m /opt/conda/lib/python3.12/site-packages/olmo_core/nn/pooled_soft_token.py:217: UserWarning: called a synchronizing CUDA operation (Triggered internally at /pytorch/c10/cuda/CUDAFunctions.cpp:162.)
2026-09-15T04:58:28.447Z   doc_len = torch.bincount(c[is_ctx], minlength=n_docs) if is_ctx.any() else torch.zeros(n_docs, dtype=torch.long, device=device)
2026-09-15T04:58:28.447Z 
2026-09-15T04:58:28.447Z [2;36m[2026-09-15 04:58:28][0m [33mWARNING [0m [2m[py.warnings:112, 88377262b50a, rank=0][0m /opt/conda/lib/python3.12/site-packages/olmo_core/nn/pooled_soft_token.py:222: UserWarning: called a synchronizing CUDA operation (Triggered internally at /pytorch/c10/cuda/CUDAFunctions.cpp:162.)
2026-09-15T04:58:28.447Z   soft_cols_b = soft_mask.nonzero(as_tuple=True)[0]
2026-09-15T04:58:28.447Z 
2026-09-15T04:58:28.448Z [2;36m[2026-09-15 04:58:28][0m [33mWARNING [0m [2m[py.warnings:112, 88377262b50a, rank=0][0m /opt/conda/lib/python3.12/site-packages/olmo_core/nn/pooled_soft_token.py:226: UserWarning: called a synchronizing CUDA operation (Triggered internally at /pytorch/c10/cuda/CUDAFunctions.cpp:162.)
2026-09-15T04:58:28.448Z   cols_l = soft_cols_b.tolist()
2026-09-15T04:58:28.448Z 
2026-09-15T04:58:28.448Z [2;36m[2026-09-15 04:58:28][0m [33mWARNING [0m [2m[py.warnings:112, 88377262b50a, rank=0][0m /opt/conda/lib/python3.12/site-packages/olmo_core/nn/pooled_soft_token.py:229: UserWarning: called a synchronizing CUDA operation (Triggered internally at /pytorch/c10/cuda/CUDAFunctions.cpp:162.)
2026-09-15T04:58:28.448Z   soft_docs += docs_b.tolist()
2026-09-15T04:58:28.448Z 
2026-09-15T04:58:28.449Z [2;36m[2026-09-15 04:58:28][0m [33mWARNING [0m [2m[py.warnings:112, 88377262b50a, rank=0][0m /opt/conda/lib/python3.12/site-packages/olmo_core/nn/pooled_soft_token.py:230: UserWarning: called a synchronizing CUDA operation (Triggered internally at /pytorch/c10/cuda/CUDAFunctions.cpp:162.)
2026-09-15T04:58:28.449Z   soft_log_len += lens_b.tolist()
2026-09-15T04:58:28.449Z 
2026-09-15T04:58:28.451Z [2;36m[2026-09-15 04:58:28][0m [33mWARNING [0m [2m[py.warnings:112, 88377262b50a, rank=0][0m /opt/conda/lib/python3.12/site-packages/olmo_core/nn/pooled_soft_token.py:280: UserWarning: called a synchronizing CUDA operation (Triggered internally at /pytorch/c10/cuda/CUDAFunctions.cpp:162.)
2026-09-15T04:58:28.451Z   row_lens[b] = L
2026-09-15T04:58:28.451Z 
2026-09-15T04:58:28.451Z [2;36m[2026-09-15 04:58:28][0m [33mWARNING [0m [2m[py.warnings:112, 88377262b50a, rank=0][0m /opt/conda/lib/python3.12/site-packages/olmo_core/nn/pooled_soft_token.py:297: UserWarning: called a synchronizing CUDA operation (Triggered internally at /pytorch/c10/cuda/CUDAFunctions.cpp:162.)
2026-09-15T04:58:28.451Z   soft_rows=torch.tensor(soft_rows, dtype=torch.long, device=device),
2026-09-15T04:58:28.451Z 
2026-09-15T04:58:28.452Z [2;36m[2026-09-15 04:58:28][0m [33mWARNING [0m [2m[py.warnings:112, 88377262b50a, rank=0][0m /opt/conda/lib/python3.12/site-packages/olmo_core/nn/pooled_soft_token.py:298: UserWarning: called a synchronizing CUDA operation (Triggered internally at /pytorch/c10/cuda/CUDAFunctions.cpp:162.)
2026-09-15T04:58:28.452Z   soft_cols=torch.tensor(soft_cols, dtype=torch.long, device=device),
2026-09-15T04:58:28.452Z 
2026-09-15T04:58:28.452Z [2;36m[2026-09-15 04:58:28][0m [33mWARNING [0m [2m[py.warnings:112, 88377262b50a, rank=0][0m /opt/conda/lib/python3.12/site-packages/olmo_core/nn/pooled_soft_token.py:299: UserWarning: called a synchronizing CUDA operation (Triggered internally at /pytorch/c10/cuda/CUDAFunctions.cpp:162.)
2026-09-15T04:58:28.452Z   soft_docs=torch.tensor(soft_docs, dtype=torch.long, device=device),
2026-09-15T04:58:28.452Z 
2026-09-15T04:58:28.453Z [2;36m[2026-09-15 04:58:28][0m [33mWARNING [0m [2m[py.warnings:112, 88377262b50a, rank=0][0m /opt/conda/lib/python3.12/site-packages/olmo_core/nn/pooled_soft_token.py:301: UserWarning: called a synchronizing CUDA operation (Triggered internally at /pytorch/c10/cuda/CUDAFunctions.cpp:162.)
2026-09-15T04:58:28.453Z   soft_log_len=torch.tensor(soft_log_len, dtype=torch.float32, device=device),
2026-09-15T04:58:28.453Z 
2026-09-15T04:58:28.453Z [2;36m[2026-09-15 04:58:28][0m [33mWARNING [0m [2m[py.warnings:112, 88377262b50a, rank=0][0m /opt/conda/lib/python3.12/site-packages/olmo_core/nn/transformer/model.py:1502: UserWarning: called a synchronizing CUDA operation (Triggered internally at /pytorch/c10/cuda/CUDAFunctions.cpp:162.)
2026-09-15T04:58:28.453Z   kv_grad_mask[cb.soft_rows, cb.soft_cols] = False
2026-09-15T04:58:28.453Z 
2026-09-15T04:58:28.598Z [2;36m[2026-09-15 04:58:28][0m [33mWARNING [0m [2m[py.warnings:112, 88377262b50a, rank=0][0m /opt/conda/lib/python3.12/site-packages/liger_kernel/ops/fused_linear_cross_entropy.py:75: UserWarning: called a synchronizing CUDA operation (Triggered internally at /pytorch/c10/cuda/CUDAFunctions.cpp:162.)
2026-09-15T04:58:28.598Z   total_n_non_ignore = target_mask.sum().item()
2026-09-15T04:58:28.598Z 
2026-09-15T04:58:29.522Z [2;36m[2026-09-15 04:58:29][0m [33mWARNING [0m [2m[py.warnings:112, 88377262b50a, rank=0][0m /opt/conda/lib/python3.12/site-packages/liger_kernel/ops/fused_linear_cross_entropy.py:233: UserWarning: called a synchronizing CUDA operation (Triggered internally at /pytorch/c10/cuda/CUDAFunctions.cpp:162.)
2026-09-15T04:58:29.522Z   if not torch.equal(grad_output, torch.tensor(1.0, device=grad_output.device)):
2026-09-15T04:58:29.522Z 
2026-09-15T04:58:33.782Z [2;36m[2026-09-15 04:58:33][0m [34mINFO    [0m [2m[olmo_core.train.callbacks.console_logger:68, 88377262b50a, rank=0][0m [step=9/61,epoch=1,eta=15m]
2026-09-15T04:58:33.782Z     gpu_memory/GPU active mem (%)=75.57
2026-09-15T04:58:33.782Z     gpu_memory/GPU active mem (GiB)=59.89
2026-09-15T04:58:33.782Z     gpu_memory/GPU reserved mem (%)=80.90
2026-09-15T04:58:33.782Z     gpu_memory/GPU reserved mem (GiB)=64.12
2026-09-15T04:58:33.782Z     optim/LR (group 0)=4.41E-06
2026-09-15T04:58:33.782Z     optim/LR (group 1)=4.41E-06
2026-09-15T04:58:33.782Z     optim/step skipped=0.0
2026-09-15T04:58:33.782Z     optim/total grad norm=3.038
2026-09-15T04:58:33.782Z     throughput/chinchilla multiple=1.40E-05
2026-09-15T04:58:33.782Z     throughput/device/BPS=0.0910
2026-09-15T04:58:33.782Z     throughput/device/BPS (actual avg)=0.0581
2026-09-15T04:58:33.782Z     throughput/device/MFU=43.77
2026-09-15T04:58:33.782Z     throughput/device/MFU (actual avg)=27.93
2026-09-15T04:58:33.782Z     throughput/device/TPS=5,963
2026-09-15T04:58:33.782Z     throughput/device/TPS (actual avg)=3,805
2026-09-15T04:58:33.782Z     throughput/device/flopsPS=136.6T
2026-09-15T04:58:33.782Z     throughput/device/flopsPS (actual avg)=87.14T
2026-09-15T04:58:33.782Z     throughput/total petaflops=27.01
2026-09-15T04:58:33.782Z     throughput/total tokens=1,179,648
2026-09-15T04:58:33.782Z     train/CE loss=0.4263
2026-09-15T04:58:33.782Z     throughput/device/data loading (%)=0.0161
2026-09-15T04:58:33.782Z     throughput/device/data loading (s)=0.0018
2026-09-15T04:58:33.782Z     train/PPL=1.532
2026-09-15T04:58:43.882Z [2;36m[2026-09-15 04:58:43][0m [34mINFO    [0m [2m[olmo_core.train.callbacks.console_logger:68, 88377262b50a, rank=0][0m [step=10/61,epoch=1,eta=14m]
2026-09-15T04:58:43.882Z     gpu_memory/GPU active mem (%)=75.57
2026-09-15T04:58:43.882Z     gpu_memory/GPU active mem (GiB)=59.89
2026-09-15T04:58:43.882Z     gpu_memory/GPU reserved mem (%)=80.90
2026-09-15T04:58:43.882Z     gpu_memory/GPU reserved mem (GiB)=64.12
2026-09-15T04:58:43.882Z     optim/LR (group 0)=4.32E-06
2026-09-15T04:58:43.882Z     optim/LR (group 1)=4.32E-06
2026-09-15T04:58:43.882Z     optim/step skipped=0.0
2026-09-15T04:58:43.882Z     optim/total grad norm=2.255
2026-09-15T04:58:43.882Z     throughput/chinchilla multiple=1.56E-05
2026-09-15T04:58:43.882Z     throughput/device/BPS=0.0990
2026-09-15T04:58:43.882Z     throughput/device/BPS (actual avg)=0.0609
2026-09-15T04:58:43.882Z     throughput/device/MFU=47.61
2026-09-15T04:58:43.882Z     throughput/device/MFU (actual avg)=29.27
2026-09-15T04:58:43.882Z     throughput/device/TPS=6,487
2026-09-15T04:58:43.882Z     throughput/device/TPS (actual avg)=3,988
2026-09-15T04:58:43.882Z     throughput/device/flopsPS=148.6T
2026-09-15T04:58:43.882Z     throughput/device/flopsPS (actual avg)=91.33T
2026-09-15T04:58:43.882Z     throughput/total petaflops=30.01
2026-09-15T04:58:43.882Z     throughput/total tokens=1,310,720
2026-09-15T04:58:43.882Z     train/CE loss=0.4090
2026-09-15T04:58:43.882Z     throughput/device/data loading (%)=0.0177
2026-09-15T04:58:43.882Z     throughput/device/data loading (s)=0.0018
2026-09-15T04:58:43.882Z     train/PPL=1.505
2026-09-15T04:58:59.499Z [2;36m[2026-09-15 04:58:59][0m [33mWARNING [0m [2m[py.warnings:112, 88377262b50a, rank=1][0m /opt/conda/lib/python3.12/site-packages/liger_kernel/ops/fused_linear_cross_entropy.py:75: UserWarning: called a synchronizing CUDA operation (Triggered internally at /pytorch/c10/cuda/CUDAFunctions.cpp:162.)
2026-09-15T04:58:59.499Z   total_n_non_ignore = target_mask.sum().item()
2026-09-15T04:58:59.499Z 
2026-09-15T04:59:00.201Z [2;36m[2026-09-15 04:59:00][0m [33mWARNING [0m [2m[py.warnings:112, 88377262b50a, rank=1][0m /opt/conda/lib/python3.12/site-packages/liger_kernel/ops/fused_linear_cross_entropy.py:233: UserWarning: called a synchronizing CUDA operation (Triggered internally at /pytorch/c10/cuda/CUDAFunctions.cpp:162.)
2026-09-15T04:59:00.201Z   if not torch.equal(grad_output, torch.tensor(1.0, device=grad_output.device)):
2026-09-15T04:59:00.201Z 
2026-09-15T04:59:14.735Z [2;36m[2026-09-15 04:59:14][0m [33mWARNING [0m [2m[py.warnings:112, 88377262b50a, rank=1][0m /opt/conda/lib/python3.12/site-packages/torch/autograd/graph.py:841: UserWarning: called a synchronizing CUDA operation (Triggered internally at /pytorch/c10/cuda/CUDAFunctions.cpp:162.)
2026-09-15T04:59:14.735Z   return Variable._execution_engine.run_backward(  # Calls into the C++ engine to run the backward pass
2026-09-15T04:59:14.735Z 
2026-09-15T04:59:14.736Z [2;36m[2026-09-15 04:59:14][0m [33mWARNING [0m [2m[py.warnings:112, 88377262b50a, rank=1][0m /opt/conda/lib/python3.12/site-packages/torch/distributed/utils.py:106: UserWarning: called a synchronizing CUDA operation (Triggered internally at /pytorch/c10/cuda/CUDAFunctions.cpp:162.)
2026-09-15T04:59:14.736Z   return (obj.to(target_device),)
2026-09-15T04:59:14.736Z 
2026-09-15T04:59:14.745Z [2;36m[2026-09-15 04:59:14][0m [33mWARNING [0m [2m[py.warnings:112, 88377262b50a, rank=1][0m /opt/conda/lib/python3.12/site-packages/olmo_core/nn/transformer/model.py:777: UserWarning: called a synchronizing CUDA operation (Triggered internally at /pytorch/c10/cuda/CUDAFunctions.cpp:162.)
2026-09-15T04:59:14.745Z   n_docs = int(chunk_ids.max().item()) + 1
2026-09-15T04:59:14.745Z 
2026-09-15T04:59:14.754Z [2;36m[2026-09-15 04:59:14][0m [33mWARNING [0m [2m[py.warnings:112, 88377262b50a, rank=1][0m /opt/conda/lib/python3.12/site-packages/olmo_core/nn/transformer/model.py:834: UserWarning: called a synchronizing CUDA operation (Triggered internally at /pytorch/c10/cuda/CUDAFunctions.cpp:162.)
2026-09-15T04:59:14.754Z   flat = (torch.arange(B, device=emb.device)[:, None] * n_docs + cid.clamp(min=0)).reshape(
2026-09-15T04:59:14.754Z 
2026-09-15T04:59:14.755Z [2;36m[2026-09-15 04:59:14][0m [33mWARNING [0m [2m[py.warnings:112, 88377262b50a, rank=1][0m /opt/conda/lib/python3.12/site-packages/olmo_core/nn/transformer/model.py:838: UserWarning: called a synchronizing CUDA operation (Triggered internally at /pytorch/c10/cuda/CUDAFunctions.cpp:162.)
2026-09-15T04:59:14.755Z   0, flat, emb.reshape(B * T, D)[is_ctx.reshape(-1)]
2026-09-15T04:59:14.755Z 
2026-09-15T04:59:14.763Z [2;36m[2026-09-15 04:59:14][0m [33mWARNING [0m [2m[py.warnings:112, 88377262b50a, rank=1][0m /opt/conda/lib/python3.12/site-packages/olmo_core/nn/pooled_soft_token.py:173: UserWarning: called a synchronizing CUDA operation (Triggered internally at /pytorch/c10/cuda/CUDAFunctions.cpp:162.)
2026-09-15T04:59:14.763Z   kept_idx = kept_tok.nonzero(as_tuple=True)[0]
2026-09-15T04:59:14.763Z 
2026-09-15T04:59:14.763Z [2;36m[2026-09-15 04:59:14][0m [33mWARNING [0m [2m[py.warnings:112, 88377262b50a, rank=1][0m /opt/conda/lib/python3.12/site-packages/olmo_core/nn/pooled_soft_token.py:179: UserWarning: called a synchronizing CUDA operation (Triggered internally at /pytorch/c10/cuda/CUDAFunctions.cpp:162.)
2026-09-15T04:59:14.763Z   if is_ctx.any():
2026-09-15T04:59:14.763Z 
2026-09-15T04:59:14.763Z [2;36m[2026-09-15 04:59:14][0m [33mWARNING [0m [2m[py.warnings:112, 88377262b50a, rank=1][0m /opt/conda/lib/python3.12/site-packages/olmo_core/nn/pooled_soft_token.py:180: UserWarning: called a synchronizing CUDA operation (Triggered internally at /pytorch/c10/cuda/CUDAFunctions.cpp:162.)
2026-09-15T04:59:14.763Z   d_ix = c[is_ctx]
2026-09-15T04:59:14.763Z 
2026-09-15T04:59:14.764Z [2;36m[2026-09-15 04:59:14][0m [33mWARNING [0m [2m[py.warnings:112, 88377262b50a, rank=1][0m /opt/conda/lib/python3.12/site-packages/olmo_core/nn/pooled_soft_token.py:181: UserWarning: called a synchronizing CUDA operation (Triggered internally at /pytorch/c10/cuda/CUDAFunctions.cpp:162.)
2026-09-15T04:59:14.764Z   pos_ix = is_ctx.nonzero(as_tuple=True)[0]
2026-09-15T04:59:14.764Z 
2026-09-15T04:59:14.764Z [2;36m[2026-09-15 04:59:14][0m [33mWARNING [0m [2m[py.warnings:112, 88377262b50a, rank=1][0m /opt/conda/lib/python3.12/site-packages/olmo_core/nn/pooled_soft_token.py:186: UserWarning: called a synchronizing CUDA operation (Triggered internally at /pytorch/c10/cuda/CUDAFunctions.cpp:162.)
2026-09-15T04:59:14.764Z   pooled_docs = pooled.nonzero(as_tuple=True)[0]
2026-09-15T04:59:14.764Z 
2026-09-15T04:59:14.765Z [2;36m[2026-09-15 04:59:14][0m [33mWARNING [0m [2m[py.warnings:112, 88377262b50a, rank=1][0m /opt/conda/lib/python3.12/site-packages/olmo_core/nn/pooled_soft_token.py:217: UserWarning: called a synchronizing CUDA operation (Triggered internally at /pytorch/c10/cuda/CUDAFunctions.cpp:162.)
2026-09-15T04:59:14.765Z   doc_len = torch.bincount(c[is_ctx], minlength=n_docs) if is_ctx.any() else torch.zeros(n_docs, dtype=torch.long, device=device)
2026-09-15T04:59:14.765Z 
2026-09-15T04:59:14.766Z [2;36m[2026-09-15 04:59:14][0m [33mWARNING [0m [2m[py.warnings:112, 88377262b50a, rank=1][0m /opt/conda/lib/python3.12/site-packages/olmo_core/nn/pooled_soft_token.py:222: UserWarning: called a synchronizing CUDA operation (Triggered internally at /pytorch/c10/cuda/CUDAFunctions.cpp:162.)
2026-09-15T04:59:14.766Z   soft_cols_b = soft_mask.nonzero(as_tuple=True)[0]
2026-09-15T04:59:14.766Z 
2026-09-15T04:59:14.766Z [2;36m[2026-09-15 04:59:14][0m [33mWARNING [0m [2m[py.warnings:112, 88377262b50a, rank=1][0m /opt/conda/lib/python3.12/site-packages/olmo_core/nn/pooled_soft_token.py:226: UserWarning: called a synchronizing CUDA operation (Triggered internally at /pytorch/c10/cuda/CUDAFunctions.cpp:162.)
2026-09-15T04:59:14.766Z   cols_l = soft_cols_b.tolist()
2026-09-15T04:59:14.766Z 
2026-09-15T04:59:14.766Z [2;36m[2026-09-15 04:59:14][0m [33mWARNING [0m [2m[py.warnings:112, 88377262b50a, rank=1][0m /opt/conda/lib/python3.12/site-packages/olmo_core/nn/pooled_soft_token.py:229: UserWarning: called a synchronizing CUDA operation (Triggered internally at /pytorch/c10/cuda/CUDAFunctions.cpp:162.)
2026-09-15T04:59:14.766Z   soft_docs += docs_b.tolist()
2026-09-15T04:59:14.766Z 
2026-09-15T04:59:14.767Z [2;36m[2026-09-15 04:59:14][0m [33mWARNING [0m [2m[py.warnings:112, 88377262b50a, rank=1][0m /opt/conda/lib/python3.12/site-packages/olmo_core/nn/pooled_soft_token.py:230: UserWarning: called a synchronizing CUDA operation (Triggered internally at /pytorch/c10/cuda/CUDAFunctions.cpp:162.)
2026-09-15T04:59:14.767Z   soft_log_len += lens_b.tolist()
2026-09-15T04:59:14.767Z 
2026-09-15T04:59:14.769Z [2;36m[2026-09-15 04:59:14][0m [33mWARNING [0m [2m[py.warnings:112, 88377262b50a, rank=1][0m /opt/conda/lib/python3.12/site-packages/olmo_core/nn/pooled_soft_token.py:280: UserWarning: called a synchronizing CUDA operation (Triggered internally at /pytorch/c10/cuda/CUDAFunctions.cpp:162.)
2026-09-15T04:59:14.769Z   row_lens[b] = L
2026-09-15T04:59:14.769Z 
2026-09-15T04:59:14.769Z [2;36m[2026-09-15 04:59:14][0m [33mWARNING [0m [2m[py.warnings:112, 88377262b50a, rank=1][0m /opt/conda/lib/python3.12/site-packages/olmo_core/nn/pooled_soft_token.py:297: UserWarning: called a synchronizing CUDA operation (Triggered internally at /pytorch/c10/cuda/CUDAFunctions.cpp:162.)
2026-09-15T04:59:14.769Z   soft_rows=torch.tensor(soft_rows, dtype=torch.long, device=device),
2026-09-15T04:59:14.769Z 
2026-09-15T04:59:14.769Z [2;36m[2026-09-15 04:59:14][0m [33mWARNING [0m [2m[py.warnings:112, 88377262b50a, rank=1][0m /opt/conda/lib/python3.12/site-packages/olmo_core/nn/pooled_soft_token.py:298: UserWarning: called a synchronizing CUDA operation (Triggered internally at /pytorch/c10/cuda/CUDAFunctions.cpp:162.)
2026-09-15T04:59:14.769Z   soft_cols=torch.tensor(soft_cols, dtype=torch.long, device=device),
2026-09-15T04:59:14.769Z 
2026-09-15T04:59:14.770Z [2;36m[2026-09-15 04:59:14][0m [33mWARNING [0m [2m[py.warnings:112, 88377262b50a, rank=1][0m /opt/conda/lib/python3.12/site-packages/olmo_core/nn/pooled_soft_token.py:299: UserWarning: called a synchronizing CUDA operation (Triggered internally at /pytorch/c10/cuda/CUDAFunctions.cpp:162.)
2026-09-15T04:59:14.770Z   soft_docs=torch.tensor(soft_docs, dtype=torch.long, device=device),
2026-09-15T04:59:14.770Z 
2026-09-15T04:59:14.770Z [2;36m[2026-09-15 04:59:14][0m [33mWARNING [0m [2m[py.warnings:112, 88377262b50a, rank=1][0m /opt/conda/lib/python3.12/site-packages/olmo_core/nn/pooled_soft_token.py:301: UserWarning: called a synchronizing CUDA operation (Triggered internally at /pytorch/c10/cuda/CUDAFunctions.cpp:162.)
2026-09-15T04:59:14.770Z   soft_log_len=torch.tensor(soft_log_len, dtype=torch.float32, device=device),
2026-09-15T04:59:14.770Z 
2026-09-15T04:59:14.771Z [2;36m[2026-09-15 04:59:14][0m [33mWARNING [0m [2m[py.warnings:112, 88377262b50a, rank=1][0m /opt/conda/lib/python3.12/site-packages/olmo_core/nn/transformer/model.py:1502: UserWarning: called a synchronizing CUDA operation (Triggered internally at /pytorch/c10/cuda/CUDAFunctions.cpp:162.)
2026-09-15T04:59:14.771Z   kv_grad_mask[cb.soft_rows, cb.soft_cols] = False
2026-09-15T04:59:14.771Z 
2026-09-15T04:59:14.914Z [2;36m[2026-09-15 04:59:14][0m [33mWARNING [0m [2m[py.warnings:112, 88377262b50a, rank=1][0m /opt/conda/lib/python3.12/site-packages/liger_kernel/ops/fused_linear_cross_entropy.py:75: UserWarning: called a synchronizing CUDA operation (Triggered internally at /pytorch/c10/cuda/CUDAFunctions.cpp:162.)
2026-09-15T04:59:14.914Z   total_n_non_ignore = target_mask.sum().item()
2026-09-15T04:59:14.914Z 
2026-09-15T04:59:15.683Z [2;36m[2026-09-15 04:59:15][0m [33mWARNING [0m [2m[py.warnings:112, 88377262b50a, rank=1][0m /opt/conda/lib/python3.12/site-packages/liger_kernel/ops/fused_linear_cross_entropy.py:233: UserWarning: called a synchronizing CUDA operation (Triggered internally at /pytorch/c10/cuda/CUDAFunctions.cpp:162.)
2026-09-15T04:59:15.683Z   if not torch.equal(grad_output, torch.tensor(1.0, device=grad_output.device)):
2026-09-15T04:59:15.683Z 
2026-09-15T04:59:20.119Z [2;36m[2026-09-15 04:59:20][0m [34mINFO    [0m [2m[olmo_core.train.callbacks.console_logger:68, 88377262b50a, rank=0][0m [step=11/61,epoch=1,eta=16m]
2026-09-15T04:59:20.119Z     gpu_memory/GPU active mem (%)=75.57
2026-09-15T04:59:20.119Z     gpu_memory/GPU active mem (GiB)=59.89
2026-09-15T04:59:20.119Z     gpu_memory/GPU reserved mem (%)=80.90
2026-09-15T04:59:20.119Z     gpu_memory/GPU reserved mem (GiB)=64.12
2026-09-15T04:59:20.119Z     optim/LR (group 0)=4.24E-06
2026-09-15T04:59:20.119Z     optim/LR (group 1)=4.24E-06
2026-09-15T04:59:20.119Z     optim/step skipped=0.0
2026-09-15T04:59:20.119Z     optim/total grad norm=2.239
2026-09-15T04:59:20.119Z     throughput/chinchilla multiple=1.71E-05
2026-09-15T04:59:20.119Z     throughput/device/BPS=0.0276
2026-09-15T04:59:20.119Z     throughput/device/BPS (actual avg)=0.0543
2026-09-15T04:59:20.119Z     throughput/device/MFU=13.28
2026-09-15T04:59:20.119Z     throughput/device/MFU (actual avg)=26.13
2026-09-15T04:59:20.119Z     throughput/device/TPS=1,808
2026-09-15T04:59:20.119Z     throughput/device/TPS (actual avg)=3,559
2026-09-15T04:59:20.119Z     throughput/device/flopsPS=41.42T
2026-09-15T04:59:20.119Z     throughput/device/flopsPS (actual avg)=81.51T
2026-09-15T04:59:20.119Z     throughput/total petaflops=33.02
2026-09-15T04:59:20.119Z     throughput/total tokens=1,441,792
2026-09-15T04:59:20.119Z     train/CE loss=0.4093
2026-09-15T04:59:20.119Z     throughput/device/data loading (%)=0.0036
2026-09-15T04:59:20.119Z     throughput/device/data loading (s)=0.0013
2026-09-15T04:59:20.119Z     train/PPL=1.506
2026-09-15T04:59:21.617Z [2;36m[2026-09-15 04:59:21][0m [33mWARNING [0m [2m[py.warnings:112, 88377262b50a, rank=0][0m /opt/conda/lib/python3.12/site-packages/torch/autograd/graph.py:841: UserWarning: called a synchronizing CUDA operation (Triggered internally at /pytorch/c10/cuda/CUDAFunctions.cpp:162.)
2026-09-15T04:59:21.617Z   return Variable._execution_engine.run_backward(  # Calls into the C++ engine to run the backward pass
2026-09-15T04:59:21.617Z 
2026-09-15T04:59:21.620Z [2;36m[2026-09-15 04:59:21][0m [33mWARNING [0m [2m[py.warnings:112, 88377262b50a, rank=0][0m /opt/conda/lib/python3.12/site-packages/torch/distributed/utils.py:106: UserWarning: called a synchronizing CUDA operation (Triggered internally at /pytorch/c10/cuda/CUDAFunctions.cpp:162.)
2026-09-15T04:59:21.620Z   return (obj.to(target_device),)
2026-09-15T04:59:21.620Z 
2026-09-15T04:59:21.627Z [2;36m[2026-09-15 04:59:21][0m [33mWARNING [0m [2m[py.warnings:112, 88377262b50a, rank=0][0m /opt/conda/lib/python3.12/site-packages/olmo_core/nn/transformer/model.py:777: UserWarning: called a synchronizing CUDA operation (Triggered internally at /pytorch/c10/cuda/CUDAFunctions.cpp:162.)
2026-09-15T04:59:21.627Z   n_docs = int(chunk_ids.max().item()) + 1
2026-09-15T04:59:21.628Z 
2026-09-15T04:59:21.637Z [2;36m[2026-09-15 04:59:21][0m [33mWARNING [0m [2m[py.warnings:112, 88377262b50a, rank=0][0m /opt/conda/lib/python3.12/site-packages/olmo_core/nn/transformer/model.py:834: UserWarning: called a synchronizing CUDA operation (Triggered internally at /pytorch/c10/cuda/CUDAFunctions.cpp:162.)
2026-09-15T04:59:21.637Z   flat = (torch.arange(B, device=emb.device)[:, None] * n_docs + cid.clamp(min=0)).reshape(
2026-09-15T04:59:21.637Z 
2026-09-15T04:59:21.637Z [2;36m[2026-09-15 04:59:21][0m [33mWARNING [0m [2m[py.warnings:112, 88377262b50a, rank=0][0m /opt/conda/lib/python3.12/site-packages/olmo_core/nn/transformer/model.py:838: UserWarning: called a synchronizing CUDA operation (Triggered internally at /pytorch/c10/cuda/CUDAFunctions.cpp:162.)
2026-09-15T04:59:21.637Z   0, flat, emb.reshape(B * T, D)[is_ctx.reshape(-1)]
2026-09-15T04:59:21.637Z 
2026-09-15T04:59:21.647Z [2;36m[2026-09-15 04:59:21][0m [33mWARNING [0m [2m[py.warnings:112, 88377262b50a, rank=0][0m /opt/conda/lib/python3.12/site-packages/olmo_core/nn/pooled_soft_token.py:173: UserWarning: called a synchronizing CUDA operation (Triggered internally at /pytorch/c10/cuda/CUDAFunctions.cpp:162.)
2026-09-15T04:59:21.647Z   kept_idx = kept_tok.nonzero(as_tuple=True)[0]
2026-09-15T04:59:21.647Z 
2026-09-15T04:59:21.648Z [2;36m[2026-09-15 04:59:21][0m [33mWARNING [0m [2m[py.warnings:112, 88377262b50a, rank=0][0m /opt/conda/lib/python3.12/site-packages/olmo_core/nn/pooled_soft_token.py:179: UserWarning: called a synchronizing CUDA operation (Triggered internally at /pytorch/c10/cuda/CUDAFunctions.cpp:162.)
2026-09-15T04:59:21.648Z   if is_ctx.any():
2026-09-15T04:59:21.648Z 
2026-09-15T04:59:21.649Z [2;36m[2026-09-15 04:59:21][0m [33mWARNING [0m [2m[py.warnings:112, 88377262b50a, rank=0][0m /opt/conda/lib/python3.12/site-packages/olmo_core/nn/pooled_soft_token.py:180: UserWarning: called a synchronizing CUDA operation (Triggered internally at /pytorch/c10/cuda/CUDAFunctions.cpp:162.)
2026-09-15T04:59:21.649Z   d_ix = c[is_ctx]
2026-09-15T04:59:21.649Z 
2026-09-15T04:59:21.649Z [2;36m[2026-09-15 04:59:21][0m [33mWARNING [0m [2m[py.warnings:112, 88377262b50a, rank=0][0m /opt/conda/lib/python3.12/site-packages/olmo_core/nn/pooled_soft_token.py:181: UserWarning: called a synchronizing CUDA operation (Triggered internally at /pytorch/c10/cuda/CUDAFunctions.cpp:162.)
2026-09-15T04:59:21.649Z   pos_ix = is_ctx.nonzero(as_tuple=True)[0]
2026-09-15T04:59:21.649Z 
2026-09-15T04:59:21.650Z [2;36m[2026-09-15 04:59:21][0m [33mWARNING [0m [2m[py.warnings:112, 88377262b50a, rank=0][0m /opt/conda/lib/python3.12/site-packages/olmo_core/nn/pooled_soft_token.py:186: UserWarning: called a synchronizing CUDA operation (Triggered internally at /pytorch/c10/cuda/CUDAFunctions.cpp:162.)
2026-09-15T04:59:21.650Z   pooled_docs = pooled.nonzero(as_tuple=True)[0]
2026-09-15T04:59:21.650Z 
2026-09-15T04:59:21.651Z [2;36m[2026-09-15 04:59:21][0m [33mWARNING [0m [2m[py.warnings:112, 88377262b50a, rank=0][0m /opt/conda/lib/python3.12/site-packages/olmo_core/nn/pooled_soft_token.py:217: UserWarning: called a synchronizing CUDA operation (Triggered internally at /pytorch/c10/cuda/CUDAFunctions.cpp:162.)
2026-09-15T04:59:21.651Z   doc_len = torch.bincount(c[is_ctx], minlength=n_docs) if is_ctx.any() else torch.zeros(n_docs, dtype=torch.long, device=device)
2026-09-15T04:59:21.651Z 
2026-09-15T04:59:21.652Z [2;36m[2026-09-15 04:59:21][0m [33mWARNING [0m [2m[py.warnings:112, 88377262b50a, rank=0][0m /opt/conda/lib/python3.12/site-packages/olmo_core/nn/pooled_soft_token.py:222: UserWarning: called a synchronizing CUDA operation (Triggered internally at /pytorch/c10/cuda/CUDAFunctions.cpp:162.)
2026-09-15T04:59:21.652Z   soft_cols_b = soft_mask.nonzero(as_tuple=True)[0]
2026-09-15T04:59:21.652Z 
2026-09-15T04:59:21.652Z [2;36m[2026-09-15 04:59:21][0m [33mWARNING [0m [2m[py.warnings:112, 88377262b50a, rank=0][0m /opt/conda/lib/python3.12/site-packages/olmo_core/nn/pooled_soft_token.py:226: UserWarning: called a synchronizing CUDA operation (Triggered internally at /pytorch/c10/cuda/CUDAFunctions.cpp:162.)
2026-09-15T04:59:21.652Z   cols_l = soft_cols_b.tolist()
2026-09-15T04:59:21.652Z 
2026-09-15T04:59:21.652Z [2;36m[2026-09-15 04:59:21][0m [33mWARNING [0m [2m[py.warnings:112, 88377262b50a, rank=0][0m /opt/conda/lib/python3.12/site-packages/olmo_core/nn/pooled_soft_token.py:229: UserWarning: called a synchronizing CUDA operation (Triggered internally at /pytorch/c10/cuda/CUDAFunctions.cpp:162.)
2026-09-15T04:59:21.652Z   soft_docs += docs_b.tolist()
2026-09-15T04:59:21.652Z 
2026-09-15T04:59:21.653Z [2;36m[2026-09-15 04:59:21][0m [33mWARNING [0m [2m[py.warnings:112, 88377262b50a, rank=0][0m /opt/conda/lib/python3.12/site-packages/olmo_core/nn/pooled_soft_token.py:230: UserWarning: called a synchronizing CUDA operation (Triggered internally at /pytorch/c10/cuda/CUDAFunctions.cpp:162.)
2026-09-15T04:59:21.653Z   soft_log_len += lens_b.tolist()
2026-09-15T04:59:21.653Z 
2026-09-15T04:59:21.655Z [2;36m[2026-09-15 04:59:21][0m [33mWARNING [0m [2m[py.warnings:112, 88377262b50a, rank=0][0m /opt/conda/lib/python3.12/site-packages/olmo_core/nn/pooled_soft_token.py:280: UserWarning: called a synchronizing CUDA operation (Triggered internally at /pytorch/c10/cuda/CUDAFunctions.cpp:162.)
2026-09-15T04:59:21.655Z   row_lens[b] = L
2026-09-15T04:59:21.655Z 
2026-09-15T04:59:21.655Z [2;36m[2026-09-15 04:59:21][0m [33mWARNING [0m [2m[py.warnings:112, 88377262b50a, rank=0][0m /opt/conda/lib/python3.12/site-packages/olmo_core/nn/pooled_soft_token.py:297: UserWarning: called a synchronizing CUDA operation (Triggered internally at /pytorch/c10/cuda/CUDAFunctions.cpp:162.)
2026-09-15T04:59:21.655Z   soft_rows=torch.tensor(soft_rows, dtype=torch.long, device=device),
2026-09-15T04:59:21.655Z 
2026-09-15T04:59:21.656Z [2;36m[2026-09-15 04:59:21][0m [33mWARNING [0m [2m[py.warnings:112, 88377262b50a, rank=0][0m /opt/conda/lib/python3.12/site-packages/olmo_core/nn/pooled_soft_token.py:298: UserWarning: called a synchronizing CUDA operation (Triggered internally at /pytorch/c10/cuda/CUDAFunctions.cpp:162.)
2026-09-15T04:59:21.656Z   soft_cols=torch.tensor(soft_cols, dtype=torch.long, device=device),
2026-09-15T04:59:21.656Z 
2026-09-15T04:59:21.656Z [2;36m[2026-09-15 04:59:21][0m [33mWARNING [0m [2m[py.warnings:112, 88377262b50a, rank=0][0m /opt/conda/lib/python3.12/site-packages/olmo_core/nn/pooled_soft_token.py:299: UserWarning: called a synchronizing CUDA operation (Triggered internally at /pytorch/c10/cuda/CUDAFunctions.cpp:162.)
2026-09-15T04:59:21.656Z   soft_docs=torch.tensor(soft_docs, dtype=torch.long, device=device),
2026-09-15T04:59:21.656Z 
2026-09-15T04:59:21.657Z [2;36m[2026-09-15 04:59:21][0m [33mWARNING [0m [2m[py.warnings:112, 88377262b50a, rank=0][0m /opt/conda/lib/python3.12/site-packages/olmo_core/nn/pooled_soft_token.py:301: UserWarning: called a synchronizing CUDA operation (Triggered internally at /pytorch/c10/cuda/CUDAFunctions.cpp:162.)
2026-09-15T04:59:21.657Z   soft_log_len=torch.tensor(soft_log_len, dtype=torch.float32, device=device),
2026-09-15T04:59:21.657Z 
2026-09-15T04:59:21.657Z [2;36m[2026-09-15 04:59:21][0m [33mWARNING [0m [2m[py.warnings:112, 88377262b50a, rank=0][0m /opt/conda/lib/python3.12/site-packages/olmo_core/nn/transformer/model.py:1502: UserWarning: called a synchronizing CUDA operation (Triggered internally at /pytorch/c10/cuda/CUDAFunctions.cpp:162.)
2026-09-15T04:59:21.657Z   kv_grad_mask[cb.soft_rows, cb.soft_cols] = False
2026-09-15T04:59:21.657Z 
2026-09-15T04:59:21.802Z [2;36m[2026-09-15 04:59:21][0m [33mWARNING [0m [2m[py.warnings:112, 88377262b50a, rank=0][0m /opt/conda/lib/python3.12/site-packages/liger_kernel/ops/fused_linear_cross_entropy.py:75: UserWarning: called a synchronizing CUDA operation (Triggered internally at /pytorch/c10/cuda/CUDAFunctions.cpp:162.)
2026-09-15T04:59:21.802Z   total_n_non_ignore = target_mask.sum().item()
2026-09-15T04:59:21.802Z 
2026-09-15T04:59:22.610Z [2;36m[2026-09-15 04:59:22][0m [33mWARNING [0m [2m[py.warnings:112, 88377262b50a, rank=0][0m /opt/conda/lib/python3.12/site-packages/liger_kernel/ops/fused_linear_cross_entropy.py:233: UserWarning: called a synchronizing CUDA operation (Triggered internally at /pytorch/c10/cuda/CUDAFunctions.cpp:162.)
2026-09-15T04:59:22.610Z   if not torch.equal(grad_output, torch.tensor(1.0, device=grad_output.device)):
2026-09-15T04:59:22.610Z 
2026-09-15T04:59:29.849Z [2;36m[2026-09-15 04:59:29][0m [33mWARNING [0m [2m[py.warnings:112, 88377262b50a, rank=1][0m /opt/conda/lib/python3.12/site-packages/torch/autograd/graph.py:841: UserWarning: called a synchronizing CUDA operation (Triggered internally at /pytorch/c10/cuda/CUDAFunctions.cpp:162.)
2026-09-15T04:59:29.849Z   return Variable._execution_engine.run_backward(  # Calls into the C++ engine to run the backward pass
2026-09-15T04:59:29.849Z 
2026-09-15T04:59:29.853Z [2;36m[2026-09-15 04:59:29][0m [33mWARNING [0m [2m[py.warnings:112, 88377262b50a, rank=1][0m /opt/conda/lib/python3.12/site-packages/torch/distributed/utils.py:106: UserWarning: called a synchronizing CUDA operation (Triggered internally at /pytorch/c10/cuda/CUDAFunctions.cpp:162.)
2026-09-15T04:59:29.853Z   return (obj.to(target_device),)
2026-09-15T04:59:29.853Z 
2026-09-15T04:59:29.862Z [2;36m[2026-09-15 04:59:29][0m [33mWARNING [0m [2m[py.warnings:112, 88377262b50a, rank=1][0m /opt/conda/lib/python3.12/site-packages/olmo_core/nn/transformer/model.py:777: UserWarning: called a synchronizing CUDA operation (Triggered internally at /pytorch/c10/cuda/CUDAFunctions.cpp:162.)
2026-09-15T04:59:29.862Z   n_docs = int(chunk_ids.max().item()) + 1
2026-09-15T04:59:29.862Z 
2026-09-15T04:59:29.871Z [2;36m[2026-09-15 04:59:29][0m [33mWARNING [0m [2m[py.warnings:112, 88377262b50a, rank=1][0m /opt/conda/lib/python3.12/site-packages/olmo_core/nn/transformer/model.py:834: UserWarning: called a synchronizing CUDA operation (Triggered internally at /pytorch/c10/cuda/CUDAFunctions.cpp:162.)
2026-09-15T04:59:29.871Z   flat = (torch.arange(B, device=emb.device)[:, None] * n_docs + cid.clamp(min=0)).reshape(
2026-09-15T04:59:29.871Z 
2026-09-15T04:59:29.871Z [2;36m[2026-09-15 04:59:29][0m [33mWARNING [0m [2m[py.warnings:112, 88377262b50a, rank=1][0m /opt/conda/lib/python3.12/site-packages/olmo_core/nn/transformer/model.py:838: UserWarning: called a synchronizing CUDA operation (Triggered internally at /pytorch/c10/cuda/CUDAFunctions.cpp:162.)
2026-09-15T04:59:29.871Z   0, flat, emb.reshape(B * T, D)[is_ctx.reshape(-1)]
2026-09-15T04:59:29.871Z 
2026-09-15T04:59:29.880Z [2;36m[2026-09-15 04:59:29][0m [33mWARNING [0m [2m[py.warnings:112, 88377262b50a, rank=1][0m /opt/conda/lib/python3.12/site-packages/olmo_core/nn/pooled_soft_token.py:173: UserWarning: called a synchronizing CUDA operation (Triggered internally at /pytorch/c10/cuda/CUDAFunctions.cpp:162.)
2026-09-15T04:59:29.880Z   kept_idx = kept_tok.nonzero(as_tuple=True)[0]
2026-09-15T04:59:29.880Z 
2026-09-15T04:59:29.880Z [2;36m[2026-09-15 04:59:29][0m [33mWARNING [0m [2m[py.warnings:112, 88377262b50a, rank=1][0m /opt/conda/lib/python3.12/site-packages/olmo_core/nn/pooled_soft_token.py:179: UserWarning: called a synchronizing CUDA operation (Triggered internally at /pytorch/c10/cuda/CUDAFunctions.cpp:162.)
2026-09-15T04:59:29.880Z   if is_ctx.any():
2026-09-15T04:59:29.880Z 
2026-09-15T04:59:29.881Z [2;36m[2026-09-15 04:59:29][0m [33mWARNING [0m [2m[py.warnings:112, 88377262b50a, rank=1][0m /opt/conda/lib/python3.12/site-packages/olmo_core/nn/pooled_soft_token.py:180: UserWarning: called a synchronizing CUDA operation (Triggered internally at /pytorch/c10/cuda/CUDAFunctions.cpp:162.)
2026-09-15T04:59:29.881Z   d_ix = c[is_ctx]
2026-09-15T04:59:29.881Z 
2026-09-15T04:59:29.881Z [2;36m[2026-09-15 04:59:29][0m [33mWARNING [0m [2m[py.warnings:112, 88377262b50a, rank=1][0m /opt/conda/lib/python3.12/site-packages/olmo_core/nn/pooled_soft_token.py:181: UserWarning: called a synchronizing CUDA operation (Triggered internally at /pytorch/c10/cuda/CUDAFunctions.cpp:162.)
2026-09-15T04:59:29.881Z   pos_ix = is_ctx.nonzero(as_tuple=True)[0]
2026-09-15T04:59:29.881Z 
2026-09-15T04:59:29.881Z [2;36m[2026-09-15 04:59:29][0m [33mWARNING [0m [2m[py.warnings:112, 88377262b50a, rank=1][0m /opt/conda/lib/python3.12/site-packages/olmo_core/nn/pooled_soft_token.py:186: UserWarning: called a synchronizing CUDA operation (Triggered internally at /pytorch/c10/cuda/CUDAFunctions.cpp:162.)
2026-09-15T04:59:29.881Z   pooled_docs = pooled.nonzero(as_tuple=True)[0]
2026-09-15T04:59:29.881Z 
2026-09-15T04:59:29.882Z [2;36m[2026-09-15 04:59:29][0m [33mWARNING [0m [2m[py.warnings:112, 88377262b50a, rank=1][0m /opt/conda/lib/python3.12/site-packages/olmo_core/nn/pooled_soft_token.py:217: UserWarning: called a synchronizing CUDA operation (Triggered internally at /pytorch/c10/cuda/CUDAFunctions.cpp:162.)
2026-09-15T04:59:29.882Z   doc_len = torch.bincount(c[is_ctx], minlength=n_docs) if is_ctx.any() else torch.zeros(n_docs, dtype=torch.long, device=device)
2026-09-15T04:59:29.882Z 
2026-09-15T04:59:29.883Z [2;36m[2026-09-15 04:59:29][0m [33mWARNING [0m [2m[py.warnings:112, 88377262b50a, rank=1][0m /opt/conda/lib/python3.12/site-packages/olmo_core/nn/pooled_soft_token.py:222: UserWarning: called a synchronizing CUDA operation (Triggered internally at /pytorch/c10/cuda/CUDAFunctions.cpp:162.)
2026-09-15T04:59:29.883Z   soft_cols_b = soft_mask.nonzero(as_tuple=True)[0]
2026-09-15T04:59:29.883Z 
2026-09-15T04:59:29.883Z [2;36m[2026-09-15 04:59:29][0m [33mWARNING [0m [2m[py.warnings:112, 88377262b50a, rank=1][0m /opt/conda/lib/python3.12/site-packages/olmo_core/nn/pooled_soft_token.py:226: UserWarning: called a synchronizing CUDA operation (Triggered internally at /pytorch/c10/cuda/CUDAFunctions.cpp:162.)
2026-09-15T04:59:29.883Z   cols_l = soft_cols_b.tolist()
2026-09-15T04:59:29.883Z 
2026-09-15T04:59:29.883Z [2;36m[2026-09-15 04:59:29][0m [33mWARNING [0m [2m[py.warnings:112, 88377262b50a, rank=1][0m /opt/conda/lib/python3.12/site-packages/olmo_core/nn/pooled_soft_token.py:229: UserWarning: called a synchronizing CUDA operation (Triggered internally at /pytorch/c10/cuda/CUDAFunctions.cpp:162.)
2026-09-15T04:59:29.883Z   soft_docs += docs_b.tolist()
2026-09-15T04:59:29.883Z 
2026-09-15T04:59:29.884Z [2;36m[2026-09-15 04:59:29][0m [33mWARNING [0m [2m[py.warnings:112, 88377262b50a, rank=1][0m /opt/conda/lib/python3.12/site-packages/olmo_core/nn/pooled_soft_token.py:230: UserWarning: called a synchronizing CUDA operation (Triggered internally at /pytorch/c10/cuda/CUDAFunctions.cpp:162.)
2026-09-15T04:59:29.884Z   soft_log_len += lens_b.tolist()
2026-09-15T04:59:29.884Z 
2026-09-15T04:59:29.885Z [2;36m[2026-09-15 04:59:29][0m [33mWARNING [0m [2m[py.warnings:112, 88377262b50a, rank=1][0m /opt/conda/lib/python3.12/site-packages/olmo_core/nn/pooled_soft_token.py:280: UserWarning: called a synchronizing CUDA operation (Triggered internally at /pytorch/c10/cuda/CUDAFunctions.cpp:162.)
2026-09-15T04:59:29.886Z   row_lens[b] = L
2026-09-15T04:59:29.886Z 
2026-09-15T04:59:29.886Z [2;36m[2026-09-15 04:59:29][0m [33mWARNING [0m [2m[py.warnings:112, 88377262b50a, rank=1][0m /opt/conda/lib/python3.12/site-packages/olmo_core/nn/pooled_soft_token.py:297: UserWarning: called a synchronizing CUDA operation (Triggered internally at /pytorch/c10/cuda/CUDAFunctions.cpp:162.)
2026-09-15T04:59:29.886Z   soft_rows=torch.tensor(soft_rows, dtype=torch.long, device=device),
2026-09-15T04:59:29.886Z 
2026-09-15T04:59:29.886Z [2;36m[2026-09-15 04:59:29][0m [33mWARNING [0m [2m[py.warnings:112, 88377262b50a, rank=1][0m /opt/conda/lib/python3.12/site-packages/olmo_core/nn/pooled_soft_token.py:298: UserWarning: called a synchronizing CUDA operation (Triggered internally at /pytorch/c10/cuda/CUDAFunctions.cpp:162.)
2026-09-15T04:59:29.886Z   soft_cols=torch.tensor(soft_cols, dtype=torch.long, device=device),
2026-09-15T04:59:29.886Z 
2026-09-15T04:59:29.887Z [2;36m[2026-09-15 04:59:29][0m [33mWARNING [0m [2m[py.warnings:112, 88377262b50a, rank=1][0m /opt/conda/lib/python3.12/site-packages/olmo_core/nn/pooled_soft_token.py:299: UserWarning: called a synchronizing CUDA operation (Triggered internally at /pytorch/c10/cuda/CUDAFunctions.cpp:162.)
2026-09-15T04:59:29.887Z   soft_docs=torch.tensor(soft_docs, dtype=torch.long, device=device),
2026-09-15T04:59:29.887Z 
2026-09-15T04:59:29.887Z [2;36m[2026-09-15 04:59:29][0m [33mWARNING [0m [2m[py.warnings:112, 88377262b50a, rank=1][0m /opt/conda/lib/python3.12/site-packages/olmo_core/nn/pooled_soft_token.py:301: UserWarning: called a synchronizing CUDA operation (Triggered internally at /pytorch/c10/cuda/CUDAFunctions.cpp:162.)
2026-09-15T04:59:29.887Z   soft_log_len=torch.tensor(soft_log_len, dtype=torch.float32, device=device),
2026-09-15T04:59:29.887Z 
2026-09-15T04:59:29.887Z [2;36m[2026-09-15 04:59:29][0m [33mWARNING [0m [2m[py.warnings:112, 88377262b50a, rank=1][0m /opt/conda/lib/python3.12/site-packages/olmo_core/nn/transformer/model.py:1502: UserWarning: called a synchronizing CUDA operation (Triggered internally at /pytorch/c10/cuda/CUDAFunctions.cpp:162.)
2026-09-15T04:59:29.887Z   kv_grad_mask[cb.soft_rows, cb.soft_cols] = False
2026-09-15T04:59:29.887Z 
2026-09-15T04:59:30.027Z [2;36m[2026-09-15 04:59:30][0m [33mWARNING [0m [2m[py.warnings:112, 88377262b50a, rank=1][0m /opt/conda/lib/python3.12/site-packages/liger_kernel/ops/fused_linear_cross_entropy.py:75: UserWarning: called a synchronizing CUDA operation (Triggered internally at /pytorch/c10/cuda/CUDAFunctions.cpp:162.)
2026-09-15T04:59:30.027Z   total_n_non_ignore = target_mask.sum().item()
2026-09-15T04:59:30.027Z 
2026-09-15T04:59:30.984Z [2;36m[2026-09-15 04:59:30][0m [33mWARNING [0m [2m[py.warnings:112, 88377262b50a, rank=1][0m /opt/conda/lib/python3.12/site-packages/liger_kernel/ops/fused_linear_cross_entropy.py:233: UserWarning: called a synchronizing CUDA operation (Triggered internally at /pytorch/c10/cuda/CUDAFunctions.cpp:162.)
2026-09-15T04:59:30.984Z   if not torch.equal(grad_output, torch.tensor(1.0, device=grad_output.device)):
2026-09-15T04:59:30.984Z 
2026-09-15T04:59:31.564Z [2;36m[2026-09-15 04:59:31][0m [34mINFO    [0m [2m[olmo_core.train.callbacks.console_logger:68, 88377262b50a, rank=0][0m [step=12/61,epoch=1,eta=15m]
2026-09-15T04:59:31.564Z     gpu_memory/GPU active mem (%)=75.57
2026-09-15T04:59:31.564Z     gpu_memory/GPU active mem (GiB)=59.89
2026-09-15T04:59:31.564Z     gpu_memory/GPU reserved mem (%)=80.90
2026-09-15T04:59:31.564Z     gpu_memory/GPU reserved mem (GiB)=64.12
2026-09-15T04:59:31.564Z     optim/LR (group 0)=4.15E-06
2026-09-15T04:59:31.564Z     optim/LR (group 1)=4.15E-06
2026-09-15T04:59:31.564Z     optim/step skipped=0.0
2026-09-15T04:59:31.564Z     optim/total grad norm=2.962
2026-09-15T04:59:31.564Z     throughput/chinchilla multiple=1.87E-05
2026-09-15T04:59:31.564Z     throughput/device/BPS=0.0874
2026-09-15T04:59:31.564Z     throughput/device/BPS (actual avg)=0.0562
2026-09-15T04:59:31.564Z     throughput/device/MFU=42.02
2026-09-15T04:59:31.564Z     throughput/device/MFU (actual avg)=27.06
2026-09-15T04:59:31.564Z     throughput/device/TPS=5,724
2026-09-15T04:59:31.564Z     throughput/device/TPS (actual avg)=3,686
2026-09-15T04:59:31.564Z     throughput/device/flopsPS=131.1T
2026-09-15T04:59:31.564Z     throughput/device/flopsPS (actual avg)=84.41T
2026-09-15T04:59:31.564Z     throughput/total petaflops=36.02
2026-09-15T04:59:31.564Z     throughput/total tokens=1,572,864
2026-09-15T04:59:31.564Z     train/CE loss=0.4171
2026-09-15T04:59:31.564Z     throughput/device/data loading (%)=0.0182
2026-09-15T04:59:31.564Z     throughput/device/data loading (s)=0.0021
2026-09-15T04:59:31.564Z     train/PPL=1.518
2026-09-15T04:59:42.141Z [2;36m[2026-09-15 04:59:42][0m [34mINFO    [0m [2m[olmo_core.train.callbacks.console_logger:68, 88377262b50a, rank=0][0m [step=13/61,epoch=1,eta=14m]
2026-09-15T04:59:42.141Z     gpu_memory/GPU active mem (%)=75.57
2026-09-15T04:59:42.141Z     gpu_memory/GPU active mem (GiB)=59.89
2026-09-15T04:59:42.141Z     gpu_memory/GPU reserved mem (%)=80.90
2026-09-15T04:59:42.141Z     gpu_memory/GPU reserved mem (GiB)=64.12
2026-09-15T04:59:42.141Z     optim/LR (group 0)=4.07E-06
2026-09-15T04:59:42.141Z     optim/LR (group 1)=4.07E-06
2026-09-15T04:59:42.141Z     optim/step skipped=0.0
2026-09-15T04:59:42.141Z     optim/total grad norm=2.438
2026-09-15T04:59:42.141Z     throughput/chinchilla multiple=2.03E-05
2026-09-15T04:59:42.141Z     throughput/device/BPS=0.0946
2026-09-15T04:59:42.141Z     throughput/device/BPS (actual avg)=0.0582
2026-09-15T04:59:42.141Z     throughput/device/MFU=45.48
2026-09-15T04:59:42.141Z     throughput/device/MFU (actual avg)=28.00
2026-09-15T04:59:42.141Z     throughput/device/TPS=6,196
2026-09-15T04:59:42.141Z     throughput/device/TPS (actual avg)=3,815
2026-09-15T04:59:42.141Z     throughput/device/flopsPS=141.9T
2026-09-15T04:59:42.141Z     throughput/device/flopsPS (actual avg)=87.36T
2026-09-15T04:59:42.141Z     throughput/total petaflops=39.02
2026-09-15T04:59:42.141Z     throughput/total tokens=1,703,936
2026-09-15T04:59:42.141Z     train/CE loss=0.3991
2026-09-15T04:59:42.141Z     throughput/device/data loading (%)=0.0138
2026-09-15T04:59:42.141Z     throughput/device/data loading (s)=0.0015
2026-09-15T04:59:42.141Z     train/PPL=1.490
2026-09-15T04:59:43.473Z [2;36m[2026-09-15 04:59:43][0m [33mWARNING [0m [2m[py.warnings:112, 88377262b50a, rank=1][0m /opt/conda/lib/python3.12/site-packages/torch/autograd/graph.py:841: UserWarning: called a synchronizing CUDA operation (Triggered internally at /pytorch/c10/cuda/CUDAFunctions.cpp:162.)
2026-09-15T04:59:43.473Z   return Variable._execution_engine.run_backward(  # Calls into the C++ engine to run the backward pass
2026-09-15T04:59:43.473Z 
2026-09-15T04:59:43.477Z [2;36m[2026-09-15 04:59:43][0m [33mWARNING [0m [2m[py.warnings:112, 88377262b50a, rank=1][0m /opt/conda/lib/python3.12/site-packages/torch/distributed/utils.py:106: UserWarning: called a synchronizing CUDA operation (Triggered internally at /pytorch/c10/cuda/CUDAFunctions.cpp:162.)
2026-09-15T04:59:43.477Z   return (obj.to(target_device),)
2026-09-15T04:59:43.477Z 
2026-09-15T04:59:43.484Z [2;36m[2026-09-15 04:59:43][0m [33mWARNING [0m [2m[py.warnings:112, 88377262b50a, rank=1][0m /opt/conda/lib/python3.12/site-packages/olmo_core/nn/transformer/model.py:777: UserWarning: called a synchronizing CUDA operation (Triggered internally at /pytorch/c10/cuda/CUDAFunctions.cpp:162.)
2026-09-15T04:59:43.484Z   n_docs = int(chunk_ids.max().item()) + 1
2026-09-15T04:59:43.484Z 
2026-09-15T04:59:43.493Z [2;36m[2026-09-15 04:59:43][0m [33mWARNING [0m [2m[py.warnings:112, 88377262b50a, rank=1][0m /opt/conda/lib/python3.12/site-packages/olmo_core/nn/transformer/model.py:834: UserWarning: called a synchronizing CUDA operation (Triggered internally at /pytorch/c10/cuda/CUDAFunctions.cpp:162.)
2026-09-15T04:59:43.493Z   flat = (torch.arange(B, device=emb.device)[:, None] * n_docs + cid.clamp(min=0)).reshape(
2026-09-15T04:59:43.493Z 
2026-09-15T04:59:43.493Z [2;36m[2026-09-15 04:59:43][0m [33mWARNING [0m [2m[py.warnings:112, 88377262b50a, rank=1][0m /opt/conda/lib/python3.12/site-packages/olmo_core/nn/transformer/model.py:838: UserWarning: called a synchronizing CUDA operation (Triggered internally at /pytorch/c10/cuda/CUDAFunctions.cpp:162.)
2026-09-15T04:59:43.493Z   0, flat, emb.reshape(B * T, D)[is_ctx.reshape(-1)]
2026-09-15T04:59:43.493Z 
2026-09-15T04:59:43.501Z [2;36m[2026-09-15 04:59:43][0m [33mWARNING [0m [2m[py.warnings:112, 88377262b50a, rank=1][0m /opt/conda/lib/python3.12/site-packages/olmo_core/nn/pooled_soft_token.py:173: UserWarning: called a synchronizing CUDA operation (Triggered internally at /pytorch/c10/cuda/CUDAFunctions.cpp:162.)
2026-09-15T04:59:43.501Z   kept_idx = kept_tok.nonzero(as_tuple=True)[0]
2026-09-15T04:59:43.501Z 
2026-09-15T04:59:43.502Z [2;36m[2026-09-15 04:59:43][0m [33mWARNING [0m [2m[py.warnings:112, 88377262b50a, rank=1][0m /opt/conda/lib/python3.12/site-packages/olmo_core/nn/pooled_soft_token.py:179: UserWarning: called a synchronizing CUDA operation (Triggered internally at /pytorch/c10/cuda/CUDAFunctions.cpp:162.)
2026-09-15T04:59:43.502Z   if is_ctx.any():
2026-09-15T04:59:43.502Z 
2026-09-15T04:59:43.502Z [2;36m[2026-09-15 04:59:43][0m [33mWARNING [0m [2m[py.warnings:112, 88377262b50a, rank=1][0m /opt/conda/lib/python3.12/site-packages/olmo_core/nn/pooled_soft_token.py:180: UserWarning: called a synchronizing CUDA operation (Triggered internally at /pytorch/c10/cuda/CUDAFunctions.cpp:162.)
2026-09-15T04:59:43.502Z   d_ix = c[is_ctx]
2026-09-15T04:59:43.502Z 
2026-09-15T04:59:43.503Z [2;36m[2026-09-15 04:59:43][0m [33mWARNING [0m [2m[py.warnings:112, 88377262b50a, rank=1][0m /opt/conda/lib/python3.12/site-packages/olmo_core/nn/pooled_soft_token.py:181: UserWarning: called a synchronizing CUDA operation (Triggered internally at /pytorch/c10/cuda/CUDAFunctions.cpp:162.)
2026-09-15T04:59:43.503Z   pos_ix = is_ctx.nonzero(as_tuple=True)[0]
2026-09-15T04:59:43.503Z 
2026-09-15T04:59:43.503Z [2;36m[2026-09-15 04:59:43][0m [33mWARNING [0m [2m[py.warnings:112, 88377262b50a, rank=1][0m /opt/conda/lib/python3.12/site-packages/olmo_core/nn/pooled_soft_token.py:186: UserWarning: called a synchronizing CUDA operation (Triggered internally at /pytorch/c10/cuda/CUDAFunctions.cpp:162.)
2026-09-15T04:59:43.503Z   pooled_docs = pooled.nonzero(as_tuple=True)[0]
2026-09-15T04:59:43.503Z 
2026-09-15T04:59:43.504Z [2;36m[2026-09-15 04:59:43][0m [33mWARNING [0m [2m[py.warnings:112, 88377262b50a, rank=1][0m /opt/conda/lib/python3.12/site-packages/olmo_core/nn/pooled_soft_token.py:217: UserWarning: called a synchronizing CUDA operation (Triggered internally at /pytorch/c10/cuda/CUDAFunctions.cpp:162.)
2026-09-15T04:59:43.504Z   doc_len = torch.bincount(c[is_ctx], minlength=n_docs) if is_ctx.any() else torch.zeros(n_docs, dtype=torch.long, device=device)
2026-09-15T04:59:43.504Z 
2026-09-15T04:59:43.504Z [2;36m[2026-09-15 04:59:43][0m [33mWARNING [0m [2m[py.warnings:112, 88377262b50a, rank=1][0m /opt/conda/lib/python3.12/site-packages/olmo_core/nn/pooled_soft_token.py:222: UserWarning: called a synchronizing CUDA operation (Triggered internally at /pytorch/c10/cuda/CUDAFunctions.cpp:162.)
2026-09-15T04:59:43.504Z   soft_cols_b = soft_mask.nonzero(as_tuple=True)[0]
2026-09-15T04:59:43.504Z 
2026-09-15T04:59:43.505Z [2;36m[2026-09-15 04:59:43][0m [33mWARNING [0m [2m[py.warnings:112, 88377262b50a, rank=1][0m /opt/conda/lib/python3.12/site-packages/olmo_core/nn/pooled_soft_token.py:226: UserWarning: called a synchronizing CUDA operation (Triggered internally at /pytorch/c10/cuda/CUDAFunctions.cpp:162.)
2026-09-15T04:59:43.505Z   cols_l = soft_cols_b.tolist()
2026-09-15T04:59:43.505Z 
2026-09-15T04:59:43.505Z [2;36m[2026-09-15 04:59:43][0m [33mWARNING [0m [2m[py.warnings:112, 88377262b50a, rank=1][0m /opt/conda/lib/python3.12/site-packages/olmo_core/nn/pooled_soft_token.py:229: UserWarning: called a synchronizing CUDA operation (Triggered internally at /pytorch/c10/cuda/CUDAFunctions.cpp:162.)
2026-09-15T04:59:43.505Z   soft_docs += docs_b.tolist()
2026-09-15T04:59:43.505Z 
2026-09-15T04:59:43.505Z [2;36m[2026-09-15 04:59:43][0m [33mWARNING [0m [2m[py.warnings:112, 88377262b50a, rank=1][0m /opt/conda/lib/python3.12/site-packages/olmo_core/nn/pooled_soft_token.py:230: UserWarning: called a synchronizing CUDA operation (Triggered internally at /pytorch/c10/cuda/CUDAFunctions.cpp:162.)
2026-09-15T04:59:43.505Z   soft_log_len += lens_b.tolist()
2026-09-15T04:59:43.505Z 
2026-09-15T04:59:43.507Z [2;36m[2026-09-15 04:59:43][0m [33mWARNING [0m [2m[py.warnings:112, 88377262b50a, rank=1][0m /opt/conda/lib/python3.12/site-packages/olmo_core/nn/pooled_soft_token.py:280: UserWarning: called a synchronizing CUDA operation (Triggered internally at /pytorch/c10/cuda/CUDAFunctions.cpp:162.)
2026-09-15T04:59:43.507Z   row_lens[b] = L
2026-09-15T04:59:43.507Z 
2026-09-15T04:59:43.508Z [2;36m[2026-09-15 04:59:43][0m [33mWARNING [0m [2m[py.warnings:112, 88377262b50a, rank=1][0m /opt/conda/lib/python3.12/site-packages/olmo_core/nn/pooled_soft_token.py:297: UserWarning: called a synchronizing CUDA operation (Triggered internally at /pytorch/c10/cuda/CUDAFunctions.cpp:162.)
2026-09-15T04:59:43.508Z   soft_rows=torch.tensor(soft_rows, dtype=torch.long, device=device),
2026-09-15T04:59:43.508Z 
2026-09-15T04:59:43.508Z [2;36m[2026-09-15 04:59:43][0m [33mWARNING [0m [2m[py.warnings:112, 88377262b50a, rank=1][0m /opt/conda/lib/python3.12/site-packages/olmo_core/nn/pooled_soft_token.py:298: UserWarning: called a synchronizing CUDA operation (Triggered internally at /pytorch/c10/cuda/CUDAFunctions.cpp:162.)
2026-09-15T04:59:43.508Z   soft_cols=torch.tensor(soft_cols, dtype=torch.long, device=device),
2026-09-15T04:59:43.508Z 
2026-09-15T04:59:43.508Z [2;36m[2026-09-15 04:59:43][0m [33mWARNING [0m [2m[py.warnings:112, 88377262b50a, rank=1][0m /opt/conda/lib/python3.12/site-packages/olmo_core/nn/pooled_soft_token.py:299: UserWarning: called a synchronizing CUDA operation (Triggered internally at /pytorch/c10/cuda/CUDAFunctions.cpp:162.)
2026-09-15T04:59:43.508Z   soft_docs=torch.tensor(soft_docs, dtype=torch.long, device=device),
2026-09-15T04:59:43.508Z 
2026-09-15T04:59:43.509Z [2;36m[2026-09-15 04:59:43][0m [33mWARNING [0m [2m[py.warnings:112, 88377262b50a, rank=1][0m /opt/conda/lib/python3.12/site-packages/olmo_core/nn/pooled_soft_token.py:301: UserWarning: called a synchronizing CUDA operation (Triggered internally at /pytorch/c10/cuda/CUDAFunctions.cpp:162.)
2026-09-15T04:59:43.509Z   soft_log_len=torch.tensor(soft_log_len, dtype=torch.float32, device=device),
2026-09-15T04:59:43.509Z 
2026-09-15T04:59:43.509Z [2;36m[2026-09-15 04:59:43][0m [33mWARNING [0m [2m[py.warnings:112, 88377262b50a, rank=1][0m /opt/conda/lib/python3.12/site-packages/olmo_core/nn/transformer/model.py:1502: UserWarning: called a synchronizing CUDA operation (Triggered internally at /pytorch/c10/cuda/CUDAFunctions.cpp:162.)
2026-09-15T04:59:43.509Z   kv_grad_mask[cb.soft_rows, cb.soft_cols] = False
2026-09-15T04:59:43.509Z 
2026-09-15T04:59:43.654Z [2;36m[2026-09-15 04:59:43][0m [33mWARNING [0m [2m[py.warnings:112, 88377262b50a, rank=1][0m /opt/conda/lib/python3.12/site-packages/liger_kernel/ops/fused_linear_cross_entropy.py:75: UserWarning: called a synchronizing CUDA operation (Triggered internally at /pytorch/c10/cuda/CUDAFunctions.cpp:162.)
2026-09-15T04:59:43.654Z   total_n_non_ignore = target_mask.sum().item()
2026-09-15T04:59:43.654Z 
2026-09-15T04:59:44.443Z [2;36m[2026-09-15 04:59:44][0m [33mWARNING [0m [2m[py.warnings:112, 88377262b50a, rank=1][0m /opt/conda/lib/python3.12/site-packages/liger_kernel/ops/fused_linear_cross_entropy.py:233: UserWarning: called a synchronizing CUDA operation (Triggered internally at /pytorch/c10/cuda/CUDAFunctions.cpp:162.)
2026-09-15T04:59:44.443Z   if not torch.equal(grad_output, torch.tensor(1.0, device=grad_output.device)):
2026-09-15T04:59:44.443Z 
2026-09-15T04:59:53.260Z [2;36m[2026-09-15 04:59:53][0m [34mINFO    [0m [2m[olmo_core.train.callbacks.console_logger:68, 88377262b50a, rank=0][0m [step=14/61,epoch=1,eta=13m]
2026-09-15T04:59:53.260Z     gpu_memory/GPU active mem (%)=75.57
2026-09-15T04:59:53.260Z     gpu_memory/GPU active mem (GiB)=59.89
2026-09-15T04:59:53.260Z     gpu_memory/GPU reserved mem (%)=80.90
2026-09-15T04:59:53.260Z     gpu_memory/GPU reserved mem (GiB)=64.12
2026-09-15T04:59:53.260Z     optim/LR (group 0)=3.98E-06
2026-09-15T04:59:53.260Z     optim/LR (group 1)=3.98E-06
2026-09-15T04:59:53.260Z     optim/step skipped=0.0
2026-09-15T04:59:53.260Z     optim/total grad norm=2.232
2026-09-15T04:59:53.260Z     throughput/chinchilla multiple=2.18E-05
2026-09-15T04:59:53.260Z     throughput/device/BPS=0.0899
2026-09-15T04:59:53.260Z     throughput/device/BPS (actual avg)=0.0598
2026-09-15T04:59:53.260Z     throughput/device/MFU=43.26
2026-09-15T04:59:53.260Z     throughput/device/MFU (actual avg)=28.78
2026-09-15T04:59:53.260Z     throughput/device/TPS=5,894
2026-09-15T04:59:53.260Z     throughput/device/TPS (actual avg)=3,921
2026-09-15T04:59:53.260Z     throughput/device/flopsPS=135.0T
2026-09-15T04:59:53.260Z     throughput/device/flopsPS (actual avg)=89.80T
2026-09-15T04:59:53.260Z     throughput/total petaflops=42.02
2026-09-15T04:59:53.260Z     throughput/total tokens=1,835,008
2026-09-15T04:59:53.260Z     train/CE loss=0.3981
2026-09-15T04:59:53.260Z     throughput/device/data loading (%)=0.0127
2026-09-15T04:59:53.260Z     throughput/device/data loading (s)=0.0014
2026-09-15T04:59:53.260Z     train/PPL=1.489
2026-09-15T05:00:03.949Z [2;36m[2026-09-15 05:00:03][0m [34mINFO    [0m [2m[olmo_core.train.callbacks.console_logger:68, 88377262b50a, rank=0][0m [step=15/61,epoch=1,eta=13m]
2026-09-15T05:00:03.949Z     gpu_memory/GPU active mem (%)=75.57
2026-09-15T05:00:03.949Z     gpu_memory/GPU active mem (GiB)=59.89
2026-09-15T05:00:03.949Z     gpu_memory/GPU reserved mem (%)=80.90
2026-09-15T05:00:03.949Z     gpu_memory/GPU reserved mem (GiB)=64.12
2026-09-15T05:00:03.949Z     optim/LR (group 0)=3.90E-06
2026-09-15T05:00:03.949Z     optim/LR (group 1)=3.90E-06
2026-09-15T05:00:03.949Z     optim/step skipped=0.0
2026-09-15T05:00:03.949Z     optim/total grad norm=3.252
2026-09-15T05:00:03.949Z     throughput/chinchilla multiple=2.34E-05
2026-09-15T05:00:03.949Z     throughput/device/BPS=0.0936
2026-09-15T05:00:03.949Z     throughput/device/BPS (actual avg)=0.0614
2026-09-15T05:00:03.949Z     throughput/device/MFU=45.00
2026-09-15T05:00:03.949Z     throughput/device/MFU (actual avg)=29.54
2026-09-15T05:00:03.949Z     throughput/device/TPS=6,130
2026-09-15T05:00:03.949Z     throughput/device/TPS (actual avg)=4,025
2026-09-15T05:00:03.949Z     throughput/device/flopsPS=140.4T
2026-09-15T05:00:03.949Z     throughput/device/flopsPS (actual avg)=92.17T
2026-09-15T05:00:03.949Z     throughput/total petaflops=45.02
2026-09-15T05:00:03.949Z     throughput/total tokens=1,966,080
2026-09-15T05:00:03.949Z     train/CE loss=0.4072
2026-09-15T05:00:03.949Z     throughput/device/data loading (%)=0.0121
2026-09-15T05:00:03.949Z     throughput/device/data loading (s)=0.0013
2026-09-15T05:00:03.949Z     train/PPL=1.503
2026-09-15T05:00:14.899Z [2;36m[2026-09-15 05:00:14][0m [34mINFO    [0m [2m[olmo_core.train.callbacks.console_logger:68, 88377262b50a, rank=0][0m [step=16/61,epoch=1,eta=12m]
2026-09-15T05:00:14.899Z     gpu_memory/GPU active mem (%)=75.57
2026-09-15T05:00:14.899Z     gpu_memory/GPU active mem (GiB)=59.89
2026-09-15T05:00:14.899Z     gpu_memory/GPU reserved mem (%)=80.90
2026-09-15T05:00:14.899Z     gpu_memory/GPU reserved mem (GiB)=64.12
2026-09-15T05:00:14.899Z     optim/LR (group 0)=3.81E-06
2026-09-15T05:00:14.899Z     optim/LR (group 1)=3.81E-06
2026-09-15T05:00:14.899Z     optim/step skipped=0.0
2026-09-15T05:00:14.899Z     optim/total grad norm=2.644
2026-09-15T05:00:14.899Z     throughput/chinchilla multiple=2.49E-05
2026-09-15T05:00:14.899Z     throughput/device/BPS=0.0913
2026-09-15T05:00:14.899Z     throughput/device/BPS (actual avg)=0.0628
2026-09-15T05:00:14.899Z     throughput/device/MFU=43.93
2026-09-15T05:00:14.899Z     throughput/device/MFU (actual avg)=30.20
2026-09-15T05:00:14.899Z     throughput/device/TPS=5,986
2026-09-15T05:00:14.899Z     throughput/device/TPS (actual avg)=4,114
2026-09-15T05:00:14.899Z     throughput/device/flopsPS=137.1T
2026-09-15T05:00:14.899Z     throughput/device/flopsPS (actual avg)=94.23T
2026-09-15T05:00:14.899Z     throughput/total petaflops=48.02
2026-09-15T05:00:14.899Z     throughput/total tokens=2,097,152
2026-09-15T05:00:14.899Z     train/CE loss=0.4081
2026-09-15T05:00:14.899Z     throughput/device/data loading (%)=0.0158
2026-09-15T05:00:14.899Z     throughput/device/data loading (s)=0.0017
2026-09-15T05:00:14.899Z     train/PPL=1.504
2026-09-15T05:00:32.436Z [2;36m[2026-09-15 05:00:32][0m [33mWARNING [0m [2m[py.warnings:112, 88377262b50a, rank=0][0m /opt/conda/lib/python3.12/site-packages/liger_kernel/ops/fused_linear_cross_entropy.py:75: UserWarning: called a synchronizing CUDA operation (Triggered internally at /pytorch/c10/cuda/CUDAFunctions.cpp:162.)
2026-09-15T05:00:32.436Z   total_n_non_ignore = target_mask.sum().item()
2026-09-15T05:00:32.436Z 
2026-09-15T05:00:32.992Z [2;36m[2026-09-15 05:00:32][0m [33mWARNING [0m [2m[py.warnings:112, 88377262b50a, rank=0][0m /opt/conda/lib/python3.12/site-packages/liger_kernel/ops/fused_linear_cross_entropy.py:233: UserWarning: called a synchronizing CUDA operation (Triggered internally at /pytorch/c10/cuda/CUDAFunctions.cpp:162.)
2026-09-15T05:00:32.992Z   if not torch.equal(grad_output, torch.tensor(1.0, device=grad_output.device)):
2026-09-15T05:00:32.992Z 
2026-09-15T05:00:45.946Z [2;36m[2026-09-15 05:00:45][0m [33mWARNING [0m [2m[py.warnings:112, 88377262b50a, rank=0][0m /opt/conda/lib/python3.12/site-packages/torch/autograd/graph.py:841: UserWarning: called a synchronizing CUDA operation (Triggered internally at /pytorch/c10/cuda/CUDAFunctions.cpp:162.)
2026-09-15T05:00:45.946Z   return Variable._execution_engine.run_backward(  # Calls into the C++ engine to run the backward pass
2026-09-15T05:00:45.946Z 
2026-09-15T05:00:45.954Z [2;36m[2026-09-15 05:00:45][0m [33mWARNING [0m [2m[py.warnings:112, 88377262b50a, rank=0][0m /opt/conda/lib/python3.12/site-packages/torch/distributed/utils.py:106: UserWarning: called a synchronizing CUDA operation (Triggered internally at /pytorch/c10/cuda/CUDAFunctions.cpp:162.)
2026-09-15T05:00:45.954Z   return (obj.to(target_device),)
2026-09-15T05:00:45.954Z 
2026-09-15T05:00:45.964Z [2;36m[2026-09-15 05:00:45][0m [33mWARNING [0m [2m[py.warnings:112, 88377262b50a, rank=0][0m /opt/conda/lib/python3.12/site-packages/olmo_core/nn/transformer/model.py:777: UserWarning: called a synchronizing CUDA operation (Triggered internally at /pytorch/c10/cuda/CUDAFunctions.cpp:162.)
2026-09-15T05:00:45.964Z   n_docs = int(chunk_ids.max().item()) + 1
2026-09-15T05:00:45.964Z 
2026-09-15T05:00:45.973Z [2;36m[2026-09-15 05:00:45][0m [33mWARNING [0m [2m[py.warnings:112, 88377262b50a, rank=0][0m /opt/conda/lib/python3.12/site-packages/olmo_core/nn/transformer/model.py:834: UserWarning: called a synchronizing CUDA operation (Triggered internally at /pytorch/c10/cuda/CUDAFunctions.cpp:162.)
2026-09-15T05:00:45.973Z   flat = (torch.arange(B, device=emb.device)[:, None] * n_docs + cid.clamp(min=0)).reshape(
2026-09-15T05:00:45.973Z 
2026-09-15T05:00:45.974Z [2;36m[2026-09-15 05:00:45][0m [33mWARNING [0m [2m[py.warnings:112, 88377262b50a, rank=0][0m /opt/conda/lib/python3.12/site-packages/olmo_core/nn/transformer/model.py:838: UserWarning: called a synchronizing CUDA operation (Triggered internally at /pytorch/c10/cuda/CUDAFunctions.cpp:162.)
2026-09-15T05:00:45.974Z   0, flat, emb.reshape(B * T, D)[is_ctx.reshape(-1)]
2026-09-15T05:00:45.974Z 
2026-09-15T05:00:45.981Z [2;36m[2026-09-15 05:00:45][0m [33mWARNING [0m [2m[py.warnings:112, 88377262b50a, rank=0][0m /opt/conda/lib/python3.12/site-packages/olmo_core/nn/pooled_soft_token.py:173: UserWarning: called a synchronizing CUDA operation (Triggered internally at /pytorch/c10/cuda/CUDAFunctions.cpp:162.)
2026-09-15T05:00:45.981Z   kept_idx = kept_tok.nonzero(as_tuple=True)[0]
2026-09-15T05:00:45.981Z 
2026-09-15T05:00:45.982Z [2;36m[2026-09-15 05:00:45][0m [33mWARNING [0m [2m[py.warnings:112, 88377262b50a, rank=0][0m /opt/conda/lib/python3.12/site-packages/olmo_core/nn/pooled_soft_token.py:179: UserWarning: called a synchronizing CUDA operation (Triggered internally at /pytorch/c10/cuda/CUDAFunctions.cpp:162.)
2026-09-15T05:00:45.982Z   if is_ctx.any():
2026-09-15T05:00:45.982Z 
2026-09-15T05:00:45.983Z [2;36m[2026-09-15 05:00:45][0m [33mWARNING [0m [2m[py.warnings:112, 88377262b50a, rank=0][0m /opt/conda/lib/python3.12/site-packages/olmo_core/nn/pooled_soft_token.py:180: UserWarning: called a synchronizing CUDA operation (Triggered internally at /pytorch/c10/cuda/CUDAFunctions.cpp:162.)
2026-09-15T05:00:45.983Z   d_ix = c[is_ctx]
2026-09-15T05:00:45.983Z 
2026-09-15T05:00:45.983Z [2;36m[2026-09-15 05:00:45][0m [33mWARNING [0m [2m[py.warnings:112, 88377262b50a, rank=0][0m /opt/conda/lib/python3.12/site-packages/olmo_core/nn/pooled_soft_token.py:181: UserWarning: called a synchronizing CUDA operation (Triggered internally at /pytorch/c10/cuda/CUDAFunctions.cpp:162.)
2026-09-15T05:00:45.983Z   pos_ix = is_ctx.nonzero(as_tuple=True)[0]
2026-09-15T05:00:45.983Z 
2026-09-15T05:00:45.984Z [2;36m[2026-09-15 05:00:45][0m [33mWARNING [0m [2m[py.warnings:112, 88377262b50a, rank=0][0m /opt/conda/lib/python3.12/site-packages/olmo_core/nn/pooled_soft_token.py:186: UserWarning: called a synchronizing CUDA operation (Triggered internally at /pytorch/c10/cuda/CUDAFunctions.cpp:162.)
2026-09-15T05:00:45.984Z   pooled_docs = pooled.nonzero(as_tuple=True)[0]
2026-09-15T05:00:45.984Z 
2026-09-15T05:00:45.985Z [2;36m[2026-09-15 05:00:45][0m [33mWARNING [0m [2m[py.warnings:112, 88377262b50a, rank=0][0m /opt/conda/lib/python3.12/site-packages/olmo_core/nn/pooled_soft_token.py:217: UserWarning: called a synchronizing CUDA operation (Triggered internally at /pytorch/c10/cuda/CUDAFunctions.cpp:162.)
2026-09-15T05:00:45.985Z   doc_len = torch.bincount(c[is_ctx], minlength=n_docs) if is_ctx.any() else torch.zeros(n_docs, dtype=torch.long, device=device)
2026-09-15T05:00:45.985Z 
2026-09-15T05:00:45.985Z [2;36m[2026-09-15 05:00:45][0m [33mWARNING [0m [2m[py.warnings:112, 88377262b50a, rank=0][0m /opt/conda/lib/python3.12/site-packages/olmo_core/nn/pooled_soft_token.py:222: UserWarning: called a synchronizing CUDA operation (Triggered internally at /pytorch/c10/cuda/CUDAFunctions.cpp:162.)
2026-09-15T05:00:45.985Z   soft_cols_b = soft_mask.nonzero(as_tuple=True)[0]
2026-09-15T05:00:45.985Z 
2026-09-15T05:00:45.986Z [2;36m[2026-09-15 05:00:45][0m [33mWARNING [0m [2m[py.warnings:112, 88377262b50a, rank=0][0m /opt/conda/lib/python3.12/site-packages/olmo_core/nn/pooled_soft_token.py:226: UserWarning: called a synchronizing CUDA operation (Triggered internally at /pytorch/c10/cuda/CUDAFunctions.cpp:162.)
2026-09-15T05:00:45.986Z   cols_l = soft_cols_b.tolist()
2026-09-15T05:00:45.986Z 
2026-09-15T05:00:45.986Z [2;36m[2026-09-15 05:00:45][0m [33mWARNING [0m [2m[py.warnings:112, 88377262b50a, rank=0][0m /opt/conda/lib/python3.12/site-packages/olmo_core/nn/pooled_soft_token.py:229: UserWarning: called a synchronizing CUDA operation (Triggered internally at /pytorch/c10/cuda/CUDAFunctions.cpp:162.)
2026-09-15T05:00:45.986Z   soft_docs += docs_b.tolist()
2026-09-15T05:00:45.986Z 
2026-09-15T05:00:45.987Z [2;36m[2026-09-15 05:00:45][0m [33mWARNING [0m [2m[py.warnings:112, 88377262b50a, rank=0][0m /opt/conda/lib/python3.12/site-packages/olmo_core/nn/pooled_soft_token.py:230: UserWarning: called a synchronizing CUDA operation (Triggered internally at /pytorch/c10/cuda/CUDAFunctions.cpp:162.)
2026-09-15T05:00:45.987Z   soft_log_len += lens_b.tolist()
2026-09-15T05:00:45.987Z 
2026-09-15T05:00:45.989Z [2;36m[2026-09-15 05:00:45][0m [33mWARNING [0m [2m[py.warnings:112, 88377262b50a, rank=0][0m /opt/conda/lib/python3.12/site-packages/olmo_core/nn/pooled_soft_token.py:280: UserWarning: called a synchronizing CUDA operation (Triggered internally at /pytorch/c10/cuda/CUDAFunctions.cpp:162.)
2026-09-15T05:00:45.989Z   row_lens[b] = L
2026-09-15T05:00:45.989Z 
2026-09-15T05:00:45.989Z [2;36m[2026-09-15 05:00:45][0m [33mWARNING [0m [2m[py.warnings:112, 88377262b50a, rank=0][0m /opt/conda/lib/python3.12/site-packages/olmo_core/nn/pooled_soft_token.py:297: UserWarning: called a synchronizing CUDA operation (Triggered internally at /pytorch/c10/cuda/CUDAFunctions.cpp:162.)
2026-09-15T05:00:45.989Z   soft_rows=torch.tensor(soft_rows, dtype=torch.long, device=device),
2026-09-15T05:00:45.989Z 
2026-09-15T05:00:45.990Z [2;36m[2026-09-15 05:00:45][0m [33mWARNING [0m [2m[py.warnings:112, 88377262b50a, rank=0][0m /opt/conda/lib/python3.12/site-packages/olmo_core/nn/pooled_soft_token.py:298: UserWarning: called a synchronizing CUDA operation (Triggered internally at /pytorch/c10/cuda/CUDAFunctions.cpp:162.)
2026-09-15T05:00:45.990Z   soft_cols=torch.tensor(soft_cols, dtype=torch.long, device=device),
2026-09-15T05:00:45.990Z 
2026-09-15T05:00:45.990Z [2;36m[2026-09-15 05:00:45][0m [33mWARNING [0m [2m[py.warnings:112, 88377262b50a, rank=0][0m /opt/conda/lib/python3.12/site-packages/olmo_core/nn/pooled_soft_token.py:299: UserWarning: called a synchronizing CUDA operation (Triggered internally at /pytorch/c10/cuda/CUDAFunctions.cpp:162.)
2026-09-15T05:00:45.990Z   soft_docs=torch.tensor(soft_docs, dtype=torch.long, device=device),
2026-09-15T05:00:45.990Z 
2026-09-15T05:00:45.991Z [2;36m[2026-09-15 05:00:45][0m [33mWARNING [0m [2m[py.warnings:112, 88377262b50a, rank=0][0m /opt/conda/lib/python3.12/site-packages/olmo_core/nn/pooled_soft_token.py:301: UserWarning: called a synchronizing CUDA operation (Triggered internally at /pytorch/c10/cuda/CUDAFunctions.cpp:162.)
2026-09-15T05:00:45.991Z   soft_log_len=torch.tensor(soft_log_len, dtype=torch.float32, device=device),
2026-09-15T05:00:45.991Z 
2026-09-15T05:00:45.991Z [2;36m[2026-09-15 05:00:45][0m [33mWARNING [0m [2m[py.warnings:112, 88377262b50a, rank=0][0m /opt/conda/lib/python3.12/site-packages/olmo_core/nn/transformer/model.py:1502: UserWarning: called a synchronizing CUDA operation (Triggered internally at /pytorch/c10/cuda/CUDAFunctions.cpp:162.)
2026-09-15T05:00:45.992Z   kv_grad_mask[cb.soft_rows, cb.soft_cols] = False
2026-09-15T05:00:45.992Z 
2026-09-15T05:00:46.136Z [2;36m[2026-09-15 05:00:46][0m [33mWARNING [0m [2m[py.warnings:112, 88377262b50a, rank=0][0m /opt/conda/lib/python3.12/site-packages/liger_kernel/ops/fused_linear_cross_entropy.py:75: UserWarning: called a synchronizing CUDA operation (Triggered internally at /pytorch/c10/cuda/CUDAFunctions.cpp:162.)
2026-09-15T05:00:46.136Z   total_n_non_ignore = target_mask.sum().item()
2026-09-15T05:00:46.136Z 
2026-09-15T05:00:47.094Z [2;36m[2026-09-15 05:00:47][0m [33mWARNING [0m [2m[py.warnings:112, 88377262b50a, rank=0][0m /opt/conda/lib/python3.12/site-packages/liger_kernel/ops/fused_linear_cross_entropy.py:233: UserWarning: called a synchronizing CUDA operation (Triggered internally at /pytorch/c10/cuda/CUDAFunctions.cpp:162.)
2026-09-15T05:00:47.094Z   if not torch.equal(grad_output, torch.tensor(1.0, device=grad_output.device)):
2026-09-15T05:00:47.094Z 
2026-09-15T05:00:49.127Z [2;36m[2026-09-15 05:00:49][0m [34mINFO    [0m [2m[olmo_core.train.callbacks.console_logger:68, 88377262b50a, rank=0][0m [step=17/61,epoch=1,eta=13m]
2026-09-15T05:00:49.127Z     gpu_memory/GPU active mem (%)=75.57
2026-09-15T05:00:49.127Z     gpu_memory/GPU active mem (GiB)=59.89
2026-09-15T05:00:49.127Z     gpu_memory/GPU reserved mem (%)=80.90
2026-09-15T05:00:49.127Z     gpu_memory/GPU reserved mem (GiB)=64.12
2026-09-15T05:00:49.127Z     optim/LR (group 0)=3.73E-06
2026-09-15T05:00:49.127Z     optim/LR (group 1)=3.73E-06
2026-09-15T05:00:49.127Z     optim/step skipped=0.0
2026-09-15T05:00:49.127Z     optim/total grad norm=2.464
2026-09-15T05:00:49.127Z     throughput/chinchilla multiple=2.65E-05
2026-09-15T05:00:49.127Z     throughput/device/BPS=0.0292
2026-09-15T05:00:49.127Z     throughput/device/BPS (actual avg)=0.0586
2026-09-15T05:00:49.127Z     throughput/device/MFU=14.05
2026-09-15T05:00:49.127Z     throughput/device/MFU (actual avg)=28.18
2026-09-15T05:00:49.127Z     throughput/device/TPS=1,914
2026-09-15T05:00:49.127Z     throughput/device/TPS (actual avg)=3,839
2026-09-15T05:00:49.127Z     throughput/device/flopsPS=43.84T
2026-09-15T05:00:49.127Z     throughput/device/flopsPS (actual avg)=87.92T
2026-09-15T05:00:49.127Z     throughput/total petaflops=51.02
2026-09-15T05:00:49.127Z     throughput/total tokens=2,228,224
2026-09-15T05:00:49.127Z     train/CE loss=0.4102
2026-09-15T05:00:49.127Z     throughput/device/data loading (%)=0.0053
2026-09-15T05:00:49.127Z     throughput/device/data loading (s)=0.0018
2026-09-15T05:00:49.127Z     train/PPL=1.507
2026-09-15T05:00:53.397Z [2;36m[2026-09-15 05:00:53][0m [33mWARNING [0m [2m[py.warnings:112, 88377262b50a, rank=1][0m /opt/conda/lib/python3.12/site-packages/torch/autograd/graph.py:841: UserWarning: called a synchronizing CUDA operation (Triggered internally at /pytorch/c10/cuda/CUDAFunctions.cpp:162.)
2026-09-15T05:00:53.397Z   return Variable._execution_engine.run_backward(  # Calls into the C++ engine to run the backward pass
2026-09-15T05:00:53.397Z 
2026-09-15T05:00:53.404Z [2;36m[2026-09-15 05:00:53][0m [33mWARNING [0m [2m[py.warnings:112, 88377262b50a, rank=1][0m /opt/conda/lib/python3.12/site-packages/torch/distributed/utils.py:106: UserWarning: called a synchronizing CUDA operation (Triggered internally at /pytorch/c10/cuda/CUDAFunctions.cpp:162.)
2026-09-15T05:00:53.404Z   return (obj.to(target_device),)
2026-09-15T05:00:53.404Z 
2026-09-15T05:00:53.413Z [2;36m[2026-09-15 05:00:53][0m [33mWARNING [0m [2m[py.warnings:112, 88377262b50a, rank=1][0m /opt/conda/lib/python3.12/site-packages/olmo_core/nn/transformer/model.py:777: UserWarning: called a synchronizing CUDA operation (Triggered internally at /pytorch/c10/cuda/CUDAFunctions.cpp:162.)
2026-09-15T05:00:53.413Z   n_docs = int(chunk_ids.max().item()) + 1
2026-09-15T05:00:53.413Z 
2026-09-15T05:00:53.422Z [2;36m[2026-09-15 05:00:53][0m [33mWARNING [0m [2m[py.warnings:112, 88377262b50a, rank=1][0m /opt/conda/lib/python3.12/site-packages/olmo_core/nn/transformer/model.py:834: UserWarning: called a synchronizing CUDA operation (Triggered internally at /pytorch/c10/cuda/CUDAFunctions.cpp:162.)
2026-09-15T05:00:53.422Z   flat = (torch.arange(B, device=emb.device)[:, None] * n_docs + cid.clamp(min=0)).reshape(
2026-09-15T05:00:53.422Z 
2026-09-15T05:00:53.422Z [2;36m[2026-09-15 05:00:53][0m [33mWARNING [0m [2m[py.warnings:112, 88377262b50a, rank=1][0m /opt/conda/lib/python3.12/site-packages/olmo_core/nn/transformer/model.py:838: UserWarning: called a synchronizing CUDA operation (Triggered internally at /pytorch/c10/cuda/CUDAFunctions.cpp:162.)
2026-09-15T05:00:53.422Z   0, flat, emb.reshape(B * T, D)[is_ctx.reshape(-1)]
2026-09-15T05:00:53.422Z 
2026-09-15T05:00:53.430Z [2;36m[2026-09-15 05:00:53][0m [33mWARNING [0m [2m[py.warnings:112, 88377262b50a, rank=1][0m /opt/conda/lib/python3.12/site-packages/olmo_core/nn/pooled_soft_token.py:173: UserWarning: called a synchronizing CUDA operation (Triggered internally at /pytorch/c10/cuda/CUDAFunctions.cpp:162.)
2026-09-15T05:00:53.430Z   kept_idx = kept_tok.nonzero(as_tuple=True)[0]
2026-09-15T05:00:53.430Z 
2026-09-15T05:00:53.430Z [2;36m[2026-09-15 05:00:53][0m [33mWARNING [0m [2m[py.warnings:112, 88377262b50a, rank=1][0m /opt/conda/lib/python3.12/site-packages/olmo_core/nn/pooled_soft_token.py:179: UserWarning: called a synchronizing CUDA operation (Triggered internally at /pytorch/c10/cuda/CUDAFunctions.cpp:162.)
2026-09-15T05:00:53.430Z   if is_ctx.any():
2026-09-15T05:00:53.430Z 
2026-09-15T05:00:53.431Z [2;36m[2026-09-15 05:00:53][0m [33mWARNING [0m [2m[py.warnings:112, 88377262b50a, rank=1][0m /opt/conda/lib/python3.12/site-packages/olmo_core/nn/pooled_soft_token.py:180: UserWarning: called a synchronizing CUDA operation (Triggered internally at /pytorch/c10/cuda/CUDAFunctions.cpp:162.)
2026-09-15T05:00:53.431Z   d_ix = c[is_ctx]
2026-09-15T05:00:53.431Z 
2026-09-15T05:00:53.431Z [2;36m[2026-09-15 05:00:53][0m [33mWARNING [0m [2m[py.warnings:112, 88377262b50a, rank=1][0m /opt/conda/lib/python3.12/site-packages/olmo_core/nn/pooled_soft_token.py:181: UserWarning: called a synchronizing CUDA operation (Triggered internally at /pytorch/c10/cuda/CUDAFunctions.cpp:162.)
2026-09-15T05:00:53.431Z   pos_ix = is_ctx.nonzero(as_tuple=True)[0]
2026-09-15T05:00:53.431Z 
2026-09-15T05:00:53.432Z [2;36m[2026-09-15 05:00:53][0m [33mWARNING [0m [2m[py.warnings:112, 88377262b50a, rank=1][0m /opt/conda/lib/python3.12/site-packages/olmo_core/nn/pooled_soft_token.py:186: UserWarning: called a synchronizing CUDA operation (Triggered internally at /pytorch/c10/cuda/CUDAFunctions.cpp:162.)
2026-09-15T05:00:53.432Z   pooled_docs = pooled.nonzero(as_tuple=True)[0]
2026-09-15T05:00:53.432Z 
2026-09-15T05:00:53.432Z [2;36m[2026-09-15 05:00:53][0m [33mWARNING [0m [2m[py.warnings:112, 88377262b50a, rank=1][0m /opt/conda/lib/python3.12/site-packages/olmo_core/nn/pooled_soft_token.py:217: UserWarning: called a synchronizing CUDA operation (Triggered internally at /pytorch/c10/cuda/CUDAFunctions.cpp:162.)
2026-09-15T05:00:53.432Z   doc_len = torch.bincount(c[is_ctx], minlength=n_docs) if is_ctx.any() else torch.zeros(n_docs, dtype=torch.long, device=device)
2026-09-15T05:00:53.432Z 
2026-09-15T05:00:53.433Z [2;36m[2026-09-15 05:00:53][0m [33mWARNING [0m [2m[py.warnings:112, 88377262b50a, rank=1][0m /opt/conda/lib/python3.12/site-packages/olmo_core/nn/pooled_soft_token.py:222: UserWarning: called a synchronizing CUDA operation (Triggered internally at /pytorch/c10/cuda/CUDAFunctions.cpp:162.)
2026-09-15T05:00:53.433Z   soft_cols_b = soft_mask.nonzero(as_tuple=True)[0]
2026-09-15T05:00:53.433Z 
2026-09-15T05:00:53.433Z [2;36m[2026-09-15 05:00:53][0m [33mWARNING [0m [2m[py.warnings:112, 88377262b50a, rank=1][0m /opt/conda/lib/python3.12/site-packages/olmo_core/nn/pooled_soft_token.py:226: UserWarning: called a synchronizing CUDA operation (Triggered internally at /pytorch/c10/cuda/CUDAFunctions.cpp:162.)
2026-09-15T05:00:53.433Z   cols_l = soft_cols_b.tolist()
2026-09-15T05:00:53.433Z 
2026-09-15T05:00:53.434Z [2;36m[2026-09-15 05:00:53][0m [33mWARNING [0m [2m[py.warnings:112, 88377262b50a, rank=1][0m /opt/conda/lib/python3.12/site-packages/olmo_core/nn/pooled_soft_token.py:229: UserWarning: called a synchronizing CUDA operation (Triggered internally at /pytorch/c10/cuda/CUDAFunctions.cpp:162.)
2026-09-15T05:00:53.434Z   soft_docs += docs_b.tolist()
2026-09-15T05:00:53.434Z 
2026-09-15T05:00:53.434Z [2;36m[2026-09-15 05:00:53][0m [33mWARNING [0m [2m[py.warnings:112, 88377262b50a, rank=1][0m /opt/conda/lib/python3.12/site-packages/olmo_core/nn/pooled_soft_token.py:230: UserWarning: called a synchronizing CUDA operation (Triggered internally at /pytorch/c10/cuda/CUDAFunctions.cpp:162.)
2026-09-15T05:00:53.434Z   soft_log_len += lens_b.tolist()
2026-09-15T05:00:53.434Z 
2026-09-15T05:00:53.436Z [2;36m[2026-09-15 05:00:53][0m [33mWARNING [0m [2m[py.warnings:112, 88377262b50a, rank=1][0m /opt/conda/lib/python3.12/site-packages/olmo_core/nn/pooled_soft_token.py:280: UserWarning: called a synchronizing CUDA operation (Triggered internally at /pytorch/c10/cuda/CUDAFunctions.cpp:162.)
2026-09-15T05:00:53.436Z   row_lens[b] = L
2026-09-15T05:00:53.436Z 
2026-09-15T05:00:53.436Z [2;36m[2026-09-15 05:00:53][0m [33mWARNING [0m [2m[py.warnings:112, 88377262b50a, rank=1][0m /opt/conda/lib/python3.12/site-packages/olmo_core/nn/pooled_soft_token.py:297: UserWarning: called a synchronizing CUDA operation (Triggered internally at /pytorch/c10/cuda/CUDAFunctions.cpp:162.)
2026-09-15T05:00:53.436Z   soft_rows=torch.tensor(soft_rows, dtype=torch.long, device=device),
2026-09-15T05:00:53.436Z 
2026-09-15T05:00:53.437Z [2;36m[2026-09-15 05:00:53][0m [33mWARNING [0m [2m[py.warnings:112, 88377262b50a, rank=1][0m /opt/conda/lib/python3.12/site-packages/olmo_core/nn/pooled_soft_token.py:298: UserWarning: called a synchronizing CUDA operation (Triggered internally at /pytorch/c10/cuda/CUDAFunctions.cpp:162.)
2026-09-15T05:00:53.437Z   soft_cols=torch.tensor(soft_cols, dtype=torch.long, device=device),
2026-09-15T05:00:53.437Z 
2026-09-15T05:00:53.437Z [2;36m[2026-09-15 05:00:53][0m [33mWARNING [0m [2m[py.warnings:112, 88377262b50a, rank=1][0m /opt/conda/lib/python3.12/site-packages/olmo_core/nn/pooled_soft_token.py:299: UserWarning: called a synchronizing CUDA operation (Triggered internally at /pytorch/c10/cuda/CUDAFunctions.cpp:162.)
2026-09-15T05:00:53.437Z   soft_docs=torch.tensor(soft_docs, dtype=torch.long, device=device),
2026-09-15T05:00:53.437Z 
2026-09-15T05:00:53.437Z [2;36m[2026-09-15 05:00:53][0m [33mWARNING [0m [2m[py.warnings:112, 88377262b50a, rank=1][0m /opt/conda/lib/python3.12/site-packages/olmo_core/nn/pooled_soft_token.py:301: UserWarning: called a synchronizing CUDA operation (Triggered internally at /pytorch/c10/cuda/CUDAFunctions.cpp:162.)
2026-09-15T05:00:53.437Z   soft_log_len=torch.tensor(soft_log_len, dtype=torch.float32, device=device),
2026-09-15T05:00:53.437Z 
2026-09-15T05:00:53.438Z [2;36m[2026-09-15 05:00:53][0m [33mWARNING [0m [2m[py.warnings:112, 88377262b50a, rank=1][0m /opt/conda/lib/python3.12/site-packages/olmo_core/nn/transformer/model.py:1502: UserWarning: called a synchronizing CUDA operation (Triggered internally at /pytorch/c10/cuda/CUDAFunctions.cpp:162.)
2026-09-15T05:00:53.438Z   kv_grad_mask[cb.soft_rows, cb.soft_cols] = False
2026-09-15T05:00:53.438Z 
2026-09-15T05:00:53.583Z [2;36m[2026-09-15 05:00:53][0m [33mWARNING [0m [2m[py.warnings:112, 88377262b50a, rank=1][0m /opt/conda/lib/python3.12/site-packages/liger_kernel/ops/fused_linear_cross_entropy.py:75: UserWarning: called a synchronizing CUDA operation (Triggered internally at /pytorch/c10/cuda/CUDAFunctions.cpp:162.)
2026-09-15T05:00:53.583Z   total_n_non_ignore = target_mask.sum().item()
2026-09-15T05:00:53.583Z 
2026-09-15T05:00:54.196Z [2;36m[2026-09-15 05:00:54][0m [33mWARNING [0m [2m[py.warnings:112, 88377262b50a, rank=1][0m /opt/conda/lib/python3.12/site-packages/liger_kernel/ops/fused_linear_cross_entropy.py:233: UserWarning: called a synchronizing CUDA operation (Triggered internally at /pytorch/c10/cuda/CUDAFunctions.cpp:162.)
2026-09-15T05:00:54.196Z   if not torch.equal(grad_output, torch.tensor(1.0, device=grad_output.device)):
2026-09-15T05:00:54.196Z 
2026-09-15T05:01:00.199Z [2;36m[2026-09-15 05:01:00][0m [34mINFO    [0m [2m[olmo_core.train.callbacks.console_logger:68, 88377262b50a, rank=0][0m [step=18/61,epoch=1,eta=12m]
2026-09-15T05:01:00.199Z     gpu_memory/GPU active mem (%)=75.57
2026-09-15T05:01:00.199Z     gpu_memory/GPU active mem (GiB)=59.89
2026-09-15T05:01:00.199Z     gpu_memory/GPU reserved mem (%)=80.90
2026-09-15T05:01:00.199Z     gpu_memory/GPU reserved mem (GiB)=64.12
2026-09-15T05:01:00.199Z     optim/LR (group 0)=3.64E-06
2026-09-15T05:01:00.199Z     optim/LR (group 1)=3.64E-06
2026-09-15T05:01:00.199Z     optim/step skipped=0.0
2026-09-15T05:01:00.199Z     optim/total grad norm=3.254
2026-09-15T05:01:00.199Z     throughput/chinchilla multiple=2.80E-05
2026-09-15T05:01:00.199Z     throughput/device/BPS=0.0903
2026-09-15T05:01:00.199Z     throughput/device/BPS (actual avg)=0.0598
2026-09-15T05:01:00.199Z     throughput/device/MFU=43.44
2026-09-15T05:01:00.199Z     throughput/device/MFU (actual avg)=28.77
2026-09-15T05:01:00.199Z     throughput/device/TPS=5,918
2026-09-15T05:01:00.199Z     throughput/device/TPS (actual avg)=3,920
2026-09-15T05:01:00.199Z     throughput/device/flopsPS=135.5T
2026-09-15T05:01:00.199Z     throughput/device/flopsPS (actual avg)=89.77T
2026-09-15T05:01:00.199Z     throughput/total petaflops=54.03
2026-09-15T05:01:00.199Z     throughput/total tokens=2,359,296
2026-09-15T05:01:00.199Z     train/CE loss=0.4247
2026-09-15T05:01:00.199Z     throughput/device/data loading (%)=0.0234
2026-09-15T05:01:00.199Z     throughput/device/data loading (s)=0.0026
2026-09-15T05:01:00.199Z     train/PPL=1.529
2026-09-15T05:01:11.012Z [2;36m[2026-09-15 05:01:11][0m [33mWARNING [0m [2m[py.warnings:112, 88377262b50a, rank=0][0m /opt/conda/lib/python3.12/site-packages/liger_kernel/ops/fused_linear_cross_entropy.py:75: UserWarning: called a synchronizing CUDA operation (Triggered internally at /pytorch/c10/cuda/CUDAFunctions.cpp:162.)
2026-09-15T05:01:11.012Z   total_n_non_ignore = target_mask.sum().item()
2026-09-15T05:01:11.012Z 
2026-09-15T05:01:11.786Z [2;36m[2026-09-15 05:01:11][0m [33mWARNING [0m [2m[py.warnings:112, 88377262b50a, rank=0][0m /opt/conda/lib/python3.12/site-packages/liger_kernel/ops/fused_linear_cross_entropy.py:233: UserWarning: called a synchronizing CUDA operation (Triggered internally at /pytorch/c10/cuda/CUDAFunctions.cpp:162.)
2026-09-15T05:01:11.786Z   if not torch.equal(grad_output, torch.tensor(1.0, device=grad_output.device)):
2026-09-15T05:01:11.786Z 
2026-09-15T05:01:24.937Z [2;36m[2026-09-15 05:01:24][0m [33mWARNING [0m [2m[py.warnings:112, 88377262b50a, rank=0][0m /opt/conda/lib/python3.12/site-packages/torch/autograd/graph.py:841: UserWarning: called a synchronizing CUDA operation (Triggered internally at /pytorch/c10/cuda/CUDAFunctions.cpp:162.)
2026-09-15T05:01:24.937Z   return Variable._execution_engine.run_backward(  # Calls into the C++ engine to run the backward pass
2026-09-15T05:01:24.937Z 
2026-09-15T05:01:24.939Z [2;36m[2026-09-15 05:01:24][0m [33mWARNING [0m [2m[py.warnings:112, 88377262b50a, rank=0][0m /opt/conda/lib/python3.12/site-packages/torch/distributed/utils.py:106: UserWarning: called a synchronizing CUDA operation (Triggered internally at /pytorch/c10/cuda/CUDAFunctions.cpp:162.)
2026-09-15T05:01:24.939Z   return (obj.to(target_device),)
2026-09-15T05:01:24.939Z 
2026-09-15T05:01:24.946Z [2;36m[2026-09-15 05:01:24][0m [33mWARNING [0m [2m[py.warnings:112, 88377262b50a, rank=0][0m /opt/conda/lib/python3.12/site-packages/olmo_core/nn/transformer/model.py:777: UserWarning: called a synchronizing CUDA operation (Triggered internally at /pytorch/c10/cuda/CUDAFunctions.cpp:162.)
2026-09-15T05:01:24.946Z   n_docs = int(chunk_ids.max().item()) + 1
2026-09-15T05:01:24.946Z 
2026-09-15T05:01:24.955Z [2;36m[2026-09-15 05:01:24][0m [33mWARNING [0m [2m[py.warnings:112, 88377262b50a, rank=0][0m /opt/conda/lib/python3.12/site-packages/olmo_core/nn/transformer/model.py:834: UserWarning: called a synchronizing CUDA operation (Triggered internally at /pytorch/c10/cuda/CUDAFunctions.cpp:162.)
2026-09-15T05:01:24.955Z   flat = (torch.arange(B, device=emb.device)[:, None] * n_docs + cid.clamp(min=0)).reshape(
2026-09-15T05:01:24.955Z 
2026-09-15T05:01:24.956Z [2;36m[2026-09-15 05:01:24][0m [33mWARNING [0m [2m[py.warnings:112, 88377262b50a, rank=0][0m /opt/conda/lib/python3.12/site-packages/olmo_core/nn/transformer/model.py:838: UserWarning: called a synchronizing CUDA operation (Triggered internally at /pytorch/c10/cuda/CUDAFunctions.cpp:162.)
2026-09-15T05:01:24.956Z   0, flat, emb.reshape(B * T, D)[is_ctx.reshape(-1)]
2026-09-15T05:01:24.956Z 
2026-09-15T05:01:24.964Z [2;36m[2026-09-15 05:01:24][0m [33mWARNING [0m [2m[py.warnings:112, 88377262b50a, rank=0][0m /opt/conda/lib/python3.12/site-packages/olmo_core/nn/pooled_soft_token.py:173: UserWarning: called a synchronizing CUDA operation (Triggered internally at /pytorch/c10/cuda/CUDAFunctions.cpp:162.)
2026-09-15T05:01:24.964Z   kept_idx = kept_tok.nonzero(as_tuple=True)[0]
2026-09-15T05:01:24.964Z 
2026-09-15T05:01:24.965Z [2;36m[2026-09-15 05:01:24][0m [33mWARNING [0m [2m[py.warnings:112, 88377262b50a, rank=0][0m /opt/conda/lib/python3.12/site-packages/olmo_core/nn/pooled_soft_token.py:179: UserWarning: called a synchronizing CUDA operation (Triggered internally at /pytorch/c10/cuda/CUDAFunctions.cpp:162.)
2026-09-15T05:01:24.965Z   if is_ctx.any():
2026-09-15T05:01:24.965Z 
2026-09-15T05:01:24.965Z [2;36m[2026-09-15 05:01:24][0m [33mWARNING [0m [2m[py.warnings:112, 88377262b50a, rank=0][0m /opt/conda/lib/python3.12/site-packages/olmo_core/nn/pooled_soft_token.py:180: UserWarning: called a synchronizing CUDA operation (Triggered internally at /pytorch/c10/cuda/CUDAFunctions.cpp:162.)
2026-09-15T05:01:24.965Z   d_ix = c[is_ctx]
2026-09-15T05:01:24.965Z 
2026-09-15T05:01:24.966Z [2;36m[2026-09-15 05:01:24][0m [33mWARNING [0m [2m[py.warnings:112, 88377262b50a, rank=0][0m /opt/conda/lib/python3.12/site-packages/olmo_core/nn/pooled_soft_token.py:181: UserWarning: called a synchronizing CUDA operation (Triggered internally at /pytorch/c10/cuda/CUDAFunctions.cpp:162.)
2026-09-15T05:01:24.966Z   pos_ix = is_ctx.nonzero(as_tuple=True)[0]
2026-09-15T05:01:24.966Z 
2026-09-15T05:01:24.966Z [2;36m[2026-09-15 05:01:24][0m [33mWARNING [0m [2m[py.warnings:112, 88377262b50a, rank=0][0m /opt/conda/lib/python3.12/site-packages/olmo_core/nn/pooled_soft_token.py:186: UserWarning: called a synchronizing CUDA operation (Triggered internally at /pytorch/c10/cuda/CUDAFunctions.cpp:162.)
2026-09-15T05:01:24.966Z   pooled_docs = pooled.nonzero(as_tuple=True)[0]
2026-09-15T05:01:24.966Z 
2026-09-15T05:01:24.967Z [2;36m[2026-09-15 05:01:24][0m [33mWARNING [0m [2m[py.warnings:112, 88377262b50a, rank=0][0m /opt/conda/lib/python3.12/site-packages/olmo_core/nn/pooled_soft_token.py:217: UserWarning: called a synchronizing CUDA operation (Triggered internally at /pytorch/c10/cuda/CUDAFunctions.cpp:162.)
2026-09-15T05:01:24.968Z   doc_len = torch.bincount(c[is_ctx], minlength=n_docs) if is_ctx.any() else torch.zeros(n_docs, dtype=torch.long, device=device)
2026-09-15T05:01:24.968Z 
2026-09-15T05:01:24.968Z [2;36m[2026-09-15 05:01:24][0m [33mWARNING [0m [2m[py.warnings:112, 88377262b50a, rank=0][0m /opt/conda/lib/python3.12/site-packages/olmo_core/nn/pooled_soft_token.py:222: UserWarning: called a synchronizing CUDA operation (Triggered internally at /pytorch/c10/cuda/CUDAFunctions.cpp:162.)
2026-09-15T05:01:24.968Z   soft_cols_b = soft_mask.nonzero(as_tuple=True)[0]
2026-09-15T05:01:24.968Z 
2026-09-15T05:01:24.969Z [2;36m[2026-09-15 05:01:24][0m [33mWARNING [0m [2m[py.warnings:112, 88377262b50a, rank=0][0m /opt/conda/lib/python3.12/site-packages/olmo_core/nn/pooled_soft_token.py:226: UserWarning: called a synchronizing CUDA operation (Triggered internally at /pytorch/c10/cuda/CUDAFunctions.cpp:162.)
2026-09-15T05:01:24.969Z   cols_l = soft_cols_b.tolist()
2026-09-15T05:01:24.969Z 
2026-09-15T05:01:24.969Z [2;36m[2026-09-15 05:01:24][0m [33mWARNING [0m [2m[py.warnings:112, 88377262b50a, rank=0][0m /opt/conda/lib/python3.12/site-packages/olmo_core/nn/pooled_soft_token.py:229: UserWarning: called a synchronizing CUDA operation (Triggered internally at /pytorch/c10/cuda/CUDAFunctions.cpp:162.)
2026-09-15T05:01:24.969Z   soft_docs += docs_b.tolist()
2026-09-15T05:01:24.969Z 
2026-09-15T05:01:24.970Z [2;36m[2026-09-15 05:01:24][0m [33mWARNING [0m [2m[py.warnings:112, 88377262b50a, rank=0][0m /opt/conda/lib/python3.12/site-packages/olmo_core/nn/pooled_soft_token.py:230: UserWarning: called a synchronizing CUDA operation (Triggered internally at /pytorch/c10/cuda/CUDAFunctions.cpp:162.)
2026-09-15T05:01:24.970Z   soft_log_len += lens_b.tolist()
2026-09-15T05:01:24.970Z 
2026-09-15T05:01:24.972Z [2;36m[2026-09-15 05:01:24][0m [33mWARNING [0m [2m[py.warnings:112, 88377262b50a, rank=0][0m /opt/conda/lib/python3.12/site-packages/olmo_core/nn/pooled_soft_token.py:280: UserWarning: called a synchronizing CUDA operation (Triggered internally at /pytorch/c10/cuda/CUDAFunctions.cpp:162.)
2026-09-15T05:01:24.972Z   row_lens[b] = L
2026-09-15T05:01:24.972Z 
2026-09-15T05:01:24.972Z [2;36m[2026-09-15 05:01:24][0m [33mWARNING [0m [2m[py.warnings:112, 88377262b50a, rank=0][0m /opt/conda/lib/python3.12/site-packages/olmo_core/nn/pooled_soft_token.py:297: UserWarning: called a synchronizing CUDA operation (Triggered internally at /pytorch/c10/cuda/CUDAFunctions.cpp:162.)
2026-09-15T05:01:24.972Z   soft_rows=torch.tensor(soft_rows, dtype=torch.long, device=device),
2026-09-15T05:01:24.972Z 
2026-09-15T05:01:24.973Z [2;36m[2026-09-15 05:01:24][0m [33mWARNING [0m [2m[py.warnings:112, 88377262b50a, rank=0][0m /opt/conda/lib/python3.12/site-packages/olmo_core/nn/pooled_soft_token.py:298: UserWarning: called a synchronizing CUDA operation (Triggered internally at /pytorch/c10/cuda/CUDAFunctions.cpp:162.)
2026-09-15T05:01:24.973Z   soft_cols=torch.tensor(soft_cols, dtype=torch.long, device=device),
2026-09-15T05:01:24.973Z 
2026-09-15T05:01:24.973Z [2;36m[2026-09-15 05:01:24][0m [33mWARNING [0m [2m[py.warnings:112, 88377262b50a, rank=0][0m /opt/conda/lib/python3.12/site-packages/olmo_core/nn/pooled_soft_token.py:299: UserWarning: called a synchronizing CUDA operation (Triggered internally at /pytorch/c10/cuda/CUDAFunctions.cpp:162.)
2026-09-15T05:01:24.973Z   soft_docs=torch.tensor(soft_docs, dtype=torch.long, device=device),
2026-09-15T05:01:24.973Z 
2026-09-15T05:01:24.974Z [2;36m[2026-09-15 05:01:24][0m [33mWARNING [0m [2m[py.warnings:112, 88377262b50a, rank=0][0m /opt/conda/lib/python3.12/site-packages/olmo_core/nn/pooled_soft_token.py:301: UserWarning: called a synchronizing CUDA operation (Triggered internally at /pytorch/c10/cuda/CUDAFunctions.cpp:162.)
2026-09-15T05:01:24.974Z   soft_log_len=torch.tensor(soft_log_len, dtype=torch.float32, device=device),
2026-09-15T05:01:24.974Z 
2026-09-15T05:01:24.974Z [2;36m[2026-09-15 05:01:24][0m [33mWARNING [0m [2m[py.warnings:112, 88377262b50a, rank=0][0m /opt/conda/lib/python3.12/site-packages/olmo_core/nn/transformer/model.py:1502: UserWarning: called a synchronizing CUDA operation (Triggered internally at /pytorch/c10/cuda/CUDAFunctions.cpp:162.)
2026-09-15T05:01:24.974Z   kv_grad_mask[cb.soft_rows, cb.soft_cols] = False
2026-09-15T05:01:24.974Z 
2026-09-15T05:01:35.771Z [2;36m[2026-09-15 05:01:35][0m [33mWARNING [0m [2m[py.warnings:112, 88377262b50a, rank=0][0m /opt/conda/lib/python3.12/site-packages/liger_kernel/ops/fused_linear_cross_entropy.py:75: UserWarning: called a synchronizing CUDA operation (Triggered internally at /pytorch/c10/cuda/CUDAFunctions.cpp:162.)
2026-09-15T05:01:35.771Z   total_n_non_ignore = target_mask.sum().item()
2026-09-15T05:01:35.771Z 
2026-09-15T05:01:35.775Z [2;36m[2026-09-15 05:01:35][0m [33mWARNING [0m [2m[py.warnings:112, 88377262b50a, rank=1][0m /opt/conda/lib/python3.12/site-packages/liger_kernel/ops/fused_linear_cross_entropy.py:75: UserWarning: called a synchronizing CUDA operation (Triggered internally at /pytorch/c10/cuda/CUDAFunctions.cpp:162.)
2026-09-15T05:01:35.775Z   total_n_non_ignore = target_mask.sum().item()
2026-09-15T05:01:35.775Z 
2026-09-15T05:01:36.568Z [2;36m[2026-09-15 05:01:36][0m [33mWARNING [0m [2m[py.warnings:112, 88377262b50a, rank=1][0m /opt/conda/lib/python3.12/site-packages/liger_kernel/ops/fused_linear_cross_entropy.py:233: UserWarning: called a synchronizing CUDA operation (Triggered internally at /pytorch/c10/cuda/CUDAFunctions.cpp:162.)
2026-09-15T05:01:36.568Z   if not torch.equal(grad_output, torch.tensor(1.0, device=grad_output.device)):
2026-09-15T05:01:36.568Z 
2026-09-15T05:01:36.659Z [2;36m[2026-09-15 05:01:36][0m [33mWARNING [0m [2m[py.warnings:112, 88377262b50a, rank=0][0m /opt/conda/lib/python3.12/site-packages/liger_kernel/ops/fused_linear_cross_entropy.py:233: UserWarning: called a synchronizing CUDA operation (Triggered internally at /pytorch/c10/cuda/CUDAFunctions.cpp:162.)
2026-09-15T05:01:36.659Z   if not torch.equal(grad_output, torch.tensor(1.0, device=grad_output.device)):
2026-09-15T05:01:36.659Z 
2026-09-15T05:01:49.788Z [2;36m[2026-09-15 05:01:49][0m [33mWARNING [0m [2m[py.warnings:112, 88377262b50a, rank=1][0m /opt/conda/lib/python3.12/site-packages/torch/autograd/graph.py:841: UserWarning: called a synchronizing CUDA operation (Triggered internally at /pytorch/c10/cuda/CUDAFunctions.cpp:162.)
2026-09-15T05:01:49.788Z   return Variable._execution_engine.run_backward(  # Calls into the C++ engine to run the backward pass
2026-09-15T05:01:49.788Z 
2026-09-15T05:01:49.789Z [2;36m[2026-09-15 05:01:49][0m [33mWARNING [0m [2m[py.warnings:112, 88377262b50a, rank=1][0m /opt/conda/lib/python3.12/site-packages/torch/distributed/utils.py:106: UserWarning: called a synchronizing CUDA operation (Triggered internally at /pytorch/c10/cuda/CUDAFunctions.cpp:162.)
2026-09-15T05:01:49.789Z   return (obj.to(target_device),)
2026-09-15T05:01:49.789Z 
2026-09-15T05:01:49.798Z [2;36m[2026-09-15 05:01:49][0m [33mWARNING [0m [2m[py.warnings:112, 88377262b50a, rank=1][0m /opt/conda/lib/python3.12/site-packages/olmo_core/nn/transformer/model.py:777: UserWarning: called a synchronizing CUDA operation (Triggered internally at /pytorch/c10/cuda/CUDAFunctions.cpp:162.)
2026-09-15T05:01:49.798Z   n_docs = int(chunk_ids.max().item()) + 1
2026-09-15T05:01:49.798Z 
2026-09-15T05:01:49.807Z [2;36m[2026-09-15 05:01:49][0m [33mWARNING [0m [2m[py.warnings:112, 88377262b50a, rank=1][0m /opt/conda/lib/python3.12/site-packages/olmo_core/nn/transformer/model.py:834: UserWarning: called a synchronizing CUDA operation (Triggered internally at /pytorch/c10/cuda/CUDAFunctions.cpp:162.)
2026-09-15T05:01:49.807Z   flat = (torch.arange(B, device=emb.device)[:, None] * n_docs + cid.clamp(min=0)).reshape(
2026-09-15T05:01:49.807Z 
2026-09-15T05:01:49.808Z [2;36m[2026-09-15 05:01:49][0m [33mWARNING [0m [2m[py.warnings:112, 88377262b50a, rank=1][0m /opt/conda/lib/python3.12/site-packages/olmo_core/nn/transformer/model.py:838: UserWarning: called a synchronizing CUDA operation (Triggered internally at /pytorch/c10/cuda/CUDAFunctions.cpp:162.)
2026-09-15T05:01:49.808Z   0, flat, emb.reshape(B * T, D)[is_ctx.reshape(-1)]
2026-09-15T05:01:49.808Z 
2026-09-15T05:01:49.815Z [2;36m[2026-09-15 05:01:49][0m [33mWARNING [0m [2m[py.warnings:112, 88377262b50a, rank=1][0m /opt/conda/lib/python3.12/site-packages/olmo_core/nn/pooled_soft_token.py:173: UserWarning: called a synchronizing CUDA operation (Triggered internally at /pytorch/c10/cuda/CUDAFunctions.cpp:162.)
2026-09-15T05:01:49.815Z   kept_idx = kept_tok.nonzero(as_tuple=True)[0]
2026-09-15T05:01:49.815Z 
2026-09-15T05:01:49.816Z [2;36m[2026-09-15 05:01:49][0m [33mWARNING [0m [2m[py.warnings:112, 88377262b50a, rank=1][0m /opt/conda/lib/python3.12/site-packages/olmo_core/nn/pooled_soft_token.py:179: UserWarning: called a synchronizing CUDA operation (Triggered internally at /pytorch/c10/cuda/CUDAFunctions.cpp:162.)
2026-09-15T05:01:49.816Z   if is_ctx.any():
2026-09-15T05:01:49.816Z 
2026-09-15T05:01:49.816Z [2;36m[2026-09-15 05:01:49][0m [33mWARNING [0m [2m[py.warnings:112, 88377262b50a, rank=1][0m /opt/conda/lib/python3.12/site-packages/olmo_core/nn/pooled_soft_token.py:180: UserWarning: called a synchronizing CUDA operation (Triggered internally at /pytorch/c10/cuda/CUDAFunctions.cpp:162.)
2026-09-15T05:01:49.816Z   d_ix = c[is_ctx]
2026-09-15T05:01:49.816Z 
2026-09-15T05:01:49.817Z [2;36m[2026-09-15 05:01:49][0m [33mWARNING [0m [2m[py.warnings:112, 88377262b50a, rank=1][0m /opt/conda/lib/python3.12/site-packages/olmo_core/nn/pooled_soft_token.py:181: UserWarning: called a synchronizing CUDA operation (Triggered internally at /pytorch/c10/cuda/CUDAFunctions.cpp:162.)
2026-09-15T05:01:49.817Z   pos_ix = is_ctx.nonzero(as_tuple=True)[0]
2026-09-15T05:01:49.817Z 
2026-09-15T05:01:49.817Z [2;36m[2026-09-15 05:01:49][0m [33mWARNING [0m [2m[py.warnings:112, 88377262b50a, rank=1][0m /opt/conda/lib/python3.12/site-packages/olmo_core/nn/pooled_soft_token.py:186: UserWarning: called a synchronizing CUDA operation (Triggered internally at /pytorch/c10/cuda/CUDAFunctions.cpp:162.)
2026-09-15T05:01:49.817Z   pooled_docs = pooled.nonzero(as_tuple=True)[0]
2026-09-15T05:01:49.817Z 
2026-09-15T05:01:49.818Z [2;36m[2026-09-15 05:01:49][0m [33mWARNING [0m [2m[py.warnings:112, 88377262b50a, rank=1][0m /opt/conda/lib/python3.12/site-packages/olmo_core/nn/pooled_soft_token.py:217: UserWarning: called a synchronizing CUDA operation (Triggered internally at /pytorch/c10/cuda/CUDAFunctions.cpp:162.)
2026-09-15T05:01:49.818Z   doc_len = torch.bincount(c[is_ctx], minlength=n_docs) if is_ctx.any() else torch.zeros(n_docs, dtype=torch.long, device=device)
2026-09-15T05:01:49.818Z 
2026-09-15T05:01:49.819Z [2;36m[2026-09-15 05:01:49][0m [33mWARNING [0m [2m[py.warnings:112, 88377262b50a, rank=1][0m /opt/conda/lib/python3.12/site-packages/olmo_core/nn/pooled_soft_token.py:222: UserWarning: called a synchronizing CUDA operation (Triggered internally at /pytorch/c10/cuda/CUDAFunctions.cpp:162.)
2026-09-15T05:01:49.819Z   soft_cols_b = soft_mask.nonzero(as_tuple=True)[0]
2026-09-15T05:01:49.819Z 
2026-09-15T05:01:49.819Z [2;36m[2026-09-15 05:01:49][0m [33mWARNING [0m [2m[py.warnings:112, 88377262b50a, rank=1][0m /opt/conda/lib/python3.12/site-packages/olmo_core/nn/pooled_soft_token.py:226: UserWarning: called a synchronizing CUDA operation (Triggered internally at /pytorch/c10/cuda/CUDAFunctions.cpp:162.)
2026-09-15T05:01:49.819Z   cols_l = soft_cols_b.tolist()
2026-09-15T05:01:49.819Z 
2026-09-15T05:01:49.819Z [2;36m[2026-09-15 05:01:49][0m [33mWARNING [0m [2m[py.warnings:112, 88377262b50a, rank=1][0m /opt/conda/lib/python3.12/site-packages/olmo_core/nn/pooled_soft_token.py:229: UserWarning: called a synchronizing CUDA operation (Triggered internally at /pytorch/c10/cuda/CUDAFunctions.cpp:162.)
2026-09-15T05:01:49.819Z   soft_docs += docs_b.tolist()
2026-09-15T05:01:49.819Z 
2026-09-15T05:01:49.820Z [2;36m[2026-09-15 05:01:49][0m [33mWARNING [0m [2m[py.warnings:112, 88377262b50a, rank=1][0m /opt/conda/lib/python3.12/site-packages/olmo_core/nn/pooled_soft_token.py:230: UserWarning: called a synchronizing CUDA operation (Triggered internally at /pytorch/c10/cuda/CUDAFunctions.cpp:162.)
2026-09-15T05:01:49.820Z   soft_log_len += lens_b.tolist()
2026-09-15T05:01:49.820Z 
2026-09-15T05:01:49.821Z [2;36m[2026-09-15 05:01:49][0m [33mWARNING [0m [2m[py.warnings:112, 88377262b50a, rank=1][0m /opt/conda/lib/python3.12/site-packages/olmo_core/nn/pooled_soft_token.py:280: UserWarning: called a synchronizing CUDA operation (Triggered internally at /pytorch/c10/cuda/CUDAFunctions.cpp:162.)
2026-09-15T05:01:49.822Z   row_lens[b] = L
2026-09-15T05:01:49.822Z 
2026-09-15T05:01:49.822Z [2;36m[2026-09-15 05:01:49][0m [33mWARNING [0m [2m[py.warnings:112, 88377262b50a, rank=1][0m /opt/conda/lib/python3.12/site-packages/olmo_core/nn/pooled_soft_token.py:297: UserWarning: called a synchronizing CUDA operation (Triggered internally at /pytorch/c10/cuda/CUDAFunctions.cpp:162.)
2026-09-15T05:01:49.822Z   soft_rows=torch.tensor(soft_rows, dtype=torch.long, device=device),
2026-09-15T05:01:49.822Z 
2026-09-15T05:01:49.822Z [2;36m[2026-09-15 05:01:49][0m [33mWARNING [0m [2m[py.warnings:112, 88377262b50a, rank=1][0m /opt/conda/lib/python3.12/site-packages/olmo_core/nn/pooled_soft_token.py:298: UserWarning: called a synchronizing CUDA operation (Triggered internally at /pytorch/c10/cuda/CUDAFunctions.cpp:162.)
2026-09-15T05:01:49.822Z   soft_cols=torch.tensor(soft_cols, dtype=torch.long, device=device),
2026-09-15T05:01:49.822Z 
2026-09-15T05:01:49.823Z [2;36m[2026-09-15 05:01:49][0m [33mWARNING [0m [2m[py.warnings:112, 88377262b50a, rank=1][0m /opt/conda/lib/python3.12/site-packages/olmo_core/nn/pooled_soft_token.py:299: UserWarning: called a synchronizing CUDA operation (Triggered internally at /pytorch/c10/cuda/CUDAFunctions.cpp:162.)
2026-09-15T05:01:49.823Z   soft_docs=torch.tensor(soft_docs, dtype=torch.long, device=device),
2026-09-15T05:01:49.823Z 
2026-09-15T05:01:49.823Z [2;36m[2026-09-15 05:01:49][0m [33mWARNING [0m [2m[py.warnings:112, 88377262b50a, rank=1][0m /opt/conda/lib/python3.12/site-packages/olmo_core/nn/pooled_soft_token.py:301: UserWarning: called a synchronizing CUDA operation (Triggered internally at /pytorch/c10/cuda/CUDAFunctions.cpp:162.)
2026-09-15T05:01:49.823Z   soft_log_len=torch.tensor(soft_log_len, dtype=torch.float32, device=device),
2026-09-15T05:01:49.823Z 
2026-09-15T05:01:49.823Z [2;36m[2026-09-15 05:01:49][0m [33mWARNING [0m [2m[py.warnings:112, 88377262b50a, rank=1][0m /opt/conda/lib/python3.12/site-packages/olmo_core/nn/transformer/model.py:1502: UserWarning: called a synchronizing CUDA operation (Triggered internally at /pytorch/c10/cuda/CUDAFunctions.cpp:162.)
2026-09-15T05:01:49.823Z   kv_grad_mask[cb.soft_rows, cb.soft_cols] = False
2026-09-15T05:01:49.823Z 
2026-09-15T05:01:49.966Z [2;36m[2026-09-15 05:01:49][0m [33mWARNING [0m [2m[py.warnings:112, 88377262b50a, rank=1][0m /opt/conda/lib/python3.12/site-packages/liger_kernel/ops/fused_linear_cross_entropy.py:75: UserWarning: called a synchronizing CUDA operation (Triggered internally at /pytorch/c10/cuda/CUDAFunctions.cpp:162.)
2026-09-15T05:01:49.966Z   total_n_non_ignore = target_mask.sum().item()
2026-09-15T05:01:49.966Z 
2026-09-15T05:01:50.576Z [2;36m[2026-09-15 05:01:50][0m [33mWARNING [0m [2m[py.warnings:112, 88377262b50a, rank=1][0m /opt/conda/lib/python3.12/site-packages/liger_kernel/ops/fused_linear_cross_entropy.py:233: UserWarning: called a synchronizing CUDA operation (Triggered internally at /pytorch/c10/cuda/CUDAFunctions.cpp:162.)
2026-09-15T05:01:50.576Z   if not torch.equal(grad_output, torch.tensor(1.0, device=grad_output.device)):
2026-09-15T05:01:50.576Z 
2026-09-15T05:01:57.230Z [2;36m[2026-09-15 05:01:57][0m [34mINFO    [0m [2m[olmo_core.train.callbacks.console_logger:68, 88377262b50a, rank=0][0m [step=19/61,epoch=1,eta=13m]
2026-09-15T05:01:57.230Z     gpu_memory/GPU active mem (%)=75.57
2026-09-15T05:01:57.230Z     gpu_memory/GPU active mem (GiB)=59.89
2026-09-15T05:01:57.230Z     gpu_memory/GPU reserved mem (%)=80.90
2026-09-15T05:01:57.230Z     gpu_memory/GPU reserved mem (GiB)=64.12
2026-09-15T05:01:57.230Z     optim/LR (group 0)=3.56E-06
2026-09-15T05:01:57.230Z     optim/LR (group 1)=3.56E-06
2026-09-15T05:01:57.230Z     optim/step skipped=0.0
2026-09-15T05:01:57.230Z     optim/total grad norm=2.341
2026-09-15T05:01:57.230Z     throughput/chinchilla multiple=2.96E-05
2026-09-15T05:01:57.230Z     throughput/device/BPS=0.0175
2026-09-15T05:01:57.230Z     throughput/device/BPS (actual avg)=0.0528
2026-09-15T05:01:57.230Z     throughput/device/MFU=8.434
2026-09-15T05:01:57.230Z     throughput/device/MFU (actual avg)=25.37
2026-09-15T05:01:57.230Z     throughput/device/TPS=1,149
2026-09-15T05:01:57.230Z     throughput/device/TPS (actual avg)=3,457
2026-09-15T05:01:57.230Z     throughput/device/flopsPS=26.32T
2026-09-15T05:01:57.230Z     throughput/device/flopsPS (actual avg)=79.17T
2026-09-15T05:01:57.230Z     throughput/total petaflops=57.03
2026-09-15T05:01:57.230Z     throughput/total tokens=2,490,368
2026-09-15T05:01:57.230Z     train/CE loss=0.3979
2026-09-15T05:01:57.230Z     throughput/device/data loading (%)=0.0025
2026-09-15T05:01:57.230Z     throughput/device/data loading (s)=0.0014
2026-09-15T05:01:57.230Z     train/PPL=1.489
2026-09-15T05:02:08.062Z [2;36m[2026-09-15 05:02:08][0m [34mINFO    [0m [2m[olmo_core.train.callbacks.console_logger:68, 88377262b50a, rank=0][0m [step=20/61,epoch=1,eta=13m]
2026-09-15T05:02:08.062Z     gpu_memory/GPU active mem (%)=75.57
2026-09-15T05:02:08.062Z     gpu_memory/GPU active mem (GiB)=59.89
2026-09-15T05:02:08.062Z     gpu_memory/GPU reserved mem (%)=80.90
2026-09-15T05:02:08.062Z     gpu_memory/GPU reserved mem (GiB)=64.12
2026-09-15T05:02:08.062Z     optim/LR (group 0)=3.47E-06
2026-09-15T05:02:08.062Z     optim/LR (group 1)=3.47E-06
2026-09-15T05:02:08.062Z     optim/step skipped=0.0
2026-09-15T05:02:08.062Z     optim/total grad norm=2.863
2026-09-15T05:02:08.062Z     throughput/chinchilla multiple=3.12E-05
2026-09-15T05:02:08.062Z     throughput/device/BPS=0.0923
2026-09-15T05:02:08.062Z     throughput/device/BPS (actual avg)=0.0540
2026-09-15T05:02:08.062Z     throughput/device/MFU=44.40
2026-09-15T05:02:08.062Z     throughput/device/MFU (actual avg)=25.96
2026-09-15T05:02:08.062Z     throughput/device/TPS=6,049
2026-09-15T05:02:08.062Z     throughput/device/TPS (actual avg)=3,536
2026-09-15T05:02:08.062Z     throughput/device/flopsPS=138.5T
2026-09-15T05:02:08.062Z     throughput/device/flopsPS (actual avg)=80.99T
2026-09-15T05:02:08.062Z     throughput/total petaflops=60.03
2026-09-15T05:02:08.062Z     throughput/total tokens=2,621,440
2026-09-15T05:02:08.062Z     train/CE loss=0.4001
2026-09-15T05:02:08.062Z     throughput/device/data loading (%)=0.0205
2026-09-15T05:02:08.062Z     throughput/device/data loading (s)=0.0022
2026-09-15T05:02:08.062Z     train/PPL=1.492
2026-09-15T05:02:18.756Z [2;36m[2026-09-15 05:02:18][0m [33mWARNING [0m [2m[py.warnings:112, 88377262b50a, rank=1][0m /opt/conda/lib/python3.12/site-packages/torch/autograd/graph.py:841: UserWarning: called a synchronizing CUDA operation (Triggered internally at /pytorch/c10/cuda/CUDAFunctions.cpp:162.)
2026-09-15T05:02:18.756Z   return Variable._execution_engine.run_backward(  # Calls into the C++ engine to run the backward pass
2026-09-15T05:02:18.756Z 
2026-09-15T05:02:18.762Z [2;36m[2026-09-15 05:02:18][0m [33mWARNING [0m [2m[py.warnings:112, 88377262b50a, rank=0][0m /opt/conda/lib/python3.12/site-packages/torch/autograd/graph.py:841: UserWarning: called a synchronizing CUDA operation (Triggered internally at /pytorch/c10/cuda/CUDAFunctions.cpp:162.)
2026-09-15T05:02:18.762Z   return Variable._execution_engine.run_backward(  # Calls into the C++ engine to run the backward pass
2026-09-15T05:02:18.762Z 
2026-09-15T05:02:19.002Z [2;36m[2026-09-15 05:02:19][0m [33mWARNING [0m [2m[py.warnings:112, 88377262b50a, rank=1][0m /opt/conda/lib/python3.12/site-packages/torch/distributed/utils.py:106: UserWarning: called a synchronizing CUDA operation (Triggered internally at /pytorch/c10/cuda/CUDAFunctions.cpp:162.)
2026-09-15T05:02:19.002Z   return (obj.to(target_device),)
2026-09-15T05:02:19.002Z 
2026-09-15T05:02:19.002Z [2;36m[2026-09-15 05:02:19][0m [33mWARNING [0m [2m[py.warnings:112, 88377262b50a, rank=0][0m /opt/conda/lib/python3.12/site-packages/torch/distributed/utils.py:106: UserWarning: called a synchronizing CUDA operation (Triggered internally at /pytorch/c10/cuda/CUDAFunctions.cpp:162.)
2026-09-15T05:02:19.002Z   return (obj.to(target_device),)
2026-09-15T05:02:19.002Z 
2026-09-15T05:02:19.005Z [2;36m[2026-09-15 05:02:19][0m [34mINFO    [0m [2m[olmo_core.train.callbacks.console_logger:68, 88377262b50a, rank=0][0m [step=21/61,epoch=1,eta=12m]
2026-09-15T05:02:19.005Z     gpu_memory/GPU active mem (%)=75.57
2026-09-15T05:02:19.005Z     gpu_memory/GPU active mem (GiB)=59.89
2026-09-15T05:02:19.005Z     gpu_memory/GPU reserved mem (%)=80.90
2026-09-15T05:02:19.005Z     gpu_memory/GPU reserved mem (GiB)=64.12
2026-09-15T05:02:19.005Z     optim/LR (group 0)=3.39E-06
2026-09-15T05:02:19.005Z     optim/LR (group 1)=3.39E-06
2026-09-15T05:02:19.005Z     optim/step skipped=0.0
2026-09-15T05:02:19.005Z     optim/total grad norm=2.681
2026-09-15T05:02:19.005Z     throughput/chinchilla multiple=3.27E-05
2026-09-15T05:02:19.005Z     throughput/device/BPS=0.0914
2026-09-15T05:02:19.005Z     throughput/device/BPS (actual avg)=0.0551
2026-09-15T05:02:19.005Z     throughput/device/MFU=43.95
2026-09-15T05:02:19.005Z     throughput/device/MFU (actual avg)=26.50
2026-09-15T05:02:19.005Z     throughput/device/TPS=5,988
2026-09-15T05:02:19.005Z     throughput/device/TPS (actual avg)=3,610
2026-09-15T05:02:19.005Z     throughput/device/flopsPS=137.1T
2026-09-15T05:02:19.005Z     throughput/device/flopsPS (actual avg)=82.68T
2026-09-15T05:02:19.005Z     throughput/total petaflops=63.03
2026-09-15T05:02:19.005Z     throughput/total tokens=2,752,512
2026-09-15T05:02:19.005Z     train/CE loss=0.4075
2026-09-15T05:02:19.005Z     throughput/device/data loading (%)=0.0173
2026-09-15T05:02:19.005Z     throughput/device/data loading (s)=0.0019
2026-09-15T05:02:19.005Z     train/PPL=1.503
2026-09-15T05:02:19.007Z [2;36m[2026-09-15 05:02:19][0m [33mWARNING [0m [2m[py.warnings:112, 88377262b50a, rank=0][0m /opt/conda/lib/python3.12/site-packages/olmo_core/nn/transformer/model.py:777: UserWarning: called a synchronizing CUDA operation (Triggered internally at /pytorch/c10/cuda/CUDAFunctions.cpp:162.)
2026-09-15T05:02:19.007Z   n_docs = int(chunk_ids.max().item()) + 1
2026-09-15T05:02:19.007Z 
2026-09-15T05:02:19.016Z [2;36m[2026-09-15 05:02:19][0m [33mWARNING [0m [2m[py.warnings:112, 88377262b50a, rank=0][0m /opt/conda/lib/python3.12/site-packages/olmo_core/nn/transformer/model.py:834: UserWarning: called a synchronizing CUDA operation (Triggered internally at /pytorch/c10/cuda/CUDAFunctions.cpp:162.)
2026-09-15T05:02:19.016Z   flat = (torch.arange(B, device=emb.device)[:, None] * n_docs + cid.clamp(min=0)).reshape(
2026-09-15T05:02:19.016Z 
2026-09-15T05:02:19.016Z [2;36m[2026-09-15 05:02:19][0m [33mWARNING [0m [2m[py.warnings:112, 88377262b50a, rank=1][0m /opt/conda/lib/python3.12/site-packages/olmo_core/nn/transformer/model.py:834: UserWarning: called a synchronizing CUDA operation (Triggered internally at /pytorch/c10/cuda/CUDAFunctions.cpp:162.)
2026-09-15T05:02:19.016Z   flat = (torch.arange(B, device=emb.device)[:, None] * n_docs + cid.clamp(min=0)).reshape(
2026-09-15T05:02:19.016Z 
2026-09-15T05:02:19.016Z [2;36m[2026-09-15 05:02:19][0m [33mWARNING [0m [2m[py.warnings:112, 88377262b50a, rank=1][0m /opt/conda/lib/python3.12/site-packages/olmo_core/nn/transformer/model.py:838: UserWarning: called a synchronizing CUDA operation (Triggered internally at /pytorch/c10/cuda/CUDAFunctions.cpp:162.)
2026-09-15T05:02:19.017Z   0, flat, emb.reshape(B * T, D)[is_ctx.reshape(-1)]
2026-09-15T05:02:19.017Z 
2026-09-15T05:02:19.017Z [2;36m[2026-09-15 05:02:19][0m [33mWARNING [0m [2m[py.warnings:112, 88377262b50a, rank=0][0m /opt/conda/lib/python3.12/site-packages/olmo_core/nn/transformer/model.py:838: UserWarning: called a synchronizing CUDA operation (Triggered internally at /pytorch/c10/cuda/CUDAFunctions.cpp:162.)
2026-09-15T05:02:19.017Z   0, flat, emb.reshape(B * T, D)[is_ctx.reshape(-1)]
2026-09-15T05:02:19.017Z 
2026-09-15T05:02:19.027Z [2;36m[2026-09-15 05:02:19][0m [33mWARNING [0m [2m[py.warnings:112, 88377262b50a, rank=0][0m /opt/conda/lib/python3.12/site-packages/olmo_core/nn/pooled_soft_token.py:173: UserWarning: called a synchronizing CUDA operation (Triggered internally at /pytorch/c10/cuda/CUDAFunctions.cpp:162.)
2026-09-15T05:02:19.027Z   kept_idx = kept_tok.nonzero(as_tuple=True)[0]
2026-09-15T05:02:19.027Z 
2026-09-15T05:02:19.027Z [2;36m[2026-09-15 05:02:19][0m [33mWARNING [0m [2m[py.warnings:112, 88377262b50a, rank=0][0m /opt/conda/lib/python3.12/site-packages/olmo_core/nn/pooled_soft_token.py:179: UserWarning: called a synchronizing CUDA operation (Triggered internally at /pytorch/c10/cuda/CUDAFunctions.cpp:162.)
2026-09-15T05:02:19.027Z   if is_ctx.any():
2026-09-15T05:02:19.027Z 
2026-09-15T05:02:19.027Z [2;36m[2026-09-15 05:02:19][0m [33mWARNING [0m [2m[py.warnings:112, 88377262b50a, rank=1][0m /opt/conda/lib/python3.12/site-packages/olmo_core/nn/pooled_soft_token.py:173: UserWarning: called a synchronizing CUDA operation (Triggered internally at /pytorch/c10/cuda/CUDAFunctions.cpp:162.)
2026-09-15T05:02:19.027Z   kept_idx = kept_tok.nonzero(as_tuple=True)[0]
2026-09-15T05:02:19.027Z 
2026-09-15T05:02:19.028Z [2;36m[2026-09-15 05:02:19][0m [33mWARNING [0m [2m[py.warnings:112, 88377262b50a, rank=1][0m /opt/conda/lib/python3.12/site-packages/olmo_core/nn/pooled_soft_token.py:179: UserWarning: called a synchronizing CUDA operation (Triggered internally at /pytorch/c10/cuda/CUDAFunctions.cpp:162.)
2026-09-15T05:02:19.028Z   if is_ctx.any():
2026-09-15T05:02:19.028Z 
2026-09-15T05:02:19.028Z [2;36m[2026-09-15 05:02:19][0m [33mWARNING [0m [2m[py.warnings:112, 88377262b50a, rank=0][0m /opt/conda/lib/python3.12/site-packages/olmo_core/nn/pooled_soft_token.py:180: UserWarning: called a synchronizing CUDA operation (Triggered internally at /pytorch/c10/cuda/CUDAFunctions.cpp:162.)
2026-09-15T05:02:19.028Z   d_ix = c[is_ctx]
2026-09-15T05:02:19.028Z 
2026-09-15T05:02:19.028Z [2;36m[2026-09-15 05:02:19][0m [33mWARNING [0m [2m[py.warnings:112, 88377262b50a, rank=1][0m /opt/conda/lib/python3.12/site-packages/olmo_core/nn/pooled_soft_token.py:180: UserWarning: called a synchronizing CUDA operation (Triggered internally at /pytorch/c10/cuda/CUDAFunctions.cpp:162.)
2026-09-15T05:02:19.028Z   d_ix = c[is_ctx]
2026-09-15T05:02:19.028Z 
2026-09-15T05:02:19.028Z [2;36m[2026-09-15 05:02:19][0m [33mWARNING [0m [2m[py.warnings:112, 88377262b50a, rank=0][0m /opt/conda/lib/python3.12/site-packages/olmo_core/nn/pooled_soft_token.py:181: UserWarning: called a synchronizing CUDA operation (Triggered internally at /pytorch/c10/cuda/CUDAFunctions.cpp:162.)
2026-09-15T05:02:19.028Z   pos_ix = is_ctx.nonzero(as_tuple=True)[0]
2026-09-15T05:02:19.028Z 
2026-09-15T05:02:19.029Z [2;36m[2026-09-15 05:02:19][0m [33mWARNING [0m [2m[py.warnings:112, 88377262b50a, rank=1][0m /opt/conda/lib/python3.12/site-packages/olmo_core/nn/pooled_soft_token.py:181: UserWarning: called a synchronizing CUDA operation (Triggered internally at /pytorch/c10/cuda/CUDAFunctions.cpp:162.)
2026-09-15T05:02:19.029Z   pos_ix = is_ctx.nonzero(as_tuple=True)[0]
2026-09-15T05:02:19.029Z 
2026-09-15T05:02:19.029Z [2;36m[2026-09-15 05:02:19][0m [33mWARNING [0m [2m[py.warnings:112, 88377262b50a, rank=0][0m /opt/conda/lib/python3.12/site-packages/olmo_core/nn/pooled_soft_token.py:186: UserWarning: called a synchronizing CUDA operation (Triggered internally at /pytorch/c10/cuda/CUDAFunctions.cpp:162.)
2026-09-15T05:02:19.029Z   pooled_docs = pooled.nonzero(as_tuple=True)[0]
2026-09-15T05:02:19.029Z 
2026-09-15T05:02:19.029Z [2;36m[2026-09-15 05:02:19][0m [33mWARNING [0m [2m[py.warnings:112, 88377262b50a, rank=1][0m /opt/conda/lib/python3.12/site-packages/olmo_core/nn/pooled_soft_token.py:186: UserWarning: called a synchronizing CUDA operation (Triggered internally at /pytorch/c10/cuda/CUDAFunctions.cpp:162.)
2026-09-15T05:02:19.029Z   pooled_docs = pooled.nonzero(as_tuple=True)[0]
2026-09-15T05:02:19.029Z 
2026-09-15T05:02:19.030Z [2;36m[2026-09-15 05:02:19][0m [33mWARNING [0m [2m[py.warnings:112, 88377262b50a, rank=0][0m /opt/conda/lib/python3.12/site-packages/olmo_core/nn/pooled_soft_token.py:217: UserWarning: called a synchronizing CUDA operation (Triggered internally at /pytorch/c10/cuda/CUDAFunctions.cpp:162.)
2026-09-15T05:02:19.030Z   doc_len = torch.bincount(c[is_ctx], minlength=n_docs) if is_ctx.any() else torch.zeros(n_docs, dtype=torch.long, device=device)
2026-09-15T05:02:19.030Z 
2026-09-15T05:02:19.030Z [2;36m[2026-09-15 05:02:19][0m [33mWARNING [0m [2m[py.warnings:112, 88377262b50a, rank=1][0m /opt/conda/lib/python3.12/site-packages/olmo_core/nn/pooled_soft_token.py:217: UserWarning: called a synchronizing CUDA operation (Triggered internally at /pytorch/c10/cuda/CUDAFunctions.cpp:162.)
2026-09-15T05:02:19.030Z   doc_len = torch.bincount(c[is_ctx], minlength=n_docs) if is_ctx.any() else torch.zeros(n_docs, dtype=torch.long, device=device)
2026-09-15T05:02:19.030Z 
2026-09-15T05:02:19.031Z [2;36m[2026-09-15 05:02:19][0m [33mWARNING [0m [2m[py.warnings:112, 88377262b50a, rank=0][0m /opt/conda/lib/python3.12/site-packages/olmo_core/nn/pooled_soft_token.py:222: UserWarning: called a synchronizing CUDA operation (Triggered internally at /pytorch/c10/cuda/CUDAFunctions.cpp:162.)
2026-09-15T05:02:19.031Z   soft_cols_b = soft_mask.nonzero(as_tuple=True)[0]
2026-09-15T05:02:19.031Z 
2026-09-15T05:02:19.031Z [2;36m[2026-09-15 05:02:19][0m [33mWARNING [0m [2m[py.warnings:112, 88377262b50a, rank=1][0m /opt/conda/lib/python3.12/site-packages/olmo_core/nn/pooled_soft_token.py:222: UserWarning: called a synchronizing CUDA operation (Triggered internally at /pytorch/c10/cuda/CUDAFunctions.cpp:162.)
2026-09-15T05:02:19.031Z   soft_cols_b = soft_mask.nonzero(as_tuple=True)[0]
2026-09-15T05:02:19.031Z 
2026-09-15T05:02:19.031Z [2;36m[2026-09-15 05:02:19][0m [33mWARNING [0m [2m[py.warnings:112, 88377262b50a, rank=1][0m /opt/conda/lib/python3.12/site-packages/olmo_core/nn/pooled_soft_token.py:226: UserWarning: called a synchronizing CUDA operation (Triggered internally at /pytorch/c10/cuda/CUDAFunctions.cpp:162.)
2026-09-15T05:02:19.031Z   cols_l = soft_cols_b.tolist()
2026-09-15T05:02:19.031Z 
2026-09-15T05:02:19.031Z [2;36m[2026-09-15 05:02:19][0m [33mWARNING [0m [2m[py.warnings:112, 88377262b50a, rank=0][0m /opt/conda/lib/python3.12/site-packages/olmo_core/nn/pooled_soft_token.py:226: UserWarning: called a synchronizing CUDA operation (Triggered internally at /pytorch/c10/cuda/CUDAFunctions.cpp:162.)
2026-09-15T05:02:19.031Z   cols_l = soft_cols_b.tolist()
2026-09-15T05:02:19.031Z 
2026-09-15T05:02:19.031Z [2;36m[2026-09-15 05:02:19][0m [33mWARNING [0m [2m[py.warnings:112, 88377262b50a, rank=1][0m /opt/conda/lib/python3.12/site-packages/olmo_core/nn/pooled_soft_token.py:229: UserWarning: called a synchronizing CUDA operation (Triggered internally at /pytorch/c10/cuda/CUDAFunctions.cpp:162.)
2026-09-15T05:02:19.031Z   soft_docs += docs_b.tolist()
2026-09-15T05:02:19.031Z 
2026-09-15T05:02:19.032Z [2;36m[2026-09-15 05:02:19][0m [33mWARNING [0m [2m[py.warnings:112, 88377262b50a, rank=0][0m /opt/conda/lib/python3.12/site-packages/olmo_core/nn/pooled_soft_token.py:229: UserWarning: called a synchronizing CUDA operation (Triggered internally at /pytorch/c10/cuda/CUDAFunctions.cpp:162.)
2026-09-15T05:02:19.032Z   soft_docs += docs_b.tolist()
2026-09-15T05:02:19.032Z 
2026-09-15T05:02:19.032Z [2;36m[2026-09-15 05:02:19][0m [33mWARNING [0m [2m[py.warnings:112, 88377262b50a, rank=1][0m /opt/conda/lib/python3.12/site-packages/olmo_core/nn/pooled_soft_token.py:230: UserWarning: called a synchronizing CUDA operation (Triggered internally at /pytorch/c10/cuda/CUDAFunctions.cpp:162.)
2026-09-15T05:02:19.032Z   soft_log_len += lens_b.tolist()
2026-09-15T05:02:19.032Z 
2026-09-15T05:02:19.032Z [2;36m[2026-09-15 05:02:19][0m [33mWARNING [0m [2m[py.warnings:112, 88377262b50a, rank=0][0m /opt/conda/lib/python3.12/site-packages/olmo_core/nn/pooled_soft_token.py:230: UserWarning: called a synchronizing CUDA operation (Triggered internally at /pytorch/c10/cuda/CUDAFunctions.cpp:162.)
2026-09-15T05:02:19.032Z   soft_log_len += lens_b.tolist()
2026-09-15T05:02:19.032Z 
2026-09-15T05:02:19.034Z [2;36m[2026-09-15 05:02:19][0m [33mWARNING [0m [2m[py.warnings:112, 88377262b50a, rank=1][0m /opt/conda/lib/python3.12/site-packages/olmo_core/nn/pooled_soft_token.py:280: UserWarning: called a synchronizing CUDA operation (Triggered internally at /pytorch/c10/cuda/CUDAFunctions.cpp:162.)
2026-09-15T05:02:19.034Z   row_lens[b] = L
2026-09-15T05:02:19.034Z 
2026-09-15T05:02:19.034Z [2;36m[2026-09-15 05:02:19][0m [33mWARNING [0m [2m[py.warnings:112, 88377262b50a, rank=1][0m /opt/conda/lib/python3.12/site-packages/olmo_core/nn/pooled_soft_token.py:297: UserWarning: called a synchronizing CUDA operation (Triggered internally at /pytorch/c10/cuda/CUDAFunctions.cpp:162.)
2026-09-15T05:02:19.034Z   soft_rows=torch.tensor(soft_rows, dtype=torch.long, device=device),
2026-09-15T05:02:19.034Z 
2026-09-15T05:02:19.034Z [2;36m[2026-09-15 05:02:19][0m [33mWARNING [0m [2m[py.warnings:112, 88377262b50a, rank=0][0m /opt/conda/lib/python3.12/site-packages/olmo_core/nn/pooled_soft_token.py:280: UserWarning: called a synchronizing CUDA operation (Triggered internally at /pytorch/c10/cuda/CUDAFunctions.cpp:162.)
2026-09-15T05:02:19.034Z   row_lens[b] = L
2026-09-15T05:02:19.034Z 
2026-09-15T05:02:19.034Z [2;36m[2026-09-15 05:02:19][0m [33mWARNING [0m [2m[py.warnings:112, 88377262b50a, rank=1][0m /opt/conda/lib/python3.12/site-packages/olmo_core/nn/pooled_soft_token.py:298: UserWarning: called a synchronizing CUDA operation (Triggered internally at /pytorch/c10/cuda/CUDAFunctions.cpp:162.)
2026-09-15T05:02:19.034Z   soft_cols=torch.tensor(soft_cols, dtype=torch.long, device=device),
2026-09-15T05:02:19.034Z 
2026-09-15T05:02:19.035Z [2;36m[2026-09-15 05:02:19][0m [33mWARNING [0m [2m[py.warnings:112, 88377262b50a, rank=1][0m /opt/conda/lib/python3.12/site-packages/olmo_core/nn/pooled_soft_token.py:299: UserWarning: called a synchronizing CUDA operation (Triggered internally at /pytorch/c10/cuda/CUDAFunctions.cpp:162.)
2026-09-15T05:02:19.035Z   soft_docs=torch.tensor(soft_docs, dtype=torch.long, device=device),
2026-09-15T05:02:19.035Z 
2026-09-15T05:02:19.035Z [2;36m[2026-09-15 05:02:19][0m [33mWARNING [0m [2m[py.warnings:112, 88377262b50a, rank=0][0m /opt/conda/lib/python3.12/site-packages/olmo_core/nn/pooled_soft_token.py:297: UserWarning: called a synchronizing CUDA operation (Triggered internally at /pytorch/c10/cuda/CUDAFunctions.cpp:162.)
2026-09-15T05:02:19.035Z   soft_rows=torch.tensor(soft_rows, dtype=torch.long, device=device),
2026-09-15T05:02:19.035Z 
2026-09-15T05:02:19.035Z [2;36m[2026-09-15 05:02:19][0m [33mWARNING [0m [2m[py.warnings:112, 88377262b50a, rank=1][0m /opt/conda/lib/python3.12/site-packages/olmo_core/nn/pooled_soft_token.py:301: UserWarning: called a synchronizing CUDA operation (Triggered internally at /pytorch/c10/cuda/CUDAFunctions.cpp:162.)
2026-09-15T05:02:19.035Z   soft_log_len=torch.tensor(soft_log_len, dtype=torch.float32, device=device),
2026-09-15T05:02:19.035Z 
2026-09-15T05:02:19.035Z [2;36m[2026-09-15 05:02:19][0m [33mWARNING [0m [2m[py.warnings:112, 88377262b50a, rank=0][0m /opt/conda/lib/python3.12/site-packages/olmo_core/nn/pooled_soft_token.py:298: UserWarning: called a synchronizing CUDA operation (Triggered internally at /pytorch/c10/cuda/CUDAFunctions.cpp:162.)
2026-09-15T05:02:19.035Z   soft_cols=torch.tensor(soft_cols, dtype=torch.long, device=device),
2026-09-15T05:02:19.035Z 
2026-09-15T05:02:19.035Z [2;36m[2026-09-15 05:02:19][0m [33mWARNING [0m [2m[py.warnings:112, 88377262b50a, rank=1][0m /opt/conda/lib/python3.12/site-packages/olmo_core/nn/transformer/model.py:1502: UserWarning: called a synchronizing CUDA operation (Triggered internally at /pytorch/c10/cuda/CUDAFunctions.cpp:162.)
2026-09-15T05:02:19.036Z   kv_grad_mask[cb.soft_rows, cb.soft_cols] = False
2026-09-15T05:02:19.036Z 
2026-09-15T05:02:19.036Z [2;36m[2026-09-15 05:02:19][0m [33mWARNING [0m [2m[py.warnings:112, 88377262b50a, rank=0][0m /opt/conda/lib/python3.12/site-packages/olmo_core/nn/pooled_soft_token.py:299: UserWarning: called a synchronizing CUDA operation (Triggered internally at /pytorch/c10/cuda/CUDAFunctions.cpp:162.)
2026-09-15T05:02:19.036Z   soft_docs=torch.tensor(soft_docs, dtype=torch.long, device=device),
2026-09-15T05:02:19.036Z 
2026-09-15T05:02:19.036Z [2;36m[2026-09-15 05:02:19][0m [33mWARNING [0m [2m[py.warnings:112, 88377262b50a, rank=0][0m /opt/conda/lib/python3.12/site-packages/olmo_core/nn/pooled_soft_token.py:301: UserWarning: called a synchronizing CUDA operation (Triggered internally at /pytorch/c10/cuda/CUDAFunctions.cpp:162.)
2026-09-15T05:02:19.036Z   soft_log_len=torch.tensor(soft_log_len, dtype=torch.float32, device=device),
2026-09-15T05:02:19.036Z 
2026-09-15T05:02:19.037Z [2;36m[2026-09-15 05:02:19][0m [33mWARNING [0m [2m[py.warnings:112, 88377262b50a, rank=0][0m /opt/conda/lib/python3.12/site-packages/olmo_core/nn/transformer/model.py:1502: UserWarning: called a synchronizing CUDA operation (Triggered internally at /pytorch/c10/cuda/CUDAFunctions.cpp:162.)
2026-09-15T05:02:19.037Z   kv_grad_mask[cb.soft_rows, cb.soft_cols] = False
2026-09-15T05:02:19.037Z 
2026-09-15T05:02:19.180Z [2;36m[2026-09-15 05:02:19][0m [33mWARNING [0m [2m[py.warnings:112, 88377262b50a, rank=0][0m /opt/conda/lib/python3.12/site-packages/liger_kernel/ops/fused_linear_cross_entropy.py:75: UserWarning: called a synchronizing CUDA operation (Triggered internally at /pytorch/c10/cuda/CUDAFunctions.cpp:162.)
2026-09-15T05:02:19.180Z   total_n_non_ignore = target_mask.sum().item()
2026-09-15T05:02:19.180Z 
2026-09-15T05:02:19.181Z [2;36m[2026-09-15 05:02:19][0m [33mWARNING [0m [2m[py.warnings:112, 88377262b50a, rank=1][0m /opt/conda/lib/python3.12/site-packages/liger_kernel/ops/fused_linear_cross_entropy.py:75: UserWarning: called a synchronizing CUDA operation (Triggered internally at /pytorch/c10/cuda/CUDAFunctions.cpp:162.)
2026-09-15T05:02:19.181Z   total_n_non_ignore = target_mask.sum().item()
2026-09-15T05:02:19.181Z 
2026-09-15T05:02:19.714Z [2;36m[2026-09-15 05:02:19][0m [33mWARNING [0m [2m[py.warnings:112, 88377262b50a, rank=1][0m /opt/conda/lib/python3.12/site-packages/liger_kernel/ops/fused_linear_cross_entropy.py:233: UserWarning: called a synchronizing CUDA operation (Triggered internally at /pytorch/c10/cuda/CUDAFunctions.cpp:162.)
2026-09-15T05:02:19.714Z   if not torch.equal(grad_output, torch.tensor(1.0, device=grad_output.device)):
2026-09-15T05:02:19.714Z 
2026-09-15T05:02:19.820Z [2;36m[2026-09-15 05:02:19][0m [33mWARNING [0m [2m[py.warnings:112, 88377262b50a, rank=0][0m /opt/conda/lib/python3.12/site-packages/liger_kernel/ops/fused_linear_cross_entropy.py:233: UserWarning: called a synchronizing CUDA operation (Triggered internally at /pytorch/c10/cuda/CUDAFunctions.cpp:162.)
2026-09-15T05:02:19.820Z   if not torch.equal(grad_output, torch.tensor(1.0, device=grad_output.device)):
2026-09-15T05:02:19.820Z 
2026-09-15T05:02:20.171Z [2;36m[2026-09-15 05:02:20][0m [33mWARNING [0m [2m[py.warnings:112, 88377262b50a, rank=1][0m /opt/conda/lib/python3.12/site-packages/olmo_core/nn/transformer/model.py:777: UserWarning: called a synchronizing CUDA operation (Triggered internally at /pytorch/c10/cuda/CUDAFunctions.cpp:162.)
2026-09-15T05:02:20.171Z   n_docs = int(chunk_ids.max().item()) + 1
2026-09-15T05:02:20.171Z 
2026-09-15T05:02:31.025Z [2;36m[2026-09-15 05:02:31][0m [33mWARNING [0m [2m[py.warnings:112, 88377262b50a, rank=1][0m /opt/conda/lib/python3.12/site-packages/liger_kernel/ops/fused_linear_cross_entropy.py:75: UserWarning: called a synchronizing CUDA operation (Triggered internally at /pytorch/c10/cuda/CUDAFunctions.cpp:162.)
2026-09-15T05:02:31.025Z   total_n_non_ignore = target_mask.sum().item()
2026-09-15T05:02:31.025Z 
2026-09-15T05:02:31.758Z [2;36m[2026-09-15 05:02:31][0m [33mWARNING [0m [2m[py.warnings:112, 88377262b50a, rank=1][0m /opt/conda/lib/python3.12/site-packages/liger_kernel/ops/fused_linear_cross_entropy.py:233: UserWarning: called a synchronizing CUDA operation (Triggered internally at /pytorch/c10/cuda/CUDAFunctions.cpp:162.)
2026-09-15T05:02:31.758Z   if not torch.equal(grad_output, torch.tensor(1.0, device=grad_output.device)):
2026-09-15T05:02:31.758Z 
2026-09-15T05:02:44.837Z [2;36m[2026-09-15 05:02:44][0m [33mWARNING [0m [2m[py.warnings:112, 88377262b50a, rank=1][0m /opt/conda/lib/python3.12/site-packages/torch/autograd/graph.py:841: UserWarning: called a synchronizing CUDA operation (Triggered internally at /pytorch/c10/cuda/CUDAFunctions.cpp:162.)
2026-09-15T05:02:44.837Z   return Variable._execution_engine.run_backward(  # Calls into the C++ engine to run the backward pass
2026-09-15T05:02:44.837Z 
2026-09-15T05:02:44.838Z [2;36m[2026-09-15 05:02:44][0m [33mWARNING [0m [2m[py.warnings:112, 88377262b50a, rank=1][0m /opt/conda/lib/python3.12/site-packages/torch/distributed/utils.py:106: UserWarning: called a synchronizing CUDA operation (Triggered internally at /pytorch/c10/cuda/CUDAFunctions.cpp:162.)
2026-09-15T05:02:44.838Z   return (obj.to(target_device),)
2026-09-15T05:02:44.838Z 
2026-09-15T05:02:44.847Z [2;36m[2026-09-15 05:02:44][0m [33mWARNING [0m [2m[py.warnings:112, 88377262b50a, rank=1][0m /opt/conda/lib/python3.12/site-packages/olmo_core/nn/transformer/model.py:777: UserWarning: called a synchronizing CUDA operation (Triggered internally at /pytorch/c10/cuda/CUDAFunctions.cpp:162.)
2026-09-15T05:02:44.847Z   n_docs = int(chunk_ids.max().item()) + 1
2026-09-15T05:02:44.847Z 
2026-09-15T05:02:44.856Z [2;36m[2026-09-15 05:02:44][0m [33mWARNING [0m [2m[py.warnings:112, 88377262b50a, rank=1][0m /opt/conda/lib/python3.12/site-packages/olmo_core/nn/transformer/model.py:834: UserWarning: called a synchronizing CUDA operation (Triggered internally at /pytorch/c10/cuda/CUDAFunctions.cpp:162.)
2026-09-15T05:02:44.856Z   flat = (torch.arange(B, device=emb.device)[:, None] * n_docs + cid.clamp(min=0)).reshape(
2026-09-15T05:02:44.856Z 
2026-09-15T05:02:44.856Z [2;36m[2026-09-15 05:02:44][0m [33mWARNING [0m [2m[py.warnings:112, 88377262b50a, rank=1][0m /opt/conda/lib/python3.12/site-packages/olmo_core/nn/transformer/model.py:838: UserWarning: called a synchronizing CUDA operation (Triggered internally at /pytorch/c10/cuda/CUDAFunctions.cpp:162.)
2026-09-15T05:02:44.856Z   0, flat, emb.reshape(B * T, D)[is_ctx.reshape(-1)]
2026-09-15T05:02:44.856Z 
2026-09-15T05:02:44.864Z [2;36m[2026-09-15 05:02:44][0m [33mWARNING [0m [2m[py.warnings:112, 88377262b50a, rank=1][0m /opt/conda/lib/python3.12/site-packages/olmo_core/nn/pooled_soft_token.py:173: UserWarning: called a synchronizing CUDA operation (Triggered internally at /pytorch/c10/cuda/CUDAFunctions.cpp:162.)
2026-09-15T05:02:44.864Z   kept_idx = kept_tok.nonzero(as_tuple=True)[0]
2026-09-15T05:02:44.864Z 
2026-09-15T05:02:44.865Z [2;36m[2026-09-15 05:02:44][0m [33mWARNING [0m [2m[py.warnings:112, 88377262b50a, rank=1][0m /opt/conda/lib/python3.12/site-packages/olmo_core/nn/pooled_soft_token.py:179: UserWarning: called a synchronizing CUDA operation (Triggered internally at /pytorch/c10/cuda/CUDAFunctions.cpp:162.)
2026-09-15T05:02:44.865Z   if is_ctx.any():
2026-09-15T05:02:44.865Z 
2026-09-15T05:02:44.865Z [2;36m[2026-09-15 05:02:44][0m [33mWARNING [0m [2m[py.warnings:112, 88377262b50a, rank=1][0m /opt/conda/lib/python3.12/site-packages/olmo_core/nn/pooled_soft_token.py:180: UserWarning: called a synchronizing CUDA operation (Triggered internally at /pytorch/c10/cuda/CUDAFunctions.cpp:162.)
2026-09-15T05:02:44.865Z   d_ix = c[is_ctx]
2026-09-15T05:02:44.865Z 
2026-09-15T05:02:44.865Z [2;36m[2026-09-15 05:02:44][0m [33mWARNING [0m [2m[py.warnings:112, 88377262b50a, rank=1][0m /opt/conda/lib/python3.12/site-packages/olmo_core/nn/pooled_soft_token.py:181: UserWarning: called a synchronizing CUDA operation (Triggered internally at /pytorch/c10/cuda/CUDAFunctions.cpp:162.)
2026-09-15T05:02:44.865Z   pos_ix = is_ctx.nonzero(as_tuple=True)[0]
2026-09-15T05:02:44.865Z 
2026-09-15T05:02:44.866Z [2;36m[2026-09-15 05:02:44][0m [33mWARNING [0m [2m[py.warnings:112, 88377262b50a, rank=1][0m /opt/conda/lib/python3.12/site-packages/olmo_core/nn/pooled_soft_token.py:186: UserWarning: called a synchronizing CUDA operation (Triggered internally at /pytorch/c10/cuda/CUDAFunctions.cpp:162.)
2026-09-15T05:02:44.866Z   pooled_docs = pooled.nonzero(as_tuple=True)[0]
2026-09-15T05:02:44.866Z 
2026-09-15T05:02:44.867Z [2;36m[2026-09-15 05:02:44][0m [33mWARNING [0m [2m[py.warnings:112, 88377262b50a, rank=1][0m /opt/conda/lib/python3.12/site-packages/olmo_core/nn/pooled_soft_token.py:217: UserWarning: called a synchronizing CUDA operation (Triggered internally at /pytorch/c10/cuda/CUDAFunctions.cpp:162.)
2026-09-15T05:02:44.867Z   doc_len = torch.bincount(c[is_ctx], minlength=n_docs) if is_ctx.any() else torch.zeros(n_docs, dtype=torch.long, device=device)
2026-09-15T05:02:44.867Z 
2026-09-15T05:02:44.867Z [2;36m[2026-09-15 05:02:44][0m [33mWARNING [0m [2m[py.warnings:112, 88377262b50a, rank=1][0m /opt/conda/lib/python3.12/site-packages/olmo_core/nn/pooled_soft_token.py:222: UserWarning: called a synchronizing CUDA operation (Triggered internally at /pytorch/c10/cuda/CUDAFunctions.cpp:162.)
2026-09-15T05:02:44.867Z   soft_cols_b = soft_mask.nonzero(as_tuple=True)[0]
2026-09-15T05:02:44.867Z 
2026-09-15T05:02:44.868Z [2;36m[2026-09-15 05:02:44][0m [33mWARNING [0m [2m[py.warnings:112, 88377262b50a, rank=1][0m /opt/conda/lib/python3.12/site-packages/olmo_core/nn/pooled_soft_token.py:226: UserWarning: called a synchronizing CUDA operation (Triggered internally at /pytorch/c10/cuda/CUDAFunctions.cpp:162.)
2026-09-15T05:02:44.868Z   cols_l = soft_cols_b.tolist()
2026-09-15T05:02:44.868Z 
2026-09-15T05:02:44.868Z [2;36m[2026-09-15 05:02:44][0m [33mWARNING [0m [2m[py.warnings:112, 88377262b50a, rank=1][0m /opt/conda/lib/python3.12/site-packages/olmo_core/nn/pooled_soft_token.py:229: UserWarning: called a synchronizing CUDA operation (Triggered internally at /pytorch/c10/cuda/CUDAFunctions.cpp:162.)
2026-09-15T05:02:44.868Z   soft_docs += docs_b.tolist()
2026-09-15T05:02:44.868Z 
2026-09-15T05:02:44.868Z [2;36m[2026-09-15 05:02:44][0m [33mWARNING [0m [2m[py.warnings:112, 88377262b50a, rank=1][0m /opt/conda/lib/python3.12/site-packages/olmo_core/nn/pooled_soft_token.py:230: UserWarning: called a synchronizing CUDA operation (Triggered internally at /pytorch/c10/cuda/CUDAFunctions.cpp:162.)
2026-09-15T05:02:44.868Z   soft_log_len += lens_b.tolist()
2026-09-15T05:02:44.868Z 
2026-09-15T05:02:44.870Z [2;36m[2026-09-15 05:02:44][0m [33mWARNING [0m [2m[py.warnings:112, 88377262b50a, rank=1][0m /opt/conda/lib/python3.12/site-packages/olmo_core/nn/pooled_soft_token.py:280: UserWarning: called a synchronizing CUDA operation (Triggered internally at /pytorch/c10/cuda/CUDAFunctions.cpp:162.)
2026-09-15T05:02:44.870Z   row_lens[b] = L
2026-09-15T05:02:44.870Z 
2026-09-15T05:02:44.871Z [2;36m[2026-09-15 05:02:44][0m [33mWARNING [0m [2m[py.warnings:112, 88377262b50a, rank=1][0m /opt/conda/lib/python3.12/site-packages/olmo_core/nn/pooled_soft_token.py:297: UserWarning: called a synchronizing CUDA operation (Triggered internally at /pytorch/c10/cuda/CUDAFunctions.cpp:162.)
2026-09-15T05:02:44.871Z   soft_rows=torch.tensor(soft_rows, dtype=torch.long, device=device),
2026-09-15T05:02:44.871Z 
2026-09-15T05:02:44.871Z [2;36m[2026-09-15 05:02:44][0m [33mWARNING [0m [2m[py.warnings:112, 88377262b50a, rank=1][0m /opt/conda/lib/python3.12/site-packages/olmo_core/nn/pooled_soft_token.py:298: UserWarning: called a synchronizing CUDA operation (Triggered internally at /pytorch/c10/cuda/CUDAFunctions.cpp:162.)
2026-09-15T05:02:44.871Z   soft_cols=torch.tensor(soft_cols, dtype=torch.long, device=device),
2026-09-15T05:02:44.871Z 
2026-09-15T05:02:44.871Z [2;36m[2026-09-15 05:02:44][0m [33mWARNING [0m [2m[py.warnings:112, 88377262b50a, rank=1][0m /opt/conda/lib/python3.12/site-packages/olmo_core/nn/pooled_soft_token.py:299: UserWarning: called a synchronizing CUDA operation (Triggered internally at /pytorch/c10/cuda/CUDAFunctions.cpp:162.)
2026-09-15T05:02:44.871Z   soft_docs=torch.tensor(soft_docs, dtype=torch.long, device=device),
2026-09-15T05:02:44.871Z 
2026-09-15T05:02:44.872Z [2;36m[2026-09-15 05:02:44][0m [33mWARNING [0m [2m[py.warnings:112, 88377262b50a, rank=1][0m /opt/conda/lib/python3.12/site-packages/olmo_core/nn/pooled_soft_token.py:301: UserWarning: called a synchronizing CUDA operation (Triggered internally at /pytorch/c10/cuda/CUDAFunctions.cpp:162.)
2026-09-15T05:02:44.872Z   soft_log_len=torch.tensor(soft_log_len, dtype=torch.float32, device=device),
2026-09-15T05:02:44.872Z 
2026-09-15T05:02:44.872Z [2;36m[2026-09-15 05:02:44][0m [33mWARNING [0m [2m[py.warnings:112, 88377262b50a, rank=1][0m /opt/conda/lib/python3.12/site-packages/olmo_core/nn/transformer/model.py:1502: UserWarning: called a synchronizing CUDA operation (Triggered internally at /pytorch/c10/cuda/CUDAFunctions.cpp:162.)
2026-09-15T05:02:44.872Z   kv_grad_mask[cb.soft_rows, cb.soft_cols] = False
2026-09-15T05:02:44.872Z 
2026-09-15T05:02:45.016Z [2;36m[2026-09-15 05:02:45][0m [33mWARNING [0m [2m[py.warnings:112, 88377262b50a, rank=1][0m /opt/conda/lib/python3.12/site-packages/liger_kernel/ops/fused_linear_cross_entropy.py:75: UserWarning: called a synchronizing CUDA operation (Triggered internally at /pytorch/c10/cuda/CUDAFunctions.cpp:162.)
2026-09-15T05:02:45.016Z   total_n_non_ignore = target_mask.sum().item()
2026-09-15T05:02:45.016Z 
2026-09-15T05:02:45.914Z [2;36m[2026-09-15 05:02:45][0m [33mWARNING [0m [2m[py.warnings:112, 88377262b50a, rank=1][0m /opt/conda/lib/python3.12/site-packages/liger_kernel/ops/fused_linear_cross_entropy.py:233: UserWarning: called a synchronizing CUDA operation (Triggered internally at /pytorch/c10/cuda/CUDAFunctions.cpp:162.)
2026-09-15T05:02:45.914Z   if not torch.equal(grad_output, torch.tensor(1.0, device=grad_output.device)):
2026-09-15T05:02:45.914Z 
2026-09-15T05:02:48.916Z [2;36m[2026-09-15 05:02:48][0m [33mWARNING [0m [2m[py.warnings:112, 88377262b50a, rank=0][0m /opt/conda/lib/python3.12/site-packages/torch/autograd/graph.py:841: UserWarning: called a synchronizing CUDA operation (Triggered internally at /pytorch/c10/cuda/CUDAFunctions.cpp:162.)
2026-09-15T05:02:48.916Z   return Variable._execution_engine.run_backward(  # Calls into the C++ engine to run the backward pass
2026-09-15T05:02:48.916Z 
2026-09-15T05:02:48.918Z [2;36m[2026-09-15 05:02:48][0m [33mWARNING [0m [2m[py.warnings:112, 88377262b50a, rank=0][0m /opt/conda/lib/python3.12/site-packages/torch/distributed/utils.py:106: UserWarning: called a synchronizing CUDA operation (Triggered internally at /pytorch/c10/cuda/CUDAFunctions.cpp:162.)
2026-09-15T05:02:48.918Z   return (obj.to(target_device),)
2026-09-15T05:02:48.918Z 
2026-09-15T05:02:48.927Z [2;36m[2026-09-15 05:02:48][0m [33mWARNING [0m [2m[py.warnings:112, 88377262b50a, rank=0][0m /opt/conda/lib/python3.12/site-packages/olmo_core/nn/transformer/model.py:777: UserWarning: called a synchronizing CUDA operation (Triggered internally at /pytorch/c10/cuda/CUDAFunctions.cpp:162.)
2026-09-15T05:02:48.927Z   n_docs = int(chunk_ids.max().item()) + 1
2026-09-15T05:02:48.927Z 
2026-09-15T05:02:48.936Z [2;36m[2026-09-15 05:02:48][0m [33mWARNING [0m [2m[py.warnings:112, 88377262b50a, rank=0][0m /opt/conda/lib/python3.12/site-packages/olmo_core/nn/transformer/model.py:834: UserWarning: called a synchronizing CUDA operation (Triggered internally at /pytorch/c10/cuda/CUDAFunctions.cpp:162.)
2026-09-15T05:02:48.936Z   flat = (torch.arange(B, device=emb.device)[:, None] * n_docs + cid.clamp(min=0)).reshape(
2026-09-15T05:02:48.936Z 
2026-09-15T05:02:48.937Z [2;36m[2026-09-15 05:02:48][0m [33mWARNING [0m [2m[py.warnings:112, 88377262b50a, rank=0][0m /opt/conda/lib/python3.12/site-packages/olmo_core/nn/transformer/model.py:838: UserWarning: called a synchronizing CUDA operation (Triggered internally at /pytorch/c10/cuda/CUDAFunctions.cpp:162.)
2026-09-15T05:02:48.937Z   0, flat, emb.reshape(B * T, D)[is_ctx.reshape(-1)]
2026-09-15T05:02:48.937Z 
2026-09-15T05:02:48.945Z [2;36m[2026-09-15 05:02:48][0m [33mWARNING [0m [2m[py.warnings:112, 88377262b50a, rank=0][0m /opt/conda/lib/python3.12/site-packages/olmo_core/nn/pooled_soft_token.py:173: UserWarning: called a synchronizing CUDA operation (Triggered internally at /pytorch/c10/cuda/CUDAFunctions.cpp:162.)
2026-09-15T05:02:48.945Z   kept_idx = kept_tok.nonzero(as_tuple=True)[0]
2026-09-15T05:02:48.945Z 
2026-09-15T05:02:48.946Z [2;36m[2026-09-15 05:02:48][0m [33mWARNING [0m [2m[py.warnings:112, 88377262b50a, rank=0][0m /opt/conda/lib/python3.12/site-packages/olmo_core/nn/pooled_soft_token.py:179: UserWarning: called a synchronizing CUDA operation (Triggered internally at /pytorch/c10/cuda/CUDAFunctions.cpp:162.)
2026-09-15T05:02:48.946Z   if is_ctx.any():
2026-09-15T05:02:48.946Z 
2026-09-15T05:02:48.946Z [2;36m[2026-09-15 05:02:48][0m [33mWARNING [0m [2m[py.warnings:112, 88377262b50a, rank=0][0m /opt/conda/lib/python3.12/site-packages/olmo_core/nn/pooled_soft_token.py:180: UserWarning: called a synchronizing CUDA operation (Triggered internally at /pytorch/c10/cuda/CUDAFunctions.cpp:162.)
2026-09-15T05:02:48.946Z   d_ix = c[is_ctx]
2026-09-15T05:02:48.946Z 
2026-09-15T05:02:48.947Z [2;36m[2026-09-15 05:02:48][0m [33mWARNING [0m [2m[py.warnings:112, 88377262b50a, rank=0][0m /opt/conda/lib/python3.12/site-packages/olmo_core/nn/pooled_soft_token.py:181: UserWarning: called a synchronizing CUDA operation (Triggered internally at /pytorch/c10/cuda/CUDAFunctions.cpp:162.)
2026-09-15T05:02:48.947Z   pos_ix = is_ctx.nonzero(as_tuple=True)[0]
2026-09-15T05:02:48.947Z 
2026-09-15T05:02:48.947Z [2;36m[2026-09-15 05:02:48][0m [33mWARNING [0m [2m[py.warnings:112, 88377262b50a, rank=0][0m /opt/conda/lib/python3.12/site-packages/olmo_core/nn/pooled_soft_token.py:186: UserWarning: called a synchronizing CUDA operation (Triggered internally at /pytorch/c10/cuda/CUDAFunctions.cpp:162.)
2026-09-15T05:02:48.947Z   pooled_docs = pooled.nonzero(as_tuple=True)[0]
2026-09-15T05:02:48.947Z 
2026-09-15T05:02:48.948Z [2;36m[2026-09-15 05:02:48][0m [33mWARNING [0m [2m[py.warnings:112, 88377262b50a, rank=0][0m /opt/conda/lib/python3.12/site-packages/olmo_core/nn/pooled_soft_token.py:217: UserWarning: called a synchronizing CUDA operation (Triggered internally at /pytorch/c10/cuda/CUDAFunctions.cpp:162.)
2026-09-15T05:02:48.948Z   doc_len = torch.bincount(c[is_ctx], minlength=n_docs) if is_ctx.any() else torch.zeros(n_docs, dtype=torch.long, device=device)
2026-09-15T05:02:48.948Z 
2026-09-15T05:02:48.949Z [2;36m[2026-09-15 05:02:48][0m [33mWARNING [0m [2m[py.warnings:112, 88377262b50a, rank=0][0m /opt/conda/lib/python3.12/site-packages/olmo_core/nn/pooled_soft_token.py:222: UserWarning: called a synchronizing CUDA operation (Triggered internally at /pytorch/c10/cuda/CUDAFunctions.cpp:162.)
2026-09-15T05:02:48.949Z   soft_cols_b = soft_mask.nonzero(as_tuple=True)[0]
2026-09-15T05:02:48.949Z 
2026-09-15T05:02:48.949Z [2;36m[2026-09-15 05:02:48][0m [33mWARNING [0m [2m[py.warnings:112, 88377262b50a, rank=0][0m /opt/conda/lib/python3.12/site-packages/olmo_core/nn/pooled_soft_token.py:226: UserWarning: called a synchronizing CUDA operation (Triggered internally at /pytorch/c10/cuda/CUDAFunctions.cpp:162.)
2026-09-15T05:02:48.949Z   cols_l = soft_cols_b.tolist()
2026-09-15T05:02:48.949Z 
2026-09-15T05:02:48.950Z [2;36m[2026-09-15 05:02:48][0m [33mWARNING [0m [2m[py.warnings:112, 88377262b50a, rank=0][0m /opt/conda/lib/python3.12/site-packages/olmo_core/nn/pooled_soft_token.py:229: UserWarning: called a synchronizing CUDA operation (Triggered internally at /pytorch/c10/cuda/CUDAFunctions.cpp:162.)
2026-09-15T05:02:48.950Z   soft_docs += docs_b.tolist()
2026-09-15T05:02:48.950Z 
2026-09-15T05:02:48.950Z [2;36m[2026-09-15 05:02:48][0m [33mWARNING [0m [2m[py.warnings:112, 88377262b50a, rank=0][0m /opt/conda/lib/python3.12/site-packages/olmo_core/nn/pooled_soft_token.py:230: UserWarning: called a synchronizing CUDA operation (Triggered internally at /pytorch/c10/cuda/CUDAFunctions.cpp:162.)
2026-09-15T05:02:48.950Z   soft_log_len += lens_b.tolist()
2026-09-15T05:02:48.950Z 
2026-09-15T05:02:48.952Z [2;36m[2026-09-15 05:02:48][0m [33mWARNING [0m [2m[py.warnings:112, 88377262b50a, rank=0][0m /opt/conda/lib/python3.12/site-packages/olmo_core/nn/pooled_soft_token.py:280: UserWarning: called a synchronizing CUDA operation (Triggered internally at /pytorch/c10/cuda/CUDAFunctions.cpp:162.)
2026-09-15T05:02:48.952Z   row_lens[b] = L
2026-09-15T05:02:48.952Z 
2026-09-15T05:02:48.953Z [2;36m[2026-09-15 05:02:48][0m [33mWARNING [0m [2m[py.warnings:112, 88377262b50a, rank=0][0m /opt/conda/lib/python3.12/site-packages/olmo_core/nn/pooled_soft_token.py:297: UserWarning: called a synchronizing CUDA operation (Triggered internally at /pytorch/c10/cuda/CUDAFunctions.cpp:162.)
2026-09-15T05:02:48.953Z   soft_rows=torch.tensor(soft_rows, dtype=torch.long, device=device),
2026-09-15T05:02:48.953Z 
2026-09-15T05:02:48.953Z [2;36m[2026-09-15 05:02:48][0m [33mWARNING [0m [2m[py.warnings:112, 88377262b50a, rank=0][0m /opt/conda/lib/python3.12/site-packages/olmo_core/nn/pooled_soft_token.py:298: UserWarning: called a synchronizing CUDA operation (Triggered internally at /pytorch/c10/cuda/CUDAFunctions.cpp:162.)
2026-09-15T05:02:48.953Z   soft_cols=torch.tensor(soft_cols, dtype=torch.long, device=device),
2026-09-15T05:02:48.953Z 
2026-09-15T05:02:48.954Z [2;36m[2026-09-15 05:02:48][0m [33mWARNING [0m [2m[py.warnings:112, 88377262b50a, rank=0][0m /opt/conda/lib/python3.12/site-packages/olmo_core/nn/pooled_soft_token.py:299: UserWarning: called a synchronizing CUDA operation (Triggered internally at /pytorch/c10/cuda/CUDAFunctions.cpp:162.)
2026-09-15T05:02:48.954Z   soft_docs=torch.tensor(soft_docs, dtype=torch.long, device=device),
2026-09-15T05:02:48.954Z 
2026-09-15T05:02:48.954Z [2;36m[2026-09-15 05:02:48][0m [33mWARNING [0m [2m[py.warnings:112, 88377262b50a, rank=0][0m /opt/conda/lib/python3.12/site-packages/olmo_core/nn/pooled_soft_token.py:301: UserWarning: called a synchronizing CUDA operation (Triggered internally at /pytorch/c10/cuda/CUDAFunctions.cpp:162.)
2026-09-15T05:02:48.954Z   soft_log_len=torch.tensor(soft_log_len, dtype=torch.float32, device=device),
2026-09-15T05:02:48.954Z 
2026-09-15T05:02:48.955Z [2;36m[2026-09-15 05:02:48][0m [33mWARNING [0m [2m[py.warnings:112, 88377262b50a, rank=0][0m /opt/conda/lib/python3.12/site-packages/olmo_core/nn/transformer/model.py:1502: UserWarning: called a synchronizing CUDA operation (Triggered internally at /pytorch/c10/cuda/CUDAFunctions.cpp:162.)
2026-09-15T05:02:48.955Z   kv_grad_mask[cb.soft_rows, cb.soft_cols] = False
2026-09-15T05:02:48.955Z 
2026-09-15T05:02:49.100Z [2;36m[2026-09-15 05:02:49][0m [33mWARNING [0m [2m[py.warnings:112, 88377262b50a, rank=0][0m /opt/conda/lib/python3.12/site-packages/liger_kernel/ops/fused_linear_cross_entropy.py:75: UserWarning: called a synchronizing CUDA operation (Triggered internally at /pytorch/c10/cuda/CUDAFunctions.cpp:162.)
2026-09-15T05:02:49.100Z   total_n_non_ignore = target_mask.sum().item()
2026-09-15T05:02:49.100Z 
2026-09-15T05:02:49.899Z [2;36m[2026-09-15 05:02:49][0m [33mWARNING [0m [2m[py.warnings:112, 88377262b50a, rank=0][0m /opt/conda/lib/python3.12/site-packages/liger_kernel/ops/fused_linear_cross_entropy.py:233: UserWarning: called a synchronizing CUDA operation (Triggered internally at /pytorch/c10/cuda/CUDAFunctions.cpp:162.)
2026-09-15T05:02:49.899Z   if not torch.equal(grad_output, torch.tensor(1.0, device=grad_output.device)):
2026-09-15T05:02:49.899Z 
2026-09-15T05:03:02.474Z [2;36m[2026-09-15 05:03:02][0m [33mWARNING [0m [2m[py.warnings:112, 88377262b50a, rank=0][0m /opt/conda/lib/python3.12/site-packages/liger_kernel/ops/fused_linear_cross_entropy.py:75: UserWarning: called a synchronizing CUDA operation (Triggered internally at /pytorch/c10/cuda/CUDAFunctions.cpp:162.)
2026-09-15T05:03:02.474Z   total_n_non_ignore = target_mask.sum().item()
2026-09-15T05:03:02.474Z 
2026-09-15T05:03:03.198Z [2;36m[2026-09-15 05:03:03][0m [33mWARNING [0m [2m[py.warnings:112, 88377262b50a, rank=0][0m /opt/conda/lib/python3.12/site-packages/liger_kernel/ops/fused_linear_cross_entropy.py:233: UserWarning: called a synchronizing CUDA operation (Triggered internally at /pytorch/c10/cuda/CUDAFunctions.cpp:162.)
2026-09-15T05:03:03.198Z   if not torch.equal(grad_output, torch.tensor(1.0, device=grad_output.device)):
2026-09-15T05:03:03.198Z 
2026-09-15T05:03:16.402Z [2;36m[2026-09-15 05:03:16][0m [33mWARNING [0m [2m[py.warnings:112, 88377262b50a, rank=0][0m /opt/conda/lib/python3.12/site-packages/torch/autograd/graph.py:841: UserWarning: called a synchronizing CUDA operation (Triggered internally at /pytorch/c10/cuda/CUDAFunctions.cpp:162.)
2026-09-15T05:03:16.402Z   return Variable._execution_engine.run_backward(  # Calls into the C++ engine to run the backward pass
2026-09-15T05:03:16.402Z 
2026-09-15T05:03:16.640Z [2;36m[2026-09-15 05:03:16][0m [33mWARNING [0m [2m[py.warnings:112, 88377262b50a, rank=0][0m /opt/conda/lib/python3.12/site-packages/torch/distributed/utils.py:106: UserWarning: called a synchronizing CUDA operation (Triggered internally at /pytorch/c10/cuda/CUDAFunctions.cpp:162.)
2026-09-15T05:03:16.640Z   return (obj.to(target_device),)
2026-09-15T05:03:16.640Z 
2026-09-15T05:03:16.644Z [2;36m[2026-09-15 05:03:16][0m [34mINFO    [0m [2m[olmo_core.train.callbacks.console_logger:68, 88377262b50a, rank=0][0m [step=22/61,epoch=1,eta=13m]
2026-09-15T05:03:16.644Z     gpu_memory/GPU active mem (%)=75.57
2026-09-15T05:03:16.644Z     gpu_memory/GPU active mem (GiB)=59.89
2026-09-15T05:03:16.644Z     gpu_memory/GPU reserved mem (%)=80.90
2026-09-15T05:03:16.644Z     gpu_memory/GPU reserved mem (GiB)=64.12
2026-09-15T05:03:16.644Z     optim/LR (group 0)=3.31E-06
2026-09-15T05:03:16.644Z     optim/LR (group 1)=3.31E-06
2026-09-15T05:03:16.644Z     optim/step skipped=0.0
2026-09-15T05:03:16.644Z     optim/total grad norm=3.316
2026-09-15T05:03:16.644Z     throughput/chinchilla multiple=3.43E-05
2026-09-15T05:03:16.644Z     throughput/device/BPS=0.0173
2026-09-15T05:03:16.644Z     throughput/device/BPS (actual avg)=0.0499
2026-09-15T05:03:16.644Z     throughput/device/MFU=8.345
2026-09-15T05:03:16.644Z     throughput/device/MFU (actual avg)=24.01
2026-09-15T05:03:16.644Z     throughput/device/TPS=1,137
2026-09-15T05:03:16.644Z     throughput/device/TPS (actual avg)=3,271
2026-09-15T05:03:16.644Z     throughput/device/flopsPS=26.04T
2026-09-15T05:03:16.644Z     throughput/device/flopsPS (actual avg)=74.92T
2026-09-15T05:03:16.644Z     throughput/total petaflops=66.03
2026-09-15T05:03:16.644Z     throughput/total tokens=2,883,584
2026-09-15T05:03:16.644Z     train/CE loss=0.4044
2026-09-15T05:03:16.644Z     throughput/device/data loading (%)=0.0025
2026-09-15T05:03:16.644Z     throughput/device/data loading (s)=0.0014
2026-09-15T05:03:16.644Z     train/PPL=1.498
2026-09-15T05:03:16.653Z [2;36m[2026-09-15 05:03:16][0m [33mWARNING [0m [2m[py.warnings:112, 88377262b50a, rank=0][0m /opt/conda/lib/python3.12/site-packages/olmo_core/nn/transformer/model.py:834: UserWarning: called a synchronizing CUDA operation (Triggered internally at /pytorch/c10/cuda/CUDAFunctions.cpp:162.)
2026-09-15T05:03:16.653Z   flat = (torch.arange(B, device=emb.device)[:, None] * n_docs + cid.clamp(min=0)).reshape(
2026-09-15T05:03:16.653Z 
2026-09-15T05:03:16.654Z [2;36m[2026-09-15 05:03:16][0m [33mWARNING [0m [2m[py.warnings:112, 88377262b50a, rank=0][0m /opt/conda/lib/python3.12/site-packages/olmo_core/nn/transformer/model.py:838: UserWarning: called a synchronizing CUDA operation (Triggered internally at /pytorch/c10/cuda/CUDAFunctions.cpp:162.)
2026-09-15T05:03:16.654Z   0, flat, emb.reshape(B * T, D)[is_ctx.reshape(-1)]
2026-09-15T05:03:16.654Z 
2026-09-15T05:03:16.664Z [2;36m[2026-09-15 05:03:16][0m [33mWARNING [0m [2m[py.warnings:112, 88377262b50a, rank=0][0m /opt/conda/lib/python3.12/site-packages/olmo_core/nn/pooled_soft_token.py:173: UserWarning: called a synchronizing CUDA operation (Triggered internally at /pytorch/c10/cuda/CUDAFunctions.cpp:162.)
2026-09-15T05:03:16.664Z   kept_idx = kept_tok.nonzero(as_tuple=True)[0]
2026-09-15T05:03:16.664Z 
2026-09-15T05:03:16.665Z [2;36m[2026-09-15 05:03:16][0m [33mWARNING [0m [2m[py.warnings:112, 88377262b50a, rank=0][0m /opt/conda/lib/python3.12/site-packages/olmo_core/nn/pooled_soft_token.py:179: UserWarning: called a synchronizing CUDA operation (Triggered internally at /pytorch/c10/cuda/CUDAFunctions.cpp:162.)
2026-09-15T05:03:16.665Z   if is_ctx.any():
2026-09-15T05:03:16.665Z 
2026-09-15T05:03:16.665Z [2;36m[2026-09-15 05:03:16][0m [33mWARNING [0m [2m[py.warnings:112, 88377262b50a, rank=0][0m /opt/conda/lib/python3.12/site-packages/olmo_core/nn/pooled_soft_token.py:180: UserWarning: called a synchronizing CUDA operation (Triggered internally at /pytorch/c10/cuda/CUDAFunctions.cpp:162.)
2026-09-15T05:03:16.665Z   d_ix = c[is_ctx]
2026-09-15T05:03:16.665Z 
2026-09-15T05:03:16.665Z [2;36m[2026-09-15 05:03:16][0m [33mWARNING [0m [2m[py.warnings:112, 88377262b50a, rank=0][0m /opt/conda/lib/python3.12/site-packages/olmo_core/nn/pooled_soft_token.py:181: UserWarning: called a synchronizing CUDA operation (Triggered internally at /pytorch/c10/cuda/CUDAFunctions.cpp:162.)
2026-09-15T05:03:16.665Z   pos_ix = is_ctx.nonzero(as_tuple=True)[0]
2026-09-15T05:03:16.665Z 
2026-09-15T05:03:16.666Z [2;36m[2026-09-15 05:03:16][0m [33mWARNING [0m [2m[py.warnings:112, 88377262b50a, rank=0][0m /opt/conda/lib/python3.12/site-packages/olmo_core/nn/pooled_soft_token.py:186: UserWarning: called a synchronizing CUDA operation (Triggered internally at /pytorch/c10/cuda/CUDAFunctions.cpp:162.)
2026-09-15T05:03:16.666Z   pooled_docs = pooled.nonzero(as_tuple=True)[0]
2026-09-15T05:03:16.666Z 
2026-09-15T05:03:16.667Z [2;36m[2026-09-15 05:03:16][0m [33mWARNING [0m [2m[py.warnings:112, 88377262b50a, rank=0][0m /opt/conda/lib/python3.12/site-packages/olmo_core/nn/pooled_soft_token.py:217: UserWarning: called a synchronizing CUDA operation (Triggered internally at /pytorch/c10/cuda/CUDAFunctions.cpp:162.)
2026-09-15T05:03:16.667Z   doc_len = torch.bincount(c[is_ctx], minlength=n_docs) if is_ctx.any() else torch.zeros(n_docs, dtype=torch.long, device=device)
2026-09-15T05:03:16.667Z 
2026-09-15T05:03:16.668Z [2;36m[2026-09-15 05:03:16][0m [33mWARNING [0m [2m[py.warnings:112, 88377262b50a, rank=0][0m /opt/conda/lib/python3.12/site-packages/olmo_core/nn/pooled_soft_token.py:222: UserWarning: called a synchronizing CUDA operation (Triggered internally at /pytorch/c10/cuda/CUDAFunctions.cpp:162.)
2026-09-15T05:03:16.668Z   soft_cols_b = soft_mask.nonzero(as_tuple=True)[0]
2026-09-15T05:03:16.668Z 
2026-09-15T05:03:16.668Z [2;36m[2026-09-15 05:03:16][0m [33mWARNING [0m [2m[py.warnings:112, 88377262b50a, rank=0][0m /opt/conda/lib/python3.12/site-packages/olmo_core/nn/pooled_soft_token.py:226: UserWarning: called a synchronizing CUDA operation (Triggered internally at /pytorch/c10/cuda/CUDAFunctions.cpp:162.)
2026-09-15T05:03:16.668Z   cols_l = soft_cols_b.tolist()
2026-09-15T05:03:16.668Z 
2026-09-15T05:03:16.669Z [2;36m[2026-09-15 05:03:16][0m [33mWARNING [0m [2m[py.warnings:112, 88377262b50a, rank=0][0m /opt/conda/lib/python3.12/site-packages/olmo_core/nn/pooled_soft_token.py:229: UserWarning: called a synchronizing CUDA operation (Triggered internally at /pytorch/c10/cuda/CUDAFunctions.cpp:162.)
2026-09-15T05:03:16.669Z   soft_docs += docs_b.tolist()
2026-09-15T05:03:16.669Z 
2026-09-15T05:03:16.669Z [2;36m[2026-09-15 05:03:16][0m [33mWARNING [0m [2m[py.warnings:112, 88377262b50a, rank=0][0m /opt/conda/lib/python3.12/site-packages/olmo_core/nn/pooled_soft_token.py:230: UserWarning: called a synchronizing CUDA operation (Triggered internally at /pytorch/c10/cuda/CUDAFunctions.cpp:162.)
2026-09-15T05:03:16.669Z   soft_log_len += lens_b.tolist()
2026-09-15T05:03:16.669Z 
2026-09-15T05:03:16.671Z [2;36m[2026-09-15 05:03:16][0m [33mWARNING [0m [2m[py.warnings:112, 88377262b50a, rank=0][0m /opt/conda/lib/python3.12/site-packages/olmo_core/nn/pooled_soft_token.py:280: UserWarning: called a synchronizing CUDA operation (Triggered internally at /pytorch/c10/cuda/CUDAFunctions.cpp:162.)
2026-09-15T05:03:16.671Z   row_lens[b] = L
2026-09-15T05:03:16.671Z 
2026-09-15T05:03:16.672Z [2;36m[2026-09-15 05:03:16][0m [33mWARNING [0m [2m[py.warnings:112, 88377262b50a, rank=0][0m /opt/conda/lib/python3.12/site-packages/olmo_core/nn/pooled_soft_token.py:297: UserWarning: called a synchronizing CUDA operation (Triggered internally at /pytorch/c10/cuda/CUDAFunctions.cpp:162.)
2026-09-15T05:03:16.672Z   soft_rows=torch.tensor(soft_rows, dtype=torch.long, device=device),
2026-09-15T05:03:16.672Z 
2026-09-15T05:03:16.672Z [2;36m[2026-09-15 05:03:16][0m [33mWARNING [0m [2m[py.warnings:112, 88377262b50a, rank=0][0m /opt/conda/lib/python3.12/site-packages/olmo_core/nn/pooled_soft_token.py:298: UserWarning: called a synchronizing CUDA operation (Triggered internally at /pytorch/c10/cuda/CUDAFunctions.cpp:162.)
2026-09-15T05:03:16.672Z   soft_cols=torch.tensor(soft_cols, dtype=torch.long, device=device),
2026-09-15T05:03:16.672Z 
2026-09-15T05:03:16.672Z [2;36m[2026-09-15 05:03:16][0m [33mWARNING [0m [2m[py.warnings:112, 88377262b50a, rank=0][0m /opt/conda/lib/python3.12/site-packages/olmo_core/nn/pooled_soft_token.py:299: UserWarning: called a synchronizing CUDA operation (Triggered internally at /pytorch/c10/cuda/CUDAFunctions.cpp:162.)
2026-09-15T05:03:16.672Z   soft_docs=torch.tensor(soft_docs, dtype=torch.long, device=device),
2026-09-15T05:03:16.672Z 
2026-09-15T05:03:16.673Z [2;36m[2026-09-15 05:03:16][0m [33mWARNING [0m [2m[py.warnings:112, 88377262b50a, rank=0][0m /opt/conda/lib/python3.12/site-packages/olmo_core/nn/pooled_soft_token.py:301: UserWarning: called a synchronizing CUDA operation (Triggered internally at /pytorch/c10/cuda/CUDAFunctions.cpp:162.)
2026-09-15T05:03:16.673Z   soft_log_len=torch.tensor(soft_log_len, dtype=torch.float32, device=device),
2026-09-15T05:03:16.673Z 
2026-09-15T05:03:16.674Z [2;36m[2026-09-15 05:03:16][0m [33mWARNING [0m [2m[py.warnings:112, 88377262b50a, rank=0][0m /opt/conda/lib/python3.12/site-packages/olmo_core/nn/transformer/model.py:1502: UserWarning: called a synchronizing CUDA operation (Triggered internally at /pytorch/c10/cuda/CUDAFunctions.cpp:162.)
2026-09-15T05:03:16.674Z   kv_grad_mask[cb.soft_rows, cb.soft_cols] = False
2026-09-15T05:03:16.674Z 
2026-09-15T05:03:16.812Z [2;36m[2026-09-15 05:03:16][0m [33mWARNING [0m [2m[py.warnings:112, 88377262b50a, rank=0][0m /opt/conda/lib/python3.12/site-packages/liger_kernel/ops/fused_linear_cross_entropy.py:75: UserWarning: called a synchronizing CUDA operation (Triggered internally at /pytorch/c10/cuda/CUDAFunctions.cpp:162.)
2026-09-15T05:03:16.812Z   total_n_non_ignore = target_mask.sum().item()
2026-09-15T05:03:16.812Z 
2026-09-15T05:03:17.345Z [2;36m[2026-09-15 05:03:17][0m [33mWARNING [0m [2m[py.warnings:112, 88377262b50a, rank=0][0m /opt/conda/lib/python3.12/site-packages/liger_kernel/ops/fused_linear_cross_entropy.py:233: UserWarning: called a synchronizing CUDA operation (Triggered internally at /pytorch/c10/cuda/CUDAFunctions.cpp:162.)
2026-09-15T05:03:17.345Z   if not torch.equal(grad_output, torch.tensor(1.0, device=grad_output.device)):
2026-09-15T05:03:17.345Z 
2026-09-15T05:03:17.799Z [2;36m[2026-09-15 05:03:17][0m [33mWARNING [0m [2m[py.warnings:112, 88377262b50a, rank=0][0m /opt/conda/lib/python3.12/site-packages/olmo_core/nn/transformer/model.py:777: UserWarning: called a synchronizing CUDA operation (Triggered internally at /pytorch/c10/cuda/CUDAFunctions.cpp:162.)
2026-09-15T05:03:17.799Z   n_docs = int(chunk_ids.max().item()) + 1
2026-09-15T05:03:17.799Z 
2026-09-15T05:03:32.718Z [2;36m[2026-09-15 05:03:32][0m [33mWARNING [0m [2m[py.warnings:112, 88377262b50a, rank=0][0m /opt/conda/lib/python3.12/site-packages/liger_kernel/ops/fused_linear_cross_entropy.py:75: UserWarning: called a synchronizing CUDA operation (Triggered internally at /pytorch/c10/cuda/CUDAFunctions.cpp:162.)
2026-09-15T05:03:32.718Z   total_n_non_ignore = target_mask.sum().item()
2026-09-15T05:03:32.718Z 
2026-09-15T05:03:33.562Z [2;36m[2026-09-15 05:03:33][0m [33mWARNING [0m [2m[py.warnings:112, 88377262b50a, rank=0][0m /opt/conda/lib/python3.12/site-packages/liger_kernel/ops/fused_linear_cross_entropy.py:233: UserWarning: called a synchronizing CUDA operation (Triggered internally at /pytorch/c10/cuda/CUDAFunctions.cpp:162.)
2026-09-15T05:03:33.562Z   if not torch.equal(grad_output, torch.tensor(1.0, device=grad_output.device)):
2026-09-15T05:03:33.562Z 
2026-09-15T05:03:46.713Z [2;36m[2026-09-15 05:03:46][0m [33mWARNING [0m [2m[py.warnings:112, 88377262b50a, rank=0][0m /opt/conda/lib/python3.12/site-packages/torch/autograd/graph.py:841: UserWarning: called a synchronizing CUDA operation (Triggered internally at /pytorch/c10/cuda/CUDAFunctions.cpp:162.)
2026-09-15T05:03:46.713Z   return Variable._execution_engine.run_backward(  # Calls into the C++ engine to run the backward pass
2026-09-15T05:03:46.713Z 
2026-09-15T05:03:46.715Z [2;36m[2026-09-15 05:03:46][0m [33mWARNING [0m [2m[py.warnings:112, 88377262b50a, rank=0][0m /opt/conda/lib/python3.12/site-packages/torch/distributed/utils.py:106: UserWarning: called a synchronizing CUDA operation (Triggered internally at /pytorch/c10/cuda/CUDAFunctions.cpp:162.)
2026-09-15T05:03:46.715Z   return (obj.to(target_device),)
2026-09-15T05:03:46.715Z 
2026-09-15T05:03:46.724Z [2;36m[2026-09-15 05:03:46][0m [33mWARNING [0m [2m[py.warnings:112, 88377262b50a, rank=0][0m /opt/conda/lib/python3.12/site-packages/olmo_core/nn/transformer/model.py:777: UserWarning: called a synchronizing CUDA operation (Triggered internally at /pytorch/c10/cuda/CUDAFunctions.cpp:162.)
2026-09-15T05:03:46.724Z   n_docs = int(chunk_ids.max().item()) + 1
2026-09-15T05:03:46.724Z 
2026-09-15T05:03:46.733Z [2;36m[2026-09-15 05:03:46][0m [33mWARNING [0m [2m[py.warnings:112, 88377262b50a, rank=0][0m /opt/conda/lib/python3.12/site-packages/olmo_core/nn/transformer/model.py:834: UserWarning: called a synchronizing CUDA operation (Triggered internally at /pytorch/c10/cuda/CUDAFunctions.cpp:162.)
2026-09-15T05:03:46.733Z   flat = (torch.arange(B, device=emb.device)[:, None] * n_docs + cid.clamp(min=0)).reshape(
2026-09-15T05:03:46.733Z 
2026-09-15T05:03:46.734Z [2;36m[2026-09-15 05:03:46][0m [33mWARNING [0m [2m[py.warnings:112, 88377262b50a, rank=0][0m /opt/conda/lib/python3.12/site-packages/olmo_core/nn/transformer/model.py:838: UserWarning: called a synchronizing CUDA operation (Triggered internally at /pytorch/c10/cuda/CUDAFunctions.cpp:162.)
2026-09-15T05:03:46.734Z   0, flat, emb.reshape(B * T, D)[is_ctx.reshape(-1)]
2026-09-15T05:03:46.734Z 
2026-09-15T05:03:46.742Z [2;36m[2026-09-15 05:03:46][0m [33mWARNING [0m [2m[py.warnings:112, 88377262b50a, rank=0][0m /opt/conda/lib/python3.12/site-packages/olmo_core/nn/pooled_soft_token.py:173: UserWarning: called a synchronizing CUDA operation (Triggered internally at /pytorch/c10/cuda/CUDAFunctions.cpp:162.)
2026-09-15T05:03:46.742Z   kept_idx = kept_tok.nonzero(as_tuple=True)[0]
2026-09-15T05:03:46.742Z 
2026-09-15T05:03:46.743Z [2;36m[2026-09-15 05:03:46][0m [33mWARNING [0m [2m[py.warnings:112, 88377262b50a, rank=0][0m /opt/conda/lib/python3.12/site-packages/olmo_core/nn/pooled_soft_token.py:179: UserWarning: called a synchronizing CUDA operation (Triggered internally at /pytorch/c10/cuda/CUDAFunctions.cpp:162.)
2026-09-15T05:03:46.743Z   if is_ctx.any():
2026-09-15T05:03:46.743Z 
2026-09-15T05:03:46.743Z [2;36m[2026-09-15 05:03:46][0m [33mWARNING [0m [2m[py.warnings:112, 88377262b50a, rank=0][0m /opt/conda/lib/python3.12/site-packages/olmo_core/nn/pooled_soft_token.py:180: UserWarning: called a synchronizing CUDA operation (Triggered internally at /pytorch/c10/cuda/CUDAFunctions.cpp:162.)
2026-09-15T05:03:46.743Z   d_ix = c[is_ctx]
2026-09-15T05:03:46.743Z 
2026-09-15T05:03:46.744Z [2;36m[2026-09-15 05:03:46][0m [33mWARNING [0m [2m[py.warnings:112, 88377262b50a, rank=0][0m /opt/conda/lib/python3.12/site-packages/olmo_core/nn/pooled_soft_token.py:181: UserWarning: called a synchronizing CUDA operation (Triggered internally at /pytorch/c10/cuda/CUDAFunctions.cpp:162.)
2026-09-15T05:03:46.744Z   pos_ix = is_ctx.nonzero(as_tuple=True)[0]
2026-09-15T05:03:46.744Z 
2026-09-15T05:03:46.744Z [2;36m[2026-09-15 05:03:46][0m [33mWARNING [0m [2m[py.warnings:112, 88377262b50a, rank=0][0m /opt/conda/lib/python3.12/site-packages/olmo_core/nn/pooled_soft_token.py:186: UserWarning: called a synchronizing CUDA operation (Triggered internally at /pytorch/c10/cuda/CUDAFunctions.cpp:162.)
2026-09-15T05:03:46.744Z   pooled_docs = pooled.nonzero(as_tuple=True)[0]
2026-09-15T05:03:46.744Z 
2026-09-15T05:03:46.745Z [2;36m[2026-09-15 05:03:46][0m [33mWARNING [0m [2m[py.warnings:112, 88377262b50a, rank=0][0m /opt/conda/lib/python3.12/site-packages/olmo_core/nn/pooled_soft_token.py:217: UserWarning: called a synchronizing CUDA operation (Triggered internally at /pytorch/c10/cuda/CUDAFunctions.cpp:162.)
2026-09-15T05:03:46.745Z   doc_len = torch.bincount(c[is_ctx], minlength=n_docs) if is_ctx.any() else torch.zeros(n_docs, dtype=torch.long, device=device)
2026-09-15T05:03:46.745Z 
2026-09-15T05:03:46.746Z [2;36m[2026-09-15 05:03:46][0m [33mWARNING [0m [2m[py.warnings:112, 88377262b50a, rank=0][0m /opt/conda/lib/python3.12/site-packages/olmo_core/nn/pooled_soft_token.py:222: UserWarning: called a synchronizing CUDA operation (Triggered internally at /pytorch/c10/cuda/CUDAFunctions.cpp:162.)
2026-09-15T05:03:46.746Z   soft_cols_b = soft_mask.nonzero(as_tuple=True)[0]
2026-09-15T05:03:46.746Z 
2026-09-15T05:03:46.746Z [2;36m[2026-09-15 05:03:46][0m [33mWARNING [0m [2m[py.warnings:112, 88377262b50a, rank=0][0m /opt/conda/lib/python3.12/site-packages/olmo_core/nn/pooled_soft_token.py:226: UserWarning: called a synchronizing CUDA operation (Triggered internally at /pytorch/c10/cuda/CUDAFunctions.cpp:162.)
2026-09-15T05:03:46.746Z   cols_l = soft_cols_b.tolist()
2026-09-15T05:03:46.746Z 
2026-09-15T05:03:46.747Z [2;36m[2026-09-15 05:03:46][0m [33mWARNING [0m [2m[py.warnings:112, 88377262b50a, rank=0][0m /opt/conda/lib/python3.12/site-packages/olmo_core/nn/pooled_soft_token.py:229: UserWarning: called a synchronizing CUDA operation (Triggered internally at /pytorch/c10/cuda/CUDAFunctions.cpp:162.)
2026-09-15T05:03:46.747Z   soft_docs += docs_b.tolist()
2026-09-15T05:03:46.747Z 
2026-09-15T05:03:46.747Z [2;36m[2026-09-15 05:03:46][0m [33mWARNING [0m [2m[py.warnings:112, 88377262b50a, rank=0][0m /opt/conda/lib/python3.12/site-packages/olmo_core/nn/pooled_soft_token.py:230: UserWarning: called a synchronizing CUDA operation (Triggered internally at /pytorch/c10/cuda/CUDAFunctions.cpp:162.)
2026-09-15T05:03:46.747Z   soft_log_len += lens_b.tolist()
2026-09-15T05:03:46.747Z 
2026-09-15T05:03:46.749Z [2;36m[2026-09-15 05:03:46][0m [33mWARNING [0m [2m[py.warnings:112, 88377262b50a, rank=0][0m /opt/conda/lib/python3.12/site-packages/olmo_core/nn/pooled_soft_token.py:280: UserWarning: called a synchronizing CUDA operation (Triggered internally at /pytorch/c10/cuda/CUDAFunctions.cpp:162.)
2026-09-15T05:03:46.749Z   row_lens[b] = L
2026-09-15T05:03:46.749Z 
2026-09-15T05:03:46.750Z [2;36m[2026-09-15 05:03:46][0m [33mWARNING [0m [2m[py.warnings:112, 88377262b50a, rank=0][0m /opt/conda/lib/python3.12/site-packages/olmo_core/nn/pooled_soft_token.py:297: UserWarning: called a synchronizing CUDA operation (Triggered internally at /pytorch/c10/cuda/CUDAFunctions.cpp:162.)
2026-09-15T05:03:46.750Z   soft_rows=torch.tensor(soft_rows, dtype=torch.long, device=device),
2026-09-15T05:03:46.750Z 
2026-09-15T05:03:46.750Z [2;36m[2026-09-15 05:03:46][0m [33mWARNING [0m [2m[py.warnings:112, 88377262b50a, rank=0][0m /opt/conda/lib/python3.12/site-packages/olmo_core/nn/pooled_soft_token.py:298: UserWarning: called a synchronizing CUDA operation (Triggered internally at /pytorch/c10/cuda/CUDAFunctions.cpp:162.)
2026-09-15T05:03:46.750Z   soft_cols=torch.tensor(soft_cols, dtype=torch.long, device=device),
2026-09-15T05:03:46.750Z 
2026-09-15T05:03:46.751Z [2;36m[2026-09-15 05:03:46][0m [33mWARNING [0m [2m[py.warnings:112, 88377262b50a, rank=0][0m /opt/conda/lib/python3.12/site-packages/olmo_core/nn/pooled_soft_token.py:299: UserWarning: called a synchronizing CUDA operation (Triggered internally at /pytorch/c10/cuda/CUDAFunctions.cpp:162.)
2026-09-15T05:03:46.751Z   soft_docs=torch.tensor(soft_docs, dtype=torch.long, device=device),
2026-09-15T05:03:46.751Z 
2026-09-15T05:03:46.751Z [2;36m[2026-09-15 05:03:46][0m [33mWARNING [0m [2m[py.warnings:112, 88377262b50a, rank=0][0m /opt/conda/lib/python3.12/site-packages/olmo_core/nn/pooled_soft_token.py:301: UserWarning: called a synchronizing CUDA operation (Triggered internally at /pytorch/c10/cuda/CUDAFunctions.cpp:162.)
2026-09-15T05:03:46.751Z   soft_log_len=torch.tensor(soft_log_len, dtype=torch.float32, device=device),
2026-09-15T05:03:46.751Z 
2026-09-15T05:03:46.752Z [2;36m[2026-09-15 05:03:46][0m [33mWARNING [0m [2m[py.warnings:112, 88377262b50a, rank=0][0m /opt/conda/lib/python3.12/site-packages/olmo_core/nn/transformer/model.py:1502: UserWarning: called a synchronizing CUDA operation (Triggered internally at /pytorch/c10/cuda/CUDAFunctions.cpp:162.)
2026-09-15T05:03:46.752Z   kv_grad_mask[cb.soft_rows, cb.soft_cols] = False
2026-09-15T05:03:46.752Z 
2026-09-15T05:03:46.898Z [2;36m[2026-09-15 05:03:46][0m [33mWARNING [0m [2m[py.warnings:112, 88377262b50a, rank=0][0m /opt/conda/lib/python3.12/site-packages/liger_kernel/ops/fused_linear_cross_entropy.py:75: UserWarning: called a synchronizing CUDA operation (Triggered internally at /pytorch/c10/cuda/CUDAFunctions.cpp:162.)
2026-09-15T05:03:46.898Z   total_n_non_ignore = target_mask.sum().item()
2026-09-15T05:03:46.898Z 
2026-09-15T05:03:47.688Z [2;36m[2026-09-15 05:03:47][0m [33mWARNING [0m [2m[py.warnings:112, 88377262b50a, rank=0][0m /opt/conda/lib/python3.12/site-packages/liger_kernel/ops/fused_linear_cross_entropy.py:233: UserWarning: called a synchronizing CUDA operation (Triggered internally at /pytorch/c10/cuda/CUDAFunctions.cpp:162.)
2026-09-15T05:03:47.688Z   if not torch.equal(grad_output, torch.tensor(1.0, device=grad_output.device)):
2026-09-15T05:03:47.688Z 
2026-09-15T05:03:49.411Z [2;36m[2026-09-15 05:03:49][0m [33mWARNING [0m [2m[py.warnings:112, 88377262b50a, rank=1][0m /opt/conda/lib/python3.12/site-packages/torch/autograd/graph.py:841: UserWarning: called a synchronizing CUDA operation (Triggered internally at /pytorch/c10/cuda/CUDAFunctions.cpp:162.)
2026-09-15T05:03:49.411Z   return Variable._execution_engine.run_backward(  # Calls into the C++ engine to run the backward pass
2026-09-15T05:03:49.411Z 
2026-09-15T05:03:49.415Z [2;36m[2026-09-15 05:03:49][0m [33mWARNING [0m [2m[py.warnings:112, 88377262b50a, rank=1][0m /opt/conda/lib/python3.12/site-packages/torch/distributed/utils.py:106: UserWarning: called a synchronizing CUDA operation (Triggered internally at /pytorch/c10/cuda/CUDAFunctions.cpp:162.)
2026-09-15T05:03:49.415Z   return (obj.to(target_device),)
2026-09-15T05:03:49.415Z 
2026-09-15T05:03:49.424Z [2;36m[2026-09-15 05:03:49][0m [33mWARNING [0m [2m[py.warnings:112, 88377262b50a, rank=1][0m /opt/conda/lib/python3.12/site-packages/olmo_core/nn/transformer/model.py:777: UserWarning: called a synchronizing CUDA operation (Triggered internally at /pytorch/c10/cuda/CUDAFunctions.cpp:162.)
2026-09-15T05:03:49.424Z   n_docs = int(chunk_ids.max().item()) + 1
2026-09-15T05:03:49.424Z 
2026-09-15T05:03:49.433Z [2;36m[2026-09-15 05:03:49][0m [33mWARNING [0m [2m[py.warnings:112, 88377262b50a, rank=1][0m /opt/conda/lib/python3.12/site-packages/olmo_core/nn/transformer/model.py:834: UserWarning: called a synchronizing CUDA operation (Triggered internally at /pytorch/c10/cuda/CUDAFunctions.cpp:162.)
2026-09-15T05:03:49.433Z   flat = (torch.arange(B, device=emb.device)[:, None] * n_docs + cid.clamp(min=0)).reshape(
2026-09-15T05:03:49.433Z 
2026-09-15T05:03:49.433Z [2;36m[2026-09-15 05:03:49][0m [33mWARNING [0m [2m[py.warnings:112, 88377262b50a, rank=1][0m /opt/conda/lib/python3.12/site-packages/olmo_core/nn/transformer/model.py:838: UserWarning: called a synchronizing CUDA operation (Triggered internally at /pytorch/c10/cuda/CUDAFunctions.cpp:162.)
2026-09-15T05:03:49.433Z   0, flat, emb.reshape(B * T, D)[is_ctx.reshape(-1)]
2026-09-15T05:03:49.433Z 
2026-09-15T05:03:49.440Z [2;36m[2026-09-15 05:03:49][0m [33mWARNING [0m [2m[py.warnings:112, 88377262b50a, rank=1][0m /opt/conda/lib/python3.12/site-packages/olmo_core/nn/pooled_soft_token.py:173: UserWarning: called a synchronizing CUDA operation (Triggered internally at /pytorch/c10/cuda/CUDAFunctions.cpp:162.)
2026-09-15T05:03:49.440Z   kept_idx = kept_tok.nonzero(as_tuple=True)[0]
2026-09-15T05:03:49.440Z 
2026-09-15T05:03:49.440Z [2;36m[2026-09-15 05:03:49][0m [33mWARNING [0m [2m[py.warnings:112, 88377262b50a, rank=1][0m /opt/conda/lib/python3.12/site-packages/olmo_core/nn/pooled_soft_token.py:179: UserWarning: called a synchronizing CUDA operation (Triggered internally at /pytorch/c10/cuda/CUDAFunctions.cpp:162.)
2026-09-15T05:03:49.440Z   if is_ctx.any():
2026-09-15T05:03:49.440Z 
2026-09-15T05:03:49.441Z [2;36m[2026-09-15 05:03:49][0m [33mWARNING [0m [2m[py.warnings:112, 88377262b50a, rank=1][0m /opt/conda/lib/python3.12/site-packages/olmo_core/nn/pooled_soft_token.py:180: UserWarning: called a synchronizing CUDA operation (Triggered internally at /pytorch/c10/cuda/CUDAFunctions.cpp:162.)
2026-09-15T05:03:49.441Z   d_ix = c[is_ctx]
2026-09-15T05:03:49.441Z 
2026-09-15T05:03:49.441Z [2;36m[2026-09-15 05:03:49][0m [33mWARNING [0m [2m[py.warnings:112, 88377262b50a, rank=1][0m /opt/conda/lib/python3.12/site-packages/olmo_core/nn/pooled_soft_token.py:181: UserWarning: called a synchronizing CUDA operation (Triggered internally at /pytorch/c10/cuda/CUDAFunctions.cpp:162.)
2026-09-15T05:03:49.441Z   pos_ix = is_ctx.nonzero(as_tuple=True)[0]
2026-09-15T05:03:49.441Z 
2026-09-15T05:03:49.442Z [2;36m[2026-09-15 05:03:49][0m [33mWARNING [0m [2m[py.warnings:112, 88377262b50a, rank=1][0m /opt/conda/lib/python3.12/site-packages/olmo_core/nn/pooled_soft_token.py:186: UserWarning: called a synchronizing CUDA operation (Triggered internally at /pytorch/c10/cuda/CUDAFunctions.cpp:162.)
2026-09-15T05:03:49.442Z   pooled_docs = pooled.nonzero(as_tuple=True)[0]
2026-09-15T05:03:49.442Z 
2026-09-15T05:03:49.442Z [2;36m[2026-09-15 05:03:49][0m [33mWARNING [0m [2m[py.warnings:112, 88377262b50a, rank=1][0m /opt/conda/lib/python3.12/site-packages/olmo_core/nn/pooled_soft_token.py:217: UserWarning: called a synchronizing CUDA operation (Triggered internally at /pytorch/c10/cuda/CUDAFunctions.cpp:162.)
2026-09-15T05:03:49.442Z   doc_len = torch.bincount(c[is_ctx], minlength=n_docs) if is_ctx.any() else torch.zeros(n_docs, dtype=torch.long, device=device)
2026-09-15T05:03:49.442Z 
2026-09-15T05:03:49.443Z [2;36m[2026-09-15 05:03:49][0m [33mWARNING [0m [2m[py.warnings:112, 88377262b50a, rank=1][0m /opt/conda/lib/python3.12/site-packages/olmo_core/nn/pooled_soft_token.py:222: UserWarning: called a synchronizing CUDA operation (Triggered internally at /pytorch/c10/cuda/CUDAFunctions.cpp:162.)
2026-09-15T05:03:49.443Z   soft_cols_b = soft_mask.nonzero(as_tuple=True)[0]
2026-09-15T05:03:49.443Z 
2026-09-15T05:03:49.443Z [2;36m[2026-09-15 05:03:49][0m [33mWARNING [0m [2m[py.warnings:112, 88377262b50a, rank=1][0m /opt/conda/lib/python3.12/site-packages/olmo_core/nn/pooled_soft_token.py:226: UserWarning: called a synchronizing CUDA operation (Triggered internally at /pytorch/c10/cuda/CUDAFunctions.cpp:162.)
2026-09-15T05:03:49.443Z   cols_l = soft_cols_b.tolist()
2026-09-15T05:03:49.443Z 
2026-09-15T05:03:49.444Z [2;36m[2026-09-15 05:03:49][0m [33mWARNING [0m [2m[py.warnings:112, 88377262b50a, rank=1][0m /opt/conda/lib/python3.12/site-packages/olmo_core/nn/pooled_soft_token.py:229: UserWarning: called a synchronizing CUDA operation (Triggered internally at /pytorch/c10/cuda/CUDAFunctions.cpp:162.)
2026-09-15T05:03:49.444Z   soft_docs += docs_b.tolist()
2026-09-15T05:03:49.444Z 
2026-09-15T05:03:49.444Z [2;36m[2026-09-15 05:03:49][0m [33mWARNING [0m [2m[py.warnings:112, 88377262b50a, rank=1][0m /opt/conda/lib/python3.12/site-packages/olmo_core/nn/pooled_soft_token.py:230: UserWarning: called a synchronizing CUDA operation (Triggered internally at /pytorch/c10/cuda/CUDAFunctions.cpp:162.)
2026-09-15T05:03:49.444Z   soft_log_len += lens_b.tolist()
2026-09-15T05:03:49.444Z 
2026-09-15T05:03:49.446Z [2;36m[2026-09-15 05:03:49][0m [33mWARNING [0m [2m[py.warnings:112, 88377262b50a, rank=1][0m /opt/conda/lib/python3.12/site-packages/olmo_core/nn/pooled_soft_token.py:280: UserWarning: called a synchronizing CUDA operation (Triggered internally at /pytorch/c10/cuda/CUDAFunctions.cpp:162.)
2026-09-15T05:03:49.446Z   row_lens[b] = L
2026-09-15T05:03:49.446Z 
2026-09-15T05:03:49.446Z [2;36m[2026-09-15 05:03:49][0m [33mWARNING [0m [2m[py.warnings:112, 88377262b50a, rank=1][0m /opt/conda/lib/python3.12/site-packages/olmo_core/nn/pooled_soft_token.py:297: UserWarning: called a synchronizing CUDA operation (Triggered internally at /pytorch/c10/cuda/CUDAFunctions.cpp:162.)
2026-09-15T05:03:49.446Z   soft_rows=torch.tensor(soft_rows, dtype=torch.long, device=device),
2026-09-15T05:03:49.446Z 
2026-09-15T05:03:49.447Z [2;36m[2026-09-15 05:03:49][0m [33mWARNING [0m [2m[py.warnings:112, 88377262b50a, rank=1][0m /opt/conda/lib/python3.12/site-packages/olmo_core/nn/pooled_soft_token.py:298: UserWarning: called a synchronizing CUDA operation (Triggered internally at /pytorch/c10/cuda/CUDAFunctions.cpp:162.)
2026-09-15T05:03:49.447Z   soft_cols=torch.tensor(soft_cols, dtype=torch.long, device=device),
2026-09-15T05:03:49.447Z 
2026-09-15T05:03:49.447Z [2;36m[2026-09-15 05:03:49][0m [33mWARNING [0m [2m[py.warnings:112, 88377262b50a, rank=1][0m /opt/conda/lib/python3.12/site-packages/olmo_core/nn/pooled_soft_token.py:299: UserWarning: called a synchronizing CUDA operation (Triggered internally at /pytorch/c10/cuda/CUDAFunctions.cpp:162.)
2026-09-15T05:03:49.447Z   soft_docs=torch.tensor(soft_docs, dtype=torch.long, device=device),
2026-09-15T05:03:49.447Z 
2026-09-15T05:03:49.447Z [2;36m[2026-09-15 05:03:49][0m [33mWARNING [0m [2m[py.warnings:112, 88377262b50a, rank=1][0m /opt/conda/lib/python3.12/site-packages/olmo_core/nn/pooled_soft_token.py:301: UserWarning: called a synchronizing CUDA operation (Triggered internally at /pytorch/c10/cuda/CUDAFunctions.cpp:162.)
2026-09-15T05:03:49.447Z   soft_log_len=torch.tensor(soft_log_len, dtype=torch.float32, device=device),
2026-09-15T05:03:49.447Z 
2026-09-15T05:03:49.448Z [2;36m[2026-09-15 05:03:49][0m [33mWARNING [0m [2m[py.warnings:112, 88377262b50a, rank=1][0m /opt/conda/lib/python3.12/site-packages/olmo_core/nn/transformer/model.py:1502: UserWarning: called a synchronizing CUDA operation (Triggered internally at /pytorch/c10/cuda/CUDAFunctions.cpp:162.)
2026-09-15T05:03:49.448Z   kv_grad_mask[cb.soft_rows, cb.soft_cols] = False
2026-09-15T05:03:49.448Z 
2026-09-15T05:03:49.591Z [2;36m[2026-09-15 05:03:49][0m [33mWARNING [0m [2m[py.warnings:112, 88377262b50a, rank=1][0m /opt/conda/lib/python3.12/site-packages/liger_kernel/ops/fused_linear_cross_entropy.py:75: UserWarning: called a synchronizing CUDA operation (Triggered internally at /pytorch/c10/cuda/CUDAFunctions.cpp:162.)
2026-09-15T05:03:49.591Z   total_n_non_ignore = target_mask.sum().item()
2026-09-15T05:03:49.591Z 
2026-09-15T05:03:50.518Z [2;36m[2026-09-15 05:03:50][0m [33mWARNING [0m [2m[py.warnings:112, 88377262b50a, rank=1][0m /opt/conda/lib/python3.12/site-packages/liger_kernel/ops/fused_linear_cross_entropy.py:233: UserWarning: called a synchronizing CUDA operation (Triggered internally at /pytorch/c10/cuda/CUDAFunctions.cpp:162.)
2026-09-15T05:03:50.518Z   if not torch.equal(grad_output, torch.tensor(1.0, device=grad_output.device)):
2026-09-15T05:03:50.518Z 
2026-09-15T05:03:51.095Z [2;36m[2026-09-15 05:03:51][0m [34mINFO    [0m [2m[olmo_core.train.callbacks.console_logger:68, 88377262b50a, rank=0][0m [step=23/61,epoch=1,eta=13m]
2026-09-15T05:03:51.095Z     gpu_memory/GPU active mem (%)=75.57
2026-09-15T05:03:51.095Z     gpu_memory/GPU active mem (GiB)=59.89
2026-09-15T05:03:51.095Z     gpu_memory/GPU reserved mem (%)=80.90
2026-09-15T05:03:51.095Z     gpu_memory/GPU reserved mem (GiB)=64.12
2026-09-15T05:03:51.095Z     optim/LR (group 0)=3.22E-06
2026-09-15T05:03:51.095Z     optim/LR (group 1)=3.22E-06
2026-09-15T05:03:51.095Z     optim/step skipped=0.0
2026-09-15T05:03:51.095Z     optim/total grad norm=2.866
2026-09-15T05:03:51.095Z     throughput/chinchilla multiple=3.58E-05
2026-09-15T05:03:51.095Z     throughput/device/BPS=0.0290
2026-09-15T05:03:51.095Z     throughput/device/BPS (actual avg)=0.0483
2026-09-15T05:03:51.095Z     throughput/device/MFU=13.96
2026-09-15T05:03:51.095Z     throughput/device/MFU (actual avg)=23.25
2026-09-15T05:03:51.095Z     throughput/device/TPS=1,902
2026-09-15T05:03:51.095Z     throughput/device/TPS (actual avg)=3,168
2026-09-15T05:03:51.095Z     throughput/device/flopsPS=43.56T
2026-09-15T05:03:51.095Z     throughput/device/flopsPS (actual avg)=72.55T
2026-09-15T05:03:51.095Z     throughput/total petaflops=69.03
2026-09-15T05:03:51.095Z     throughput/total tokens=3,014,656
2026-09-15T05:03:51.095Z     train/CE loss=0.4104
2026-09-15T05:03:51.095Z     throughput/device/data loading (%)=0.0055
2026-09-15T05:03:51.095Z     throughput/device/data loading (s)=0.0019
2026-09-15T05:03:51.095Z     train/PPL=1.507
2026-09-15T05:04:01.763Z [2;36m[2026-09-15 05:04:01][0m [34mINFO    [0m [2m[olmo_core.train.callbacks.console_logger:68, 88377262b50a, rank=0][0m [step=24/61,epoch=1,eta=13m]
2026-09-15T05:04:01.763Z     gpu_memory/GPU active mem (%)=75.57
2026-09-15T05:04:01.763Z     gpu_memory/GPU active mem (GiB)=59.89
2026-09-15T05:04:01.763Z     gpu_memory/GPU reserved mem (%)=80.90
2026-09-15T05:04:01.763Z     gpu_memory/GPU reserved mem (GiB)=64.12
2026-09-15T05:04:01.763Z     optim/LR (group 0)=3.14E-06
2026-09-15T05:04:01.763Z     optim/LR (group 1)=3.14E-06
2026-09-15T05:04:01.763Z     optim/step skipped=0.0
2026-09-15T05:04:01.763Z     optim/total grad norm=2.611
2026-09-15T05:04:01.763Z     throughput/chinchilla multiple=3.74E-05
2026-09-15T05:04:01.763Z     throughput/device/BPS=0.0937
2026-09-15T05:04:01.763Z     throughput/device/BPS (actual avg)=0.0494
2026-09-15T05:04:01.763Z     throughput/device/MFU=45.09
2026-09-15T05:04:01.763Z     throughput/device/MFU (actual avg)=23.75
2026-09-15T05:04:01.763Z     throughput/device/TPS=6,143
2026-09-15T05:04:01.763Z     throughput/device/TPS (actual avg)=3,236
2026-09-15T05:04:01.763Z     throughput/device/flopsPS=140.7T
2026-09-15T05:04:01.763Z     throughput/device/flopsPS (actual avg)=74.11T
2026-09-15T05:04:01.763Z     throughput/total petaflops=72.04
2026-09-15T05:04:01.763Z     throughput/total tokens=3,145,728
2026-09-15T05:04:01.763Z     train/CE loss=0.4009
2026-09-15T05:04:01.763Z     throughput/device/data loading (%)=0.0163
2026-09-15T05:04:01.763Z     throughput/device/data loading (s)=0.0017
2026-09-15T05:04:01.763Z     train/PPL=1.493
2026-09-15T05:04:12.696Z [2;36m[2026-09-15 05:04:12][0m [34mINFO    [0m [2m[olmo_core.train.callbacks.console_logger:68, 88377262b50a, rank=0][0m [step=25/61,epoch=1,eta=12m]
2026-09-15T05:04:12.696Z     gpu_memory/GPU active mem (%)=75.57
2026-09-15T05:04:12.696Z     gpu_memory/GPU active mem (GiB)=59.89
2026-09-15T05:04:12.696Z     gpu_memory/GPU reserved mem (%)=80.90
2026-09-15T05:04:12.696Z     gpu_memory/GPU reserved mem (GiB)=64.12
2026-09-15T05:04:12.697Z     optim/LR (group 0)=3.05E-06
2026-09-15T05:04:12.697Z     optim/LR (group 1)=3.05E-06
2026-09-15T05:04:12.697Z     optim/step skipped=0.0
2026-09-15T05:04:12.697Z     optim/total grad norm=2.835
2026-09-15T05:04:12.697Z     throughput/chinchilla multiple=3.90E-05
2026-09-15T05:04:12.697Z     throughput/device/BPS=0.0915
2026-09-15T05:04:12.697Z     throughput/device/BPS (actual avg)=0.0503
2026-09-15T05:04:12.697Z     throughput/device/MFU=43.99
2026-09-15T05:04:12.697Z     throughput/device/MFU (actual avg)=24.22
2026-09-15T05:04:12.697Z     throughput/device/TPS=5,993
2026-09-15T05:04:12.697Z     throughput/device/TPS (actual avg)=3,299
2026-09-15T05:04:12.697Z     throughput/device/flopsPS=137.3T
2026-09-15T05:04:12.697Z     throughput/device/flopsPS (actual avg)=75.56T
2026-09-15T05:04:12.697Z     throughput/total petaflops=75.04
2026-09-15T05:04:12.697Z     throughput/total tokens=3,276,800
2026-09-15T05:04:12.697Z     train/CE loss=0.4044
2026-09-15T05:04:12.697Z     throughput/device/data loading (%)=0.0159
2026-09-15T05:04:12.697Z     throughput/device/data loading (s)=0.0017
2026-09-15T05:04:12.697Z     train/PPL=1.498
2026-09-15T05:04:23.076Z [2;36m[2026-09-15 05:04:23][0m [34mINFO    [0m [2m[olmo_core.train.callbacks.console_logger:68, 88377262b50a, rank=0][0m [step=26/61,epoch=1,eta=12m]
2026-09-15T05:04:23.076Z     gpu_memory/GPU active mem (%)=75.57
2026-09-15T05:04:23.076Z     gpu_memory/GPU active mem (GiB)=59.89
2026-09-15T05:04:23.076Z     gpu_memory/GPU reserved mem (%)=80.90
2026-09-15T05:04:23.076Z     gpu_memory/GPU reserved mem (GiB)=64.12
2026-09-15T05:04:23.076Z     optim/LR (group 0)=2.97E-06
2026-09-15T05:04:23.076Z     optim/LR (group 1)=2.97E-06
2026-09-15T05:04:23.076Z     optim/step skipped=0.0
2026-09-15T05:04:23.076Z     optim/total grad norm=3.255
2026-09-15T05:04:23.076Z     throughput/chinchilla multiple=4.05E-05
2026-09-15T05:04:23.076Z     throughput/device/BPS=0.0963
2026-09-15T05:04:23.076Z     throughput/device/BPS (actual avg)=0.0513
2026-09-15T05:04:23.076Z     throughput/device/MFU=46.34
2026-09-15T05:04:23.076Z     throughput/device/MFU (actual avg)=24.69
2026-09-15T05:04:23.076Z     throughput/device/TPS=6,313
2026-09-15T05:04:23.076Z     throughput/device/TPS (actual avg)=3,363
2026-09-15T05:04:23.076Z     throughput/device/flopsPS=144.6T
2026-09-15T05:04:23.076Z     throughput/device/flopsPS (actual avg)=77.03T
2026-09-15T05:04:23.076Z     throughput/total petaflops=78.04
2026-09-15T05:04:23.076Z     throughput/total tokens=3,407,872
2026-09-15T05:04:23.076Z     train/CE loss=0.4028
2026-09-15T05:04:23.076Z     throughput/device/data loading (%)=0.0194
2026-09-15T05:04:23.076Z     throughput/device/data loading (s)=0.0020
2026-09-15T05:04:23.076Z     train/PPL=1.496
2026-09-15T05:04:33.422Z [2;36m[2026-09-15 05:04:33][0m [34mINFO    [0m [2m[olmo_core.train.callbacks.console_logger:68, 88377262b50a, rank=0][0m [step=27/61,epoch=1,eta=11m]
2026-09-15T05:04:33.422Z     gpu_memory/GPU active mem (%)=75.57
2026-09-15T05:04:33.422Z     gpu_memory/GPU active mem (GiB)=59.89
2026-09-15T05:04:33.422Z     gpu_memory/GPU reserved mem (%)=80.90
2026-09-15T05:04:33.422Z     gpu_memory/GPU reserved mem (GiB)=64.12
2026-09-15T05:04:33.422Z     optim/LR (group 0)=2.88E-06
2026-09-15T05:04:33.422Z     optim/LR (group 1)=2.88E-06
2026-09-15T05:04:33.422Z     optim/step skipped=0.0
2026-09-15T05:04:33.422Z     optim/total grad norm=2.879
2026-09-15T05:04:33.422Z     throughput/chinchilla multiple=4.21E-05
2026-09-15T05:04:33.422Z     throughput/device/BPS=0.0967
2026-09-15T05:04:33.422Z     throughput/device/BPS (actual avg)=0.0523
2026-09-15T05:04:33.422Z     throughput/device/MFU=46.49
2026-09-15T05:04:33.422Z     throughput/device/MFU (actual avg)=25.14
2026-09-15T05:04:33.422Z     throughput/device/TPS=6,334
2026-09-15T05:04:33.422Z     throughput/device/TPS (actual avg)=3,425
2026-09-15T05:04:33.422Z     throughput/device/flopsPS=145.1T
2026-09-15T05:04:33.422Z     throughput/device/flopsPS (actual avg)=78.44T
2026-09-15T05:04:33.422Z     throughput/total petaflops=81.04
2026-09-15T05:04:33.422Z     throughput/total tokens=3,538,944
2026-09-15T05:04:33.422Z     train/CE loss=0.3831
2026-09-15T05:04:33.422Z     throughput/device/data loading (%)=0.0120
2026-09-15T05:04:33.422Z     throughput/device/data loading (s)=0.0012
2026-09-15T05:04:33.422Z     train/PPL=1.467
2026-09-15T05:04:44.031Z [2;36m[2026-09-15 05:04:44][0m [34mINFO    [0m [2m[olmo_core.train.callbacks.console_logger:68, 88377262b50a, rank=0][0m [step=28/61,epoch=1,eta=11m]
2026-09-15T05:04:44.031Z     gpu_memory/GPU active mem (%)=75.57
2026-09-15T05:04:44.031Z     gpu_memory/GPU active mem (GiB)=59.89
2026-09-15T05:04:44.031Z     gpu_memory/GPU reserved mem (%)=80.90
2026-09-15T05:04:44.031Z     gpu_memory/GPU reserved mem (GiB)=64.12
2026-09-15T05:04:44.031Z     optim/LR (group 0)=2.80E-06
2026-09-15T05:04:44.031Z     optim/LR (group 1)=2.80E-06
2026-09-15T05:04:44.031Z     optim/step skipped=0.0
2026-09-15T05:04:44.031Z     optim/total grad norm=4.471
2026-09-15T05:04:44.031Z     throughput/chinchilla multiple=4.36E-05
2026-09-15T05:04:44.031Z     throughput/device/BPS=0.0943
2026-09-15T05:04:44.031Z     throughput/device/BPS (actual avg)=0.0531
2026-09-15T05:04:44.031Z     throughput/device/MFU=45.34
2026-09-15T05:04:44.031Z     throughput/device/MFU (actual avg)=25.56
2026-09-15T05:04:44.031Z     throughput/device/TPS=6,177
2026-09-15T05:04:44.031Z     throughput/device/TPS (actual avg)=3,483
2026-09-15T05:04:44.031Z     throughput/device/flopsPS=141.5T
2026-09-15T05:04:44.031Z     throughput/device/flopsPS (actual avg)=79.76T
2026-09-15T05:04:44.031Z     throughput/total petaflops=84.04
2026-09-15T05:04:44.031Z     throughput/total tokens=3,670,016
2026-09-15T05:04:44.031Z     train/CE loss=0.4219
2026-09-15T05:04:44.031Z     throughput/device/data loading (%)=0.0181
2026-09-15T05:04:44.031Z     throughput/device/data loading (s)=0.0019
2026-09-15T05:04:44.031Z     train/PPL=1.525
2026-09-15T05:04:54.983Z [2;36m[2026-09-15 05:04:54][0m [34mINFO    [0m [2m[olmo_core.train.callbacks.console_logger:68, 88377262b50a, rank=0][0m [step=29/61,epoch=1,eta=10m]
2026-09-15T05:04:54.983Z     gpu_memory/GPU active mem (%)=75.57
2026-09-15T05:04:54.983Z     gpu_memory/GPU active mem (GiB)=59.89
2026-09-15T05:04:54.983Z     gpu_memory/GPU reserved mem (%)=80.90
2026-09-15T05:04:54.983Z     gpu_memory/GPU reserved mem (GiB)=64.12
2026-09-15T05:04:54.983Z     optim/LR (group 0)=2.71E-06
2026-09-15T05:04:54.983Z     optim/LR (group 1)=2.71E-06
2026-09-15T05:04:54.983Z     optim/step skipped=0.0
2026-09-15T05:04:54.983Z     optim/total grad norm=3.651
2026-09-15T05:04:54.983Z     throughput/chinchilla multiple=4.52E-05
2026-09-15T05:04:54.983Z     throughput/device/BPS=0.0913
2026-09-15T05:04:54.983Z     throughput/device/BPS (actual avg)=0.0540
2026-09-15T05:04:54.983Z     throughput/device/MFU=43.92
2026-09-15T05:04:54.983Z     throughput/device/MFU (actual avg)=25.95
2026-09-15T05:04:54.983Z     throughput/device/TPS=5,983
2026-09-15T05:04:54.983Z     throughput/device/TPS (actual avg)=3,535
2026-09-15T05:04:54.983Z     throughput/device/flopsPS=137.0T
2026-09-15T05:04:54.983Z     throughput/device/flopsPS (actual avg)=80.97T
2026-09-15T05:04:54.983Z     throughput/total petaflops=87.04
2026-09-15T05:04:54.983Z     throughput/total tokens=3,801,088
2026-09-15T05:04:54.983Z     train/CE loss=0.4028
2026-09-15T05:04:54.983Z     throughput/device/data loading (%)=0.0124
2026-09-15T05:04:54.983Z     throughput/device/data loading (s)=0.0014
2026-09-15T05:04:54.983Z     train/PPL=1.496
2026-09-15T05:05:05.987Z [2;36m[2026-09-15 05:05:05][0m [34mINFO    [0m [2m[olmo_core.train.callbacks.console_logger:68, 88377262b50a, rank=0][0m [step=30/61,epoch=1,eta=10m]
2026-09-15T05:05:05.987Z     gpu_memory/GPU active mem (%)=75.57
2026-09-15T05:05:05.987Z     gpu_memory/GPU active mem (GiB)=59.89
2026-09-15T05:05:05.987Z     gpu_memory/GPU reserved mem (%)=80.90
2026-09-15T05:05:05.987Z     gpu_memory/GPU reserved mem (GiB)=64.12
2026-09-15T05:05:05.987Z     optim/LR (group 0)=2.63E-06
2026-09-15T05:05:05.987Z     optim/LR (group 1)=2.63E-06
2026-09-15T05:05:05.987Z     optim/step skipped=0.0
2026-09-15T05:05:05.987Z     optim/total grad norm=2.066
2026-09-15T05:05:05.987Z     throughput/chinchilla multiple=4.67E-05
2026-09-15T05:05:05.987Z     throughput/device/BPS=0.0909
2026-09-15T05:05:05.987Z     throughput/device/BPS (actual avg)=0.0547
2026-09-15T05:05:05.987Z     throughput/device/MFU=43.71
2026-09-15T05:05:05.987Z     throughput/device/MFU (actual avg)=26.32
2026-09-15T05:05:05.987Z     throughput/device/TPS=5,955
2026-09-15T05:05:05.987Z     throughput/device/TPS (actual avg)=3,586
2026-09-15T05:05:05.987Z     throughput/device/flopsPS=136.4T
2026-09-15T05:05:05.987Z     throughput/device/flopsPS (actual avg)=82.12T
2026-09-15T05:05:05.987Z     throughput/total petaflops=90.04
2026-09-15T05:05:05.987Z     throughput/total tokens=3,932,160
2026-09-15T05:05:05.987Z     train/CE loss=0.3827
2026-09-15T05:05:05.987Z     throughput/device/data loading (%)=0.0151
2026-09-15T05:05:05.987Z     throughput/device/data loading (s)=0.0017
2026-09-15T05:05:05.987Z     train/PPL=1.466
2026-09-15T05:05:16.568Z [2;36m[2026-09-15 05:05:16][0m [34mINFO    [0m [2m[olmo_core.train.callbacks.console_logger:68, 88377262b50a, rank=0][0m [step=31/61,epoch=1,eta=9m]
2026-09-15T05:05:16.568Z     gpu_memory/GPU active mem (%)=75.57
2026-09-15T05:05:16.568Z     gpu_memory/GPU active mem (GiB)=59.89
2026-09-15T05:05:16.568Z     gpu_memory/GPU reserved mem (%)=80.90
2026-09-15T05:05:16.568Z     gpu_memory/GPU reserved mem (GiB)=64.12
2026-09-15T05:05:16.568Z     optim/LR (group 0)=2.54E-06
2026-09-15T05:05:16.568Z     optim/LR (group 1)=2.54E-06
2026-09-15T05:05:16.568Z     optim/step skipped=0.0
2026-09-15T05:05:16.569Z     optim/total grad norm=2.635
2026-09-15T05:05:16.569Z     throughput/chinchilla multiple=4.83E-05
2026-09-15T05:05:16.569Z     throughput/device/BPS=0.0945
2026-09-15T05:05:16.569Z     throughput/device/BPS (actual avg)=0.0555
2026-09-15T05:05:16.569Z     throughput/device/MFU=45.46
2026-09-15T05:05:16.569Z     throughput/device/MFU (actual avg)=26.69
2026-09-15T05:05:16.569Z     throughput/device/TPS=6,193
2026-09-15T05:05:16.569Z     throughput/device/TPS (actual avg)=3,637
2026-09-15T05:05:16.569Z     throughput/device/flopsPS=141.8T
2026-09-15T05:05:16.569Z     throughput/device/flopsPS (actual avg)=83.29T
2026-09-15T05:05:16.569Z     throughput/total petaflops=93.05
2026-09-15T05:05:16.569Z     throughput/total tokens=4,063,232
2026-09-15T05:05:16.569Z     train/CE loss=0.4044
2026-09-15T05:05:16.569Z     throughput/device/data loading (%)=0.0169
2026-09-15T05:05:16.569Z     throughput/device/data loading (s)=0.0018
2026-09-15T05:05:16.569Z     train/PPL=1.498
2026-09-15T05:05:27.550Z [2;36m[2026-09-15 05:05:27][0m [34mINFO    [0m [2m[olmo_core.train.callbacks.console_logger:68, 88377262b50a, rank=0][0m [step=32/61,epoch=1,eta=9m]
2026-09-15T05:05:27.550Z     gpu_memory/GPU active mem (%)=75.57
2026-09-15T05:05:27.550Z     gpu_memory/GPU active mem (GiB)=59.89
2026-09-15T05:05:27.550Z     gpu_memory/GPU reserved mem (%)=80.90
2026-09-15T05:05:27.550Z     gpu_memory/GPU reserved mem (GiB)=64.12
2026-09-15T05:05:27.550Z     optim/LR (group 0)=2.46E-06
2026-09-15T05:05:27.550Z     optim/LR (group 1)=2.46E-06
2026-09-15T05:05:27.550Z     optim/step skipped=0.0
2026-09-15T05:05:27.550Z     optim/total grad norm=2.510
2026-09-15T05:05:27.550Z     throughput/chinchilla multiple=4.99E-05
2026-09-15T05:05:27.550Z     throughput/device/BPS=0.0911
2026-09-15T05:05:27.550Z     throughput/device/BPS (actual avg)=0.0562
2026-09-15T05:05:27.550Z     throughput/device/MFU=43.80
2026-09-15T05:05:27.550Z     throughput/device/MFU (actual avg)=27.04
2026-09-15T05:05:27.550Z     throughput/device/TPS=5,968
2026-09-15T05:05:27.550Z     throughput/device/TPS (actual avg)=3,683
2026-09-15T05:05:27.550Z     throughput/device/flopsPS=136.7T
2026-09-15T05:05:27.550Z     throughput/device/flopsPS (actual avg)=84.35T
2026-09-15T05:05:27.550Z     throughput/total petaflops=96.05
2026-09-15T05:05:27.550Z     throughput/total tokens=4,194,304
2026-09-15T05:05:27.550Z     train/CE loss=0.4111
2026-09-15T05:05:27.550Z     throughput/device/data loading (%)=0.0152
2026-09-15T05:05:27.550Z     throughput/device/data loading (s)=0.0017
2026-09-15T05:05:27.550Z     train/PPL=1.508
2026-09-15T05:05:38.402Z [2;36m[2026-09-15 05:05:38][0m [34mINFO    [0m [2m[olmo_core.train.callbacks.console_logger:68, 88377262b50a, rank=0][0m [step=33/61,epoch=1,eta=8m]
2026-09-15T05:05:38.402Z     gpu_memory/GPU active mem (%)=75.57
2026-09-15T05:05:38.402Z     gpu_memory/GPU active mem (GiB)=59.89
2026-09-15T05:05:38.402Z     gpu_memory/GPU reserved mem (%)=80.90
2026-09-15T05:05:38.402Z     gpu_memory/GPU reserved mem (GiB)=64.12
2026-09-15T05:05:38.402Z     optim/LR (group 0)=2.37E-06
2026-09-15T05:05:38.402Z     optim/LR (group 1)=2.37E-06
2026-09-15T05:05:38.402Z     optim/step skipped=0.0
2026-09-15T05:05:38.402Z     optim/total grad norm=2.286
2026-09-15T05:05:38.402Z     throughput/chinchilla multiple=5.14E-05
2026-09-15T05:05:38.402Z     throughput/device/BPS=0.0921
2026-09-15T05:05:38.402Z     throughput/device/BPS (actual avg)=0.0569
2026-09-15T05:05:38.402Z     throughput/device/MFU=44.32
2026-09-15T05:05:38.402Z     throughput/device/MFU (actual avg)=27.37
2026-09-15T05:05:38.402Z     throughput/device/TPS=6,038
2026-09-15T05:05:38.402Z     throughput/device/TPS (actual avg)=3,728
2026-09-15T05:05:38.402Z     throughput/device/flopsPS=138.3T
2026-09-15T05:05:38.402Z     throughput/device/flopsPS (actual avg)=85.39T
2026-09-15T05:05:38.402Z     throughput/total petaflops=99.05
2026-09-15T05:05:38.402Z     throughput/total tokens=4,325,376
2026-09-15T05:05:38.402Z     train/CE loss=0.3919
2026-09-15T05:05:38.402Z     throughput/device/data loading (%)=0.0135
2026-09-15T05:05:38.402Z     throughput/device/data loading (s)=0.0015
2026-09-15T05:05:38.402Z     train/PPL=1.480
2026-09-15T05:05:49.164Z [2;36m[2026-09-15 05:05:49][0m [33mWARNING [0m [2m[py.warnings:112, 88377262b50a, rank=1][0m /opt/conda/lib/python3.12/site-packages/liger_kernel/ops/fused_linear_cross_entropy.py:75: UserWarning: called a synchronizing CUDA operation (Triggered internally at /pytorch/c10/cuda/CUDAFunctions.cpp:162.)
2026-09-15T05:05:49.164Z   total_n_non_ignore = target_mask.sum().item()
2026-09-15T05:05:49.164Z 
2026-09-15T05:05:49.837Z [2;36m[2026-09-15 05:05:49][0m [33mWARNING [0m [2m[py.warnings:112, 88377262b50a, rank=1][0m /opt/conda/lib/python3.12/site-packages/liger_kernel/ops/fused_linear_cross_entropy.py:233: UserWarning: called a synchronizing CUDA operation (Triggered internally at /pytorch/c10/cuda/CUDAFunctions.cpp:162.)
2026-09-15T05:05:49.837Z   if not torch.equal(grad_output, torch.tensor(1.0, device=grad_output.device)):
2026-09-15T05:05:49.837Z 
2026-09-15T05:06:02.937Z [2;36m[2026-09-15 05:06:02][0m [33mWARNING [0m [2m[py.warnings:112, 88377262b50a, rank=1][0m /opt/conda/lib/python3.12/site-packages/torch/autograd/graph.py:841: UserWarning: called a synchronizing CUDA operation (Triggered internally at /pytorch/c10/cuda/CUDAFunctions.cpp:162.)
2026-09-15T05:06:02.937Z   return Variable._execution_engine.run_backward(  # Calls into the C++ engine to run the backward pass
2026-09-15T05:06:02.937Z 
2026-09-15T05:06:02.939Z [2;36m[2026-09-15 05:06:02][0m [33mWARNING [0m [2m[py.warnings:112, 88377262b50a, rank=1][0m /opt/conda/lib/python3.12/site-packages/torch/distributed/utils.py:106: UserWarning: called a synchronizing CUDA operation (Triggered internally at /pytorch/c10/cuda/CUDAFunctions.cpp:162.)
2026-09-15T05:06:02.939Z   return (obj.to(target_device),)
2026-09-15T05:06:02.939Z 
2026-09-15T05:06:02.947Z [2;36m[2026-09-15 05:06:02][0m [33mWARNING [0m [2m[py.warnings:112, 88377262b50a, rank=1][0m /opt/conda/lib/python3.12/site-packages/olmo_core/nn/transformer/model.py:777: UserWarning: called a synchronizing CUDA operation (Triggered internally at /pytorch/c10/cuda/CUDAFunctions.cpp:162.)
2026-09-15T05:06:02.947Z   n_docs = int(chunk_ids.max().item()) + 1
2026-09-15T05:06:02.947Z 
2026-09-15T05:06:02.955Z [2;36m[2026-09-15 05:06:02][0m [33mWARNING [0m [2m[py.warnings:112, 88377262b50a, rank=1][0m /opt/conda/lib/python3.12/site-packages/olmo_core/nn/transformer/model.py:834: UserWarning: called a synchronizing CUDA operation (Triggered internally at /pytorch/c10/cuda/CUDAFunctions.cpp:162.)
2026-09-15T05:06:02.955Z   flat = (torch.arange(B, device=emb.device)[:, None] * n_docs + cid.clamp(min=0)).reshape(
2026-09-15T05:06:02.955Z 
2026-09-15T05:06:02.956Z [2;36m[2026-09-15 05:06:02][0m [33mWARNING [0m [2m[py.warnings:112, 88377262b50a, rank=1][0m /opt/conda/lib/python3.12/site-packages/olmo_core/nn/transformer/model.py:838: UserWarning: called a synchronizing CUDA operation (Triggered internally at /pytorch/c10/cuda/CUDAFunctions.cpp:162.)
2026-09-15T05:06:02.956Z   0, flat, emb.reshape(B * T, D)[is_ctx.reshape(-1)]
2026-09-15T05:06:02.956Z 
2026-09-15T05:06:02.964Z [2;36m[2026-09-15 05:06:02][0m [33mWARNING [0m [2m[py.warnings:112, 88377262b50a, rank=1][0m /opt/conda/lib/python3.12/site-packages/olmo_core/nn/pooled_soft_token.py:173: UserWarning: called a synchronizing CUDA operation (Triggered internally at /pytorch/c10/cuda/CUDAFunctions.cpp:162.)
2026-09-15T05:06:02.964Z   kept_idx = kept_tok.nonzero(as_tuple=True)[0]
2026-09-15T05:06:02.964Z 
2026-09-15T05:06:02.965Z [2;36m[2026-09-15 05:06:02][0m [33mWARNING [0m [2m[py.warnings:112, 88377262b50a, rank=1][0m /opt/conda/lib/python3.12/site-packages/olmo_core/nn/pooled_soft_token.py:179: UserWarning: called a synchronizing CUDA operation (Triggered internally at /pytorch/c10/cuda/CUDAFunctions.cpp:162.)
2026-09-15T05:06:02.965Z   if is_ctx.any():
2026-09-15T05:06:02.965Z 
2026-09-15T05:06:02.965Z [2;36m[2026-09-15 05:06:02][0m [33mWARNING [0m [2m[py.warnings:112, 88377262b50a, rank=1][0m /opt/conda/lib/python3.12/site-packages/olmo_core/nn/pooled_soft_token.py:180: UserWarning: called a synchronizing CUDA operation (Triggered internally at /pytorch/c10/cuda/CUDAFunctions.cpp:162.)
2026-09-15T05:06:02.965Z   d_ix = c[is_ctx]
2026-09-15T05:06:02.965Z 
2026-09-15T05:06:02.965Z [2;36m[2026-09-15 05:06:02][0m [33mWARNING [0m [2m[py.warnings:112, 88377262b50a, rank=1][0m /opt/conda/lib/python3.12/site-packages/olmo_core/nn/pooled_soft_token.py:181: UserWarning: called a synchronizing CUDA operation (Triggered internally at /pytorch/c10/cuda/CUDAFunctions.cpp:162.)
2026-09-15T05:06:02.965Z   pos_ix = is_ctx.nonzero(as_tuple=True)[0]
2026-09-15T05:06:02.965Z 
2026-09-15T05:06:02.966Z [2;36m[2026-09-15 05:06:02][0m [33mWARNING [0m [2m[py.warnings:112, 88377262b50a, rank=1][0m /opt/conda/lib/python3.12/site-packages/olmo_core/nn/pooled_soft_token.py:186: UserWarning: called a synchronizing CUDA operation (Triggered internally at /pytorch/c10/cuda/CUDAFunctions.cpp:162.)
2026-09-15T05:06:02.966Z   pooled_docs = pooled.nonzero(as_tuple=True)[0]
2026-09-15T05:06:02.966Z 
2026-09-15T05:06:02.966Z [2;36m[2026-09-15 05:06:02][0m [33mWARNING [0m [2m[py.warnings:112, 88377262b50a, rank=1][0m /opt/conda/lib/python3.12/site-packages/olmo_core/nn/pooled_soft_token.py:217: UserWarning: called a synchronizing CUDA operation (Triggered internally at /pytorch/c10/cuda/CUDAFunctions.cpp:162.)
2026-09-15T05:06:02.967Z   doc_len = torch.bincount(c[is_ctx], minlength=n_docs) if is_ctx.any() else torch.zeros(n_docs, dtype=torch.long, device=device)
2026-09-15T05:06:02.967Z 
2026-09-15T05:06:02.967Z [2;36m[2026-09-15 05:06:02][0m [33mWARNING [0m [2m[py.warnings:112, 88377262b50a, rank=1][0m /opt/conda/lib/python3.12/site-packages/olmo_core/nn/pooled_soft_token.py:222: UserWarning: called a synchronizing CUDA operation (Triggered internally at /pytorch/c10/cuda/CUDAFunctions.cpp:162.)
2026-09-15T05:06:02.967Z   soft_cols_b = soft_mask.nonzero(as_tuple=True)[0]
2026-09-15T05:06:02.967Z 
2026-09-15T05:06:02.967Z [2;36m[2026-09-15 05:06:02][0m [33mWARNING [0m [2m[py.warnings:112, 88377262b50a, rank=1][0m /opt/conda/lib/python3.12/site-packages/olmo_core/nn/pooled_soft_token.py:226: UserWarning: called a synchronizing CUDA operation (Triggered internally at /pytorch/c10/cuda/CUDAFunctions.cpp:162.)
2026-09-15T05:06:02.967Z   cols_l = soft_cols_b.tolist()
2026-09-15T05:06:02.967Z 
2026-09-15T05:06:02.968Z [2;36m[2026-09-15 05:06:02][0m [33mWARNING [0m [2m[py.warnings:112, 88377262b50a, rank=1][0m /opt/conda/lib/python3.12/site-packages/olmo_core/nn/pooled_soft_token.py:229: UserWarning: called a synchronizing CUDA operation (Triggered internally at /pytorch/c10/cuda/CUDAFunctions.cpp:162.)
2026-09-15T05:06:02.968Z   soft_docs += docs_b.tolist()
2026-09-15T05:06:02.968Z 
2026-09-15T05:06:02.968Z [2;36m[2026-09-15 05:06:02][0m [33mWARNING [0m [2m[py.warnings:112, 88377262b50a, rank=1][0m /opt/conda/lib/python3.12/site-packages/olmo_core/nn/pooled_soft_token.py:230: UserWarning: called a synchronizing CUDA operation (Triggered internally at /pytorch/c10/cuda/CUDAFunctions.cpp:162.)
2026-09-15T05:06:02.968Z   soft_log_len += lens_b.tolist()
2026-09-15T05:06:02.968Z 
2026-09-15T05:06:02.970Z [2;36m[2026-09-15 05:06:02][0m [33mWARNING [0m [2m[py.warnings:112, 88377262b50a, rank=1][0m /opt/conda/lib/python3.12/site-packages/olmo_core/nn/pooled_soft_token.py:280: UserWarning: called a synchronizing CUDA operation (Triggered internally at /pytorch/c10/cuda/CUDAFunctions.cpp:162.)
2026-09-15T05:06:02.970Z   row_lens[b] = L
2026-09-15T05:06:02.970Z 
2026-09-15T05:06:02.970Z [2;36m[2026-09-15 05:06:02][0m [33mWARNING [0m [2m[py.warnings:112, 88377262b50a, rank=1][0m /opt/conda/lib/python3.12/site-packages/olmo_core/nn/pooled_soft_token.py:297: UserWarning: called a synchronizing CUDA operation (Triggered internally at /pytorch/c10/cuda/CUDAFunctions.cpp:162.)
2026-09-15T05:06:02.970Z   soft_rows=torch.tensor(soft_rows, dtype=torch.long, device=device),
2026-09-15T05:06:02.970Z 
2026-09-15T05:06:02.971Z [2;36m[2026-09-15 05:06:02][0m [33mWARNING [0m [2m[py.warnings:112, 88377262b50a, rank=1][0m /opt/conda/lib/python3.12/site-packages/olmo_core/nn/pooled_soft_token.py:298: UserWarning: called a synchronizing CUDA operation (Triggered internally at /pytorch/c10/cuda/CUDAFunctions.cpp:162.)
2026-09-15T05:06:02.971Z   soft_cols=torch.tensor(soft_cols, dtype=torch.long, device=device),
2026-09-15T05:06:02.971Z 
2026-09-15T05:06:02.971Z [2;36m[2026-09-15 05:06:02][0m [33mWARNING [0m [2m[py.warnings:112, 88377262b50a, rank=1][0m /opt/conda/lib/python3.12/site-packages/olmo_core/nn/pooled_soft_token.py:299: UserWarning: called a synchronizing CUDA operation (Triggered internally at /pytorch/c10/cuda/CUDAFunctions.cpp:162.)
2026-09-15T05:06:02.971Z   soft_docs=torch.tensor(soft_docs, dtype=torch.long, device=device),
2026-09-15T05:06:02.971Z 
2026-09-15T05:06:02.971Z [2;36m[2026-09-15 05:06:02][0m [33mWARNING [0m [2m[py.warnings:112, 88377262b50a, rank=1][0m /opt/conda/lib/python3.12/site-packages/olmo_core/nn/pooled_soft_token.py:301: UserWarning: called a synchronizing CUDA operation (Triggered internally at /pytorch/c10/cuda/CUDAFunctions.cpp:162.)
2026-09-15T05:06:02.971Z   soft_log_len=torch.tensor(soft_log_len, dtype=torch.float32, device=device),
2026-09-15T05:06:02.972Z 
2026-09-15T05:06:02.972Z [2;36m[2026-09-15 05:06:02][0m [33mWARNING [0m [2m[py.warnings:112, 88377262b50a, rank=1][0m /opt/conda/lib/python3.12/site-packages/olmo_core/nn/transformer/model.py:1502: UserWarning: called a synchronizing CUDA operation (Triggered internally at /pytorch/c10/cuda/CUDAFunctions.cpp:162.)
2026-09-15T05:06:02.972Z   kv_grad_mask[cb.soft_rows, cb.soft_cols] = False
2026-09-15T05:06:02.972Z 
2026-09-15T05:06:03.115Z [2;36m[2026-09-15 05:06:03][0m [33mWARNING [0m [2m[py.warnings:112, 88377262b50a, rank=1][0m /opt/conda/lib/python3.12/site-packages/liger_kernel/ops/fused_linear_cross_entropy.py:75: UserWarning: called a synchronizing CUDA operation (Triggered internally at /pytorch/c10/cuda/CUDAFunctions.cpp:162.)
2026-09-15T05:06:03.115Z   total_n_non_ignore = target_mask.sum().item()
2026-09-15T05:06:03.115Z 
2026-09-15T05:06:03.650Z [2;36m[2026-09-15 05:06:03][0m [33mWARNING [0m [2m[py.warnings:112, 88377262b50a, rank=1][0m /opt/conda/lib/python3.12/site-packages/liger_kernel/ops/fused_linear_cross_entropy.py:233: UserWarning: called a synchronizing CUDA operation (Triggered internally at /pytorch/c10/cuda/CUDAFunctions.cpp:162.)
2026-09-15T05:06:03.650Z   if not torch.equal(grad_output, torch.tensor(1.0, device=grad_output.device)):
2026-09-15T05:06:03.650Z 
2026-09-15T05:06:11.637Z [2;36m[2026-09-15 05:06:11][0m [34mINFO    [0m [2m[olmo_core.train.callbacks.console_logger:68, 88377262b50a, rank=0][0m [step=34/61,epoch=1,eta=8m]
2026-09-15T05:06:11.637Z     gpu_memory/GPU active mem (%)=75.57
2026-09-15T05:06:11.637Z     gpu_memory/GPU active mem (GiB)=59.89
2026-09-15T05:06:11.637Z     gpu_memory/GPU reserved mem (%)=80.90
2026-09-15T05:06:11.637Z     gpu_memory/GPU reserved mem (GiB)=64.12
2026-09-15T05:06:11.637Z     optim/LR (group 0)=2.29E-06
2026-09-15T05:06:11.637Z     optim/LR (group 1)=2.29E-06
2026-09-15T05:06:11.637Z     optim/step skipped=0.0
2026-09-15T05:06:11.637Z     optim/total grad norm=2.664
2026-09-15T05:06:11.637Z     throughput/chinchilla multiple=5.30E-05
2026-09-15T05:06:11.637Z     throughput/device/BPS=0.0301
2026-09-15T05:06:11.637Z     throughput/device/BPS (actual avg)=0.0554
2026-09-15T05:06:11.637Z     throughput/device/MFU=14.47
2026-09-15T05:06:11.637Z     throughput/device/MFU (actual avg)=26.65
2026-09-15T05:06:11.637Z     throughput/device/TPS=1,971
2026-09-15T05:06:11.637Z     throughput/device/TPS (actual avg)=3,630
2026-09-15T05:06:11.637Z     throughput/device/flopsPS=45.16T
2026-09-15T05:06:11.637Z     throughput/device/flopsPS (actual avg)=83.15T
2026-09-15T05:06:11.637Z     throughput/total petaflops=102.0
2026-09-15T05:06:11.637Z     throughput/total tokens=4,456,448
2026-09-15T05:06:11.637Z     train/CE loss=0.4033
2026-09-15T05:06:11.637Z     throughput/device/data loading (%)=0.0048
2026-09-15T05:06:11.637Z     throughput/device/data loading (s)=0.0016
2026-09-15T05:06:11.637Z     train/PPL=1.497
2026-09-15T05:06:21.924Z [2;36m[2026-09-15 05:06:21][0m [34mINFO    [0m [2m[olmo_core.train.callbacks.console_logger:68, 88377262b50a, rank=0][0m [step=35/61,epoch=1,eta=8m]
2026-09-15T05:06:21.925Z     gpu_memory/GPU active mem (%)=75.57
2026-09-15T05:06:21.925Z     gpu_memory/GPU active mem (GiB)=59.89
2026-09-15T05:06:21.925Z     gpu_memory/GPU reserved mem (%)=80.90
2026-09-15T05:06:21.925Z     gpu_memory/GPU reserved mem (GiB)=64.12
2026-09-15T05:06:21.925Z     optim/LR (group 0)=2.20E-06
2026-09-15T05:06:21.925Z     optim/LR (group 1)=2.20E-06
2026-09-15T05:06:21.925Z     optim/step skipped=0.0
2026-09-15T05:06:21.925Z     optim/total grad norm=2.810
2026-09-15T05:06:21.925Z     throughput/chinchilla multiple=5.45E-05
2026-09-15T05:06:21.925Z     throughput/device/BPS=0.0972
2026-09-15T05:06:21.925Z     throughput/device/BPS (actual avg)=0.0561
2026-09-15T05:06:21.925Z     throughput/device/MFU=46.75
2026-09-15T05:06:21.925Z     throughput/device/MFU (actual avg)=26.99
2026-09-15T05:06:21.925Z     throughput/device/TPS=6,370
2026-09-15T05:06:21.925Z     throughput/device/TPS (actual avg)=3,677
2026-09-15T05:06:21.925Z     throughput/device/flopsPS=145.9T
2026-09-15T05:06:21.925Z     throughput/device/flopsPS (actual avg)=84.21T
2026-09-15T05:06:21.925Z     throughput/total petaflops=105.1
2026-09-15T05:06:21.925Z     throughput/total tokens=4,587,520
2026-09-15T05:06:21.925Z     train/CE loss=0.4037
2026-09-15T05:06:21.925Z     throughput/device/data loading (%)=0.0177
2026-09-15T05:06:21.925Z     throughput/device/data loading (s)=0.0018
2026-09-15T05:06:21.925Z     train/PPL=1.497
2026-09-15T05:06:32.639Z [2;36m[2026-09-15 05:06:32][0m [34mINFO    [0m [2m[olmo_core.train.callbacks.console_logger:68, 88377262b50a, rank=0][0m [step=36/61,epoch=1,eta=8m]
2026-09-15T05:06:32.639Z     gpu_memory/GPU active mem (%)=75.57
2026-09-15T05:06:32.639Z     gpu_memory/GPU active mem (GiB)=59.89
2026-09-15T05:06:32.639Z     gpu_memory/GPU reserved mem (%)=80.90
2026-09-15T05:06:32.639Z     gpu_memory/GPU reserved mem (GiB)=64.12
2026-09-15T05:06:32.639Z     optim/LR (group 0)=2.12E-06
2026-09-15T05:06:32.639Z     optim/LR (group 1)=2.12E-06
2026-09-15T05:06:32.639Z     optim/step skipped=0.0
2026-09-15T05:06:32.639Z     optim/total grad norm=2.276
2026-09-15T05:06:32.639Z     throughput/chinchilla multiple=5.61E-05
2026-09-15T05:06:32.639Z     throughput/device/BPS=0.0933
2026-09-15T05:06:32.639Z     throughput/device/BPS (actual avg)=0.0568
2026-09-15T05:06:32.639Z     throughput/device/MFU=44.89
2026-09-15T05:06:32.639Z     throughput/device/MFU (actual avg)=27.30
2026-09-15T05:06:32.639Z     throughput/device/TPS=6,116
2026-09-15T05:06:32.639Z     throughput/device/TPS (actual avg)=3,719
2026-09-15T05:06:32.639Z     throughput/device/flopsPS=140.1T
2026-09-15T05:06:32.639Z     throughput/device/flopsPS (actual avg)=85.18T
2026-09-15T05:06:32.639Z     throughput/total petaflops=108.1
2026-09-15T05:06:32.639Z     throughput/total tokens=4,718,592
2026-09-15T05:06:32.639Z     train/CE loss=0.3942
2026-09-15T05:06:32.639Z     throughput/device/data loading (%)=0.0131
2026-09-15T05:06:32.639Z     throughput/device/data loading (s)=0.0014
2026-09-15T05:06:32.639Z     train/PPL=1.483
2026-09-15T05:06:43.373Z [2;36m[2026-09-15 05:06:43][0m [34mINFO    [0m [2m[olmo_core.train.callbacks.console_logger:68, 88377262b50a, rank=0][0m [step=37/61,epoch=1,eta=7m]
2026-09-15T05:06:43.373Z     gpu_memory/GPU active mem (%)=75.57
2026-09-15T05:06:43.373Z     gpu_memory/GPU active mem (GiB)=59.89
2026-09-15T05:06:43.373Z     gpu_memory/GPU reserved mem (%)=80.90
2026-09-15T05:06:43.373Z     gpu_memory/GPU reserved mem (GiB)=64.12
2026-09-15T05:06:43.373Z     optim/LR (group 0)=2.03E-06
2026-09-15T05:06:43.373Z     optim/LR (group 1)=2.03E-06
2026-09-15T05:06:43.373Z     optim/step skipped=0.0
2026-09-15T05:06:43.373Z     optim/total grad norm=2.384
2026-09-15T05:06:43.373Z     throughput/chinchilla multiple=5.77E-05
2026-09-15T05:06:43.373Z     throughput/device/BPS=0.0932
2026-09-15T05:06:43.373Z     throughput/device/BPS (actual avg)=0.0574
2026-09-15T05:06:43.373Z     throughput/device/MFU=44.81
2026-09-15T05:06:43.373Z     throughput/device/MFU (actual avg)=27.60
2026-09-15T05:06:43.373Z     throughput/device/TPS=6,105
2026-09-15T05:06:43.373Z     throughput/device/TPS (actual avg)=3,760
2026-09-15T05:06:43.373Z     throughput/device/flopsPS=139.8T
2026-09-15T05:06:43.373Z     throughput/device/flopsPS (actual avg)=86.12T
2026-09-15T05:06:43.373Z     throughput/total petaflops=111.1
2026-09-15T05:06:43.373Z     throughput/total tokens=4,849,664
2026-09-15T05:06:43.373Z     train/CE loss=0.3914
2026-09-15T05:06:43.373Z     throughput/device/data loading (%)=0.0142
2026-09-15T05:06:43.373Z     throughput/device/data loading (s)=0.0015
2026-09-15T05:06:43.373Z     train/PPL=1.479
2026-09-15T05:06:54.023Z [2;36m[2026-09-15 05:06:54][0m [34mINFO    [0m [2m[olmo_core.train.callbacks.console_logger:68, 88377262b50a, rank=0][0m [step=38/61,epoch=1,eta=7m]
2026-09-15T05:06:54.023Z     gpu_memory/GPU active mem (%)=75.57
2026-09-15T05:06:54.023Z     gpu_memory/GPU active mem (GiB)=59.89
2026-09-15T05:06:54.023Z     gpu_memory/GPU reserved mem (%)=80.90
2026-09-15T05:06:54.023Z     gpu_memory/GPU reserved mem (GiB)=64.12
2026-09-15T05:06:54.023Z     optim/LR (group 0)=1.95E-06
2026-09-15T05:06:54.023Z     optim/LR (group 1)=1.95E-06
2026-09-15T05:06:54.023Z     optim/step skipped=0.0
2026-09-15T05:06:54.023Z     optim/total grad norm=4.537
2026-09-15T05:06:54.023Z     throughput/chinchilla multiple=5.92E-05
2026-09-15T05:06:54.023Z     throughput/device/BPS=0.0939
2026-09-15T05:06:54.023Z     throughput/device/BPS (actual avg)=0.0580
2026-09-15T05:06:54.023Z     throughput/device/MFU=45.16
2026-09-15T05:06:54.023Z     throughput/device/MFU (actual avg)=27.89
2026-09-15T05:06:54.023Z     throughput/device/TPS=6,153
2026-09-15T05:06:54.023Z     throughput/device/TPS (actual avg)=3,800
2026-09-15T05:06:54.023Z     throughput/device/flopsPS=140.9T
2026-09-15T05:06:54.023Z     throughput/device/flopsPS (actual avg)=87.03T
2026-09-15T05:06:54.023Z     throughput/total petaflops=114.1
2026-09-15T05:06:54.023Z     throughput/total tokens=4,980,736
2026-09-15T05:06:54.023Z     train/CE loss=0.3973
2026-09-15T05:06:54.023Z     throughput/device/data loading (%)=0.0166
2026-09-15T05:06:54.023Z     throughput/device/data loading (s)=0.0018
2026-09-15T05:06:54.024Z     train/PPL=1.488
2026-09-15T05:07:04.790Z [2;36m[2026-09-15 05:07:04][0m [34mINFO    [0m [2m[olmo_core.train.callbacks.console_logger:68, 88377262b50a, rank=0][0m [step=39/61,epoch=1,eta=6m]
2026-09-15T05:07:04.790Z     gpu_memory/GPU active mem (%)=75.57
2026-09-15T05:07:04.790Z     gpu_memory/GPU active mem (GiB)=59.89
2026-09-15T05:07:04.790Z     gpu_memory/GPU reserved mem (%)=80.90
2026-09-15T05:07:04.790Z     gpu_memory/GPU reserved mem (GiB)=64.12
2026-09-15T05:07:04.790Z     optim/LR (group 0)=1.86E-06
2026-09-15T05:07:04.790Z     optim/LR (group 1)=1.86E-06
2026-09-15T05:07:04.790Z     optim/step skipped=0.0
2026-09-15T05:07:04.790Z     optim/total grad norm=3.121
2026-09-15T05:07:04.790Z     throughput/chinchilla multiple=6.08E-05
2026-09-15T05:07:04.790Z     throughput/device/BPS=0.0929
2026-09-15T05:07:04.790Z     throughput/device/BPS (actual avg)=0.0586
2026-09-15T05:07:04.790Z     throughput/device/MFU=44.68
2026-09-15T05:07:04.790Z     throughput/device/MFU (actual avg)=28.17
2026-09-15T05:07:04.790Z     throughput/device/TPS=6,086
2026-09-15T05:07:04.790Z     throughput/device/TPS (actual avg)=3,838
2026-09-15T05:07:04.790Z     throughput/device/flopsPS=139.4T
2026-09-15T05:07:04.790Z     throughput/device/flopsPS (actual avg)=87.90T
2026-09-15T05:07:04.790Z     throughput/total petaflops=117.1
2026-09-15T05:07:04.790Z     throughput/total tokens=5,111,808
2026-09-15T05:07:04.790Z     train/CE loss=0.4002
2026-09-15T05:07:04.790Z     throughput/device/data loading (%)=0.0136
2026-09-15T05:07:04.790Z     throughput/device/data loading (s)=0.0015
2026-09-15T05:07:04.790Z     train/PPL=1.492
2026-09-15T05:07:14.946Z [2;36m[2026-09-15 05:07:14][0m [34mINFO    [0m [2m[olmo_core.train.callbacks.console_logger:68, 88377262b50a, rank=0][0m [step=40/61,epoch=1,eta=6m]
2026-09-15T05:07:14.946Z     gpu_memory/GPU active mem (%)=75.57
2026-09-15T05:07:14.946Z     gpu_memory/GPU active mem (GiB)=59.89
2026-09-15T05:07:14.946Z     gpu_memory/GPU reserved mem (%)=80.90
2026-09-15T05:07:14.946Z     gpu_memory/GPU reserved mem (GiB)=64.12
2026-09-15T05:07:14.946Z     optim/LR (group 0)=1.78E-06
2026-09-15T05:07:14.946Z     optim/LR (group 1)=1.78E-06
2026-09-15T05:07:14.946Z     optim/step skipped=0.0
2026-09-15T05:07:14.946Z     optim/total grad norm=2.786
2026-09-15T05:07:14.946Z     throughput/chinchilla multiple=6.23E-05
2026-09-15T05:07:14.946Z     throughput/device/BPS=0.0985
2026-09-15T05:07:14.946Z     throughput/device/BPS (actual avg)=0.0592
2026-09-15T05:07:14.946Z     throughput/device/MFU=47.36
2026-09-15T05:07:14.946Z     throughput/device/MFU (actual avg)=28.47
2026-09-15T05:07:14.946Z     throughput/device/TPS=6,453
2026-09-15T05:07:14.946Z     throughput/device/TPS (actual avg)=3,878
2026-09-15T05:07:14.946Z     throughput/device/flopsPS=147.8T
2026-09-15T05:07:14.946Z     throughput/device/flopsPS (actual avg)=88.82T
2026-09-15T05:07:14.946Z     throughput/total petaflops=120.1
2026-09-15T05:07:14.946Z     throughput/total tokens=5,242,880
2026-09-15T05:07:14.946Z     train/CE loss=0.4078
2026-09-15T05:07:14.946Z     throughput/device/data loading (%)=0.0137
2026-09-15T05:07:14.946Z     throughput/device/data loading (s)=0.0014
2026-09-15T05:07:14.946Z     train/PPL=1.503
2026-09-15T05:07:25.717Z [2;36m[2026-09-15 05:07:25][0m [34mINFO    [0m [2m[olmo_core.train.callbacks.console_logger:68, 88377262b50a, rank=0][0m [step=41/61,epoch=1,eta=6m]
2026-09-15T05:07:25.718Z     gpu_memory/GPU active mem (%)=75.57
2026-09-15T05:07:25.718Z     gpu_memory/GPU active mem (GiB)=59.89
2026-09-15T05:07:25.718Z     gpu_memory/GPU reserved mem (%)=80.90
2026-09-15T05:07:25.718Z     gpu_memory/GPU reserved mem (GiB)=64.12
2026-09-15T05:07:25.718Z     optim/LR (group 0)=1.69E-06
2026-09-15T05:07:25.718Z     optim/LR (group 1)=1.69E-06
2026-09-15T05:07:25.718Z     optim/step skipped=0.0
2026-09-15T05:07:25.718Z     optim/total grad norm=2.752
2026-09-15T05:07:25.718Z     throughput/chinchilla multiple=6.39E-05
2026-09-15T05:07:25.718Z     throughput/device/BPS=0.0928
2026-09-15T05:07:25.718Z     throughput/device/BPS (actual avg)=0.0597
2026-09-15T05:07:25.718Z     throughput/device/MFU=44.65
2026-09-15T05:07:25.718Z     throughput/device/MFU (actual avg)=28.73
2026-09-15T05:07:25.718Z     throughput/device/TPS=6,084
2026-09-15T05:07:25.718Z     throughput/device/TPS (actual avg)=3,914
2026-09-15T05:07:25.718Z     throughput/device/flopsPS=139.3T
2026-09-15T05:07:25.718Z     throughput/device/flopsPS (actual avg)=89.63T
2026-09-15T05:07:25.718Z     throughput/total petaflops=123.1
2026-09-15T05:07:25.718Z     throughput/total tokens=5,373,952
2026-09-15T05:07:25.718Z     train/CE loss=0.3829
2026-09-15T05:07:25.718Z     throughput/device/data loading (%)=0.0163
2026-09-15T05:07:25.718Z     throughput/device/data loading (s)=0.0018
2026-09-15T05:07:25.718Z     train/PPL=1.467
2026-09-15T05:07:36.541Z [2;36m[2026-09-15 05:07:36][0m [34mINFO    [0m [2m[olmo_core.train.callbacks.console_logger:68, 88377262b50a, rank=0][0m [step=42/61,epoch=1,eta=5m]
2026-09-15T05:07:36.541Z     gpu_memory/GPU active mem (%)=75.57
2026-09-15T05:07:36.541Z     gpu_memory/GPU active mem (GiB)=59.89
2026-09-15T05:07:36.541Z     gpu_memory/GPU reserved mem (%)=80.90
2026-09-15T05:07:36.541Z     gpu_memory/GPU reserved mem (GiB)=64.12
2026-09-15T05:07:36.541Z     optim/LR (group 0)=1.61E-06
2026-09-15T05:07:36.541Z     optim/LR (group 1)=1.61E-06
2026-09-15T05:07:36.541Z     optim/step skipped=0.0
2026-09-15T05:07:36.541Z     optim/total grad norm=1.913
2026-09-15T05:07:36.541Z     throughput/chinchilla multiple=6.54E-05
2026-09-15T05:07:36.541Z     throughput/device/BPS=0.0924
2026-09-15T05:07:36.541Z     throughput/device/BPS (actual avg)=0.0602
2026-09-15T05:07:36.541Z     throughput/device/MFU=44.44
2026-09-15T05:07:36.541Z     throughput/device/MFU (actual avg)=28.98
2026-09-15T05:07:36.541Z     throughput/device/TPS=6,054
2026-09-15T05:07:36.541Z     throughput/device/TPS (actual avg)=3,948
2026-09-15T05:07:36.541Z     throughput/device/flopsPS=138.7T
2026-09-15T05:07:36.541Z     throughput/device/flopsPS (actual avg)=90.41T
2026-09-15T05:07:36.541Z     throughput/total petaflops=126.1
2026-09-15T05:07:36.541Z     throughput/total tokens=5,505,024
2026-09-15T05:07:36.541Z     train/CE loss=0.3913
2026-09-15T05:07:36.541Z     throughput/device/data loading (%)=0.0175
2026-09-15T05:07:36.541Z     throughput/device/data loading (s)=0.0019
2026-09-15T05:07:36.541Z     train/PPL=1.479
2026-09-15T05:07:46.976Z [2;36m[2026-09-15 05:07:46][0m [34mINFO    [0m [2m[olmo_core.train.callbacks.console_logger:68, 88377262b50a, rank=0][0m [step=43/61,epoch=1,eta=5m]
2026-09-15T05:07:46.976Z     gpu_memory/GPU active mem (%)=75.57
2026-09-15T05:07:46.976Z     gpu_memory/GPU active mem (GiB)=59.89
2026-09-15T05:07:46.976Z     gpu_memory/GPU reserved mem (%)=80.90
2026-09-15T05:07:46.976Z     gpu_memory/GPU reserved mem (GiB)=64.12
2026-09-15T05:07:46.976Z     optim/LR (group 0)=1.53E-06
2026-09-15T05:07:46.976Z     optim/LR (group 1)=1.53E-06
2026-09-15T05:07:46.976Z     optim/step skipped=0.0
2026-09-15T05:07:46.976Z     optim/total grad norm=2.402
2026-09-15T05:07:46.976Z     throughput/chinchilla multiple=6.70E-05
2026-09-15T05:07:46.976Z     throughput/device/BPS=0.0958
2026-09-15T05:07:46.976Z     throughput/device/BPS (actual avg)=0.0608
2026-09-15T05:07:46.976Z     throughput/device/MFU=46.10
2026-09-15T05:07:46.976Z     throughput/device/MFU (actual avg)=29.24
2026-09-15T05:07:46.976Z     throughput/device/TPS=6,280
2026-09-15T05:07:46.976Z     throughput/device/TPS (actual avg)=3,983
2026-09-15T05:07:46.976Z     throughput/device/flopsPS=143.8T
2026-09-15T05:07:46.976Z     throughput/device/flopsPS (actual avg)=91.22T
2026-09-15T05:07:46.976Z     throughput/total petaflops=129.1
2026-09-15T05:07:46.976Z     throughput/total tokens=5,636,096
2026-09-15T05:07:46.976Z     train/CE loss=0.3990
2026-09-15T05:07:46.976Z     throughput/device/data loading (%)=0.0147
2026-09-15T05:07:46.976Z     throughput/device/data loading (s)=0.0015
2026-09-15T05:07:46.976Z     train/PPL=1.490
2026-09-15T05:07:50.742Z [2;36m[2026-09-15 05:07:50][0m [33mWARNING [0m [2m[py.warnings:112, 88377262b50a, rank=1][0m /opt/conda/lib/python3.12/site-packages/torch/autograd/graph.py:841: UserWarning: called a synchronizing CUDA operation (Triggered internally at /pytorch/c10/cuda/CUDAFunctions.cpp:162.)
2026-09-15T05:07:50.742Z   return Variable._execution_engine.run_backward(  # Calls into the C++ engine to run the backward pass
2026-09-15T05:07:50.742Z 
2026-09-15T05:07:50.745Z [2;36m[2026-09-15 05:07:50][0m [33mWARNING [0m [2m[py.warnings:112, 88377262b50a, rank=1][0m /opt/conda/lib/python3.12/site-packages/torch/distributed/utils.py:106: UserWarning: called a synchronizing CUDA operation (Triggered internally at /pytorch/c10/cuda/CUDAFunctions.cpp:162.)
2026-09-15T05:07:50.745Z   return (obj.to(target_device),)
2026-09-15T05:07:50.745Z 
2026-09-15T05:07:50.755Z [2;36m[2026-09-15 05:07:50][0m [33mWARNING [0m [2m[py.warnings:112, 88377262b50a, rank=1][0m /opt/conda/lib/python3.12/site-packages/olmo_core/nn/transformer/model.py:777: UserWarning: called a synchronizing CUDA operation (Triggered internally at /pytorch/c10/cuda/CUDAFunctions.cpp:162.)
2026-09-15T05:07:50.755Z   n_docs = int(chunk_ids.max().item()) + 1
2026-09-15T05:07:50.755Z 
2026-09-15T05:07:50.763Z [2;36m[2026-09-15 05:07:50][0m [33mWARNING [0m [2m[py.warnings:112, 88377262b50a, rank=1][0m /opt/conda/lib/python3.12/site-packages/olmo_core/nn/transformer/model.py:834: UserWarning: called a synchronizing CUDA operation (Triggered internally at /pytorch/c10/cuda/CUDAFunctions.cpp:162.)
2026-09-15T05:07:50.763Z   flat = (torch.arange(B, device=emb.device)[:, None] * n_docs + cid.clamp(min=0)).reshape(
2026-09-15T05:07:50.763Z 
2026-09-15T05:07:50.764Z [2;36m[2026-09-15 05:07:50][0m [33mWARNING [0m [2m[py.warnings:112, 88377262b50a, rank=1][0m /opt/conda/lib/python3.12/site-packages/olmo_core/nn/transformer/model.py:838: UserWarning: called a synchronizing CUDA operation (Triggered internally at /pytorch/c10/cuda/CUDAFunctions.cpp:162.)
2026-09-15T05:07:50.764Z   0, flat, emb.reshape(B * T, D)[is_ctx.reshape(-1)]
2026-09-15T05:07:50.764Z 
2026-09-15T05:07:50.773Z [2;36m[2026-09-15 05:07:50][0m [33mWARNING [0m [2m[py.warnings:112, 88377262b50a, rank=1][0m /opt/conda/lib/python3.12/site-packages/olmo_core/nn/pooled_soft_token.py:173: UserWarning: called a synchronizing CUDA operation (Triggered internally at /pytorch/c10/cuda/CUDAFunctions.cpp:162.)
2026-09-15T05:07:50.773Z   kept_idx = kept_tok.nonzero(as_tuple=True)[0]
2026-09-15T05:07:50.773Z 
2026-09-15T05:07:50.773Z [2;36m[2026-09-15 05:07:50][0m [33mWARNING [0m [2m[py.warnings:112, 88377262b50a, rank=1][0m /opt/conda/lib/python3.12/site-packages/olmo_core/nn/pooled_soft_token.py:179: UserWarning: called a synchronizing CUDA operation (Triggered internally at /pytorch/c10/cuda/CUDAFunctions.cpp:162.)
2026-09-15T05:07:50.773Z   if is_ctx.any():
2026-09-15T05:07:50.773Z 
2026-09-15T05:07:50.774Z [2;36m[2026-09-15 05:07:50][0m [33mWARNING [0m [2m[py.warnings:112, 88377262b50a, rank=1][0m /opt/conda/lib/python3.12/site-packages/olmo_core/nn/pooled_soft_token.py:180: UserWarning: called a synchronizing CUDA operation (Triggered internally at /pytorch/c10/cuda/CUDAFunctions.cpp:162.)
2026-09-15T05:07:50.774Z   d_ix = c[is_ctx]
2026-09-15T05:07:50.774Z 
2026-09-15T05:07:50.774Z [2;36m[2026-09-15 05:07:50][0m [33mWARNING [0m [2m[py.warnings:112, 88377262b50a, rank=1][0m /opt/conda/lib/python3.12/site-packages/olmo_core/nn/pooled_soft_token.py:181: UserWarning: called a synchronizing CUDA operation (Triggered internally at /pytorch/c10/cuda/CUDAFunctions.cpp:162.)
2026-09-15T05:07:50.774Z   pos_ix = is_ctx.nonzero(as_tuple=True)[0]
2026-09-15T05:07:50.774Z 
2026-09-15T05:07:50.774Z [2;36m[2026-09-15 05:07:50][0m [33mWARNING [0m [2m[py.warnings:112, 88377262b50a, rank=1][0m /opt/conda/lib/python3.12/site-packages/olmo_core/nn/pooled_soft_token.py:186: UserWarning: called a synchronizing CUDA operation (Triggered internally at /pytorch/c10/cuda/CUDAFunctions.cpp:162.)
2026-09-15T05:07:50.775Z   pooled_docs = pooled.nonzero(as_tuple=True)[0]
2026-09-15T05:07:50.775Z 
2026-09-15T05:07:50.775Z [2;36m[2026-09-15 05:07:50][0m [33mWARNING [0m [2m[py.warnings:112, 88377262b50a, rank=1][0m /opt/conda/lib/python3.12/site-packages/olmo_core/nn/pooled_soft_token.py:217: UserWarning: called a synchronizing CUDA operation (Triggered internally at /pytorch/c10/cuda/CUDAFunctions.cpp:162.)
2026-09-15T05:07:50.775Z   doc_len = torch.bincount(c[is_ctx], minlength=n_docs) if is_ctx.any() else torch.zeros(n_docs, dtype=torch.long, device=device)
2026-09-15T05:07:50.775Z 
2026-09-15T05:07:50.776Z [2;36m[2026-09-15 05:07:50][0m [33mWARNING [0m [2m[py.warnings:112, 88377262b50a, rank=1][0m /opt/conda/lib/python3.12/site-packages/olmo_core/nn/pooled_soft_token.py:222: UserWarning: called a synchronizing CUDA operation (Triggered internally at /pytorch/c10/cuda/CUDAFunctions.cpp:162.)
2026-09-15T05:07:50.776Z   soft_cols_b = soft_mask.nonzero(as_tuple=True)[0]
2026-09-15T05:07:50.776Z 
2026-09-15T05:07:50.776Z [2;36m[2026-09-15 05:07:50][0m [33mWARNING [0m [2m[py.warnings:112, 88377262b50a, rank=1][0m /opt/conda/lib/python3.12/site-packages/olmo_core/nn/pooled_soft_token.py:226: UserWarning: called a synchronizing CUDA operation (Triggered internally at /pytorch/c10/cuda/CUDAFunctions.cpp:162.)
2026-09-15T05:07:50.776Z   cols_l = soft_cols_b.tolist()
2026-09-15T05:07:50.776Z 
2026-09-15T05:07:50.777Z [2;36m[2026-09-15 05:07:50][0m [33mWARNING [0m [2m[py.warnings:112, 88377262b50a, rank=1][0m /opt/conda/lib/python3.12/site-packages/olmo_core/nn/pooled_soft_token.py:229: UserWarning: called a synchronizing CUDA operation (Triggered internally at /pytorch/c10/cuda/CUDAFunctions.cpp:162.)
2026-09-15T05:07:50.777Z   soft_docs += docs_b.tolist()
2026-09-15T05:07:50.777Z 
2026-09-15T05:07:50.777Z [2;36m[2026-09-15 05:07:50][0m [33mWARNING [0m [2m[py.warnings:112, 88377262b50a, rank=1][0m /opt/conda/lib/python3.12/site-packages/olmo_core/nn/pooled_soft_token.py:230: UserWarning: called a synchronizing CUDA operation (Triggered internally at /pytorch/c10/cuda/CUDAFunctions.cpp:162.)
2026-09-15T05:07:50.777Z   soft_log_len += lens_b.tolist()
2026-09-15T05:07:50.777Z 
2026-09-15T05:07:50.779Z [2;36m[2026-09-15 05:07:50][0m [33mWARNING [0m [2m[py.warnings:112, 88377262b50a, rank=1][0m /opt/conda/lib/python3.12/site-packages/olmo_core/nn/pooled_soft_token.py:280: UserWarning: called a synchronizing CUDA operation (Triggered internally at /pytorch/c10/cuda/CUDAFunctions.cpp:162.)
2026-09-15T05:07:50.779Z   row_lens[b] = L
2026-09-15T05:07:50.779Z 
2026-09-15T05:07:50.779Z [2;36m[2026-09-15 05:07:50][0m [33mWARNING [0m [2m[py.warnings:112, 88377262b50a, rank=1][0m /opt/conda/lib/python3.12/site-packages/olmo_core/nn/pooled_soft_token.py:297: UserWarning: called a synchronizing CUDA operation (Triggered internally at /pytorch/c10/cuda/CUDAFunctions.cpp:162.)
2026-09-15T05:07:50.779Z   soft_rows=torch.tensor(soft_rows, dtype=torch.long, device=device),
2026-09-15T05:07:50.779Z 
2026-09-15T05:07:50.779Z [2;36m[2026-09-15 05:07:50][0m [33mWARNING [0m [2m[py.warnings:112, 88377262b50a, rank=1][0m /opt/conda/lib/python3.12/site-packages/olmo_core/nn/pooled_soft_token.py:298: UserWarning: called a synchronizing CUDA operation (Triggered internally at /pytorch/c10/cuda/CUDAFunctions.cpp:162.)
2026-09-15T05:07:50.779Z   soft_cols=torch.tensor(soft_cols, dtype=torch.long, device=device),
2026-09-15T05:07:50.779Z 
2026-09-15T05:07:50.780Z [2;36m[2026-09-15 05:07:50][0m [33mWARNING [0m [2m[py.warnings:112, 88377262b50a, rank=1][0m /opt/conda/lib/python3.12/site-packages/olmo_core/nn/pooled_soft_token.py:299: UserWarning: called a synchronizing CUDA operation (Triggered internally at /pytorch/c10/cuda/CUDAFunctions.cpp:162.)
2026-09-15T05:07:50.780Z   soft_docs=torch.tensor(soft_docs, dtype=torch.long, device=device),
2026-09-15T05:07:50.780Z 
2026-09-15T05:07:50.780Z [2;36m[2026-09-15 05:07:50][0m [33mWARNING [0m [2m[py.warnings:112, 88377262b50a, rank=1][0m /opt/conda/lib/python3.12/site-packages/olmo_core/nn/pooled_soft_token.py:301: UserWarning: called a synchronizing CUDA operation (Triggered internally at /pytorch/c10/cuda/CUDAFunctions.cpp:162.)
2026-09-15T05:07:50.780Z   soft_log_len=torch.tensor(soft_log_len, dtype=torch.float32, device=device),
2026-09-15T05:07:50.780Z 
2026-09-15T05:07:50.781Z [2;36m[2026-09-15 05:07:50][0m [33mWARNING [0m [2m[py.warnings:112, 88377262b50a, rank=1][0m /opt/conda/lib/python3.12/site-packages/olmo_core/nn/transformer/model.py:1502: UserWarning: called a synchronizing CUDA operation (Triggered internally at /pytorch/c10/cuda/CUDAFunctions.cpp:162.)
2026-09-15T05:07:50.781Z   kv_grad_mask[cb.soft_rows, cb.soft_cols] = False
2026-09-15T05:07:50.781Z 
2026-09-15T05:07:50.920Z [2;36m[2026-09-15 05:07:50][0m [33mWARNING [0m [2m[py.warnings:112, 88377262b50a, rank=1][0m /opt/conda/lib/python3.12/site-packages/liger_kernel/ops/fused_linear_cross_entropy.py:75: UserWarning: called a synchronizing CUDA operation (Triggered internally at /pytorch/c10/cuda/CUDAFunctions.cpp:162.)
2026-09-15T05:07:50.920Z   total_n_non_ignore = target_mask.sum().item()
2026-09-15T05:07:50.920Z 
2026-09-15T05:07:51.887Z [2;36m[2026-09-15 05:07:51][0m [33mWARNING [0m [2m[py.warnings:112, 88377262b50a, rank=1][0m /opt/conda/lib/python3.12/site-packages/liger_kernel/ops/fused_linear_cross_entropy.py:233: UserWarning: called a synchronizing CUDA operation (Triggered internally at /pytorch/c10/cuda/CUDAFunctions.cpp:162.)
2026-09-15T05:07:51.888Z   if not torch.equal(grad_output, torch.tensor(1.0, device=grad_output.device)):
2026-09-15T05:07:51.888Z 
2026-09-15T05:07:57.677Z [2;36m[2026-09-15 05:07:57][0m [34mINFO    [0m [2m[olmo_core.train.callbacks.console_logger:68, 88377262b50a, rank=0][0m [step=44/61,epoch=1,eta=5m]
2026-09-15T05:07:57.677Z     gpu_memory/GPU active mem (%)=75.57
2026-09-15T05:07:57.677Z     gpu_memory/GPU active mem (GiB)=59.89
2026-09-15T05:07:57.677Z     gpu_memory/GPU reserved mem (%)=80.90
2026-09-15T05:07:57.677Z     gpu_memory/GPU reserved mem (GiB)=64.12
2026-09-15T05:07:57.677Z     optim/LR (group 0)=1.44E-06
2026-09-15T05:07:57.677Z     optim/LR (group 1)=1.44E-06
2026-09-15T05:07:57.677Z     optim/step skipped=0.0
2026-09-15T05:07:57.677Z     optim/total grad norm=2.851
2026-09-15T05:07:57.677Z     throughput/chinchilla multiple=6.86E-05
2026-09-15T05:07:57.677Z     throughput/device/BPS=0.0934
2026-09-15T05:07:57.677Z     throughput/device/BPS (actual avg)=0.0613
2026-09-15T05:07:57.677Z     throughput/device/MFU=44.95
2026-09-15T05:07:57.677Z     throughput/device/MFU (actual avg)=29.48
2026-09-15T05:07:57.677Z     throughput/device/TPS=6,123
2026-09-15T05:07:57.677Z     throughput/device/TPS (actual avg)=4,016
2026-09-15T05:07:57.677Z     throughput/device/flopsPS=140.2T
2026-09-15T05:07:57.677Z     throughput/device/flopsPS (actual avg)=91.97T
2026-09-15T05:07:57.677Z     throughput/total petaflops=132.1
2026-09-15T05:07:57.677Z     throughput/total tokens=5,767,168
2026-09-15T05:07:57.677Z     train/CE loss=0.3930
2026-09-15T05:07:57.677Z     throughput/device/data loading (%)=0.0191
2026-09-15T05:07:57.677Z     throughput/device/data loading (s)=0.0020
2026-09-15T05:07:57.677Z     train/PPL=1.481
2026-09-15T05:08:08.016Z [2;36m[2026-09-15 05:08:08][0m [34mINFO    [0m [2m[olmo_core.train.callbacks.console_logger:68, 88377262b50a, rank=0][0m [step=45/61,epoch=1,eta=5m]
2026-09-15T05:08:08.016Z     gpu_memory/GPU active mem (%)=75.57
2026-09-15T05:08:08.016Z     gpu_memory/GPU active mem (GiB)=59.89
2026-09-15T05:08:08.016Z     gpu_memory/GPU reserved mem (%)=80.90
2026-09-15T05:08:08.016Z     gpu_memory/GPU reserved mem (GiB)=64.12
2026-09-15T05:08:08.016Z     optim/LR (group 0)=1.36E-06
2026-09-15T05:08:08.016Z     optim/LR (group 1)=1.36E-06
2026-09-15T05:08:08.016Z     optim/step skipped=0.0
2026-09-15T05:08:08.016Z     optim/total grad norm=3.430
2026-09-15T05:08:08.016Z     throughput/chinchilla multiple=7.01E-05
2026-09-15T05:08:08.016Z     throughput/device/BPS=0.0967
2026-09-15T05:08:08.016Z     throughput/device/BPS (actual avg)=0.0618
2026-09-15T05:08:08.016Z     throughput/device/MFU=46.52
2026-09-15T05:08:08.016Z     throughput/device/MFU (actual avg)=29.72
2026-09-15T05:08:08.016Z     throughput/device/TPS=6,338
2026-09-15T05:08:08.016Z     throughput/device/TPS (actual avg)=4,049
2026-09-15T05:08:08.016Z     throughput/device/flopsPS=145.2T
2026-09-15T05:08:08.016Z     throughput/device/flopsPS (actual avg)=92.74T
2026-09-15T05:08:08.016Z     throughput/total petaflops=135.1
2026-09-15T05:08:08.016Z     throughput/total tokens=5,898,240
2026-09-15T05:08:08.016Z     train/CE loss=0.4056
2026-09-15T05:08:08.016Z     throughput/device/data loading (%)=0.0155
2026-09-15T05:08:08.016Z     throughput/device/data loading (s)=0.0016
2026-09-15T05:08:08.016Z     train/PPL=1.500
2026-09-15T05:08:14.589Z [2;36m[2026-09-15 05:08:14][0m [33mWARNING [0m [2m[py.warnings:112, 88377262b50a, rank=1][0m /opt/conda/lib/python3.12/site-packages/torch/autograd/graph.py:841: UserWarning: called a synchronizing CUDA operation (Triggered internally at /pytorch/c10/cuda/CUDAFunctions.cpp:162.)
2026-09-15T05:08:14.589Z   return Variable._execution_engine.run_backward(  # Calls into the C++ engine to run the backward pass
2026-09-15T05:08:14.589Z 
2026-09-15T05:08:14.592Z [2;36m[2026-09-15 05:08:14][0m [33mWARNING [0m [2m[py.warnings:112, 88377262b50a, rank=1][0m /opt/conda/lib/python3.12/site-packages/torch/distributed/utils.py:106: UserWarning: called a synchronizing CUDA operation (Triggered internally at /pytorch/c10/cuda/CUDAFunctions.cpp:162.)
2026-09-15T05:08:14.592Z   return (obj.to(target_device),)
2026-09-15T05:08:14.592Z 
2026-09-15T05:08:14.602Z [2;36m[2026-09-15 05:08:14][0m [33mWARNING [0m [2m[py.warnings:112, 88377262b50a, rank=1][0m /opt/conda/lib/python3.12/site-packages/olmo_core/nn/transformer/model.py:777: UserWarning: called a synchronizing CUDA operation (Triggered internally at /pytorch/c10/cuda/CUDAFunctions.cpp:162.)
2026-09-15T05:08:14.602Z   n_docs = int(chunk_ids.max().item()) + 1
2026-09-15T05:08:14.602Z 
2026-09-15T05:08:14.610Z [2;36m[2026-09-15 05:08:14][0m [33mWARNING [0m [2m[py.warnings:112, 88377262b50a, rank=1][0m /opt/conda/lib/python3.12/site-packages/olmo_core/nn/transformer/model.py:834: UserWarning: called a synchronizing CUDA operation (Triggered internally at /pytorch/c10/cuda/CUDAFunctions.cpp:162.)
2026-09-15T05:08:14.610Z   flat = (torch.arange(B, device=emb.device)[:, None] * n_docs + cid.clamp(min=0)).reshape(
2026-09-15T05:08:14.610Z 
2026-09-15T05:08:14.611Z [2;36m[2026-09-15 05:08:14][0m [33mWARNING [0m [2m[py.warnings:112, 88377262b50a, rank=1][0m /opt/conda/lib/python3.12/site-packages/olmo_core/nn/transformer/model.py:838: UserWarning: called a synchronizing CUDA operation (Triggered internally at /pytorch/c10/cuda/CUDAFunctions.cpp:162.)
2026-09-15T05:08:14.611Z   0, flat, emb.reshape(B * T, D)[is_ctx.reshape(-1)]
2026-09-15T05:08:14.611Z 
2026-09-15T05:08:14.619Z [2;36m[2026-09-15 05:08:14][0m [33mWARNING [0m [2m[py.warnings:112, 88377262b50a, rank=1][0m /opt/conda/lib/python3.12/site-packages/olmo_core/nn/pooled_soft_token.py:173: UserWarning: called a synchronizing CUDA operation (Triggered internally at /pytorch/c10/cuda/CUDAFunctions.cpp:162.)
2026-09-15T05:08:14.619Z   kept_idx = kept_tok.nonzero(as_tuple=True)[0]
2026-09-15T05:08:14.619Z 
2026-09-15T05:08:14.619Z [2;36m[2026-09-15 05:08:14][0m [33mWARNING [0m [2m[py.warnings:112, 88377262b50a, rank=1][0m /opt/conda/lib/python3.12/site-packages/olmo_core/nn/pooled_soft_token.py:179: UserWarning: called a synchronizing CUDA operation (Triggered internally at /pytorch/c10/cuda/CUDAFunctions.cpp:162.)
2026-09-15T05:08:14.620Z   if is_ctx.any():
2026-09-15T05:08:14.620Z 
2026-09-15T05:08:14.620Z [2;36m[2026-09-15 05:08:14][0m [33mWARNING [0m [2m[py.warnings:112, 88377262b50a, rank=1][0m /opt/conda/lib/python3.12/site-packages/olmo_core/nn/pooled_soft_token.py:180: UserWarning: called a synchronizing CUDA operation (Triggered internally at /pytorch/c10/cuda/CUDAFunctions.cpp:162.)
2026-09-15T05:08:14.620Z   d_ix = c[is_ctx]
2026-09-15T05:08:14.620Z 
2026-09-15T05:08:14.620Z [2;36m[2026-09-15 05:08:14][0m [33mWARNING [0m [2m[py.warnings:112, 88377262b50a, rank=1][0m /opt/conda/lib/python3.12/site-packages/olmo_core/nn/pooled_soft_token.py:181: UserWarning: called a synchronizing CUDA operation (Triggered internally at /pytorch/c10/cuda/CUDAFunctions.cpp:162.)
2026-09-15T05:08:14.620Z   pos_ix = is_ctx.nonzero(as_tuple=True)[0]
2026-09-15T05:08:14.620Z 
2026-09-15T05:08:14.621Z [2;36m[2026-09-15 05:08:14][0m [33mWARNING [0m [2m[py.warnings:112, 88377262b50a, rank=1][0m /opt/conda/lib/python3.12/site-packages/olmo_core/nn/pooled_soft_token.py:186: UserWarning: called a synchronizing CUDA operation (Triggered internally at /pytorch/c10/cuda/CUDAFunctions.cpp:162.)
2026-09-15T05:08:14.621Z   pooled_docs = pooled.nonzero(as_tuple=True)[0]
2026-09-15T05:08:14.621Z 
2026-09-15T05:08:14.621Z [2;36m[2026-09-15 05:08:14][0m [33mWARNING [0m [2m[py.warnings:112, 88377262b50a, rank=1][0m /opt/conda/lib/python3.12/site-packages/olmo_core/nn/pooled_soft_token.py:217: UserWarning: called a synchronizing CUDA operation (Triggered internally at /pytorch/c10/cuda/CUDAFunctions.cpp:162.)
2026-09-15T05:08:14.621Z   doc_len = torch.bincount(c[is_ctx], minlength=n_docs) if is_ctx.any() else torch.zeros(n_docs, dtype=torch.long, device=device)
2026-09-15T05:08:14.621Z 
2026-09-15T05:08:14.622Z [2;36m[2026-09-15 05:08:14][0m [33mWARNING [0m [2m[py.warnings:112, 88377262b50a, rank=1][0m /opt/conda/lib/python3.12/site-packages/olmo_core/nn/pooled_soft_token.py:222: UserWarning: called a synchronizing CUDA operation (Triggered internally at /pytorch/c10/cuda/CUDAFunctions.cpp:162.)
2026-09-15T05:08:14.622Z   soft_cols_b = soft_mask.nonzero(as_tuple=True)[0]
2026-09-15T05:08:14.622Z 
2026-09-15T05:08:14.622Z [2;36m[2026-09-15 05:08:14][0m [33mWARNING [0m [2m[py.warnings:112, 88377262b50a, rank=1][0m /opt/conda/lib/python3.12/site-packages/olmo_core/nn/pooled_soft_token.py:226: UserWarning: called a synchronizing CUDA operation (Triggered internally at /pytorch/c10/cuda/CUDAFunctions.cpp:162.)
2026-09-15T05:08:14.622Z   cols_l = soft_cols_b.tolist()
2026-09-15T05:08:14.622Z 
2026-09-15T05:08:14.623Z [2;36m[2026-09-15 05:08:14][0m [33mWARNING [0m [2m[py.warnings:112, 88377262b50a, rank=1][0m /opt/conda/lib/python3.12/site-packages/olmo_core/nn/pooled_soft_token.py:229: UserWarning: called a synchronizing CUDA operation (Triggered internally at /pytorch/c10/cuda/CUDAFunctions.cpp:162.)
2026-09-15T05:08:14.623Z   soft_docs += docs_b.tolist()
2026-09-15T05:08:14.623Z 
2026-09-15T05:08:14.623Z [2;36m[2026-09-15 05:08:14][0m [33mWARNING [0m [2m[py.warnings:112, 88377262b50a, rank=1][0m /opt/conda/lib/python3.12/site-packages/olmo_core/nn/pooled_soft_token.py:230: UserWarning: called a synchronizing CUDA operation (Triggered internally at /pytorch/c10/cuda/CUDAFunctions.cpp:162.)
2026-09-15T05:08:14.623Z   soft_log_len += lens_b.tolist()
2026-09-15T05:08:14.623Z 
2026-09-15T05:08:14.625Z [2;36m[2026-09-15 05:08:14][0m [33mWARNING [0m [2m[py.warnings:112, 88377262b50a, rank=1][0m /opt/conda/lib/python3.12/site-packages/olmo_core/nn/pooled_soft_token.py:280: UserWarning: called a synchronizing CUDA operation (Triggered internally at /pytorch/c10/cuda/CUDAFunctions.cpp:162.)
2026-09-15T05:08:14.625Z   row_lens[b] = L
2026-09-15T05:08:14.625Z 
2026-09-15T05:08:14.625Z [2;36m[2026-09-15 05:08:14][0m [33mWARNING [0m [2m[py.warnings:112, 88377262b50a, rank=1][0m /opt/conda/lib/python3.12/site-packages/olmo_core/nn/pooled_soft_token.py:297: UserWarning: called a synchronizing CUDA operation (Triggered internally at /pytorch/c10/cuda/CUDAFunctions.cpp:162.)
2026-09-15T05:08:14.625Z   soft_rows=torch.tensor(soft_rows, dtype=torch.long, device=device),
2026-09-15T05:08:14.625Z 
2026-09-15T05:08:14.626Z [2;36m[2026-09-15 05:08:14][0m [33mWARNING [0m [2m[py.warnings:112, 88377262b50a, rank=1][0m /opt/conda/lib/python3.12/site-packages/olmo_core/nn/pooled_soft_token.py:298: UserWarning: called a synchronizing CUDA operation (Triggered internally at /pytorch/c10/cuda/CUDAFunctions.cpp:162.)
2026-09-15T05:08:14.626Z   soft_cols=torch.tensor(soft_cols, dtype=torch.long, device=device),
2026-09-15T05:08:14.626Z 
2026-09-15T05:08:14.626Z [2;36m[2026-09-15 05:08:14][0m [33mWARNING [0m [2m[py.warnings:112, 88377262b50a, rank=1][0m /opt/conda/lib/python3.12/site-packages/olmo_core/nn/pooled_soft_token.py:299: UserWarning: called a synchronizing CUDA operation (Triggered internally at /pytorch/c10/cuda/CUDAFunctions.cpp:162.)
2026-09-15T05:08:14.626Z   soft_docs=torch.tensor(soft_docs, dtype=torch.long, device=device),
2026-09-15T05:08:14.626Z 
2026-09-15T05:08:14.626Z [2;36m[2026-09-15 05:08:14][0m [33mWARNING [0m [2m[py.warnings:112, 88377262b50a, rank=1][0m /opt/conda/lib/python3.12/site-packages/olmo_core/nn/pooled_soft_token.py:301: UserWarning: called a synchronizing CUDA operation (Triggered internally at /pytorch/c10/cuda/CUDAFunctions.cpp:162.)
2026-09-15T05:08:14.626Z   soft_log_len=torch.tensor(soft_log_len, dtype=torch.float32, device=device),
2026-09-15T05:08:14.626Z 
2026-09-15T05:08:14.627Z [2;36m[2026-09-15 05:08:14][0m [33mWARNING [0m [2m[py.warnings:112, 88377262b50a, rank=1][0m /opt/conda/lib/python3.12/site-packages/olmo_core/nn/transformer/model.py:1502: UserWarning: called a synchronizing CUDA operation (Triggered internally at /pytorch/c10/cuda/CUDAFunctions.cpp:162.)
2026-09-15T05:08:14.627Z   kv_grad_mask[cb.soft_rows, cb.soft_cols] = False
2026-09-15T05:08:14.627Z 
2026-09-15T05:08:14.767Z [2;36m[2026-09-15 05:08:14][0m [33mWARNING [0m [2m[py.warnings:112, 88377262b50a, rank=1][0m /opt/conda/lib/python3.12/site-packages/liger_kernel/ops/fused_linear_cross_entropy.py:75: UserWarning: called a synchronizing CUDA operation (Triggered internally at /pytorch/c10/cuda/CUDAFunctions.cpp:162.)
2026-09-15T05:08:14.767Z   total_n_non_ignore = target_mask.sum().item()
2026-09-15T05:08:14.767Z 
2026-09-15T05:08:15.271Z [2;36m[2026-09-15 05:08:15][0m [33mWARNING [0m [2m[py.warnings:112, 88377262b50a, rank=1][0m /opt/conda/lib/python3.12/site-packages/liger_kernel/ops/fused_linear_cross_entropy.py:233: UserWarning: called a synchronizing CUDA operation (Triggered internally at /pytorch/c10/cuda/CUDAFunctions.cpp:162.)
2026-09-15T05:08:15.271Z   if not torch.equal(grad_output, torch.tensor(1.0, device=grad_output.device)):
2026-09-15T05:08:15.271Z 
2026-09-15T05:08:18.220Z [2;36m[2026-09-15 05:08:18][0m [34mINFO    [0m [2m[olmo_core.train.callbacks.console_logger:68, 88377262b50a, rank=0][0m [step=46/61,epoch=1,eta=4m]
2026-09-15T05:08:18.220Z     gpu_memory/GPU active mem (%)=75.57
2026-09-15T05:08:18.220Z     gpu_memory/GPU active mem (GiB)=59.89
2026-09-15T05:08:18.220Z     gpu_memory/GPU reserved mem (%)=80.90
2026-09-15T05:08:18.220Z     gpu_memory/GPU reserved mem (GiB)=64.12
2026-09-15T05:08:18.220Z     optim/LR (group 0)=1.27E-06
2026-09-15T05:08:18.220Z     optim/LR (group 1)=1.27E-06
2026-09-15T05:08:18.220Z     optim/step skipped=0.0
2026-09-15T05:08:18.220Z     optim/total grad norm=1.956
2026-09-15T05:08:18.220Z     throughput/chinchilla multiple=7.17E-05
2026-09-15T05:08:18.220Z     throughput/device/BPS=0.0980
2026-09-15T05:08:18.220Z     throughput/device/BPS (actual avg)=0.0623
2026-09-15T05:08:18.220Z     throughput/device/MFU=47.14
2026-09-15T05:08:18.220Z     throughput/device/MFU (actual avg)=29.97
2026-09-15T05:08:18.220Z     throughput/device/TPS=6,423
2026-09-15T05:08:18.220Z     throughput/device/TPS (actual avg)=4,083
2026-09-15T05:08:18.220Z     throughput/device/flopsPS=147.1T
2026-09-15T05:08:18.220Z     throughput/device/flopsPS (actual avg)=93.51T
2026-09-15T05:08:18.220Z     throughput/total petaflops=138.1
2026-09-15T05:08:18.220Z     throughput/total tokens=6,029,312
2026-09-15T05:08:18.220Z     train/CE loss=0.3974
2026-09-15T05:08:18.220Z     throughput/device/data loading (%)=0.0135
2026-09-15T05:08:18.220Z     throughput/device/data loading (s)=0.0014
2026-09-15T05:08:18.220Z     train/PPL=1.488
2026-09-15T05:08:29.631Z [2;36m[2026-09-15 05:08:29][0m [34mINFO    [0m [2m[olmo_core.train.callbacks.console_logger:68, 88377262b50a, rank=0][0m [step=47/61,epoch=1,eta=4m]
2026-09-15T05:08:29.631Z     gpu_memory/GPU active mem (%)=75.57
2026-09-15T05:08:29.631Z     gpu_memory/GPU active mem (GiB)=59.89
2026-09-15T05:08:29.631Z     gpu_memory/GPU reserved mem (%)=80.90
2026-09-15T05:08:29.631Z     gpu_memory/GPU reserved mem (GiB)=64.12
2026-09-15T05:08:29.631Z     optim/LR (group 0)=1.19E-06
2026-09-15T05:08:29.631Z     optim/LR (group 1)=1.19E-06
2026-09-15T05:08:29.631Z     optim/step skipped=0.0
2026-09-15T05:08:29.631Z     optim/total grad norm=2.744
2026-09-15T05:08:29.631Z     throughput/chinchilla multiple=7.32E-05
2026-09-15T05:08:29.631Z     throughput/device/BPS=0.0876
2026-09-15T05:08:29.631Z     throughput/device/BPS (actual avg)=0.0627
2026-09-15T05:08:29.631Z     throughput/device/MFU=42.15
2026-09-15T05:08:29.631Z     throughput/device/MFU (actual avg)=30.16
2026-09-15T05:08:29.631Z     throughput/device/TPS=5,742
2026-09-15T05:08:29.631Z     throughput/device/TPS (actual avg)=4,109
2026-09-15T05:08:29.631Z     throughput/device/flopsPS=131.5T
2026-09-15T05:08:29.631Z     throughput/device/flopsPS (actual avg)=94.10T
2026-09-15T05:08:29.631Z     throughput/total petaflops=141.1
2026-09-15T05:08:29.631Z     throughput/total tokens=6,160,384
2026-09-15T05:08:29.631Z     train/CE loss=0.4026
2026-09-15T05:08:29.631Z     throughput/device/data loading (%)=0.0152
2026-09-15T05:08:29.631Z     throughput/device/data loading (s)=0.0017
2026-09-15T05:08:29.631Z     train/PPL=1.496
2026-09-15T05:08:40.732Z [2;36m[2026-09-15 05:08:40][0m [34mINFO    [0m [2m[olmo_core.train.callbacks.console_logger:68, 88377262b50a, rank=0][0m [step=48/61,epoch=1,eta=4m]
2026-09-15T05:08:40.732Z     gpu_memory/GPU active mem (%)=75.57
2026-09-15T05:08:40.732Z     gpu_memory/GPU active mem (GiB)=59.89
2026-09-15T05:08:40.732Z     gpu_memory/GPU reserved mem (%)=80.90
2026-09-15T05:08:40.732Z     gpu_memory/GPU reserved mem (GiB)=64.12
2026-09-15T05:08:40.732Z     optim/LR (group 0)=1.10E-06
2026-09-15T05:08:40.732Z     optim/LR (group 1)=1.10E-06
2026-09-15T05:08:40.732Z     optim/step skipped=0.0
2026-09-15T05:08:40.732Z     optim/total grad norm=1.977
2026-09-15T05:08:40.732Z     throughput/chinchilla multiple=7.48E-05
2026-09-15T05:08:40.732Z     throughput/device/BPS=0.0901
2026-09-15T05:08:40.732Z     throughput/device/BPS (actual avg)=0.0631
2026-09-15T05:08:40.732Z     throughput/device/MFU=43.33
2026-09-15T05:08:40.732Z     throughput/device/MFU (actual avg)=30.36
2026-09-15T05:08:40.732Z     throughput/device/TPS=5,903
2026-09-15T05:08:40.732Z     throughput/device/TPS (actual avg)=4,135
2026-09-15T05:08:40.732Z     throughput/device/flopsPS=135.2T
2026-09-15T05:08:40.732Z     throughput/device/flopsPS (actual avg)=94.71T
2026-09-15T05:08:40.732Z     throughput/total petaflops=144.1
2026-09-15T05:08:40.732Z     throughput/total tokens=6,291,456
2026-09-15T05:08:40.732Z     train/CE loss=0.3894
2026-09-15T05:08:40.732Z     throughput/device/data loading (%)=0.0181
2026-09-15T05:08:40.732Z     throughput/device/data loading (s)=0.0020
2026-09-15T05:08:40.732Z     train/PPL=1.476
2026-09-15T05:08:51.165Z [2;36m[2026-09-15 05:08:51][0m [34mINFO    [0m [2m[olmo_core.train.callbacks.console_logger:68, 88377262b50a, rank=0][0m [step=49/61,epoch=1,eta=3m]
2026-09-15T05:08:51.166Z     gpu_memory/GPU active mem (%)=75.57
2026-09-15T05:08:51.166Z     gpu_memory/GPU active mem (GiB)=59.89
2026-09-15T05:08:51.166Z     gpu_memory/GPU reserved mem (%)=80.90
2026-09-15T05:08:51.166Z     gpu_memory/GPU reserved mem (GiB)=64.12
2026-09-15T05:08:51.166Z     optim/LR (group 0)=1.02E-06
2026-09-15T05:08:51.166Z     optim/LR (group 1)=1.02E-06
2026-09-15T05:08:51.166Z     optim/step skipped=0.0
2026-09-15T05:08:51.166Z     optim/total grad norm=2.588
2026-09-15T05:08:51.166Z     throughput/chinchilla multiple=7.64E-05
2026-09-15T05:08:51.166Z     throughput/device/BPS=0.0958
2026-09-15T05:08:51.166Z     throughput/device/BPS (actual avg)=0.0636
2026-09-15T05:08:51.166Z     throughput/device/MFU=46.10
2026-09-15T05:08:51.166Z     throughput/device/MFU (actual avg)=30.57
2026-09-15T05:08:51.166Z     throughput/device/TPS=6,280
2026-09-15T05:08:51.166Z     throughput/device/TPS (actual avg)=4,165
2026-09-15T05:08:51.166Z     throughput/device/flopsPS=143.8T
2026-09-15T05:08:51.166Z     throughput/device/flopsPS (actual avg)=95.39T
2026-09-15T05:08:51.166Z     throughput/total petaflops=147.1
2026-09-15T05:08:51.166Z     throughput/total tokens=6,422,528
2026-09-15T05:08:51.166Z     train/CE loss=0.3843
2026-09-15T05:08:51.166Z     throughput/device/data loading (%)=0.0166
2026-09-15T05:08:51.166Z     throughput/device/data loading (s)=0.0017
2026-09-15T05:08:51.166Z     train/PPL=1.469
2026-09-15T05:09:01.614Z [2;36m[2026-09-15 05:09:01][0m [34mINFO    [0m [2m[olmo_core.train.callbacks.flop_meter:165, 88377262b50a, rank=0][0m [flop-meter] step 50: actual 22.49 PF, dense-equivalent 80.65 PF (ratio 0.279), tokens 3.5M
2026-09-15T05:09:01.675Z [2;36m[2026-09-15 05:09:01][0m [34mINFO    [0m [2m[olmo_core.train.callbacks.console_logger:68, 88377262b50a, rank=0][0m [step=50/61,epoch=1,eta=3m]
2026-09-15T05:09:01.675Z     gpu_memory/GPU active mem (%)=75.57
2026-09-15T05:09:01.675Z     gpu_memory/GPU active mem (GiB)=59.89
2026-09-15T05:09:01.675Z     gpu_memory/GPU reserved mem (%)=80.90
2026-09-15T05:09:01.675Z     gpu_memory/GPU reserved mem (GiB)=64.12
2026-09-15T05:09:01.675Z     optim/LR (group 0)=9.32E-07
2026-09-15T05:09:01.675Z     optim/LR (group 1)=9.32E-07
2026-09-15T05:09:01.675Z     optim/step skipped=0.0
2026-09-15T05:09:01.675Z     optim/total grad norm=2.124
2026-09-15T05:09:01.675Z     throughput/chinchilla multiple=7.79E-05
2026-09-15T05:09:01.675Z     throughput/device/BPS=0.0951
2026-09-15T05:09:01.675Z     throughput/device/BPS (actual avg)=0.0640
2026-09-15T05:09:01.675Z     throughput/device/MFU=45.76
2026-09-15T05:09:01.675Z     throughput/device/MFU (actual avg)=30.78
2026-09-15T05:09:01.675Z     throughput/device/TPS=6,235
2026-09-15T05:09:01.675Z     throughput/device/TPS (actual avg)=4,194
2026-09-15T05:09:01.675Z     throughput/device/flopsPS=142.8T
2026-09-15T05:09:01.675Z     throughput/device/flopsPS (actual avg)=96.04T
2026-09-15T05:09:01.675Z     throughput/total petaflops=150.1
2026-09-15T05:09:01.675Z     throughput/total tokens=6,553,600
2026-09-15T05:09:01.675Z     train/CE loss=0.3912
2026-09-15T05:09:01.675Z     throughput/device/data loading (%)=0.0134
2026-09-15T05:09:01.675Z     throughput/device/data loading (s)=0.0014
2026-09-15T05:09:01.675Z     train/PPL=1.479
2026-09-15T05:09:12.674Z [2;36m[2026-09-15 05:09:12][0m [34mINFO    [0m [2m[olmo_core.train.callbacks.console_logger:68, 88377262b50a, rank=0][0m [step=51/61,epoch=1,eta=3m]
2026-09-15T05:09:12.674Z     gpu_memory/GPU active mem (%)=75.57
2026-09-15T05:09:12.674Z     gpu_memory/GPU active mem (GiB)=59.89
2026-09-15T05:09:12.674Z     gpu_memory/GPU reserved mem (%)=80.90
2026-09-15T05:09:12.674Z     gpu_memory/GPU reserved mem (GiB)=64.12
2026-09-15T05:09:12.674Z     optim/LR (group 0)=8.47E-07
2026-09-15T05:09:12.674Z     optim/LR (group 1)=8.47E-07
2026-09-15T05:09:12.674Z     optim/step skipped=0.0
2026-09-15T05:09:12.674Z     optim/total grad norm=2.289
2026-09-15T05:09:12.674Z     throughput/chinchilla multiple=7.95E-05
2026-09-15T05:09:12.674Z     throughput/device/BPS=0.0909
2026-09-15T05:09:12.674Z     throughput/device/BPS (actual avg)=0.0644
2026-09-15T05:09:12.674Z     throughput/device/MFU=43.74
2026-09-15T05:09:12.674Z     throughput/device/MFU (actual avg)=30.97
2026-09-15T05:09:12.674Z     throughput/device/TPS=5,959
2026-09-15T05:09:12.674Z     throughput/device/TPS (actual avg)=4,219
2026-09-15T05:09:12.674Z     throughput/device/flopsPS=136.5T
2026-09-15T05:09:12.674Z     throughput/device/flopsPS (actual avg)=96.61T
2026-09-15T05:09:12.674Z     throughput/total petaflops=153.1
2026-09-15T05:09:12.674Z     throughput/total tokens=6,684,672
2026-09-15T05:09:12.674Z     train/CE loss=0.4052
2026-09-15T05:09:12.674Z     throughput/device/data loading (%)=0.0132
2026-09-15T05:09:12.674Z     throughput/device/data loading (s)=0.0014
2026-09-15T05:09:12.674Z     train/PPL=1.500
2026-09-15T05:09:23.085Z [2;36m[2026-09-15 05:09:23][0m [34mINFO    [0m [2m[olmo_core.train.callbacks.console_logger:68, 88377262b50a, rank=0][0m [step=52/61,epoch=1,eta=3m]
2026-09-15T05:09:23.085Z     gpu_memory/GPU active mem (%)=75.57
2026-09-15T05:09:23.085Z     gpu_memory/GPU active mem (GiB)=59.89
2026-09-15T05:09:23.085Z     gpu_memory/GPU reserved mem (%)=80.90
2026-09-15T05:09:23.085Z     gpu_memory/GPU reserved mem (GiB)=64.12
2026-09-15T05:09:23.085Z     optim/LR (group 0)=7.63E-07
2026-09-15T05:09:23.085Z     optim/LR (group 1)=7.63E-07
2026-09-15T05:09:23.085Z     optim/step skipped=0.0
2026-09-15T05:09:23.085Z     optim/total grad norm=2.242
2026-09-15T05:09:23.085Z     throughput/chinchilla multiple=8.10E-05
2026-09-15T05:09:23.085Z     throughput/device/BPS=0.0960
2026-09-15T05:09:23.085Z     throughput/device/BPS (actual avg)=0.0648
2026-09-15T05:09:23.085Z     throughput/device/MFU=46.20
2026-09-15T05:09:23.085Z     throughput/device/MFU (actual avg)=31.17
2026-09-15T05:09:23.085Z     throughput/device/TPS=6,294
2026-09-15T05:09:23.085Z     throughput/device/TPS (actual avg)=4,246
2026-09-15T05:09:23.085Z     throughput/device/flopsPS=144.1T
2026-09-15T05:09:23.085Z     throughput/device/flopsPS (actual avg)=97.24T
2026-09-15T05:09:23.085Z     throughput/total petaflops=156.1
2026-09-15T05:09:23.085Z     throughput/total tokens=6,815,744
2026-09-15T05:09:23.085Z     train/CE loss=0.3841
2026-09-15T05:09:23.085Z     throughput/device/data loading (%)=0.0200
2026-09-15T05:09:23.085Z     throughput/device/data loading (s)=0.0021
2026-09-15T05:09:23.085Z     train/PPL=1.468
2026-09-15T05:09:33.960Z [2;36m[2026-09-15 05:09:33][0m [34mINFO    [0m [2m[olmo_core.train.callbacks.console_logger:68, 88377262b50a, rank=0][0m [step=53/61,epoch=1,eta=2m]
2026-09-15T05:09:33.960Z     gpu_memory/GPU active mem (%)=75.57
2026-09-15T05:09:33.960Z     gpu_memory/GPU active mem (GiB)=59.89
2026-09-15T05:09:33.960Z     gpu_memory/GPU reserved mem (%)=80.90
2026-09-15T05:09:33.960Z     gpu_memory/GPU reserved mem (GiB)=64.12
2026-09-15T05:09:33.960Z     optim/LR (group 0)=6.78E-07
2026-09-15T05:09:33.960Z     optim/LR (group 1)=6.78E-07
2026-09-15T05:09:33.960Z     optim/step skipped=0.0
2026-09-15T05:09:33.960Z     optim/total grad norm=3.647
2026-09-15T05:09:33.960Z     throughput/chinchilla multiple=8.26E-05
2026-09-15T05:09:33.960Z     throughput/device/BPS=0.0920
2026-09-15T05:09:33.960Z     throughput/device/BPS (actual avg)=0.0652
2026-09-15T05:09:33.960Z     throughput/device/MFU=44.23
2026-09-15T05:09:33.960Z     throughput/device/MFU (actual avg)=31.35
2026-09-15T05:09:33.960Z     throughput/device/TPS=6,026
2026-09-15T05:09:33.960Z     throughput/device/TPS (actual avg)=4,270
2026-09-15T05:09:33.960Z     throughput/device/flopsPS=138.0T
2026-09-15T05:09:33.960Z     throughput/device/flopsPS (actual avg)=97.80T
2026-09-15T05:09:33.960Z     throughput/total petaflops=159.1
2026-09-15T05:09:33.960Z     throughput/total tokens=6,946,816
2026-09-15T05:09:33.960Z     train/CE loss=0.4084
2026-09-15T05:09:33.960Z     throughput/device/data loading (%)=0.0135
2026-09-15T05:09:33.960Z     throughput/device/data loading (s)=0.0015
2026-09-15T05:09:33.960Z     train/PPL=1.504
2026-09-15T05:09:44.919Z [2;36m[2026-09-15 05:09:44][0m [34mINFO    [0m [2m[olmo_core.train.callbacks.console_logger:68, 88377262b50a, rank=0][0m [step=54/61,epoch=1,eta=2m]
2026-09-15T05:09:44.919Z     gpu_memory/GPU active mem (%)=75.57
2026-09-15T05:09:44.919Z     gpu_memory/GPU active mem (GiB)=59.89
2026-09-15T05:09:44.919Z     gpu_memory/GPU reserved mem (%)=80.90
2026-09-15T05:09:44.919Z     gpu_memory/GPU reserved mem (GiB)=64.12
2026-09-15T05:09:44.919Z     optim/LR (group 0)=5.93E-07
2026-09-15T05:09:44.919Z     optim/LR (group 1)=5.93E-07
2026-09-15T05:09:44.919Z     optim/step skipped=0.0
2026-09-15T05:09:44.919Z     optim/total grad norm=2.215
2026-09-15T05:09:44.919Z     throughput/chinchilla multiple=8.41E-05
2026-09-15T05:09:44.919Z     throughput/device/BPS=0.0913
2026-09-15T05:09:44.919Z     throughput/device/BPS (actual avg)=0.0655
2026-09-15T05:09:44.919Z     throughput/device/MFU=43.89
2026-09-15T05:09:44.919Z     throughput/device/MFU (actual avg)=31.52
2026-09-15T05:09:44.919Z     throughput/device/TPS=5,980
2026-09-15T05:09:44.919Z     throughput/device/TPS (actual avg)=4,293
2026-09-15T05:09:44.919Z     throughput/device/flopsPS=136.9T
2026-09-15T05:09:44.919Z     throughput/device/flopsPS (actual avg)=98.33T
2026-09-15T05:09:44.919Z     throughput/total petaflops=162.1
2026-09-15T05:09:44.919Z     throughput/total tokens=7,077,888
2026-09-15T05:09:44.919Z     train/CE loss=0.3816
2026-09-15T05:09:44.919Z     throughput/device/data loading (%)=0.0162
2026-09-15T05:09:44.919Z     throughput/device/data loading (s)=0.0018
2026-09-15T05:09:44.919Z     train/PPL=1.465
2026-09-15T05:09:55.248Z [2;36m[2026-09-15 05:09:55][0m [34mINFO    [0m [2m[olmo_core.train.callbacks.console_logger:68, 88377262b50a, rank=0][0m [step=55/61,epoch=1,eta=2m]
2026-09-15T05:09:55.249Z     gpu_memory/GPU active mem (%)=75.57
2026-09-15T05:09:55.249Z     gpu_memory/GPU active mem (GiB)=59.89
2026-09-15T05:09:55.249Z     gpu_memory/GPU reserved mem (%)=80.90
2026-09-15T05:09:55.249Z     gpu_memory/GPU reserved mem (GiB)=64.12
2026-09-15T05:09:55.249Z     optim/LR (group 0)=5.08E-07
2026-09-15T05:09:55.249Z     optim/LR (group 1)=5.08E-07
2026-09-15T05:09:55.249Z     optim/step skipped=0.0
2026-09-15T05:09:55.249Z     optim/total grad norm=3.833
2026-09-15T05:09:55.249Z     throughput/chinchilla multiple=8.57E-05
2026-09-15T05:09:55.249Z     throughput/device/BPS=0.0968
2026-09-15T05:09:55.249Z     throughput/device/BPS (actual avg)=0.0659
2026-09-15T05:09:55.249Z     throughput/device/MFU=46.56
2026-09-15T05:09:55.249Z     throughput/device/MFU (actual avg)=31.70
2026-09-15T05:09:55.249Z     throughput/device/TPS=6,344
2026-09-15T05:09:55.249Z     throughput/device/TPS (actual avg)=4,319
2026-09-15T05:09:55.249Z     throughput/device/flopsPS=145.3T
2026-09-15T05:09:55.249Z     throughput/device/flopsPS (actual avg)=98.92T
2026-09-15T05:09:55.249Z     throughput/total petaflops=165.1
2026-09-15T05:09:55.249Z     throughput/total tokens=7,208,960
2026-09-15T05:09:55.249Z     train/CE loss=0.4003
2026-09-15T05:09:55.249Z     throughput/device/data loading (%)=0.0147
2026-09-15T05:09:55.249Z     throughput/device/data loading (s)=0.0015
2026-09-15T05:09:55.249Z     train/PPL=1.492
2026-09-15T05:10:12.885Z [2;36m[2026-09-15 05:10:12][0m [33mWARNING [0m [2m[py.warnings:112, 88377262b50a, rank=1][0m /opt/conda/lib/python3.12/site-packages/liger_kernel/ops/fused_linear_cross_entropy.py:75: UserWarning: called a synchronizing CUDA operation (Triggered internally at /pytorch/c10/cuda/CUDAFunctions.cpp:162.)
2026-09-15T05:10:12.885Z   total_n_non_ignore = target_mask.sum().item()
2026-09-15T05:10:12.885Z 
2026-09-15T05:10:13.738Z [2;36m[2026-09-15 05:10:13][0m [33mWARNING [0m [2m[py.warnings:112, 88377262b50a, rank=1][0m /opt/conda/lib/python3.12/site-packages/liger_kernel/ops/fused_linear_cross_entropy.py:233: UserWarning: called a synchronizing CUDA operation (Triggered internally at /pytorch/c10/cuda/CUDAFunctions.cpp:162.)
2026-09-15T05:10:13.738Z   if not torch.equal(grad_output, torch.tensor(1.0, device=grad_output.device)):
2026-09-15T05:10:13.738Z 
2026-09-15T05:10:27.014Z [2;36m[2026-09-15 05:10:27][0m [33mWARNING [0m [2m[py.warnings:112, 88377262b50a, rank=1][0m /opt/conda/lib/python3.12/site-packages/torch/autograd/graph.py:841: UserWarning: called a synchronizing CUDA operation (Triggered internally at /pytorch/c10/cuda/CUDAFunctions.cpp:162.)
2026-09-15T05:10:27.015Z   return Variable._execution_engine.run_backward(  # Calls into the C++ engine to run the backward pass
2026-09-15T05:10:27.015Z 
2026-09-15T05:10:27.016Z [2;36m[2026-09-15 05:10:27][0m [33mWARNING [0m [2m[py.warnings:112, 88377262b50a, rank=1][0m /opt/conda/lib/python3.12/site-packages/torch/distributed/utils.py:106: UserWarning: called a synchronizing CUDA operation (Triggered internally at /pytorch/c10/cuda/CUDAFunctions.cpp:162.)
2026-09-15T05:10:27.016Z   return (obj.to(target_device),)
2026-09-15T05:10:27.016Z 
2026-09-15T05:10:27.026Z [2;36m[2026-09-15 05:10:27][0m [33mWARNING [0m [2m[py.warnings:112, 88377262b50a, rank=1][0m /opt/conda/lib/python3.12/site-packages/olmo_core/nn/transformer/model.py:777: UserWarning: called a synchronizing CUDA operation (Triggered internally at /pytorch/c10/cuda/CUDAFunctions.cpp:162.)
2026-09-15T05:10:27.026Z   n_docs = int(chunk_ids.max().item()) + 1
2026-09-15T05:10:27.026Z 
2026-09-15T05:10:27.035Z [2;36m[2026-09-15 05:10:27][0m [33mWARNING [0m [2m[py.warnings:112, 88377262b50a, rank=1][0m /opt/conda/lib/python3.12/site-packages/olmo_core/nn/transformer/model.py:834: UserWarning: called a synchronizing CUDA operation (Triggered internally at /pytorch/c10/cuda/CUDAFunctions.cpp:162.)
2026-09-15T05:10:27.035Z   flat = (torch.arange(B, device=emb.device)[:, None] * n_docs + cid.clamp(min=0)).reshape(
2026-09-15T05:10:27.035Z 
2026-09-15T05:10:27.035Z [2;36m[2026-09-15 05:10:27][0m [33mWARNING [0m [2m[py.warnings:112, 88377262b50a, rank=1][0m /opt/conda/lib/python3.12/site-packages/olmo_core/nn/transformer/model.py:838: UserWarning: called a synchronizing CUDA operation (Triggered internally at /pytorch/c10/cuda/CUDAFunctions.cpp:162.)
2026-09-15T05:10:27.035Z   0, flat, emb.reshape(B * T, D)[is_ctx.reshape(-1)]
2026-09-15T05:10:27.035Z 
2026-09-15T05:10:27.042Z [2;36m[2026-09-15 05:10:27][0m [33mWARNING [0m [2m[py.warnings:112, 88377262b50a, rank=1][0m /opt/conda/lib/python3.12/site-packages/olmo_core/nn/pooled_soft_token.py:173: UserWarning: called a synchronizing CUDA operation (Triggered internally at /pytorch/c10/cuda/CUDAFunctions.cpp:162.)
2026-09-15T05:10:27.042Z   kept_idx = kept_tok.nonzero(as_tuple=True)[0]
2026-09-15T05:10:27.042Z 
2026-09-15T05:10:27.042Z [2;36m[2026-09-15 05:10:27][0m [33mWARNING [0m [2m[py.warnings:112, 88377262b50a, rank=1][0m /opt/conda/lib/python3.12/site-packages/olmo_core/nn/pooled_soft_token.py:179: UserWarning: called a synchronizing CUDA operation (Triggered internally at /pytorch/c10/cuda/CUDAFunctions.cpp:162.)
2026-09-15T05:10:27.042Z   if is_ctx.any():
2026-09-15T05:10:27.042Z 
2026-09-15T05:10:27.043Z [2;36m[2026-09-15 05:10:27][0m [33mWARNING [0m [2m[py.warnings:112, 88377262b50a, rank=1][0m /opt/conda/lib/python3.12/site-packages/olmo_core/nn/pooled_soft_token.py:180: UserWarning: called a synchronizing CUDA operation (Triggered internally at /pytorch/c10/cuda/CUDAFunctions.cpp:162.)
2026-09-15T05:10:27.043Z   d_ix = c[is_ctx]
2026-09-15T05:10:27.043Z 
2026-09-15T05:10:27.043Z [2;36m[2026-09-15 05:10:27][0m [33mWARNING [0m [2m[py.warnings:112, 88377262b50a, rank=1][0m /opt/conda/lib/python3.12/site-packages/olmo_core/nn/pooled_soft_token.py:181: UserWarning: called a synchronizing CUDA operation (Triggered internally at /pytorch/c10/cuda/CUDAFunctions.cpp:162.)
2026-09-15T05:10:27.043Z   pos_ix = is_ctx.nonzero(as_tuple=True)[0]
2026-09-15T05:10:27.043Z 
2026-09-15T05:10:27.044Z [2;36m[2026-09-15 05:10:27][0m [33mWARNING [0m [2m[py.warnings:112, 88377262b50a, rank=1][0m /opt/conda/lib/python3.12/site-packages/olmo_core/nn/pooled_soft_token.py:186: UserWarning: called a synchronizing CUDA operation (Triggered internally at /pytorch/c10/cuda/CUDAFunctions.cpp:162.)
2026-09-15T05:10:27.044Z   pooled_docs = pooled.nonzero(as_tuple=True)[0]
2026-09-15T05:10:27.044Z 
2026-09-15T05:10:27.044Z [2;36m[2026-09-15 05:10:27][0m [33mWARNING [0m [2m[py.warnings:112, 88377262b50a, rank=1][0m /opt/conda/lib/python3.12/site-packages/olmo_core/nn/pooled_soft_token.py:217: UserWarning: called a synchronizing CUDA operation (Triggered internally at /pytorch/c10/cuda/CUDAFunctions.cpp:162.)
2026-09-15T05:10:27.045Z   doc_len = torch.bincount(c[is_ctx], minlength=n_docs) if is_ctx.any() else torch.zeros(n_docs, dtype=torch.long, device=device)
2026-09-15T05:10:27.045Z 
2026-09-15T05:10:27.045Z [2;36m[2026-09-15 05:10:27][0m [33mWARNING [0m [2m[py.warnings:112, 88377262b50a, rank=1][0m /opt/conda/lib/python3.12/site-packages/olmo_core/nn/pooled_soft_token.py:222: UserWarning: called a synchronizing CUDA operation (Triggered internally at /pytorch/c10/cuda/CUDAFunctions.cpp:162.)
2026-09-15T05:10:27.045Z   soft_cols_b = soft_mask.nonzero(as_tuple=True)[0]
2026-09-15T05:10:27.045Z 
2026-09-15T05:10:27.046Z [2;36m[2026-09-15 05:10:27][0m [33mWARNING [0m [2m[py.warnings:112, 88377262b50a, rank=1][0m /opt/conda/lib/python3.12/site-packages/olmo_core/nn/pooled_soft_token.py:226: UserWarning: called a synchronizing CUDA operation (Triggered internally at /pytorch/c10/cuda/CUDAFunctions.cpp:162.)
2026-09-15T05:10:27.046Z   cols_l = soft_cols_b.tolist()
2026-09-15T05:10:27.046Z 
2026-09-15T05:10:27.046Z [2;36m[2026-09-15 05:10:27][0m [33mWARNING [0m [2m[py.warnings:112, 88377262b50a, rank=1][0m /opt/conda/lib/python3.12/site-packages/olmo_core/nn/pooled_soft_token.py:229: UserWarning: called a synchronizing CUDA operation (Triggered internally at /pytorch/c10/cuda/CUDAFunctions.cpp:162.)
2026-09-15T05:10:27.046Z   soft_docs += docs_b.tolist()
2026-09-15T05:10:27.046Z 
2026-09-15T05:10:27.046Z [2;36m[2026-09-15 05:10:27][0m [33mWARNING [0m [2m[py.warnings:112, 88377262b50a, rank=1][0m /opt/conda/lib/python3.12/site-packages/olmo_core/nn/pooled_soft_token.py:230: UserWarning: called a synchronizing CUDA operation (Triggered internally at /pytorch/c10/cuda/CUDAFunctions.cpp:162.)
2026-09-15T05:10:27.046Z   soft_log_len += lens_b.tolist()
2026-09-15T05:10:27.046Z 
2026-09-15T05:10:27.048Z [2;36m[2026-09-15 05:10:27][0m [33mWARNING [0m [2m[py.warnings:112, 88377262b50a, rank=1][0m /opt/conda/lib/python3.12/site-packages/olmo_core/nn/pooled_soft_token.py:280: UserWarning: called a synchronizing CUDA operation (Triggered internally at /pytorch/c10/cuda/CUDAFunctions.cpp:162.)
2026-09-15T05:10:27.048Z   row_lens[b] = L
2026-09-15T05:10:27.048Z 
2026-09-15T05:10:27.048Z [2;36m[2026-09-15 05:10:27][0m [33mWARNING [0m [2m[py.warnings:112, 88377262b50a, rank=1][0m /opt/conda/lib/python3.12/site-packages/olmo_core/nn/pooled_soft_token.py:297: UserWarning: called a synchronizing CUDA operation (Triggered internally at /pytorch/c10/cuda/CUDAFunctions.cpp:162.)
2026-09-15T05:10:27.048Z   soft_rows=torch.tensor(soft_rows, dtype=torch.long, device=device),
2026-09-15T05:10:27.048Z 
2026-09-15T05:10:27.049Z [2;36m[2026-09-15 05:10:27][0m [33mWARNING [0m [2m[py.warnings:112, 88377262b50a, rank=1][0m /opt/conda/lib/python3.12/site-packages/olmo_core/nn/pooled_soft_token.py:298: UserWarning: called a synchronizing CUDA operation (Triggered internally at /pytorch/c10/cuda/CUDAFunctions.cpp:162.)
2026-09-15T05:10:27.049Z   soft_cols=torch.tensor(soft_cols, dtype=torch.long, device=device),
2026-09-15T05:10:27.049Z 
2026-09-15T05:10:27.049Z [2;36m[2026-09-15 05:10:27][0m [33mWARNING [0m [2m[py.warnings:112, 88377262b50a, rank=1][0m /opt/conda/lib/python3.12/site-packages/olmo_core/nn/pooled_soft_token.py:299: UserWarning: called a synchronizing CUDA operation (Triggered internally at /pytorch/c10/cuda/CUDAFunctions.cpp:162.)
2026-09-15T05:10:27.049Z   soft_docs=torch.tensor(soft_docs, dtype=torch.long, device=device),
2026-09-15T05:10:27.049Z 
2026-09-15T05:10:27.049Z [2;36m[2026-09-15 05:10:27][0m [33mWARNING [0m [2m[py.warnings:112, 88377262b50a, rank=1][0m /opt/conda/lib/python3.12/site-packages/olmo_core/nn/pooled_soft_token.py:301: UserWarning: called a synchronizing CUDA operation (Triggered internally at /pytorch/c10/cuda/CUDAFunctions.cpp:162.)
2026-09-15T05:10:27.049Z   soft_log_len=torch.tensor(soft_log_len, dtype=torch.float32, device=device),
2026-09-15T05:10:27.049Z 
2026-09-15T05:10:27.050Z [2;36m[2026-09-15 05:10:27][0m [33mWARNING [0m [2m[py.warnings:112, 88377262b50a, rank=1][0m /opt/conda/lib/python3.12/site-packages/olmo_core/nn/transformer/model.py:1502: UserWarning: called a synchronizing CUDA operation (Triggered internally at /pytorch/c10/cuda/CUDAFunctions.cpp:162.)
2026-09-15T05:10:27.050Z   kv_grad_mask[cb.soft_rows, cb.soft_cols] = False
2026-09-15T05:10:27.050Z 
2026-09-15T05:10:27.190Z [2;36m[2026-09-15 05:10:27][0m [33mWARNING [0m [2m[py.warnings:112, 88377262b50a, rank=1][0m /opt/conda/lib/python3.12/site-packages/liger_kernel/ops/fused_linear_cross_entropy.py:75: UserWarning: called a synchronizing CUDA operation (Triggered internally at /pytorch/c10/cuda/CUDAFunctions.cpp:162.)
2026-09-15T05:10:27.190Z   total_n_non_ignore = target_mask.sum().item()
2026-09-15T05:10:27.190Z 
2026-09-15T05:10:28.018Z [2;36m[2026-09-15 05:10:28][0m [33mWARNING [0m [2m[py.warnings:112, 88377262b50a, rank=1][0m /opt/conda/lib/python3.12/site-packages/liger_kernel/ops/fused_linear_cross_entropy.py:233: UserWarning: called a synchronizing CUDA operation (Triggered internally at /pytorch/c10/cuda/CUDAFunctions.cpp:162.)
2026-09-15T05:10:28.018Z   if not torch.equal(grad_output, torch.tensor(1.0, device=grad_output.device)):
2026-09-15T05:10:28.018Z 
2026-09-15T05:10:29.966Z [2;36m[2026-09-15 05:10:29][0m [34mINFO    [0m [2m[olmo_core.train.callbacks.console_logger:68, 88377262b50a, rank=0][0m [step=56/61,epoch=1,eta=2m]
2026-09-15T05:10:29.966Z     gpu_memory/GPU active mem (%)=75.57
2026-09-15T05:10:29.966Z     gpu_memory/GPU active mem (GiB)=59.89
2026-09-15T05:10:29.966Z     gpu_memory/GPU reserved mem (%)=80.90
2026-09-15T05:10:29.966Z     gpu_memory/GPU reserved mem (GiB)=64.12
2026-09-15T05:10:29.966Z     optim/LR (group 0)=4.24E-07
2026-09-15T05:10:29.966Z     optim/LR (group 1)=4.24E-07
2026-09-15T05:10:29.966Z     optim/step skipped=0.0
2026-09-15T05:10:29.966Z     optim/total grad norm=2.819
2026-09-15T05:10:29.966Z     throughput/chinchilla multiple=8.73E-05
2026-09-15T05:10:29.966Z     throughput/device/BPS=0.0288
2026-09-15T05:10:29.966Z     throughput/device/BPS (actual avg)=0.0644
2026-09-15T05:10:29.966Z     throughput/device/MFU=13.86
2026-09-15T05:10:29.966Z     throughput/device/MFU (actual avg)=30.98
2026-09-15T05:10:29.966Z     throughput/device/TPS=1,887
2026-09-15T05:10:29.966Z     throughput/device/TPS (actual avg)=4,220
2026-09-15T05:10:29.966Z     throughput/device/flopsPS=43.23T
2026-09-15T05:10:29.966Z     throughput/device/flopsPS (actual avg)=96.66T
2026-09-15T05:10:29.966Z     throughput/total petaflops=168.1
2026-09-15T05:10:29.966Z     throughput/total tokens=7,340,032
2026-09-15T05:10:29.966Z     train/CE loss=0.3896
2026-09-15T05:10:29.966Z     throughput/device/data loading (%)=0.0047
2026-09-15T05:10:29.966Z     throughput/device/data loading (s)=0.0016
2026-09-15T05:10:29.966Z     train/PPL=1.476
2026-09-15T05:10:40.424Z [2;36m[2026-09-15 05:10:40][0m [34mINFO    [0m [2m[olmo_core.train.callbacks.console_logger:68, 88377262b50a, rank=0][0m [step=57/61,epoch=1,eta=1m]
2026-09-15T05:10:40.424Z     gpu_memory/GPU active mem (%)=75.57
2026-09-15T05:10:40.424Z     gpu_memory/GPU active mem (GiB)=59.89
2026-09-15T05:10:40.424Z     gpu_memory/GPU reserved mem (%)=80.90
2026-09-15T05:10:40.424Z     gpu_memory/GPU reserved mem (GiB)=64.12
2026-09-15T05:10:40.424Z     optim/LR (group 0)=3.39E-07
2026-09-15T05:10:40.424Z     optim/LR (group 1)=3.39E-07
2026-09-15T05:10:40.424Z     optim/step skipped=0.0
2026-09-15T05:10:40.424Z     optim/total grad norm=2.346
2026-09-15T05:10:40.424Z     throughput/chinchilla multiple=8.88E-05
2026-09-15T05:10:40.424Z     throughput/device/BPS=0.0956
2026-09-15T05:10:40.424Z     throughput/device/BPS (actual avg)=0.0648
2026-09-15T05:10:40.424Z     throughput/device/MFU=45.99
2026-09-15T05:10:40.424Z     throughput/device/MFU (actual avg)=31.16
2026-09-15T05:10:40.424Z     throughput/device/TPS=6,266
2026-09-15T05:10:40.424Z     throughput/device/TPS (actual avg)=4,245
2026-09-15T05:10:40.424Z     throughput/device/flopsPS=143.5T
2026-09-15T05:10:40.424Z     throughput/device/flopsPS (actual avg)=97.22T
2026-09-15T05:10:40.424Z     throughput/total petaflops=171.1
2026-09-15T05:10:40.424Z     throughput/total tokens=7,471,104
2026-09-15T05:10:40.424Z     train/CE loss=0.3970
2026-09-15T05:10:40.424Z     throughput/device/data loading (%)=0.0166
2026-09-15T05:10:40.424Z     throughput/device/data loading (s)=0.0017
2026-09-15T05:10:40.424Z     train/PPL=1.487
2026-09-15T05:10:51.526Z [2;36m[2026-09-15 05:10:51][0m [34mINFO    [0m [2m[olmo_core.train.callbacks.console_logger:68, 88377262b50a, rank=0][0m [step=58/61,epoch=1,eta=1m]
2026-09-15T05:10:51.526Z     gpu_memory/GPU active mem (%)=75.57
2026-09-15T05:10:51.526Z     gpu_memory/GPU active mem (GiB)=59.89
2026-09-15T05:10:51.526Z     gpu_memory/GPU reserved mem (%)=80.90
2026-09-15T05:10:51.526Z     gpu_memory/GPU reserved mem (GiB)=64.12
2026-09-15T05:10:51.526Z     optim/LR (group 0)=2.54E-07
2026-09-15T05:10:51.526Z     optim/LR (group 1)=2.54E-07
2026-09-15T05:10:51.526Z     optim/step skipped=0.0
2026-09-15T05:10:51.526Z     optim/total grad norm=3.948
2026-09-15T05:10:51.526Z     throughput/chinchilla multiple=9.04E-05
2026-09-15T05:10:51.526Z     throughput/device/BPS=0.0901
2026-09-15T05:10:51.526Z     throughput/device/BPS (actual avg)=0.0651
2026-09-15T05:10:51.526Z     throughput/device/MFU=43.32
2026-09-15T05:10:51.526Z     throughput/device/MFU (actual avg)=31.32
2026-09-15T05:10:51.526Z     throughput/device/TPS=5,901
2026-09-15T05:10:51.526Z     throughput/device/TPS (actual avg)=4,266
2026-09-15T05:10:51.526Z     throughput/device/flopsPS=135.2T
2026-09-15T05:10:51.526Z     throughput/device/flopsPS (actual avg)=97.70T
2026-09-15T05:10:51.526Z     throughput/total petaflops=174.1
2026-09-15T05:10:51.526Z     throughput/total tokens=7,602,176
2026-09-15T05:10:51.526Z     train/CE loss=0.3970
2026-09-15T05:10:51.526Z     throughput/device/data loading (%)=0.0237
2026-09-15T05:10:51.526Z     throughput/device/data loading (s)=0.0026
2026-09-15T05:10:51.526Z     train/PPL=1.487
2026-09-15T05:11:01.825Z [2;36m[2026-09-15 05:11:01][0m [34mINFO    [0m [2m[olmo_core.train.callbacks.console_logger:68, 88377262b50a, rank=0][0m [step=59/61,epoch=1,eta=1m]
2026-09-15T05:11:01.825Z     gpu_memory/GPU active mem (%)=75.57
2026-09-15T05:11:01.825Z     gpu_memory/GPU active mem (GiB)=59.89
2026-09-15T05:11:01.825Z     gpu_memory/GPU reserved mem (%)=80.90
2026-09-15T05:11:01.825Z     gpu_memory/GPU reserved mem (GiB)=64.12
2026-09-15T05:11:01.825Z     optim/LR (group 0)=1.69E-07
2026-09-15T05:11:01.825Z     optim/LR (group 1)=1.69E-07
2026-09-15T05:11:01.825Z     optim/step skipped=0.0
2026-09-15T05:11:01.825Z     optim/total grad norm=2.280
2026-09-15T05:11:01.825Z     throughput/chinchilla multiple=9.19E-05
2026-09-15T05:11:01.825Z     throughput/device/BPS=0.0971
2026-09-15T05:11:01.825Z     throughput/device/BPS (actual avg)=0.0655
2026-09-15T05:11:01.825Z     throughput/device/MFU=46.70
2026-09-15T05:11:01.825Z     throughput/device/MFU (actual avg)=31.49
2026-09-15T05:11:01.825Z     throughput/device/TPS=6,363
2026-09-15T05:11:01.825Z     throughput/device/TPS (actual avg)=4,291
2026-09-15T05:11:01.825Z     throughput/device/flopsPS=145.7T
2026-09-15T05:11:01.825Z     throughput/device/flopsPS (actual avg)=98.26T
2026-09-15T05:11:01.825Z     throughput/total petaflops=177.1
2026-09-15T05:11:01.825Z     throughput/total tokens=7,733,248
2026-09-15T05:11:01.825Z     train/CE loss=0.3909
2026-09-15T05:11:01.825Z     throughput/device/data loading (%)=0.0149
2026-09-15T05:11:01.825Z     throughput/device/data loading (s)=0.0015
2026-09-15T05:11:01.825Z     train/PPL=1.478
2026-09-15T05:11:12.535Z [2;36m[2026-09-15 05:11:12][0m [34mINFO    [0m [2m[olmo_core.train.callbacks.console_logger:68, 88377262b50a, rank=0][0m [step=60/61,epoch=1]
2026-09-15T05:11:12.535Z     gpu_memory/GPU active mem (%)=75.57
2026-09-15T05:11:12.535Z     gpu_memory/GPU active mem (GiB)=59.89
2026-09-15T05:11:12.535Z     gpu_memory/GPU reserved mem (%)=80.90
2026-09-15T05:11:12.535Z     gpu_memory/GPU reserved mem (GiB)=64.12
2026-09-15T05:11:12.535Z     optim/LR (group 0)=8.47E-08
2026-09-15T05:11:12.535Z     optim/LR (group 1)=8.47E-08
2026-09-15T05:11:12.535Z     optim/step skipped=0.0
2026-09-15T05:11:12.535Z     optim/total grad norm=1.957
2026-09-15T05:11:12.535Z     throughput/chinchilla multiple=9.35E-05
2026-09-15T05:11:12.535Z     throughput/device/BPS=0.0934
2026-09-15T05:11:12.535Z     throughput/device/BPS (actual avg)=0.0658
2026-09-15T05:11:12.535Z     throughput/device/MFU=44.92
2026-09-15T05:11:12.535Z     throughput/device/MFU (actual avg)=31.65
2026-09-15T05:11:12.535Z     throughput/device/TPS=6,120
2026-09-15T05:11:12.535Z     throughput/device/TPS (actual avg)=4,312
2026-09-15T05:11:12.535Z     throughput/device/flopsPS=140.2T
2026-09-15T05:11:12.535Z     throughput/device/flopsPS (actual avg)=98.76T
2026-09-15T05:11:12.535Z     throughput/total petaflops=180.1
2026-09-15T05:11:12.535Z     throughput/total tokens=7,864,320
2026-09-15T05:11:12.535Z     train/CE loss=0.3953
2026-09-15T05:11:12.535Z     throughput/device/data loading (%)=0.0163
2026-09-15T05:11:12.535Z     throughput/device/data loading (s)=0.0017
2026-09-15T05:11:12.535Z     train/PPL=1.485
2026-09-15T05:11:23.583Z [2;36m[2026-09-15 05:11:23][0m [34mINFO    [0m [2m[olmo_core.train.callbacks.console_logger:68, 88377262b50a, rank=0][0m [step=61/61,epoch=1]
2026-09-15T05:11:23.583Z     gpu_memory/GPU active mem (%)=75.57
2026-09-15T05:11:23.583Z     gpu_memory/GPU active mem (GiB)=59.89
2026-09-15T05:11:23.583Z     gpu_memory/GPU reserved mem (%)=80.90
2026-09-15T05:11:23.583Z     gpu_memory/GPU reserved mem (GiB)=64.12
2026-09-15T05:11:23.583Z     optim/LR (group 0)=0.0
2026-09-15T05:11:23.583Z     optim/LR (group 1)=0.0
2026-09-15T05:11:23.583Z     optim/step skipped=0.0
2026-09-15T05:11:23.583Z     optim/total grad norm=2.552
2026-09-15T05:11:23.583Z     throughput/chinchilla multiple=9.51E-05
2026-09-15T05:11:23.583Z     throughput/device/BPS=0.0905
2026-09-15T05:11:23.583Z     throughput/device/BPS (actual avg)=0.0661
2026-09-15T05:11:23.583Z     throughput/device/MFU=43.55
2026-09-15T05:11:23.583Z     throughput/device/MFU (actual avg)=31.80
2026-09-15T05:11:23.583Z     throughput/device/TPS=5,933
2026-09-15T05:11:23.583Z     throughput/device/TPS (actual avg)=4,332
2026-09-15T05:11:23.583Z     throughput/device/flopsPS=135.9T
2026-09-15T05:11:23.583Z     throughput/device/flopsPS (actual avg)=99.21T
2026-09-15T05:11:23.583Z     throughput/total petaflops=183.1
2026-09-15T05:11:23.583Z     throughput/total tokens=7,995,392
2026-09-15T05:11:23.583Z     train/CE loss=0.3862
2026-09-15T05:11:23.583Z     throughput/device/data loading (%)=0.0177
2026-09-15T05:11:23.583Z     throughput/device/data loading (s)=0.0020
2026-09-15T05:11:23.583Z     train/PPL=1.471
2026-09-15T05:11:24.627Z [W915 05:11:24.706851632 AllocatorConfig.cpp:28] Warning: PYTORCH_CUDA_ALLOC_CONF is deprecated, use PYTORCH_ALLOC_CONF instead (function operator())
2026-09-15T05:11:24.635Z [W915 05:11:24.714800300 AllocatorConfig.cpp:28] Warning: PYTORCH_CUDA_ALLOC_CONF is deprecated, use PYTORCH_ALLOC_CONF instead (function operator())
2026-09-15T05:11:24.646Z [W915 05:11:24.724927870 AllocatorConfig.cpp:28] Warning: PYTORCH_CUDA_ALLOC_CONF is deprecated, use PYTORCH_ALLOC_CONF instead (function operator())
2026-09-15T05:11:25.434Z [W915 05:11:25.513742600 AllocatorConfig.cpp:28] Warning: PYTORCH_CUDA_ALLOC_CONF is deprecated, use PYTORCH_ALLOC_CONF instead (function operator())
2026-09-15T05:11:25.697Z [2;36m[2026-09-15 05:11:25][0m [34mINFO    [0m [2m[olmo_core.train.trainer:1520, 88377262b50a, rank=0][0m Epoch complete
2026-09-15T05:11:25.700Z [2;36m[2026-09-15 05:11:25][0m [34mINFO    [0m [2m[olmo_core.train.callbacks.flop_meter:200, 88377262b50a, rank=0][0m [flop-meter] wrote /weka/oe-training-default/ai2-llm/checkpoints/prasanns/ctc_suite/ckpts/f2k-outlier-xhdr17-warm-4M/flops.json: {'actual_pflops': 27.340581316497406, 'dense_equivalent_pflops': 98.44318758760858, 'actual_over_dense': 0.2777295411342295, 'tokens_processed': 4298948, 'tokens_are_real': True, 'ffn_cost_frac': None, 'block_skip_keep_frac': None, 'kv_route_keep_frac': None, 'steps': 61, 'seq_len': 4096}
2026-09-15T05:11:25.701Z [2;36m[2026-09-15 05:11:25][0m [34mINFO    [0m [2m[olmo_core.train.trainer:1361, 88377262b50a, rank=0][0m Waiting for bookkeeping ops to finish: 'reduce_metrics' (1 ops)...
2026-09-15T05:11:25.703Z [2;36m[2026-09-15 05:11:25][0m [34mINFO    [0m [2m[olmo_core.train.trainer:1366, 88377262b50a, rank=0][0m All bookkeeping ops complete
2026-09-15T05:11:25.704Z [2;36m[2026-09-15 05:11:25][0m [34mINFO    [0m [2m[olmo_core.train.callbacks.wandb:116, 88377262b50a, rank=0][0m Finalizing successful W&B run...
2026-09-15T05:11:25.705Z wandb: WARNING The `quiet` argument to `wandb.run.finish()` is deprecated, use `wandb.Settings(quiet=...)` to set this instead.
2026-09-15T05:11:25.807Z wandb: updating run metadata
2026-09-15T05:11:26.209Z wandb: uploading history steps 61-61, summary, console lines 2388-2393
2026-09-15T05:11:26.314Z wandb: 
2026-09-15T05:11:26.314Z wandb: Run history:
2026-09-15T05:11:26.314Z wandb:      flop_meter/actual_over_dense ▆█▇▆▆▅▄▃▄▄▄▄▄▄▄▄▄▃▃▃▃▂▂▂▁▁▁▁▁▁▂▂▁▁▁▁▁▁▁▁
2026-09-15T05:11:26.314Z wandb:          flop_meter/actual_pflops ▁▁▁▂▂▂▂▂▂▂▃▃▃▃▃▄▄▄▄▄▅▅▅▅▅▅▆▆▆▆▆▆▇▇▇▇▇███
2026-09-15T05:11:26.314Z wandb:       flop_meter/compaction_ratio ▃▂▃▂▃▃▃▄▅▃▂▃▃▃▂▃▃▃█▄▅▄▅▅▅▃▂▄▃▄▁▂▄▆▅▆▃▂▆▃
2026-09-15T05:11:26.314Z wandb:           flop_meter/dense_pflops ▁▁▁▁▁▂▂▂▂▂▂▃▃▃▃▃▄▄▄▄▄▄▄▅▅▅▅▆▆▆▆▆▇▇▇▇████
2026-09-15T05:11:26.314Z wandb:     gpu_memory/GPU active mem (%) ▁▁▁▁▂▂▂▂▂▃▃▃▃▃▃▃▃▄▄▄▄▅▅▅▅▅▆▆▆▆▆▆▇▇▇▇▇███
2026-09-15T05:11:26.314Z wandb:   gpu_memory/GPU active mem (GiB) ▁▁▁▁▁▂▂▂▃▃▃▃▃▃▃▃▄▄▄▅▅▅▅▅▅▆▆▆▆▇▇▇▇▇▇▇▇███
2026-09-15T05:11:26.314Z wandb:   gpu_memory/GPU reserved mem (%) ▁▁▁▁▁▁▁▁▁▁▁▁▁▁▁▁▁▁▁▁▁▁▁▁▁▁▁▁▁▁▁▁▁▁▁▁▁▁▁▁
2026-09-15T05:11:26.314Z wandb: gpu_memory/GPU reserved mem (GiB) ▁▁▁▁▁▁▁▁▁▁▁▁▁▁▁▁▁▁▁▁▁▁▁▁▁▁▁▁▁▁▁▁▁▁▁▁▁▁▁▁
2026-09-15T05:11:26.314Z wandb:                optim/LR (group 0) ▅███▇▇▇▇▇▆▆▆▆▆▆▆▅▅▅▄▄▄▄▄▄▃▃▃▃▃▃▂▂▂▂▂▂▁▁▁
2026-09-15T05:11:26.314Z wandb:                optim/LR (group 1) ▅███▇▇▇▇▇▇▆▆▆▆▆▆▅▅▅▅▄▄▄▄▄▄▃▃▃▃▃▃▂▂▂▂▂▁▁▁
2026-09-15T05:11:26.314Z wandb:                               +18 ...
2026-09-15T05:11:26.314Z wandb: 
2026-09-15T05:11:26.314Z wandb: Run summary:
2026-09-15T05:11:26.314Z wandb:      flop_meter/actual_over_dense 0.27773
2026-09-15T05:11:26.314Z wandb:          flop_meter/actual_pflops 27.34058
2026-09-15T05:11:26.314Z wandb:       flop_meter/compaction_ratio 6.00366
2026-09-15T05:11:26.314Z wandb:           flop_meter/dense_pflops 98.44318
2026-09-15T05:11:26.314Z wandb:     gpu_memory/GPU active mem (%) 75.5704
2026-09-15T05:11:26.314Z wandb:   gpu_memory/GPU active mem (GiB) 59.89084
2026-09-15T05:11:26.314Z wandb:   gpu_memory/GPU reserved mem (%) 80.90322
2026-09-15T05:11:26.314Z wandb: gpu_memory/GPU reserved mem (GiB) 64.11719
2026-09-15T05:11:26.314Z wandb:                optim/LR (group 0) 0
2026-09-15T05:11:26.314Z wandb:                optim/LR (group 1) 0
2026-09-15T05:11:26.314Z wandb:                               +18 ...
2026-09-15T05:11:26.314Z wandb: 
2026-09-15T05:11:26.314Z wandb: 🚀 View run f2k-outlier-xhdr17-warm-4M at: https://wandb.ai/prasanns-allen-institute-for-ai/memory-networks/runs/mrdmoivm
2026-09-15T05:11:26.314Z wandb: ⭐️ View project at: https://wandb.ai/prasanns-allen-institute-for-ai/memory-networks
2026-09-15T05:11:26.314Z wandb: Synced 5 W&B file(s), 0 media file(s), 0 artifact file(s) and 0 other file(s)
2026-09-15T05:11:26.315Z wandb: Find logs at: /weka/oe-training-default/ai2-llm/checkpoints/prasanns/ctc_suite/ckpts/f2k-outlier-xhdr17-warm-4M/wandb/wandb/run-20260915_044822-mrdmoivm/logs
2026-09-15T05:11:29.736Z [2;36m[2026-09-15 05:11:29][0m [34mINFO    [0m [2m[olmo_core.train.trainer:763, 88377262b50a, rank=0][0m Training complete
2026-09-15T05:11:30.620Z [2;36m[2026-09-15 05:11:30][0m [33mWARNING [0m [2m[py.warnings:112, 88377262b50a, rank=0][0m /opt/conda/lib/python3.12/site-packages/torch/distributed/_state_dict_utils.py:183: UserWarning: called a synchronizing CUDA operation (Triggered internally at /pytorch/c10/cuda/CUDAFunctions.cpp:162.)
2026-09-15T05:11:30.620Z   ret = ret.to(cpu_device)
2026-09-15T05:11:30.620Z 
2026-09-15T05:11:31.074Z [2;36m[2026-09-15 05:11:31][0m [33mWARNING [0m [2m[py.warnings:112, 88377262b50a, rank=1][0m /opt/conda/lib/python3.12/site-packages/torch/distributed/_state_dict_utils.py:183: UserWarning: called a synchronizing CUDA operation (Triggered internally at /pytorch/c10/cuda/CUDAFunctions.cpp:162.)
2026-09-15T05:11:31.074Z   ret = ret.to(cpu_device)
2026-09-15T05:11:31.074Z 
2026-09-15T05:11:42.777Z [ctc-suite] saved model-only checkpoint -> /weka/oe-training-default/ai2-llm/checkpoints/prasanns/ctc_suite/ckpts/f2k-outlier-xhdr17-warm-4M
2026-09-15T05:11:45.349Z [W915 05:11:45.428151201 AllocatorConfig.cpp:28] Warning: PYTORCH_CUDA_ALLOC_CONF is deprecated, use PYTORCH_ALLOC_CONF instead (function operator())
2026-09-15T05:11:45.451Z [W915 05:11:45.530463001 AllocatorConfig.cpp:28] Warning: PYTORCH_CUDA_ALLOC_CONF is deprecated, use PYTORCH_ALLOC_CONF instead (function operator())
2026-09-15T05:11:46.940Z [W915 05:11:46.019245166 AllocatorConfig.cpp:28] Warning: PYTORCH_CUDA_ALLOC_CONF is deprecated, use PYTORCH_ALLOC_CONF instead (function operator())
