Logs for job 01M2HGVX4VW5B8MH22Z9CDF5GD of task train:
2026-09-15T04:10:48.107Z [36m[1m
2026-09-15T04:10:48.107Z ##########################################
2026-09-15T04:10:48.107Z ### [GANTRY] Validating environment... ###  
2026-09-15T04:10:48.107Z ##########################################
2026-09-15T04:10:48.107Z [0m
2026-09-15T04:10:48.110Z [36m[1m❯ [GANTRY INFO][0m Shell is GNU bash, version 5.1.16(1)-release (x86_64-pc-linux-gnu).
2026-09-15T04:10:48.110Z [36m[1m❯ [GANTRY INFO][0m Running on Beaker node 'saturn-cs-aus-237.reviz.ai2.in' (01KT4KD5RX8BP44BYC3850VRXM)
2026-09-15T04:10:48.110Z [36m[1m❯ [GANTRY INFO][0m Results dataset [94m[4mhttps://beaker.org/ds/01M2HGVX1G4G4GH31TTTC5JCH4[0m mounted to '/results'.
2026-09-15T04:10:48.110Z [36m[1m❯ [GANTRY INFO][0m Checking for required tools...
2026-09-15T04:10:48.113Z [36m[1m❯ [GANTRY INFO][0m Using git version 2.34.1.
2026-09-15T04:10:48.123Z [36m[1m❯ [GANTRY INFO][0m Using curl 7.81.0 (x86_64-pc-linux-gnu) libcurl/7.81.0 OpenSSL/3.0.2 zlib/1.2.11 brotli/1.0.9 zstd/1.4.8 libidn2/2.3.2 libpsl/0.21.0 (+libidn2/2.3.2) libssh/0.9.6/openssl/zlib nghttp2/1.43.0 librtmp/2.3 OpenLDAP/2.5.19.
2026-09-15T04:10:48.123Z [36m[1m❯ [GANTRY INFO][0m Done.
2026-09-15T04:10:48.123Z [36m[1m❯ [GANTRY INFO][0m Installing AWS config...
2026-09-15T04:10:48.126Z [36m[1m❯ [GANTRY INFO][0m Done.
2026-09-15T04:10:48.126Z [36m[1m❯ [GANTRY INFO][0m Installing AWS credentials...
2026-09-15T04:10:48.128Z [36m[1m❯ [GANTRY INFO][0m Done.
2026-09-15T04:10:48.128Z [36m[1m❯ [GANTRY INFO][0m Installing Google Cloud credentials...
2026-09-15T04:10:48.130Z [36m[1m❯ [GANTRY INFO][0m Done.
2026-09-15T04:10:48.130Z [33m[1m❯ [GANTRY WARN][0m 'gcloud' CLI not found so credentials can't be activated globally. As a result some tools like 'gsutil' may not be able to authenticate.
2026-09-15T04:10:48.130Z [36m[1m❯ [GANTRY INFO][0m Creating PyTorch kernel cache directory...
2026-09-15T04:10:48.132Z [36m[1m❯ [GANTRY INFO][0m Done.
2026-09-15T04:10:48.132Z [36m[1m
2026-09-15T04:10:48.132Z #######################################
2026-09-15T04:10:48.132Z ### [GANTRY] Cloning source code... ###  
2026-09-15T04:10:48.132Z #######################################
2026-09-15T04:10:48.132Z [0m
2026-09-15T04:10:48.143Z [36m[1m❯ [GANTRY INFO][0m Cloning source from 'allenai/OLMo-core' @ '5ee1264fe3e0272bb492fdad2512e67c3a2b5616'...
2026-09-15T04:10:52.559Z [36m[1m❯ [GANTRY INFO][0m Done.
2026-09-15T04:10:52.559Z [36m[1m❯ [GANTRY INFO][0m Initializing git submodules...
2026-09-15T04:10:52.595Z [36m[1m❯ [GANTRY INFO][0m Done.
2026-09-15T04:10:52.595Z [36m[1m
2026-09-15T04:10:52.595Z #######################################
2026-09-15T04:10:52.595Z ### [GANTRY] Building Python env... ###  
2026-09-15T04:10:52.595Z #######################################
2026-09-15T04:10:52.595Z [0m
2026-09-15T04:10:52.595Z [36m[1m❯ [GANTRY INFO][0m Installing uv...
2026-09-15T04:10:53.677Z [36m[1m❯ [GANTRY INFO][0m Done. Installed uv 0.12.14 (x86_64-unknown-linux-gnu).
2026-09-15T04:10:53.682Z [36m[1m❯ [GANTRY INFO][0m Using existing Python 3.12.12 installation at '/opt/conda/bin/python'.
2026-09-15T04:10:53.684Z [36m[1m❯ [GANTRY INFO][0m Acquiring lock for uv install at '/results/lockfile'...
2026-09-15T04:10:53.686Z [36m[1m❯ [GANTRY INFO][0m Done.
2026-09-15T04:10:53.686Z [36m[1m❯ [GANTRY INFO][0m Installing local project...
2026-09-15T04:10:57.986Z [36m[1m❯ [GANTRY INFO][0m Done.
2026-09-15T04:10:58.010Z [36m[1m
2026-09-15T04:10:58.010Z ########################################
2026-09-15T04:10:58.010Z ### [GANTRY] Python environment info ###  
2026-09-15T04:10:58.010Z ########################################
2026-09-15T04:10:58.010Z [0m
2026-09-15T04:10:58.016Z [36m[1m❯ [GANTRY INFO][0m Using Python 3.12.12 from '/opt/conda/bin/python'.
2026-09-15T04:10:58.016Z [36m[1m❯ [GANTRY INFO][0m Packages:
2026-09-15T04:10:58.017Z [1mai2-olmo-core[0m @ file:///gantry-runtime
2026-09-15T04:10:58.017Z [1mai2-olmo-eval[0m==0.9.0
2026-09-15T04:10:58.017Z [1maiohappyeyeballs[0m==2.6.1
2026-09-15T04:10:58.017Z [1maiohttp[0m==3.13.2
2026-09-15T04:10:58.017Z [1maiosignal[0m==1.4.0
2026-09-15T04:10:58.017Z [1malabaster[0m==0.7.16
2026-09-15T04:10:58.017Z [1mannotated-types[0m==0.7.0
2026-09-15T04:10:58.017Z [1mantlr4-python3-runtime[0m==4.9.3
2026-09-15T04:10:58.017Z [1manyio[0m==4.11.0
2026-09-15T04:10:58.017Z [1mapache-tvm-ffi[0m==0.1.13.post3
2026-09-15T04:10:58.017Z [1marchspec[0m @ file:///home/conda/feedstock_root/build_artifacts/archspec_1737352602016/work
2026-09-15T04:10:58.017Z [1masttokens[0m @ file:///home/conda/feedstock_root/build_artifacts/asttokens_1763409923949/work
2026-09-15T04:10:58.017Z [1mattrs[0m @ file:///home/conda/feedstock_root/build_artifacts/attrs_1759762205280/work
2026-09-15T04:10:58.017Z [1mbabel[0m==2.17.0
2026-09-15T04:10:58.017Z [1mbeaker-gantry[0m==3.7.0
2026-09-15T04:10:58.017Z [1mbeaker-py[0m==2.8.0
2026-09-15T04:10:58.017Z [1mbeautifulsoup4[0m @ file:///home/conda/feedstock_root/build_artifacts/beautifulsoup4_1759146011391/work
2026-09-15T04:10:58.017Z [1mbettermap[0m==1.3.1
2026-09-15T04:10:58.017Z [1mblack[0m==23.12.1
2026-09-15T04:10:58.017Z [1mboltons[0m @ file:///home/conda/feedstock_root/build_artifacts/boltons_1749686179973/work
2026-09-15T04:10:58.017Z [1mboto3[0m==1.41.3
2026-09-15T04:10:58.018Z [1mbotocore[0m==1.41.3
2026-09-15T04:10:58.018Z [1mbrotli[0m @ file:///home/conda/feedstock_root/build_artifacts/brotli-split_1756599151967/work
2026-09-15T04:10:58.018Z [1mbuild[0m==1.3.0
2026-09-15T04:10:58.018Z [1mcached-path[0m==1.8.0
2026-09-15T04:10:58.018Z [1mcachetools[0m==6.2.2
2026-09-15T04:10:58.018Z [1mcertifi[0m @ file:///home/conda/feedstock_root/build_artifacts/certifi_1762976168352/work/certifi
2026-09-15T04:10:58.018Z [1mcffi[0m @ file:///home/conda/feedstock_root/build_artifacts/cffi_1761202850602/work
2026-09-15T04:10:58.018Z [1mchardet[0m @ file:///home/conda/feedstock_root/build_artifacts/chardet_1741797914774/work
2026-09-15T04:10:58.018Z [1mcharset-normalizer[0m @ file:///home/conda/feedstock_root/build_artifacts/charset-normalizer_1760437218288/work
2026-09-15T04:10:58.018Z [1mclick[0m @ file:///home/conda/feedstock_root/build_artifacts/click_1763248546991/work
2026-09-15T04:10:58.018Z [1mclick-help-colors[0m==0.9.4
2026-09-15T04:10:58.018Z [1mclick-option-group[0m==0.5.9
2026-09-15T04:10:58.018Z [1mcolorama[0m @ file:///home/conda/feedstock_root/build_artifacts/colorama_1733218098505/work
2026-09-15T04:10:58.018Z [1mcomet-ml[0m==3.54.2
2026-09-15T04:10:58.018Z [1mconda[0m @ file:///home/conda/feedstock_root/build_artifacts/conda_1760108593422/work/conda-src
2026-09-15T04:10:58.018Z [1mconda-build[0m @ file:///home/conda/feedstock_root/build_artifacts/conda-build_1763816195874/work
2026-09-15T04:10:58.018Z [1mconda-index[0m @ file:///home/conda/feedstock_root/build_artifacts/conda-index_1760661811794/work
2026-09-15T04:10:58.018Z [1mconda-libmamba-solver[0m @ file:///home/conda/feedstock_root/build_artifacts/conda-libmamba-solver_1745834476052/work/src
2026-09-15T04:10:58.018Z [1mconda-package-handling[0m @ file:///home/conda/feedstock_root/build_artifacts/conda-package-handling_1736345463896/work
2026-09-15T04:10:58.018Z [1mconda-package-streaming[0m @ file:///home/conda/feedstock_root/build_artifacts/conda-package-streaming_1751548120229/work
2026-09-15T04:10:58.018Z [1mconfigobj[0m==5.0.9
2026-09-15T04:10:58.018Z [1mcontourpy[0m==1.4.0
2026-09-15T04:10:58.018Z [1mcryptography[0m==46.0.3
2026-09-15T04:10:58.018Z [1mcuda-bindings[0m==13.4.1
2026-09-15T04:10:58.018Z [1mcuda-core[0m==1.2.0
2026-09-15T04:10:58.018Z [1mcuda-pathfinder[0m==1.8.1
2026-09-15T04:10:58.018Z [1mcuda-python[0m==13.4.1
2026-09-15T04:10:58.018Z [1mcycler[0m==0.12.1
2026-09-15T04:10:58.018Z [1mdataclass-extensions[0m==0.5.0
2026-09-15T04:10:58.018Z [1mdatasets[0m==3.6.0
2026-09-15T04:10:58.018Z [1mdecorator[0m @ file:///home/conda/feedstock_root/build_artifacts/decorator_1740384970518/work
2026-09-15T04:10:58.018Z [1mdill[0m==0.3.8
2026-09-15T04:10:58.018Z [1mdion[0m @ git+https://github.com/microsoft/dion.git@7452a5823cf9655b93c3f1d8020b4ebb2535239b
2026-09-15T04:10:58.018Z [1mdistro[0m @ file:///home/conda/feedstock_root/build_artifacts/distro_1734729835256/work
2026-09-15T04:10:58.018Z [1mdocker[0m==7.1.0
2026-09-15T04:10:58.018Z [1mdocutils[0m==0.20.1
2026-09-15T04:10:58.018Z [1mdulwich[0m==0.24.10
2026-09-15T04:10:58.018Z [1meinops[0m==0.8.1
2026-09-15T04:10:58.018Z [1mevalidate[0m @ file:///home/conda/feedstock_root/build_artifacts/bld/rattler-build_evalidate_1746793833/work
2026-09-15T04:10:58.018Z [1meverett[0m==3.1.0
2026-09-15T04:10:58.018Z [1mexecnet[0m==2.1.2
2026-09-15T04:10:58.018Z [1mexecuting[0m @ file:///home/conda/feedstock_root/build_artifacts/executing_1756729339227/work
2026-09-15T04:10:58.018Z [1mfilelock[0m @ file:///home/conda/feedstock_root/build_artifacts/filelock_1759948064277/work
2026-09-15T04:10:58.018Z [1mfla-core[0m==0.4.1
2026-09-15T04:10:58.018Z [1mflash-attn[0m==2.8.2
2026-09-15T04:10:58.018Z [1mflash-attn-4[0m==4.0.0b30
2026-09-15T04:10:58.018Z [1mflash-linear-attention[0m==0.4.1
2026-09-15T04:10:58.018Z [1mfonttools[0m==4.65.0
2026-09-15T04:10:58.018Z [1mfrozendict[0m @ file:///home/conda/feedstock_root/build_artifacts/frozendict_1756047928019/work
2026-09-15T04:10:58.018Z [1mfrozenlist[0m==1.8.0
2026-09-15T04:10:58.018Z [1mfsspec[0m==2025.3.0
2026-09-15T04:10:58.018Z [1mfuro[0m==2024.8.6
2026-09-15T04:10:58.018Z [1mgitdb[0m==4.0.12
2026-09-15T04:10:58.018Z [1mgitpython[0m==3.1.45
2026-09-15T04:10:58.018Z [1mgoogle-api-core[0m==2.28.1
2026-09-15T04:10:58.018Z [1mgoogle-auth[0m==2.43.0
2026-09-15T04:10:58.018Z [1mgoogle-cloud-compute[0m==1.40.0
2026-09-15T04:10:58.018Z [1mgoogle-cloud-core[0m==2.5.0
2026-09-15T04:10:58.018Z [1mgoogle-cloud-storage[0m==2.19.0
2026-09-15T04:10:58.018Z [1mgoogle-crc32c[0m==1.7.1
2026-09-15T04:10:58.018Z [1mgoogle-resumable-media[0m==2.8.0
2026-09-15T04:10:58.018Z [1mgoogleapis-common-protos[0m==1.72.0
2026-09-15T04:10:58.018Z [1mgrouped-gemm[0m @ git+https://git@github.com/tgale96/grouped_gemm.git@f1429a3c44c98f7912aa4b00125144cdf4e7fdb2
2026-09-15T04:10:58.018Z [1mgrpcio[0m==1.76.0
2026-09-15T04:10:58.018Z [1mgrpcio-status[0m==1.76.0
2026-09-15T04:10:58.018Z [1mh11[0m==0.16.0
2026-09-15T04:10:58.018Z [1mh2[0m @ file:///home/conda/feedstock_root/build_artifacts/bld/rattler-build_h2_1756364871/work
2026-09-15T04:10:58.018Z [1mhf-xet[0m==1.2.0
2026-09-15T04:10:58.018Z [1mhpack[0m @ file:///home/conda/feedstock_root/build_artifacts/hpack_1737618293087/work
2026-09-15T04:10:58.018Z [1mhttpcore[0m==1.0.9
2026-09-15T04:10:58.018Z [1mhttpx[0m==0.28.1
2026-09-15T04:10:58.018Z [1mhuggingface-hub[0m==0.36.0
2026-09-15T04:10:58.018Z [1mhyperframe[0m @ file:///home/conda/feedstock_root/build_artifacts/hyperframe_1737618333194/work
2026-09-15T04:10:58.018Z [1mid[0m==1.5.0
2026-09-15T04:10:58.018Z [1midna[0m @ file:///home/conda/feedstock_root/build_artifacts/idna_1760286409563/work
2026-09-15T04:10:58.018Z [1mimagesize[0m==1.4.1
2026-09-15T04:10:58.018Z [1mimportlib-metadata[0m==8.7.0
2026-09-15T04:10:58.018Z [1mimportlib-resources[0m==6.5.2
2026-09-15T04:10:58.018Z [1miniconfig[0m==2.3.0
2026-09-15T04:10:58.018Z [1mipython[0m @ file:///home/conda/feedstock_root/build_artifacts/bld/rattler-build_ipython_1762350942/work
2026-09-15T04:10:58.018Z [1mipython-pygments-lexers[0m @ file:///home/conda/feedstock_root/build_artifacts/ipython_pygments_lexers_1737123620466/work
2026-09-15T04:10:58.018Z [1misort[0m==5.13.2
2026-09-15T04:10:58.018Z [1mjaraco-classes[0m==3.4.0
2026-09-15T04:10:58.018Z [1mjaraco-context[0m==6.0.1
2026-09-15T04:10:58.018Z [1mjaraco-functools[0m==4.3.0
2026-09-15T04:10:58.018Z [1mjedi[0m @ file:///home/conda/feedstock_root/build_artifacts/jedi_1733300866624/work
2026-09-15T04:10:58.018Z [1mjeepney[0m==0.9.0
2026-09-15T04:10:58.018Z [1mjinja2[0m @ file:///home/conda/feedstock_root/build_artifacts/jinja2_1741263328855/work
2026-09-15T04:10:58.018Z [1mjmespath[0m==1.0.1
2026-09-15T04:10:58.018Z [1mjsonpatch[0m @ file:///home/conda/feedstock_root/build_artifacts/jsonpatch_1733814567314/work
2026-09-15T04:10:58.018Z [1mjsonpointer[0m @ file:///home/conda/feedstock_root/build_artifacts/jsonpointer_1756754132407/work
2026-09-15T04:10:58.018Z [1mjsonschema[0m @ file:///home/conda/feedstock_root/build_artifacts/bld/rattler-build_jsonschema_1755595646/work
2026-09-15T04:10:58.018Z [1mjsonschema-specifications[0m @ file:///tmp/tmptzik3dqa/src
2026-09-15T04:10:58.018Z [1mkeyring[0m==25.7.0
2026-09-15T04:10:58.018Z [1mkiwisolver[0m==1.5.1
2026-09-15T04:10:58.018Z [1mlibarchive-c[0m @ file:///home/conda/feedstock_root/build_artifacts/bld/rattler-build_python-libarchive-c_1754663558/work
2026-09-15T04:10:58.018Z [1mlibmambapy[0m @ file:///home/conda/feedstock_root/build_artifacts/bld/rattler-build_libmambapy_1760729597/work/libmambapy
2026-09-15T04:10:58.018Z [1mlief[0m @ file:///home/conda/feedstock_root/build_artifacts/lief_1760811648956/work/api/python
2026-09-15T04:10:58.018Z [1mliger-kernel[0m==0.6.4
2026-09-15T04:10:58.018Z [1mlightning-utilities[0m==0.15.2
2026-09-15T04:10:58.018Z [1mlinkify-it-py[0m==2.0.3
2026-09-15T04:10:58.018Z [1mmarkdown-it-py[0m==3.0.0
2026-09-15T04:10:58.018Z [1mmarkupsafe[0m @ file:///home/conda/feedstock_root/build_artifacts/markupsafe_1759055168201/work
2026-09-15T04:10:58.018Z [1mmatplotlib[0m==3.11.2
2026-09-15T04:10:58.018Z [1mmatplotlib-inline[0m @ file:///home/conda/feedstock_root/build_artifacts/matplotlib-inline_1761214490209/work
2026-09-15T04:10:58.018Z [1mmdit-py-plugins[0m==0.5.0
2026-09-15T04:10:58.018Z [1mmdurl[0m==0.1.2
2026-09-15T04:10:58.018Z [1mmemray[0m==1.19.1
2026-09-15T04:10:58.018Z [1mmenuinst[0m @ file:///home/conda/feedstock_root/build_artifacts/menuinst_1761299738838/work
2026-09-15T04:10:58.018Z [1mml-dtypes[0m==0.5.4
2026-09-15T04:10:58.018Z [1mmore-itertools[0m==10.8.0
2026-09-15T04:10:58.018Z [1mmpmath[0m==1.3.0
2026-09-15T04:10:58.018Z [1mmsgpack[0m @ file:///home/conda/feedstock_root/build_artifacts/msgpack-python_1762503974934/work
2026-09-15T04:10:58.018Z [1mmultidict[0m==6.7.0
2026-09-15T04:10:58.018Z [1mmultiprocess[0m==0.70.16
2026-09-15T04:10:58.018Z [1mmypy[0m==1.3.0
2026-09-15T04:10:58.018Z [1mmypy-extensions[0m==1.1.0
2026-09-15T04:10:58.018Z [1mmyst-parser[0m==2.0.0
2026-09-15T04:10:58.018Z [1mnetworkx[0m==3.5
2026-09-15T04:10:58.018Z [1mnh3[0m==0.3.2
2026-09-15T04:10:58.018Z [1mninja[0m==1.13.0
2026-09-15T04:10:58.018Z [1mnumpy[0m @ file:///home/conda/feedstock_root/build_artifacts/bld/rattler-build_numpy_1763351074/work/dist/numpy-2.3.5-cp312-cp312-linux_x86_64.whl#sha256=585a706a3c889590365479b2cdbe308c23addd9fae26c7937f4b74887269b6e3
2026-09-15T04:10:58.018Z [1mnvidia-cublas-cu12[0m==12.8.4.1
2026-09-15T04:10:58.018Z [1mnvidia-cuda-cupti-cu12[0m==12.8.90
2026-09-15T04:10:58.018Z [1mnvidia-cuda-nvdisasm[0m==13.4.49
2026-09-15T04:10:58.018Z [1mnvidia-cuda-nvrtc-cu12[0m==12.8.93
2026-09-15T04:10:58.018Z [1mnvidia-cuda-runtime-cu12[0m==12.8.90
2026-09-15T04:10:58.018Z [1mnvidia-cudnn-cu12[0m==9.10.2.21
2026-09-15T04:10:58.018Z [1mnvidia-cufft-cu12[0m==11.3.3.83
2026-09-15T04:10:58.018Z [1mnvidia-cufile-cu12[0m==1.13.1.3
2026-09-15T04:10:58.018Z [1mnvidia-curand-cu12[0m==10.3.9.90
2026-09-15T04:10:58.018Z [1mnvidia-cusolver-cu12[0m==11.7.3.90
2026-09-15T04:10:58.018Z [1mnvidia-cusparse-cu12[0m==12.5.8.93
2026-09-15T04:10:58.018Z [1mnvidia-cusparselt-cu12[0m==0.7.1
2026-09-15T04:10:58.018Z [1mnvidia-cutlass-dsl[0m==4.7.1
2026-09-15T04:10:58.018Z [1mnvidia-cutlass-dsl-libs-base[0m==4.7.1
2026-09-15T04:10:58.018Z [1mnvidia-cutlass-dsl-libs-core[0m==4.7.1
2026-09-15T04:10:58.018Z [1mnvidia-cutlass-dsl-libs-cu12[0m==4.7.1
2026-09-15T04:10:58.018Z [1mnvidia-nccl-cu12[0m==2.27.5
2026-09-15T04:10:58.018Z [1mnvidia-nvjitlink-cu12[0m==12.8.93
2026-09-15T04:10:58.018Z [1mnvidia-nvshmem-cu12[0m==3.3.20
2026-09-15T04:10:58.018Z [1mnvidia-nvtx-cu12[0m==12.8.90
2026-09-15T04:10:58.018Z [1momegaconf[0m==2.3.0
2026-09-15T04:10:58.018Z [1monnx[0m==1.19.1
2026-09-15T04:10:58.018Z [1monnx-ir[0m==0.1.12
2026-09-15T04:10:58.018Z [1monnxscript[0m==0.5.6
2026-09-15T04:10:58.018Z [1mpackaging[0m @ file:///home/conda/feedstock_root/build_artifacts/bld/rattler-build_packaging_1745345660/work
2026-09-15T04:10:58.018Z [1mpandas[0m==2.3.3
2026-09-15T04:10:58.018Z [1mparso[0m @ file:///home/conda/feedstock_root/build_artifacts/bld/rattler-build_parso_1755974222/work
2026-09-15T04:10:58.018Z [1mpathspec[0m==0.12.1
2026-09-15T04:10:58.018Z [1mpetname[0m==2.9
2026-09-15T04:10:58.018Z [1mpexpect[0m @ file:///home/conda/feedstock_root/build_artifacts/pexpect_1733301927746/work
2026-09-15T04:10:58.018Z [1mpillow[0m==11.3.0
2026-09-15T04:10:58.018Z [1mpip[0m==25.3
2026-09-15T04:10:58.018Z [1mpkginfo[0m @ file:///home/conda/feedstock_root/build_artifacts/pkginfo_1739984581450/work
2026-09-15T04:10:58.018Z [1mplatformdirs[0m @ file:///home/conda/feedstock_root/build_artifacts/bld/rattler-build_platformdirs_1759953252/work
2026-09-15T04:10:58.018Z [1mpluggy[0m @ file:///home/conda/feedstock_root/build_artifacts/pluggy_1747339660894/work
2026-09-15T04:10:58.018Z [1mprompt-toolkit[0m @ file:///home/conda/feedstock_root/build_artifacts/prompt-toolkit_1756321756983/work
2026-09-15T04:10:58.018Z [1mpropcache[0m==0.4.1
2026-09-15T04:10:58.018Z [1mproto-plus[0m==1.26.1
2026-09-15T04:10:58.018Z [1mprotobuf[0m==6.33.1
2026-09-15T04:10:58.018Z [1mpsutil[0m @ file:///home/conda/feedstock_root/build_artifacts/bld/rattler-build_psutil_1762092914/work
2026-09-15T04:10:58.018Z [1mptyprocess[0m @ file:///home/conda/feedstock_root/build_artifacts/ptyprocess_1733302279685/work/dist/ptyprocess-0.7.0-py2.py3-none-any.whl#sha256=92c32ff62b5fd8cf325bec5ab90d7be3d2a8ca8c8a3813ff487a8d2002630d1f
2026-09-15T04:10:58.018Z [1mpure-eval[0m @ file:///home/conda/feedstock_root/build_artifacts/pure_eval_1733569405015/work
2026-09-15T04:10:58.018Z [1mpyarrow[0m==19.0.1
2026-09-15T04:10:58.018Z [1mpyasn1[0m==0.6.1
2026-09-15T04:10:58.018Z [1mpyasn1-modules[0m==0.4.2
2026-09-15T04:10:58.018Z [1mpycosat[0m @ file:///home/conda/feedstock_root/build_artifacts/pycosat_1757744639790/work
2026-09-15T04:10:58.018Z [1mpycparser[0m @ file:///home/conda/feedstock_root/build_artifacts/bld/rattler-build_pycparser_1733195786/work
2026-09-15T04:10:58.018Z [1mpydantic[0m==2.12.4
2026-09-15T04:10:58.018Z [1mpydantic-core[0m==2.41.5
2026-09-15T04:10:58.018Z [1mpygments[0m @ file:///home/conda/feedstock_root/build_artifacts/pygments_1750615794071/work
2026-09-15T04:10:58.018Z [1mpyparsing[0m==3.3.2
2026-09-15T04:10:58.018Z [1mpyproject-hooks[0m==1.2.0
2026-09-15T04:10:58.018Z [1mpysocks[0m @ file:///home/conda/feedstock_root/build_artifacts/pysocks_1733217236728/work
2026-09-15T04:10:58.018Z [1mpytest[0m==9.0.1
2026-09-15T04:10:58.018Z [1mpytest-memray[0m==1.8.0
2026-09-15T04:10:58.018Z [1mpytest-sphinx[0m==0.6.3
2026-09-15T04:10:58.018Z [1mpytest-xdist[0m==3.8.0
2026-09-15T04:10:58.018Z [1mpython-box[0m==6.1.0
2026-09-15T04:10:58.018Z [1mpython-dateutil[0m==2.9.0.post0
2026-09-15T04:10:58.018Z [1mpytz[0m @ file:///home/conda/feedstock_root/build_artifacts/pytz_1742920838005/work
2026-09-15T04:10:58.018Z [1mpyyaml[0m @ file:///home/conda/feedstock_root/build_artifacts/pyyaml_1758891829620/work
2026-09-15T04:10:58.018Z [1mquack-kernels[0m==0.6.5
2026-09-15T04:10:58.018Z [1mreadme-renderer[0m==43.0
2026-09-15T04:10:58.018Z [1mreferencing[0m @ file:///home/conda/feedstock_root/build_artifacts/bld/rattler-build_referencing_1760379115/work
2026-09-15T04:10:58.018Z [1mregex[0m==2025.11.3
2026-09-15T04:10:58.018Z [1mrequests[0m @ file:///home/conda/feedstock_root/build_artifacts/requests_1755614211359/work
2026-09-15T04:10:58.018Z [1mrequests-toolbelt[0m==1.0.0
2026-09-15T04:10:58.018Z [1mrfc3986[0m==2.0.0
2026-09-15T04:10:58.018Z [1mrich[0m==13.9.4
2026-09-15T04:10:58.018Z [1mring-flash-attn[0m==0.1.8
2026-09-15T04:10:58.018Z [1mrpds-py[0m @ file:///home/conda/feedstock_root/build_artifacts/bld/rattler-build_rpds-py_1763327046/work
2026-09-15T04:10:58.018Z [1mrsa[0m==4.9.1
2026-09-15T04:10:58.018Z [1mruamel-yaml[0m @ file:///home/conda/feedstock_root/build_artifacts/ruamel.yaml_1761160588389/work
2026-09-15T04:10:58.018Z [1mruamel-yaml-clib[0m @ file:///home/conda/feedstock_root/build_artifacts/ruamel.yaml.clib_1760564169582/work
2026-09-15T04:10:58.018Z [1mruff[0m==0.14.6
2026-09-15T04:10:58.018Z [1ms3transfer[0m==0.15.0
2026-09-15T04:10:58.018Z [1msafetensors[0m==0.7.0
2026-09-15T04:10:58.018Z [1msecretstorage[0m==3.5.0
2026-09-15T04:10:58.018Z [1msemantic-version[0m==2.10.0
2026-09-15T04:10:58.018Z [1msentry-sdk[0m==2.46.0
2026-09-15T04:10:58.018Z [1msetuptools[0m==69.5.1
2026-09-15T04:10:58.018Z [1msimplejson[0m==3.20.2
2026-09-15T04:10:58.018Z [1msix[0m==1.17.0
2026-09-15T04:10:58.018Z [1msmmap[0m==5.0.2
2026-09-15T04:10:58.018Z [1msniffio[0m==1.3.1
2026-09-15T04:10:58.018Z [1msnowballstemmer[0m==3.0.1
2026-09-15T04:10:58.018Z [1msoupsieve[0m @ file:///home/conda/feedstock_root/build_artifacts/soupsieve_1756330469801/work
2026-09-15T04:10:58.018Z [1msphinx[0m==7.4.7
2026-09-15T04:10:58.018Z [1msphinx-autobuild[0m==2025.8.25
2026-09-15T04:10:58.018Z [1msphinx-autodoc-typehints[0m==1.23.3
2026-09-15T04:10:58.018Z [1msphinx-basic-ng[0m==1.0.0b2
2026-09-15T04:10:58.018Z [1msphinx-copybutton[0m==0.5.2
2026-09-15T04:10:58.018Z [1msphinx-inline-tabs[0m==2023.4.21
2026-09-15T04:10:58.018Z [1msphinxcontrib-applehelp[0m==2.0.0
2026-09-15T04:10:58.018Z [1msphinxcontrib-devhelp[0m==2.0.0
2026-09-15T04:10:58.018Z [1msphinxcontrib-htmlhelp[0m==2.1.0
2026-09-15T04:10:58.018Z [1msphinxcontrib-jsmath[0m==1.0.1
2026-09-15T04:10:58.018Z [1msphinxcontrib-qthelp[0m==2.0.0
2026-09-15T04:10:58.018Z [1msphinxcontrib-serializinghtml[0m==2.0.0
2026-09-15T04:10:58.018Z [1mstack-data[0m @ file:///home/conda/feedstock_root/build_artifacts/stack_data_1733569443808/work
2026-09-15T04:10:58.018Z [1mstarlette[0m==0.50.0
2026-09-15T04:10:58.018Z [1msympy[0m==1.14.0
2026-09-15T04:10:58.018Z [1mtextual[0m==6.2.1
2026-09-15T04:10:58.018Z [1mtokenizers[0m==0.22.1
2026-09-15T04:10:58.018Z [1mtomli[0m==2.4.1
2026-09-15T04:10:58.018Z [1mtorch[0m==2.9.1+cu128
2026-09-15T04:10:58.018Z [1mtorch-c-dlpack-ext[0m==0.1.5
2026-09-15T04:10:58.018Z [1mtorchao[0m==0.15.0
2026-09-15T04:10:58.018Z [1mtorchaudio[0m==2.9.1+cu128
2026-09-15T04:10:58.018Z [1mtorchmetrics[0m==1.8.2
2026-09-15T04:10:58.018Z [1mtorchvision[0m==0.24.1+cu128
2026-09-15T04:10:58.018Z [1mtqdm[0m @ file:///home/conda/feedstock_root/build_artifacts/tqdm_1735661334605/work
2026-09-15T04:10:58.018Z [1mtraitlets[0m @ file:///home/conda/feedstock_root/build_artifacts/traitlets_1733367359838/work
2026-09-15T04:10:58.018Z [1mtransformer-engine[0m==2.9.0
2026-09-15T04:10:58.018Z [1mtransformer-engine-cu12[0m==2.9.0
2026-09-15T04:10:58.018Z [1mtransformer-engine-torch[0m==2.9.0
2026-09-15T04:10:58.018Z [1mtransformers[0m==4.57.3
2026-09-15T04:10:58.018Z [1mtriton[0m==3.5.1
2026-09-15T04:10:58.018Z [1mtruststore[0m @ file:///home/conda/feedstock_root/build_artifacts/bld/rattler-build_truststore_1753886790/work
2026-09-15T04:10:58.018Z [1mtwine[0m==6.2.0
2026-09-15T04:10:58.018Z [1mtyping-extensions[0m @ file:///home/conda/feedstock_root/build_artifacts/bld/rattler-build_typing_extensions_1756220668/work
2026-09-15T04:10:58.018Z [1mtyping-inspection[0m==0.4.2
2026-09-15T04:10:58.018Z [1mtzdata[0m==2025.2
2026-09-15T04:10:58.018Z [1muc-micro-py[0m==1.0.3
2026-09-15T04:10:58.018Z [1murllib3[0m @ file:///home/conda/feedstock_root/build_artifacts/urllib3_1750271362675/work
2026-09-15T04:10:58.018Z [1muvicorn[0m==0.38.0
2026-09-15T04:10:58.018Z [1mwandb[0m==0.23.0
2026-09-15T04:10:58.018Z [1mwatchfiles[0m==1.1.1
2026-09-15T04:10:58.018Z [1mwcwidth[0m @ file:///home/conda/feedstock_root/build_artifacts/wcwidth_1758622279606/work
2026-09-15T04:10:58.018Z [1mwebsockets[0m==15.0.1
2026-09-15T04:10:58.018Z [1mwheel[0m==0.45.1
2026-09-15T04:10:58.018Z [1mwrapt[0m==2.0.1
2026-09-15T04:10:58.018Z [1mwurlitzer[0m==3.1.1
2026-09-15T04:10:58.018Z [1mxxhash[0m==3.6.0
2026-09-15T04:10:58.018Z [1myarl[0m==1.22.0
2026-09-15T04:10:58.019Z [1mzipp[0m==3.23.0
2026-09-15T04:10:58.019Z [1mzstandard[0m==0.25.0
2026-09-15T04:10:58.019Z [36m[1m
2026-09-15T04:10:58.019Z #####################################
2026-09-15T04:10:58.019Z ### [GANTRY] NVIDIA system status ###  
2026-09-15T04:10:58.019Z #####################################
2026-09-15T04:10:58.019Z [0m
2026-09-15T04:10:58.064Z Tue Sep 15 04:10:58 2026       
2026-09-15T04:10:58.064Z +-----------------------------------------------------------------------------------------+
2026-09-15T04:10:58.064Z | NVIDIA-SMI 570.124.06             Driver Version: 570.124.06     CUDA Version: 12.8     |
2026-09-15T04:10:58.064Z |-----------------------------------------+------------------------+----------------------+
2026-09-15T04:10:58.064Z | GPU  Name                 Persistence-M | Bus-Id          Disp.A | Volatile Uncorr. ECC |
2026-09-15T04:10:58.064Z | Fan  Temp   Perf          Pwr:Usage/Cap |           Memory-Usage | GPU-Util  Compute M. |
2026-09-15T04:10:58.064Z |                                         |                        |               MIG M. |
2026-09-15T04:10:58.064Z |=========================================+========================+======================|
2026-09-15T04:10:58.121Z |   0  NVIDIA A100-SXM4-80GB          On  |   00000000:4F:00.0 Off |                    0 |
2026-09-15T04:10:58.121Z | N/A   38C    P0             69W /  400W |       1MiB /  81920MiB |      0%      Default |
2026-09-15T04:10:58.121Z |                                         |                        |             Disabled |
2026-09-15T04:10:58.121Z +-----------------------------------------+------------------------+----------------------+
2026-09-15T04:10:58.140Z |   1  NVIDIA A100-SXM4-80GB          On  |   00000000:91:00.0 Off |                    0 |
2026-09-15T04:10:58.140Z | N/A   36C    P0             67W /  400W |       1MiB /  81920MiB |      0%      Default |
2026-09-15T04:10:58.140Z |                                         |                        |             Disabled |
2026-09-15T04:10:58.140Z +-----------------------------------------+------------------------+----------------------+
2026-09-15T04:10:58.141Z                                                                                          
2026-09-15T04:10:58.141Z +-----------------------------------------------------------------------------------------+
2026-09-15T04:10:58.141Z | Processes:                                                                              |
2026-09-15T04:10:58.141Z |  GPU   GI   CI              PID   Type   Process name                        GPU Memory |
2026-09-15T04:10:58.141Z |        ID   ID                                                               Usage      |
2026-09-15T04:10:58.141Z |=========================================================================================|
2026-09-15T04:10:58.143Z |  No running processes found                                                             |
2026-09-15T04:10:58.143Z +-----------------------------------------------------------------------------------------+
2026-09-15T04:10:58.984Z [36m[1m
2026-09-15T04:10:58.984Z ###############################
2026-09-15T04:10:58.984Z ### [GANTRY] Setup complete ###  (finished in 10 seconds)
2026-09-15T04:10:58.984Z ###############################
2026-09-15T04:10:58.984Z [0m
2026-09-15T04:11:08.941Z /opt/conda/lib/python3.12/site-packages/torchao/quantization/quant_api.py:2525: SyntaxWarning: invalid escape sequence '\.'
2026-09-15T04:11:08.941Z   * regex for parameter names, must start with `re:`, e.g. `re:language\.layers\..+\.q_proj.weight`.
2026-09-15T04:11:09.376Z Supported flash-attn versions are >= 2.1.1, <= 2.8.1. Found flash-attn 2.8.2.
2026-09-15T04:11:09.379Z Supported flash-attn versions are >= 2.1.1, <= 2.8.1. Found flash-attn 2.8.2.
2026-09-15T04:11:09.380Z Supported flash-attn versions are >= 2.1.1, <= 2.8.1. Found flash-attn 2.8.2.
2026-09-15T04:11:09.383Z Supported flash-attn versions are >= 2.1.1, <= 2.8.1. Found flash-attn 2.8.2.
2026-09-15T04:11:10.764Z Setting env var 'TORCH_NCCL_AVOID_RECORD_STREAMS' to '1'
2026-09-15T04:11:10.764Z Setting env var 'TORCH_DIST_INIT_BARRIER' to '1'
2026-09-15T04:11:10.764Z Running in beaker on node 'saturn-cs-aus-237.reviz.ai2.in'
2026-09-15T04:11:10.765Z Setting env var 'TORCH_NCCL_AVOID_RECORD_STREAMS' to '1'
2026-09-15T04:11:10.765Z Setting env var 'TORCH_DIST_INIT_BARRIER' to '1'
2026-09-15T04:11:10.765Z Running in beaker on node 'saturn-cs-aus-237.reviz.ai2.in'
2026-09-15T04:11:11.114Z Initializing process group with timeout=datetime.timedelta(seconds=900)...
2026-09-15T04:11:11.116Z Initializing process group with timeout=datetime.timedelta(seconds=900)...
2026-09-15T04:11:11.160Z [Gloo] Rank 0 is connected to 1 peer ranks. Expected number of connected peer ranks is : 1
2026-09-15T04:11:11.160Z [Gloo] Rank 1 is connected to 1 peer ranks. Expected number of connected peer ranks is : 1
2026-09-15T04:11:11.161Z [W915 04:11:11.363029724 ProcessGroupNCCL.cpp:924] Warning: TORCH_NCCL_AVOID_RECORD_STREAMS is the default now, this environment variable is thus deprecated. (function operator())
2026-09-15T04:11:11.161Z [W915 04:11:11.363029263 ProcessGroupNCCL.cpp:924] Warning: TORCH_NCCL_AVOID_RECORD_STREAMS is the default now, this environment variable is thus deprecated. (function operator())
2026-09-15T04:11:11.161Z Global rank 1 = local rank 1 = file system local rank 1
2026-09-15T04:11:11.161Z Global rank 0 = local rank 0 = file system local rank 0
2026-09-15T04:11:11.164Z [2;36m[2026-09-15 04:11:11][0m [34mINFO    [0m [2m[olmo_core.utils:237, f641d6fce801, rank=0][0m Env var 'OMP_NUM_THREADS' already set to '8'
2026-09-15T04:11:11.164Z [2;36m[2026-09-15 04:11:11][0m [34mINFO    [0m [2m[olmo_core.utils:237, f641d6fce801, rank=0][0m Setting env var 'TOKENIZERS_PARALLELISM' to 'false'
2026-09-15T04:11:11.164Z [2;36m[2026-09-15 04:11:11][0m [34mINFO    [0m [2m[olmo_core.train:148, f641d6fce801, rank=0][0m Using distributed backend cpu:gloo,cuda:nccl
2026-09-15T04:11:11.167Z [ctc-suite] task=outlier variant=softtoken scale=4b n_examples=1953 epochs=1 seq_len=4096 global_batch=32 world_size=2 curriculum=None
2026-09-15T04:11:11.167Z [ctc-suite] wandb group: https://wandb.ai/prasanns-allen-institute-for-ai/memory-networks/groups/f2k-q35-4b
2026-09-15T04:11:11.167Z [ctc-suite] task=outlier variant=softtoken scale=4b n_examples=1953 epochs=1 seq_len=4096 global_batch=32 world_size=2 curriculum=None
2026-09-15T04:11:11.167Z [ctc-suite] wandb group: https://wandb.ai/prasanns-allen-institute-for-ai/memory-networks/groups/f2k-q35-4b
2026-09-15T04:11:11.177Z [2;36m[2026-09-15 04:11:11][0m [34mINFO    [0m [2m[olmo_core.nn.transformer.config:373, f641d6fce801, rank=0][0m Building transformer with 4,841,450,496 total params, 4,205,751,296 non-embedding params
2026-09-15T04:11:11.976Z [2;36m[2026-09-15 04:11:11][0m [34mINFO    [0m [2m[olmo_core.nn.attention:1150, f641d6fce801, rank=0][0m Using attention backend 'flash_2'
2026-09-15T04:11:11.982Z [2;36m[2026-09-15 04:11:11][0m [34mINFO    [0m [2m[olmo_core.nn.attention:1150, f641d6fce801, rank=0][0m Using attention backend 'flash_2'
2026-09-15T04:11:11.989Z [2;36m[2026-09-15 04:11:11][0m [34mINFO    [0m [2m[olmo_core.nn.attention:1150, f641d6fce801, rank=0][0m Using attention backend 'flash_2'
2026-09-15T04:11:11.995Z [2;36m[2026-09-15 04:11:11][0m [34mINFO    [0m [2m[olmo_core.nn.attention:1150, f641d6fce801, rank=0][0m Using attention backend 'flash_2'
2026-09-15T04:11:12.002Z [2;36m[2026-09-15 04:11:12][0m [34mINFO    [0m [2m[olmo_core.nn.attention:1150, f641d6fce801, rank=0][0m Using attention backend 'flash_2'
2026-09-15T04:11:12.008Z [2;36m[2026-09-15 04:11:12][0m [34mINFO    [0m [2m[olmo_core.nn.attention:1150, f641d6fce801, rank=0][0m Using attention backend 'flash_2'
2026-09-15T04:11:12.015Z [2;36m[2026-09-15 04:11:12][0m [34mINFO    [0m [2m[olmo_core.nn.attention:1150, f641d6fce801, rank=0][0m Using attention backend 'flash_2'
2026-09-15T04:11:12.021Z [2;36m[2026-09-15 04:11:12][0m [34mINFO    [0m [2m[olmo_core.nn.attention:1150, f641d6fce801, rank=0][0m Using attention backend 'flash_2'
2026-09-15T04:11:12.029Z [ctc-suite] softtoken: header_stop_id=5491 (count 1) detach_gdn=True detach=True len_bias=False distill_prob=0.0 keep_mode=gold_plus_random n_random=128 keep_frac=None gold_blind=True keep_prob=0.1667 mix=(0.0->0.0 over 496/496 calls)
2026-09-15T04:11:12.033Z [2;36m[2026-09-15 04:11:12][0m [34mINFO    [0m [2m[olmo_core.nn.transformer.config:446, f641d6fce801, rank=0][0m Transformer(
2026-09-15T04:11:12.033Z   (embeddings): Embedding(248320, 2560)
2026-09-15T04:11:12.033Z   (blocks): ModuleDict(
2026-09-15T04:11:12.033Z     (0): TransformerBlock(
2026-09-15T04:11:12.033Z       (attention): GatedDeltaNet(
2026-09-15T04:11:12.033Z         (w_q): Linear(in_features=2560, out_features=2048, bias=False)
2026-09-15T04:11:12.033Z         (w_k): Linear(in_features=2560, out_features=2048, bias=False)
2026-09-15T04:11:12.033Z         (w_v): Linear(in_features=2560, out_features=4096, bias=False)
2026-09-15T04:11:12.033Z         (w_a): Linear(in_features=2560, out_features=32, bias=False)
2026-09-15T04:11:12.033Z         (w_b): Linear(in_features=2560, out_features=32, bias=False)
2026-09-15T04:11:12.033Z         (q_conv1d): CausalConv1d(2048, 2048, kernel_size=(4,), stride=(1,), padding=(3,), groups=2048, bias=False)
2026-09-15T04:11:12.033Z         (k_conv1d): CausalConv1d(2048, 2048, kernel_size=(4,), stride=(1,), padding=(3,), groups=2048, bias=False)
2026-09-15T04:11:12.033Z         (v_conv1d): CausalConv1d(4096, 4096, kernel_size=(4,), stride=(1,), padding=(3,), groups=4096, bias=False)
2026-09-15T04:11:12.033Z         (w_g): Linear(in_features=2560, out_features=4096, bias=False)
2026-09-15T04:11:12.033Z         (o_norm): FusedRMSNormGated(128, eps=1e-06, activation=swish)
2026-09-15T04:11:12.033Z         (w_out): Linear(in_features=4096, out_features=2560, bias=False)
2026-09-15T04:11:12.033Z       )
2026-09-15T04:11:12.033Z       (attention_norm): QwenRMSNorm((2560,), eps=1e-06)
2026-09-15T04:11:12.033Z       (attention_residual_stream): ResidualStream(
2026-09-15T04:11:12.033Z         (dropout): Identity()
2026-09-15T04:11:12.033Z       )
2026-09-15T04:11:12.033Z       (feed_forward): FeedForward(
2026-09-15T04:11:12.033Z         (w1): Linear(in_features=2560, out_features=9216, bias=False)
2026-09-15T04:11:12.033Z         (w2): Linear(in_features=9216, out_features=2560, bias=False)
2026-09-15T04:11:12.033Z         (w3): Linear(in_features=2560, out_features=9216, bias=False)
2026-09-15T04:11:12.033Z       )
2026-09-15T04:11:12.033Z       (feed_forward_norm): QwenRMSNorm((2560,), eps=1e-06)
2026-09-15T04:11:12.033Z       (feed_forward_residual_stream): ResidualStream(
2026-09-15T04:11:12.033Z         (dropout): Identity()
2026-09-15T04:11:12.033Z       )
2026-09-15T04:11:12.033Z     )
2026-09-15T04:11:12.033Z     (1): TransformerBlock(
2026-09-15T04:11:12.033Z       (attention): GatedDeltaNet(
2026-09-15T04:11:12.033Z         (w_q): Linear(in_features=2560, out_features=2048, bias=False)
2026-09-15T04:11:12.033Z         (w_k): Linear(in_features=2560, out_features=2048, bias=False)
2026-09-15T04:11:12.033Z         (w_v): Linear(in_features=2560, out_features=4096, bias=False)
2026-09-15T04:11:12.033Z         (w_a): Linear(in_features=2560, out_features=32, bias=False)
2026-09-15T04:11:12.033Z         (w_b): Linear(in_features=2560, out_features=32, bias=False)
2026-09-15T04:11:12.033Z         (q_conv1d): CausalConv1d(2048, 2048, kernel_size=(4,), stride=(1,), padding=(3,), groups=2048, bias=False)
2026-09-15T04:11:12.033Z         (k_conv1d): CausalConv1d(2048, 2048, kernel_size=(4,), stride=(1,), padding=(3,), groups=2048, bias=False)
2026-09-15T04:11:12.033Z         (v_conv1d): CausalConv1d(4096, 4096, kernel_size=(4,), stride=(1,), padding=(3,), groups=4096, bias=False)
2026-09-15T04:11:12.033Z         (w_g): Linear(in_features=2560, out_features=4096, bias=False)
2026-09-15T04:11:12.033Z         (o_norm): FusedRMSNormGated(128, eps=1e-06, activation=swish)
2026-09-15T04:11:12.033Z         (w_out): Linear(in_features=4096, out_features=2560, bias=False)
2026-09-15T04:11:12.033Z       )
2026-09-15T04:11:12.033Z       (attention_norm): QwenRMSNorm((2560,), eps=1e-06)
2026-09-15T04:11:12.033Z       (attention_residual_stream): ResidualStream(
2026-09-15T04:11:12.033Z         (dropout): Identity()
2026-09-15T04:11:12.033Z       )
2026-09-15T04:11:12.033Z       (feed_forward): FeedForward(
2026-09-15T04:11:12.033Z         (w1): Linear(in_features=2560, out_features=9216, bias=False)
2026-09-15T04:11:12.033Z         (w2): Linear(in_features=9216, out_features=2560, bias=False)
2026-09-15T04:11:12.033Z         (w3): Linear(in_features=2560, out_features=9216, bias=False)
2026-09-15T04:11:12.033Z       )
2026-09-15T04:11:12.033Z       (feed_forward_norm): QwenRMSNorm((2560,), eps=1e-06)
2026-09-15T04:11:12.033Z       (feed_forward_residual_stream): ResidualStream(
2026-09-15T04:11:12.033Z         (dropout): Identity()
2026-09-15T04:11:12.033Z       )
2026-09-15T04:11:12.033Z     )
2026-09-15T04:11:12.033Z     (2): TransformerBlock(
2026-09-15T04:11:12.033Z       (attention): GatedDeltaNet(
2026-09-15T04:11:12.033Z         (w_q): Linear(in_features=2560, out_features=2048, bias=False)
2026-09-15T04:11:12.033Z         (w_k): Linear(in_features=2560, out_features=2048, bias=False)
2026-09-15T04:11:12.033Z         (w_v): Linear(in_features=2560, out_features=4096, bias=False)
2026-09-15T04:11:12.033Z         (w_a): Linear(in_features=2560, out_features=32, bias=False)
2026-09-15T04:11:12.033Z         (w_b): Linear(in_features=2560, out_features=32, bias=False)
2026-09-15T04:11:12.033Z         (q_conv1d): CausalConv1d(2048, 2048, kernel_size=(4,), stride=(1,), padding=(3,), groups=2048, bias=False)
2026-09-15T04:11:12.033Z         (k_conv1d): CausalConv1d(2048, 2048, kernel_size=(4,), stride=(1,), padding=(3,), groups=2048, bias=False)
2026-09-15T04:11:12.033Z         (v_conv1d): CausalConv1d(4096, 4096, kernel_size=(4,), stride=(1,), padding=(3,), groups=4096, bias=False)
2026-09-15T04:11:12.033Z         (w_g): Linear(in_features=2560, out_features=4096, bias=False)
2026-09-15T04:11:12.033Z         (o_norm): FusedRMSNormGated(128, eps=1e-06, activation=swish)
2026-09-15T04:11:12.033Z         (w_out): Linear(in_features=4096, out_features=2560, bias=False)
2026-09-15T04:11:12.033Z       )
2026-09-15T04:11:12.033Z       (attention_norm): QwenRMSNorm((2560,), eps=1e-06)
2026-09-15T04:11:12.033Z       (attention_residual_stream): ResidualStream(
2026-09-15T04:11:12.033Z         (dropout): Identity()
2026-09-15T04:11:12.033Z       )
2026-09-15T04:11:12.033Z       (feed_forward): FeedForward(
2026-09-15T04:11:12.033Z         (w1): Linear(in_features=2560, out_features=9216, bias=False)
2026-09-15T04:11:12.033Z         (w2): Linear(in_features=9216, out_features=2560, bias=False)
2026-09-15T04:11:12.033Z         (w3): Linear(in_features=2560, out_features=9216, bias=False)
2026-09-15T04:11:12.033Z       )
2026-09-15T04:11:12.033Z       (feed_forward_norm): QwenRMSNorm((2560,), eps=1e-06)
2026-09-15T04:11:12.033Z       (feed_forward_residual_stream): ResidualStream(
2026-09-15T04:11:12.033Z         (dropout): Identity()
2026-09-15T04:11:12.033Z       )
2026-09-15T04:11:12.033Z     )
2026-09-15T04:11:12.033Z     (3): TransformerBlock(
2026-09-15T04:11:12.033Z       (attention): Attention(
2026-09-15T04:11:12.033Z         (w_q): Linear(in_features=2560, out_features=4096, bias=False)
2026-09-15T04:11:12.033Z         (w_k): Linear(in_features=2560, out_features=1024, bias=False)
2026-09-15T04:11:12.033Z         (w_v): Linear(in_features=2560, out_features=1024, bias=False)
2026-09-15T04:11:12.033Z         (w_out): Linear(in_features=4096, out_features=2560, bias=False)
2026-09-15T04:11:12.033Z         (w_g): Linear(in_features=2560, out_features=4096, bias=False)
2026-09-15T04:11:12.033Z         (q_norm): QwenRMSNorm((256,), eps=1e-06)
2026-09-15T04:11:12.033Z         (k_norm): QwenRMSNorm((256,), eps=1e-06)
2026-09-15T04:11:12.033Z         (rope): RotaryEmbedding()
2026-09-15T04:11:12.033Z         (backend): FlashAttention2Backend()
2026-09-15T04:11:12.033Z       )
2026-09-15T04:11:12.033Z       (attention_norm): QwenRMSNorm((2560,), eps=1e-06)
2026-09-15T04:11:12.033Z       (attention_residual_stream): ResidualStream(
2026-09-15T04:11:12.033Z         (dropout): Identity()
2026-09-15T04:11:12.033Z       )
2026-09-15T04:11:12.033Z       (feed_forward): FeedForward(
2026-09-15T04:11:12.033Z         (w1): Linear(in_features=2560, out_features=9216, bias=False)
2026-09-15T04:11:12.033Z         (w2): Linear(in_features=9216, out_features=2560, bias=False)
2026-09-15T04:11:12.033Z         (w3): Linear(in_features=2560, out_features=9216, bias=False)
2026-09-15T04:11:12.033Z       )
2026-09-15T04:11:12.033Z       (feed_forward_norm): QwenRMSNorm((2560,), eps=1e-06)
2026-09-15T04:11:12.033Z       (feed_forward_residual_stream): ResidualStream(
2026-09-15T04:11:12.033Z         (dropout): Identity()
2026-09-15T04:11:12.033Z       )
2026-09-15T04:11:12.033Z     )
2026-09-15T04:11:12.033Z     (4): TransformerBlock(
2026-09-15T04:11:12.033Z       (attention): GatedDeltaNet(
2026-09-15T04:11:12.033Z         (w_q): Linear(in_features=2560, out_features=2048, bias=False)
2026-09-15T04:11:12.033Z         (w_k): Linear(in_features=2560, out_features=2048, bias=False)
2026-09-15T04:11:12.033Z         (w_v): Linear(in_features=2560, out_features=4096, bias=False)
2026-09-15T04:11:12.033Z         (w_a): Linear(in_features=2560, out_features=32, bias=False)
2026-09-15T04:11:12.033Z         (w_b): Linear(in_features=2560, out_features=32, bias=False)
2026-09-15T04:11:12.033Z         (q_conv1d): CausalConv1d(2048, 2048, kernel_size=(4,), stride=(1,), padding=(3,), groups=2048, bias=False)
2026-09-15T04:11:12.033Z         (k_conv1d): CausalConv1d(2048, 2048, kernel_size=(4,), stride=(1,), padding=(3,), groups=2048, bias=False)
2026-09-15T04:11:12.033Z         (v_conv1d): CausalConv1d(4096, 4096, kernel_size=(4,), stride=(1,), padding=(3,), groups=4096, bias=False)
2026-09-15T04:11:12.033Z         (w_g): Linear(in_features=2560, out_features=4096, bias=False)
2026-09-15T04:11:12.033Z         (o_norm): FusedRMSNormGated(128, eps=1e-06, activation=swish)
2026-09-15T04:11:12.033Z         (w_out): Linear(in_features=4096, out_features=2560, bias=False)
2026-09-15T04:11:12.033Z       )
2026-09-15T04:11:12.033Z       (attention_norm): QwenRMSNorm((2560,), eps=1e-06)
2026-09-15T04:11:12.033Z       (attention_residual_stream): ResidualStream(
2026-09-15T04:11:12.033Z         (dropout): Identity()
2026-09-15T04:11:12.033Z       )
2026-09-15T04:11:12.033Z       (feed_forward): FeedForward(
2026-09-15T04:11:12.033Z         (w1): Linear(in_features=2560, out_features=9216, bias=False)
2026-09-15T04:11:12.033Z         (w2): Linear(in_features=9216, out_features=2560, bias=False)
2026-09-15T04:11:12.033Z         (w3): Linear(in_features=2560, out_features=9216, bias=False)
2026-09-15T04:11:12.033Z       )
2026-09-15T04:11:12.033Z       (feed_forward_norm): QwenRMSNorm((2560,), eps=1e-06)
2026-09-15T04:11:12.034Z       (feed_forward_residual_stream): ResidualStream(
2026-09-15T04:11:12.034Z         (dropout): Identity()
2026-09-15T04:11:12.034Z       )
2026-09-15T04:11:12.034Z     )
2026-09-15T04:11:12.034Z     (5): TransformerBlock(
2026-09-15T04:11:12.034Z       (attention): GatedDeltaNet(
2026-09-15T04:11:12.034Z         (w_q): Linear(in_features=2560, out_features=2048, bias=False)
2026-09-15T04:11:12.034Z         (w_k): Linear(in_features=2560, out_features=2048, bias=False)
2026-09-15T04:11:12.034Z         (w_v): Linear(in_features=2560, out_features=4096, bias=False)
2026-09-15T04:11:12.034Z         (w_a): Linear(in_features=2560, out_features=32, bias=False)
2026-09-15T04:11:12.034Z         (w_b): Linear(in_features=2560, out_features=32, bias=False)
2026-09-15T04:11:12.034Z         (q_conv1d): CausalConv1d(2048, 2048, kernel_size=(4,), stride=(1,), padding=(3,), groups=2048, bias=False)
2026-09-15T04:11:12.034Z         (k_conv1d): CausalConv1d(2048, 2048, kernel_size=(4,), stride=(1,), padding=(3,), groups=2048, bias=False)
2026-09-15T04:11:12.034Z         (v_conv1d): CausalConv1d(4096, 4096, kernel_size=(4,), stride=(1,), padding=(3,), groups=4096, bias=False)
2026-09-15T04:11:12.034Z         (w_g): Linear(in_features=2560, out_features=4096, bias=False)
2026-09-15T04:11:12.034Z         (o_norm): FusedRMSNormGated(128, eps=1e-06, activation=swish)
2026-09-15T04:11:12.034Z         (w_out): Linear(in_features=4096, out_features=2560, bias=False)
2026-09-15T04:11:12.034Z       )
2026-09-15T04:11:12.034Z       (attention_norm): QwenRMSNorm((2560,), eps=1e-06)
2026-09-15T04:11:12.034Z       (attention_residual_stream): ResidualStream(
2026-09-15T04:11:12.034Z         (dropout): Identity()
2026-09-15T04:11:12.034Z       )
2026-09-15T04:11:12.034Z       (feed_forward): FeedForward(
2026-09-15T04:11:12.034Z         (w1): Linear(in_features=2560, out_features=9216, bias=False)
2026-09-15T04:11:12.034Z         (w2): Linear(in_features=9216, out_features=2560, bias=False)
2026-09-15T04:11:12.034Z         (w3): Linear(in_features=2560, out_features=9216, bias=False)
2026-09-15T04:11:12.034Z       )
2026-09-15T04:11:12.034Z       (feed_forward_norm): QwenRMSNorm((2560,), eps=1e-06)
2026-09-15T04:11:12.034Z       (feed_forward_residual_stream): ResidualStream(
2026-09-15T04:11:12.034Z         (dropout): Identity()
2026-09-15T04:11:12.034Z       )
2026-09-15T04:11:12.034Z     )
2026-09-15T04:11:12.034Z     (6): TransformerBlock(
2026-09-15T04:11:12.034Z       (attention): GatedDeltaNet(
2026-09-15T04:11:12.034Z         (w_q): Linear(in_features=2560, out_features=2048, bias=False)
2026-09-15T04:11:12.034Z         (w_k): Linear(in_features=2560, out_features=2048, bias=False)
2026-09-15T04:11:12.034Z         (w_v): Linear(in_features=2560, out_features=4096, bias=False)
2026-09-15T04:11:12.034Z         (w_a): Linear(in_features=2560, out_features=32, bias=False)
2026-09-15T04:11:12.034Z         (w_b): Linear(in_features=2560, out_features=32, bias=False)
2026-09-15T04:11:12.034Z         (q_conv1d): CausalConv1d(2048, 2048, kernel_size=(4,), stride=(1,), padding=(3,), groups=2048, bias=False)
2026-09-15T04:11:12.034Z         (k_conv1d): CausalConv1d(2048, 2048, kernel_size=(4,), stride=(1,), padding=(3,), groups=2048, bias=False)
2026-09-15T04:11:12.034Z         (v_conv1d): CausalConv1d(4096, 4096, kernel_size=(4,), stride=(1,), padding=(3,), groups=4096, bias=False)
2026-09-15T04:11:12.034Z         (w_g): Linear(in_features=2560, out_features=4096, bias=False)
2026-09-15T04:11:12.034Z         (o_norm): FusedRMSNormGated(128, eps=1e-06, activation=swish)
2026-09-15T04:11:12.034Z         (w_out): Linear(in_features=4096, out_features=2560, bias=False)
2026-09-15T04:11:12.034Z       )
2026-09-15T04:11:12.034Z       (attention_norm): QwenRMSNorm((2560,), eps=1e-06)
2026-09-15T04:11:12.034Z       (attention_residual_stream): ResidualStream(
2026-09-15T04:11:12.034Z         (dropout): Identity()
2026-09-15T04:11:12.034Z       )
2026-09-15T04:11:12.034Z       (feed_forward): FeedForward(
2026-09-15T04:11:12.034Z         (w1): Linear(in_features=2560, out_features=9216, bias=False)
2026-09-15T04:11:12.034Z         (w2): Linear(in_features=9216, out_features=2560, bias=False)
2026-09-15T04:11:12.034Z         (w3): Linear(in_features=2560, out_features=9216, bias=False)
2026-09-15T04:11:12.034Z       )
2026-09-15T04:11:12.034Z       (feed_forward_norm): QwenRMSNorm((2560,), eps=1e-06)
2026-09-15T04:11:12.034Z       (feed_forward_residual_stream): ResidualStream(
2026-09-15T04:11:12.034Z         (dropout): Identity()
2026-09-15T04:11:12.034Z       )
2026-09-15T04:11:12.034Z     )
2026-09-15T04:11:12.034Z     (7): TransformerBlock(
2026-09-15T04:11:12.034Z       (attention): Attention(
2026-09-15T04:11:12.034Z         (w_q): Linear(in_features=2560, out_features=4096, bias=False)
2026-09-15T04:11:12.034Z         (w_k): Linear(in_features=2560, out_features=1024, bias=False)
2026-09-15T04:11:12.034Z         (w_v): Linear(in_features=2560, out_features=1024, bias=False)
2026-09-15T04:11:12.034Z         (w_out): Linear(in_features=4096, out_features=2560, bias=False)
2026-09-15T04:11:12.034Z         (w_g): Linear(in_features=2560, out_features=4096, bias=False)
2026-09-15T04:11:12.034Z         (q_norm): QwenRMSNorm((256,), eps=1e-06)
2026-09-15T04:11:12.034Z         (k_norm): QwenRMSNorm((256,), eps=1e-06)
2026-09-15T04:11:12.034Z         (rope): RotaryEmbedding()
2026-09-15T04:11:12.034Z         (backend): FlashAttention2Backend()
2026-09-15T04:11:12.034Z       )
2026-09-15T04:11:12.034Z       (attention_norm): QwenRMSNorm((2560,), eps=1e-06)
2026-09-15T04:11:12.034Z       (attention_residual_stream): ResidualStream(
2026-09-15T04:11:12.034Z         (dropout): Identity()
2026-09-15T04:11:12.034Z       )
2026-09-15T04:11:12.034Z       (feed_forward): FeedForward(
2026-09-15T04:11:12.034Z         (w1): Linear(in_features=2560, out_features=9216, bias=False)
2026-09-15T04:11:12.034Z         (w2): Linear(in_features=9216, out_features=2560, bias=False)
2026-09-15T04:11:12.034Z         (w3): Linear(in_features=2560, out_features=9216, bias=False)
2026-09-15T04:11:12.034Z       )
2026-09-15T04:11:12.034Z       (feed_forward_norm): QwenRMSNorm((2560,), eps=1e-06)
2026-09-15T04:11:12.034Z       (feed_forward_residual_stream): ResidualStream(
2026-09-15T04:11:12.034Z         (dropout): Identity()
2026-09-15T04:11:12.034Z       )
2026-09-15T04:11:12.034Z     )
2026-09-15T04:11:12.034Z     (8): TransformerBlock(
2026-09-15T04:11:12.034Z       (attention): GatedDeltaNet(
2026-09-15T04:11:12.034Z         (w_q): Linear(in_features=2560, out_features=2048, bias=False)
2026-09-15T04:11:12.034Z         (w_k): Linear(in_features=2560, out_features=2048, bias=False)
2026-09-15T04:11:12.034Z         (w_v): Linear(in_features=2560, out_features=4096, bias=False)
2026-09-15T04:11:12.034Z         (w_a): Linear(in_features=2560, out_features=32, bias=False)
2026-09-15T04:11:12.034Z         (w_b): Linear(in_features=2560, out_features=32, bias=False)
2026-09-15T04:11:12.034Z         (q_conv1d): CausalConv1d(2048, 2048, kernel_size=(4,), stride=(1,), padding=(3,), groups=2048, bias=False)
2026-09-15T04:11:12.034Z         (k_conv1d): CausalConv1d(2048, 2048, kernel_size=(4,), stride=(1,), padding=(3,), groups=2048, bias=False)
2026-09-15T04:11:12.034Z         (v_conv1d): CausalConv1d(4096, 4096, kernel_size=(4,), stride=(1,), padding=(3,), groups=4096, bias=False)
2026-09-15T04:11:12.034Z         (w_g): Linear(in_features=2560, out_features=4096, bias=False)
2026-09-15T04:11:12.034Z         (o_norm): FusedRMSNormGated(128, eps=1e-06, activation=swish)
2026-09-15T04:11:12.034Z         (w_out): Linear(in_features=4096, out_features=2560, bias=False)
2026-09-15T04:11:12.034Z       )
2026-09-15T04:11:12.034Z       (attention_norm): QwenRMSNorm((2560,), eps=1e-06)
2026-09-15T04:11:12.034Z       (attention_residual_stream): ResidualStream(
2026-09-15T04:11:12.034Z         (dropout): Identity()
2026-09-15T04:11:12.034Z       )
2026-09-15T04:11:12.034Z       (feed_forward): FeedForward(
2026-09-15T04:11:12.034Z         (w1): Linear(in_features=2560, out_features=9216, bias=False)
2026-09-15T04:11:12.034Z         (w2): Linear(in_features=9216, out_features=2560, bias=False)
2026-09-15T04:11:12.034Z         (w3): Linear(in_features=2560, out_features=9216, bias=False)
2026-09-15T04:11:12.034Z       )
2026-09-15T04:11:12.034Z       (feed_forward_norm): QwenRMSNorm((2560,), eps=1e-06)
2026-09-15T04:11:12.034Z       (feed_forward_residual_stream): ResidualStream(
2026-09-15T04:11:12.034Z         (dropout): Identity()
2026-09-15T04:11:12.034Z       )
2026-09-15T04:11:12.034Z     )
2026-09-15T04:11:12.034Z     (9): TransformerBlock(
2026-09-15T04:11:12.034Z       (attention): GatedDeltaNet(
2026-09-15T04:11:12.034Z         (w_q): Linear(in_features=2560, out_features=2048, bias=False)
2026-09-15T04:11:12.034Z         (w_k): Linear(in_features=2560, out_features=2048, bias=False)
2026-09-15T04:11:12.034Z         (w_v): Linear(in_features=2560, out_features=4096, bias=False)
2026-09-15T04:11:12.034Z         (w_a): Linear(in_features=2560, out_features=32, bias=False)
2026-09-15T04:11:12.034Z         (w_b): Linear(in_features=2560, out_features=32, bias=False)
2026-09-15T04:11:12.034Z         (q_conv1d): CausalConv1d(2048, 2048, kernel_size=(4,), stride=(1,), padding=(3,), groups=2048, bias=False)
2026-09-15T04:11:12.034Z         (k_conv1d): CausalConv1d(2048, 2048, kernel_size=(4,), stride=(1,), padding=(3,), groups=2048, bias=False)
2026-09-15T04:11:12.034Z         (v_conv1d): CausalConv1d(4096, 4096, kernel_size=(4,), stride=(1,), padding=(3,), groups=4096, bias=False)
2026-09-15T04:11:12.034Z         (w_g): Linear(in_features=2560, out_features=4096, bias=False)
2026-09-15T04:11:12.034Z         (o_norm): FusedRMSNormGated(128, eps=1e-06, activation=swish)
2026-09-15T04:11:12.034Z         (w_out): Linear(in_features=4096, out_features=2560, bias=False)
2026-09-15T04:11:12.034Z       )
2026-09-15T04:11:12.034Z       (attention_norm): QwenRMSNorm((2560,), eps=1e-06)
2026-09-15T04:11:12.034Z       (attention_residual_stream): ResidualStream(
2026-09-15T04:11:12.034Z         (dropout): Identity()
2026-09-15T04:11:12.034Z       )
2026-09-15T04:11:12.034Z       (feed_forward): FeedForward(
2026-09-15T04:11:12.034Z         (w1): Linear(in_features=2560, out_features=9216, bias=False)
2026-09-15T04:11:12.034Z         (w2): Linear(in_features=9216, out_features=2560, bias=False)
2026-09-15T04:11:12.034Z         (w3): Linear(in_features=2560, out_features=9216, bias=False)
2026-09-15T04:11:12.034Z       )
2026-09-15T04:11:12.034Z       (feed_forward_norm): QwenRMSNorm((2560,), eps=1e-06)
2026-09-15T04:11:12.034Z       (feed_forward_residual_stream): ResidualStream(
2026-09-15T04:11:12.034Z         (dropout): Identity()
2026-09-15T04:11:12.034Z       )
2026-09-15T04:11:12.034Z     )
2026-09-15T04:11:12.034Z     (10): TransformerBlock(
2026-09-15T04:11:12.034Z       (attention): GatedDeltaNet(
2026-09-15T04:11:12.034Z         (w_q): Linear(in_features=2560, out_features=2048, bias=False)
2026-09-15T04:11:12.034Z         (w_k): Linear(in_features=2560, out_features=2048, bias=False)
2026-09-15T04:11:12.034Z         (w_v): Linear(in_features=2560, out_features=4096, bias=False)
2026-09-15T04:11:12.034Z         (w_a): Linear(in_features=2560, out_features=32, bias=False)
2026-09-15T04:11:12.034Z         (w_b): Linear(in_features=2560, out_features=32, bias=False)
2026-09-15T04:11:12.034Z         (q_conv1d): CausalConv1d(2048, 2048, kernel_size=(4,), stride=(1,), padding=(3,), groups=2048, bias=False)
2026-09-15T04:11:12.034Z         (k_conv1d): CausalConv1d(2048, 2048, kernel_size=(4,), stride=(1,), padding=(3,), groups=2048, bias=False)
2026-09-15T04:11:12.034Z         (v_conv1d): CausalConv1d(4096, 4096, kernel_size=(4,), stride=(1,), padding=(3,), groups=4096, bias=False)
2026-09-15T04:11:12.034Z         (w_g): Linear(in_features=2560, out_features=4096, bias=False)
2026-09-15T04:11:12.034Z         (o_norm): FusedRMSNormGated(128, eps=1e-06, activation=swish)
2026-09-15T04:11:12.034Z         (w_out): Linear(in_features=4096, out_features=2560, bias=False)
2026-09-15T04:11:12.034Z       )
2026-09-15T04:11:12.034Z       (attention_norm): QwenRMSNorm((2560,), eps=1e-06)
2026-09-15T04:11:12.034Z       (attention_residual_stream): ResidualStream(
2026-09-15T04:11:12.034Z         (dropout): Identity()
2026-09-15T04:11:12.034Z       )
2026-09-15T04:11:12.034Z       (feed_forward): FeedForward(
2026-09-15T04:11:12.034Z         (w1): Linear(in_features=2560, out_features=9216, bias=False)
2026-09-15T04:11:12.034Z         (w2): Linear(in_features=9216, out_features=2560, bias=False)
2026-09-15T04:11:12.034Z         (w3): Linear(in_features=2560, out_features=9216, bias=False)
2026-09-15T04:11:12.034Z       )
2026-09-15T04:11:12.034Z       (feed_forward_norm): QwenRMSNorm((2560,), eps=1e-06)
2026-09-15T04:11:12.034Z       (feed_forward_residual_stream): ResidualStream(
2026-09-15T04:11:12.034Z         (dropout): Identity()
2026-09-15T04:11:12.034Z       )
2026-09-15T04:11:12.034Z     )
2026-09-15T04:11:12.034Z     (11): TransformerBlock(
2026-09-15T04:11:12.034Z       (attention): Attention(
2026-09-15T04:11:12.034Z         (w_q): Linear(in_features=2560, out_features=4096, bias=False)
2026-09-15T04:11:12.034Z         (w_k): Linear(in_features=2560, out_features=1024, bias=False)
2026-09-15T04:11:12.034Z         (w_v): Linear(in_features=2560, out_features=1024, bias=False)
2026-09-15T04:11:12.034Z         (w_out): Linear(in_features=4096, out_features=2560, bias=False)
2026-09-15T04:11:12.034Z         (w_g): Linear(in_features=2560, out_features=4096, bias=False)
2026-09-15T04:11:12.034Z         (q_norm): QwenRMSNorm((256,), eps=1e-06)
2026-09-15T04:11:12.034Z         (k_norm): QwenRMSNorm((256,), eps=1e-06)
2026-09-15T04:11:12.034Z         (rope): RotaryEmbedding()
2026-09-15T04:11:12.034Z         (backend): FlashAttention2Backend()
2026-09-15T04:11:12.034Z       )
2026-09-15T04:11:12.034Z       (attention_norm): QwenRMSNorm((2560,), eps=1e-06)
2026-09-15T04:11:12.034Z       (attention_residual_stream): ResidualStream(
2026-09-15T04:11:12.034Z         (dropout): Identity()
2026-09-15T04:11:12.034Z       )
2026-09-15T04:11:12.034Z       (feed_forward): FeedForward(
2026-09-15T04:11:12.034Z         (w1): Linear(in_features=2560, out_features=9216, bias=False)
2026-09-15T04:11:12.034Z         (w2): Linear(in_features=9216, out_features=2560, bias=False)
2026-09-15T04:11:12.034Z         (w3): Linear(in_features=2560, out_features=9216, bias=False)
2026-09-15T04:11:12.034Z       )
2026-09-15T04:11:12.034Z       (feed_forward_norm): QwenRMSNorm((2560,), eps=1e-06)
2026-09-15T04:11:12.034Z       (feed_forward_residual_stream): ResidualStream(
2026-09-15T04:11:12.034Z         (dropout): Identity()
2026-09-15T04:11:12.034Z       )
2026-09-15T04:11:12.034Z     )
2026-09-15T04:11:12.034Z     (12): TransformerBlock(
2026-09-15T04:11:12.034Z       (attention): GatedDeltaNet(
2026-09-15T04:11:12.034Z         (w_q): Linear(in_features=2560, out_features=2048, bias=False)
2026-09-15T04:11:12.034Z         (w_k): Linear(in_features=2560, out_features=2048, bias=False)
2026-09-15T04:11:12.034Z         (w_v): Linear(in_features=2560, out_features=4096, bias=False)
2026-09-15T04:11:12.034Z         (w_a): Linear(in_features=2560, out_features=32, bias=False)
2026-09-15T04:11:12.034Z         (w_b): Linear(in_features=2560, out_features=32, bias=False)
2026-09-15T04:11:12.034Z         (q_conv1d): CausalConv1d(2048, 2048, kernel_size=(4,), stride=(1,), padding=(3,), groups=2048, bias=False)
2026-09-15T04:11:12.034Z         (k_conv1d): CausalConv1d(2048, 2048, kernel_size=(4,), stride=(1,), padding=(3,), groups=2048, bias=False)
2026-09-15T04:11:12.034Z         (v_conv1d): CausalConv1d(4096, 4096, kernel_size=(4,), stride=(1,), padding=(3,), groups=4096, bias=False)
2026-09-15T04:11:12.034Z         (w_g): Linear(in_features=2560, out_features=4096, bias=False)
2026-09-15T04:11:12.034Z         (o_norm): FusedRMSNormGated(128, eps=1e-06, activation=swish)
2026-09-15T04:11:12.034Z         (w_out): Linear(in_features=4096, out_features=2560, bias=False)
2026-09-15T04:11:12.034Z       )
2026-09-15T04:11:12.034Z       (attention_norm): QwenRMSNorm((2560,), eps=1e-06)
2026-09-15T04:11:12.034Z       (attention_residual_stream): ResidualStream(
2026-09-15T04:11:12.034Z         (dropout): Identity()
2026-09-15T04:11:12.034Z       )
2026-09-15T04:11:12.034Z       (feed_forward): FeedForward(
2026-09-15T04:11:12.034Z         (w1): Linear(in_features=2560, out_features=9216, bias=False)
2026-09-15T04:11:12.034Z         (w2): Linear(in_features=9216, out_features=2560, bias=False)
2026-09-15T04:11:12.034Z         (w3): Linear(in_features=2560, out_features=9216, bias=False)
2026-09-15T04:11:12.034Z       )
2026-09-15T04:11:12.034Z       (feed_forward_norm): QwenRMSNorm((2560,), eps=1e-06)
2026-09-15T04:11:12.034Z       (feed_forward_residual_stream): ResidualStream(
2026-09-15T04:11:12.034Z         (dropout): Identity()
2026-09-15T04:11:12.034Z       )
2026-09-15T04:11:12.034Z     )
2026-09-15T04:11:12.034Z     (13): TransformerBlock(
2026-09-15T04:11:12.034Z       (attention): GatedDeltaNet(
2026-09-15T04:11:12.034Z         (w_q): Linear(in_features=2560, out_features=2048, bias=False)
2026-09-15T04:11:12.034Z         (w_k): Linear(in_features=2560, out_features=2048, bias=False)
2026-09-15T04:11:12.034Z         (w_v): Linear(in_features=2560, out_features=4096, bias=False)
2026-09-15T04:11:12.034Z         (w_a): Linear(in_features=2560, out_features=32, bias=False)
2026-09-15T04:11:12.034Z         (w_b): Linear(in_features=2560, out_features=32, bias=False)
2026-09-15T04:11:12.034Z         (q_conv1d): CausalConv1d(2048, 2048, kernel_size=(4,), stride=(1,), padding=(3,), groups=2048, bias=False)
2026-09-15T04:11:12.034Z         (k_conv1d): CausalConv1d(2048, 2048, kernel_size=(4,), stride=(1,), padding=(3,), groups=2048, bias=False)
2026-09-15T04:11:12.034Z         (v_conv1d): CausalConv1d(4096, 4096, kernel_size=(4,), stride=(1,), padding=(3,), groups=4096, bias=False)
2026-09-15T04:11:12.034Z         (w_g): Linear(in_features=2560, out_features=4096, bias=False)
2026-09-15T04:11:12.034Z         (o_norm): FusedRMSNormGated(128, eps=1e-06, activation=swish)
2026-09-15T04:11:12.034Z         (w_out): Linear(in_features=4096, out_features=2560, bias=False)
2026-09-15T04:11:12.034Z       )
2026-09-15T04:11:12.034Z       (attention_norm): QwenRMSNorm((2560,), eps=1e-06)
2026-09-15T04:11:12.034Z       (attention_residual_stream): ResidualStream(
2026-09-15T04:11:12.034Z         (dropout): Identity()
2026-09-15T04:11:12.034Z       )
2026-09-15T04:11:12.034Z       (feed_forward): FeedForward(
2026-09-15T04:11:12.034Z         (w1): Linear(in_features=2560, out_features=9216, bias=False)
2026-09-15T04:11:12.034Z         (w2): Linear(in_features=9216, out_features=2560, bias=False)
2026-09-15T04:11:12.034Z         (w3): Linear(in_features=2560, out_features=9216, bias=False)
2026-09-15T04:11:12.034Z       )
2026-09-15T04:11:12.034Z       (feed_forward_norm): QwenRMSNorm((2560,), eps=1e-06)
2026-09-15T04:11:12.034Z       (feed_forward_residual_stream): ResidualStream(
2026-09-15T04:11:12.034Z         (dropout): Identity()
2026-09-15T04:11:12.034Z       )
2026-09-15T04:11:12.034Z     )
2026-09-15T04:11:12.034Z     (14): TransformerBlock(
2026-09-15T04:11:12.034Z       (attention): GatedDeltaNet(
2026-09-15T04:11:12.034Z         (w_q): Linear(in_features=2560, out_features=2048, bias=False)
2026-09-15T04:11:12.034Z         (w_k): Linear(in_features=2560, out_features=2048, bias=False)
2026-09-15T04:11:12.034Z         (w_v): Linear(in_features=2560, out_features=4096, bias=False)
2026-09-15T04:11:12.034Z         (w_a): Linear(in_features=2560, out_features=32, bias=False)
2026-09-15T04:11:12.034Z         (w_b): Linear(in_features=2560, out_features=32, bias=False)
2026-09-15T04:11:12.034Z         (q_conv1d): CausalConv1d(2048, 2048, kernel_size=(4,), stride=(1,), padding=(3,), groups=2048, bias=False)
2026-09-15T04:11:12.034Z         (k_conv1d): CausalConv1d(2048, 2048, kernel_size=(4,), stride=(1,), padding=(3,), groups=2048, bias=False)
2026-09-15T04:11:12.034Z         (v_conv1d): CausalConv1d(4096, 4096, kernel_size=(4,), stride=(1,), padding=(3,), groups=4096, bias=False)
2026-09-15T04:11:12.034Z         (w_g): Linear(in_features=2560, out_features=4096, bias=False)
2026-09-15T04:11:12.034Z         (o_norm): FusedRMSNormGated(128, eps=1e-06, activation=swish)
2026-09-15T04:11:12.035Z         (w_out): Linear(in_features=4096, out_features=2560, bias=False)
2026-09-15T04:11:12.035Z       )
2026-09-15T04:11:12.035Z       (attention_norm): QwenRMSNorm((2560,), eps=1e-06)
2026-09-15T04:11:12.035Z       (attention_residual_stream): ResidualStream(
2026-09-15T04:11:12.035Z         (dropout): Identity()
2026-09-15T04:11:12.035Z       )
2026-09-15T04:11:12.035Z       (feed_forward): FeedForward(
2026-09-15T04:11:12.035Z         (w1): Linear(in_features=2560, out_features=9216, bias=False)
2026-09-15T04:11:12.035Z         (w2): Linear(in_features=9216, out_features=2560, bias=False)
2026-09-15T04:11:12.035Z         (w3): Linear(in_features=2560, out_features=9216, bias=False)
2026-09-15T04:11:12.035Z       )
2026-09-15T04:11:12.035Z       (feed_forward_norm): QwenRMSNorm((2560,), eps=1e-06)
2026-09-15T04:11:12.035Z       (feed_forward_residual_stream): ResidualStream(
2026-09-15T04:11:12.035Z         (dropout): Identity()
2026-09-15T04:11:12.035Z       )
2026-09-15T04:11:12.035Z     )
2026-09-15T04:11:12.035Z     (15): TransformerBlock(
2026-09-15T04:11:12.035Z       (attention): Attention(
2026-09-15T04:11:12.035Z         (w_q): Linear(in_features=2560, out_features=4096, bias=False)
2026-09-15T04:11:12.035Z         (w_k): Linear(in_features=2560, out_features=1024, bias=False)
2026-09-15T04:11:12.035Z         (w_v): Linear(in_features=2560, out_features=1024, bias=False)
2026-09-15T04:11:12.035Z         (w_out): Linear(in_features=4096, out_features=2560, bias=False)
2026-09-15T04:11:12.035Z         (w_g): Linear(in_features=2560, out_features=4096, bias=False)
2026-09-15T04:11:12.035Z         (q_norm): QwenRMSNorm((256,), eps=1e-06)
2026-09-15T04:11:12.035Z         (k_norm): QwenRMSNorm((256,), eps=1e-06)
2026-09-15T04:11:12.035Z         (rope): RotaryEmbedding()
2026-09-15T04:11:12.035Z         (backend): FlashAttention2Backend()
2026-09-15T04:11:12.035Z       )
2026-09-15T04:11:12.035Z       (attention_norm): QwenRMSNorm((2560,), eps=1e-06)
2026-09-15T04:11:12.035Z       (attention_residual_stream): ResidualStream(
2026-09-15T04:11:12.035Z         (dropout): Identity()
2026-09-15T04:11:12.035Z       )
2026-09-15T04:11:12.035Z       (feed_forward): FeedForward(
2026-09-15T04:11:12.035Z         (w1): Linear(in_features=2560, out_features=9216, bias=False)
2026-09-15T04:11:12.035Z         (w2): Linear(in_features=9216, out_features=2560, bias=False)
2026-09-15T04:11:12.035Z         (w3): Linear(in_features=2560, out_features=9216, bias=False)
2026-09-15T04:11:12.035Z       )
2026-09-15T04:11:12.035Z       (feed_forward_norm): QwenRMSNorm((2560,), eps=1e-06)
2026-09-15T04:11:12.035Z       (feed_forward_residual_stream): ResidualStream(
2026-09-15T04:11:12.035Z         (dropout): Identity()
2026-09-15T04:11:12.035Z       )
2026-09-15T04:11:12.035Z     )
2026-09-15T04:11:12.035Z     (16): TransformerBlock(
2026-09-15T04:11:12.035Z       (attention): GatedDeltaNet(
2026-09-15T04:11:12.035Z         (w_q): Linear(in_features=2560, out_features=2048, bias=False)
2026-09-15T04:11:12.035Z         (w_k): Linear(in_features=2560, out_features=2048, bias=False)
2026-09-15T04:11:12.035Z         (w_v): Linear(in_features=2560, out_features=4096, bias=False)
2026-09-15T04:11:12.035Z         (w_a): Linear(in_features=2560, out_features=32, bias=False)
2026-09-15T04:11:12.035Z         (w_b): Linear(in_features=2560, out_features=32, bias=False)
2026-09-15T04:11:12.035Z         (q_conv1d): CausalConv1d(2048, 2048, kernel_size=(4,), stride=(1,), padding=(3,), groups=2048, bias=False)
2026-09-15T04:11:12.035Z         (k_conv1d): CausalConv1d(2048, 2048, kernel_size=(4,), stride=(1,), padding=(3,), groups=2048, bias=False)
2026-09-15T04:11:12.035Z         (v_conv1d): CausalConv1d(4096, 4096, kernel_size=(4,), stride=(1,), padding=(3,), groups=4096, bias=False)
2026-09-15T04:11:12.035Z         (w_g): Linear(in_features=2560, out_features=4096, bias=False)
2026-09-15T04:11:12.035Z         (o_norm): FusedRMSNormGated(128, eps=1e-06, activation=swish)
2026-09-15T04:11:12.035Z         (w_out): Linear(in_features=4096, out_features=2560, bias=False)
2026-09-15T04:11:12.035Z       )
2026-09-15T04:11:12.035Z       (attention_norm): QwenRMSNorm((2560,), eps=1e-06)
2026-09-15T04:11:12.035Z       (attention_residual_stream): ResidualStream(
2026-09-15T04:11:12.035Z         (dropout): Identity()
2026-09-15T04:11:12.035Z       )
2026-09-15T04:11:12.035Z       (feed_forward): FeedForward(
2026-09-15T04:11:12.035Z         (w1): Linear(in_features=2560, out_features=9216, bias=False)
2026-09-15T04:11:12.035Z         (w2): Linear(in_features=9216, out_features=2560, bias=False)
2026-09-15T04:11:12.035Z         (w3): Linear(in_features=2560, out_features=9216, bias=False)
2026-09-15T04:11:12.035Z       )
2026-09-15T04:11:12.035Z       (feed_forward_norm): QwenRMSNorm((2560,), eps=1e-06)
2026-09-15T04:11:12.035Z       (feed_forward_residual_stream): ResidualStream(
2026-09-15T04:11:12.035Z         (dropout): Identity()
2026-09-15T04:11:12.035Z       )
2026-09-15T04:11:12.035Z     )
2026-09-15T04:11:12.035Z     (17): TransformerBlock(
2026-09-15T04:11:12.035Z       (attention): GatedDeltaNet(
2026-09-15T04:11:12.035Z         (w_q): Linear(in_features=2560, out_features=2048, bias=False)
2026-09-15T04:11:12.035Z         (w_k): Linear(in_features=2560, out_features=2048, bias=False)
2026-09-15T04:11:12.035Z         (w_v): Linear(in_features=2560, out_features=4096, bias=False)
2026-09-15T04:11:12.035Z         (w_a): Linear(in_features=2560, out_features=32, bias=False)
2026-09-15T04:11:12.035Z         (w_b): Linear(in_features=2560, out_features=32, bias=False)
2026-09-15T04:11:12.035Z         (q_conv1d): CausalConv1d(2048, 2048, kernel_size=(4,), stride=(1,), padding=(3,), groups=2048, bias=False)
2026-09-15T04:11:12.035Z         (k_conv1d): CausalConv1d(2048, 2048, kernel_size=(4,), stride=(1,), padding=(3,), groups=2048, bias=False)
2026-09-15T04:11:12.035Z         (v_conv1d): CausalConv1d(4096, 4096, kernel_size=(4,), stride=(1,), padding=(3,), groups=4096, bias=False)
2026-09-15T04:11:12.035Z         (w_g): Linear(in_features=2560, out_features=4096, bias=False)
2026-09-15T04:11:12.035Z         (o_norm): FusedRMSNormGated(128, eps=1e-06, activation=swish)
2026-09-15T04:11:12.035Z         (w_out): Linear(in_features=4096, out_features=2560, bias=False)
2026-09-15T04:11:12.035Z       )
2026-09-15T04:11:12.035Z       (attention_norm): QwenRMSNorm((2560,), eps=1e-06)
2026-09-15T04:11:12.035Z       (attention_residual_stream): ResidualStream(
2026-09-15T04:11:12.035Z         (dropout): Identity()
2026-09-15T04:11:12.035Z       )
2026-09-15T04:11:12.035Z       (feed_forward): FeedForward(
2026-09-15T04:11:12.035Z         (w1): Linear(in_features=2560, out_features=9216, bias=False)
2026-09-15T04:11:12.035Z         (w2): Linear(in_features=9216, out_features=2560, bias=False)
2026-09-15T04:11:12.035Z         (w3): Linear(in_features=2560, out_features=9216, bias=False)
2026-09-15T04:11:12.035Z       )
2026-09-15T04:11:12.035Z       (feed_forward_norm): QwenRMSNorm((2560,), eps=1e-06)
2026-09-15T04:11:12.035Z       (feed_forward_residual_stream): ResidualStream(
2026-09-15T04:11:12.035Z         (dropout): Identity()
2026-09-15T04:11:12.035Z       )
2026-09-15T04:11:12.035Z     )
2026-09-15T04:11:12.035Z     (18): TransformerBlock(
2026-09-15T04:11:12.035Z       (attention): GatedDeltaNet(
2026-09-15T04:11:12.035Z         (w_q): Linear(in_features=2560, out_features=2048, bias=False)
2026-09-15T04:11:12.035Z         (w_k): Linear(in_features=2560, out_features=2048, bias=False)
2026-09-15T04:11:12.035Z         (w_v): Linear(in_features=2560, out_features=4096, bias=False)
2026-09-15T04:11:12.035Z         (w_a): Linear(in_features=2560, out_features=32, bias=False)
2026-09-15T04:11:12.035Z         (w_b): Linear(in_features=2560, out_features=32, bias=False)
2026-09-15T04:11:12.035Z         (q_conv1d): CausalConv1d(2048, 2048, kernel_size=(4,), stride=(1,), padding=(3,), groups=2048, bias=False)
2026-09-15T04:11:12.035Z         (k_conv1d): CausalConv1d(2048, 2048, kernel_size=(4,), stride=(1,), padding=(3,), groups=2048, bias=False)
2026-09-15T04:11:12.035Z         (v_conv1d): CausalConv1d(4096, 4096, kernel_size=(4,), stride=(1,), padding=(3,), groups=4096, bias=False)
2026-09-15T04:11:12.035Z         (w_g): Linear(in_features=2560, out_features=4096, bias=False)
2026-09-15T04:11:12.035Z         (o_norm): FusedRMSNormGated(128, eps=1e-06, activation=swish)
2026-09-15T04:11:12.035Z         (w_out): Linear(in_features=4096, out_features=2560, bias=False)
2026-09-15T04:11:12.035Z       )
2026-09-15T04:11:12.035Z       (attention_norm): QwenRMSNorm((2560,), eps=1e-06)
2026-09-15T04:11:12.035Z       (attention_residual_stream): ResidualStream(
2026-09-15T04:11:12.035Z         (dropout): Identity()
2026-09-15T04:11:12.035Z       )
2026-09-15T04:11:12.035Z       (feed_forward): FeedForward(
2026-09-15T04:11:12.035Z         (w1): Linear(in_features=2560, out_features=9216, bias=False)
2026-09-15T04:11:12.035Z         (w2): Linear(in_features=9216, out_features=2560, bias=False)
2026-09-15T04:11:12.035Z         (w3): Linear(in_features=2560, out_features=9216, bias=False)
2026-09-15T04:11:12.035Z       )
2026-09-15T04:11:12.035Z       (feed_forward_norm): QwenRMSNorm((2560,), eps=1e-06)
2026-09-15T04:11:12.035Z       (feed_forward_residual_stream): ResidualStream(
2026-09-15T04:11:12.035Z         (dropout): Identity()
2026-09-15T04:11:12.035Z       )
2026-09-15T04:11:12.035Z     )
2026-09-15T04:11:12.035Z     (19): TransformerBlock(
2026-09-15T04:11:12.035Z       (attention): Attention(
2026-09-15T04:11:12.035Z         (w_q): Linear(in_features=2560, out_features=4096, bias=False)
2026-09-15T04:11:12.035Z         (w_k): Linear(in_features=2560, out_features=1024, bias=False)
2026-09-15T04:11:12.035Z         (w_v): Linear(in_features=2560, out_features=1024, bias=False)
2026-09-15T04:11:12.035Z         (w_out): Linear(in_features=4096, out_features=2560, bias=False)
2026-09-15T04:11:12.035Z         (w_g): Linear(in_features=2560, out_features=4096, bias=False)
2026-09-15T04:11:12.035Z         (q_norm): QwenRMSNorm((256,), eps=1e-06)
2026-09-15T04:11:12.035Z         (k_norm): QwenRMSNorm((256,), eps=1e-06)
2026-09-15T04:11:12.035Z         (rope): RotaryEmbedding()
2026-09-15T04:11:12.035Z         (backend): FlashAttention2Backend()
2026-09-15T04:11:12.035Z       )
2026-09-15T04:11:12.035Z       (attention_norm): QwenRMSNorm((2560,), eps=1e-06)
2026-09-15T04:11:12.035Z       (attention_residual_stream): ResidualStream(
2026-09-15T04:11:12.035Z         (dropout): Identity()
2026-09-15T04:11:12.035Z       )
2026-09-15T04:11:12.035Z       (feed_forward): FeedForward(
2026-09-15T04:11:12.035Z         (w1): Linear(in_features=2560, out_features=9216, bias=False)
2026-09-15T04:11:12.035Z         (w2): Linear(in_features=9216, out_features=2560, bias=False)
2026-09-15T04:11:12.035Z         (w3): Linear(in_features=2560, out_features=9216, bias=False)
2026-09-15T04:11:12.035Z       )
2026-09-15T04:11:12.035Z       (feed_forward_norm): QwenRMSNorm((2560,), eps=1e-06)
2026-09-15T04:11:12.035Z       (feed_forward_residual_stream): ResidualStream(
2026-09-15T04:11:12.035Z         (dropout): Identity()
2026-09-15T04:11:12.035Z       )
2026-09-15T04:11:12.035Z     )
2026-09-15T04:11:12.035Z     (20): TransformerBlock(
2026-09-15T04:11:12.035Z       (attention): GatedDeltaNet(
2026-09-15T04:11:12.035Z         (w_q): Linear(in_features=2560, out_features=2048, bias=False)
2026-09-15T04:11:12.035Z         (w_k): Linear(in_features=2560, out_features=2048, bias=False)
2026-09-15T04:11:12.035Z         (w_v): Linear(in_features=2560, out_features=4096, bias=False)
2026-09-15T04:11:12.035Z         (w_a): Linear(in_features=2560, out_features=32, bias=False)
2026-09-15T04:11:12.035Z         (w_b): Linear(in_features=2560, out_features=32, bias=False)
2026-09-15T04:11:12.035Z         (q_conv1d): CausalConv1d(2048, 2048, kernel_size=(4,), stride=(1,), padding=(3,), groups=2048, bias=False)
2026-09-15T04:11:12.035Z         (k_conv1d): CausalConv1d(2048, 2048, kernel_size=(4,), stride=(1,), padding=(3,), groups=2048, bias=False)
2026-09-15T04:11:12.035Z         (v_conv1d): CausalConv1d(4096, 4096, kernel_size=(4,), stride=(1,), padding=(3,), groups=4096, bias=False)
2026-09-15T04:11:12.035Z         (w_g): Linear(in_features=2560, out_features=4096, bias=False)
2026-09-15T04:11:12.035Z         (o_norm): FusedRMSNormGated(128, eps=1e-06, activation=swish)
2026-09-15T04:11:12.035Z         (w_out): Linear(in_features=4096, out_features=2560, bias=False)
2026-09-15T04:11:12.035Z       )
2026-09-15T04:11:12.035Z       (attention_norm): QwenRMSNorm((2560,), eps=1e-06)
2026-09-15T04:11:12.035Z       (attention_residual_stream): ResidualStream(
2026-09-15T04:11:12.035Z         (dropout): Identity()
2026-09-15T04:11:12.035Z       )
2026-09-15T04:11:12.035Z       (feed_forward): FeedForward(
2026-09-15T04:11:12.035Z         (w1): Linear(in_features=2560, out_features=9216, bias=False)
2026-09-15T04:11:12.035Z         (w2): Linear(in_features=9216, out_features=2560, bias=False)
2026-09-15T04:11:12.035Z         (w3): Linear(in_features=2560, out_features=9216, bias=False)
2026-09-15T04:11:12.035Z       )
2026-09-15T04:11:12.035Z       (feed_forward_norm): QwenRMSNorm((2560,), eps=1e-06)
2026-09-15T04:11:12.035Z       (feed_forward_residual_stream): ResidualStream(
2026-09-15T04:11:12.035Z         (dropout): Identity()
2026-09-15T04:11:12.035Z       )
2026-09-15T04:11:12.035Z     )
2026-09-15T04:11:12.035Z     (21): TransformerBlock(
2026-09-15T04:11:12.035Z       (attention): GatedDeltaNet(
2026-09-15T04:11:12.035Z         (w_q): Linear(in_features=2560, out_features=2048, bias=False)
2026-09-15T04:11:12.035Z         (w_k): Linear(in_features=2560, out_features=2048, bias=False)
2026-09-15T04:11:12.035Z         (w_v): Linear(in_features=2560, out_features=4096, bias=False)
2026-09-15T04:11:12.035Z         (w_a): Linear(in_features=2560, out_features=32, bias=False)
2026-09-15T04:11:12.035Z         (w_b): Linear(in_features=2560, out_features=32, bias=False)
2026-09-15T04:11:12.035Z         (q_conv1d): CausalConv1d(2048, 2048, kernel_size=(4,), stride=(1,), padding=(3,), groups=2048, bias=False)
2026-09-15T04:11:12.035Z         (k_conv1d): CausalConv1d(2048, 2048, kernel_size=(4,), stride=(1,), padding=(3,), groups=2048, bias=False)
2026-09-15T04:11:12.035Z         (v_conv1d): CausalConv1d(4096, 4096, kernel_size=(4,), stride=(1,), padding=(3,), groups=4096, bias=False)
2026-09-15T04:11:12.035Z         (w_g): Linear(in_features=2560, out_features=4096, bias=False)
2026-09-15T04:11:12.035Z         (o_norm): FusedRMSNormGated(128, eps=1e-06, activation=swish)
2026-09-15T04:11:12.035Z         (w_out): Linear(in_features=4096, out_features=2560, bias=False)
2026-09-15T04:11:12.035Z       )
2026-09-15T04:11:12.035Z       (attention_norm): QwenRMSNorm((2560,), eps=1e-06)
2026-09-15T04:11:12.035Z       (attention_residual_stream): ResidualStream(
2026-09-15T04:11:12.035Z         (dropout): Identity()
2026-09-15T04:11:12.035Z       )
2026-09-15T04:11:12.035Z       (feed_forward): FeedForward(
2026-09-15T04:11:12.035Z         (w1): Linear(in_features=2560, out_features=9216, bias=False)
2026-09-15T04:11:12.035Z         (w2): Linear(in_features=9216, out_features=2560, bias=False)
2026-09-15T04:11:12.035Z         (w3): Linear(in_features=2560, out_features=9216, bias=False)
2026-09-15T04:11:12.035Z       )
2026-09-15T04:11:12.035Z       (feed_forward_norm): QwenRMSNorm((2560,), eps=1e-06)
2026-09-15T04:11:12.035Z       (feed_forward_residual_stream): ResidualStream(
2026-09-15T04:11:12.035Z         (dropout): Identity()
2026-09-15T04:11:12.035Z       )
2026-09-15T04:11:12.035Z     )
2026-09-15T04:11:12.035Z     (22): TransformerBlock(
2026-09-15T04:11:12.035Z       (attention): GatedDeltaNet(
2026-09-15T04:11:12.035Z         (w_q): Linear(in_features=2560, out_features=2048, bias=False)
2026-09-15T04:11:12.035Z         (w_k): Linear(in_features=2560, out_features=2048, bias=False)
2026-09-15T04:11:12.035Z         (w_v): Linear(in_features=2560, out_features=4096, bias=False)
2026-09-15T04:11:12.035Z         (w_a): Linear(in_features=2560, out_features=32, bias=False)
2026-09-15T04:11:12.035Z         (w_b): Linear(in_features=2560, out_features=32, bias=False)
2026-09-15T04:11:12.035Z         (q_conv1d): CausalConv1d(2048, 2048, kernel_size=(4,), stride=(1,), padding=(3,), groups=2048, bias=False)
2026-09-15T04:11:12.035Z         (k_conv1d): CausalConv1d(2048, 2048, kernel_size=(4,), stride=(1,), padding=(3,), groups=2048, bias=False)
2026-09-15T04:11:12.035Z         (v_conv1d): CausalConv1d(4096, 4096, kernel_size=(4,), stride=(1,), padding=(3,), groups=4096, bias=False)
2026-09-15T04:11:12.035Z         (w_g): Linear(in_features=2560, out_features=4096, bias=False)
2026-09-15T04:11:12.035Z         (o_norm): FusedRMSNormGated(128, eps=1e-06, activation=swish)
2026-09-15T04:11:12.035Z         (w_out): Linear(in_features=4096, out_features=2560, bias=False)
2026-09-15T04:11:12.035Z       )
2026-09-15T04:11:12.035Z       (attention_norm): QwenRMSNorm((2560,), eps=1e-06)
2026-09-15T04:11:12.035Z       (attention_residual_stream): ResidualStream(
2026-09-15T04:11:12.035Z         (dropout): Identity()
2026-09-15T04:11:12.035Z       )
2026-09-15T04:11:12.035Z       (feed_forward): FeedForward(
2026-09-15T04:11:12.035Z         (w1): Linear(in_features=2560, out_features=9216, bias=False)
2026-09-15T04:11:12.035Z         (w2): Linear(in_features=9216, out_features=2560, bias=False)
2026-09-15T04:11:12.035Z         (w3): Linear(in_features=2560, out_features=9216, bias=False)
2026-09-15T04:11:12.035Z       )
2026-09-15T04:11:12.035Z       (feed_forward_norm): QwenRMSNorm((2560,), eps=1e-06)
2026-09-15T04:11:12.035Z       (feed_forward_residual_stream): ResidualStream(
2026-09-15T04:11:12.035Z         (dropout): Identity()
2026-09-15T04:11:12.035Z       )
2026-09-15T04:11:12.035Z     )
2026-09-15T04:11:12.035Z     (23): TransformerBlock(
2026-09-15T04:11:12.035Z       (attention): Attention(
2026-09-15T04:11:12.035Z         (w_q): Linear(in_features=2560, out_features=4096, bias=False)
2026-09-15T04:11:12.035Z         (w_k): Linear(in_features=2560, out_features=1024, bias=False)
2026-09-15T04:11:12.035Z         (w_v): Linear(in_features=2560, out_features=1024, bias=False)
2026-09-15T04:11:12.035Z         (w_out): Linear(in_features=4096, out_features=2560, bias=False)
2026-09-15T04:11:12.035Z         (w_g): Linear(in_features=2560, out_features=4096, bias=False)
2026-09-15T04:11:12.035Z         (q_norm): QwenRMSNorm((256,), eps=1e-06)
2026-09-15T04:11:12.035Z         (k_norm): QwenRMSNorm((256,), eps=1e-06)
2026-09-15T04:11:12.035Z         (rope): RotaryEmbedding()
2026-09-15T04:11:12.035Z         (backend): FlashAttention2Backend()
2026-09-15T04:11:12.035Z       )
2026-09-15T04:11:12.035Z       (attention_norm): QwenRMSNorm((2560,), eps=1e-06)
2026-09-15T04:11:12.035Z       (attention_residual_stream): ResidualStream(
2026-09-15T04:11:12.035Z         (dropout): Identity()
2026-09-15T04:11:12.035Z       )
2026-09-15T04:11:12.035Z       (feed_forward): FeedForward(
2026-09-15T04:11:12.035Z         (w1): Linear(in_features=2560, out_features=9216, bias=False)
2026-09-15T04:11:12.035Z         (w2): Linear(in_features=9216, out_features=2560, bias=False)
2026-09-15T04:11:12.035Z         (w3): Linear(in_features=2560, out_features=9216, bias=False)
2026-09-15T04:11:12.035Z       )
2026-09-15T04:11:12.035Z       (feed_forward_norm): QwenRMSNorm((2560,), eps=1e-06)
2026-09-15T04:11:12.035Z       (feed_forward_residual_stream): ResidualStream(
2026-09-15T04:11:12.035Z         (dropout): Identity()
2026-09-15T04:11:12.035Z       )
2026-09-15T04:11:12.035Z     )
2026-09-15T04:11:12.035Z     (24): TransformerBlock(
2026-09-15T04:11:12.035Z       (attention): GatedDeltaNet(
2026-09-15T04:11:12.035Z         (w_q): Linear(in_features=2560, out_features=2048, bias=False)
2026-09-15T04:11:12.035Z         (w_k): Linear(in_features=2560, out_features=2048, bias=False)
2026-09-15T04:11:12.035Z         (w_v): Linear(in_features=2560, out_features=4096, bias=False)
2026-09-15T04:11:12.035Z         (w_a): Linear(in_features=2560, out_features=32, bias=False)
2026-09-15T04:11:12.035Z         (w_b): Linear(in_features=2560, out_features=32, bias=False)
2026-09-15T04:11:12.035Z         (q_conv1d): CausalConv1d(2048, 2048, kernel_size=(4,), stride=(1,), padding=(3,), groups=2048, bias=False)
2026-09-15T04:11:12.035Z         (k_conv1d): CausalConv1d(2048, 2048, kernel_size=(4,), stride=(1,), padding=(3,), groups=2048, bias=False)
2026-09-15T04:11:12.035Z         (v_conv1d): CausalConv1d(4096, 4096, kernel_size=(4,), stride=(1,), padding=(3,), groups=4096, bias=False)
2026-09-15T04:11:12.036Z         (w_g): Linear(in_features=2560, out_features=4096, bias=False)
2026-09-15T04:11:12.036Z         (o_norm): FusedRMSNormGated(128, eps=1e-06, activation=swish)
2026-09-15T04:11:12.036Z         (w_out): Linear(in_features=4096, out_features=2560, bias=False)
2026-09-15T04:11:12.036Z       )
2026-09-15T04:11:12.036Z       (attention_norm): QwenRMSNorm((2560,), eps=1e-06)
2026-09-15T04:11:12.036Z       (attention_residual_stream): ResidualStream(
2026-09-15T04:11:12.036Z         (dropout): Identity()
2026-09-15T04:11:12.036Z       )
2026-09-15T04:11:12.036Z       (feed_forward): FeedForward(
2026-09-15T04:11:12.036Z         (w1): Linear(in_features=2560, out_features=9216, bias=False)
2026-09-15T04:11:12.036Z         (w2): Linear(in_features=9216, out_features=2560, bias=False)
2026-09-15T04:11:12.036Z         (w3): Linear(in_features=2560, out_features=9216, bias=False)
2026-09-15T04:11:12.036Z       )
2026-09-15T04:11:12.036Z       (feed_forward_norm): QwenRMSNorm((2560,), eps=1e-06)
2026-09-15T04:11:12.036Z       (feed_forward_residual_stream): ResidualStream(
2026-09-15T04:11:12.036Z         (dropout): Identity()
2026-09-15T04:11:12.036Z       )
2026-09-15T04:11:12.036Z     )
2026-09-15T04:11:12.036Z     (25): TransformerBlock(
2026-09-15T04:11:12.036Z       (attention): GatedDeltaNet(
2026-09-15T04:11:12.036Z         (w_q): Linear(in_features=2560, out_features=2048, bias=False)
2026-09-15T04:11:12.036Z         (w_k): Linear(in_features=2560, out_features=2048, bias=False)
2026-09-15T04:11:12.036Z         (w_v): Linear(in_features=2560, out_features=4096, bias=False)
2026-09-15T04:11:12.036Z         (w_a): Linear(in_features=2560, out_features=32, bias=False)
2026-09-15T04:11:12.036Z         (w_b): Linear(in_features=2560, out_features=32, bias=False)
2026-09-15T04:11:12.036Z         (q_conv1d): CausalConv1d(2048, 2048, kernel_size=(4,), stride=(1,), padding=(3,), groups=2048, bias=False)
2026-09-15T04:11:12.036Z         (k_conv1d): CausalConv1d(2048, 2048, kernel_size=(4,), stride=(1,), padding=(3,), groups=2048, bias=False)
2026-09-15T04:11:12.036Z         (v_conv1d): CausalConv1d(4096, 4096, kernel_size=(4,), stride=(1,), padding=(3,), groups=4096, bias=False)
2026-09-15T04:11:12.036Z         (w_g): Linear(in_features=2560, out_features=4096, bias=False)
2026-09-15T04:11:12.036Z         (o_norm): FusedRMSNormGated(128, eps=1e-06, activation=swish)
2026-09-15T04:11:12.036Z         (w_out): Linear(in_features=4096, out_features=2560, bias=False)
2026-09-15T04:11:12.036Z       )
2026-09-15T04:11:12.036Z       (attention_norm): QwenRMSNorm((2560,), eps=1e-06)
2026-09-15T04:11:12.036Z       (attention_residual_stream): ResidualStream(
2026-09-15T04:11:12.036Z         (dropout): Identity()
2026-09-15T04:11:12.036Z       )
2026-09-15T04:11:12.036Z       (feed_forward): FeedForward(
2026-09-15T04:11:12.036Z         (w1): Linear(in_features=2560, out_features=9216, bias=False)
2026-09-15T04:11:12.036Z         (w2): Linear(in_features=9216, out_features=2560, bias=False)
2026-09-15T04:11:12.036Z         (w3): Linear(in_features=2560, out_features=9216, bias=False)
2026-09-15T04:11:12.036Z       )
2026-09-15T04:11:12.036Z       (feed_forward_norm): QwenRMSNorm((2560,), eps=1e-06)
2026-09-15T04:11:12.036Z       (feed_forward_residual_stream): ResidualStream(
2026-09-15T04:11:12.036Z         (dropout): Identity()
2026-09-15T04:11:12.036Z       )
2026-09-15T04:11:12.036Z     )
2026-09-15T04:11:12.036Z     (26): TransformerBlock(
2026-09-15T04:11:12.036Z       (attention): GatedDeltaNet(
2026-09-15T04:11:12.036Z         (w_q): Linear(in_features=2560, out_features=2048, bias=False)
2026-09-15T04:11:12.036Z         (w_k): Linear(in_features=2560, out_features=2048, bias=False)
2026-09-15T04:11:12.036Z         (w_v): Linear(in_features=2560, out_features=4096, bias=False)
2026-09-15T04:11:12.036Z         (w_a): Linear(in_features=2560, out_features=32, bias=False)
2026-09-15T04:11:12.036Z         (w_b): Linear(in_features=2560, out_features=32, bias=False)
2026-09-15T04:11:12.036Z         (q_conv1d): CausalConv1d(2048, 2048, kernel_size=(4,), stride=(1,), padding=(3,), groups=2048, bias=False)
2026-09-15T04:11:12.036Z         (k_conv1d): CausalConv1d(2048, 2048, kernel_size=(4,), stride=(1,), padding=(3,), groups=2048, bias=False)
2026-09-15T04:11:12.036Z         (v_conv1d): CausalConv1d(4096, 4096, kernel_size=(4,), stride=(1,), padding=(3,), groups=4096, bias=False)
2026-09-15T04:11:12.036Z         (w_g): Linear(in_features=2560, out_features=4096, bias=False)
2026-09-15T04:11:12.036Z         (o_norm): FusedRMSNormGated(128, eps=1e-06, activation=swish)
2026-09-15T04:11:12.036Z         (w_out): Linear(in_features=4096, out_features=2560, bias=False)
2026-09-15T04:11:12.036Z       )
2026-09-15T04:11:12.036Z       (attention_norm): QwenRMSNorm((2560,), eps=1e-06)
2026-09-15T04:11:12.036Z       (attention_residual_stream): ResidualStream(
2026-09-15T04:11:12.036Z         (dropout): Identity()
2026-09-15T04:11:12.036Z       )
2026-09-15T04:11:12.036Z       (feed_forward): FeedForward(
2026-09-15T04:11:12.036Z         (w1): Linear(in_features=2560, out_features=9216, bias=False)
2026-09-15T04:11:12.036Z         (w2): Linear(in_features=9216, out_features=2560, bias=False)
2026-09-15T04:11:12.036Z         (w3): Linear(in_features=2560, out_features=9216, bias=False)
2026-09-15T04:11:12.036Z       )
2026-09-15T04:11:12.036Z       (feed_forward_norm): QwenRMSNorm((2560,), eps=1e-06)
2026-09-15T04:11:12.036Z       (feed_forward_residual_stream): ResidualStream(
2026-09-15T04:11:12.036Z         (dropout): Identity()
2026-09-15T04:11:12.036Z       )
2026-09-15T04:11:12.036Z     )
2026-09-15T04:11:12.036Z     (27): TransformerBlock(
2026-09-15T04:11:12.036Z       (attention): Attention(
2026-09-15T04:11:12.036Z         (w_q): Linear(in_features=2560, out_features=4096, bias=False)
2026-09-15T04:11:12.036Z         (w_k): Linear(in_features=2560, out_features=1024, bias=False)
2026-09-15T04:11:12.036Z         (w_v): Linear(in_features=2560, out_features=1024, bias=False)
2026-09-15T04:11:12.036Z         (w_out): Linear(in_features=4096, out_features=2560, bias=False)
2026-09-15T04:11:12.036Z         (w_g): Linear(in_features=2560, out_features=4096, bias=False)
2026-09-15T04:11:12.036Z         (q_norm): QwenRMSNorm((256,), eps=1e-06)
2026-09-15T04:11:12.036Z         (k_norm): QwenRMSNorm((256,), eps=1e-06)
2026-09-15T04:11:12.036Z         (rope): RotaryEmbedding()
2026-09-15T04:11:12.036Z         (backend): FlashAttention2Backend()
2026-09-15T04:11:12.036Z       )
2026-09-15T04:11:12.036Z       (attention_norm): QwenRMSNorm((2560,), eps=1e-06)
2026-09-15T04:11:12.036Z       (attention_residual_stream): ResidualStream(
2026-09-15T04:11:12.036Z         (dropout): Identity()
2026-09-15T04:11:12.036Z       )
2026-09-15T04:11:12.036Z       (feed_forward): FeedForward(
2026-09-15T04:11:12.036Z         (w1): Linear(in_features=2560, out_features=9216, bias=False)
2026-09-15T04:11:12.036Z         (w2): Linear(in_features=9216, out_features=2560, bias=False)
2026-09-15T04:11:12.036Z         (w3): Linear(in_features=2560, out_features=9216, bias=False)
2026-09-15T04:11:12.036Z       )
2026-09-15T04:11:12.036Z       (feed_forward_norm): QwenRMSNorm((2560,), eps=1e-06)
2026-09-15T04:11:12.036Z       (feed_forward_residual_stream): ResidualStream(
2026-09-15T04:11:12.036Z         (dropout): Identity()
2026-09-15T04:11:12.036Z       )
2026-09-15T04:11:12.036Z     )
2026-09-15T04:11:12.036Z     (28): TransformerBlock(
2026-09-15T04:11:12.036Z       (attention): GatedDeltaNet(
2026-09-15T04:11:12.036Z         (w_q): Linear(in_features=2560, out_features=2048, bias=False)
2026-09-15T04:11:12.036Z         (w_k): Linear(in_features=2560, out_features=2048, bias=False)
2026-09-15T04:11:12.036Z         (w_v): Linear(in_features=2560, out_features=4096, bias=False)
2026-09-15T04:11:12.036Z         (w_a): Linear(in_features=2560, out_features=32, bias=False)
2026-09-15T04:11:12.036Z         (w_b): Linear(in_features=2560, out_features=32, bias=False)
2026-09-15T04:11:12.036Z         (q_conv1d): CausalConv1d(2048, 2048, kernel_size=(4,), stride=(1,), padding=(3,), groups=2048, bias=False)
2026-09-15T04:11:12.036Z         (k_conv1d): CausalConv1d(2048, 2048, kernel_size=(4,), stride=(1,), padding=(3,), groups=2048, bias=False)
2026-09-15T04:11:12.036Z         (v_conv1d): CausalConv1d(4096, 4096, kernel_size=(4,), stride=(1,), padding=(3,), groups=4096, bias=False)
2026-09-15T04:11:12.036Z         (w_g): Linear(in_features=2560, out_features=4096, bias=False)
2026-09-15T04:11:12.036Z         (o_norm): FusedRMSNormGated(128, eps=1e-06, activation=swish)
2026-09-15T04:11:12.036Z         (w_out): Linear(in_features=4096, out_features=2560, bias=False)
2026-09-15T04:11:12.036Z       )
2026-09-15T04:11:12.036Z       (attention_norm): QwenRMSNorm((2560,), eps=1e-06)
2026-09-15T04:11:12.036Z       (attention_residual_stream): ResidualStream(
2026-09-15T04:11:12.036Z         (dropout): Identity()
2026-09-15T04:11:12.036Z       )
2026-09-15T04:11:12.036Z       (feed_forward): FeedForward(
2026-09-15T04:11:12.036Z         (w1): Linear(in_features=2560, out_features=9216, bias=False)
2026-09-15T04:11:12.036Z         (w2): Linear(in_features=9216, out_features=2560, bias=False)
2026-09-15T04:11:12.036Z         (w3): Linear(in_features=2560, out_features=9216, bias=False)
2026-09-15T04:11:12.036Z       )
2026-09-15T04:11:12.036Z       (feed_forward_norm): QwenRMSNorm((2560,), eps=1e-06)
2026-09-15T04:11:12.036Z       (feed_forward_residual_stream): ResidualStream(
2026-09-15T04:11:12.036Z         (dropout): Identity()
2026-09-15T04:11:12.036Z       )
2026-09-15T04:11:12.036Z     )
2026-09-15T04:11:12.036Z     (29): TransformerBlock(
2026-09-15T04:11:12.036Z       (attention): GatedDeltaNet(
2026-09-15T04:11:12.036Z         (w_q): Linear(in_features=2560, out_features=2048, bias=False)
2026-09-15T04:11:12.036Z         (w_k): Linear(in_features=2560, out_features=2048, bias=False)
2026-09-15T04:11:12.036Z         (w_v): Linear(in_features=2560, out_features=4096, bias=False)
2026-09-15T04:11:12.036Z         (w_a): Linear(in_features=2560, out_features=32, bias=False)
2026-09-15T04:11:12.036Z         (w_b): Linear(in_features=2560, out_features=32, bias=False)
2026-09-15T04:11:12.036Z         (q_conv1d): CausalConv1d(2048, 2048, kernel_size=(4,), stride=(1,), padding=(3,), groups=2048, bias=False)
2026-09-15T04:11:12.036Z         (k_conv1d): CausalConv1d(2048, 2048, kernel_size=(4,), stride=(1,), padding=(3,), groups=2048, bias=False)
2026-09-15T04:11:12.036Z         (v_conv1d): CausalConv1d(4096, 4096, kernel_size=(4,), stride=(1,), padding=(3,), groups=4096, bias=False)
2026-09-15T04:11:12.036Z         (w_g): Linear(in_features=2560, out_features=4096, bias=False)
2026-09-15T04:11:12.036Z         (o_norm): FusedRMSNormGated(128, eps=1e-06, activation=swish)
2026-09-15T04:11:12.036Z         (w_out): Linear(in_features=4096, out_features=2560, bias=False)
2026-09-15T04:11:12.036Z       )
2026-09-15T04:11:12.036Z       (attention_norm): QwenRMSNorm((2560,), eps=1e-06)
2026-09-15T04:11:12.036Z       (attention_residual_stream): ResidualStream(
2026-09-15T04:11:12.036Z         (dropout): Identity()
2026-09-15T04:11:12.036Z       )
2026-09-15T04:11:12.036Z       (feed_forward): FeedForward(
2026-09-15T04:11:12.036Z         (w1): Linear(in_features=2560, out_features=9216, bias=False)
2026-09-15T04:11:12.036Z         (w2): Linear(in_features=9216, out_features=2560, bias=False)
2026-09-15T04:11:12.036Z         (w3): Linear(in_features=2560, out_features=9216, bias=False)
2026-09-15T04:11:12.036Z       )
2026-09-15T04:11:12.036Z       (feed_forward_norm): QwenRMSNorm((2560,), eps=1e-06)
2026-09-15T04:11:12.036Z       (feed_forward_residual_stream): ResidualStream(
2026-09-15T04:11:12.036Z         (dropout): Identity()
2026-09-15T04:11:12.036Z       )
2026-09-15T04:11:12.036Z     )
2026-09-15T04:11:12.036Z     (30): TransformerBlock(
2026-09-15T04:11:12.036Z       (attention): GatedDeltaNet(
2026-09-15T04:11:12.036Z         (w_q): Linear(in_features=2560, out_features=2048, bias=False)
2026-09-15T04:11:12.036Z         (w_k): Linear(in_features=2560, out_features=2048, bias=False)
2026-09-15T04:11:12.036Z         (w_v): Linear(in_features=2560, out_features=4096, bias=False)
2026-09-15T04:11:12.036Z         (w_a): Linear(in_features=2560, out_features=32, bias=False)
2026-09-15T04:11:12.036Z         (w_b): Linear(in_features=2560, out_features=32, bias=False)
2026-09-15T04:11:12.036Z         (q_conv1d): CausalConv1d(2048, 2048, kernel_size=(4,), stride=(1,), padding=(3,), groups=2048, bias=False)
2026-09-15T04:11:12.036Z         (k_conv1d): CausalConv1d(2048, 2048, kernel_size=(4,), stride=(1,), padding=(3,), groups=2048, bias=False)
2026-09-15T04:11:12.036Z         (v_conv1d): CausalConv1d(4096, 4096, kernel_size=(4,), stride=(1,), padding=(3,), groups=4096, bias=False)
2026-09-15T04:11:12.036Z         (w_g): Linear(in_features=2560, out_features=4096, bias=False)
2026-09-15T04:11:12.036Z         (o_norm): FusedRMSNormGated(128, eps=1e-06, activation=swish)
2026-09-15T04:11:12.036Z         (w_out): Linear(in_features=4096, out_features=2560, bias=False)
2026-09-15T04:11:12.036Z       )
2026-09-15T04:11:12.036Z       (attention_norm): QwenRMSNorm((2560,), eps=1e-06)
2026-09-15T04:11:12.036Z       (attention_residual_stream): ResidualStream(
2026-09-15T04:11:12.036Z         (dropout): Identity()
2026-09-15T04:11:12.036Z       )
2026-09-15T04:11:12.036Z       (feed_forward): FeedForward(
2026-09-15T04:11:12.036Z         (w1): Linear(in_features=2560, out_features=9216, bias=False)
2026-09-15T04:11:12.036Z         (w2): Linear(in_features=9216, out_features=2560, bias=False)
2026-09-15T04:11:12.036Z         (w3): Linear(in_features=2560, out_features=9216, bias=False)
2026-09-15T04:11:12.036Z       )
2026-09-15T04:11:12.036Z       (feed_forward_norm): QwenRMSNorm((2560,), eps=1e-06)
2026-09-15T04:11:12.036Z       (feed_forward_residual_stream): ResidualStream(
2026-09-15T04:11:12.036Z         (dropout): Identity()
2026-09-15T04:11:12.036Z       )
2026-09-15T04:11:12.036Z     )
2026-09-15T04:11:12.036Z     (31): TransformerBlock(
2026-09-15T04:11:12.036Z       (attention): Attention(
2026-09-15T04:11:12.036Z         (w_q): Linear(in_features=2560, out_features=4096, bias=False)
2026-09-15T04:11:12.036Z         (w_k): Linear(in_features=2560, out_features=1024, bias=False)
2026-09-15T04:11:12.036Z         (w_v): Linear(in_features=2560, out_features=1024, bias=False)
2026-09-15T04:11:12.036Z         (w_out): Linear(in_features=4096, out_features=2560, bias=False)
2026-09-15T04:11:12.036Z         (w_g): Linear(in_features=2560, out_features=4096, bias=False)
2026-09-15T04:11:12.036Z         (q_norm): QwenRMSNorm((256,), eps=1e-06)
2026-09-15T04:11:12.036Z         (k_norm): QwenRMSNorm((256,), eps=1e-06)
2026-09-15T04:11:12.036Z         (rope): RotaryEmbedding()
2026-09-15T04:11:12.036Z         (backend): FlashAttention2Backend()
2026-09-15T04:11:12.036Z       )
2026-09-15T04:11:12.036Z       (attention_norm): QwenRMSNorm((2560,), eps=1e-06)
2026-09-15T04:11:12.036Z       (attention_residual_stream): ResidualStream(
2026-09-15T04:11:12.036Z         (dropout): Identity()
2026-09-15T04:11:12.036Z       )
2026-09-15T04:11:12.036Z       (feed_forward): FeedForward(
2026-09-15T04:11:12.036Z         (w1): Linear(in_features=2560, out_features=9216, bias=False)
2026-09-15T04:11:12.036Z         (w2): Linear(in_features=9216, out_features=2560, bias=False)
2026-09-15T04:11:12.036Z         (w3): Linear(in_features=2560, out_features=9216, bias=False)
2026-09-15T04:11:12.036Z       )
2026-09-15T04:11:12.036Z       (feed_forward_norm): QwenRMSNorm((2560,), eps=1e-06)
2026-09-15T04:11:12.036Z       (feed_forward_residual_stream): ResidualStream(
2026-09-15T04:11:12.036Z         (dropout): Identity()
2026-09-15T04:11:12.036Z       )
2026-09-15T04:11:12.036Z     )
2026-09-15T04:11:12.036Z   )
2026-09-15T04:11:12.036Z   (lm_head): LMHead(
2026-09-15T04:11:12.036Z     (norm): QwenRMSNorm((2560,), eps=1e-06)
2026-09-15T04:11:12.036Z     (w_out): Linear(in_features=2560, out_features=248320, bias=False)
2026-09-15T04:11:12.036Z   )
2026-09-15T04:11:12.036Z )
2026-09-15T04:11:12.036Z [2;36m[2026-09-15 04:11:12][0m [34mINFO    [0m [2m[olmo_core.nn.transformer.config:447, f641d6fce801, rank=0][0m Built model with:
2026-09-15T04:11:12.036Z - 4,841,450,496 total params
2026-09-15T04:11:12.036Z - 4,205,751,296 non-embedding params
2026-09-15T04:11:12.036Z - 4,841,450,496 trainable params
2026-09-15T04:11:12.037Z [ctc-suite] softtoken: header_stop_id=5491 (count 1) detach_gdn=True detach=True len_bias=False distill_prob=0.0 keep_mode=gold_plus_random n_random=128 keep_frac=None gold_blind=True keep_prob=0.1667 mix=(0.0->0.0 over 496/496 calls)
2026-09-15T04:11:12.043Z [2;36m[2026-09-15 04:11:12][0m [34mINFO    [0m [2m[olmo_core.distributed.parallel:246, f641d6fce801, rank=0][0m Built 1D device mesh with shape (dp=2,)
2026-09-15T04:11:12.044Z [2;36m[2026-09-15 04:11:12][0m [34mINFO    [0m [2m[olmo_core.train.train_module.transformer.train_module:142, f641d6fce801, rank=0][0m Data parallel world size = 2
2026-09-15T04:11:12.044Z [2;36m[2026-09-15 04:11:12][0m [34mINFO    [0m [2m[olmo_core.train.train_module.transformer.common:103, f641d6fce801, rank=0][0m Applied 'full' activation checkpointing to the model
2026-09-15T04:11:12.218Z [2;36m[2026-09-15 04:11:12][0m [34mINFO    [0m [2m[olmo_core.train.train_module.transformer.common:136, f641d6fce801, rank=0][0m Applied FSDP to the model with 1D device mesh with shape (dp=2,)
2026-09-15T04:11:12.219Z [2;36m[2026-09-15 04:11:12][0m [34mINFO    [0m [2m[olmo_core.train.train_module.transformer.common:147, f641d6fce801, rank=0][0m Initializing model weights...
2026-09-15T04:11:12.466Z NCCL version 2.27.5+cuda12.9
2026-09-15T04:11:13.425Z [2;36m[2026-09-15 04:11:13][0m [34mINFO    [0m [2m[olmo_core.train.train_module.transformer.train_module:200, f641d6fce801, rank=0][0m Building optimizer...
2026-09-15T04:11:13.427Z [2;36m[2026-09-15 04:11:13][0m [34mINFO    [0m [2m[olmo_core.optim.config:202, f641d6fce801, rank=0][0m Building SkipStepAdamW optimizer with 2 param group(s)...
2026-09-15T04:11:13.428Z [2;36m[2026-09-15 04:11:13][0m [34mINFO    [0m [2m[olmo_core.optim.config:210, f641d6fce801, rank=0][0m Group 0, 1 parameter(s):
2026-09-15T04:11:13.428Z  - weight_decay: 0.0
2026-09-15T04:11:13.428Z  - lr: 5e-06
2026-09-15T04:11:13.428Z  - betas: (0.9, 0.95)
2026-09-15T04:11:13.428Z  - eps: 1e-08
2026-09-15T04:11:13.428Z  - initial_lr: 5e-06
2026-09-15T04:11:13.428Z [2;36m[2026-09-15 04:11:13][0m [34mINFO    [0m [2m[olmo_core.optim.config:210, f641d6fce801, rank=0][0m Group 1, 534 parameter(s):
2026-09-15T04:11:13.428Z  - lr: 5e-06
2026-09-15T04:11:13.428Z  - betas: (0.9, 0.95)
2026-09-15T04:11:13.428Z  - eps: 1e-08
2026-09-15T04:11:13.428Z  - weight_decay: 0.0
2026-09-15T04:11:13.428Z  - initial_lr: 5e-06
2026-09-15T04:11:13.428Z [2;36m[2026-09-15 04:11:13][0m [34mINFO    [0m [2m[olmo_core.data.composable.numpy_document_source:778, f641d6fce801, rank=0][0m Assuming dtype 'uint32' based on vocab size
2026-09-15T04:11:13.428Z [2;36m[2026-09-15 04:11:13][0m [34mINFO    [0m [2m[olmo_core.data.composable.numpy_document_source:232, f641d6fce801, rank=0][0m Expanding globs...
2026-09-15T04:11:13.434Z [2;36m[2026-09-15 04:11:13][0m [34mINFO    [0m [2m[olmo_core.data.composable.numpy_document_source:257, f641d6fce801, rank=0][0m Expanded '/weka/oe-training-default/ai2-llm/checkpoints/prasanns/ds64/fast2k/shards/outlier_f4M/token_ids_part_*.npy' into 1 paths:
2026-09-15T04:11:13.434Z - '/weka/oe-training-default/ai2-llm/checkpoints/prasanns/ds64/fast2k/shards/outlier_f4M/token_ids_part_000000.npy'
2026-09-15T04:11:13.434Z [2;36m[2026-09-15 04:11:13][0m [34mINFO    [0m [2m[olmo_core.data.composable.numpy_document_source:232, f641d6fce801, rank=0][0m Expanding globs...
2026-09-15T04:11:13.435Z [2;36m[2026-09-15 04:11:13][0m [34mINFO    [0m [2m[olmo_core.data.composable.numpy_document_source:257, f641d6fce801, rank=0][0m Expanded '/weka/oe-training-default/ai2-llm/checkpoints/prasanns/ds64/fast2k/shards/outlier_f4M/labels_mask_*.npy' into 1 paths:
2026-09-15T04:11:13.435Z - '/weka/oe-training-default/ai2-llm/checkpoints/prasanns/ds64/fast2k/shards/outlier_f4M/labels_mask_part_000000.npy'
2026-09-15T04:11:13.436Z 
2026-09-15T04:11:13.454Z [1;36m PadToLengthInstanceSource[0m[36m(5c510d5)[0m: [32m8.0M[0m tokens
2026-09-15T04:11:13.454Z └─ [1;36m NumpyDocumentSource[0m[36m(9ab04fc)[0m: [32m4.3M[0m tokens[35m [/weka/oe-trai.../shards/outlier_f4M/token_ids_part_*.npy][0m
2026-09-15T04:11:13.454Z 
2026-09-15T04:11:13.455Z [2;36m[2026-09-15 04:11:13][0m [34mINFO    [0m [2m[olmo_core.train.trainer:373, f641d6fce801, rank=0][0m Creating new process group for async bookkeeping
2026-09-15T04:11:13.456Z [Gloo] Rank [Gloo] Rank 1 is connected to 01 is connected to  peer ranks. 1Expected number of connected peer ranks is :  peer ranks. 1Expected number of connected peer ranks is : 1
2026-09-15T04:11:13.456Z 
2026-09-15T04:11:41.747Z [ctc-suite] tolerant base load from /weka/oe-training-default/ai2-llm/checkpoints/prasanns/ctc_suite/bases/q35-4b-base-markerfix/model_and_optim: 531 keys loaded, 4 new keys re-initialized deterministically (e.g. ['pooled_projector.w_in.bias', 'pooled_projector.w_in.weight']); ['pooled_projector: reset_parameters()']
2026-09-15T04:11:41.971Z [ctc-suite] tolerant base load from /weka/oe-training-default/ai2-llm/checkpoints/prasanns/ctc_suite/bases/q35-4b-base-markerfix/model_and_optim: 531 keys loaded, 4 new keys re-initialized deterministically (e.g. ['pooled_projector.w_in.bias', 'pooled_projector.w_in.weight']); ['pooled_projector: reset_parameters()']
2026-09-15T04:11:42.787Z [2;36m[2026-09-15 04:11:42][0m [33mWARNING [0m [2m[olmo_core.train.trainer:706, f641d6fce801, rank=0][0m No checkpoint found in save folder ('/weka/oe-training-default/ai2-llm/checkpoints/prasanns/ctc_suite/ckpts/f2k-outlier-xhdr17-4M') or load path ('None'), will train from scratch...
2026-09-15T04:11:42.787Z [2;36m[2026-09-15 04:11:42][0m [33mWARNING [0m [2m[olmo_core.train.trainer:706, f641d6fce801, rank=1][0m No checkpoint found in save folder ('/weka/oe-training-default/ai2-llm/checkpoints/prasanns/ctc_suite/ckpts/f2k-outlier-xhdr17-4M') or load path ('None'), will train from scratch...
2026-09-15T04:11:42.788Z [2;36m[2026-09-15 04:11:42][0m [34mINFO    [0m [2m[olmo_core.train.trainer:713, f641d6fce801, rank=0][0m Callback order:
2026-09-15T04:11:42.788Z [2;36m[2026-09-15 04:11:42][0m [34mINFO    [0m [2m[olmo_core.train.trainer:715, f641d6fce801, rank=0][0m   - Callback 1: checkpointer
2026-09-15T04:11:42.788Z [2;36m[2026-09-15 04:11:42][0m [34mINFO    [0m [2m[olmo_core.train.trainer:715, f641d6fce801, rank=0][0m   - Callback 2: config_saver
2026-09-15T04:11:42.788Z [2;36m[2026-09-15 04:11:42][0m [34mINFO    [0m [2m[olmo_core.train.trainer:715, f641d6fce801, rank=0][0m   - Callback 3: wandb
2026-09-15T04:11:42.788Z [2;36m[2026-09-15 04:11:42][0m [34mINFO    [0m [2m[olmo_core.train.trainer:715, f641d6fce801, rank=0][0m   - Callback 4: flop_meter
2026-09-15T04:11:42.789Z [2;36m[2026-09-15 04:11:42][0m [34mINFO    [0m [2m[olmo_core.train.trainer:715, f641d6fce801, rank=0][0m   - Callback 5: console_logger
2026-09-15T04:11:42.789Z [2;36m[2026-09-15 04:11:42][0m [34mINFO    [0m [2m[olmo_core.train.trainer:715, f641d6fce801, rank=0][0m   - Callback 6: garbage_collector
2026-09-15T04:11:42.789Z [2;36m[2026-09-15 04:11:42][0m [34mINFO    [0m [2m[olmo_core.train.trainer:715, f641d6fce801, rank=0][0m   - Callback 7: gpu_monitor
2026-09-15T04:11:42.789Z [2;36m[2026-09-15 04:11:42][0m [34mINFO    [0m [2m[olmo_core.train.trainer:715, f641d6fce801, rank=0][0m   - Callback 8: speed_monitor
2026-09-15T04:11:42.789Z [2;36m[2026-09-15 04:11:42][0m [34mINFO    [0m [2m[olmo_core.train.trainer:718, f641d6fce801, rank=0][0m Training for 61 steps
2026-09-15T04:11:43.547Z wandb: Currently logged in as: prasanns (allennlp) to https://api.wandb.ai. Use `wandb login --relogin` to force relogin
2026-09-15T04:11:44.353Z wandb: setting up run vjnebc24
2026-09-15T04:11:44.391Z wandb: Tracking run with wandb version 0.23.0
2026-09-15T04:11:44.391Z wandb: Run data is saved locally in /weka/oe-training-default/ai2-llm/checkpoints/prasanns/ctc_suite/ckpts/f2k-outlier-xhdr17-4M/wandb/wandb/run-20260915_041143-vjnebc24
2026-09-15T04:11:44.391Z wandb: Run `wandb offline` to turn off syncing.
2026-09-15T04:11:44.391Z wandb: Syncing run f2k-outlier-xhdr17-4M
2026-09-15T04:11:44.391Z wandb: ⭐️ View project at https://wandb.ai/prasanns-allen-institute-for-ai/memory-networks
2026-09-15T04:11:44.391Z wandb: 🚀 View run at https://wandb.ai/prasanns-allen-institute-for-ai/memory-networks/runs/vjnebc24
2026-09-15T04:11:44.560Z [2;36m[2026-09-15 04:11:44][0m [34mINFO    [0m [2m[olmo_core.train.callbacks.garbage_collector:33, f641d6fce801, rank=0][0m Automatic GC disabled for training, will run GC every 1000 steps
2026-09-15T04:11:44.561Z [2;36m[2026-09-15 04:11:44][0m [34mINFO    [0m [2m[olmo_core.train.callbacks.gpu_memory_monitor:41, f641d6fce801, rank=0][0m GPU capacity: NVIDIA A100-SXM4-80GB with 79.25GiB memory of which 9.06GiB is currently allocated and 9.07GiB is currently reserved.
2026-09-15T04:11:44.561Z [2;36m[2026-09-15 04:11:44][0m [34mINFO    [0m [2m[olmo_core.train.callbacks.speed_monitor:114, f641d6fce801, rank=0][0m Device: NVIDIA A100-SXM4-80GB, Device peak Flops/s: 312000000000000
2026-09-15T04:11:44.581Z [2;36m[2026-09-15 04:11:44][0m [34mINFO    [0m [2m[olmo_core.train.trainer:1452, f641d6fce801, rank=0][0m Starting forward/backward dry-run batch...
2026-09-15T04:16:31.579Z [2;36m[2026-09-15 04:16:31][0m [34mINFO    [0m [2m[olmo_core.train.trainer:1454, f641d6fce801, rank=0][0m Dry-run complete
2026-09-15T04:16:31.581Z [2;36m[2026-09-15 04:16:31][0m [34mINFO    [0m [2m[olmo_core.data.composable.data_loader:570, f641d6fce801, rank=0][0m Using existing global indices file for seed 34521 and epoch 1 at:
2026-09-15T04:16:31.581Z '/weka/oe-training-default/ai2-llm/checkpoints/prasanns/dataset-cache-ctc-suite/global_indices_epoch1_max_seq_len4096_seed34521_seq_len4096_shuffleinter_source_size1953_v1.npy'
2026-09-15T04:16:31.582Z [2;36m[2026-09-15 04:16:31][0m [34mINFO    [0m [2m[olmo_core.train.trainer:1459, f641d6fce801, rank=0][0m Starting epoch 1...
2026-09-15T04:16:38.002Z Supported flash-attn versions are >= 2.1.1, <= 2.8.1. Found flash-attn 2.8.2.
2026-09-15T04:16:38.006Z Supported flash-attn versions are >= 2.1.1, <= 2.8.1. Found flash-attn 2.8.2.
2026-09-15T04:16:38.018Z Supported flash-attn versions are >= 2.1.1, <= 2.8.1. Found flash-attn 2.8.2.
2026-09-15T04:16:38.021Z Supported flash-attn versions are >= 2.1.1, <= 2.8.1. Found flash-attn 2.8.2.
2026-09-15T04:16:45.350Z Supported flash-attn versions are >= 2.1.1, <= 2.8.1. Found flash-attn 2.8.2.
2026-09-15T04:16:45.354Z Supported flash-attn versions are >= 2.1.1, <= 2.8.1. Found flash-attn 2.8.2.
2026-09-15T04:16:45.589Z Supported flash-attn versions are >= 2.1.1, <= 2.8.1. Found flash-attn 2.8.2.
2026-09-15T04:16:45.593Z Supported flash-attn versions are >= 2.1.1, <= 2.8.1. Found flash-attn 2.8.2.
2026-09-15T04:19:46.098Z [2;36m[2026-09-15 04:19:46][0m [33mWARNING [0m [2m[py.warnings:112, f641d6fce801, rank=1][0m /opt/conda/lib/python3.12/site-packages/torch/distributed/utils.py:106: UserWarning: called a synchronizing CUDA operation (Triggered internally at /pytorch/c10/cuda/CUDAFunctions.cpp:162.)
2026-09-15T04:19:46.098Z   return (obj.to(target_device),)
2026-09-15T04:19:46.098Z 
2026-09-15T04:19:46.101Z [2;36m[2026-09-15 04:19:46][0m [33mWARNING [0m [2m[py.warnings:112, f641d6fce801, rank=0][0m /opt/conda/lib/python3.12/site-packages/torch/distributed/utils.py:106: UserWarning: called a synchronizing CUDA operation (Triggered internally at /pytorch/c10/cuda/CUDAFunctions.cpp:162.)
2026-09-15T04:19:46.101Z   return (obj.to(target_device),)
2026-09-15T04:19:46.101Z 
2026-09-15T04:19:46.105Z [2;36m[2026-09-15 04:19:46][0m [34mINFO    [0m [2m[olmo_core.train.callbacks.console_logger:68, f641d6fce801, rank=0][0m [step=1/61,epoch=1]
2026-09-15T04:19:46.105Z     gpu_memory/GPU active mem (%)=75.57
2026-09-15T04:19:46.105Z     gpu_memory/GPU active mem (GiB)=59.89
2026-09-15T04:19:46.105Z     gpu_memory/GPU reserved mem (%)=80.90
2026-09-15T04:19:46.105Z     gpu_memory/GPU reserved mem (GiB)=64.12
2026-09-15T04:19:46.105Z     optim/LR (group 0)=2.50E-06
2026-09-15T04:19:46.105Z     optim/LR (group 1)=2.50E-06
2026-09-15T04:19:46.105Z     optim/step skipped=0.0
2026-09-15T04:19:46.105Z     optim/total grad norm=83.94
2026-09-15T04:19:46.105Z     train/CE loss=1.102
2026-09-15T04:19:46.105Z     throughput/device/data loading (s)=15.46
2026-09-15T04:19:46.105Z     train/PPL=3.012
2026-09-15T04:19:46.111Z [2;36m[2026-09-15 04:19:46][0m [33mWARNING [0m [2m[py.warnings:112, f641d6fce801, rank=0][0m /opt/conda/lib/python3.12/site-packages/olmo_core/nn/transformer/model.py:777: UserWarning: called a synchronizing CUDA operation (Triggered internally at /pytorch/c10/cuda/CUDAFunctions.cpp:162.)
2026-09-15T04:19:46.111Z   n_docs = int(chunk_ids.max().item()) + 1
2026-09-15T04:19:46.111Z 
2026-09-15T04:19:46.121Z [2;36m[2026-09-15 04:19:46][0m [33mWARNING [0m [2m[py.warnings:112, f641d6fce801, rank=1][0m /opt/conda/lib/python3.12/site-packages/olmo_core/nn/transformer/model.py:834: UserWarning: called a synchronizing CUDA operation (Triggered internally at /pytorch/c10/cuda/CUDAFunctions.cpp:162.)
2026-09-15T04:19:46.121Z   flat = (torch.arange(B, device=emb.device)[:, None] * n_docs + cid.clamp(min=0)).reshape(
2026-09-15T04:19:46.121Z 
2026-09-15T04:19:46.121Z [2;36m[2026-09-15 04:19:46][0m [33mWARNING [0m [2m[py.warnings:112, f641d6fce801, rank=0][0m /opt/conda/lib/python3.12/site-packages/olmo_core/nn/transformer/model.py:834: UserWarning: called a synchronizing CUDA operation (Triggered internally at /pytorch/c10/cuda/CUDAFunctions.cpp:162.)
2026-09-15T04:19:46.121Z   flat = (torch.arange(B, device=emb.device)[:, None] * n_docs + cid.clamp(min=0)).reshape(
2026-09-15T04:19:46.121Z 
2026-09-15T04:19:46.121Z [2;36m[2026-09-15 04:19:46][0m [33mWARNING [0m [2m[py.warnings:112, f641d6fce801, rank=1][0m /opt/conda/lib/python3.12/site-packages/olmo_core/nn/transformer/model.py:838: UserWarning: called a synchronizing CUDA operation (Triggered internally at /pytorch/c10/cuda/CUDAFunctions.cpp:162.)
2026-09-15T04:19:46.121Z   0, flat, emb.reshape(B * T, D)[is_ctx.reshape(-1)]
2026-09-15T04:19:46.121Z 
2026-09-15T04:19:46.123Z [2;36m[2026-09-15 04:19:46][0m [33mWARNING [0m [2m[py.warnings:112, f641d6fce801, rank=0][0m /opt/conda/lib/python3.12/site-packages/olmo_core/nn/transformer/model.py:838: UserWarning: called a synchronizing CUDA operation (Triggered internally at /pytorch/c10/cuda/CUDAFunctions.cpp:162.)
2026-09-15T04:19:46.123Z   0, flat, emb.reshape(B * T, D)[is_ctx.reshape(-1)]
2026-09-15T04:19:46.123Z 
2026-09-15T04:19:46.131Z [2;36m[2026-09-15 04:19:46][0m [33mWARNING [0m [2m[py.warnings:112, f641d6fce801, rank=1][0m /opt/conda/lib/python3.12/site-packages/olmo_core/nn/pooled_soft_token.py:173: UserWarning: called a synchronizing CUDA operation (Triggered internally at /pytorch/c10/cuda/CUDAFunctions.cpp:162.)
2026-09-15T04:19:46.131Z   kept_idx = kept_tok.nonzero(as_tuple=True)[0]
2026-09-15T04:19:46.131Z 
2026-09-15T04:19:46.131Z [2;36m[2026-09-15 04:19:46][0m [33mWARNING [0m [2m[py.warnings:112, f641d6fce801, rank=1][0m /opt/conda/lib/python3.12/site-packages/olmo_core/nn/pooled_soft_token.py:179: UserWarning: called a synchronizing CUDA operation (Triggered internally at /pytorch/c10/cuda/CUDAFunctions.cpp:162.)
2026-09-15T04:19:46.131Z   if is_ctx.any():
2026-09-15T04:19:46.131Z 
2026-09-15T04:19:46.131Z [2;36m[2026-09-15 04:19:46][0m [33mWARNING [0m [2m[py.warnings:112, f641d6fce801, rank=0][0m /opt/conda/lib/python3.12/site-packages/olmo_core/nn/pooled_soft_token.py:173: UserWarning: called a synchronizing CUDA operation (Triggered internally at /pytorch/c10/cuda/CUDAFunctions.cpp:162.)
2026-09-15T04:19:46.131Z   kept_idx = kept_tok.nonzero(as_tuple=True)[0]
2026-09-15T04:19:46.131Z 
2026-09-15T04:19:46.132Z [2;36m[2026-09-15 04:19:46][0m [33mWARNING [0m [2m[py.warnings:112, f641d6fce801, rank=1][0m /opt/conda/lib/python3.12/site-packages/olmo_core/nn/pooled_soft_token.py:180: UserWarning: called a synchronizing CUDA operation (Triggered internally at /pytorch/c10/cuda/CUDAFunctions.cpp:162.)
2026-09-15T04:19:46.132Z   d_ix = c[is_ctx]
2026-09-15T04:19:46.132Z 
2026-09-15T04:19:46.132Z [2;36m[2026-09-15 04:19:46][0m [33mWARNING [0m [2m[py.warnings:112, f641d6fce801, rank=0][0m /opt/conda/lib/python3.12/site-packages/olmo_core/nn/pooled_soft_token.py:179: UserWarning: called a synchronizing CUDA operation (Triggered internally at /pytorch/c10/cuda/CUDAFunctions.cpp:162.)
2026-09-15T04:19:46.132Z   if is_ctx.any():
2026-09-15T04:19:46.132Z 
2026-09-15T04:19:46.132Z [2;36m[2026-09-15 04:19:46][0m [33mWARNING [0m [2m[py.warnings:112, f641d6fce801, rank=1][0m /opt/conda/lib/python3.12/site-packages/olmo_core/nn/pooled_soft_token.py:181: UserWarning: called a synchronizing CUDA operation (Triggered internally at /pytorch/c10/cuda/CUDAFunctions.cpp:162.)
2026-09-15T04:19:46.132Z   pos_ix = is_ctx.nonzero(as_tuple=True)[0]
2026-09-15T04:19:46.132Z 
2026-09-15T04:19:46.132Z [2;36m[2026-09-15 04:19:46][0m [33mWARNING [0m [2m[py.warnings:112, f641d6fce801, rank=0][0m /opt/conda/lib/python3.12/site-packages/olmo_core/nn/pooled_soft_token.py:180: UserWarning: called a synchronizing CUDA operation (Triggered internally at /pytorch/c10/cuda/CUDAFunctions.cpp:162.)
2026-09-15T04:19:46.132Z   d_ix = c[is_ctx]
2026-09-15T04:19:46.132Z 
2026-09-15T04:19:46.132Z [2;36m[2026-09-15 04:19:46][0m [33mWARNING [0m [2m[py.warnings:112, f641d6fce801, rank=1][0m /opt/conda/lib/python3.12/site-packages/olmo_core/nn/pooled_soft_token.py:186: UserWarning: called a synchronizing CUDA operation (Triggered internally at /pytorch/c10/cuda/CUDAFunctions.cpp:162.)
2026-09-15T04:19:46.132Z   pooled_docs = pooled.nonzero(as_tuple=True)[0]
2026-09-15T04:19:46.132Z 
2026-09-15T04:19:46.133Z [2;36m[2026-09-15 04:19:46][0m [33mWARNING [0m [2m[py.warnings:112, f641d6fce801, rank=0][0m /opt/conda/lib/python3.12/site-packages/olmo_core/nn/pooled_soft_token.py:181: UserWarning: called a synchronizing CUDA operation (Triggered internally at /pytorch/c10/cuda/CUDAFunctions.cpp:162.)
2026-09-15T04:19:46.133Z   pos_ix = is_ctx.nonzero(as_tuple=True)[0]
2026-09-15T04:19:46.133Z 
2026-09-15T04:19:46.133Z [2;36m[2026-09-15 04:19:46][0m [33mWARNING [0m [2m[py.warnings:112, f641d6fce801, rank=1][0m /opt/conda/lib/python3.12/site-packages/olmo_core/nn/pooled_soft_token.py:217: UserWarning: called a synchronizing CUDA operation (Triggered internally at /pytorch/c10/cuda/CUDAFunctions.cpp:162.)
2026-09-15T04:19:46.133Z   doc_len = torch.bincount(c[is_ctx], minlength=n_docs) if is_ctx.any() else torch.zeros(n_docs, dtype=torch.long, device=device)
2026-09-15T04:19:46.133Z 
2026-09-15T04:19:46.133Z [2;36m[2026-09-15 04:19:46][0m [33mWARNING [0m [2m[py.warnings:112, f641d6fce801, rank=0][0m /opt/conda/lib/python3.12/site-packages/olmo_core/nn/pooled_soft_token.py:186: UserWarning: called a synchronizing CUDA operation (Triggered internally at /pytorch/c10/cuda/CUDAFunctions.cpp:162.)
2026-09-15T04:19:46.133Z   pooled_docs = pooled.nonzero(as_tuple=True)[0]
2026-09-15T04:19:46.133Z 
2026-09-15T04:19:46.134Z [2;36m[2026-09-15 04:19:46][0m [33mWARNING [0m [2m[py.warnings:112, f641d6fce801, rank=1][0m /opt/conda/lib/python3.12/site-packages/olmo_core/nn/pooled_soft_token.py:222: UserWarning: called a synchronizing CUDA operation (Triggered internally at /pytorch/c10/cuda/CUDAFunctions.cpp:162.)
2026-09-15T04:19:46.134Z   soft_cols_b = soft_mask.nonzero(as_tuple=True)[0]
2026-09-15T04:19:46.134Z 
2026-09-15T04:19:46.134Z [2;36m[2026-09-15 04:19:46][0m [33mWARNING [0m [2m[py.warnings:112, f641d6fce801, rank=1][0m /opt/conda/lib/python3.12/site-packages/olmo_core/nn/pooled_soft_token.py:226: UserWarning: called a synchronizing CUDA operation (Triggered internally at /pytorch/c10/cuda/CUDAFunctions.cpp:162.)
2026-09-15T04:19:46.134Z   cols_l = soft_cols_b.tolist()
2026-09-15T04:19:46.134Z 
2026-09-15T04:19:46.135Z [2;36m[2026-09-15 04:19:46][0m [33mWARNING [0m [2m[py.warnings:112, f641d6fce801, rank=0][0m /opt/conda/lib/python3.12/site-packages/olmo_core/nn/pooled_soft_token.py:217: UserWarning: called a synchronizing CUDA operation (Triggered internally at /pytorch/c10/cuda/CUDAFunctions.cpp:162.)
2026-09-15T04:19:46.135Z   doc_len = torch.bincount(c[is_ctx], minlength=n_docs) if is_ctx.any() else torch.zeros(n_docs, dtype=torch.long, device=device)
2026-09-15T04:19:46.135Z 
2026-09-15T04:19:46.135Z [2;36m[2026-09-15 04:19:46][0m [33mWARNING [0m [2m[py.warnings:112, f641d6fce801, rank=1][0m /opt/conda/lib/python3.12/site-packages/olmo_core/nn/pooled_soft_token.py:229: UserWarning: called a synchronizing CUDA operation (Triggered internally at /pytorch/c10/cuda/CUDAFunctions.cpp:162.)
2026-09-15T04:19:46.135Z   soft_docs += docs_b.tolist()
2026-09-15T04:19:46.135Z 
2026-09-15T04:19:46.135Z [2;36m[2026-09-15 04:19:46][0m [33mWARNING [0m [2m[py.warnings:112, f641d6fce801, rank=1][0m /opt/conda/lib/python3.12/site-packages/olmo_core/nn/pooled_soft_token.py:230: UserWarning: called a synchronizing CUDA operation (Triggered internally at /pytorch/c10/cuda/CUDAFunctions.cpp:162.)
2026-09-15T04:19:46.135Z   soft_log_len += lens_b.tolist()
2026-09-15T04:19:46.135Z 
2026-09-15T04:19:46.135Z [2;36m[2026-09-15 04:19:46][0m [33mWARNING [0m [2m[py.warnings:112, f641d6fce801, rank=0][0m /opt/conda/lib/python3.12/site-packages/olmo_core/nn/pooled_soft_token.py:222: UserWarning: called a synchronizing CUDA operation (Triggered internally at /pytorch/c10/cuda/CUDAFunctions.cpp:162.)
2026-09-15T04:19:46.135Z   soft_cols_b = soft_mask.nonzero(as_tuple=True)[0]
2026-09-15T04:19:46.135Z 
2026-09-15T04:19:46.136Z [2;36m[2026-09-15 04:19:46][0m [33mWARNING [0m [2m[py.warnings:112, f641d6fce801, rank=0][0m /opt/conda/lib/python3.12/site-packages/olmo_core/nn/pooled_soft_token.py:226: UserWarning: called a synchronizing CUDA operation (Triggered internally at /pytorch/c10/cuda/CUDAFunctions.cpp:162.)
2026-09-15T04:19:46.136Z   cols_l = soft_cols_b.tolist()
2026-09-15T04:19:46.136Z 
2026-09-15T04:19:46.136Z [2;36m[2026-09-15 04:19:46][0m [33mWARNING [0m [2m[py.warnings:112, f641d6fce801, rank=0][0m /opt/conda/lib/python3.12/site-packages/olmo_core/nn/pooled_soft_token.py:229: UserWarning: called a synchronizing CUDA operation (Triggered internally at /pytorch/c10/cuda/CUDAFunctions.cpp:162.)
2026-09-15T04:19:46.136Z   soft_docs += docs_b.tolist()
2026-09-15T04:19:46.136Z 
2026-09-15T04:19:46.137Z [2;36m[2026-09-15 04:19:46][0m [33mWARNING [0m [2m[py.warnings:112, f641d6fce801, rank=0][0m /opt/conda/lib/python3.12/site-packages/olmo_core/nn/pooled_soft_token.py:230: UserWarning: called a synchronizing CUDA operation (Triggered internally at /pytorch/c10/cuda/CUDAFunctions.cpp:162.)
2026-09-15T04:19:46.137Z   soft_log_len += lens_b.tolist()
2026-09-15T04:19:46.137Z 
2026-09-15T04:19:46.137Z [2;36m[2026-09-15 04:19:46][0m [33mWARNING [0m [2m[py.warnings:112, f641d6fce801, rank=1][0m /opt/conda/lib/python3.12/site-packages/olmo_core/nn/pooled_soft_token.py:280: UserWarning: called a synchronizing CUDA operation (Triggered internally at /pytorch/c10/cuda/CUDAFunctions.cpp:162.)
2026-09-15T04:19:46.137Z   row_lens[b] = L
2026-09-15T04:19:46.137Z 
2026-09-15T04:19:46.137Z [2;36m[2026-09-15 04:19:46][0m [33mWARNING [0m [2m[py.warnings:112, f641d6fce801, rank=1][0m /opt/conda/lib/python3.12/site-packages/olmo_core/nn/pooled_soft_token.py:297: UserWarning: called a synchronizing CUDA operation (Triggered internally at /pytorch/c10/cuda/CUDAFunctions.cpp:162.)
2026-09-15T04:19:46.137Z   soft_rows=torch.tensor(soft_rows, dtype=torch.long, device=device),
2026-09-15T04:19:46.137Z 
2026-09-15T04:19:46.138Z [2;36m[2026-09-15 04:19:46][0m [33mWARNING [0m [2m[py.warnings:112, f641d6fce801, rank=1][0m /opt/conda/lib/python3.12/site-packages/olmo_core/nn/pooled_soft_token.py:298: UserWarning: called a synchronizing CUDA operation (Triggered internally at /pytorch/c10/cuda/CUDAFunctions.cpp:162.)
2026-09-15T04:19:46.138Z   soft_cols=torch.tensor(soft_cols, dtype=torch.long, device=device),
2026-09-15T04:19:46.138Z 
2026-09-15T04:19:46.138Z [2;36m[2026-09-15 04:19:46][0m [33mWARNING [0m [2m[py.warnings:112, f641d6fce801, rank=1][0m /opt/conda/lib/python3.12/site-packages/olmo_core/nn/pooled_soft_token.py:299: UserWarning: called a synchronizing CUDA operation (Triggered internally at /pytorch/c10/cuda/CUDAFunctions.cpp:162.)
2026-09-15T04:19:46.138Z   soft_docs=torch.tensor(soft_docs, dtype=torch.long, device=device),
2026-09-15T04:19:46.138Z 
2026-09-15T04:19:46.138Z [2;36m[2026-09-15 04:19:46][0m [33mWARNING [0m [2m[py.warnings:112, f641d6fce801, rank=1][0m /opt/conda/lib/python3.12/site-packages/olmo_core/nn/pooled_soft_token.py:301: UserWarning: called a synchronizing CUDA operation (Triggered internally at /pytorch/c10/cuda/CUDAFunctions.cpp:162.)
2026-09-15T04:19:46.138Z   soft_log_len=torch.tensor(soft_log_len, dtype=torch.float32, device=device),
2026-09-15T04:19:46.138Z 
2026-09-15T04:19:46.139Z [2;36m[2026-09-15 04:19:46][0m [33mWARNING [0m [2m[py.warnings:112, f641d6fce801, rank=0][0m /opt/conda/lib/python3.12/site-packages/olmo_core/nn/pooled_soft_token.py:280: UserWarning: called a synchronizing CUDA operation (Triggered internally at /pytorch/c10/cuda/CUDAFunctions.cpp:162.)
2026-09-15T04:19:46.139Z   row_lens[b] = L
2026-09-15T04:19:46.139Z 
2026-09-15T04:19:46.139Z [2;36m[2026-09-15 04:19:46][0m [33mWARNING [0m [2m[py.warnings:112, f641d6fce801, rank=1][0m /opt/conda/lib/python3.12/site-packages/olmo_core/nn/transformer/model.py:1502: UserWarning: called a synchronizing CUDA operation (Triggered internally at /pytorch/c10/cuda/CUDAFunctions.cpp:162.)
2026-09-15T04:19:46.139Z   kv_grad_mask[cb.soft_rows, cb.soft_cols] = False
2026-09-15T04:19:46.139Z 
2026-09-15T04:19:46.139Z [2;36m[2026-09-15 04:19:46][0m [33mWARNING [0m [2m[py.warnings:112, f641d6fce801, rank=0][0m /opt/conda/lib/python3.12/site-packages/olmo_core/nn/pooled_soft_token.py:297: UserWarning: called a synchronizing CUDA operation (Triggered internally at /pytorch/c10/cuda/CUDAFunctions.cpp:162.)
2026-09-15T04:19:46.139Z   soft_rows=torch.tensor(soft_rows, dtype=torch.long, device=device),
2026-09-15T04:19:46.139Z 
2026-09-15T04:19:46.140Z [2;36m[2026-09-15 04:19:46][0m [33mWARNING [0m [2m[py.warnings:112, f641d6fce801, rank=0][0m /opt/conda/lib/python3.12/site-packages/olmo_core/nn/pooled_soft_token.py:298: UserWarning: called a synchronizing CUDA operation (Triggered internally at /pytorch/c10/cuda/CUDAFunctions.cpp:162.)
2026-09-15T04:19:46.140Z   soft_cols=torch.tensor(soft_cols, dtype=torch.long, device=device),
2026-09-15T04:19:46.140Z 
2026-09-15T04:19:46.140Z [2;36m[2026-09-15 04:19:46][0m [33mWARNING [0m [2m[py.warnings:112, f641d6fce801, rank=0][0m /opt/conda/lib/python3.12/site-packages/olmo_core/nn/pooled_soft_token.py:299: UserWarning: called a synchronizing CUDA operation (Triggered internally at /pytorch/c10/cuda/CUDAFunctions.cpp:162.)
2026-09-15T04:19:46.140Z   soft_docs=torch.tensor(soft_docs, dtype=torch.long, device=device),
2026-09-15T04:19:46.140Z 
2026-09-15T04:19:46.141Z [2;36m[2026-09-15 04:19:46][0m [33mWARNING [0m [2m[py.warnings:112, f641d6fce801, rank=0][0m /opt/conda/lib/python3.12/site-packages/olmo_core/nn/pooled_soft_token.py:301: UserWarning: called a synchronizing CUDA operation (Triggered internally at /pytorch/c10/cuda/CUDAFunctions.cpp:162.)
2026-09-15T04:19:46.141Z   soft_log_len=torch.tensor(soft_log_len, dtype=torch.float32, device=device),
2026-09-15T04:19:46.141Z 
2026-09-15T04:19:46.141Z [2;36m[2026-09-15 04:19:46][0m [33mWARNING [0m [2m[py.warnings:112, f641d6fce801, rank=0][0m /opt/conda/lib/python3.12/site-packages/olmo_core/nn/transformer/model.py:1502: UserWarning: called a synchronizing CUDA operation (Triggered internally at /pytorch/c10/cuda/CUDAFunctions.cpp:162.)
2026-09-15T04:19:46.141Z   kv_grad_mask[cb.soft_rows, cb.soft_cols] = False
2026-09-15T04:19:46.141Z 
2026-09-15T04:19:46.301Z [2;36m[2026-09-15 04:19:46][0m [33mWARNING [0m [2m[py.warnings:112, f641d6fce801, rank=0][0m /opt/conda/lib/python3.12/site-packages/liger_kernel/ops/fused_linear_cross_entropy.py:75: UserWarning: called a synchronizing CUDA operation (Triggered internally at /pytorch/c10/cuda/CUDAFunctions.cpp:162.)
2026-09-15T04:19:46.301Z   total_n_non_ignore = target_mask.sum().item()
2026-09-15T04:19:46.301Z 
2026-09-15T04:19:46.301Z [2;36m[2026-09-15 04:19:46][0m [33mWARNING [0m [2m[py.warnings:112, f641d6fce801, rank=1][0m /opt/conda/lib/python3.12/site-packages/liger_kernel/ops/fused_linear_cross_entropy.py:75: UserWarning: called a synchronizing CUDA operation (Triggered internally at /pytorch/c10/cuda/CUDAFunctions.cpp:162.)
2026-09-15T04:19:46.301Z   total_n_non_ignore = target_mask.sum().item()
2026-09-15T04:19:46.301Z 
2026-09-15T04:19:46.925Z [2;36m[2026-09-15 04:19:46][0m [33mWARNING [0m [2m[py.warnings:112, f641d6fce801, rank=0][0m /opt/conda/lib/python3.12/site-packages/liger_kernel/ops/fused_linear_cross_entropy.py:233: UserWarning: called a synchronizing CUDA operation (Triggered internally at /pytorch/c10/cuda/CUDAFunctions.cpp:162.)
2026-09-15T04:19:46.925Z   if not torch.equal(grad_output, torch.tensor(1.0, device=grad_output.device)):
2026-09-15T04:19:46.925Z 
2026-09-15T04:19:46.961Z [2;36m[2026-09-15 04:19:46][0m [33mWARNING [0m [2m[py.warnings:112, f641d6fce801, rank=1][0m /opt/conda/lib/python3.12/site-packages/liger_kernel/ops/fused_linear_cross_entropy.py:233: UserWarning: called a synchronizing CUDA operation (Triggered internally at /pytorch/c10/cuda/CUDAFunctions.cpp:162.)
2026-09-15T04:19:46.961Z   if not torch.equal(grad_output, torch.tensor(1.0, device=grad_output.device)):
2026-09-15T04:19:46.961Z 
2026-09-15T04:19:47.332Z [2;36m[2026-09-15 04:19:47][0m [33mWARNING [0m [2m[py.warnings:112, f641d6fce801, rank=1][0m /opt/conda/lib/python3.12/site-packages/torch/autograd/graph.py:841: UserWarning: called a synchronizing CUDA operation (Triggered internally at /pytorch/c10/cuda/CUDAFunctions.cpp:162.)
2026-09-15T04:19:47.332Z   return Variable._execution_engine.run_backward(  # Calls into the C++ engine to run the backward pass
2026-09-15T04:19:47.332Z 
2026-09-15T04:19:47.343Z [2;36m[2026-09-15 04:19:47][0m [33mWARNING [0m [2m[py.warnings:112, f641d6fce801, rank=0][0m /opt/conda/lib/python3.12/site-packages/torch/autograd/graph.py:841: UserWarning: called a synchronizing CUDA operation (Triggered internally at /pytorch/c10/cuda/CUDAFunctions.cpp:162.)
2026-09-15T04:19:47.343Z   return Variable._execution_engine.run_backward(  # Calls into the C++ engine to run the backward pass
2026-09-15T04:19:47.343Z 
2026-09-15T04:19:47.353Z [2;36m[2026-09-15 04:19:47][0m [33mWARNING [0m [2m[py.warnings:112, f641d6fce801, rank=1][0m /opt/conda/lib/python3.12/site-packages/olmo_core/nn/transformer/model.py:777: UserWarning: called a synchronizing CUDA operation (Triggered internally at /pytorch/c10/cuda/CUDAFunctions.cpp:162.)
2026-09-15T04:19:47.353Z   n_docs = int(chunk_ids.max().item()) + 1
2026-09-15T04:19:47.353Z 
2026-09-15T04:19:52.935Z [2;36m[2026-09-15 04:19:52][0m [33mWARNING [0m [2m[py.warnings:112, f641d6fce801, rank=0][0m /opt/conda/lib/python3.12/site-packages/liger_kernel/ops/fused_linear_cross_entropy.py:75: UserWarning: called a synchronizing CUDA operation (Triggered internally at /pytorch/c10/cuda/CUDAFunctions.cpp:162.)
2026-09-15T04:19:52.935Z   total_n_non_ignore = target_mask.sum().item()
2026-09-15T04:19:52.935Z 
2026-09-15T04:19:52.935Z [2;36m[2026-09-15 04:19:52][0m [33mWARNING [0m [2m[py.warnings:112, f641d6fce801, rank=1][0m /opt/conda/lib/python3.12/site-packages/liger_kernel/ops/fused_linear_cross_entropy.py:75: UserWarning: called a synchronizing CUDA operation (Triggered internally at /pytorch/c10/cuda/CUDAFunctions.cpp:162.)
2026-09-15T04:19:52.935Z   total_n_non_ignore = target_mask.sum().item()
2026-09-15T04:19:52.935Z 
2026-09-15T04:19:53.439Z [2;36m[2026-09-15 04:19:53][0m [33mWARNING [0m [2m[py.warnings:112, f641d6fce801, rank=0][0m /opt/conda/lib/python3.12/site-packages/liger_kernel/ops/fused_linear_cross_entropy.py:233: UserWarning: called a synchronizing CUDA operation (Triggered internally at /pytorch/c10/cuda/CUDAFunctions.cpp:162.)
2026-09-15T04:19:53.439Z   if not torch.equal(grad_output, torch.tensor(1.0, device=grad_output.device)):
2026-09-15T04:19:53.439Z 
2026-09-15T04:19:53.715Z [2;36m[2026-09-15 04:19:53][0m [33mWARNING [0m [2m[py.warnings:112, f641d6fce801, rank=1][0m /opt/conda/lib/python3.12/site-packages/liger_kernel/ops/fused_linear_cross_entropy.py:233: UserWarning: called a synchronizing CUDA operation (Triggered internally at /pytorch/c10/cuda/CUDAFunctions.cpp:162.)
2026-09-15T04:19:53.715Z   if not torch.equal(grad_output, torch.tensor(1.0, device=grad_output.device)):
2026-09-15T04:19:53.715Z 
2026-09-15T04:19:54.773Z [2;36m[2026-09-15 04:19:54][0m [33mWARNING [0m [2m[py.warnings:112, f641d6fce801, rank=1][0m /opt/conda/lib/python3.12/site-packages/torch/autograd/graph.py:841: UserWarning: called a synchronizing CUDA operation (Triggered internally at /pytorch/c10/cuda/CUDAFunctions.cpp:162.)
2026-09-15T04:19:54.774Z   return Variable._execution_engine.run_backward(  # Calls into the C++ engine to run the backward pass
2026-09-15T04:19:54.774Z 
2026-09-15T04:19:54.781Z [2;36m[2026-09-15 04:19:54][0m [33mWARNING [0m [2m[py.warnings:112, f641d6fce801, rank=1][0m /opt/conda/lib/python3.12/site-packages/torch/distributed/utils.py:106: UserWarning: called a synchronizing CUDA operation (Triggered internally at /pytorch/c10/cuda/CUDAFunctions.cpp:162.)
2026-09-15T04:19:54.781Z   return (obj.to(target_device),)
2026-09-15T04:19:54.781Z 
2026-09-15T04:19:54.781Z [2;36m[2026-09-15 04:19:54][0m [33mWARNING [0m [2m[py.warnings:112, f641d6fce801, rank=0][0m /opt/conda/lib/python3.12/site-packages/torch/autograd/graph.py:841: UserWarning: called a synchronizing CUDA operation (Triggered internally at /pytorch/c10/cuda/CUDAFunctions.cpp:162.)
2026-09-15T04:19:54.781Z   return Variable._execution_engine.run_backward(  # Calls into the C++ engine to run the backward pass
2026-09-15T04:19:54.781Z 
2026-09-15T04:19:54.783Z [2;36m[2026-09-15 04:19:54][0m [33mWARNING [0m [2m[py.warnings:112, f641d6fce801, rank=0][0m /opt/conda/lib/python3.12/site-packages/torch/distributed/utils.py:106: UserWarning: called a synchronizing CUDA operation (Triggered internally at /pytorch/c10/cuda/CUDAFunctions.cpp:162.)
2026-09-15T04:19:54.783Z   return (obj.to(target_device),)
2026-09-15T04:19:54.783Z 
2026-09-15T04:19:54.793Z [2;36m[2026-09-15 04:19:54][0m [33mWARNING [0m [2m[py.warnings:112, f641d6fce801, rank=1][0m /opt/conda/lib/python3.12/site-packages/olmo_core/nn/transformer/model.py:777: UserWarning: called a synchronizing CUDA operation (Triggered internally at /pytorch/c10/cuda/CUDAFunctions.cpp:162.)
2026-09-15T04:19:54.793Z   n_docs = int(chunk_ids.max().item()) + 1
2026-09-15T04:19:54.793Z 
2026-09-15T04:19:54.793Z [2;36m[2026-09-15 04:19:54][0m [33mWARNING [0m [2m[py.warnings:112, f641d6fce801, rank=0][0m /opt/conda/lib/python3.12/site-packages/olmo_core/nn/transformer/model.py:777: UserWarning: called a synchronizing CUDA operation (Triggered internally at /pytorch/c10/cuda/CUDAFunctions.cpp:162.)
2026-09-15T04:19:54.793Z   n_docs = int(chunk_ids.max().item()) + 1
2026-09-15T04:19:54.793Z 
2026-09-15T04:19:54.802Z [2;36m[2026-09-15 04:19:54][0m [33mWARNING [0m [2m[py.warnings:112, f641d6fce801, rank=1][0m /opt/conda/lib/python3.12/site-packages/olmo_core/nn/transformer/model.py:834: UserWarning: called a synchronizing CUDA operation (Triggered internally at /pytorch/c10/cuda/CUDAFunctions.cpp:162.)
2026-09-15T04:19:54.802Z   flat = (torch.arange(B, device=emb.device)[:, None] * n_docs + cid.clamp(min=0)).reshape(
2026-09-15T04:19:54.802Z 
2026-09-15T04:19:54.802Z [2;36m[2026-09-15 04:19:54][0m [33mWARNING [0m [2m[py.warnings:112, f641d6fce801, rank=0][0m /opt/conda/lib/python3.12/site-packages/olmo_core/nn/transformer/model.py:834: UserWarning: called a synchronizing CUDA operation (Triggered internally at /pytorch/c10/cuda/CUDAFunctions.cpp:162.)
2026-09-15T04:19:54.802Z   flat = (torch.arange(B, device=emb.device)[:, None] * n_docs + cid.clamp(min=0)).reshape(
2026-09-15T04:19:54.802Z 
2026-09-15T04:19:54.802Z [2;36m[2026-09-15 04:19:54][0m [33mWARNING [0m [2m[py.warnings:112, f641d6fce801, rank=1][0m /opt/conda/lib/python3.12/site-packages/olmo_core/nn/transformer/model.py:838: UserWarning: called a synchronizing CUDA operation (Triggered internally at /pytorch/c10/cuda/CUDAFunctions.cpp:162.)
2026-09-15T04:19:54.802Z   0, flat, emb.reshape(B * T, D)[is_ctx.reshape(-1)]
2026-09-15T04:19:54.802Z 
2026-09-15T04:19:54.803Z [2;36m[2026-09-15 04:19:54][0m [33mWARNING [0m [2m[py.warnings:112, f641d6fce801, rank=0][0m /opt/conda/lib/python3.12/site-packages/olmo_core/nn/transformer/model.py:838: UserWarning: called a synchronizing CUDA operation (Triggered internally at /pytorch/c10/cuda/CUDAFunctions.cpp:162.)
2026-09-15T04:19:54.803Z   0, flat, emb.reshape(B * T, D)[is_ctx.reshape(-1)]
2026-09-15T04:19:54.803Z 
2026-09-15T04:19:54.810Z [2;36m[2026-09-15 04:19:54][0m [33mWARNING [0m [2m[py.warnings:112, f641d6fce801, rank=0][0m /opt/conda/lib/python3.12/site-packages/olmo_core/nn/pooled_soft_token.py:173: UserWarning: called a synchronizing CUDA operation (Triggered internally at /pytorch/c10/cuda/CUDAFunctions.cpp:162.)
2026-09-15T04:19:54.810Z   kept_idx = kept_tok.nonzero(as_tuple=True)[0]
2026-09-15T04:19:54.810Z 
2026-09-15T04:19:54.810Z [2;36m[2026-09-15 04:19:54][0m [33mWARNING [0m [2m[py.warnings:112, f641d6fce801, rank=1][0m /opt/conda/lib/python3.12/site-packages/olmo_core/nn/pooled_soft_token.py:173: UserWarning: called a synchronizing CUDA operation (Triggered internally at /pytorch/c10/cuda/CUDAFunctions.cpp:162.)
2026-09-15T04:19:54.810Z   kept_idx = kept_tok.nonzero(as_tuple=True)[0]
2026-09-15T04:19:54.810Z 
2026-09-15T04:19:54.810Z [2;36m[2026-09-15 04:19:54][0m [33mWARNING [0m [2m[py.warnings:112, f641d6fce801, rank=0][0m /opt/conda/lib/python3.12/site-packages/olmo_core/nn/pooled_soft_token.py:179: UserWarning: called a synchronizing CUDA operation (Triggered internally at /pytorch/c10/cuda/CUDAFunctions.cpp:162.)
2026-09-15T04:19:54.810Z   if is_ctx.any():
2026-09-15T04:19:54.810Z 
2026-09-15T04:19:54.811Z [2;36m[2026-09-15 04:19:54][0m [33mWARNING [0m [2m[py.warnings:112, f641d6fce801, rank=1][0m /opt/conda/lib/python3.12/site-packages/olmo_core/nn/pooled_soft_token.py:179: UserWarning: called a synchronizing CUDA operation (Triggered internally at /pytorch/c10/cuda/CUDAFunctions.cpp:162.)
2026-09-15T04:19:54.811Z   if is_ctx.any():
2026-09-15T04:19:54.811Z 
2026-09-15T04:19:54.811Z [2;36m[2026-09-15 04:19:54][0m [33mWARNING [0m [2m[py.warnings:112, f641d6fce801, rank=1][0m /opt/conda/lib/python3.12/site-packages/olmo_core/nn/pooled_soft_token.py:180: UserWarning: called a synchronizing CUDA operation (Triggered internally at /pytorch/c10/cuda/CUDAFunctions.cpp:162.)
2026-09-15T04:19:54.811Z   d_ix = c[is_ctx]
2026-09-15T04:19:54.811Z 
2026-09-15T04:19:54.811Z [2;36m[2026-09-15 04:19:54][0m [33mWARNING [0m [2m[py.warnings:112, f641d6fce801, rank=0][0m /opt/conda/lib/python3.12/site-packages/olmo_core/nn/pooled_soft_token.py:180: UserWarning: called a synchronizing CUDA operation (Triggered internally at /pytorch/c10/cuda/CUDAFunctions.cpp:162.)
2026-09-15T04:19:54.811Z   d_ix = c[is_ctx]
2026-09-15T04:19:54.811Z 
2026-09-15T04:19:54.811Z [2;36m[2026-09-15 04:19:54][0m [33mWARNING [0m [2m[py.warnings:112, f641d6fce801, rank=1][0m /opt/conda/lib/python3.12/site-packages/olmo_core/nn/pooled_soft_token.py:181: UserWarning: called a synchronizing CUDA operation (Triggered internally at /pytorch/c10/cuda/CUDAFunctions.cpp:162.)
2026-09-15T04:19:54.811Z   pos_ix = is_ctx.nonzero(as_tuple=True)[0]
2026-09-15T04:19:54.811Z 
2026-09-15T04:19:54.811Z [2;36m[2026-09-15 04:19:54][0m [33mWARNING [0m [2m[py.warnings:112, f641d6fce801, rank=0][0m /opt/conda/lib/python3.12/site-packages/olmo_core/nn/pooled_soft_token.py:181: UserWarning: called a synchronizing CUDA operation (Triggered internally at /pytorch/c10/cuda/CUDAFunctions.cpp:162.)
2026-09-15T04:19:54.811Z   pos_ix = is_ctx.nonzero(as_tuple=True)[0]
2026-09-15T04:19:54.811Z 
2026-09-15T04:19:54.812Z [2;36m[2026-09-15 04:19:54][0m [33mWARNING [0m [2m[py.warnings:112, f641d6fce801, rank=1][0m /opt/conda/lib/python3.12/site-packages/olmo_core/nn/pooled_soft_token.py:186: UserWarning: called a synchronizing CUDA operation (Triggered internally at /pytorch/c10/cuda/CUDAFunctions.cpp:162.)
2026-09-15T04:19:54.812Z   pooled_docs = pooled.nonzero(as_tuple=True)[0]
2026-09-15T04:19:54.812Z 
2026-09-15T04:19:54.812Z [2;36m[2026-09-15 04:19:54][0m [33mWARNING [0m [2m[py.warnings:112, f641d6fce801, rank=0][0m /opt/conda/lib/python3.12/site-packages/olmo_core/nn/pooled_soft_token.py:186: UserWarning: called a synchronizing CUDA operation (Triggered internally at /pytorch/c10/cuda/CUDAFunctions.cpp:162.)
2026-09-15T04:19:54.812Z   pooled_docs = pooled.nonzero(as_tuple=True)[0]
2026-09-15T04:19:54.812Z 
2026-09-15T04:19:54.813Z [2;36m[2026-09-15 04:19:54][0m [33mWARNING [0m [2m[py.warnings:112, f641d6fce801, rank=1][0m /opt/conda/lib/python3.12/site-packages/olmo_core/nn/pooled_soft_token.py:217: UserWarning: called a synchronizing CUDA operation (Triggered internally at /pytorch/c10/cuda/CUDAFunctions.cpp:162.)
2026-09-15T04:19:54.813Z   doc_len = torch.bincount(c[is_ctx], minlength=n_docs) if is_ctx.any() else torch.zeros(n_docs, dtype=torch.long, device=device)
2026-09-15T04:19:54.813Z 
2026-09-15T04:19:54.813Z [2;36m[2026-09-15 04:19:54][0m [33mWARNING [0m [2m[py.warnings:112, f641d6fce801, rank=0][0m /opt/conda/lib/python3.12/site-packages/olmo_core/nn/pooled_soft_token.py:217: UserWarning: called a synchronizing CUDA operation (Triggered internally at /pytorch/c10/cuda/CUDAFunctions.cpp:162.)
2026-09-15T04:19:54.813Z   doc_len = torch.bincount(c[is_ctx], minlength=n_docs) if is_ctx.any() else torch.zeros(n_docs, dtype=torch.long, device=device)
2026-09-15T04:19:54.813Z 
2026-09-15T04:19:54.813Z [2;36m[2026-09-15 04:19:54][0m [33mWARNING [0m [2m[py.warnings:112, f641d6fce801, rank=1][0m /opt/conda/lib/python3.12/site-packages/olmo_core/nn/pooled_soft_token.py:222: UserWarning: called a synchronizing CUDA operation (Triggered internally at /pytorch/c10/cuda/CUDAFunctions.cpp:162.)
2026-09-15T04:19:54.813Z   soft_cols_b = soft_mask.nonzero(as_tuple=True)[0]
2026-09-15T04:19:54.813Z 
2026-09-15T04:19:54.814Z [2;36m[2026-09-15 04:19:54][0m [33mWARNING [0m [2m[py.warnings:112, f641d6fce801, rank=0][0m /opt/conda/lib/python3.12/site-packages/olmo_core/nn/pooled_soft_token.py:222: UserWarning: called a synchronizing CUDA operation (Triggered internally at /pytorch/c10/cuda/CUDAFunctions.cpp:162.)
2026-09-15T04:19:54.814Z   soft_cols_b = soft_mask.nonzero(as_tuple=True)[0]
2026-09-15T04:19:54.814Z 
2026-09-15T04:19:54.814Z [2;36m[2026-09-15 04:19:54][0m [33mWARNING [0m [2m[py.warnings:112, f641d6fce801, rank=1][0m /opt/conda/lib/python3.12/site-packages/olmo_core/nn/pooled_soft_token.py:226: UserWarning: called a synchronizing CUDA operation (Triggered internally at /pytorch/c10/cuda/CUDAFunctions.cpp:162.)
2026-09-15T04:19:54.814Z   cols_l = soft_cols_b.tolist()
2026-09-15T04:19:54.814Z 
2026-09-15T04:19:54.814Z [2;36m[2026-09-15 04:19:54][0m [33mWARNING [0m [2m[py.warnings:112, f641d6fce801, rank=1][0m /opt/conda/lib/python3.12/site-packages/olmo_core/nn/pooled_soft_token.py:229: UserWarning: called a synchronizing CUDA operation (Triggered internally at /pytorch/c10/cuda/CUDAFunctions.cpp:162.)
2026-09-15T04:19:54.814Z   soft_docs += docs_b.tolist()
2026-09-15T04:19:54.814Z 
2026-09-15T04:19:54.814Z [2;36m[2026-09-15 04:19:54][0m [33mWARNING [0m [2m[py.warnings:112, f641d6fce801, rank=0][0m /opt/conda/lib/python3.12/site-packages/olmo_core/nn/pooled_soft_token.py:226: UserWarning: called a synchronizing CUDA operation (Triggered internally at /pytorch/c10/cuda/CUDAFunctions.cpp:162.)
2026-09-15T04:19:54.814Z   cols_l = soft_cols_b.tolist()
2026-09-15T04:19:54.814Z 
2026-09-15T04:19:54.814Z [2;36m[2026-09-15 04:19:54][0m [33mWARNING [0m [2m[py.warnings:112, f641d6fce801, rank=1][0m /opt/conda/lib/python3.12/site-packages/olmo_core/nn/pooled_soft_token.py:230: UserWarning: called a synchronizing CUDA operation (Triggered internally at /pytorch/c10/cuda/CUDAFunctions.cpp:162.)
2026-09-15T04:19:54.814Z   soft_log_len += lens_b.tolist()
2026-09-15T04:19:54.814Z 
2026-09-15T04:19:54.815Z [2;36m[2026-09-15 04:19:54][0m [33mWARNING [0m [2m[py.warnings:112, f641d6fce801, rank=0][0m /opt/conda/lib/python3.12/site-packages/olmo_core/nn/pooled_soft_token.py:229: UserWarning: called a synchronizing CUDA operation (Triggered internally at /pytorch/c10/cuda/CUDAFunctions.cpp:162.)
2026-09-15T04:19:54.815Z   soft_docs += docs_b.tolist()
2026-09-15T04:19:54.815Z 
2026-09-15T04:19:54.815Z [2;36m[2026-09-15 04:19:54][0m [33mWARNING [0m [2m[py.warnings:112, f641d6fce801, rank=0][0m /opt/conda/lib/python3.12/site-packages/olmo_core/nn/pooled_soft_token.py:230: UserWarning: called a synchronizing CUDA operation (Triggered internally at /pytorch/c10/cuda/CUDAFunctions.cpp:162.)
2026-09-15T04:19:54.815Z   soft_log_len += lens_b.tolist()
2026-09-15T04:19:54.815Z 
2026-09-15T04:19:54.816Z [2;36m[2026-09-15 04:19:54][0m [33mWARNING [0m [2m[py.warnings:112, f641d6fce801, rank=1][0m /opt/conda/lib/python3.12/site-packages/olmo_core/nn/pooled_soft_token.py:280: UserWarning: called a synchronizing CUDA operation (Triggered internally at /pytorch/c10/cuda/CUDAFunctions.cpp:162.)
2026-09-15T04:19:54.816Z   row_lens[b] = L
2026-09-15T04:19:54.816Z 
2026-09-15T04:19:54.817Z [2;36m[2026-09-15 04:19:54][0m [33mWARNING [0m [2m[py.warnings:112, f641d6fce801, rank=1][0m /opt/conda/lib/python3.12/site-packages/olmo_core/nn/pooled_soft_token.py:297: UserWarning: called a synchronizing CUDA operation (Triggered internally at /pytorch/c10/cuda/CUDAFunctions.cpp:162.)
2026-09-15T04:19:54.817Z   soft_rows=torch.tensor(soft_rows, dtype=torch.long, device=device),
2026-09-15T04:19:54.817Z 
2026-09-15T04:19:54.817Z [2;36m[2026-09-15 04:19:54][0m [33mWARNING [0m [2m[py.warnings:112, f641d6fce801, rank=1][0m /opt/conda/lib/python3.12/site-packages/olmo_core/nn/pooled_soft_token.py:298: UserWarning: called a synchronizing CUDA operation (Triggered internally at /pytorch/c10/cuda/CUDAFunctions.cpp:162.)
2026-09-15T04:19:54.817Z   soft_cols=torch.tensor(soft_cols, dtype=torch.long, device=device),
2026-09-15T04:19:54.817Z 
2026-09-15T04:19:54.817Z [2;36m[2026-09-15 04:19:54][0m [33mWARNING [0m [2m[py.warnings:112, f641d6fce801, rank=0][0m /opt/conda/lib/python3.12/site-packages/olmo_core/nn/pooled_soft_token.py:280: UserWarning: called a synchronizing CUDA operation (Triggered internally at /pytorch/c10/cuda/CUDAFunctions.cpp:162.)
2026-09-15T04:19:54.817Z   row_lens[b] = L
2026-09-15T04:19:54.817Z 
2026-09-15T04:19:54.817Z [2;36m[2026-09-15 04:19:54][0m [33mWARNING [0m [2m[py.warnings:112, f641d6fce801, rank=1][0m /opt/conda/lib/python3.12/site-packages/olmo_core/nn/pooled_soft_token.py:299: UserWarning: called a synchronizing CUDA operation (Triggered internally at /pytorch/c10/cuda/CUDAFunctions.cpp:162.)
2026-09-15T04:19:54.817Z   soft_docs=torch.tensor(soft_docs, dtype=torch.long, device=device),
2026-09-15T04:19:54.817Z 
2026-09-15T04:19:54.818Z [2;36m[2026-09-15 04:19:54][0m [33mWARNING [0m [2m[py.warnings:112, f641d6fce801, rank=1][0m /opt/conda/lib/python3.12/site-packages/olmo_core/nn/pooled_soft_token.py:301: UserWarning: called a synchronizing CUDA operation (Triggered internally at /pytorch/c10/cuda/CUDAFunctions.cpp:162.)
2026-09-15T04:19:54.818Z   soft_log_len=torch.tensor(soft_log_len, dtype=torch.float32, device=device),
2026-09-15T04:19:54.818Z 
2026-09-15T04:19:54.818Z [2;36m[2026-09-15 04:19:54][0m [33mWARNING [0m [2m[py.warnings:112, f641d6fce801, rank=0][0m /opt/conda/lib/python3.12/site-packages/olmo_core/nn/pooled_soft_token.py:297: UserWarning: called a synchronizing CUDA operation (Triggered internally at /pytorch/c10/cuda/CUDAFunctions.cpp:162.)
2026-09-15T04:19:54.818Z   soft_rows=torch.tensor(soft_rows, dtype=torch.long, device=device),
2026-09-15T04:19:54.818Z 
2026-09-15T04:19:54.818Z [2;36m[2026-09-15 04:19:54][0m [33mWARNING [0m [2m[py.warnings:112, f641d6fce801, rank=0][0m /opt/conda/lib/python3.12/site-packages/olmo_core/nn/pooled_soft_token.py:298: UserWarning: called a synchronizing CUDA operation (Triggered internally at /pytorch/c10/cuda/CUDAFunctions.cpp:162.)
2026-09-15T04:19:54.818Z   soft_cols=torch.tensor(soft_cols, dtype=torch.long, device=device),
2026-09-15T04:19:54.818Z 
2026-09-15T04:19:54.818Z [2;36m[2026-09-15 04:19:54][0m [33mWARNING [0m [2m[py.warnings:112, f641d6fce801, rank=1][0m /opt/conda/lib/python3.12/site-packages/olmo_core/nn/transformer/model.py:1502: UserWarning: called a synchronizing CUDA operation (Triggered internally at /pytorch/c10/cuda/CUDAFunctions.cpp:162.)
2026-09-15T04:19:54.818Z   kv_grad_mask[cb.soft_rows, cb.soft_cols] = False
2026-09-15T04:19:54.818Z 
2026-09-15T04:19:54.819Z [2;36m[2026-09-15 04:19:54][0m [33mWARNING [0m [2m[py.warnings:112, f641d6fce801, rank=0][0m /opt/conda/lib/python3.12/site-packages/olmo_core/nn/pooled_soft_token.py:299: UserWarning: called a synchronizing CUDA operation (Triggered internally at /pytorch/c10/cuda/CUDAFunctions.cpp:162.)
2026-09-15T04:19:54.819Z   soft_docs=torch.tensor(soft_docs, dtype=torch.long, device=device),
2026-09-15T04:19:54.819Z 
2026-09-15T04:19:54.819Z [2;36m[2026-09-15 04:19:54][0m [33mWARNING [0m [2m[py.warnings:112, f641d6fce801, rank=0][0m /opt/conda/lib/python3.12/site-packages/olmo_core/nn/pooled_soft_token.py:301: UserWarning: called a synchronizing CUDA operation (Triggered internally at /pytorch/c10/cuda/CUDAFunctions.cpp:162.)
2026-09-15T04:19:54.819Z   soft_log_len=torch.tensor(soft_log_len, dtype=torch.float32, device=device),
2026-09-15T04:19:54.819Z 
2026-09-15T04:19:54.820Z [2;36m[2026-09-15 04:19:54][0m [33mWARNING [0m [2m[py.warnings:112, f641d6fce801, rank=0][0m /opt/conda/lib/python3.12/site-packages/olmo_core/nn/transformer/model.py:1502: UserWarning: called a synchronizing CUDA operation (Triggered internally at /pytorch/c10/cuda/CUDAFunctions.cpp:162.)
2026-09-15T04:19:54.820Z   kv_grad_mask[cb.soft_rows, cb.soft_cols] = False
2026-09-15T04:19:54.820Z 
2026-09-15T04:19:54.966Z [2;36m[2026-09-15 04:19:54][0m [33mWARNING [0m [2m[py.warnings:112, f641d6fce801, rank=0][0m /opt/conda/lib/python3.12/site-packages/liger_kernel/ops/fused_linear_cross_entropy.py:75: UserWarning: called a synchronizing CUDA operation (Triggered internally at /pytorch/c10/cuda/CUDAFunctions.cpp:162.)
2026-09-15T04:19:54.966Z   total_n_non_ignore = target_mask.sum().item()
2026-09-15T04:19:54.966Z 
2026-09-15T04:19:54.966Z [2;36m[2026-09-15 04:19:54][0m [33mWARNING [0m [2m[py.warnings:112, f641d6fce801, rank=1][0m /opt/conda/lib/python3.12/site-packages/liger_kernel/ops/fused_linear_cross_entropy.py:75: UserWarning: called a synchronizing CUDA operation (Triggered internally at /pytorch/c10/cuda/CUDAFunctions.cpp:162.)
2026-09-15T04:19:54.966Z   total_n_non_ignore = target_mask.sum().item()
2026-09-15T04:19:54.966Z 
2026-09-15T04:19:55.875Z [2;36m[2026-09-15 04:19:55][0m [33mWARNING [0m [2m[py.warnings:112, f641d6fce801, rank=1][0m /opt/conda/lib/python3.12/site-packages/liger_kernel/ops/fused_linear_cross_entropy.py:233: UserWarning: called a synchronizing CUDA operation (Triggered internally at /pytorch/c10/cuda/CUDAFunctions.cpp:162.)
2026-09-15T04:19:55.875Z   if not torch.equal(grad_output, torch.tensor(1.0, device=grad_output.device)):
2026-09-15T04:19:55.875Z 
2026-09-15T04:19:55.896Z [2;36m[2026-09-15 04:19:55][0m [33mWARNING [0m [2m[py.warnings:112, f641d6fce801, rank=0][0m /opt/conda/lib/python3.12/site-packages/liger_kernel/ops/fused_linear_cross_entropy.py:233: UserWarning: called a synchronizing CUDA operation (Triggered internally at /pytorch/c10/cuda/CUDAFunctions.cpp:162.)
2026-09-15T04:19:55.896Z   if not torch.equal(grad_output, torch.tensor(1.0, device=grad_output.device)):
2026-09-15T04:19:55.896Z 
2026-09-15T04:19:56.410Z [2;36m[2026-09-15 04:19:56][0m [33mWARNING [0m [2m[py.warnings:112, f641d6fce801, rank=1][0m /opt/conda/lib/python3.12/site-packages/torch/autograd/graph.py:841: UserWarning: called a synchronizing CUDA operation (Triggered internally at /pytorch/c10/cuda/CUDAFunctions.cpp:162.)
2026-09-15T04:19:56.410Z   return Variable._execution_engine.run_backward(  # Calls into the C++ engine to run the backward pass
2026-09-15T04:19:56.410Z 
2026-09-15T04:19:56.415Z [2;36m[2026-09-15 04:19:56][0m [33mWARNING [0m [2m[py.warnings:112, f641d6fce801, rank=1][0m /opt/conda/lib/python3.12/site-packages/torch/distributed/utils.py:106: UserWarning: called a synchronizing CUDA operation (Triggered internally at /pytorch/c10/cuda/CUDAFunctions.cpp:162.)
2026-09-15T04:19:56.415Z   return (obj.to(target_device),)
2026-09-15T04:19:56.415Z 
2026-09-15T04:19:56.424Z [2;36m[2026-09-15 04:19:56][0m [33mWARNING [0m [2m[py.warnings:112, f641d6fce801, rank=1][0m /opt/conda/lib/python3.12/site-packages/olmo_core/nn/transformer/model.py:777: UserWarning: called a synchronizing CUDA operation (Triggered internally at /pytorch/c10/cuda/CUDAFunctions.cpp:162.)
2026-09-15T04:19:56.424Z   n_docs = int(chunk_ids.max().item()) + 1
2026-09-15T04:19:56.424Z 
2026-09-15T04:19:56.433Z [2;36m[2026-09-15 04:19:56][0m [33mWARNING [0m [2m[py.warnings:112, f641d6fce801, rank=1][0m /opt/conda/lib/python3.12/site-packages/olmo_core/nn/transformer/model.py:834: UserWarning: called a synchronizing CUDA operation (Triggered internally at /pytorch/c10/cuda/CUDAFunctions.cpp:162.)
2026-09-15T04:19:56.433Z   flat = (torch.arange(B, device=emb.device)[:, None] * n_docs + cid.clamp(min=0)).reshape(
2026-09-15T04:19:56.433Z 
2026-09-15T04:19:56.434Z [2;36m[2026-09-15 04:19:56][0m [33mWARNING [0m [2m[py.warnings:112, f641d6fce801, rank=1][0m /opt/conda/lib/python3.12/site-packages/olmo_core/nn/transformer/model.py:838: UserWarning: called a synchronizing CUDA operation (Triggered internally at /pytorch/c10/cuda/CUDAFunctions.cpp:162.)
2026-09-15T04:19:56.434Z   0, flat, emb.reshape(B * T, D)[is_ctx.reshape(-1)]
2026-09-15T04:19:56.434Z 
2026-09-15T04:19:56.441Z [2;36m[2026-09-15 04:19:56][0m [33mWARNING [0m [2m[py.warnings:112, f641d6fce801, rank=1][0m /opt/conda/lib/python3.12/site-packages/olmo_core/nn/pooled_soft_token.py:173: UserWarning: called a synchronizing CUDA operation (Triggered internally at /pytorch/c10/cuda/CUDAFunctions.cpp:162.)
2026-09-15T04:19:56.441Z   kept_idx = kept_tok.nonzero(as_tuple=True)[0]
2026-09-15T04:19:56.441Z 
2026-09-15T04:19:56.442Z [2;36m[2026-09-15 04:19:56][0m [33mWARNING [0m [2m[py.warnings:112, f641d6fce801, rank=1][0m /opt/conda/lib/python3.12/site-packages/olmo_core/nn/pooled_soft_token.py:179: UserWarning: called a synchronizing CUDA operation (Triggered internally at /pytorch/c10/cuda/CUDAFunctions.cpp:162.)
2026-09-15T04:19:56.442Z   if is_ctx.any():
2026-09-15T04:19:56.442Z 
2026-09-15T04:19:56.442Z [2;36m[2026-09-15 04:19:56][0m [33mWARNING [0m [2m[py.warnings:112, f641d6fce801, rank=1][0m /opt/conda/lib/python3.12/site-packages/olmo_core/nn/pooled_soft_token.py:180: UserWarning: called a synchronizing CUDA operation (Triggered internally at /pytorch/c10/cuda/CUDAFunctions.cpp:162.)
2026-09-15T04:19:56.442Z   d_ix = c[is_ctx]
2026-09-15T04:19:56.442Z 
2026-09-15T04:19:56.442Z [2;36m[2026-09-15 04:19:56][0m [33mWARNING [0m [2m[py.warnings:112, f641d6fce801, rank=1][0m /opt/conda/lib/python3.12/site-packages/olmo_core/nn/pooled_soft_token.py:181: UserWarning: called a synchronizing CUDA operation (Triggered internally at /pytorch/c10/cuda/CUDAFunctions.cpp:162.)
2026-09-15T04:19:56.442Z   pos_ix = is_ctx.nonzero(as_tuple=True)[0]
2026-09-15T04:19:56.442Z 
2026-09-15T04:19:56.443Z [2;36m[2026-09-15 04:19:56][0m [33mWARNING [0m [2m[py.warnings:112, f641d6fce801, rank=1][0m /opt/conda/lib/python3.12/site-packages/olmo_core/nn/pooled_soft_token.py:186: UserWarning: called a synchronizing CUDA operation (Triggered internally at /pytorch/c10/cuda/CUDAFunctions.cpp:162.)
2026-09-15T04:19:56.443Z   pooled_docs = pooled.nonzero(as_tuple=True)[0]
2026-09-15T04:19:56.443Z 
2026-09-15T04:19:56.444Z [2;36m[2026-09-15 04:19:56][0m [33mWARNING [0m [2m[py.warnings:112, f641d6fce801, rank=1][0m /opt/conda/lib/python3.12/site-packages/olmo_core/nn/pooled_soft_token.py:217: UserWarning: called a synchronizing CUDA operation (Triggered internally at /pytorch/c10/cuda/CUDAFunctions.cpp:162.)
2026-09-15T04:19:56.444Z   doc_len = torch.bincount(c[is_ctx], minlength=n_docs) if is_ctx.any() else torch.zeros(n_docs, dtype=torch.long, device=device)
2026-09-15T04:19:56.444Z 
2026-09-15T04:19:56.444Z [2;36m[2026-09-15 04:19:56][0m [33mWARNING [0m [2m[py.warnings:112, f641d6fce801, rank=1][0m /opt/conda/lib/python3.12/site-packages/olmo_core/nn/pooled_soft_token.py:222: UserWarning: called a synchronizing CUDA operation (Triggered internally at /pytorch/c10/cuda/CUDAFunctions.cpp:162.)
2026-09-15T04:19:56.444Z   soft_cols_b = soft_mask.nonzero(as_tuple=True)[0]
2026-09-15T04:19:56.444Z 
2026-09-15T04:19:56.445Z [2;36m[2026-09-15 04:19:56][0m [33mWARNING [0m [2m[py.warnings:112, f641d6fce801, rank=1][0m /opt/conda/lib/python3.12/site-packages/olmo_core/nn/pooled_soft_token.py:226: UserWarning: called a synchronizing CUDA operation (Triggered internally at /pytorch/c10/cuda/CUDAFunctions.cpp:162.)
2026-09-15T04:19:56.445Z   cols_l = soft_cols_b.tolist()
2026-09-15T04:19:56.445Z 
2026-09-15T04:19:56.445Z [2;36m[2026-09-15 04:19:56][0m [33mWARNING [0m [2m[py.warnings:112, f641d6fce801, rank=1][0m /opt/conda/lib/python3.12/site-packages/olmo_core/nn/pooled_soft_token.py:229: UserWarning: called a synchronizing CUDA operation (Triggered internally at /pytorch/c10/cuda/CUDAFunctions.cpp:162.)
2026-09-15T04:19:56.445Z   soft_docs += docs_b.tolist()
2026-09-15T04:19:56.445Z 
2026-09-15T04:19:56.445Z [2;36m[2026-09-15 04:19:56][0m [33mWARNING [0m [2m[py.warnings:112, f641d6fce801, rank=1][0m /opt/conda/lib/python3.12/site-packages/olmo_core/nn/pooled_soft_token.py:230: UserWarning: called a synchronizing CUDA operation (Triggered internally at /pytorch/c10/cuda/CUDAFunctions.cpp:162.)
2026-09-15T04:19:56.445Z   soft_log_len += lens_b.tolist()
2026-09-15T04:19:56.445Z 
2026-09-15T04:19:56.447Z [2;36m[2026-09-15 04:19:56][0m [33mWARNING [0m [2m[py.warnings:112, f641d6fce801, rank=1][0m /opt/conda/lib/python3.12/site-packages/olmo_core/nn/pooled_soft_token.py:280: UserWarning: called a synchronizing CUDA operation (Triggered internally at /pytorch/c10/cuda/CUDAFunctions.cpp:162.)
2026-09-15T04:19:56.447Z   row_lens[b] = L
2026-09-15T04:19:56.447Z 
2026-09-15T04:19:56.448Z [2;36m[2026-09-15 04:19:56][0m [33mWARNING [0m [2m[py.warnings:112, f641d6fce801, rank=1][0m /opt/conda/lib/python3.12/site-packages/olmo_core/nn/pooled_soft_token.py:297: UserWarning: called a synchronizing CUDA operation (Triggered internally at /pytorch/c10/cuda/CUDAFunctions.cpp:162.)
2026-09-15T04:19:56.448Z   soft_rows=torch.tensor(soft_rows, dtype=torch.long, device=device),
2026-09-15T04:19:56.448Z 
2026-09-15T04:19:56.448Z [2;36m[2026-09-15 04:19:56][0m [33mWARNING [0m [2m[py.warnings:112, f641d6fce801, rank=1][0m /opt/conda/lib/python3.12/site-packages/olmo_core/nn/pooled_soft_token.py:298: UserWarning: called a synchronizing CUDA operation (Triggered internally at /pytorch/c10/cuda/CUDAFunctions.cpp:162.)
2026-09-15T04:19:56.448Z   soft_cols=torch.tensor(soft_cols, dtype=torch.long, device=device),
2026-09-15T04:19:56.448Z 
2026-09-15T04:19:56.448Z [2;36m[2026-09-15 04:19:56][0m [33mWARNING [0m [2m[py.warnings:112, f641d6fce801, rank=1][0m /opt/conda/lib/python3.12/site-packages/olmo_core/nn/pooled_soft_token.py:299: UserWarning: called a synchronizing CUDA operation (Triggered internally at /pytorch/c10/cuda/CUDAFunctions.cpp:162.)
2026-09-15T04:19:56.448Z   soft_docs=torch.tensor(soft_docs, dtype=torch.long, device=device),
2026-09-15T04:19:56.448Z 
2026-09-15T04:19:56.449Z [2;36m[2026-09-15 04:19:56][0m [33mWARNING [0m [2m[py.warnings:112, f641d6fce801, rank=1][0m /opt/conda/lib/python3.12/site-packages/olmo_core/nn/pooled_soft_token.py:301: UserWarning: called a synchronizing CUDA operation (Triggered internally at /pytorch/c10/cuda/CUDAFunctions.cpp:162.)
2026-09-15T04:19:56.449Z   soft_log_len=torch.tensor(soft_log_len, dtype=torch.float32, device=device),
2026-09-15T04:19:56.449Z 
2026-09-15T04:19:56.449Z [2;36m[2026-09-15 04:19:56][0m [33mWARNING [0m [2m[py.warnings:112, f641d6fce801, rank=1][0m /opt/conda/lib/python3.12/site-packages/olmo_core/nn/transformer/model.py:1502: UserWarning: called a synchronizing CUDA operation (Triggered internally at /pytorch/c10/cuda/CUDAFunctions.cpp:162.)
2026-09-15T04:19:56.449Z   kv_grad_mask[cb.soft_rows, cb.soft_cols] = False
2026-09-15T04:19:56.449Z 
2026-09-15T04:19:56.601Z [2;36m[2026-09-15 04:19:56][0m [33mWARNING [0m [2m[py.warnings:112, f641d6fce801, rank=1][0m /opt/conda/lib/python3.12/site-packages/liger_kernel/ops/fused_linear_cross_entropy.py:75: UserWarning: called a synchronizing CUDA operation (Triggered internally at /pytorch/c10/cuda/CUDAFunctions.cpp:162.)
2026-09-15T04:19:56.601Z   total_n_non_ignore = target_mask.sum().item()
2026-09-15T04:19:56.601Z 
2026-09-15T04:19:57.242Z [2;36m[2026-09-15 04:19:57][0m [33mWARNING [0m [2m[py.warnings:112, f641d6fce801, rank=1][0m /opt/conda/lib/python3.12/site-packages/liger_kernel/ops/fused_linear_cross_entropy.py:233: UserWarning: called a synchronizing CUDA operation (Triggered internally at /pytorch/c10/cuda/CUDAFunctions.cpp:162.)
2026-09-15T04:19:57.242Z   if not torch.equal(grad_output, torch.tensor(1.0, device=grad_output.device)):
2026-09-15T04:19:57.242Z 
2026-09-15T04:19:57.908Z [2;36m[2026-09-15 04:19:57][0m [34mINFO    [0m [2m[olmo_core.train.callbacks.console_logger:68, f641d6fce801, rank=0][0m [step=2/61,epoch=1,eta=12m]
2026-09-15T04:19:57.908Z     gpu_memory/GPU active mem (%)=75.57
2026-09-15T04:19:57.908Z     gpu_memory/GPU active mem (GiB)=59.89
2026-09-15T04:19:57.908Z     gpu_memory/GPU reserved mem (%)=80.90
2026-09-15T04:19:57.908Z     gpu_memory/GPU reserved mem (GiB)=64.12
2026-09-15T04:19:57.908Z     optim/LR (group 0)=5.00E-06
2026-09-15T04:19:57.908Z     optim/LR (group 1)=5.00E-06
2026-09-15T04:19:57.908Z     optim/step skipped=0.0
2026-09-15T04:19:57.908Z     optim/total grad norm=32.83
2026-09-15T04:19:57.908Z     throughput/chinchilla multiple=3.12E-06
2026-09-15T04:19:57.908Z     throughput/device/BPS=0.0848
2026-09-15T04:19:57.908Z     throughput/device/BPS (actual avg)=0.0848
2026-09-15T04:19:57.908Z     throughput/device/MFU=40.81
2026-09-15T04:19:57.908Z     throughput/device/MFU (actual avg)=40.81
2026-09-15T04:19:57.908Z     throughput/device/TPS=5,559
2026-09-15T04:19:57.908Z     throughput/device/TPS (actual avg)=5,559
2026-09-15T04:19:57.908Z     throughput/device/flopsPS=127.3T
2026-09-15T04:19:57.908Z     throughput/device/flopsPS (actual avg)=127.3T
2026-09-15T04:19:57.908Z     throughput/total petaflops=6.003
2026-09-15T04:19:57.908Z     throughput/total tokens=262,144
2026-09-15T04:19:57.908Z     train/CE loss=0.8274
2026-09-15T04:19:57.908Z     throughput/device/data loading (%)=0.2430
2026-09-15T04:19:57.908Z     throughput/device/data loading (s)=0.0287
2026-09-15T04:19:57.908Z     train/PPL=2.287
2026-09-15T04:20:05.898Z [2;36m[2026-09-15 04:20:05][0m [33mWARNING [0m [2m[py.warnings:112, f641d6fce801, rank=0][0m /opt/conda/lib/python3.12/site-packages/torch/autograd/graph.py:841: UserWarning: called a synchronizing CUDA operation (Triggered internally at /pytorch/c10/cuda/CUDAFunctions.cpp:162.)
2026-09-15T04:20:05.898Z   return Variable._execution_engine.run_backward(  # Calls into the C++ engine to run the backward pass
2026-09-15T04:20:05.898Z 
2026-09-15T04:20:05.900Z [2;36m[2026-09-15 04:20:05][0m [33mWARNING [0m [2m[py.warnings:112, f641d6fce801, rank=0][0m /opt/conda/lib/python3.12/site-packages/torch/distributed/utils.py:106: UserWarning: called a synchronizing CUDA operation (Triggered internally at /pytorch/c10/cuda/CUDAFunctions.cpp:162.)
2026-09-15T04:20:05.900Z   return (obj.to(target_device),)
2026-09-15T04:20:05.900Z 
2026-09-15T04:20:05.910Z [2;36m[2026-09-15 04:20:05][0m [33mWARNING [0m [2m[py.warnings:112, f641d6fce801, rank=0][0m /opt/conda/lib/python3.12/site-packages/olmo_core/nn/transformer/model.py:777: UserWarning: called a synchronizing CUDA operation (Triggered internally at /pytorch/c10/cuda/CUDAFunctions.cpp:162.)
2026-09-15T04:20:05.910Z   n_docs = int(chunk_ids.max().item()) + 1
2026-09-15T04:20:05.910Z 
2026-09-15T04:20:05.919Z [2;36m[2026-09-15 04:20:05][0m [33mWARNING [0m [2m[py.warnings:112, f641d6fce801, rank=0][0m /opt/conda/lib/python3.12/site-packages/olmo_core/nn/transformer/model.py:834: UserWarning: called a synchronizing CUDA operation (Triggered internally at /pytorch/c10/cuda/CUDAFunctions.cpp:162.)
2026-09-15T04:20:05.919Z   flat = (torch.arange(B, device=emb.device)[:, None] * n_docs + cid.clamp(min=0)).reshape(
2026-09-15T04:20:05.919Z 
2026-09-15T04:20:05.919Z [2;36m[2026-09-15 04:20:05][0m [33mWARNING [0m [2m[py.warnings:112, f641d6fce801, rank=0][0m /opt/conda/lib/python3.12/site-packages/olmo_core/nn/transformer/model.py:838: UserWarning: called a synchronizing CUDA operation (Triggered internally at /pytorch/c10/cuda/CUDAFunctions.cpp:162.)
2026-09-15T04:20:05.919Z   0, flat, emb.reshape(B * T, D)[is_ctx.reshape(-1)]
2026-09-15T04:20:05.919Z 
2026-09-15T04:20:05.927Z [2;36m[2026-09-15 04:20:05][0m [33mWARNING [0m [2m[py.warnings:112, f641d6fce801, rank=0][0m /opt/conda/lib/python3.12/site-packages/olmo_core/nn/pooled_soft_token.py:173: UserWarning: called a synchronizing CUDA operation (Triggered internally at /pytorch/c10/cuda/CUDAFunctions.cpp:162.)
2026-09-15T04:20:05.927Z   kept_idx = kept_tok.nonzero(as_tuple=True)[0]
2026-09-15T04:20:05.927Z 
2026-09-15T04:20:05.928Z [2;36m[2026-09-15 04:20:05][0m [33mWARNING [0m [2m[py.warnings:112, f641d6fce801, rank=0][0m /opt/conda/lib/python3.12/site-packages/olmo_core/nn/pooled_soft_token.py:179: UserWarning: called a synchronizing CUDA operation (Triggered internally at /pytorch/c10/cuda/CUDAFunctions.cpp:162.)
2026-09-15T04:20:05.928Z   if is_ctx.any():
2026-09-15T04:20:05.928Z 
2026-09-15T04:20:05.928Z [2;36m[2026-09-15 04:20:05][0m [33mWARNING [0m [2m[py.warnings:112, f641d6fce801, rank=0][0m /opt/conda/lib/python3.12/site-packages/olmo_core/nn/pooled_soft_token.py:180: UserWarning: called a synchronizing CUDA operation (Triggered internally at /pytorch/c10/cuda/CUDAFunctions.cpp:162.)
2026-09-15T04:20:05.928Z   d_ix = c[is_ctx]
2026-09-15T04:20:05.928Z 
2026-09-15T04:20:05.929Z [2;36m[2026-09-15 04:20:05][0m [33mWARNING [0m [2m[py.warnings:112, f641d6fce801, rank=0][0m /opt/conda/lib/python3.12/site-packages/olmo_core/nn/pooled_soft_token.py:181: UserWarning: called a synchronizing CUDA operation (Triggered internally at /pytorch/c10/cuda/CUDAFunctions.cpp:162.)
2026-09-15T04:20:05.929Z   pos_ix = is_ctx.nonzero(as_tuple=True)[0]
2026-09-15T04:20:05.929Z 
2026-09-15T04:20:05.929Z [2;36m[2026-09-15 04:20:05][0m [33mWARNING [0m [2m[py.warnings:112, f641d6fce801, rank=0][0m /opt/conda/lib/python3.12/site-packages/olmo_core/nn/pooled_soft_token.py:186: UserWarning: called a synchronizing CUDA operation (Triggered internally at /pytorch/c10/cuda/CUDAFunctions.cpp:162.)
2026-09-15T04:20:05.929Z   pooled_docs = pooled.nonzero(as_tuple=True)[0]
2026-09-15T04:20:05.929Z 
2026-09-15T04:20:05.930Z [2;36m[2026-09-15 04:20:05][0m [33mWARNING [0m [2m[py.warnings:112, f641d6fce801, rank=0][0m /opt/conda/lib/python3.12/site-packages/olmo_core/nn/pooled_soft_token.py:217: UserWarning: called a synchronizing CUDA operation (Triggered internally at /pytorch/c10/cuda/CUDAFunctions.cpp:162.)
2026-09-15T04:20:05.930Z   doc_len = torch.bincount(c[is_ctx], minlength=n_docs) if is_ctx.any() else torch.zeros(n_docs, dtype=torch.long, device=device)
2026-09-15T04:20:05.930Z 
2026-09-15T04:20:05.931Z [2;36m[2026-09-15 04:20:05][0m [33mWARNING [0m [2m[py.warnings:112, f641d6fce801, rank=0][0m /opt/conda/lib/python3.12/site-packages/olmo_core/nn/pooled_soft_token.py:222: UserWarning: called a synchronizing CUDA operation (Triggered internally at /pytorch/c10/cuda/CUDAFunctions.cpp:162.)
2026-09-15T04:20:05.931Z   soft_cols_b = soft_mask.nonzero(as_tuple=True)[0]
2026-09-15T04:20:05.931Z 
2026-09-15T04:20:05.932Z [2;36m[2026-09-15 04:20:05][0m [33mWARNING [0m [2m[py.warnings:112, f641d6fce801, rank=0][0m /opt/conda/lib/python3.12/site-packages/olmo_core/nn/pooled_soft_token.py:226: UserWarning: called a synchronizing CUDA operation (Triggered internally at /pytorch/c10/cuda/CUDAFunctions.cpp:162.)
2026-09-15T04:20:05.932Z   cols_l = soft_cols_b.tolist()
2026-09-15T04:20:05.932Z 
2026-09-15T04:20:05.932Z [2;36m[2026-09-15 04:20:05][0m [33mWARNING [0m [2m[py.warnings:112, f641d6fce801, rank=0][0m /opt/conda/lib/python3.12/site-packages/olmo_core/nn/pooled_soft_token.py:229: UserWarning: called a synchronizing CUDA operation (Triggered internally at /pytorch/c10/cuda/CUDAFunctions.cpp:162.)
2026-09-15T04:20:05.932Z   soft_docs += docs_b.tolist()
2026-09-15T04:20:05.932Z 
2026-09-15T04:20:05.932Z [2;36m[2026-09-15 04:20:05][0m [33mWARNING [0m [2m[py.warnings:112, f641d6fce801, rank=0][0m /opt/conda/lib/python3.12/site-packages/olmo_core/nn/pooled_soft_token.py:230: UserWarning: called a synchronizing CUDA operation (Triggered internally at /pytorch/c10/cuda/CUDAFunctions.cpp:162.)
2026-09-15T04:20:05.932Z   soft_log_len += lens_b.tolist()
2026-09-15T04:20:05.932Z 
2026-09-15T04:20:05.934Z [2;36m[2026-09-15 04:20:05][0m [33mWARNING [0m [2m[py.warnings:112, f641d6fce801, rank=0][0m /opt/conda/lib/python3.12/site-packages/olmo_core/nn/pooled_soft_token.py:280: UserWarning: called a synchronizing CUDA operation (Triggered internally at /pytorch/c10/cuda/CUDAFunctions.cpp:162.)
2026-09-15T04:20:05.934Z   row_lens[b] = L
2026-09-15T04:20:05.934Z 
2026-09-15T04:20:05.935Z [2;36m[2026-09-15 04:20:05][0m [33mWARNING [0m [2m[py.warnings:112, f641d6fce801, rank=0][0m /opt/conda/lib/python3.12/site-packages/olmo_core/nn/pooled_soft_token.py:297: UserWarning: called a synchronizing CUDA operation (Triggered internally at /pytorch/c10/cuda/CUDAFunctions.cpp:162.)
2026-09-15T04:20:05.935Z   soft_rows=torch.tensor(soft_rows, dtype=torch.long, device=device),
2026-09-15T04:20:05.935Z 
2026-09-15T04:20:05.935Z [2;36m[2026-09-15 04:20:05][0m [33mWARNING [0m [2m[py.warnings:112, f641d6fce801, rank=0][0m /opt/conda/lib/python3.12/site-packages/olmo_core/nn/pooled_soft_token.py:298: UserWarning: called a synchronizing CUDA operation (Triggered internally at /pytorch/c10/cuda/CUDAFunctions.cpp:162.)
2026-09-15T04:20:05.936Z   soft_cols=torch.tensor(soft_cols, dtype=torch.long, device=device),
2026-09-15T04:20:05.936Z 
2026-09-15T04:20:05.936Z [2;36m[2026-09-15 04:20:05][0m [33mWARNING [0m [2m[py.warnings:112, f641d6fce801, rank=0][0m /opt/conda/lib/python3.12/site-packages/olmo_core/nn/pooled_soft_token.py:299: UserWarning: called a synchronizing CUDA operation (Triggered internally at /pytorch/c10/cuda/CUDAFunctions.cpp:162.)
2026-09-15T04:20:05.936Z   soft_docs=torch.tensor(soft_docs, dtype=torch.long, device=device),
2026-09-15T04:20:05.936Z 
2026-09-15T04:20:05.936Z [2;36m[2026-09-15 04:20:05][0m [33mWARNING [0m [2m[py.warnings:112, f641d6fce801, rank=0][0m /opt/conda/lib/python3.12/site-packages/olmo_core/nn/pooled_soft_token.py:301: UserWarning: called a synchronizing CUDA operation (Triggered internally at /pytorch/c10/cuda/CUDAFunctions.cpp:162.)
2026-09-15T04:20:05.936Z   soft_log_len=torch.tensor(soft_log_len, dtype=torch.float32, device=device),
2026-09-15T04:20:05.936Z 
2026-09-15T04:20:05.937Z [2;36m[2026-09-15 04:20:05][0m [33mWARNING [0m [2m[py.warnings:112, f641d6fce801, rank=0][0m /opt/conda/lib/python3.12/site-packages/olmo_core/nn/transformer/model.py:1502: UserWarning: called a synchronizing CUDA operation (Triggered internally at /pytorch/c10/cuda/CUDAFunctions.cpp:162.)
2026-09-15T04:20:05.937Z   kv_grad_mask[cb.soft_rows, cb.soft_cols] = False
2026-09-15T04:20:05.937Z 
2026-09-15T04:20:06.089Z [2;36m[2026-09-15 04:20:06][0m [33mWARNING [0m [2m[py.warnings:112, f641d6fce801, rank=0][0m /opt/conda/lib/python3.12/site-packages/liger_kernel/ops/fused_linear_cross_entropy.py:75: UserWarning: called a synchronizing CUDA operation (Triggered internally at /pytorch/c10/cuda/CUDAFunctions.cpp:162.)
2026-09-15T04:20:06.089Z   total_n_non_ignore = target_mask.sum().item()
2026-09-15T04:20:06.089Z 
2026-09-15T04:20:07.058Z [2;36m[2026-09-15 04:20:07][0m [33mWARNING [0m [2m[py.warnings:112, f641d6fce801, rank=0][0m /opt/conda/lib/python3.12/site-packages/liger_kernel/ops/fused_linear_cross_entropy.py:233: UserWarning: called a synchronizing CUDA operation (Triggered internally at /pytorch/c10/cuda/CUDAFunctions.cpp:162.)
2026-09-15T04:20:07.058Z   if not torch.equal(grad_output, torch.tensor(1.0, device=grad_output.device)):
2026-09-15T04:20:07.058Z 
2026-09-15T04:20:09.122Z [2;36m[2026-09-15 04:20:09][0m [34mINFO    [0m [2m[olmo_core.train.callbacks.console_logger:68, f641d6fce801, rank=0][0m [step=3/61,epoch=1,eta=11m]
2026-09-15T04:20:09.122Z     gpu_memory/GPU active mem (%)=75.57
2026-09-15T04:20:09.122Z     gpu_memory/GPU active mem (GiB)=59.89
2026-09-15T04:20:09.122Z     gpu_memory/GPU reserved mem (%)=80.90
2026-09-15T04:20:09.122Z     gpu_memory/GPU reserved mem (GiB)=64.12
2026-09-15T04:20:09.122Z     optim/LR (group 0)=4.92E-06
2026-09-15T04:20:09.122Z     optim/LR (group 1)=4.92E-06
2026-09-15T04:20:09.122Z     optim/step skipped=0.0
2026-09-15T04:20:09.122Z     optim/total grad norm=13.41
2026-09-15T04:20:09.122Z     throughput/chinchilla multiple=4.67E-06
2026-09-15T04:20:09.122Z     throughput/device/BPS=0.0892
2026-09-15T04:20:09.122Z     throughput/device/BPS (actual avg)=0.0869
2026-09-15T04:20:09.122Z     throughput/device/MFU=42.89
2026-09-15T04:20:09.122Z     throughput/device/MFU (actual avg)=41.82
2026-09-15T04:20:09.122Z     throughput/device/TPS=5,843
2026-09-15T04:20:09.122Z     throughput/device/TPS (actual avg)=5,697
2026-09-15T04:20:09.122Z     throughput/device/flopsPS=133.8T
2026-09-15T04:20:09.122Z     throughput/device/flopsPS (actual avg)=130.5T
2026-09-15T04:20:09.122Z     throughput/total petaflops=9.004
2026-09-15T04:20:09.122Z     throughput/total tokens=393,216
2026-09-15T04:20:09.122Z     train/CE loss=0.5894
2026-09-15T04:20:09.122Z     throughput/device/data loading (%)=0.0323
2026-09-15T04:20:09.122Z     throughput/device/data loading (s)=0.0036
2026-09-15T04:20:09.122Z     train/PPL=1.803
2026-09-15T04:20:21.299Z [2;36m[2026-09-15 04:20:21][0m [33mWARNING [0m [2m[py.warnings:112, f641d6fce801, rank=1][0m /opt/conda/lib/python3.12/site-packages/liger_kernel/ops/fused_linear_cross_entropy.py:75: UserWarning: called a synchronizing CUDA operation (Triggered internally at /pytorch/c10/cuda/CUDAFunctions.cpp:162.)
2026-09-15T04:20:21.299Z   total_n_non_ignore = target_mask.sum().item()
2026-09-15T04:20:21.299Z 
2026-09-15T04:20:21.800Z [2;36m[2026-09-15 04:20:21][0m [33mWARNING [0m [2m[py.warnings:112, f641d6fce801, rank=1][0m /opt/conda/lib/python3.12/site-packages/liger_kernel/ops/fused_linear_cross_entropy.py:233: UserWarning: called a synchronizing CUDA operation (Triggered internally at /pytorch/c10/cuda/CUDAFunctions.cpp:162.)
2026-09-15T04:20:21.800Z   if not torch.equal(grad_output, torch.tensor(1.0, device=grad_output.device)):
2026-09-15T04:20:21.800Z 
2026-09-15T04:20:35.581Z [2;36m[2026-09-15 04:20:35][0m [33mWARNING [0m [2m[py.warnings:112, f641d6fce801, rank=1][0m /opt/conda/lib/python3.12/site-packages/torch/autograd/graph.py:841: UserWarning: called a synchronizing CUDA operation (Triggered internally at /pytorch/c10/cuda/CUDAFunctions.cpp:162.)
2026-09-15T04:20:35.581Z   return Variable._execution_engine.run_backward(  # Calls into the C++ engine to run the backward pass
2026-09-15T04:20:35.581Z 
2026-09-15T04:20:35.584Z [2;36m[2026-09-15 04:20:35][0m [33mWARNING [0m [2m[py.warnings:112, f641d6fce801, rank=1][0m /opt/conda/lib/python3.12/site-packages/torch/distributed/utils.py:106: UserWarning: called a synchronizing CUDA operation (Triggered internally at /pytorch/c10/cuda/CUDAFunctions.cpp:162.)
2026-09-15T04:20:35.584Z   return (obj.to(target_device),)
2026-09-15T04:20:35.584Z 
2026-09-15T04:20:35.604Z [2;36m[2026-09-15 04:20:35][0m [33mWARNING [0m [2m[py.warnings:112, f641d6fce801, rank=1][0m /opt/conda/lib/python3.12/site-packages/olmo_core/nn/transformer/model.py:777: UserWarning: called a synchronizing CUDA operation (Triggered internally at /pytorch/c10/cuda/CUDAFunctions.cpp:162.)
2026-09-15T04:20:35.604Z   n_docs = int(chunk_ids.max().item()) + 1
2026-09-15T04:20:35.604Z 
2026-09-15T04:20:35.615Z [2;36m[2026-09-15 04:20:35][0m [33mWARNING [0m [2m[py.warnings:112, f641d6fce801, rank=1][0m /opt/conda/lib/python3.12/site-packages/olmo_core/nn/transformer/model.py:834: UserWarning: called a synchronizing CUDA operation (Triggered internally at /pytorch/c10/cuda/CUDAFunctions.cpp:162.)
2026-09-15T04:20:35.615Z   flat = (torch.arange(B, device=emb.device)[:, None] * n_docs + cid.clamp(min=0)).reshape(
2026-09-15T04:20:35.615Z 
2026-09-15T04:20:35.616Z [2;36m[2026-09-15 04:20:35][0m [33mWARNING [0m [2m[py.warnings:112, f641d6fce801, rank=1][0m /opt/conda/lib/python3.12/site-packages/olmo_core/nn/transformer/model.py:838: UserWarning: called a synchronizing CUDA operation (Triggered internally at /pytorch/c10/cuda/CUDAFunctions.cpp:162.)
2026-09-15T04:20:35.616Z   0, flat, emb.reshape(B * T, D)[is_ctx.reshape(-1)]
2026-09-15T04:20:35.616Z 
2026-09-15T04:20:35.624Z [2;36m[2026-09-15 04:20:35][0m [33mWARNING [0m [2m[py.warnings:112, f641d6fce801, rank=1][0m /opt/conda/lib/python3.12/site-packages/olmo_core/nn/pooled_soft_token.py:173: UserWarning: called a synchronizing CUDA operation (Triggered internally at /pytorch/c10/cuda/CUDAFunctions.cpp:162.)
2026-09-15T04:20:35.624Z   kept_idx = kept_tok.nonzero(as_tuple=True)[0]
2026-09-15T04:20:35.624Z 
2026-09-15T04:20:35.625Z [2;36m[2026-09-15 04:20:35][0m [33mWARNING [0m [2m[py.warnings:112, f641d6fce801, rank=1][0m /opt/conda/lib/python3.12/site-packages/olmo_core/nn/pooled_soft_token.py:179: UserWarning: called a synchronizing CUDA operation (Triggered internally at /pytorch/c10/cuda/CUDAFunctions.cpp:162.)
2026-09-15T04:20:35.625Z   if is_ctx.any():
2026-09-15T04:20:35.625Z 
2026-09-15T04:20:35.625Z [2;36m[2026-09-15 04:20:35][0m [33mWARNING [0m [2m[py.warnings:112, f641d6fce801, rank=1][0m /opt/conda/lib/python3.12/site-packages/olmo_core/nn/pooled_soft_token.py:180: UserWarning: called a synchronizing CUDA operation (Triggered internally at /pytorch/c10/cuda/CUDAFunctions.cpp:162.)
2026-09-15T04:20:35.625Z   d_ix = c[is_ctx]
2026-09-15T04:20:35.625Z 
2026-09-15T04:20:35.626Z [2;36m[2026-09-15 04:20:35][0m [33mWARNING [0m [2m[py.warnings:112, f641d6fce801, rank=1][0m /opt/conda/lib/python3.12/site-packages/olmo_core/nn/pooled_soft_token.py:181: UserWarning: called a synchronizing CUDA operation (Triggered internally at /pytorch/c10/cuda/CUDAFunctions.cpp:162.)
2026-09-15T04:20:35.626Z   pos_ix = is_ctx.nonzero(as_tuple=True)[0]
2026-09-15T04:20:35.626Z 
2026-09-15T04:20:35.627Z [2;36m[2026-09-15 04:20:35][0m [33mWARNING [0m [2m[py.warnings:112, f641d6fce801, rank=1][0m /opt/conda/lib/python3.12/site-packages/olmo_core/nn/pooled_soft_token.py:186: UserWarning: called a synchronizing CUDA operation (Triggered internally at /pytorch/c10/cuda/CUDAFunctions.cpp:162.)
2026-09-15T04:20:35.627Z   pooled_docs = pooled.nonzero(as_tuple=True)[0]
2026-09-15T04:20:35.627Z 
2026-09-15T04:20:35.628Z [2;36m[2026-09-15 04:20:35][0m [33mWARNING [0m [2m[py.warnings:112, f641d6fce801, rank=1][0m /opt/conda/lib/python3.12/site-packages/olmo_core/nn/pooled_soft_token.py:217: UserWarning: called a synchronizing CUDA operation (Triggered internally at /pytorch/c10/cuda/CUDAFunctions.cpp:162.)
2026-09-15T04:20:35.628Z   doc_len = torch.bincount(c[is_ctx], minlength=n_docs) if is_ctx.any() else torch.zeros(n_docs, dtype=torch.long, device=device)
2026-09-15T04:20:35.628Z 
2026-09-15T04:20:35.629Z [2;36m[2026-09-15 04:20:35][0m [33mWARNING [0m [2m[py.warnings:112, f641d6fce801, rank=1][0m /opt/conda/lib/python3.12/site-packages/olmo_core/nn/pooled_soft_token.py:222: UserWarning: called a synchronizing CUDA operation (Triggered internally at /pytorch/c10/cuda/CUDAFunctions.cpp:162.)
2026-09-15T04:20:35.629Z   soft_cols_b = soft_mask.nonzero(as_tuple=True)[0]
2026-09-15T04:20:35.629Z 
2026-09-15T04:20:35.630Z [2;36m[2026-09-15 04:20:35][0m [33mWARNING [0m [2m[py.warnings:112, f641d6fce801, rank=1][0m /opt/conda/lib/python3.12/site-packages/olmo_core/nn/pooled_soft_token.py:226: UserWarning: called a synchronizing CUDA operation (Triggered internally at /pytorch/c10/cuda/CUDAFunctions.cpp:162.)
2026-09-15T04:20:35.630Z   cols_l = soft_cols_b.tolist()
2026-09-15T04:20:35.630Z 
2026-09-15T04:20:35.630Z [2;36m[2026-09-15 04:20:35][0m [33mWARNING [0m [2m[py.warnings:112, f641d6fce801, rank=1][0m /opt/conda/lib/python3.12/site-packages/olmo_core/nn/pooled_soft_token.py:229: UserWarning: called a synchronizing CUDA operation (Triggered internally at /pytorch/c10/cuda/CUDAFunctions.cpp:162.)
2026-09-15T04:20:35.630Z   soft_docs += docs_b.tolist()
2026-09-15T04:20:35.630Z 
2026-09-15T04:20:35.631Z [2;36m[2026-09-15 04:20:35][0m [33mWARNING [0m [2m[py.warnings:112, f641d6fce801, rank=1][0m /opt/conda/lib/python3.12/site-packages/olmo_core/nn/pooled_soft_token.py:230: UserWarning: called a synchronizing CUDA operation (Triggered internally at /pytorch/c10/cuda/CUDAFunctions.cpp:162.)
2026-09-15T04:20:35.631Z   soft_log_len += lens_b.tolist()
2026-09-15T04:20:35.631Z 
2026-09-15T04:20:35.635Z [2;36m[2026-09-15 04:20:35][0m [33mWARNING [0m [2m[py.warnings:112, f641d6fce801, rank=1][0m /opt/conda/lib/python3.12/site-packages/olmo_core/nn/pooled_soft_token.py:280: UserWarning: called a synchronizing CUDA operation (Triggered internally at /pytorch/c10/cuda/CUDAFunctions.cpp:162.)
2026-09-15T04:20:35.635Z   row_lens[b] = L
2026-09-15T04:20:35.635Z 
2026-09-15T04:20:35.636Z [2;36m[2026-09-15 04:20:35][0m [33mWARNING [0m [2m[py.warnings:112, f641d6fce801, rank=1][0m /opt/conda/lib/python3.12/site-packages/olmo_core/nn/pooled_soft_token.py:297: UserWarning: called a synchronizing CUDA operation (Triggered internally at /pytorch/c10/cuda/CUDAFunctions.cpp:162.)
2026-09-15T04:20:35.636Z   soft_rows=torch.tensor(soft_rows, dtype=torch.long, device=device),
2026-09-15T04:20:35.636Z 
2026-09-15T04:20:35.637Z [2;36m[2026-09-15 04:20:35][0m [33mWARNING [0m [2m[py.warnings:112, f641d6fce801, rank=1][0m /opt/conda/lib/python3.12/site-packages/olmo_core/nn/pooled_soft_token.py:298: UserWarning: called a synchronizing CUDA operation (Triggered internally at /pytorch/c10/cuda/CUDAFunctions.cpp:162.)
2026-09-15T04:20:35.637Z   soft_cols=torch.tensor(soft_cols, dtype=torch.long, device=device),
2026-09-15T04:20:35.637Z 
2026-09-15T04:20:35.637Z [2;36m[2026-09-15 04:20:35][0m [33mWARNING [0m [2m[py.warnings:112, f641d6fce801, rank=1][0m /opt/conda/lib/python3.12/site-packages/olmo_core/nn/pooled_soft_token.py:299: UserWarning: called a synchronizing CUDA operation (Triggered internally at /pytorch/c10/cuda/CUDAFunctions.cpp:162.)
2026-09-15T04:20:35.637Z   soft_docs=torch.tensor(soft_docs, dtype=torch.long, device=device),
2026-09-15T04:20:35.637Z 
2026-09-15T04:20:35.638Z [2;36m[2026-09-15 04:20:35][0m [33mWARNING [0m [2m[py.warnings:112, f641d6fce801, rank=1][0m /opt/conda/lib/python3.12/site-packages/olmo_core/nn/pooled_soft_token.py:301: UserWarning: called a synchronizing CUDA operation (Triggered internally at /pytorch/c10/cuda/CUDAFunctions.cpp:162.)
2026-09-15T04:20:35.638Z   soft_log_len=torch.tensor(soft_log_len, dtype=torch.float32, device=device),
2026-09-15T04:20:35.638Z 
2026-09-15T04:20:35.638Z [2;36m[2026-09-15 04:20:35][0m [33mWARNING [0m [2m[py.warnings:112, f641d6fce801, rank=1][0m /opt/conda/lib/python3.12/site-packages/olmo_core/nn/transformer/model.py:1502: UserWarning: called a synchronizing CUDA operation (Triggered internally at /pytorch/c10/cuda/CUDAFunctions.cpp:162.)
2026-09-15T04:20:35.638Z   kv_grad_mask[cb.soft_rows, cb.soft_cols] = False
2026-09-15T04:20:35.638Z 
2026-09-15T04:20:35.922Z [2;36m[2026-09-15 04:20:35][0m [33mWARNING [0m [2m[py.warnings:112, f641d6fce801, rank=1][0m /opt/conda/lib/python3.12/site-packages/liger_kernel/ops/fused_linear_cross_entropy.py:75: UserWarning: called a synchronizing CUDA operation (Triggered internally at /pytorch/c10/cuda/CUDAFunctions.cpp:162.)
2026-09-15T04:20:35.922Z   total_n_non_ignore = target_mask.sum().item()
2026-09-15T04:20:35.922Z 
2026-09-15T04:20:36.795Z [2;36m[2026-09-15 04:20:36][0m [33mWARNING [0m [2m[py.warnings:112, f641d6fce801, rank=1][0m /opt/conda/lib/python3.12/site-packages/liger_kernel/ops/fused_linear_cross_entropy.py:233: UserWarning: called a synchronizing CUDA operation (Triggered internally at /pytorch/c10/cuda/CUDAFunctions.cpp:162.)
2026-09-15T04:20:36.795Z   if not torch.equal(grad_output, torch.tensor(1.0, device=grad_output.device)):
2026-09-15T04:20:36.795Z 
2026-09-15T04:20:44.327Z [2;36m[2026-09-15 04:20:44][0m [34mINFO    [0m [2m[olmo_core.train.callbacks.console_logger:68, f641d6fce801, rank=0][0m [step=4/61,epoch=1,eta=19m]
2026-09-15T04:20:44.327Z     gpu_memory/GPU active mem (%)=75.57
2026-09-15T04:20:44.327Z     gpu_memory/GPU active mem (GiB)=59.89
2026-09-15T04:20:44.327Z     gpu_memory/GPU reserved mem (%)=80.90
2026-09-15T04:20:44.327Z     gpu_memory/GPU reserved mem (GiB)=64.12
2026-09-15T04:20:44.327Z     optim/LR (group 0)=4.83E-06
2026-09-15T04:20:44.327Z     optim/LR (group 1)=4.83E-06
2026-09-15T04:20:44.328Z     optim/step skipped=0.0
2026-09-15T04:20:44.328Z     optim/total grad norm=8.493
2026-09-15T04:20:44.328Z     throughput/chinchilla multiple=6.23E-06
2026-09-15T04:20:44.328Z     throughput/device/BPS=0.0284
2026-09-15T04:20:44.328Z     throughput/device/BPS (actual avg)=0.0515
2026-09-15T04:20:44.328Z     throughput/device/MFU=13.66
2026-09-15T04:20:44.328Z     throughput/device/MFU (actual avg)=24.79
2026-09-15T04:20:44.328Z     throughput/device/TPS=1,861
2026-09-15T04:20:44.328Z     throughput/device/TPS (actual avg)=3,377
2026-09-15T04:20:44.328Z     throughput/device/flopsPS=42.63T
2026-09-15T04:20:44.328Z     throughput/device/flopsPS (actual avg)=77.35T
2026-09-15T04:20:44.328Z     throughput/total petaflops=12.01
2026-09-15T04:20:44.328Z     throughput/total tokens=524,288
2026-09-15T04:20:44.328Z     train/CE loss=0.5088
2026-09-15T04:20:44.328Z     throughput/device/data loading (%)=0.0087
2026-09-15T04:20:44.328Z     throughput/device/data loading (s)=0.0031
2026-09-15T04:20:44.328Z     train/PPL=1.663
2026-09-15T04:20:46.159Z [2;36m[2026-09-15 04:20:46][0m [33mWARNING [0m [2m[py.warnings:112, f641d6fce801, rank=1][0m /opt/conda/lib/python3.12/site-packages/liger_kernel/ops/fused_linear_cross_entropy.py:75: UserWarning: called a synchronizing CUDA operation (Triggered internally at /pytorch/c10/cuda/CUDAFunctions.cpp:162.)
2026-09-15T04:20:46.159Z   total_n_non_ignore = target_mask.sum().item()
2026-09-15T04:20:46.159Z 
2026-09-15T04:20:47.113Z [2;36m[2026-09-15 04:20:47][0m [33mWARNING [0m [2m[py.warnings:112, f641d6fce801, rank=1][0m /opt/conda/lib/python3.12/site-packages/liger_kernel/ops/fused_linear_cross_entropy.py:233: UserWarning: called a synchronizing CUDA operation (Triggered internally at /pytorch/c10/cuda/CUDAFunctions.cpp:162.)
2026-09-15T04:20:47.113Z   if not torch.equal(grad_output, torch.tensor(1.0, device=grad_output.device)):
2026-09-15T04:20:47.113Z 
2026-09-15T04:20:48.215Z [2;36m[2026-09-15 04:20:48][0m [33mWARNING [0m [2m[py.warnings:112, f641d6fce801, rank=1][0m /opt/conda/lib/python3.12/site-packages/torch/autograd/graph.py:841: UserWarning: called a synchronizing CUDA operation (Triggered internally at /pytorch/c10/cuda/CUDAFunctions.cpp:162.)
2026-09-15T04:20:48.215Z   return Variable._execution_engine.run_backward(  # Calls into the C++ engine to run the backward pass
2026-09-15T04:20:48.215Z 
2026-09-15T04:20:48.218Z [2;36m[2026-09-15 04:20:48][0m [33mWARNING [0m [2m[py.warnings:112, f641d6fce801, rank=1][0m /opt/conda/lib/python3.12/site-packages/torch/distributed/utils.py:106: UserWarning: called a synchronizing CUDA operation (Triggered internally at /pytorch/c10/cuda/CUDAFunctions.cpp:162.)
2026-09-15T04:20:48.218Z   return (obj.to(target_device),)
2026-09-15T04:20:48.218Z 
2026-09-15T04:20:48.228Z [2;36m[2026-09-15 04:20:48][0m [33mWARNING [0m [2m[py.warnings:112, f641d6fce801, rank=1][0m /opt/conda/lib/python3.12/site-packages/olmo_core/nn/transformer/model.py:777: UserWarning: called a synchronizing CUDA operation (Triggered internally at /pytorch/c10/cuda/CUDAFunctions.cpp:162.)
2026-09-15T04:20:48.228Z   n_docs = int(chunk_ids.max().item()) + 1
2026-09-15T04:20:48.228Z 
2026-09-15T04:20:48.238Z [2;36m[2026-09-15 04:20:48][0m [33mWARNING [0m [2m[py.warnings:112, f641d6fce801, rank=1][0m /opt/conda/lib/python3.12/site-packages/olmo_core/nn/transformer/model.py:834: UserWarning: called a synchronizing CUDA operation (Triggered internally at /pytorch/c10/cuda/CUDAFunctions.cpp:162.)
2026-09-15T04:20:48.238Z   flat = (torch.arange(B, device=emb.device)[:, None] * n_docs + cid.clamp(min=0)).reshape(
2026-09-15T04:20:48.238Z 
2026-09-15T04:20:48.238Z [2;36m[2026-09-15 04:20:48][0m [33mWARNING [0m [2m[py.warnings:112, f641d6fce801, rank=1][0m /opt/conda/lib/python3.12/site-packages/olmo_core/nn/transformer/model.py:838: UserWarning: called a synchronizing CUDA operation (Triggered internally at /pytorch/c10/cuda/CUDAFunctions.cpp:162.)
2026-09-15T04:20:48.238Z   0, flat, emb.reshape(B * T, D)[is_ctx.reshape(-1)]
2026-09-15T04:20:48.238Z 
2026-09-15T04:20:48.246Z [2;36m[2026-09-15 04:20:48][0m [33mWARNING [0m [2m[py.warnings:112, f641d6fce801, rank=1][0m /opt/conda/lib/python3.12/site-packages/olmo_core/nn/pooled_soft_token.py:173: UserWarning: called a synchronizing CUDA operation (Triggered internally at /pytorch/c10/cuda/CUDAFunctions.cpp:162.)
2026-09-15T04:20:48.246Z   kept_idx = kept_tok.nonzero(as_tuple=True)[0]
2026-09-15T04:20:48.246Z 
2026-09-15T04:20:48.247Z [2;36m[2026-09-15 04:20:48][0m [33mWARNING [0m [2m[py.warnings:112, f641d6fce801, rank=1][0m /opt/conda/lib/python3.12/site-packages/olmo_core/nn/pooled_soft_token.py:179: UserWarning: called a synchronizing CUDA operation (Triggered internally at /pytorch/c10/cuda/CUDAFunctions.cpp:162.)
2026-09-15T04:20:48.247Z   if is_ctx.any():
2026-09-15T04:20:48.247Z 
2026-09-15T04:20:48.247Z [2;36m[2026-09-15 04:20:48][0m [33mWARNING [0m [2m[py.warnings:112, f641d6fce801, rank=1][0m /opt/conda/lib/python3.12/site-packages/olmo_core/nn/pooled_soft_token.py:180: UserWarning: called a synchronizing CUDA operation (Triggered internally at /pytorch/c10/cuda/CUDAFunctions.cpp:162.)
2026-09-15T04:20:48.247Z   d_ix = c[is_ctx]
2026-09-15T04:20:48.247Z 
2026-09-15T04:20:48.247Z [2;36m[2026-09-15 04:20:48][0m [33mWARNING [0m [2m[py.warnings:112, f641d6fce801, rank=1][0m /opt/conda/lib/python3.12/site-packages/olmo_core/nn/pooled_soft_token.py:181: UserWarning: called a synchronizing CUDA operation (Triggered internally at /pytorch/c10/cuda/CUDAFunctions.cpp:162.)
2026-09-15T04:20:48.247Z   pos_ix = is_ctx.nonzero(as_tuple=True)[0]
2026-09-15T04:20:48.247Z 
2026-09-15T04:20:48.248Z [2;36m[2026-09-15 04:20:48][0m [33mWARNING [0m [2m[py.warnings:112, f641d6fce801, rank=1][0m /opt/conda/lib/python3.12/site-packages/olmo_core/nn/pooled_soft_token.py:186: UserWarning: called a synchronizing CUDA operation (Triggered internally at /pytorch/c10/cuda/CUDAFunctions.cpp:162.)
2026-09-15T04:20:48.248Z   pooled_docs = pooled.nonzero(as_tuple=True)[0]
2026-09-15T04:20:48.248Z 
2026-09-15T04:20:48.249Z [2;36m[2026-09-15 04:20:48][0m [33mWARNING [0m [2m[py.warnings:112, f641d6fce801, rank=1][0m /opt/conda/lib/python3.12/site-packages/olmo_core/nn/pooled_soft_token.py:217: UserWarning: called a synchronizing CUDA operation (Triggered internally at /pytorch/c10/cuda/CUDAFunctions.cpp:162.)
2026-09-15T04:20:48.249Z   doc_len = torch.bincount(c[is_ctx], minlength=n_docs) if is_ctx.any() else torch.zeros(n_docs, dtype=torch.long, device=device)
2026-09-15T04:20:48.249Z 
2026-09-15T04:20:48.249Z [2;36m[2026-09-15 04:20:48][0m [33mWARNING [0m [2m[py.warnings:112, f641d6fce801, rank=1][0m /opt/conda/lib/python3.12/site-packages/olmo_core/nn/pooled_soft_token.py:222: UserWarning: called a synchronizing CUDA operation (Triggered internally at /pytorch/c10/cuda/CUDAFunctions.cpp:162.)
2026-09-15T04:20:48.249Z   soft_cols_b = soft_mask.nonzero(as_tuple=True)[0]
2026-09-15T04:20:48.249Z 
2026-09-15T04:20:48.250Z [2;36m[2026-09-15 04:20:48][0m [33mWARNING [0m [2m[py.warnings:112, f641d6fce801, rank=1][0m /opt/conda/lib/python3.12/site-packages/olmo_core/nn/pooled_soft_token.py:226: UserWarning: called a synchronizing CUDA operation (Triggered internally at /pytorch/c10/cuda/CUDAFunctions.cpp:162.)
2026-09-15T04:20:48.250Z   cols_l = soft_cols_b.tolist()
2026-09-15T04:20:48.250Z 
2026-09-15T04:20:48.250Z [2;36m[2026-09-15 04:20:48][0m [33mWARNING [0m [2m[py.warnings:112, f641d6fce801, rank=1][0m /opt/conda/lib/python3.12/site-packages/olmo_core/nn/pooled_soft_token.py:229: UserWarning: called a synchronizing CUDA operation (Triggered internally at /pytorch/c10/cuda/CUDAFunctions.cpp:162.)
2026-09-15T04:20:48.250Z   soft_docs += docs_b.tolist()
2026-09-15T04:20:48.250Z 
2026-09-15T04:20:48.250Z [2;36m[2026-09-15 04:20:48][0m [33mWARNING [0m [2m[py.warnings:112, f641d6fce801, rank=1][0m /opt/conda/lib/python3.12/site-packages/olmo_core/nn/pooled_soft_token.py:230: UserWarning: called a synchronizing CUDA operation (Triggered internally at /pytorch/c10/cuda/CUDAFunctions.cpp:162.)
2026-09-15T04:20:48.250Z   soft_log_len += lens_b.tolist()
2026-09-15T04:20:48.250Z 
2026-09-15T04:20:48.252Z [2;36m[2026-09-15 04:20:48][0m [33mWARNING [0m [2m[py.warnings:112, f641d6fce801, rank=1][0m /opt/conda/lib/python3.12/site-packages/olmo_core/nn/pooled_soft_token.py:280: UserWarning: called a synchronizing CUDA operation (Triggered internally at /pytorch/c10/cuda/CUDAFunctions.cpp:162.)
2026-09-15T04:20:48.252Z   row_lens[b] = L
2026-09-15T04:20:48.252Z 
2026-09-15T04:20:48.253Z [2;36m[2026-09-15 04:20:48][0m [33mWARNING [0m [2m[py.warnings:112, f641d6fce801, rank=1][0m /opt/conda/lib/python3.12/site-packages/olmo_core/nn/pooled_soft_token.py:297: UserWarning: called a synchronizing CUDA operation (Triggered internally at /pytorch/c10/cuda/CUDAFunctions.cpp:162.)
2026-09-15T04:20:48.253Z   soft_rows=torch.tensor(soft_rows, dtype=torch.long, device=device),
2026-09-15T04:20:48.253Z 
2026-09-15T04:20:48.253Z [2;36m[2026-09-15 04:20:48][0m [33mWARNING [0m [2m[py.warnings:112, f641d6fce801, rank=1][0m /opt/conda/lib/python3.12/site-packages/olmo_core/nn/pooled_soft_token.py:298: UserWarning: called a synchronizing CUDA operation (Triggered internally at /pytorch/c10/cuda/CUDAFunctions.cpp:162.)
2026-09-15T04:20:48.253Z   soft_cols=torch.tensor(soft_cols, dtype=torch.long, device=device),
2026-09-15T04:20:48.253Z 
2026-09-15T04:20:48.253Z [2;36m[2026-09-15 04:20:48][0m [33mWARNING [0m [2m[py.warnings:112, f641d6fce801, rank=1][0m /opt/conda/lib/python3.12/site-packages/olmo_core/nn/pooled_soft_token.py:299: UserWarning: called a synchronizing CUDA operation (Triggered internally at /pytorch/c10/cuda/CUDAFunctions.cpp:162.)
2026-09-15T04:20:48.253Z   soft_docs=torch.tensor(soft_docs, dtype=torch.long, device=device),
2026-09-15T04:20:48.253Z 
2026-09-15T04:20:48.254Z [2;36m[2026-09-15 04:20:48][0m [33mWARNING [0m [2m[py.warnings:112, f641d6fce801, rank=1][0m /opt/conda/lib/python3.12/site-packages/olmo_core/nn/pooled_soft_token.py:301: UserWarning: called a synchronizing CUDA operation (Triggered internally at /pytorch/c10/cuda/CUDAFunctions.cpp:162.)
2026-09-15T04:20:48.254Z   soft_log_len=torch.tensor(soft_log_len, dtype=torch.float32, device=device),
2026-09-15T04:20:48.254Z 
2026-09-15T04:20:48.254Z [2;36m[2026-09-15 04:20:48][0m [33mWARNING [0m [2m[py.warnings:112, f641d6fce801, rank=1][0m /opt/conda/lib/python3.12/site-packages/olmo_core/nn/transformer/model.py:1502: UserWarning: called a synchronizing CUDA operation (Triggered internally at /pytorch/c10/cuda/CUDAFunctions.cpp:162.)
2026-09-15T04:20:48.254Z   kv_grad_mask[cb.soft_rows, cb.soft_cols] = False
2026-09-15T04:20:48.254Z 
2026-09-15T04:20:48.894Z [2;36m[2026-09-15 04:20:48][0m [33mWARNING [0m [2m[py.warnings:112, f641d6fce801, rank=1][0m /opt/conda/lib/python3.12/site-packages/liger_kernel/ops/fused_linear_cross_entropy.py:75: UserWarning: called a synchronizing CUDA operation (Triggered internally at /pytorch/c10/cuda/CUDAFunctions.cpp:162.)
2026-09-15T04:20:48.894Z   total_n_non_ignore = target_mask.sum().item()
2026-09-15T04:20:48.894Z 
2026-09-15T04:20:49.488Z [2;36m[2026-09-15 04:20:49][0m [33mWARNING [0m [2m[py.warnings:112, f641d6fce801, rank=1][0m /opt/conda/lib/python3.12/site-packages/liger_kernel/ops/fused_linear_cross_entropy.py:233: UserWarning: called a synchronizing CUDA operation (Triggered internally at /pytorch/c10/cuda/CUDAFunctions.cpp:162.)
2026-09-15T04:20:49.488Z   if not torch.equal(grad_output, torch.tensor(1.0, device=grad_output.device)):
2026-09-15T04:20:49.488Z 
2026-09-15T04:20:51.207Z [2;36m[2026-09-15 04:20:51][0m [33mWARNING [0m [2m[py.warnings:112, f641d6fce801, rank=1][0m /opt/conda/lib/python3.12/site-packages/torch/autograd/graph.py:841: UserWarning: called a synchronizing CUDA operation (Triggered internally at /pytorch/c10/cuda/CUDAFunctions.cpp:162.)
2026-09-15T04:20:51.207Z   return Variable._execution_engine.run_backward(  # Calls into the C++ engine to run the backward pass
2026-09-15T04:20:51.207Z 
2026-09-15T04:20:51.210Z [2;36m[2026-09-15 04:20:51][0m [33mWARNING [0m [2m[py.warnings:112, f641d6fce801, rank=1][0m /opt/conda/lib/python3.12/site-packages/torch/distributed/utils.py:106: UserWarning: called a synchronizing CUDA operation (Triggered internally at /pytorch/c10/cuda/CUDAFunctions.cpp:162.)
2026-09-15T04:20:51.210Z   return (obj.to(target_device),)
2026-09-15T04:20:51.210Z 
2026-09-15T04:20:51.219Z [2;36m[2026-09-15 04:20:51][0m [33mWARNING [0m [2m[py.warnings:112, f641d6fce801, rank=1][0m /opt/conda/lib/python3.12/site-packages/olmo_core/nn/transformer/model.py:777: UserWarning: called a synchronizing CUDA operation (Triggered internally at /pytorch/c10/cuda/CUDAFunctions.cpp:162.)
2026-09-15T04:20:51.220Z   n_docs = int(chunk_ids.max().item()) + 1
2026-09-15T04:20:51.220Z 
2026-09-15T04:20:51.228Z [2;36m[2026-09-15 04:20:51][0m [33mWARNING [0m [2m[py.warnings:112, f641d6fce801, rank=1][0m /opt/conda/lib/python3.12/site-packages/olmo_core/nn/transformer/model.py:834: UserWarning: called a synchronizing CUDA operation (Triggered internally at /pytorch/c10/cuda/CUDAFunctions.cpp:162.)
2026-09-15T04:20:51.228Z   flat = (torch.arange(B, device=emb.device)[:, None] * n_docs + cid.clamp(min=0)).reshape(
2026-09-15T04:20:51.228Z 
2026-09-15T04:20:51.229Z [2;36m[2026-09-15 04:20:51][0m [33mWARNING [0m [2m[py.warnings:112, f641d6fce801, rank=1][0m /opt/conda/lib/python3.12/site-packages/olmo_core/nn/transformer/model.py:838: UserWarning: called a synchronizing CUDA operation (Triggered internally at /pytorch/c10/cuda/CUDAFunctions.cpp:162.)
2026-09-15T04:20:51.229Z   0, flat, emb.reshape(B * T, D)[is_ctx.reshape(-1)]
2026-09-15T04:20:51.229Z 
2026-09-15T04:20:51.237Z [2;36m[2026-09-15 04:20:51][0m [33mWARNING [0m [2m[py.warnings:112, f641d6fce801, rank=1][0m /opt/conda/lib/python3.12/site-packages/olmo_core/nn/pooled_soft_token.py:173: UserWarning: called a synchronizing CUDA operation (Triggered internally at /pytorch/c10/cuda/CUDAFunctions.cpp:162.)
2026-09-15T04:20:51.237Z   kept_idx = kept_tok.nonzero(as_tuple=True)[0]
2026-09-15T04:20:51.237Z 
2026-09-15T04:20:51.238Z [2;36m[2026-09-15 04:20:51][0m [33mWARNING [0m [2m[py.warnings:112, f641d6fce801, rank=1][0m /opt/conda/lib/python3.12/site-packages/olmo_core/nn/pooled_soft_token.py:179: UserWarning: called a synchronizing CUDA operation (Triggered internally at /pytorch/c10/cuda/CUDAFunctions.cpp:162.)
2026-09-15T04:20:51.238Z   if is_ctx.any():
2026-09-15T04:20:51.238Z 
2026-09-15T04:20:51.238Z [2;36m[2026-09-15 04:20:51][0m [33mWARNING [0m [2m[py.warnings:112, f641d6fce801, rank=1][0m /opt/conda/lib/python3.12/site-packages/olmo_core/nn/pooled_soft_token.py:180: UserWarning: called a synchronizing CUDA operation (Triggered internally at /pytorch/c10/cuda/CUDAFunctions.cpp:162.)
2026-09-15T04:20:51.238Z   d_ix = c[is_ctx]
2026-09-15T04:20:51.238Z 
2026-09-15T04:20:51.239Z [2;36m[2026-09-15 04:20:51][0m [33mWARNING [0m [2m[py.warnings:112, f641d6fce801, rank=1][0m /opt/conda/lib/python3.12/site-packages/olmo_core/nn/pooled_soft_token.py:181: UserWarning: called a synchronizing CUDA operation (Triggered internally at /pytorch/c10/cuda/CUDAFunctions.cpp:162.)
2026-09-15T04:20:51.239Z   pos_ix = is_ctx.nonzero(as_tuple=True)[0]
2026-09-15T04:20:51.239Z 
2026-09-15T04:20:51.239Z [2;36m[2026-09-15 04:20:51][0m [33mWARNING [0m [2m[py.warnings:112, f641d6fce801, rank=1][0m /opt/conda/lib/python3.12/site-packages/olmo_core/nn/pooled_soft_token.py:186: UserWarning: called a synchronizing CUDA operation (Triggered internally at /pytorch/c10/cuda/CUDAFunctions.cpp:162.)
2026-09-15T04:20:51.239Z   pooled_docs = pooled.nonzero(as_tuple=True)[0]
2026-09-15T04:20:51.239Z 
2026-09-15T04:20:51.240Z [2;36m[2026-09-15 04:20:51][0m [33mWARNING [0m [2m[py.warnings:112, f641d6fce801, rank=1][0m /opt/conda/lib/python3.12/site-packages/olmo_core/nn/pooled_soft_token.py:217: UserWarning: called a synchronizing CUDA operation (Triggered internally at /pytorch/c10/cuda/CUDAFunctions.cpp:162.)
2026-09-15T04:20:51.240Z   doc_len = torch.bincount(c[is_ctx], minlength=n_docs) if is_ctx.any() else torch.zeros(n_docs, dtype=torch.long, device=device)
2026-09-15T04:20:51.240Z 
2026-09-15T04:20:51.240Z [2;36m[2026-09-15 04:20:51][0m [33mWARNING [0m [2m[py.warnings:112, f641d6fce801, rank=1][0m /opt/conda/lib/python3.12/site-packages/olmo_core/nn/pooled_soft_token.py:222: UserWarning: called a synchronizing CUDA operation (Triggered internally at /pytorch/c10/cuda/CUDAFunctions.cpp:162.)
2026-09-15T04:20:51.240Z   soft_cols_b = soft_mask.nonzero(as_tuple=True)[0]
2026-09-15T04:20:51.240Z 
2026-09-15T04:20:51.241Z [2;36m[2026-09-15 04:20:51][0m [33mWARNING [0m [2m[py.warnings:112, f641d6fce801, rank=1][0m /opt/conda/lib/python3.12/site-packages/olmo_core/nn/pooled_soft_token.py:226: UserWarning: called a synchronizing CUDA operation (Triggered internally at /pytorch/c10/cuda/CUDAFunctions.cpp:162.)
2026-09-15T04:20:51.241Z   cols_l = soft_cols_b.tolist()
2026-09-15T04:20:51.241Z 
2026-09-15T04:20:51.241Z [2;36m[2026-09-15 04:20:51][0m [33mWARNING [0m [2m[py.warnings:112, f641d6fce801, rank=1][0m /opt/conda/lib/python3.12/site-packages/olmo_core/nn/pooled_soft_token.py:229: UserWarning: called a synchronizing CUDA operation (Triggered internally at /pytorch/c10/cuda/CUDAFunctions.cpp:162.)
2026-09-15T04:20:51.241Z   soft_docs += docs_b.tolist()
2026-09-15T04:20:51.241Z 
2026-09-15T04:20:51.241Z [2;36m[2026-09-15 04:20:51][0m [33mWARNING [0m [2m[py.warnings:112, f641d6fce801, rank=1][0m /opt/conda/lib/python3.12/site-packages/olmo_core/nn/pooled_soft_token.py:230: UserWarning: called a synchronizing CUDA operation (Triggered internally at /pytorch/c10/cuda/CUDAFunctions.cpp:162.)
2026-09-15T04:20:51.241Z   soft_log_len += lens_b.tolist()
2026-09-15T04:20:51.241Z 
2026-09-15T04:20:51.243Z [2;36m[2026-09-15 04:20:51][0m [33mWARNING [0m [2m[py.warnings:112, f641d6fce801, rank=1][0m /opt/conda/lib/python3.12/site-packages/olmo_core/nn/pooled_soft_token.py:280: UserWarning: called a synchronizing CUDA operation (Triggered internally at /pytorch/c10/cuda/CUDAFunctions.cpp:162.)
2026-09-15T04:20:51.243Z   row_lens[b] = L
2026-09-15T04:20:51.243Z 
2026-09-15T04:20:51.244Z [2;36m[2026-09-15 04:20:51][0m [33mWARNING [0m [2m[py.warnings:112, f641d6fce801, rank=1][0m /opt/conda/lib/python3.12/site-packages/olmo_core/nn/pooled_soft_token.py:297: UserWarning: called a synchronizing CUDA operation (Triggered internally at /pytorch/c10/cuda/CUDAFunctions.cpp:162.)
2026-09-15T04:20:51.244Z   soft_rows=torch.tensor(soft_rows, dtype=torch.long, device=device),
2026-09-15T04:20:51.244Z 
2026-09-15T04:20:51.244Z [2;36m[2026-09-15 04:20:51][0m [33mWARNING [0m [2m[py.warnings:112, f641d6fce801, rank=1][0m /opt/conda/lib/python3.12/site-packages/olmo_core/nn/pooled_soft_token.py:298: UserWarning: called a synchronizing CUDA operation (Triggered internally at /pytorch/c10/cuda/CUDAFunctions.cpp:162.)
2026-09-15T04:20:51.244Z   soft_cols=torch.tensor(soft_cols, dtype=torch.long, device=device),
2026-09-15T04:20:51.244Z 
2026-09-15T04:20:51.244Z [2;36m[2026-09-15 04:20:51][0m [33mWARNING [0m [2m[py.warnings:112, f641d6fce801, rank=1][0m /opt/conda/lib/python3.12/site-packages/olmo_core/nn/pooled_soft_token.py:299: UserWarning: called a synchronizing CUDA operation (Triggered internally at /pytorch/c10/cuda/CUDAFunctions.cpp:162.)
2026-09-15T04:20:51.244Z   soft_docs=torch.tensor(soft_docs, dtype=torch.long, device=device),
2026-09-15T04:20:51.244Z 
2026-09-15T04:20:51.245Z [2;36m[2026-09-15 04:20:51][0m [33mWARNING [0m [2m[py.warnings:112, f641d6fce801, rank=1][0m /opt/conda/lib/python3.12/site-packages/olmo_core/nn/pooled_soft_token.py:301: UserWarning: called a synchronizing CUDA operation (Triggered internally at /pytorch/c10/cuda/CUDAFunctions.cpp:162.)
2026-09-15T04:20:51.245Z   soft_log_len=torch.tensor(soft_log_len, dtype=torch.float32, device=device),
2026-09-15T04:20:51.245Z 
2026-09-15T04:20:51.245Z [2;36m[2026-09-15 04:20:51][0m [33mWARNING [0m [2m[py.warnings:112, f641d6fce801, rank=1][0m /opt/conda/lib/python3.12/site-packages/olmo_core/nn/transformer/model.py:1502: UserWarning: called a synchronizing CUDA operation (Triggered internally at /pytorch/c10/cuda/CUDAFunctions.cpp:162.)
2026-09-15T04:20:51.245Z   kv_grad_mask[cb.soft_rows, cb.soft_cols] = False
2026-09-15T04:20:51.245Z 
2026-09-15T04:20:51.388Z [2;36m[2026-09-15 04:20:51][0m [33mWARNING [0m [2m[py.warnings:112, f641d6fce801, rank=1][0m /opt/conda/lib/python3.12/site-packages/liger_kernel/ops/fused_linear_cross_entropy.py:75: UserWarning: called a synchronizing CUDA operation (Triggered internally at /pytorch/c10/cuda/CUDAFunctions.cpp:162.)
2026-09-15T04:20:51.388Z   total_n_non_ignore = target_mask.sum().item()
2026-09-15T04:20:51.388Z 
2026-09-15T04:20:52.048Z [2;36m[2026-09-15 04:20:52][0m [33mWARNING [0m [2m[py.warnings:112, f641d6fce801, rank=1][0m /opt/conda/lib/python3.12/site-packages/liger_kernel/ops/fused_linear_cross_entropy.py:233: UserWarning: called a synchronizing CUDA operation (Triggered internally at /pytorch/c10/cuda/CUDAFunctions.cpp:162.)
2026-09-15T04:20:52.048Z   if not torch.equal(grad_output, torch.tensor(1.0, device=grad_output.device)):
2026-09-15T04:20:52.048Z 
2026-09-15T04:20:58.015Z [2;36m[2026-09-15 04:20:58][0m [34mINFO    [0m [2m[olmo_core.train.callbacks.console_logger:68, f641d6fce801, rank=0][0m [step=5/61,epoch=1,eta=17m]
2026-09-15T04:20:58.015Z     gpu_memory/GPU active mem (%)=75.57
2026-09-15T04:20:58.015Z     gpu_memory/GPU active mem (GiB)=59.89
2026-09-15T04:20:58.015Z     gpu_memory/GPU reserved mem (%)=80.90
2026-09-15T04:20:58.015Z     gpu_memory/GPU reserved mem (GiB)=64.12
2026-09-15T04:20:58.015Z     optim/LR (group 0)=4.75E-06
2026-09-15T04:20:58.015Z     optim/LR (group 1)=4.75E-06
2026-09-15T04:20:58.015Z     optim/step skipped=0.0
2026-09-15T04:20:58.015Z     optim/total grad norm=5.316
2026-09-15T04:20:58.015Z     throughput/chinchilla multiple=7.79E-06
2026-09-15T04:20:58.015Z     throughput/device/BPS=0.0731
2026-09-15T04:20:58.015Z     throughput/device/BPS (actual avg)=0.0556
2026-09-15T04:20:58.015Z     throughput/device/MFU=35.14
2026-09-15T04:20:58.015Z     throughput/device/MFU (actual avg)=26.76
2026-09-15T04:20:58.015Z     throughput/device/TPS=4,787
2026-09-15T04:20:58.015Z     throughput/device/TPS (actual avg)=3,646
2026-09-15T04:20:58.015Z     throughput/device/flopsPS=109.6T
2026-09-15T04:20:58.015Z     throughput/device/flopsPS (actual avg)=83.49T
2026-09-15T04:20:58.015Z     throughput/total petaflops=15.01
2026-09-15T04:20:58.015Z     throughput/total tokens=655,360
2026-09-15T04:20:58.015Z     train/CE loss=0.4686
2026-09-15T04:20:58.015Z     throughput/device/data loading (%)=0.0187
2026-09-15T04:20:58.015Z     throughput/device/data loading (s)=0.0026
2026-09-15T04:20:58.015Z     train/PPL=1.598
2026-09-15T04:21:09.226Z [2;36m[2026-09-15 04:21:09][0m [33mWARNING [0m [2m[py.warnings:112, f641d6fce801, rank=1][0m /opt/conda/lib/python3.12/site-packages/liger_kernel/ops/fused_linear_cross_entropy.py:75: UserWarning: called a synchronizing CUDA operation (Triggered internally at /pytorch/c10/cuda/CUDAFunctions.cpp:162.)
2026-09-15T04:21:09.226Z   total_n_non_ignore = target_mask.sum().item()
2026-09-15T04:21:09.226Z 
2026-09-15T04:21:09.787Z [2;36m[2026-09-15 04:21:09][0m [33mWARNING [0m [2m[py.warnings:112, f641d6fce801, rank=1][0m /opt/conda/lib/python3.12/site-packages/liger_kernel/ops/fused_linear_cross_entropy.py:233: UserWarning: called a synchronizing CUDA operation (Triggered internally at /pytorch/c10/cuda/CUDAFunctions.cpp:162.)
2026-09-15T04:21:09.787Z   if not torch.equal(grad_output, torch.tensor(1.0, device=grad_output.device)):
2026-09-15T04:21:09.788Z 
2026-09-15T04:21:22.953Z [2;36m[2026-09-15 04:21:22][0m [33mWARNING [0m [2m[py.warnings:112, f641d6fce801, rank=1][0m /opt/conda/lib/python3.12/site-packages/torch/autograd/graph.py:841: UserWarning: called a synchronizing CUDA operation (Triggered internally at /pytorch/c10/cuda/CUDAFunctions.cpp:162.)
2026-09-15T04:21:22.953Z   return Variable._execution_engine.run_backward(  # Calls into the C++ engine to run the backward pass
2026-09-15T04:21:22.953Z 
2026-09-15T04:21:22.956Z [2;36m[2026-09-15 04:21:22][0m [33mWARNING [0m [2m[py.warnings:112, f641d6fce801, rank=1][0m /opt/conda/lib/python3.12/site-packages/torch/distributed/utils.py:106: UserWarning: called a synchronizing CUDA operation (Triggered internally at /pytorch/c10/cuda/CUDAFunctions.cpp:162.)
2026-09-15T04:21:22.956Z   return (obj.to(target_device),)
2026-09-15T04:21:22.956Z 
2026-09-15T04:21:22.963Z [2;36m[2026-09-15 04:21:22][0m [33mWARNING [0m [2m[py.warnings:112, f641d6fce801, rank=1][0m /opt/conda/lib/python3.12/site-packages/olmo_core/nn/transformer/model.py:777: UserWarning: called a synchronizing CUDA operation (Triggered internally at /pytorch/c10/cuda/CUDAFunctions.cpp:162.)
2026-09-15T04:21:22.963Z   n_docs = int(chunk_ids.max().item()) + 1
2026-09-15T04:21:22.963Z 
2026-09-15T04:21:22.972Z [2;36m[2026-09-15 04:21:22][0m [33mWARNING [0m [2m[py.warnings:112, f641d6fce801, rank=1][0m /opt/conda/lib/python3.12/site-packages/olmo_core/nn/transformer/model.py:834: UserWarning: called a synchronizing CUDA operation (Triggered internally at /pytorch/c10/cuda/CUDAFunctions.cpp:162.)
2026-09-15T04:21:22.972Z   flat = (torch.arange(B, device=emb.device)[:, None] * n_docs + cid.clamp(min=0)).reshape(
2026-09-15T04:21:22.972Z 
2026-09-15T04:21:22.972Z [2;36m[2026-09-15 04:21:22][0m [33mWARNING [0m [2m[py.warnings:112, f641d6fce801, rank=1][0m /opt/conda/lib/python3.12/site-packages/olmo_core/nn/transformer/model.py:838: UserWarning: called a synchronizing CUDA operation (Triggered internally at /pytorch/c10/cuda/CUDAFunctions.cpp:162.)
2026-09-15T04:21:22.972Z   0, flat, emb.reshape(B * T, D)[is_ctx.reshape(-1)]
2026-09-15T04:21:22.972Z 
2026-09-15T04:21:22.981Z [2;36m[2026-09-15 04:21:22][0m [33mWARNING [0m [2m[py.warnings:112, f641d6fce801, rank=1][0m /opt/conda/lib/python3.12/site-packages/olmo_core/nn/pooled_soft_token.py:173: UserWarning: called a synchronizing CUDA operation (Triggered internally at /pytorch/c10/cuda/CUDAFunctions.cpp:162.)
2026-09-15T04:21:22.981Z   kept_idx = kept_tok.nonzero(as_tuple=True)[0]
2026-09-15T04:21:22.981Z 
2026-09-15T04:21:22.982Z [2;36m[2026-09-15 04:21:22][0m [33mWARNING [0m [2m[py.warnings:112, f641d6fce801, rank=1][0m /opt/conda/lib/python3.12/site-packages/olmo_core/nn/pooled_soft_token.py:179: UserWarning: called a synchronizing CUDA operation (Triggered internally at /pytorch/c10/cuda/CUDAFunctions.cpp:162.)
2026-09-15T04:21:22.982Z   if is_ctx.any():
2026-09-15T04:21:22.982Z 
2026-09-15T04:21:22.982Z [2;36m[2026-09-15 04:21:22][0m [33mWARNING [0m [2m[py.warnings:112, f641d6fce801, rank=1][0m /opt/conda/lib/python3.12/site-packages/olmo_core/nn/pooled_soft_token.py:180: UserWarning: called a synchronizing CUDA operation (Triggered internally at /pytorch/c10/cuda/CUDAFunctions.cpp:162.)
2026-09-15T04:21:22.982Z   d_ix = c[is_ctx]
2026-09-15T04:21:22.982Z 
2026-09-15T04:21:22.982Z [2;36m[2026-09-15 04:21:22][0m [33mWARNING [0m [2m[py.warnings:112, f641d6fce801, rank=1][0m /opt/conda/lib/python3.12/site-packages/olmo_core/nn/pooled_soft_token.py:181: UserWarning: called a synchronizing CUDA operation (Triggered internally at /pytorch/c10/cuda/CUDAFunctions.cpp:162.)
2026-09-15T04:21:22.982Z   pos_ix = is_ctx.nonzero(as_tuple=True)[0]
2026-09-15T04:21:22.982Z 
2026-09-15T04:21:22.983Z [2;36m[2026-09-15 04:21:22][0m [33mWARNING [0m [2m[py.warnings:112, f641d6fce801, rank=1][0m /opt/conda/lib/python3.12/site-packages/olmo_core/nn/pooled_soft_token.py:186: UserWarning: called a synchronizing CUDA operation (Triggered internally at /pytorch/c10/cuda/CUDAFunctions.cpp:162.)
2026-09-15T04:21:22.983Z   pooled_docs = pooled.nonzero(as_tuple=True)[0]
2026-09-15T04:21:22.983Z 
2026-09-15T04:21:22.984Z [2;36m[2026-09-15 04:21:22][0m [33mWARNING [0m [2m[py.warnings:112, f641d6fce801, rank=1][0m /opt/conda/lib/python3.12/site-packages/olmo_core/nn/pooled_soft_token.py:217: UserWarning: called a synchronizing CUDA operation (Triggered internally at /pytorch/c10/cuda/CUDAFunctions.cpp:162.)
2026-09-15T04:21:22.984Z   doc_len = torch.bincount(c[is_ctx], minlength=n_docs) if is_ctx.any() else torch.zeros(n_docs, dtype=torch.long, device=device)
2026-09-15T04:21:22.984Z 
2026-09-15T04:21:22.984Z [2;36m[2026-09-15 04:21:22][0m [33mWARNING [0m [2m[py.warnings:112, f641d6fce801, rank=1][0m /opt/conda/lib/python3.12/site-packages/olmo_core/nn/pooled_soft_token.py:222: UserWarning: called a synchronizing CUDA operation (Triggered internally at /pytorch/c10/cuda/CUDAFunctions.cpp:162.)
2026-09-15T04:21:22.984Z   soft_cols_b = soft_mask.nonzero(as_tuple=True)[0]
2026-09-15T04:21:22.984Z 
2026-09-15T04:21:22.985Z [2;36m[2026-09-15 04:21:22][0m [33mWARNING [0m [2m[py.warnings:112, f641d6fce801, rank=1][0m /opt/conda/lib/python3.12/site-packages/olmo_core/nn/pooled_soft_token.py:226: UserWarning: called a synchronizing CUDA operation (Triggered internally at /pytorch/c10/cuda/CUDAFunctions.cpp:162.)
2026-09-15T04:21:22.985Z   cols_l = soft_cols_b.tolist()
2026-09-15T04:21:22.985Z 
2026-09-15T04:21:22.985Z [2;36m[2026-09-15 04:21:22][0m [33mWARNING [0m [2m[py.warnings:112, f641d6fce801, rank=1][0m /opt/conda/lib/python3.12/site-packages/olmo_core/nn/pooled_soft_token.py:229: UserWarning: called a synchronizing CUDA operation (Triggered internally at /pytorch/c10/cuda/CUDAFunctions.cpp:162.)
2026-09-15T04:21:22.985Z   soft_docs += docs_b.tolist()
2026-09-15T04:21:22.985Z 
2026-09-15T04:21:22.985Z [2;36m[2026-09-15 04:21:22][0m [33mWARNING [0m [2m[py.warnings:112, f641d6fce801, rank=1][0m /opt/conda/lib/python3.12/site-packages/olmo_core/nn/pooled_soft_token.py:230: UserWarning: called a synchronizing CUDA operation (Triggered internally at /pytorch/c10/cuda/CUDAFunctions.cpp:162.)
2026-09-15T04:21:22.985Z   soft_log_len += lens_b.tolist()
2026-09-15T04:21:22.985Z 
2026-09-15T04:21:22.987Z [2;36m[2026-09-15 04:21:22][0m [33mWARNING [0m [2m[py.warnings:112, f641d6fce801, rank=1][0m /opt/conda/lib/python3.12/site-packages/olmo_core/nn/pooled_soft_token.py:280: UserWarning: called a synchronizing CUDA operation (Triggered internally at /pytorch/c10/cuda/CUDAFunctions.cpp:162.)
2026-09-15T04:21:22.987Z   row_lens[b] = L
2026-09-15T04:21:22.987Z 
2026-09-15T04:21:22.988Z [2;36m[2026-09-15 04:21:22][0m [33mWARNING [0m [2m[py.warnings:112, f641d6fce801, rank=1][0m /opt/conda/lib/python3.12/site-packages/olmo_core/nn/pooled_soft_token.py:297: UserWarning: called a synchronizing CUDA operation (Triggered internally at /pytorch/c10/cuda/CUDAFunctions.cpp:162.)
2026-09-15T04:21:22.988Z   soft_rows=torch.tensor(soft_rows, dtype=torch.long, device=device),
2026-09-15T04:21:22.988Z 
2026-09-15T04:21:22.988Z [2;36m[2026-09-15 04:21:22][0m [33mWARNING [0m [2m[py.warnings:112, f641d6fce801, rank=1][0m /opt/conda/lib/python3.12/site-packages/olmo_core/nn/pooled_soft_token.py:298: UserWarning: called a synchronizing CUDA operation (Triggered internally at /pytorch/c10/cuda/CUDAFunctions.cpp:162.)
2026-09-15T04:21:22.988Z   soft_cols=torch.tensor(soft_cols, dtype=torch.long, device=device),
2026-09-15T04:21:22.988Z 
2026-09-15T04:21:22.988Z [2;36m[2026-09-15 04:21:22][0m [33mWARNING [0m [2m[py.warnings:112, f641d6fce801, rank=1][0m /opt/conda/lib/python3.12/site-packages/olmo_core/nn/pooled_soft_token.py:299: UserWarning: called a synchronizing CUDA operation (Triggered internally at /pytorch/c10/cuda/CUDAFunctions.cpp:162.)
2026-09-15T04:21:22.988Z   soft_docs=torch.tensor(soft_docs, dtype=torch.long, device=device),
2026-09-15T04:21:22.988Z 
2026-09-15T04:21:22.989Z [2;36m[2026-09-15 04:21:22][0m [33mWARNING [0m [2m[py.warnings:112, f641d6fce801, rank=1][0m /opt/conda/lib/python3.12/site-packages/olmo_core/nn/pooled_soft_token.py:301: UserWarning: called a synchronizing CUDA operation (Triggered internally at /pytorch/c10/cuda/CUDAFunctions.cpp:162.)
2026-09-15T04:21:22.989Z   soft_log_len=torch.tensor(soft_log_len, dtype=torch.float32, device=device),
2026-09-15T04:21:22.989Z 
2026-09-15T04:21:22.989Z [2;36m[2026-09-15 04:21:22][0m [33mWARNING [0m [2m[py.warnings:112, f641d6fce801, rank=1][0m /opt/conda/lib/python3.12/site-packages/olmo_core/nn/transformer/model.py:1502: UserWarning: called a synchronizing CUDA operation (Triggered internally at /pytorch/c10/cuda/CUDAFunctions.cpp:162.)
2026-09-15T04:21:22.989Z   kv_grad_mask[cb.soft_rows, cb.soft_cols] = False
2026-09-15T04:21:22.989Z 
2026-09-15T04:21:23.133Z [2;36m[2026-09-15 04:21:23][0m [33mWARNING [0m [2m[py.warnings:112, f641d6fce801, rank=1][0m /opt/conda/lib/python3.12/site-packages/liger_kernel/ops/fused_linear_cross_entropy.py:75: UserWarning: called a synchronizing CUDA operation (Triggered internally at /pytorch/c10/cuda/CUDAFunctions.cpp:162.)
2026-09-15T04:21:23.133Z   total_n_non_ignore = target_mask.sum().item()
2026-09-15T04:21:23.133Z 
2026-09-15T04:21:24.062Z [2;36m[2026-09-15 04:21:24][0m [33mWARNING [0m [2m[py.warnings:112, f641d6fce801, rank=1][0m /opt/conda/lib/python3.12/site-packages/liger_kernel/ops/fused_linear_cross_entropy.py:233: UserWarning: called a synchronizing CUDA operation (Triggered internally at /pytorch/c10/cuda/CUDAFunctions.cpp:162.)
2026-09-15T04:21:24.062Z   if not torch.equal(grad_output, torch.tensor(1.0, device=grad_output.device)):
2026-09-15T04:21:24.062Z 
2026-09-15T04:21:25.767Z [2;36m[2026-09-15 04:21:25][0m [33mWARNING [0m [2m[py.warnings:112, f641d6fce801, rank=0][0m /opt/conda/lib/python3.12/site-packages/torch/autograd/graph.py:841: UserWarning: called a synchronizing CUDA operation (Triggered internally at /pytorch/c10/cuda/CUDAFunctions.cpp:162.)
2026-09-15T04:21:25.767Z   return Variable._execution_engine.run_backward(  # Calls into the C++ engine to run the backward pass
2026-09-15T04:21:25.767Z 
2026-09-15T04:21:25.770Z [2;36m[2026-09-15 04:21:25][0m [33mWARNING [0m [2m[py.warnings:112, f641d6fce801, rank=0][0m /opt/conda/lib/python3.12/site-packages/torch/distributed/utils.py:106: UserWarning: called a synchronizing CUDA operation (Triggered internally at /pytorch/c10/cuda/CUDAFunctions.cpp:162.)
2026-09-15T04:21:25.770Z   return (obj.to(target_device),)
2026-09-15T04:21:25.770Z 
2026-09-15T04:21:25.780Z [2;36m[2026-09-15 04:21:25][0m [33mWARNING [0m [2m[py.warnings:112, f641d6fce801, rank=0][0m /opt/conda/lib/python3.12/site-packages/olmo_core/nn/transformer/model.py:777: UserWarning: called a synchronizing CUDA operation (Triggered internally at /pytorch/c10/cuda/CUDAFunctions.cpp:162.)
2026-09-15T04:21:25.780Z   n_docs = int(chunk_ids.max().item()) + 1
2026-09-15T04:21:25.780Z 
2026-09-15T04:21:25.789Z [2;36m[2026-09-15 04:21:25][0m [33mWARNING [0m [2m[py.warnings:112, f641d6fce801, rank=0][0m /opt/conda/lib/python3.12/site-packages/olmo_core/nn/transformer/model.py:834: UserWarning: called a synchronizing CUDA operation (Triggered internally at /pytorch/c10/cuda/CUDAFunctions.cpp:162.)
2026-09-15T04:21:25.789Z   flat = (torch.arange(B, device=emb.device)[:, None] * n_docs + cid.clamp(min=0)).reshape(
2026-09-15T04:21:25.789Z 
2026-09-15T04:21:25.789Z [2;36m[2026-09-15 04:21:25][0m [33mWARNING [0m [2m[py.warnings:112, f641d6fce801, rank=0][0m /opt/conda/lib/python3.12/site-packages/olmo_core/nn/transformer/model.py:838: UserWarning: called a synchronizing CUDA operation (Triggered internally at /pytorch/c10/cuda/CUDAFunctions.cpp:162.)
2026-09-15T04:21:25.789Z   0, flat, emb.reshape(B * T, D)[is_ctx.reshape(-1)]
2026-09-15T04:21:25.789Z 
2026-09-15T04:21:25.799Z [2;36m[2026-09-15 04:21:25][0m [33mWARNING [0m [2m[py.warnings:112, f641d6fce801, rank=0][0m /opt/conda/lib/python3.12/site-packages/olmo_core/nn/pooled_soft_token.py:173: UserWarning: called a synchronizing CUDA operation (Triggered internally at /pytorch/c10/cuda/CUDAFunctions.cpp:162.)
2026-09-15T04:21:25.799Z   kept_idx = kept_tok.nonzero(as_tuple=True)[0]
2026-09-15T04:21:25.799Z 
2026-09-15T04:21:25.800Z [2;36m[2026-09-15 04:21:25][0m [33mWARNING [0m [2m[py.warnings:112, f641d6fce801, rank=0][0m /opt/conda/lib/python3.12/site-packages/olmo_core/nn/pooled_soft_token.py:179: UserWarning: called a synchronizing CUDA operation (Triggered internally at /pytorch/c10/cuda/CUDAFunctions.cpp:162.)
2026-09-15T04:21:25.800Z   if is_ctx.any():
2026-09-15T04:21:25.800Z 
2026-09-15T04:21:25.800Z [2;36m[2026-09-15 04:21:25][0m [33mWARNING [0m [2m[py.warnings:112, f641d6fce801, rank=0][0m /opt/conda/lib/python3.12/site-packages/olmo_core/nn/pooled_soft_token.py:180: UserWarning: called a synchronizing CUDA operation (Triggered internally at /pytorch/c10/cuda/CUDAFunctions.cpp:162.)
2026-09-15T04:21:25.800Z   d_ix = c[is_ctx]
2026-09-15T04:21:25.800Z 
2026-09-15T04:21:25.800Z [2;36m[2026-09-15 04:21:25][0m [33mWARNING [0m [2m[py.warnings:112, f641d6fce801, rank=0][0m /opt/conda/lib/python3.12/site-packages/olmo_core/nn/pooled_soft_token.py:181: UserWarning: called a synchronizing CUDA operation (Triggered internally at /pytorch/c10/cuda/CUDAFunctions.cpp:162.)
2026-09-15T04:21:25.800Z   pos_ix = is_ctx.nonzero(as_tuple=True)[0]
2026-09-15T04:21:25.800Z 
2026-09-15T04:21:25.801Z [2;36m[2026-09-15 04:21:25][0m [33mWARNING [0m [2m[py.warnings:112, f641d6fce801, rank=0][0m /opt/conda/lib/python3.12/site-packages/olmo_core/nn/pooled_soft_token.py:186: UserWarning: called a synchronizing CUDA operation (Triggered internally at /pytorch/c10/cuda/CUDAFunctions.cpp:162.)
2026-09-15T04:21:25.801Z   pooled_docs = pooled.nonzero(as_tuple=True)[0]
2026-09-15T04:21:25.801Z 
2026-09-15T04:21:25.802Z [2;36m[2026-09-15 04:21:25][0m [33mWARNING [0m [2m[py.warnings:112, f641d6fce801, rank=0][0m /opt/conda/lib/python3.12/site-packages/olmo_core/nn/pooled_soft_token.py:217: UserWarning: called a synchronizing CUDA operation (Triggered internally at /pytorch/c10/cuda/CUDAFunctions.cpp:162.)
2026-09-15T04:21:25.802Z   doc_len = torch.bincount(c[is_ctx], minlength=n_docs) if is_ctx.any() else torch.zeros(n_docs, dtype=torch.long, device=device)
2026-09-15T04:21:25.802Z 
2026-09-15T04:21:25.803Z [2;36m[2026-09-15 04:21:25][0m [33mWARNING [0m [2m[py.warnings:112, f641d6fce801, rank=0][0m /opt/conda/lib/python3.12/site-packages/olmo_core/nn/pooled_soft_token.py:222: UserWarning: called a synchronizing CUDA operation (Triggered internally at /pytorch/c10/cuda/CUDAFunctions.cpp:162.)
2026-09-15T04:21:25.803Z   soft_cols_b = soft_mask.nonzero(as_tuple=True)[0]
2026-09-15T04:21:25.803Z 
2026-09-15T04:21:25.803Z [2;36m[2026-09-15 04:21:25][0m [33mWARNING [0m [2m[py.warnings:112, f641d6fce801, rank=0][0m /opt/conda/lib/python3.12/site-packages/olmo_core/nn/pooled_soft_token.py:226: UserWarning: called a synchronizing CUDA operation (Triggered internally at /pytorch/c10/cuda/CUDAFunctions.cpp:162.)
2026-09-15T04:21:25.803Z   cols_l = soft_cols_b.tolist()
2026-09-15T04:21:25.803Z 
2026-09-15T04:21:25.803Z [2;36m[2026-09-15 04:21:25][0m [33mWARNING [0m [2m[py.warnings:112, f641d6fce801, rank=0][0m /opt/conda/lib/python3.12/site-packages/olmo_core/nn/pooled_soft_token.py:229: UserWarning: called a synchronizing CUDA operation (Triggered internally at /pytorch/c10/cuda/CUDAFunctions.cpp:162.)
2026-09-15T04:21:25.803Z   soft_docs += docs_b.tolist()
2026-09-15T04:21:25.803Z 
2026-09-15T04:21:25.804Z [2;36m[2026-09-15 04:21:25][0m [33mWARNING [0m [2m[py.warnings:112, f641d6fce801, rank=0][0m /opt/conda/lib/python3.12/site-packages/olmo_core/nn/pooled_soft_token.py:230: UserWarning: called a synchronizing CUDA operation (Triggered internally at /pytorch/c10/cuda/CUDAFunctions.cpp:162.)
2026-09-15T04:21:25.804Z   soft_log_len += lens_b.tolist()
2026-09-15T04:21:25.804Z 
2026-09-15T04:21:25.806Z [2;36m[2026-09-15 04:21:25][0m [33mWARNING [0m [2m[py.warnings:112, f641d6fce801, rank=0][0m /opt/conda/lib/python3.12/site-packages/olmo_core/nn/pooled_soft_token.py:280: UserWarning: called a synchronizing CUDA operation (Triggered internally at /pytorch/c10/cuda/CUDAFunctions.cpp:162.)
2026-09-15T04:21:25.806Z   row_lens[b] = L
2026-09-15T04:21:25.806Z 
2026-09-15T04:21:25.807Z [2;36m[2026-09-15 04:21:25][0m [33mWARNING [0m [2m[py.warnings:112, f641d6fce801, rank=0][0m /opt/conda/lib/python3.12/site-packages/olmo_core/nn/pooled_soft_token.py:297: UserWarning: called a synchronizing CUDA operation (Triggered internally at /pytorch/c10/cuda/CUDAFunctions.cpp:162.)
2026-09-15T04:21:25.807Z   soft_rows=torch.tensor(soft_rows, dtype=torch.long, device=device),
2026-09-15T04:21:25.807Z 
2026-09-15T04:21:25.807Z [2;36m[2026-09-15 04:21:25][0m [33mWARNING [0m [2m[py.warnings:112, f641d6fce801, rank=0][0m /opt/conda/lib/python3.12/site-packages/olmo_core/nn/pooled_soft_token.py:298: UserWarning: called a synchronizing CUDA operation (Triggered internally at /pytorch/c10/cuda/CUDAFunctions.cpp:162.)
2026-09-15T04:21:25.807Z   soft_cols=torch.tensor(soft_cols, dtype=torch.long, device=device),
2026-09-15T04:21:25.807Z 
2026-09-15T04:21:25.807Z [2;36m[2026-09-15 04:21:25][0m [33mWARNING [0m [2m[py.warnings:112, f641d6fce801, rank=0][0m /opt/conda/lib/python3.12/site-packages/olmo_core/nn/pooled_soft_token.py:299: UserWarning: called a synchronizing CUDA operation (Triggered internally at /pytorch/c10/cuda/CUDAFunctions.cpp:162.)
2026-09-15T04:21:25.807Z   soft_docs=torch.tensor(soft_docs, dtype=torch.long, device=device),
2026-09-15T04:21:25.807Z 
2026-09-15T04:21:25.808Z [2;36m[2026-09-15 04:21:25][0m [33mWARNING [0m [2m[py.warnings:112, f641d6fce801, rank=0][0m /opt/conda/lib/python3.12/site-packages/olmo_core/nn/pooled_soft_token.py:301: UserWarning: called a synchronizing CUDA operation (Triggered internally at /pytorch/c10/cuda/CUDAFunctions.cpp:162.)
2026-09-15T04:21:25.808Z   soft_log_len=torch.tensor(soft_log_len, dtype=torch.float32, device=device),
2026-09-15T04:21:25.808Z 
2026-09-15T04:21:25.809Z [2;36m[2026-09-15 04:21:25][0m [33mWARNING [0m [2m[py.warnings:112, f641d6fce801, rank=0][0m /opt/conda/lib/python3.12/site-packages/olmo_core/nn/transformer/model.py:1502: UserWarning: called a synchronizing CUDA operation (Triggered internally at /pytorch/c10/cuda/CUDAFunctions.cpp:162.)
2026-09-15T04:21:25.809Z   kv_grad_mask[cb.soft_rows, cb.soft_cols] = False
2026-09-15T04:21:25.809Z 
2026-09-15T04:21:25.954Z [2;36m[2026-09-15 04:21:25][0m [33mWARNING [0m [2m[py.warnings:112, f641d6fce801, rank=0][0m /opt/conda/lib/python3.12/site-packages/liger_kernel/ops/fused_linear_cross_entropy.py:75: UserWarning: called a synchronizing CUDA operation (Triggered internally at /pytorch/c10/cuda/CUDAFunctions.cpp:162.)
2026-09-15T04:21:25.954Z   total_n_non_ignore = target_mask.sum().item()
2026-09-15T04:21:25.954Z 
2026-09-15T04:21:26.784Z [2;36m[2026-09-15 04:21:26][0m [33mWARNING [0m [2m[py.warnings:112, f641d6fce801, rank=0][0m /opt/conda/lib/python3.12/site-packages/liger_kernel/ops/fused_linear_cross_entropy.py:233: UserWarning: called a synchronizing CUDA operation (Triggered internally at /pytorch/c10/cuda/CUDAFunctions.cpp:162.)
2026-09-15T04:21:26.784Z   if not torch.equal(grad_output, torch.tensor(1.0, device=grad_output.device)):
2026-09-15T04:21:26.784Z 
2026-09-15T04:21:31.958Z [2;36m[2026-09-15 04:21:31][0m [33mWARNING [0m [2m[py.warnings:112, f641d6fce801, rank=1][0m /opt/conda/lib/python3.12/site-packages/liger_kernel/ops/fused_linear_cross_entropy.py:75: UserWarning: called a synchronizing CUDA operation (Triggered internally at /pytorch/c10/cuda/CUDAFunctions.cpp:162.)
2026-09-15T04:21:31.958Z   total_n_non_ignore = target_mask.sum().item()
2026-09-15T04:21:31.958Z 
2026-09-15T04:21:32.558Z [2;36m[2026-09-15 04:21:32][0m [33mWARNING [0m [2m[py.warnings:112, f641d6fce801, rank=1][0m /opt/conda/lib/python3.12/site-packages/liger_kernel/ops/fused_linear_cross_entropy.py:233: UserWarning: called a synchronizing CUDA operation (Triggered internally at /pytorch/c10/cuda/CUDAFunctions.cpp:162.)
2026-09-15T04:21:32.558Z   if not torch.equal(grad_output, torch.tensor(1.0, device=grad_output.device)):
2026-09-15T04:21:32.558Z 
2026-09-15T04:21:33.843Z [2;36m[2026-09-15 04:21:33][0m [33mWARNING [0m [2m[py.warnings:112, f641d6fce801, rank=1][0m /opt/conda/lib/python3.12/site-packages/torch/autograd/graph.py:841: UserWarning: called a synchronizing CUDA operation (Triggered internally at /pytorch/c10/cuda/CUDAFunctions.cpp:162.)
2026-09-15T04:21:33.843Z   return Variable._execution_engine.run_backward(  # Calls into the C++ engine to run the backward pass
2026-09-15T04:21:33.843Z 
2026-09-15T04:21:34.082Z [2;36m[2026-09-15 04:21:34][0m [33mWARNING [0m [2m[py.warnings:112, f641d6fce801, rank=1][0m /opt/conda/lib/python3.12/site-packages/torch/distributed/utils.py:106: UserWarning: called a synchronizing CUDA operation (Triggered internally at /pytorch/c10/cuda/CUDAFunctions.cpp:162.)
2026-09-15T04:21:34.082Z   return (obj.to(target_device),)
2026-09-15T04:21:34.082Z 
2026-09-15T04:21:34.084Z [2;36m[2026-09-15 04:21:34][0m [34mINFO    [0m [2m[olmo_core.train.callbacks.console_logger:68, f641d6fce801, rank=0][0m [step=6/61,epoch=1,eta=20m]
2026-09-15T04:21:34.084Z     gpu_memory/GPU active mem (%)=75.57
2026-09-15T04:21:34.084Z     gpu_memory/GPU active mem (GiB)=59.89
2026-09-15T04:21:34.084Z     gpu_memory/GPU reserved mem (%)=80.90
2026-09-15T04:21:34.084Z     gpu_memory/GPU reserved mem (GiB)=64.12
2026-09-15T04:21:34.084Z     optim/LR (group 0)=4.66E-06
2026-09-15T04:21:34.084Z     optim/LR (group 1)=4.66E-06
2026-09-15T04:21:34.084Z     optim/step skipped=0.0
2026-09-15T04:21:34.084Z     optim/total grad norm=4.252
2026-09-15T04:21:34.084Z     throughput/chinchilla multiple=9.35E-06
2026-09-15T04:21:34.084Z     throughput/device/BPS=0.0277
2026-09-15T04:21:34.084Z     throughput/device/BPS (actual avg)=0.0463
2026-09-15T04:21:34.084Z     throughput/device/MFU=13.33
2026-09-15T04:21:34.084Z     throughput/device/MFU (actual avg)=22.28
2026-09-15T04:21:34.084Z     throughput/device/TPS=1,816
2026-09-15T04:21:34.084Z     throughput/device/TPS (actual avg)=3,034
2026-09-15T04:21:34.084Z     throughput/device/flopsPS=41.61T
2026-09-15T04:21:34.084Z     throughput/device/flopsPS (actual avg)=69.50T
2026-09-15T04:21:34.084Z     throughput/total petaflops=18.01
2026-09-15T04:21:34.084Z     throughput/total tokens=786,432
2026-09-15T04:21:34.084Z     train/CE loss=0.4519
2026-09-15T04:21:34.084Z     throughput/device/data loading (%)=0.0062
2026-09-15T04:21:34.084Z     throughput/device/data loading (s)=0.0022
2026-09-15T04:21:34.084Z     train/PPL=1.571
2026-09-15T04:21:34.094Z [2;36m[2026-09-15 04:21:34][0m [33mWARNING [0m [2m[py.warnings:112, f641d6fce801, rank=1][0m /opt/conda/lib/python3.12/site-packages/olmo_core/nn/transformer/model.py:834: UserWarning: called a synchronizing CUDA operation (Triggered internally at /pytorch/c10/cuda/CUDAFunctions.cpp:162.)
2026-09-15T04:21:34.094Z   flat = (torch.arange(B, device=emb.device)[:, None] * n_docs + cid.clamp(min=0)).reshape(
2026-09-15T04:21:34.094Z 
2026-09-15T04:21:34.095Z [2;36m[2026-09-15 04:21:34][0m [33mWARNING [0m [2m[py.warnings:112, f641d6fce801, rank=1][0m /opt/conda/lib/python3.12/site-packages/olmo_core/nn/transformer/model.py:838: UserWarning: called a synchronizing CUDA operation (Triggered internally at /pytorch/c10/cuda/CUDAFunctions.cpp:162.)
2026-09-15T04:21:34.095Z   0, flat, emb.reshape(B * T, D)[is_ctx.reshape(-1)]
2026-09-15T04:21:34.095Z 
2026-09-15T04:21:34.106Z [2;36m[2026-09-15 04:21:34][0m [33mWARNING [0m [2m[py.warnings:112, f641d6fce801, rank=1][0m /opt/conda/lib/python3.12/site-packages/olmo_core/nn/pooled_soft_token.py:173: UserWarning: called a synchronizing CUDA operation (Triggered internally at /pytorch/c10/cuda/CUDAFunctions.cpp:162.)
2026-09-15T04:21:34.106Z   kept_idx = kept_tok.nonzero(as_tuple=True)[0]
2026-09-15T04:21:34.106Z 
2026-09-15T04:21:34.106Z [2;36m[2026-09-15 04:21:34][0m [33mWARNING [0m [2m[py.warnings:112, f641d6fce801, rank=1][0m /opt/conda/lib/python3.12/site-packages/olmo_core/nn/pooled_soft_token.py:179: UserWarning: called a synchronizing CUDA operation (Triggered internally at /pytorch/c10/cuda/CUDAFunctions.cpp:162.)
2026-09-15T04:21:34.106Z   if is_ctx.any():
2026-09-15T04:21:34.106Z 
2026-09-15T04:21:34.106Z [2;36m[2026-09-15 04:21:34][0m [33mWARNING [0m [2m[py.warnings:112, f641d6fce801, rank=1][0m /opt/conda/lib/python3.12/site-packages/olmo_core/nn/pooled_soft_token.py:180: UserWarning: called a synchronizing CUDA operation (Triggered internally at /pytorch/c10/cuda/CUDAFunctions.cpp:162.)
2026-09-15T04:21:34.106Z   d_ix = c[is_ctx]
2026-09-15T04:21:34.106Z 
2026-09-15T04:21:34.107Z [2;36m[2026-09-15 04:21:34][0m [33mWARNING [0m [2m[py.warnings:112, f641d6fce801, rank=1][0m /opt/conda/lib/python3.12/site-packages/olmo_core/nn/pooled_soft_token.py:181: UserWarning: called a synchronizing CUDA operation (Triggered internally at /pytorch/c10/cuda/CUDAFunctions.cpp:162.)
2026-09-15T04:21:34.107Z   pos_ix = is_ctx.nonzero(as_tuple=True)[0]
2026-09-15T04:21:34.107Z 
2026-09-15T04:21:34.107Z [2;36m[2026-09-15 04:21:34][0m [33mWARNING [0m [2m[py.warnings:112, f641d6fce801, rank=1][0m /opt/conda/lib/python3.12/site-packages/olmo_core/nn/pooled_soft_token.py:186: UserWarning: called a synchronizing CUDA operation (Triggered internally at /pytorch/c10/cuda/CUDAFunctions.cpp:162.)
2026-09-15T04:21:34.107Z   pooled_docs = pooled.nonzero(as_tuple=True)[0]
2026-09-15T04:21:34.107Z 
2026-09-15T04:21:34.108Z [2;36m[2026-09-15 04:21:34][0m [33mWARNING [0m [2m[py.warnings:112, f641d6fce801, rank=1][0m /opt/conda/lib/python3.12/site-packages/olmo_core/nn/pooled_soft_token.py:217: UserWarning: called a synchronizing CUDA operation (Triggered internally at /pytorch/c10/cuda/CUDAFunctions.cpp:162.)
2026-09-15T04:21:34.108Z   doc_len = torch.bincount(c[is_ctx], minlength=n_docs) if is_ctx.any() else torch.zeros(n_docs, dtype=torch.long, device=device)
2026-09-15T04:21:34.108Z 
2026-09-15T04:21:34.109Z [2;36m[2026-09-15 04:21:34][0m [33mWARNING [0m [2m[py.warnings:112, f641d6fce801, rank=1][0m /opt/conda/lib/python3.12/site-packages/olmo_core/nn/pooled_soft_token.py:222: UserWarning: called a synchronizing CUDA operation (Triggered internally at /pytorch/c10/cuda/CUDAFunctions.cpp:162.)
2026-09-15T04:21:34.109Z   soft_cols_b = soft_mask.nonzero(as_tuple=True)[0]
2026-09-15T04:21:34.109Z 
2026-09-15T04:21:34.109Z [2;36m[2026-09-15 04:21:34][0m [33mWARNING [0m [2m[py.warnings:112, f641d6fce801, rank=1][0m /opt/conda/lib/python3.12/site-packages/olmo_core/nn/pooled_soft_token.py:226: UserWarning: called a synchronizing CUDA operation (Triggered internally at /pytorch/c10/cuda/CUDAFunctions.cpp:162.)
2026-09-15T04:21:34.109Z   cols_l = soft_cols_b.tolist()
2026-09-15T04:21:34.109Z 
2026-09-15T04:21:34.109Z [2;36m[2026-09-15 04:21:34][0m [33mWARNING [0m [2m[py.warnings:112, f641d6fce801, rank=1][0m /opt/conda/lib/python3.12/site-packages/olmo_core/nn/pooled_soft_token.py:229: UserWarning: called a synchronizing CUDA operation (Triggered internally at /pytorch/c10/cuda/CUDAFunctions.cpp:162.)
2026-09-15T04:21:34.109Z   soft_docs += docs_b.tolist()
2026-09-15T04:21:34.109Z 
2026-09-15T04:21:34.110Z [2;36m[2026-09-15 04:21:34][0m [33mWARNING [0m [2m[py.warnings:112, f641d6fce801, rank=1][0m /opt/conda/lib/python3.12/site-packages/olmo_core/nn/pooled_soft_token.py:230: UserWarning: called a synchronizing CUDA operation (Triggered internally at /pytorch/c10/cuda/CUDAFunctions.cpp:162.)
2026-09-15T04:21:34.110Z   soft_log_len += lens_b.tolist()
2026-09-15T04:21:34.110Z 
2026-09-15T04:21:34.111Z [2;36m[2026-09-15 04:21:34][0m [33mWARNING [0m [2m[py.warnings:112, f641d6fce801, rank=1][0m /opt/conda/lib/python3.12/site-packages/olmo_core/nn/pooled_soft_token.py:280: UserWarning: called a synchronizing CUDA operation (Triggered internally at /pytorch/c10/cuda/CUDAFunctions.cpp:162.)
2026-09-15T04:21:34.111Z   row_lens[b] = L
2026-09-15T04:21:34.111Z 
2026-09-15T04:21:34.112Z [2;36m[2026-09-15 04:21:34][0m [33mWARNING [0m [2m[py.warnings:112, f641d6fce801, rank=1][0m /opt/conda/lib/python3.12/site-packages/olmo_core/nn/pooled_soft_token.py:297: UserWarning: called a synchronizing CUDA operation (Triggered internally at /pytorch/c10/cuda/CUDAFunctions.cpp:162.)
2026-09-15T04:21:34.112Z   soft_rows=torch.tensor(soft_rows, dtype=torch.long, device=device),
2026-09-15T04:21:34.112Z 
2026-09-15T04:21:34.112Z [2;36m[2026-09-15 04:21:34][0m [33mWARNING [0m [2m[py.warnings:112, f641d6fce801, rank=1][0m /opt/conda/lib/python3.12/site-packages/olmo_core/nn/pooled_soft_token.py:298: UserWarning: called a synchronizing CUDA operation (Triggered internally at /pytorch/c10/cuda/CUDAFunctions.cpp:162.)
2026-09-15T04:21:34.112Z   soft_cols=torch.tensor(soft_cols, dtype=torch.long, device=device),
2026-09-15T04:21:34.112Z 
2026-09-15T04:21:34.113Z [2;36m[2026-09-15 04:21:34][0m [33mWARNING [0m [2m[py.warnings:112, f641d6fce801, rank=1][0m /opt/conda/lib/python3.12/site-packages/olmo_core/nn/pooled_soft_token.py:299: UserWarning: called a synchronizing CUDA operation (Triggered internally at /pytorch/c10/cuda/CUDAFunctions.cpp:162.)
2026-09-15T04:21:34.113Z   soft_docs=torch.tensor(soft_docs, dtype=torch.long, device=device),
2026-09-15T04:21:34.113Z 
2026-09-15T04:21:34.113Z [2;36m[2026-09-15 04:21:34][0m [33mWARNING [0m [2m[py.warnings:112, f641d6fce801, rank=1][0m /opt/conda/lib/python3.12/site-packages/olmo_core/nn/pooled_soft_token.py:301: UserWarning: called a synchronizing CUDA operation (Triggered internally at /pytorch/c10/cuda/CUDAFunctions.cpp:162.)
2026-09-15T04:21:34.113Z   soft_log_len=torch.tensor(soft_log_len, dtype=torch.float32, device=device),
2026-09-15T04:21:34.113Z 
2026-09-15T04:21:34.113Z [2;36m[2026-09-15 04:21:34][0m [33mWARNING [0m [2m[py.warnings:112, f641d6fce801, rank=1][0m /opt/conda/lib/python3.12/site-packages/olmo_core/nn/transformer/model.py:1502: UserWarning: called a synchronizing CUDA operation (Triggered internally at /pytorch/c10/cuda/CUDAFunctions.cpp:162.)
2026-09-15T04:21:34.113Z   kv_grad_mask[cb.soft_rows, cb.soft_cols] = False
2026-09-15T04:21:34.113Z 
2026-09-15T04:21:34.256Z [2;36m[2026-09-15 04:21:34][0m [33mWARNING [0m [2m[py.warnings:112, f641d6fce801, rank=1][0m /opt/conda/lib/python3.12/site-packages/liger_kernel/ops/fused_linear_cross_entropy.py:75: UserWarning: called a synchronizing CUDA operation (Triggered internally at /pytorch/c10/cuda/CUDAFunctions.cpp:162.)
2026-09-15T04:21:34.256Z   total_n_non_ignore = target_mask.sum().item()
2026-09-15T04:21:34.256Z 
2026-09-15T04:21:35.135Z [2;36m[2026-09-15 04:21:35][0m [33mWARNING [0m [2m[py.warnings:112, f641d6fce801, rank=1][0m /opt/conda/lib/python3.12/site-packages/liger_kernel/ops/fused_linear_cross_entropy.py:233: UserWarning: called a synchronizing CUDA operation (Triggered internally at /pytorch/c10/cuda/CUDAFunctions.cpp:162.)
2026-09-15T04:21:35.135Z   if not torch.equal(grad_output, torch.tensor(1.0, device=grad_output.device)):
2026-09-15T04:21:35.135Z 
2026-09-15T04:21:35.461Z [2;36m[2026-09-15 04:21:35][0m [33mWARNING [0m [2m[py.warnings:112, f641d6fce801, rank=1][0m /opt/conda/lib/python3.12/site-packages/olmo_core/nn/transformer/model.py:777: UserWarning: called a synchronizing CUDA operation (Triggered internally at /pytorch/c10/cuda/CUDAFunctions.cpp:162.)
2026-09-15T04:21:35.462Z   n_docs = int(chunk_ids.max().item()) + 1
2026-09-15T04:21:35.462Z 
2026-09-15T04:21:45.229Z [2;36m[2026-09-15 04:21:45][0m [34mINFO    [0m [2m[olmo_core.train.callbacks.console_logger:68, f641d6fce801, rank=0][0m [step=7/61,epoch=1,eta=18m]
2026-09-15T04:21:45.229Z     gpu_memory/GPU active mem (%)=75.57
2026-09-15T04:21:45.229Z     gpu_memory/GPU active mem (GiB)=59.89
2026-09-15T04:21:45.229Z     gpu_memory/GPU reserved mem (%)=80.90
2026-09-15T04:21:45.229Z     gpu_memory/GPU reserved mem (GiB)=64.12
2026-09-15T04:21:45.229Z     optim/LR (group 0)=4.58E-06
2026-09-15T04:21:45.229Z     optim/LR (group 1)=4.58E-06
2026-09-15T04:21:45.229Z     optim/step skipped=0.0
2026-09-15T04:21:45.229Z     optim/total grad norm=3.688
2026-09-15T04:21:45.229Z     throughput/chinchilla multiple=1.09E-05
2026-09-15T04:21:45.229Z     throughput/device/BPS=0.0897
2026-09-15T04:21:45.229Z     throughput/device/BPS (actual avg)=0.0504
2026-09-15T04:21:45.229Z     throughput/device/MFU=43.16
2026-09-15T04:21:45.229Z     throughput/device/MFU (actual avg)=24.23
2026-09-15T04:21:45.229Z     throughput/device/TPS=5,881
2026-09-15T04:21:45.229Z     throughput/device/TPS (actual avg)=3,301
2026-09-15T04:21:45.229Z     throughput/device/flopsPS=134.7T
2026-09-15T04:21:45.229Z     throughput/device/flopsPS (actual avg)=75.60T
2026-09-15T04:21:45.229Z     throughput/total petaflops=21.01
2026-09-15T04:21:45.229Z     throughput/total tokens=917,504
2026-09-15T04:21:45.229Z     train/CE loss=0.4480
2026-09-15T04:21:45.229Z     throughput/device/data loading (%)=0.0202
2026-09-15T04:21:45.229Z     throughput/device/data loading (s)=0.0022
2026-09-15T04:21:45.229Z     train/PPL=1.565
2026-09-15T04:21:55.333Z [2;36m[2026-09-15 04:21:55][0m [33mWARNING [0m [2m[py.warnings:112, f641d6fce801, rank=0][0m /opt/conda/lib/python3.12/site-packages/torch/autograd/graph.py:841: UserWarning: called a synchronizing CUDA operation (Triggered internally at /pytorch/c10/cuda/CUDAFunctions.cpp:162.)
2026-09-15T04:21:55.333Z   return Variable._execution_engine.run_backward(  # Calls into the C++ engine to run the backward pass
2026-09-15T04:21:55.333Z 
2026-09-15T04:21:55.574Z [2;36m[2026-09-15 04:21:55][0m [34mINFO    [0m [2m[olmo_core.train.callbacks.console_logger:68, f641d6fce801, rank=0][0m [step=8/61,epoch=1,eta=17m]
2026-09-15T04:21:55.574Z     gpu_memory/GPU active mem (%)=75.57
2026-09-15T04:21:55.574Z     gpu_memory/GPU active mem (GiB)=59.89
2026-09-15T04:21:55.574Z     gpu_memory/GPU reserved mem (%)=80.90
2026-09-15T04:21:55.574Z     gpu_memory/GPU reserved mem (GiB)=64.12
2026-09-15T04:21:55.574Z     optim/LR (group 0)=4.49E-06
2026-09-15T04:21:55.574Z     optim/LR (group 1)=4.49E-06
2026-09-15T04:21:55.574Z     optim/step skipped=0.0
2026-09-15T04:21:55.574Z     optim/total grad norm=3.673
2026-09-15T04:21:55.574Z     throughput/chinchilla multiple=1.25E-05
2026-09-15T04:21:55.574Z     throughput/device/BPS=0.0967
2026-09-15T04:21:55.574Z     throughput/device/BPS (actual avg)=0.0541
2026-09-15T04:21:55.574Z     throughput/device/MFU=46.50
2026-09-15T04:21:55.574Z     throughput/device/MFU (actual avg)=26.01
2026-09-15T04:21:55.574Z     throughput/device/TPS=6,334
2026-09-15T04:21:55.574Z     throughput/device/TPS (actual avg)=3,543
2026-09-15T04:21:55.575Z     throughput/device/flopsPS=145.1T
2026-09-15T04:21:55.575Z     throughput/device/flopsPS (actual avg)=81.15T
2026-09-15T04:21:55.575Z     throughput/total petaflops=24.01
2026-09-15T04:21:55.575Z     throughput/total tokens=1,048,576
2026-09-15T04:21:55.575Z     train/CE loss=0.4456
2026-09-15T04:21:55.575Z     throughput/device/data loading (%)=0.0198
2026-09-15T04:21:55.575Z     throughput/device/data loading (s)=0.0020
2026-09-15T04:21:55.575Z     train/PPL=1.561
2026-09-15T04:21:55.575Z [2;36m[2026-09-15 04:21:55][0m [33mWARNING [0m [2m[py.warnings:112, f641d6fce801, rank=0][0m /opt/conda/lib/python3.12/site-packages/torch/distributed/utils.py:106: UserWarning: called a synchronizing CUDA operation (Triggered internally at /pytorch/c10/cuda/CUDAFunctions.cpp:162.)
2026-09-15T04:21:55.575Z   return (obj.to(target_device),)
2026-09-15T04:21:55.575Z 
2026-09-15T04:21:55.578Z [2;36m[2026-09-15 04:21:55][0m [33mWARNING [0m [2m[py.warnings:112, f641d6fce801, rank=0][0m /opt/conda/lib/python3.12/site-packages/olmo_core/nn/transformer/model.py:777: UserWarning: called a synchronizing CUDA operation (Triggered internally at /pytorch/c10/cuda/CUDAFunctions.cpp:162.)
2026-09-15T04:21:55.578Z   n_docs = int(chunk_ids.max().item()) + 1
2026-09-15T04:21:55.578Z 
2026-09-15T04:21:55.587Z [2;36m[2026-09-15 04:21:55][0m [33mWARNING [0m [2m[py.warnings:112, f641d6fce801, rank=0][0m /opt/conda/lib/python3.12/site-packages/olmo_core/nn/transformer/model.py:834: UserWarning: called a synchronizing CUDA operation (Triggered internally at /pytorch/c10/cuda/CUDAFunctions.cpp:162.)
2026-09-15T04:21:55.587Z   flat = (torch.arange(B, device=emb.device)[:, None] * n_docs + cid.clamp(min=0)).reshape(
2026-09-15T04:21:55.587Z 
2026-09-15T04:21:55.587Z [2;36m[2026-09-15 04:21:55][0m [33mWARNING [0m [2m[py.warnings:112, f641d6fce801, rank=0][0m /opt/conda/lib/python3.12/site-packages/olmo_core/nn/transformer/model.py:838: UserWarning: called a synchronizing CUDA operation (Triggered internally at /pytorch/c10/cuda/CUDAFunctions.cpp:162.)
2026-09-15T04:21:55.587Z   0, flat, emb.reshape(B * T, D)[is_ctx.reshape(-1)]
2026-09-15T04:21:55.587Z 
2026-09-15T04:21:55.597Z [2;36m[2026-09-15 04:21:55][0m [33mWARNING [0m [2m[py.warnings:112, f641d6fce801, rank=0][0m /opt/conda/lib/python3.12/site-packages/olmo_core/nn/pooled_soft_token.py:173: UserWarning: called a synchronizing CUDA operation (Triggered internally at /pytorch/c10/cuda/CUDAFunctions.cpp:162.)
2026-09-15T04:21:55.597Z   kept_idx = kept_tok.nonzero(as_tuple=True)[0]
2026-09-15T04:21:55.597Z 
2026-09-15T04:21:55.598Z [2;36m[2026-09-15 04:21:55][0m [33mWARNING [0m [2m[py.warnings:112, f641d6fce801, rank=0][0m /opt/conda/lib/python3.12/site-packages/olmo_core/nn/pooled_soft_token.py:179: UserWarning: called a synchronizing CUDA operation (Triggered internally at /pytorch/c10/cuda/CUDAFunctions.cpp:162.)
2026-09-15T04:21:55.598Z   if is_ctx.any():
2026-09-15T04:21:55.598Z 
2026-09-15T04:21:55.598Z [2;36m[2026-09-15 04:21:55][0m [33mWARNING [0m [2m[py.warnings:112, f641d6fce801, rank=0][0m /opt/conda/lib/python3.12/site-packages/olmo_core/nn/pooled_soft_token.py:180: UserWarning: called a synchronizing CUDA operation (Triggered internally at /pytorch/c10/cuda/CUDAFunctions.cpp:162.)
2026-09-15T04:21:55.598Z   d_ix = c[is_ctx]
2026-09-15T04:21:55.598Z 
2026-09-15T04:21:55.599Z [2;36m[2026-09-15 04:21:55][0m [33mWARNING [0m [2m[py.warnings:112, f641d6fce801, rank=0][0m /opt/conda/lib/python3.12/site-packages/olmo_core/nn/pooled_soft_token.py:181: UserWarning: called a synchronizing CUDA operation (Triggered internally at /pytorch/c10/cuda/CUDAFunctions.cpp:162.)
2026-09-15T04:21:55.599Z   pos_ix = is_ctx.nonzero(as_tuple=True)[0]
2026-09-15T04:21:55.599Z 
2026-09-15T04:21:55.599Z [2;36m[2026-09-15 04:21:55][0m [33mWARNING [0m [2m[py.warnings:112, f641d6fce801, rank=0][0m /opt/conda/lib/python3.12/site-packages/olmo_core/nn/pooled_soft_token.py:186: UserWarning: called a synchronizing CUDA operation (Triggered internally at /pytorch/c10/cuda/CUDAFunctions.cpp:162.)
2026-09-15T04:21:55.599Z   pooled_docs = pooled.nonzero(as_tuple=True)[0]
2026-09-15T04:21:55.599Z 
2026-09-15T04:21:55.600Z [2;36m[2026-09-15 04:21:55][0m [33mWARNING [0m [2m[py.warnings:112, f641d6fce801, rank=0][0m /opt/conda/lib/python3.12/site-packages/olmo_core/nn/pooled_soft_token.py:217: UserWarning: called a synchronizing CUDA operation (Triggered internally at /pytorch/c10/cuda/CUDAFunctions.cpp:162.)
2026-09-15T04:21:55.600Z   doc_len = torch.bincount(c[is_ctx], minlength=n_docs) if is_ctx.any() else torch.zeros(n_docs, dtype=torch.long, device=device)
2026-09-15T04:21:55.600Z 
2026-09-15T04:21:55.601Z [2;36m[2026-09-15 04:21:55][0m [33mWARNING [0m [2m[py.warnings:112, f641d6fce801, rank=0][0m /opt/conda/lib/python3.12/site-packages/olmo_core/nn/pooled_soft_token.py:222: UserWarning: called a synchronizing CUDA operation (Triggered internally at /pytorch/c10/cuda/CUDAFunctions.cpp:162.)
2026-09-15T04:21:55.601Z   soft_cols_b = soft_mask.nonzero(as_tuple=True)[0]
2026-09-15T04:21:55.601Z 
2026-09-15T04:21:55.602Z [2;36m[2026-09-15 04:21:55][0m [33mWARNING [0m [2m[py.warnings:112, f641d6fce801, rank=0][0m /opt/conda/lib/python3.12/site-packages/olmo_core/nn/pooled_soft_token.py:226: UserWarning: called a synchronizing CUDA operation (Triggered internally at /pytorch/c10/cuda/CUDAFunctions.cpp:162.)
2026-09-15T04:21:55.602Z   cols_l = soft_cols_b.tolist()
2026-09-15T04:21:55.602Z 
2026-09-15T04:21:55.602Z [2;36m[2026-09-15 04:21:55][0m [33mWARNING [0m [2m[py.warnings:112, f641d6fce801, rank=0][0m /opt/conda/lib/python3.12/site-packages/olmo_core/nn/pooled_soft_token.py:229: UserWarning: called a synchronizing CUDA operation (Triggered internally at /pytorch/c10/cuda/CUDAFunctions.cpp:162.)
2026-09-15T04:21:55.602Z   soft_docs += docs_b.tolist()
2026-09-15T04:21:55.602Z 
2026-09-15T04:21:55.602Z [2;36m[2026-09-15 04:21:55][0m [33mWARNING [0m [2m[py.warnings:112, f641d6fce801, rank=0][0m /opt/conda/lib/python3.12/site-packages/olmo_core/nn/pooled_soft_token.py:230: UserWarning: called a synchronizing CUDA operation (Triggered internally at /pytorch/c10/cuda/CUDAFunctions.cpp:162.)
2026-09-15T04:21:55.602Z   soft_log_len += lens_b.tolist()
2026-09-15T04:21:55.602Z 
2026-09-15T04:21:55.604Z [2;36m[2026-09-15 04:21:55][0m [33mWARNING [0m [2m[py.warnings:112, f641d6fce801, rank=0][0m /opt/conda/lib/python3.12/site-packages/olmo_core/nn/pooled_soft_token.py:280: UserWarning: called a synchronizing CUDA operation (Triggered internally at /pytorch/c10/cuda/CUDAFunctions.cpp:162.)
2026-09-15T04:21:55.604Z   row_lens[b] = L
2026-09-15T04:21:55.604Z 
2026-09-15T04:21:55.605Z [2;36m[2026-09-15 04:21:55][0m [33mWARNING [0m [2m[py.warnings:112, f641d6fce801, rank=0][0m /opt/conda/lib/python3.12/site-packages/olmo_core/nn/pooled_soft_token.py:297: UserWarning: called a synchronizing CUDA operation (Triggered internally at /pytorch/c10/cuda/CUDAFunctions.cpp:162.)
2026-09-15T04:21:55.605Z   soft_rows=torch.tensor(soft_rows, dtype=torch.long, device=device),
2026-09-15T04:21:55.605Z 
2026-09-15T04:21:55.606Z [2;36m[2026-09-15 04:21:55][0m [33mWARNING [0m [2m[py.warnings:112, f641d6fce801, rank=0][0m /opt/conda/lib/python3.12/site-packages/olmo_core/nn/pooled_soft_token.py:298: UserWarning: called a synchronizing CUDA operation (Triggered internally at /pytorch/c10/cuda/CUDAFunctions.cpp:162.)
2026-09-15T04:21:55.606Z   soft_cols=torch.tensor(soft_cols, dtype=torch.long, device=device),
2026-09-15T04:21:55.606Z 
2026-09-15T04:21:55.606Z [2;36m[2026-09-15 04:21:55][0m [33mWARNING [0m [2m[py.warnings:112, f641d6fce801, rank=0][0m /opt/conda/lib/python3.12/site-packages/olmo_core/nn/pooled_soft_token.py:299: UserWarning: called a synchronizing CUDA operation (Triggered internally at /pytorch/c10/cuda/CUDAFunctions.cpp:162.)
2026-09-15T04:21:55.606Z   soft_docs=torch.tensor(soft_docs, dtype=torch.long, device=device),
2026-09-15T04:21:55.606Z 
2026-09-15T04:21:55.606Z [2;36m[2026-09-15 04:21:55][0m [33mWARNING [0m [2m[py.warnings:112, f641d6fce801, rank=0][0m /opt/conda/lib/python3.12/site-packages/olmo_core/nn/pooled_soft_token.py:301: UserWarning: called a synchronizing CUDA operation (Triggered internally at /pytorch/c10/cuda/CUDAFunctions.cpp:162.)
2026-09-15T04:21:55.606Z   soft_log_len=torch.tensor(soft_log_len, dtype=torch.float32, device=device),
2026-09-15T04:21:55.606Z 
2026-09-15T04:21:55.607Z [2;36m[2026-09-15 04:21:55][0m [33mWARNING [0m [2m[py.warnings:112, f641d6fce801, rank=0][0m /opt/conda/lib/python3.12/site-packages/olmo_core/nn/transformer/model.py:1502: UserWarning: called a synchronizing CUDA operation (Triggered internally at /pytorch/c10/cuda/CUDAFunctions.cpp:162.)
2026-09-15T04:21:55.607Z   kv_grad_mask[cb.soft_rows, cb.soft_cols] = False
2026-09-15T04:21:55.607Z 
2026-09-15T04:21:55.751Z [2;36m[2026-09-15 04:21:55][0m [33mWARNING [0m [2m[py.warnings:112, f641d6fce801, rank=0][0m /opt/conda/lib/python3.12/site-packages/liger_kernel/ops/fused_linear_cross_entropy.py:75: UserWarning: called a synchronizing CUDA operation (Triggered internally at /pytorch/c10/cuda/CUDAFunctions.cpp:162.)
2026-09-15T04:21:55.751Z   total_n_non_ignore = target_mask.sum().item()
2026-09-15T04:21:55.751Z 
2026-09-15T04:21:56.666Z [2;36m[2026-09-15 04:21:56][0m [33mWARNING [0m [2m[py.warnings:112, f641d6fce801, rank=0][0m /opt/conda/lib/python3.12/site-packages/liger_kernel/ops/fused_linear_cross_entropy.py:233: UserWarning: called a synchronizing CUDA operation (Triggered internally at /pytorch/c10/cuda/CUDAFunctions.cpp:162.)
2026-09-15T04:21:56.666Z   if not torch.equal(grad_output, torch.tensor(1.0, device=grad_output.device)):
2026-09-15T04:21:56.666Z 
2026-09-15T04:22:01.150Z [2;36m[2026-09-15 04:22:01][0m [33mWARNING [0m [2m[py.warnings:112, f641d6fce801, rank=0][0m /opt/conda/lib/python3.12/site-packages/torch/autograd/graph.py:841: UserWarning: called a synchronizing CUDA operation (Triggered internally at /pytorch/c10/cuda/CUDAFunctions.cpp:162.)
2026-09-15T04:22:01.150Z   return Variable._execution_engine.run_backward(  # Calls into the C++ engine to run the backward pass
2026-09-15T04:22:01.150Z 
2026-09-15T04:22:01.152Z [2;36m[2026-09-15 04:22:01][0m [33mWARNING [0m [2m[py.warnings:112, f641d6fce801, rank=0][0m /opt/conda/lib/python3.12/site-packages/torch/distributed/utils.py:106: UserWarning: called a synchronizing CUDA operation (Triggered internally at /pytorch/c10/cuda/CUDAFunctions.cpp:162.)
2026-09-15T04:22:01.152Z   return (obj.to(target_device),)
2026-09-15T04:22:01.152Z 
2026-09-15T04:22:01.162Z [2;36m[2026-09-15 04:22:01][0m [33mWARNING [0m [2m[py.warnings:112, f641d6fce801, rank=0][0m /opt/conda/lib/python3.12/site-packages/olmo_core/nn/transformer/model.py:777: UserWarning: called a synchronizing CUDA operation (Triggered internally at /pytorch/c10/cuda/CUDAFunctions.cpp:162.)
2026-09-15T04:22:01.162Z   n_docs = int(chunk_ids.max().item()) + 1
2026-09-15T04:22:01.162Z 
2026-09-15T04:22:01.171Z [2;36m[2026-09-15 04:22:01][0m [33mWARNING [0m [2m[py.warnings:112, f641d6fce801, rank=0][0m /opt/conda/lib/python3.12/site-packages/olmo_core/nn/transformer/model.py:834: UserWarning: called a synchronizing CUDA operation (Triggered internally at /pytorch/c10/cuda/CUDAFunctions.cpp:162.)
2026-09-15T04:22:01.171Z   flat = (torch.arange(B, device=emb.device)[:, None] * n_docs + cid.clamp(min=0)).reshape(
2026-09-15T04:22:01.171Z 
2026-09-15T04:22:01.172Z [2;36m[2026-09-15 04:22:01][0m [33mWARNING [0m [2m[py.warnings:112, f641d6fce801, rank=0][0m /opt/conda/lib/python3.12/site-packages/olmo_core/nn/transformer/model.py:838: UserWarning: called a synchronizing CUDA operation (Triggered internally at /pytorch/c10/cuda/CUDAFunctions.cpp:162.)
2026-09-15T04:22:01.172Z   0, flat, emb.reshape(B * T, D)[is_ctx.reshape(-1)]
2026-09-15T04:22:01.172Z 
2026-09-15T04:22:01.180Z [2;36m[2026-09-15 04:22:01][0m [33mWARNING [0m [2m[py.warnings:112, f641d6fce801, rank=0][0m /opt/conda/lib/python3.12/site-packages/olmo_core/nn/pooled_soft_token.py:173: UserWarning: called a synchronizing CUDA operation (Triggered internally at /pytorch/c10/cuda/CUDAFunctions.cpp:162.)
2026-09-15T04:22:01.180Z   kept_idx = kept_tok.nonzero(as_tuple=True)[0]
2026-09-15T04:22:01.180Z 
2026-09-15T04:22:01.180Z [2;36m[2026-09-15 04:22:01][0m [33mWARNING [0m [2m[py.warnings:112, f641d6fce801, rank=0][0m /opt/conda/lib/python3.12/site-packages/olmo_core/nn/pooled_soft_token.py:179: UserWarning: called a synchronizing CUDA operation (Triggered internally at /pytorch/c10/cuda/CUDAFunctions.cpp:162.)
2026-09-15T04:22:01.180Z   if is_ctx.any():
2026-09-15T04:22:01.180Z 
2026-09-15T04:22:01.181Z [2;36m[2026-09-15 04:22:01][0m [33mWARNING [0m [2m[py.warnings:112, f641d6fce801, rank=0][0m /opt/conda/lib/python3.12/site-packages/olmo_core/nn/pooled_soft_token.py:180: UserWarning: called a synchronizing CUDA operation (Triggered internally at /pytorch/c10/cuda/CUDAFunctions.cpp:162.)
2026-09-15T04:22:01.181Z   d_ix = c[is_ctx]
2026-09-15T04:22:01.181Z 
2026-09-15T04:22:01.181Z [2;36m[2026-09-15 04:22:01][0m [33mWARNING [0m [2m[py.warnings:112, f641d6fce801, rank=0][0m /opt/conda/lib/python3.12/site-packages/olmo_core/nn/pooled_soft_token.py:181: UserWarning: called a synchronizing CUDA operation (Triggered internally at /pytorch/c10/cuda/CUDAFunctions.cpp:162.)
2026-09-15T04:22:01.181Z   pos_ix = is_ctx.nonzero(as_tuple=True)[0]
2026-09-15T04:22:01.181Z 
2026-09-15T04:22:01.182Z [2;36m[2026-09-15 04:22:01][0m [33mWARNING [0m [2m[py.warnings:112, f641d6fce801, rank=0][0m /opt/conda/lib/python3.12/site-packages/olmo_core/nn/pooled_soft_token.py:186: UserWarning: called a synchronizing CUDA operation (Triggered internally at /pytorch/c10/cuda/CUDAFunctions.cpp:162.)
2026-09-15T04:22:01.182Z   pooled_docs = pooled.nonzero(as_tuple=True)[0]
2026-09-15T04:22:01.182Z 
2026-09-15T04:22:01.183Z [2;36m[2026-09-15 04:22:01][0m [33mWARNING [0m [2m[py.warnings:112, f641d6fce801, rank=0][0m /opt/conda/lib/python3.12/site-packages/olmo_core/nn/pooled_soft_token.py:217: UserWarning: called a synchronizing CUDA operation (Triggered internally at /pytorch/c10/cuda/CUDAFunctions.cpp:162.)
2026-09-15T04:22:01.183Z   doc_len = torch.bincount(c[is_ctx], minlength=n_docs) if is_ctx.any() else torch.zeros(n_docs, dtype=torch.long, device=device)
2026-09-15T04:22:01.183Z 
2026-09-15T04:22:01.183Z [2;36m[2026-09-15 04:22:01][0m [33mWARNING [0m [2m[py.warnings:112, f641d6fce801, rank=0][0m /opt/conda/lib/python3.12/site-packages/olmo_core/nn/pooled_soft_token.py:222: UserWarning: called a synchronizing CUDA operation (Triggered internally at /pytorch/c10/cuda/CUDAFunctions.cpp:162.)
2026-09-15T04:22:01.183Z   soft_cols_b = soft_mask.nonzero(as_tuple=True)[0]
2026-09-15T04:22:01.184Z 
2026-09-15T04:22:01.184Z [2;36m[2026-09-15 04:22:01][0m [33mWARNING [0m [2m[py.warnings:112, f641d6fce801, rank=0][0m /opt/conda/lib/python3.12/site-packages/olmo_core/nn/pooled_soft_token.py:226: UserWarning: called a synchronizing CUDA operation (Triggered internally at /pytorch/c10/cuda/CUDAFunctions.cpp:162.)
2026-09-15T04:22:01.184Z   cols_l = soft_cols_b.tolist()
2026-09-15T04:22:01.184Z 
2026-09-15T04:22:01.184Z [2;36m[2026-09-15 04:22:01][0m [33mWARNING [0m [2m[py.warnings:112, f641d6fce801, rank=0][0m /opt/conda/lib/python3.12/site-packages/olmo_core/nn/pooled_soft_token.py:229: UserWarning: called a synchronizing CUDA operation (Triggered internally at /pytorch/c10/cuda/CUDAFunctions.cpp:162.)
2026-09-15T04:22:01.184Z   soft_docs += docs_b.tolist()
2026-09-15T04:22:01.184Z 
2026-09-15T04:22:01.185Z [2;36m[2026-09-15 04:22:01][0m [33mWARNING [0m [2m[py.warnings:112, f641d6fce801, rank=0][0m /opt/conda/lib/python3.12/site-packages/olmo_core/nn/pooled_soft_token.py:230: UserWarning: called a synchronizing CUDA operation (Triggered internally at /pytorch/c10/cuda/CUDAFunctions.cpp:162.)
2026-09-15T04:22:01.185Z   soft_log_len += lens_b.tolist()
2026-09-15T04:22:01.185Z 
2026-09-15T04:22:01.187Z [2;36m[2026-09-15 04:22:01][0m [33mWARNING [0m [2m[py.warnings:112, f641d6fce801, rank=0][0m /opt/conda/lib/python3.12/site-packages/olmo_core/nn/pooled_soft_token.py:280: UserWarning: called a synchronizing CUDA operation (Triggered internally at /pytorch/c10/cuda/CUDAFunctions.cpp:162.)
2026-09-15T04:22:01.187Z   row_lens[b] = L
2026-09-15T04:22:01.187Z 
2026-09-15T04:22:01.187Z [2;36m[2026-09-15 04:22:01][0m [33mWARNING [0m [2m[py.warnings:112, f641d6fce801, rank=0][0m /opt/conda/lib/python3.12/site-packages/olmo_core/nn/pooled_soft_token.py:297: UserWarning: called a synchronizing CUDA operation (Triggered internally at /pytorch/c10/cuda/CUDAFunctions.cpp:162.)
2026-09-15T04:22:01.187Z   soft_rows=torch.tensor(soft_rows, dtype=torch.long, device=device),
2026-09-15T04:22:01.188Z 
2026-09-15T04:22:01.188Z [2;36m[2026-09-15 04:22:01][0m [33mWARNING [0m [2m[py.warnings:112, f641d6fce801, rank=0][0m /opt/conda/lib/python3.12/site-packages/olmo_core/nn/pooled_soft_token.py:298: UserWarning: called a synchronizing CUDA operation (Triggered internally at /pytorch/c10/cuda/CUDAFunctions.cpp:162.)
2026-09-15T04:22:01.188Z   soft_cols=torch.tensor(soft_cols, dtype=torch.long, device=device),
2026-09-15T04:22:01.188Z 
2026-09-15T04:22:01.188Z [2;36m[2026-09-15 04:22:01][0m [33mWARNING [0m [2m[py.warnings:112, f641d6fce801, rank=0][0m /opt/conda/lib/python3.12/site-packages/olmo_core/nn/pooled_soft_token.py:299: UserWarning: called a synchronizing CUDA operation (Triggered internally at /pytorch/c10/cuda/CUDAFunctions.cpp:162.)
2026-09-15T04:22:01.188Z   soft_docs=torch.tensor(soft_docs, dtype=torch.long, device=device),
2026-09-15T04:22:01.188Z 
2026-09-15T04:22:01.189Z [2;36m[2026-09-15 04:22:01][0m [33mWARNING [0m [2m[py.warnings:112, f641d6fce801, rank=0][0m /opt/conda/lib/python3.12/site-packages/olmo_core/nn/pooled_soft_token.py:301: UserWarning: called a synchronizing CUDA operation (Triggered internally at /pytorch/c10/cuda/CUDAFunctions.cpp:162.)
2026-09-15T04:22:01.189Z   soft_log_len=torch.tensor(soft_log_len, dtype=torch.float32, device=device),
2026-09-15T04:22:01.189Z 
2026-09-15T04:22:01.189Z [2;36m[2026-09-15 04:22:01][0m [33mWARNING [0m [2m[py.warnings:112, f641d6fce801, rank=0][0m /opt/conda/lib/python3.12/site-packages/olmo_core/nn/transformer/model.py:1502: UserWarning: called a synchronizing CUDA operation (Triggered internally at /pytorch/c10/cuda/CUDAFunctions.cpp:162.)
2026-09-15T04:22:01.189Z   kv_grad_mask[cb.soft_rows, cb.soft_cols] = False
2026-09-15T04:22:01.189Z 
2026-09-15T04:22:01.336Z [2;36m[2026-09-15 04:22:01][0m [33mWARNING [0m [2m[py.warnings:112, f641d6fce801, rank=0][0m /opt/conda/lib/python3.12/site-packages/liger_kernel/ops/fused_linear_cross_entropy.py:75: UserWarning: called a synchronizing CUDA operation (Triggered internally at /pytorch/c10/cuda/CUDAFunctions.cpp:162.)
2026-09-15T04:22:01.336Z   total_n_non_ignore = target_mask.sum().item()
2026-09-15T04:22:01.336Z 
2026-09-15T04:22:02.260Z [2;36m[2026-09-15 04:22:02][0m [33mWARNING [0m [2m[py.warnings:112, f641d6fce801, rank=0][0m /opt/conda/lib/python3.12/site-packages/liger_kernel/ops/fused_linear_cross_entropy.py:233: UserWarning: called a synchronizing CUDA operation (Triggered internally at /pytorch/c10/cuda/CUDAFunctions.cpp:162.)
2026-09-15T04:22:02.260Z   if not torch.equal(grad_output, torch.tensor(1.0, device=grad_output.device)):
2026-09-15T04:22:02.260Z 
2026-09-15T04:22:06.583Z [2;36m[2026-09-15 04:22:06][0m [34mINFO    [0m [2m[olmo_core.train.callbacks.console_logger:68, f641d6fce801, rank=0][0m [step=9/61,epoch=1,eta=15m]
2026-09-15T04:22:06.583Z     gpu_memory/GPU active mem (%)=75.57
2026-09-15T04:22:06.583Z     gpu_memory/GPU active mem (GiB)=59.89
2026-09-15T04:22:06.583Z     gpu_memory/GPU reserved mem (%)=80.90
2026-09-15T04:22:06.583Z     gpu_memory/GPU reserved mem (GiB)=64.12
2026-09-15T04:22:06.583Z     optim/LR (group 0)=4.41E-06
2026-09-15T04:22:06.583Z     optim/LR (group 1)=4.41E-06
2026-09-15T04:22:06.583Z     optim/step skipped=0.0
2026-09-15T04:22:06.583Z     optim/total grad norm=5.762
2026-09-15T04:22:06.583Z     throughput/chinchilla multiple=1.40E-05
2026-09-15T04:22:06.583Z     throughput/device/BPS=0.0908
2026-09-15T04:22:06.583Z     throughput/device/BPS (actual avg)=0.0570
2026-09-15T04:22:06.583Z     throughput/device/MFU=43.69
2026-09-15T04:22:06.583Z     throughput/device/MFU (actual avg)=27.39
2026-09-15T04:22:06.583Z     throughput/device/TPS=5,953
2026-09-15T04:22:06.583Z     throughput/device/TPS (actual avg)=3,732
2026-09-15T04:22:06.583Z     throughput/device/flopsPS=136.3T
2026-09-15T04:22:06.583Z     throughput/device/flopsPS (actual avg)=85.47T
2026-09-15T04:22:06.583Z     throughput/total petaflops=27.01
2026-09-15T04:22:06.583Z     throughput/total tokens=1,179,648
2026-09-15T04:22:06.583Z     train/CE loss=0.4630
2026-09-15T04:22:06.583Z     throughput/device/data loading (%)=0.0207
2026-09-15T04:22:06.583Z     throughput/device/data loading (s)=0.0023
2026-09-15T04:22:06.583Z     train/PPL=1.589
2026-09-15T04:22:16.788Z [2;36m[2026-09-15 04:22:16][0m [34mINFO    [0m [2m[olmo_core.train.callbacks.console_logger:68, f641d6fce801, rank=0][0m [step=10/61,epoch=1,eta=14m]
2026-09-15T04:22:16.788Z     gpu_memory/GPU active mem (%)=75.57
2026-09-15T04:22:16.788Z     gpu_memory/GPU active mem (GiB)=59.89
2026-09-15T04:22:16.788Z     gpu_memory/GPU reserved mem (%)=80.90
2026-09-15T04:22:16.788Z     gpu_memory/GPU reserved mem (GiB)=64.12
2026-09-15T04:22:16.788Z     optim/LR (group 0)=4.32E-06
2026-09-15T04:22:16.788Z     optim/LR (group 1)=4.32E-06
2026-09-15T04:22:16.788Z     optim/step skipped=0.0
2026-09-15T04:22:16.788Z     optim/total grad norm=2.859
2026-09-15T04:22:16.788Z     throughput/chinchilla multiple=1.56E-05
2026-09-15T04:22:16.788Z     throughput/device/BPS=0.0980
2026-09-15T04:22:16.788Z     throughput/device/BPS (actual avg)=0.0597
2026-09-15T04:22:16.788Z     throughput/device/MFU=47.12
2026-09-15T04:22:16.788Z     throughput/device/MFU (actual avg)=28.73
2026-09-15T04:22:16.788Z     throughput/device/TPS=6,420
2026-09-15T04:22:16.788Z     throughput/device/TPS (actual avg)=3,914
2026-09-15T04:22:16.788Z     throughput/device/flopsPS=147.0T
2026-09-15T04:22:16.788Z     throughput/device/flopsPS (actual avg)=89.64T
2026-09-15T04:22:16.788Z     throughput/total petaflops=30.01
2026-09-15T04:22:16.788Z     throughput/total tokens=1,310,720
2026-09-15T04:22:16.788Z     train/CE loss=0.4351
2026-09-15T04:22:16.788Z     throughput/device/data loading (%)=0.0211
2026-09-15T04:22:16.788Z     throughput/device/data loading (s)=0.0022
2026-09-15T04:22:16.788Z     train/PPL=1.545
2026-09-15T04:22:33.114Z [2;36m[2026-09-15 04:22:33][0m [33mWARNING [0m [2m[py.warnings:112, f641d6fce801, rank=1][0m /opt/conda/lib/python3.12/site-packages/liger_kernel/ops/fused_linear_cross_entropy.py:75: UserWarning: called a synchronizing CUDA operation (Triggered internally at /pytorch/c10/cuda/CUDAFunctions.cpp:162.)
2026-09-15T04:22:33.114Z   total_n_non_ignore = target_mask.sum().item()
2026-09-15T04:22:33.115Z 
2026-09-15T04:22:33.826Z [2;36m[2026-09-15 04:22:33][0m [33mWARNING [0m [2m[py.warnings:112, f641d6fce801, rank=1][0m /opt/conda/lib/python3.12/site-packages/liger_kernel/ops/fused_linear_cross_entropy.py:233: UserWarning: called a synchronizing CUDA operation (Triggered internally at /pytorch/c10/cuda/CUDAFunctions.cpp:162.)
2026-09-15T04:22:33.826Z   if not torch.equal(grad_output, torch.tensor(1.0, device=grad_output.device)):
2026-09-15T04:22:33.826Z 
2026-09-15T04:22:48.526Z [2;36m[2026-09-15 04:22:48][0m [33mWARNING [0m [2m[py.warnings:112, f641d6fce801, rank=1][0m /opt/conda/lib/python3.12/site-packages/torch/autograd/graph.py:841: UserWarning: called a synchronizing CUDA operation (Triggered internally at /pytorch/c10/cuda/CUDAFunctions.cpp:162.)
2026-09-15T04:22:48.526Z   return Variable._execution_engine.run_backward(  # Calls into the C++ engine to run the backward pass
2026-09-15T04:22:48.526Z 
2026-09-15T04:22:48.528Z [2;36m[2026-09-15 04:22:48][0m [33mWARNING [0m [2m[py.warnings:112, f641d6fce801, rank=1][0m /opt/conda/lib/python3.12/site-packages/torch/distributed/utils.py:106: UserWarning: called a synchronizing CUDA operation (Triggered internally at /pytorch/c10/cuda/CUDAFunctions.cpp:162.)
2026-09-15T04:22:48.528Z   return (obj.to(target_device),)
2026-09-15T04:22:48.528Z 
2026-09-15T04:22:48.538Z [2;36m[2026-09-15 04:22:48][0m [33mWARNING [0m [2m[py.warnings:112, f641d6fce801, rank=1][0m /opt/conda/lib/python3.12/site-packages/olmo_core/nn/transformer/model.py:777: UserWarning: called a synchronizing CUDA operation (Triggered internally at /pytorch/c10/cuda/CUDAFunctions.cpp:162.)
2026-09-15T04:22:48.538Z   n_docs = int(chunk_ids.max().item()) + 1
2026-09-15T04:22:48.538Z 
2026-09-15T04:22:48.546Z [2;36m[2026-09-15 04:22:48][0m [33mWARNING [0m [2m[py.warnings:112, f641d6fce801, rank=1][0m /opt/conda/lib/python3.12/site-packages/olmo_core/nn/transformer/model.py:834: UserWarning: called a synchronizing CUDA operation (Triggered internally at /pytorch/c10/cuda/CUDAFunctions.cpp:162.)
2026-09-15T04:22:48.546Z   flat = (torch.arange(B, device=emb.device)[:, None] * n_docs + cid.clamp(min=0)).reshape(
2026-09-15T04:22:48.546Z 
2026-09-15T04:22:48.547Z [2;36m[2026-09-15 04:22:48][0m [33mWARNING [0m [2m[py.warnings:112, f641d6fce801, rank=1][0m /opt/conda/lib/python3.12/site-packages/olmo_core/nn/transformer/model.py:838: UserWarning: called a synchronizing CUDA operation (Triggered internally at /pytorch/c10/cuda/CUDAFunctions.cpp:162.)
2026-09-15T04:22:48.547Z   0, flat, emb.reshape(B * T, D)[is_ctx.reshape(-1)]
2026-09-15T04:22:48.547Z 
2026-09-15T04:22:48.555Z [2;36m[2026-09-15 04:22:48][0m [33mWARNING [0m [2m[py.warnings:112, f641d6fce801, rank=1][0m /opt/conda/lib/python3.12/site-packages/olmo_core/nn/pooled_soft_token.py:173: UserWarning: called a synchronizing CUDA operation (Triggered internally at /pytorch/c10/cuda/CUDAFunctions.cpp:162.)
2026-09-15T04:22:48.555Z   kept_idx = kept_tok.nonzero(as_tuple=True)[0]
2026-09-15T04:22:48.555Z 
2026-09-15T04:22:48.555Z [2;36m[2026-09-15 04:22:48][0m [33mWARNING [0m [2m[py.warnings:112, f641d6fce801, rank=1][0m /opt/conda/lib/python3.12/site-packages/olmo_core/nn/pooled_soft_token.py:179: UserWarning: called a synchronizing CUDA operation (Triggered internally at /pytorch/c10/cuda/CUDAFunctions.cpp:162.)
2026-09-15T04:22:48.555Z   if is_ctx.any():
2026-09-15T04:22:48.555Z 
2026-09-15T04:22:48.556Z [2;36m[2026-09-15 04:22:48][0m [33mWARNING [0m [2m[py.warnings:112, f641d6fce801, rank=1][0m /opt/conda/lib/python3.12/site-packages/olmo_core/nn/pooled_soft_token.py:180: UserWarning: called a synchronizing CUDA operation (Triggered internally at /pytorch/c10/cuda/CUDAFunctions.cpp:162.)
2026-09-15T04:22:48.556Z   d_ix = c[is_ctx]
2026-09-15T04:22:48.556Z 
2026-09-15T04:22:48.556Z [2;36m[2026-09-15 04:22:48][0m [33mWARNING [0m [2m[py.warnings:112, f641d6fce801, rank=1][0m /opt/conda/lib/python3.12/site-packages/olmo_core/nn/pooled_soft_token.py:181: UserWarning: called a synchronizing CUDA operation (Triggered internally at /pytorch/c10/cuda/CUDAFunctions.cpp:162.)
2026-09-15T04:22:48.556Z   pos_ix = is_ctx.nonzero(as_tuple=True)[0]
2026-09-15T04:22:48.556Z 
2026-09-15T04:22:48.556Z [2;36m[2026-09-15 04:22:48][0m [33mWARNING [0m [2m[py.warnings:112, f641d6fce801, rank=1][0m /opt/conda/lib/python3.12/site-packages/olmo_core/nn/pooled_soft_token.py:186: UserWarning: called a synchronizing CUDA operation (Triggered internally at /pytorch/c10/cuda/CUDAFunctions.cpp:162.)
2026-09-15T04:22:48.556Z   pooled_docs = pooled.nonzero(as_tuple=True)[0]
2026-09-15T04:22:48.556Z 
2026-09-15T04:22:48.557Z [2;36m[2026-09-15 04:22:48][0m [33mWARNING [0m [2m[py.warnings:112, f641d6fce801, rank=1][0m /opt/conda/lib/python3.12/site-packages/olmo_core/nn/pooled_soft_token.py:217: UserWarning: called a synchronizing CUDA operation (Triggered internally at /pytorch/c10/cuda/CUDAFunctions.cpp:162.)
2026-09-15T04:22:48.557Z   doc_len = torch.bincount(c[is_ctx], minlength=n_docs) if is_ctx.any() else torch.zeros(n_docs, dtype=torch.long, device=device)
2026-09-15T04:22:48.557Z 
2026-09-15T04:22:48.558Z [2;36m[2026-09-15 04:22:48][0m [33mWARNING [0m [2m[py.warnings:112, f641d6fce801, rank=1][0m /opt/conda/lib/python3.12/site-packages/olmo_core/nn/pooled_soft_token.py:222: UserWarning: called a synchronizing CUDA operation (Triggered internally at /pytorch/c10/cuda/CUDAFunctions.cpp:162.)
2026-09-15T04:22:48.558Z   soft_cols_b = soft_mask.nonzero(as_tuple=True)[0]
2026-09-15T04:22:48.558Z 
2026-09-15T04:22:48.558Z [2;36m[2026-09-15 04:22:48][0m [33mWARNING [0m [2m[py.warnings:112, f641d6fce801, rank=1][0m /opt/conda/lib/python3.12/site-packages/olmo_core/nn/pooled_soft_token.py:226: UserWarning: called a synchronizing CUDA operation (Triggered internally at /pytorch/c10/cuda/CUDAFunctions.cpp:162.)
2026-09-15T04:22:48.558Z   cols_l = soft_cols_b.tolist()
2026-09-15T04:22:48.558Z 
2026-09-15T04:22:48.559Z [2;36m[2026-09-15 04:22:48][0m [33mWARNING [0m [2m[py.warnings:112, f641d6fce801, rank=1][0m /opt/conda/lib/python3.12/site-packages/olmo_core/nn/pooled_soft_token.py:229: UserWarning: called a synchronizing CUDA operation (Triggered internally at /pytorch/c10/cuda/CUDAFunctions.cpp:162.)
2026-09-15T04:22:48.559Z   soft_docs += docs_b.tolist()
2026-09-15T04:22:48.559Z 
2026-09-15T04:22:48.559Z [2;36m[2026-09-15 04:22:48][0m [33mWARNING [0m [2m[py.warnings:112, f641d6fce801, rank=1][0m /opt/conda/lib/python3.12/site-packages/olmo_core/nn/pooled_soft_token.py:230: UserWarning: called a synchronizing CUDA operation (Triggered internally at /pytorch/c10/cuda/CUDAFunctions.cpp:162.)
2026-09-15T04:22:48.559Z   soft_log_len += lens_b.tolist()
2026-09-15T04:22:48.559Z 
2026-09-15T04:22:48.561Z [2;36m[2026-09-15 04:22:48][0m [33mWARNING [0m [2m[py.warnings:112, f641d6fce801, rank=1][0m /opt/conda/lib/python3.12/site-packages/olmo_core/nn/pooled_soft_token.py:280: UserWarning: called a synchronizing CUDA operation (Triggered internally at /pytorch/c10/cuda/CUDAFunctions.cpp:162.)
2026-09-15T04:22:48.561Z   row_lens[b] = L
2026-09-15T04:22:48.561Z 
2026-09-15T04:22:48.561Z [2;36m[2026-09-15 04:22:48][0m [33mWARNING [0m [2m[py.warnings:112, f641d6fce801, rank=1][0m /opt/conda/lib/python3.12/site-packages/olmo_core/nn/pooled_soft_token.py:297: UserWarning: called a synchronizing CUDA operation (Triggered internally at /pytorch/c10/cuda/CUDAFunctions.cpp:162.)
2026-09-15T04:22:48.561Z   soft_rows=torch.tensor(soft_rows, dtype=torch.long, device=device),
2026-09-15T04:22:48.561Z 
2026-09-15T04:22:48.562Z [2;36m[2026-09-15 04:22:48][0m [33mWARNING [0m [2m[py.warnings:112, f641d6fce801, rank=1][0m /opt/conda/lib/python3.12/site-packages/olmo_core/nn/pooled_soft_token.py:298: UserWarning: called a synchronizing CUDA operation (Triggered internally at /pytorch/c10/cuda/CUDAFunctions.cpp:162.)
2026-09-15T04:22:48.562Z   soft_cols=torch.tensor(soft_cols, dtype=torch.long, device=device),
2026-09-15T04:22:48.562Z 
2026-09-15T04:22:48.562Z [2;36m[2026-09-15 04:22:48][0m [33mWARNING [0m [2m[py.warnings:112, f641d6fce801, rank=1][0m /opt/conda/lib/python3.12/site-packages/olmo_core/nn/pooled_soft_token.py:299: UserWarning: called a synchronizing CUDA operation (Triggered internally at /pytorch/c10/cuda/CUDAFunctions.cpp:162.)
2026-09-15T04:22:48.562Z   soft_docs=torch.tensor(soft_docs, dtype=torch.long, device=device),
2026-09-15T04:22:48.562Z 
2026-09-15T04:22:48.562Z [2;36m[2026-09-15 04:22:48][0m [33mWARNING [0m [2m[py.warnings:112, f641d6fce801, rank=1][0m /opt/conda/lib/python3.12/site-packages/olmo_core/nn/pooled_soft_token.py:301: UserWarning: called a synchronizing CUDA operation (Triggered internally at /pytorch/c10/cuda/CUDAFunctions.cpp:162.)
2026-09-15T04:22:48.562Z   soft_log_len=torch.tensor(soft_log_len, dtype=torch.float32, device=device),
2026-09-15T04:22:48.562Z 
2026-09-15T04:22:48.563Z [2;36m[2026-09-15 04:22:48][0m [33mWARNING [0m [2m[py.warnings:112, f641d6fce801, rank=1][0m /opt/conda/lib/python3.12/site-packages/olmo_core/nn/transformer/model.py:1502: UserWarning: called a synchronizing CUDA operation (Triggered internally at /pytorch/c10/cuda/CUDAFunctions.cpp:162.)
2026-09-15T04:22:48.563Z   kv_grad_mask[cb.soft_rows, cb.soft_cols] = False
2026-09-15T04:22:48.563Z 
2026-09-15T04:22:48.707Z [2;36m[2026-09-15 04:22:48][0m [33mWARNING [0m [2m[py.warnings:112, f641d6fce801, rank=1][0m /opt/conda/lib/python3.12/site-packages/liger_kernel/ops/fused_linear_cross_entropy.py:75: UserWarning: called a synchronizing CUDA operation (Triggered internally at /pytorch/c10/cuda/CUDAFunctions.cpp:162.)
2026-09-15T04:22:48.707Z   total_n_non_ignore = target_mask.sum().item()
2026-09-15T04:22:48.707Z 
2026-09-15T04:22:49.477Z [2;36m[2026-09-15 04:22:49][0m [33mWARNING [0m [2m[py.warnings:112, f641d6fce801, rank=1][0m /opt/conda/lib/python3.12/site-packages/liger_kernel/ops/fused_linear_cross_entropy.py:233: UserWarning: called a synchronizing CUDA operation (Triggered internally at /pytorch/c10/cuda/CUDAFunctions.cpp:162.)
2026-09-15T04:22:49.477Z   if not torch.equal(grad_output, torch.tensor(1.0, device=grad_output.device)):
2026-09-15T04:22:49.477Z 
2026-09-15T04:22:53.937Z [2;36m[2026-09-15 04:22:53][0m [34mINFO    [0m [2m[olmo_core.train.callbacks.console_logger:68, f641d6fce801, rank=0][0m [step=11/61,epoch=1,eta=16m]
2026-09-15T04:22:53.937Z     gpu_memory/GPU active mem (%)=75.57
2026-09-15T04:22:53.937Z     gpu_memory/GPU active mem (GiB)=59.89
2026-09-15T04:22:53.937Z     gpu_memory/GPU reserved mem (%)=80.90
2026-09-15T04:22:53.937Z     gpu_memory/GPU reserved mem (GiB)=64.12
2026-09-15T04:22:53.937Z     optim/LR (group 0)=4.24E-06
2026-09-15T04:22:53.937Z     optim/LR (group 1)=4.24E-06
2026-09-15T04:22:53.937Z     optim/step skipped=0.0
2026-09-15T04:22:53.937Z     optim/total grad norm=2.666
2026-09-15T04:22:53.937Z     throughput/chinchilla multiple=1.71E-05
2026-09-15T04:22:53.937Z     throughput/device/BPS=0.0269
2026-09-15T04:22:53.937Z     throughput/device/BPS (actual avg)=0.0532
2026-09-15T04:22:53.937Z     throughput/device/MFU=12.95
2026-09-15T04:22:53.937Z     throughput/device/MFU (actual avg)=25.61
2026-09-15T04:22:53.937Z     throughput/device/TPS=1,764
2026-09-15T04:22:53.937Z     throughput/device/TPS (actual avg)=3,489
2026-09-15T04:22:53.937Z     throughput/device/flopsPS=40.40T
2026-09-15T04:22:53.937Z     throughput/device/flopsPS (actual avg)=79.90T
2026-09-15T04:22:53.937Z     throughput/total petaflops=33.02
2026-09-15T04:22:53.937Z     throughput/total tokens=1,441,792
2026-09-15T04:22:53.937Z     train/CE loss=0.4342
2026-09-15T04:22:53.937Z     throughput/device/data loading (%)=0.0045
2026-09-15T04:22:53.937Z     throughput/device/data loading (s)=0.0017
2026-09-15T04:22:53.937Z     train/PPL=1.544
2026-09-15T04:22:55.442Z [2;36m[2026-09-15 04:22:55][0m [33mWARNING [0m [2m[py.warnings:112, f641d6fce801, rank=0][0m /opt/conda/lib/python3.12/site-packages/torch/autograd/graph.py:841: UserWarning: called a synchronizing CUDA operation (Triggered internally at /pytorch/c10/cuda/CUDAFunctions.cpp:162.)
2026-09-15T04:22:55.442Z   return Variable._execution_engine.run_backward(  # Calls into the C++ engine to run the backward pass
2026-09-15T04:22:55.442Z 
2026-09-15T04:22:55.444Z [2;36m[2026-09-15 04:22:55][0m [33mWARNING [0m [2m[py.warnings:112, f641d6fce801, rank=0][0m /opt/conda/lib/python3.12/site-packages/torch/distributed/utils.py:106: UserWarning: called a synchronizing CUDA operation (Triggered internally at /pytorch/c10/cuda/CUDAFunctions.cpp:162.)
2026-09-15T04:22:55.444Z   return (obj.to(target_device),)
2026-09-15T04:22:55.444Z 
2026-09-15T04:22:55.452Z [2;36m[2026-09-15 04:22:55][0m [33mWARNING [0m [2m[py.warnings:112, f641d6fce801, rank=0][0m /opt/conda/lib/python3.12/site-packages/olmo_core/nn/transformer/model.py:777: UserWarning: called a synchronizing CUDA operation (Triggered internally at /pytorch/c10/cuda/CUDAFunctions.cpp:162.)
2026-09-15T04:22:55.452Z   n_docs = int(chunk_ids.max().item()) + 1
2026-09-15T04:22:55.452Z 
2026-09-15T04:22:55.461Z [2;36m[2026-09-15 04:22:55][0m [33mWARNING [0m [2m[py.warnings:112, f641d6fce801, rank=0][0m /opt/conda/lib/python3.12/site-packages/olmo_core/nn/transformer/model.py:834: UserWarning: called a synchronizing CUDA operation (Triggered internally at /pytorch/c10/cuda/CUDAFunctions.cpp:162.)
2026-09-15T04:22:55.461Z   flat = (torch.arange(B, device=emb.device)[:, None] * n_docs + cid.clamp(min=0)).reshape(
2026-09-15T04:22:55.461Z 
2026-09-15T04:22:55.462Z [2;36m[2026-09-15 04:22:55][0m [33mWARNING [0m [2m[py.warnings:112, f641d6fce801, rank=0][0m /opt/conda/lib/python3.12/site-packages/olmo_core/nn/transformer/model.py:838: UserWarning: called a synchronizing CUDA operation (Triggered internally at /pytorch/c10/cuda/CUDAFunctions.cpp:162.)
2026-09-15T04:22:55.462Z   0, flat, emb.reshape(B * T, D)[is_ctx.reshape(-1)]
2026-09-15T04:22:55.462Z 
2026-09-15T04:22:55.470Z [2;36m[2026-09-15 04:22:55][0m [33mWARNING [0m [2m[py.warnings:112, f641d6fce801, rank=0][0m /opt/conda/lib/python3.12/site-packages/olmo_core/nn/pooled_soft_token.py:173: UserWarning: called a synchronizing CUDA operation (Triggered internally at /pytorch/c10/cuda/CUDAFunctions.cpp:162.)
2026-09-15T04:22:55.470Z   kept_idx = kept_tok.nonzero(as_tuple=True)[0]
2026-09-15T04:22:55.470Z 
2026-09-15T04:22:55.471Z [2;36m[2026-09-15 04:22:55][0m [33mWARNING [0m [2m[py.warnings:112, f641d6fce801, rank=0][0m /opt/conda/lib/python3.12/site-packages/olmo_core/nn/pooled_soft_token.py:179: UserWarning: called a synchronizing CUDA operation (Triggered internally at /pytorch/c10/cuda/CUDAFunctions.cpp:162.)
2026-09-15T04:22:55.471Z   if is_ctx.any():
2026-09-15T04:22:55.471Z 
2026-09-15T04:22:55.471Z [2;36m[2026-09-15 04:22:55][0m [33mWARNING [0m [2m[py.warnings:112, f641d6fce801, rank=0][0m /opt/conda/lib/python3.12/site-packages/olmo_core/nn/pooled_soft_token.py:180: UserWarning: called a synchronizing CUDA operation (Triggered internally at /pytorch/c10/cuda/CUDAFunctions.cpp:162.)
2026-09-15T04:22:55.471Z   d_ix = c[is_ctx]
2026-09-15T04:22:55.471Z 
2026-09-15T04:22:55.472Z [2;36m[2026-09-15 04:22:55][0m [33mWARNING [0m [2m[py.warnings:112, f641d6fce801, rank=0][0m /opt/conda/lib/python3.12/site-packages/olmo_core/nn/pooled_soft_token.py:181: UserWarning: called a synchronizing CUDA operation (Triggered internally at /pytorch/c10/cuda/CUDAFunctions.cpp:162.)
2026-09-15T04:22:55.472Z   pos_ix = is_ctx.nonzero(as_tuple=True)[0]
2026-09-15T04:22:55.472Z 
2026-09-15T04:22:55.472Z [2;36m[2026-09-15 04:22:55][0m [33mWARNING [0m [2m[py.warnings:112, f641d6fce801, rank=0][0m /opt/conda/lib/python3.12/site-packages/olmo_core/nn/pooled_soft_token.py:186: UserWarning: called a synchronizing CUDA operation (Triggered internally at /pytorch/c10/cuda/CUDAFunctions.cpp:162.)
2026-09-15T04:22:55.472Z   pooled_docs = pooled.nonzero(as_tuple=True)[0]
2026-09-15T04:22:55.472Z 
2026-09-15T04:22:55.474Z [2;36m[2026-09-15 04:22:55][0m [33mWARNING [0m [2m[py.warnings:112, f641d6fce801, rank=0][0m /opt/conda/lib/python3.12/site-packages/olmo_core/nn/pooled_soft_token.py:217: UserWarning: called a synchronizing CUDA operation (Triggered internally at /pytorch/c10/cuda/CUDAFunctions.cpp:162.)
2026-09-15T04:22:55.474Z   doc_len = torch.bincount(c[is_ctx], minlength=n_docs) if is_ctx.any() else torch.zeros(n_docs, dtype=torch.long, device=device)
2026-09-15T04:22:55.474Z 
2026-09-15T04:22:55.475Z [2;36m[2026-09-15 04:22:55][0m [33mWARNING [0m [2m[py.warnings:112, f641d6fce801, rank=0][0m /opt/conda/lib/python3.12/site-packages/olmo_core/nn/pooled_soft_token.py:222: UserWarning: called a synchronizing CUDA operation (Triggered internally at /pytorch/c10/cuda/CUDAFunctions.cpp:162.)
2026-09-15T04:22:55.475Z   soft_cols_b = soft_mask.nonzero(as_tuple=True)[0]
2026-09-15T04:22:55.475Z 
2026-09-15T04:22:55.475Z [2;36m[2026-09-15 04:22:55][0m [33mWARNING [0m [2m[py.warnings:112, f641d6fce801, rank=0][0m /opt/conda/lib/python3.12/site-packages/olmo_core/nn/pooled_soft_token.py:226: UserWarning: called a synchronizing CUDA operation (Triggered internally at /pytorch/c10/cuda/CUDAFunctions.cpp:162.)
2026-09-15T04:22:55.476Z   cols_l = soft_cols_b.tolist()
2026-09-15T04:22:55.476Z 
2026-09-15T04:22:55.476Z [2;36m[2026-09-15 04:22:55][0m [33mWARNING [0m [2m[py.warnings:112, f641d6fce801, rank=0][0m /opt/conda/lib/python3.12/site-packages/olmo_core/nn/pooled_soft_token.py:229: UserWarning: called a synchronizing CUDA operation (Triggered internally at /pytorch/c10/cuda/CUDAFunctions.cpp:162.)
2026-09-15T04:22:55.476Z   soft_docs += docs_b.tolist()
2026-09-15T04:22:55.476Z 
2026-09-15T04:22:55.476Z [2;36m[2026-09-15 04:22:55][0m [33mWARNING [0m [2m[py.warnings:112, f641d6fce801, rank=0][0m /opt/conda/lib/python3.12/site-packages/olmo_core/nn/pooled_soft_token.py:230: UserWarning: called a synchronizing CUDA operation (Triggered internally at /pytorch/c10/cuda/CUDAFunctions.cpp:162.)
2026-09-15T04:22:55.476Z   soft_log_len += lens_b.tolist()
2026-09-15T04:22:55.476Z 
2026-09-15T04:22:55.479Z [2;36m[2026-09-15 04:22:55][0m [33mWARNING [0m [2m[py.warnings:112, f641d6fce801, rank=0][0m /opt/conda/lib/python3.12/site-packages/olmo_core/nn/pooled_soft_token.py:280: UserWarning: called a synchronizing CUDA operation (Triggered internally at /pytorch/c10/cuda/CUDAFunctions.cpp:162.)
2026-09-15T04:22:55.479Z   row_lens[b] = L
2026-09-15T04:22:55.479Z 
2026-09-15T04:22:55.479Z [2;36m[2026-09-15 04:22:55][0m [33mWARNING [0m [2m[py.warnings:112, f641d6fce801, rank=0][0m /opt/conda/lib/python3.12/site-packages/olmo_core/nn/pooled_soft_token.py:297: UserWarning: called a synchronizing CUDA operation (Triggered internally at /pytorch/c10/cuda/CUDAFunctions.cpp:162.)
2026-09-15T04:22:55.479Z   soft_rows=torch.tensor(soft_rows, dtype=torch.long, device=device),
2026-09-15T04:22:55.479Z 
2026-09-15T04:22:55.480Z [2;36m[2026-09-15 04:22:55][0m [33mWARNING [0m [2m[py.warnings:112, f641d6fce801, rank=0][0m /opt/conda/lib/python3.12/site-packages/olmo_core/nn/pooled_soft_token.py:298: UserWarning: called a synchronizing CUDA operation (Triggered internally at /pytorch/c10/cuda/CUDAFunctions.cpp:162.)
2026-09-15T04:22:55.480Z   soft_cols=torch.tensor(soft_cols, dtype=torch.long, device=device),
2026-09-15T04:22:55.480Z 
2026-09-15T04:22:55.480Z [2;36m[2026-09-15 04:22:55][0m [33mWARNING [0m [2m[py.warnings:112, f641d6fce801, rank=0][0m /opt/conda/lib/python3.12/site-packages/olmo_core/nn/pooled_soft_token.py:299: UserWarning: called a synchronizing CUDA operation (Triggered internally at /pytorch/c10/cuda/CUDAFunctions.cpp:162.)
2026-09-15T04:22:55.480Z   soft_docs=torch.tensor(soft_docs, dtype=torch.long, device=device),
2026-09-15T04:22:55.480Z 
2026-09-15T04:22:55.481Z [2;36m[2026-09-15 04:22:55][0m [33mWARNING [0m [2m[py.warnings:112, f641d6fce801, rank=0][0m /opt/conda/lib/python3.12/site-packages/olmo_core/nn/pooled_soft_token.py:301: UserWarning: called a synchronizing CUDA operation (Triggered internally at /pytorch/c10/cuda/CUDAFunctions.cpp:162.)
2026-09-15T04:22:55.481Z   soft_log_len=torch.tensor(soft_log_len, dtype=torch.float32, device=device),
2026-09-15T04:22:55.481Z 
2026-09-15T04:22:55.481Z [2;36m[2026-09-15 04:22:55][0m [33mWARNING [0m [2m[py.warnings:112, f641d6fce801, rank=0][0m /opt/conda/lib/python3.12/site-packages/olmo_core/nn/transformer/model.py:1502: UserWarning: called a synchronizing CUDA operation (Triggered internally at /pytorch/c10/cuda/CUDAFunctions.cpp:162.)
2026-09-15T04:22:55.481Z   kv_grad_mask[cb.soft_rows, cb.soft_cols] = False
2026-09-15T04:22:55.481Z 
2026-09-15T04:22:55.625Z [2;36m[2026-09-15 04:22:55][0m [33mWARNING [0m [2m[py.warnings:112, f641d6fce801, rank=0][0m /opt/conda/lib/python3.12/site-packages/liger_kernel/ops/fused_linear_cross_entropy.py:75: UserWarning: called a synchronizing CUDA operation (Triggered internally at /pytorch/c10/cuda/CUDAFunctions.cpp:162.)
2026-09-15T04:22:55.625Z   total_n_non_ignore = target_mask.sum().item()
2026-09-15T04:22:55.625Z 
2026-09-15T04:22:56.435Z [2;36m[2026-09-15 04:22:56][0m [33mWARNING [0m [2m[py.warnings:112, f641d6fce801, rank=0][0m /opt/conda/lib/python3.12/site-packages/liger_kernel/ops/fused_linear_cross_entropy.py:233: UserWarning: called a synchronizing CUDA operation (Triggered internally at /pytorch/c10/cuda/CUDAFunctions.cpp:162.)
2026-09-15T04:22:56.435Z   if not torch.equal(grad_output, torch.tensor(1.0, device=grad_output.device)):
2026-09-15T04:22:56.435Z 
2026-09-15T04:23:03.698Z [2;36m[2026-09-15 04:23:03][0m [33mWARNING [0m [2m[py.warnings:112, f641d6fce801, rank=1][0m /opt/conda/lib/python3.12/site-packages/torch/autograd/graph.py:841: UserWarning: called a synchronizing CUDA operation (Triggered internally at /pytorch/c10/cuda/CUDAFunctions.cpp:162.)
2026-09-15T04:23:03.698Z   return Variable._execution_engine.run_backward(  # Calls into the C++ engine to run the backward pass
2026-09-15T04:23:03.699Z 
2026-09-15T04:23:03.703Z [2;36m[2026-09-15 04:23:03][0m [33mWARNING [0m [2m[py.warnings:112, f641d6fce801, rank=1][0m /opt/conda/lib/python3.12/site-packages/torch/distributed/utils.py:106: UserWarning: called a synchronizing CUDA operation (Triggered internally at /pytorch/c10/cuda/CUDAFunctions.cpp:162.)
2026-09-15T04:23:03.703Z   return (obj.to(target_device),)
2026-09-15T04:23:03.703Z 
2026-09-15T04:23:03.712Z [2;36m[2026-09-15 04:23:03][0m [33mWARNING [0m [2m[py.warnings:112, f641d6fce801, rank=1][0m /opt/conda/lib/python3.12/site-packages/olmo_core/nn/transformer/model.py:777: UserWarning: called a synchronizing CUDA operation (Triggered internally at /pytorch/c10/cuda/CUDAFunctions.cpp:162.)
2026-09-15T04:23:03.712Z   n_docs = int(chunk_ids.max().item()) + 1
2026-09-15T04:23:03.712Z 
2026-09-15T04:23:03.721Z [2;36m[2026-09-15 04:23:03][0m [33mWARNING [0m [2m[py.warnings:112, f641d6fce801, rank=1][0m /opt/conda/lib/python3.12/site-packages/olmo_core/nn/transformer/model.py:834: UserWarning: called a synchronizing CUDA operation (Triggered internally at /pytorch/c10/cuda/CUDAFunctions.cpp:162.)
2026-09-15T04:23:03.721Z   flat = (torch.arange(B, device=emb.device)[:, None] * n_docs + cid.clamp(min=0)).reshape(
2026-09-15T04:23:03.721Z 
2026-09-15T04:23:03.721Z [2;36m[2026-09-15 04:23:03][0m [33mWARNING [0m [2m[py.warnings:112, f641d6fce801, rank=1][0m /opt/conda/lib/python3.12/site-packages/olmo_core/nn/transformer/model.py:838: UserWarning: called a synchronizing CUDA operation (Triggered internally at /pytorch/c10/cuda/CUDAFunctions.cpp:162.)
2026-09-15T04:23:03.721Z   0, flat, emb.reshape(B * T, D)[is_ctx.reshape(-1)]
2026-09-15T04:23:03.721Z 
2026-09-15T04:23:03.729Z [2;36m[2026-09-15 04:23:03][0m [33mWARNING [0m [2m[py.warnings:112, f641d6fce801, rank=1][0m /opt/conda/lib/python3.12/site-packages/olmo_core/nn/pooled_soft_token.py:173: UserWarning: called a synchronizing CUDA operation (Triggered internally at /pytorch/c10/cuda/CUDAFunctions.cpp:162.)
2026-09-15T04:23:03.729Z   kept_idx = kept_tok.nonzero(as_tuple=True)[0]
2026-09-15T04:23:03.729Z 
2026-09-15T04:23:03.729Z [2;36m[2026-09-15 04:23:03][0m [33mWARNING [0m [2m[py.warnings:112, f641d6fce801, rank=1][0m /opt/conda/lib/python3.12/site-packages/olmo_core/nn/pooled_soft_token.py:179: UserWarning: called a synchronizing CUDA operation (Triggered internally at /pytorch/c10/cuda/CUDAFunctions.cpp:162.)
2026-09-15T04:23:03.729Z   if is_ctx.any():
2026-09-15T04:23:03.729Z 
2026-09-15T04:23:03.729Z [2;36m[2026-09-15 04:23:03][0m [33mWARNING [0m [2m[py.warnings:112, f641d6fce801, rank=1][0m /opt/conda/lib/python3.12/site-packages/olmo_core/nn/pooled_soft_token.py:180: UserWarning: called a synchronizing CUDA operation (Triggered internally at /pytorch/c10/cuda/CUDAFunctions.cpp:162.)
2026-09-15T04:23:03.729Z   d_ix = c[is_ctx]
2026-09-15T04:23:03.729Z 
2026-09-15T04:23:03.730Z [2;36m[2026-09-15 04:23:03][0m [33mWARNING [0m [2m[py.warnings:112, f641d6fce801, rank=1][0m /opt/conda/lib/python3.12/site-packages/olmo_core/nn/pooled_soft_token.py:181: UserWarning: called a synchronizing CUDA operation (Triggered internally at /pytorch/c10/cuda/CUDAFunctions.cpp:162.)
2026-09-15T04:23:03.730Z   pos_ix = is_ctx.nonzero(as_tuple=True)[0]
2026-09-15T04:23:03.730Z 
2026-09-15T04:23:03.730Z [2;36m[2026-09-15 04:23:03][0m [33mWARNING [0m [2m[py.warnings:112, f641d6fce801, rank=1][0m /opt/conda/lib/python3.12/site-packages/olmo_core/nn/pooled_soft_token.py:186: UserWarning: called a synchronizing CUDA operation (Triggered internally at /pytorch/c10/cuda/CUDAFunctions.cpp:162.)
2026-09-15T04:23:03.730Z   pooled_docs = pooled.nonzero(as_tuple=True)[0]
2026-09-15T04:23:03.730Z 
2026-09-15T04:23:03.731Z [2;36m[2026-09-15 04:23:03][0m [33mWARNING [0m [2m[py.warnings:112, f641d6fce801, rank=1][0m /opt/conda/lib/python3.12/site-packages/olmo_core/nn/pooled_soft_token.py:217: UserWarning: called a synchronizing CUDA operation (Triggered internally at /pytorch/c10/cuda/CUDAFunctions.cpp:162.)
2026-09-15T04:23:03.731Z   doc_len = torch.bincount(c[is_ctx], minlength=n_docs) if is_ctx.any() else torch.zeros(n_docs, dtype=torch.long, device=device)
2026-09-15T04:23:03.731Z 
2026-09-15T04:23:03.732Z [2;36m[2026-09-15 04:23:03][0m [33mWARNING [0m [2m[py.warnings:112, f641d6fce801, rank=1][0m /opt/conda/lib/python3.12/site-packages/olmo_core/nn/pooled_soft_token.py:222: UserWarning: called a synchronizing CUDA operation (Triggered internally at /pytorch/c10/cuda/CUDAFunctions.cpp:162.)
2026-09-15T04:23:03.732Z   soft_cols_b = soft_mask.nonzero(as_tuple=True)[0]
2026-09-15T04:23:03.732Z 
2026-09-15T04:23:03.732Z [2;36m[2026-09-15 04:23:03][0m [33mWARNING [0m [2m[py.warnings:112, f641d6fce801, rank=1][0m /opt/conda/lib/python3.12/site-packages/olmo_core/nn/pooled_soft_token.py:226: UserWarning: called a synchronizing CUDA operation (Triggered internally at /pytorch/c10/cuda/CUDAFunctions.cpp:162.)
2026-09-15T04:23:03.732Z   cols_l = soft_cols_b.tolist()
2026-09-15T04:23:03.732Z 
2026-09-15T04:23:03.732Z [2;36m[2026-09-15 04:23:03][0m [33mWARNING [0m [2m[py.warnings:112, f641d6fce801, rank=1][0m /opt/conda/lib/python3.12/site-packages/olmo_core/nn/pooled_soft_token.py:229: UserWarning: called a synchronizing CUDA operation (Triggered internally at /pytorch/c10/cuda/CUDAFunctions.cpp:162.)
2026-09-15T04:23:03.732Z   soft_docs += docs_b.tolist()
2026-09-15T04:23:03.732Z 
2026-09-15T04:23:03.733Z [2;36m[2026-09-15 04:23:03][0m [33mWARNING [0m [2m[py.warnings:112, f641d6fce801, rank=1][0m /opt/conda/lib/python3.12/site-packages/olmo_core/nn/pooled_soft_token.py:230: UserWarning: called a synchronizing CUDA operation (Triggered internally at /pytorch/c10/cuda/CUDAFunctions.cpp:162.)
2026-09-15T04:23:03.733Z   soft_log_len += lens_b.tolist()
2026-09-15T04:23:03.733Z 
2026-09-15T04:23:03.734Z [2;36m[2026-09-15 04:23:03][0m [33mWARNING [0m [2m[py.warnings:112, f641d6fce801, rank=1][0m /opt/conda/lib/python3.12/site-packages/olmo_core/nn/pooled_soft_token.py:280: UserWarning: called a synchronizing CUDA operation (Triggered internally at /pytorch/c10/cuda/CUDAFunctions.cpp:162.)
2026-09-15T04:23:03.734Z   row_lens[b] = L
2026-09-15T04:23:03.734Z 
2026-09-15T04:23:03.735Z [2;36m[2026-09-15 04:23:03][0m [33mWARNING [0m [2m[py.warnings:112, f641d6fce801, rank=1][0m /opt/conda/lib/python3.12/site-packages/olmo_core/nn/pooled_soft_token.py:297: UserWarning: called a synchronizing CUDA operation (Triggered internally at /pytorch/c10/cuda/CUDAFunctions.cpp:162.)
2026-09-15T04:23:03.735Z   soft_rows=torch.tensor(soft_rows, dtype=torch.long, device=device),
2026-09-15T04:23:03.735Z 
2026-09-15T04:23:03.735Z [2;36m[2026-09-15 04:23:03][0m [33mWARNING [0m [2m[py.warnings:112, f641d6fce801, rank=1][0m /opt/conda/lib/python3.12/site-packages/olmo_core/nn/pooled_soft_token.py:298: UserWarning: called a synchronizing CUDA operation (Triggered internally at /pytorch/c10/cuda/CUDAFunctions.cpp:162.)
2026-09-15T04:23:03.735Z   soft_cols=torch.tensor(soft_cols, dtype=torch.long, device=device),
2026-09-15T04:23:03.735Z 
2026-09-15T04:23:03.736Z [2;36m[2026-09-15 04:23:03][0m [33mWARNING [0m [2m[py.warnings:112, f641d6fce801, rank=1][0m /opt/conda/lib/python3.12/site-packages/olmo_core/nn/pooled_soft_token.py:299: UserWarning: called a synchronizing CUDA operation (Triggered internally at /pytorch/c10/cuda/CUDAFunctions.cpp:162.)
2026-09-15T04:23:03.736Z   soft_docs=torch.tensor(soft_docs, dtype=torch.long, device=device),
2026-09-15T04:23:03.736Z 
2026-09-15T04:23:03.736Z [2;36m[2026-09-15 04:23:03][0m [33mWARNING [0m [2m[py.warnings:112, f641d6fce801, rank=1][0m /opt/conda/lib/python3.12/site-packages/olmo_core/nn/pooled_soft_token.py:301: UserWarning: called a synchronizing CUDA operation (Triggered internally at /pytorch/c10/cuda/CUDAFunctions.cpp:162.)
2026-09-15T04:23:03.736Z   soft_log_len=torch.tensor(soft_log_len, dtype=torch.float32, device=device),
2026-09-15T04:23:03.736Z 
2026-09-15T04:23:03.736Z [2;36m[2026-09-15 04:23:03][0m [33mWARNING [0m [2m[py.warnings:112, f641d6fce801, rank=1][0m /opt/conda/lib/python3.12/site-packages/olmo_core/nn/transformer/model.py:1502: UserWarning: called a synchronizing CUDA operation (Triggered internally at /pytorch/c10/cuda/CUDAFunctions.cpp:162.)
2026-09-15T04:23:03.736Z   kv_grad_mask[cb.soft_rows, cb.soft_cols] = False
2026-09-15T04:23:03.736Z 
2026-09-15T04:23:03.879Z [2;36m[2026-09-15 04:23:03][0m [33mWARNING [0m [2m[py.warnings:112, f641d6fce801, rank=1][0m /opt/conda/lib/python3.12/site-packages/liger_kernel/ops/fused_linear_cross_entropy.py:75: UserWarning: called a synchronizing CUDA operation (Triggered internally at /pytorch/c10/cuda/CUDAFunctions.cpp:162.)
2026-09-15T04:23:03.879Z   total_n_non_ignore = target_mask.sum().item()
2026-09-15T04:23:03.879Z 
2026-09-15T04:23:04.838Z [2;36m[2026-09-15 04:23:04][0m [33mWARNING [0m [2m[py.warnings:112, f641d6fce801, rank=1][0m /opt/conda/lib/python3.12/site-packages/liger_kernel/ops/fused_linear_cross_entropy.py:233: UserWarning: called a synchronizing CUDA operation (Triggered internally at /pytorch/c10/cuda/CUDAFunctions.cpp:162.)
2026-09-15T04:23:04.838Z   if not torch.equal(grad_output, torch.tensor(1.0, device=grad_output.device)):
2026-09-15T04:23:04.838Z 
2026-09-15T04:23:05.421Z [2;36m[2026-09-15 04:23:05][0m [34mINFO    [0m [2m[olmo_core.train.callbacks.console_logger:68, f641d6fce801, rank=0][0m [step=12/61,epoch=1,eta=15m]
2026-09-15T04:23:05.421Z     gpu_memory/GPU active mem (%)=75.57
2026-09-15T04:23:05.421Z     gpu_memory/GPU active mem (GiB)=59.89
2026-09-15T04:23:05.421Z     gpu_memory/GPU reserved mem (%)=80.90
2026-09-15T04:23:05.421Z     gpu_memory/GPU reserved mem (GiB)=64.12
2026-09-15T04:23:05.421Z     optim/LR (group 0)=4.15E-06
2026-09-15T04:23:05.421Z     optim/LR (group 1)=4.15E-06
2026-09-15T04:23:05.421Z     optim/step skipped=0.0
2026-09-15T04:23:05.421Z     optim/total grad norm=2.580
2026-09-15T04:23:05.421Z     throughput/chinchilla multiple=1.87E-05
2026-09-15T04:23:05.421Z     throughput/device/BPS=0.0871
2026-09-15T04:23:05.421Z     throughput/device/BPS (actual avg)=0.0552
2026-09-15T04:23:05.421Z     throughput/device/MFU=41.89
2026-09-15T04:23:05.421Z     throughput/device/MFU (actual avg)=26.55
2026-09-15T04:23:05.421Z     throughput/device/TPS=5,707
2026-09-15T04:23:05.421Z     throughput/device/TPS (actual avg)=3,617
2026-09-15T04:23:05.421Z     throughput/device/flopsPS=130.7T
2026-09-15T04:23:05.421Z     throughput/device/flopsPS (actual avg)=82.83T
2026-09-15T04:23:05.421Z     throughput/total petaflops=36.02
2026-09-15T04:23:05.421Z     throughput/total tokens=1,572,864
2026-09-15T04:23:05.421Z     train/CE loss=0.4320
2026-09-15T04:23:05.421Z     throughput/device/data loading (%)=0.0149
2026-09-15T04:23:05.421Z     throughput/device/data loading (s)=0.0017
2026-09-15T04:23:05.421Z     train/PPL=1.540
2026-09-15T04:23:16.044Z [2;36m[2026-09-15 04:23:16][0m [34mINFO    [0m [2m[olmo_core.train.callbacks.console_logger:68, f641d6fce801, rank=0][0m [step=13/61,epoch=1,eta=14m]
2026-09-15T04:23:16.044Z     gpu_memory/GPU active mem (%)=75.57
2026-09-15T04:23:16.044Z     gpu_memory/GPU active mem (GiB)=59.89
2026-09-15T04:23:16.044Z     gpu_memory/GPU reserved mem (%)=80.90
2026-09-15T04:23:16.044Z     gpu_memory/GPU reserved mem (GiB)=64.12
2026-09-15T04:23:16.044Z     optim/LR (group 0)=4.07E-06
2026-09-15T04:23:16.044Z     optim/LR (group 1)=4.07E-06
2026-09-15T04:23:16.044Z     optim/step skipped=0.0
2026-09-15T04:23:16.044Z     optim/total grad norm=2.564
2026-09-15T04:23:16.044Z     throughput/chinchilla multiple=2.03E-05
2026-09-15T04:23:16.044Z     throughput/device/BPS=0.0941
2026-09-15T04:23:16.044Z     throughput/device/BPS (actual avg)=0.0572
2026-09-15T04:23:16.044Z     throughput/device/MFU=45.28
2026-09-15T04:23:16.044Z     throughput/device/MFU (actual avg)=27.50
2026-09-15T04:23:16.044Z     throughput/device/TPS=6,169
2026-09-15T04:23:16.044Z     throughput/device/TPS (actual avg)=3,746
2026-09-15T04:23:16.044Z     throughput/device/flopsPS=141.3T
2026-09-15T04:23:16.044Z     throughput/device/flopsPS (actual avg)=85.79T
2026-09-15T04:23:16.044Z     throughput/total petaflops=39.02
2026-09-15T04:23:16.044Z     throughput/total tokens=1,703,936
2026-09-15T04:23:16.044Z     train/CE loss=0.4310
2026-09-15T04:23:16.044Z     throughput/device/data loading (%)=0.0195
2026-09-15T04:23:16.044Z     throughput/device/data loading (s)=0.0021
2026-09-15T04:23:16.044Z     train/PPL=1.539
2026-09-15T04:23:17.400Z [2;36m[2026-09-15 04:23:17][0m [33mWARNING [0m [2m[py.warnings:112, f641d6fce801, rank=1][0m /opt/conda/lib/python3.12/site-packages/torch/autograd/graph.py:841: UserWarning: called a synchronizing CUDA operation (Triggered internally at /pytorch/c10/cuda/CUDAFunctions.cpp:162.)
2026-09-15T04:23:17.400Z   return Variable._execution_engine.run_backward(  # Calls into the C++ engine to run the backward pass
2026-09-15T04:23:17.400Z 
2026-09-15T04:23:17.405Z [2;36m[2026-09-15 04:23:17][0m [33mWARNING [0m [2m[py.warnings:112, f641d6fce801, rank=1][0m /opt/conda/lib/python3.12/site-packages/torch/distributed/utils.py:106: UserWarning: called a synchronizing CUDA operation (Triggered internally at /pytorch/c10/cuda/CUDAFunctions.cpp:162.)
2026-09-15T04:23:17.405Z   return (obj.to(target_device),)
2026-09-15T04:23:17.405Z 
2026-09-15T04:23:17.413Z [2;36m[2026-09-15 04:23:17][0m [33mWARNING [0m [2m[py.warnings:112, f641d6fce801, rank=1][0m /opt/conda/lib/python3.12/site-packages/olmo_core/nn/transformer/model.py:777: UserWarning: called a synchronizing CUDA operation (Triggered internally at /pytorch/c10/cuda/CUDAFunctions.cpp:162.)
2026-09-15T04:23:17.413Z   n_docs = int(chunk_ids.max().item()) + 1
2026-09-15T04:23:17.413Z 
2026-09-15T04:23:17.421Z [2;36m[2026-09-15 04:23:17][0m [33mWARNING [0m [2m[py.warnings:112, f641d6fce801, rank=1][0m /opt/conda/lib/python3.12/site-packages/olmo_core/nn/transformer/model.py:834: UserWarning: called a synchronizing CUDA operation (Triggered internally at /pytorch/c10/cuda/CUDAFunctions.cpp:162.)
2026-09-15T04:23:17.421Z   flat = (torch.arange(B, device=emb.device)[:, None] * n_docs + cid.clamp(min=0)).reshape(
2026-09-15T04:23:17.421Z 
2026-09-15T04:23:17.422Z [2;36m[2026-09-15 04:23:17][0m [33mWARNING [0m [2m[py.warnings:112, f641d6fce801, rank=1][0m /opt/conda/lib/python3.12/site-packages/olmo_core/nn/transformer/model.py:838: UserWarning: called a synchronizing CUDA operation (Triggered internally at /pytorch/c10/cuda/CUDAFunctions.cpp:162.)
2026-09-15T04:23:17.422Z   0, flat, emb.reshape(B * T, D)[is_ctx.reshape(-1)]
2026-09-15T04:23:17.422Z 
2026-09-15T04:23:17.429Z [2;36m[2026-09-15 04:23:17][0m [33mWARNING [0m [2m[py.warnings:112, f641d6fce801, rank=1][0m /opt/conda/lib/python3.12/site-packages/olmo_core/nn/pooled_soft_token.py:173: UserWarning: called a synchronizing CUDA operation (Triggered internally at /pytorch/c10/cuda/CUDAFunctions.cpp:162.)
2026-09-15T04:23:17.429Z   kept_idx = kept_tok.nonzero(as_tuple=True)[0]
2026-09-15T04:23:17.429Z 
2026-09-15T04:23:17.430Z [2;36m[2026-09-15 04:23:17][0m [33mWARNING [0m [2m[py.warnings:112, f641d6fce801, rank=1][0m /opt/conda/lib/python3.12/site-packages/olmo_core/nn/pooled_soft_token.py:179: UserWarning: called a synchronizing CUDA operation (Triggered internally at /pytorch/c10/cuda/CUDAFunctions.cpp:162.)
2026-09-15T04:23:17.430Z   if is_ctx.any():
2026-09-15T04:23:17.430Z 
2026-09-15T04:23:17.430Z [2;36m[2026-09-15 04:23:17][0m [33mWARNING [0m [2m[py.warnings:112, f641d6fce801, rank=1][0m /opt/conda/lib/python3.12/site-packages/olmo_core/nn/pooled_soft_token.py:180: UserWarning: called a synchronizing CUDA operation (Triggered internally at /pytorch/c10/cuda/CUDAFunctions.cpp:162.)
2026-09-15T04:23:17.430Z   d_ix = c[is_ctx]
2026-09-15T04:23:17.430Z 
2026-09-15T04:23:17.431Z [2;36m[2026-09-15 04:23:17][0m [33mWARNING [0m [2m[py.warnings:112, f641d6fce801, rank=1][0m /opt/conda/lib/python3.12/site-packages/olmo_core/nn/pooled_soft_token.py:181: UserWarning: called a synchronizing CUDA operation (Triggered internally at /pytorch/c10/cuda/CUDAFunctions.cpp:162.)
2026-09-15T04:23:17.431Z   pos_ix = is_ctx.nonzero(as_tuple=True)[0]
2026-09-15T04:23:17.431Z 
2026-09-15T04:23:17.431Z [2;36m[2026-09-15 04:23:17][0m [33mWARNING [0m [2m[py.warnings:112, f641d6fce801, rank=1][0m /opt/conda/lib/python3.12/site-packages/olmo_core/nn/pooled_soft_token.py:186: UserWarning: called a synchronizing CUDA operation (Triggered internally at /pytorch/c10/cuda/CUDAFunctions.cpp:162.)
2026-09-15T04:23:17.431Z   pooled_docs = pooled.nonzero(as_tuple=True)[0]
2026-09-15T04:23:17.431Z 
2026-09-15T04:23:17.432Z [2;36m[2026-09-15 04:23:17][0m [33mWARNING [0m [2m[py.warnings:112, f641d6fce801, rank=1][0m /opt/conda/lib/python3.12/site-packages/olmo_core/nn/pooled_soft_token.py:217: UserWarning: called a synchronizing CUDA operation (Triggered internally at /pytorch/c10/cuda/CUDAFunctions.cpp:162.)
2026-09-15T04:23:17.432Z   doc_len = torch.bincount(c[is_ctx], minlength=n_docs) if is_ctx.any() else torch.zeros(n_docs, dtype=torch.long, device=device)
2026-09-15T04:23:17.432Z 
2026-09-15T04:23:17.432Z [2;36m[2026-09-15 04:23:17][0m [33mWARNING [0m [2m[py.warnings:112, f641d6fce801, rank=1][0m /opt/conda/lib/python3.12/site-packages/olmo_core/nn/pooled_soft_token.py:222: UserWarning: called a synchronizing CUDA operation (Triggered internally at /pytorch/c10/cuda/CUDAFunctions.cpp:162.)
2026-09-15T04:23:17.432Z   soft_cols_b = soft_mask.nonzero(as_tuple=True)[0]
2026-09-15T04:23:17.432Z 
2026-09-15T04:23:17.433Z [2;36m[2026-09-15 04:23:17][0m [33mWARNING [0m [2m[py.warnings:112, f641d6fce801, rank=1][0m /opt/conda/lib/python3.12/site-packages/olmo_core/nn/pooled_soft_token.py:226: UserWarning: called a synchronizing CUDA operation (Triggered internally at /pytorch/c10/cuda/CUDAFunctions.cpp:162.)
2026-09-15T04:23:17.433Z   cols_l = soft_cols_b.tolist()
2026-09-15T04:23:17.433Z 
2026-09-15T04:23:17.433Z [2;36m[2026-09-15 04:23:17][0m [33mWARNING [0m [2m[py.warnings:112, f641d6fce801, rank=1][0m /opt/conda/lib/python3.12/site-packages/olmo_core/nn/pooled_soft_token.py:229: UserWarning: called a synchronizing CUDA operation (Triggered internally at /pytorch/c10/cuda/CUDAFunctions.cpp:162.)
2026-09-15T04:23:17.433Z   soft_docs += docs_b.tolist()
2026-09-15T04:23:17.433Z 
2026-09-15T04:23:17.433Z [2;36m[2026-09-15 04:23:17][0m [33mWARNING [0m [2m[py.warnings:112, f641d6fce801, rank=1][0m /opt/conda/lib/python3.12/site-packages/olmo_core/nn/pooled_soft_token.py:230: UserWarning: called a synchronizing CUDA operation (Triggered internally at /pytorch/c10/cuda/CUDAFunctions.cpp:162.)
2026-09-15T04:23:17.433Z   soft_log_len += lens_b.tolist()
2026-09-15T04:23:17.433Z 
2026-09-15T04:23:17.435Z [2;36m[2026-09-15 04:23:17][0m [33mWARNING [0m [2m[py.warnings:112, f641d6fce801, rank=1][0m /opt/conda/lib/python3.12/site-packages/olmo_core/nn/pooled_soft_token.py:280: UserWarning: called a synchronizing CUDA operation (Triggered internally at /pytorch/c10/cuda/CUDAFunctions.cpp:162.)
2026-09-15T04:23:17.435Z   row_lens[b] = L
2026-09-15T04:23:17.435Z 
2026-09-15T04:23:17.436Z [2;36m[2026-09-15 04:23:17][0m [33mWARNING [0m [2m[py.warnings:112, f641d6fce801, rank=1][0m /opt/conda/lib/python3.12/site-packages/olmo_core/nn/pooled_soft_token.py:297: UserWarning: called a synchronizing CUDA operation (Triggered internally at /pytorch/c10/cuda/CUDAFunctions.cpp:162.)
2026-09-15T04:23:17.436Z   soft_rows=torch.tensor(soft_rows, dtype=torch.long, device=device),
2026-09-15T04:23:17.436Z 
2026-09-15T04:23:17.436Z [2;36m[2026-09-15 04:23:17][0m [33mWARNING [0m [2m[py.warnings:112, f641d6fce801, rank=1][0m /opt/conda/lib/python3.12/site-packages/olmo_core/nn/pooled_soft_token.py:298: UserWarning: called a synchronizing CUDA operation (Triggered internally at /pytorch/c10/cuda/CUDAFunctions.cpp:162.)
2026-09-15T04:23:17.436Z   soft_cols=torch.tensor(soft_cols, dtype=torch.long, device=device),
2026-09-15T04:23:17.436Z 
2026-09-15T04:23:17.436Z [2;36m[2026-09-15 04:23:17][0m [33mWARNING [0m [2m[py.warnings:112, f641d6fce801, rank=1][0m /opt/conda/lib/python3.12/site-packages/olmo_core/nn/pooled_soft_token.py:299: UserWarning: called a synchronizing CUDA operation (Triggered internally at /pytorch/c10/cuda/CUDAFunctions.cpp:162.)
2026-09-15T04:23:17.436Z   soft_docs=torch.tensor(soft_docs, dtype=torch.long, device=device),
2026-09-15T04:23:17.436Z 
2026-09-15T04:23:17.437Z [2;36m[2026-09-15 04:23:17][0m [33mWARNING [0m [2m[py.warnings:112, f641d6fce801, rank=1][0m /opt/conda/lib/python3.12/site-packages/olmo_core/nn/pooled_soft_token.py:301: UserWarning: called a synchronizing CUDA operation (Triggered internally at /pytorch/c10/cuda/CUDAFunctions.cpp:162.)
2026-09-15T04:23:17.437Z   soft_log_len=torch.tensor(soft_log_len, dtype=torch.float32, device=device),
2026-09-15T04:23:17.437Z 
2026-09-15T04:23:17.437Z [2;36m[2026-09-15 04:23:17][0m [33mWARNING [0m [2m[py.warnings:112, f641d6fce801, rank=1][0m /opt/conda/lib/python3.12/site-packages/olmo_core/nn/transformer/model.py:1502: UserWarning: called a synchronizing CUDA operation (Triggered internally at /pytorch/c10/cuda/CUDAFunctions.cpp:162.)
2026-09-15T04:23:17.437Z   kv_grad_mask[cb.soft_rows, cb.soft_cols] = False
2026-09-15T04:23:17.437Z 
2026-09-15T04:23:17.579Z [2;36m[2026-09-15 04:23:17][0m [33mWARNING [0m [2m[py.warnings:112, f641d6fce801, rank=1][0m /opt/conda/lib/python3.12/site-packages/liger_kernel/ops/fused_linear_cross_entropy.py:75: UserWarning: called a synchronizing CUDA operation (Triggered internally at /pytorch/c10/cuda/CUDAFunctions.cpp:162.)
2026-09-15T04:23:17.579Z   total_n_non_ignore = target_mask.sum().item()
2026-09-15T04:23:17.579Z 
2026-09-15T04:23:18.369Z [2;36m[2026-09-15 04:23:18][0m [33mWARNING [0m [2m[py.warnings:112, f641d6fce801, rank=1][0m /opt/conda/lib/python3.12/site-packages/liger_kernel/ops/fused_linear_cross_entropy.py:233: UserWarning: called a synchronizing CUDA operation (Triggered internally at /pytorch/c10/cuda/CUDAFunctions.cpp:162.)
2026-09-15T04:23:18.369Z   if not torch.equal(grad_output, torch.tensor(1.0, device=grad_output.device)):
2026-09-15T04:23:18.369Z 
2026-09-15T04:23:27.233Z [2;36m[2026-09-15 04:23:27][0m [34mINFO    [0m [2m[olmo_core.train.callbacks.console_logger:68, f641d6fce801, rank=0][0m [step=14/61,epoch=1,eta=14m]
2026-09-15T04:23:27.233Z     gpu_memory/GPU active mem (%)=75.57
2026-09-15T04:23:27.233Z     gpu_memory/GPU active mem (GiB)=59.89
2026-09-15T04:23:27.233Z     gpu_memory/GPU reserved mem (%)=80.90
2026-09-15T04:23:27.233Z     gpu_memory/GPU reserved mem (GiB)=64.12
2026-09-15T04:23:27.233Z     optim/LR (group 0)=3.98E-06
2026-09-15T04:23:27.233Z     optim/LR (group 1)=3.98E-06
2026-09-15T04:23:27.233Z     optim/step skipped=0.0
2026-09-15T04:23:27.233Z     optim/total grad norm=2.488
2026-09-15T04:23:27.233Z     throughput/chinchilla multiple=2.18E-05
2026-09-15T04:23:27.233Z     throughput/device/BPS=0.0894
2026-09-15T04:23:27.233Z     throughput/device/BPS (actual avg)=0.0588
2026-09-15T04:23:27.233Z     throughput/device/MFU=42.98
2026-09-15T04:23:27.233Z     throughput/device/MFU (actual avg)=28.28
2026-09-15T04:23:27.233Z     throughput/device/TPS=5,856
2026-09-15T04:23:27.233Z     throughput/device/TPS (actual avg)=3,853
2026-09-15T04:23:27.234Z     throughput/device/flopsPS=134.1T
2026-09-15T04:23:27.234Z     throughput/device/flopsPS (actual avg)=88.23T
2026-09-15T04:23:27.234Z     throughput/total petaflops=42.02
2026-09-15T04:23:27.234Z     throughput/total tokens=1,835,008
2026-09-15T04:23:27.234Z     train/CE loss=0.4261
2026-09-15T04:23:27.234Z     throughput/device/data loading (%)=0.0169
2026-09-15T04:23:27.234Z     throughput/device/data loading (s)=0.0019
2026-09-15T04:23:27.234Z     train/PPL=1.531
2026-09-15T04:23:37.981Z [2;36m[2026-09-15 04:23:37][0m [34mINFO    [0m [2m[olmo_core.train.callbacks.console_logger:68, f641d6fce801, rank=0][0m [step=15/61,epoch=1,eta=13m]
2026-09-15T04:23:37.981Z     gpu_memory/GPU active mem (%)=75.57
2026-09-15T04:23:37.981Z     gpu_memory/GPU active mem (GiB)=59.89
2026-09-15T04:23:37.981Z     gpu_memory/GPU reserved mem (%)=80.90
2026-09-15T04:23:37.981Z     gpu_memory/GPU reserved mem (GiB)=64.12
2026-09-15T04:23:37.981Z     optim/LR (group 0)=3.90E-06
2026-09-15T04:23:37.981Z     optim/LR (group 1)=3.90E-06
2026-09-15T04:23:37.981Z     optim/step skipped=0.0
2026-09-15T04:23:37.981Z     optim/total grad norm=3.266
2026-09-15T04:23:37.981Z     throughput/chinchilla multiple=2.34E-05
2026-09-15T04:23:37.981Z     throughput/device/BPS=0.0930
2026-09-15T04:23:37.981Z     throughput/device/BPS (actual avg)=0.0604
2026-09-15T04:23:37.981Z     throughput/device/MFU=44.75
2026-09-15T04:23:37.981Z     throughput/device/MFU (actual avg)=29.04
2026-09-15T04:23:37.981Z     throughput/device/TPS=6,097
2026-09-15T04:23:37.981Z     throughput/device/TPS (actual avg)=3,957
2026-09-15T04:23:37.981Z     throughput/device/flopsPS=139.6T
2026-09-15T04:23:37.981Z     throughput/device/flopsPS (actual avg)=90.61T
2026-09-15T04:23:37.981Z     throughput/total petaflops=45.02
2026-09-15T04:23:37.981Z     throughput/total tokens=1,966,080
2026-09-15T04:23:37.982Z     train/CE loss=0.4315
2026-09-15T04:23:37.982Z     throughput/device/data loading (%)=0.0166
2026-09-15T04:23:37.982Z     throughput/device/data loading (s)=0.0018
2026-09-15T04:23:37.982Z     train/PPL=1.540
2026-09-15T04:23:48.984Z [2;36m[2026-09-15 04:23:48][0m [34mINFO    [0m [2m[olmo_core.train.callbacks.console_logger:68, f641d6fce801, rank=0][0m [step=16/61,epoch=1,eta=12m]
2026-09-15T04:23:48.984Z     gpu_memory/GPU active mem (%)=75.57
2026-09-15T04:23:48.984Z     gpu_memory/GPU active mem (GiB)=59.89
2026-09-15T04:23:48.984Z     gpu_memory/GPU reserved mem (%)=80.90
2026-09-15T04:23:48.984Z     gpu_memory/GPU reserved mem (GiB)=64.12
2026-09-15T04:23:48.984Z     optim/LR (group 0)=3.81E-06
2026-09-15T04:23:48.984Z     optim/LR (group 1)=3.81E-06
2026-09-15T04:23:48.984Z     optim/step skipped=0.0
2026-09-15T04:23:48.984Z     optim/total grad norm=2.401
2026-09-15T04:23:48.984Z     throughput/chinchilla multiple=2.49E-05
2026-09-15T04:23:48.984Z     throughput/device/BPS=0.0909
2026-09-15T04:23:48.984Z     throughput/device/BPS (actual avg)=0.0618
2026-09-15T04:23:48.984Z     throughput/device/MFU=43.71
2026-09-15T04:23:48.984Z     throughput/device/MFU (actual avg)=29.71
2026-09-15T04:23:48.984Z     throughput/device/TPS=5,955
2026-09-15T04:23:48.984Z     throughput/device/TPS (actual avg)=4,047
2026-09-15T04:23:48.984Z     throughput/device/flopsPS=136.4T
2026-09-15T04:23:48.984Z     throughput/device/flopsPS (actual avg)=92.69T
2026-09-15T04:23:48.984Z     throughput/total petaflops=48.02
2026-09-15T04:23:48.984Z     throughput/total tokens=2,097,152
2026-09-15T04:23:48.984Z     train/CE loss=0.4287
2026-09-15T04:23:48.984Z     throughput/device/data loading (%)=0.0180
2026-09-15T04:23:48.984Z     throughput/device/data loading (s)=0.0020
2026-09-15T04:23:48.984Z     train/PPL=1.535
2026-09-15T04:24:06.567Z [2;36m[2026-09-15 04:24:06][0m [33mWARNING [0m [2m[py.warnings:112, f641d6fce801, rank=0][0m /opt/conda/lib/python3.12/site-packages/liger_kernel/ops/fused_linear_cross_entropy.py:75: UserWarning: called a synchronizing CUDA operation (Triggered internally at /pytorch/c10/cuda/CUDAFunctions.cpp:162.)
2026-09-15T04:24:06.567Z   total_n_non_ignore = target_mask.sum().item()
2026-09-15T04:24:06.567Z 
2026-09-15T04:24:07.126Z [2;36m[2026-09-15 04:24:07][0m [33mWARNING [0m [2m[py.warnings:112, f641d6fce801, rank=0][0m /opt/conda/lib/python3.12/site-packages/liger_kernel/ops/fused_linear_cross_entropy.py:233: UserWarning: called a synchronizing CUDA operation (Triggered internally at /pytorch/c10/cuda/CUDAFunctions.cpp:162.)
2026-09-15T04:24:07.126Z   if not torch.equal(grad_output, torch.tensor(1.0, device=grad_output.device)):
2026-09-15T04:24:07.126Z 
2026-09-15T04:24:20.238Z [2;36m[2026-09-15 04:24:20][0m [33mWARNING [0m [2m[py.warnings:112, f641d6fce801, rank=0][0m /opt/conda/lib/python3.12/site-packages/torch/autograd/graph.py:841: UserWarning: called a synchronizing CUDA operation (Triggered internally at /pytorch/c10/cuda/CUDAFunctions.cpp:162.)
2026-09-15T04:24:20.238Z   return Variable._execution_engine.run_backward(  # Calls into the C++ engine to run the backward pass
2026-09-15T04:24:20.238Z 
2026-09-15T04:24:20.246Z [2;36m[2026-09-15 04:24:20][0m [33mWARNING [0m [2m[py.warnings:112, f641d6fce801, rank=0][0m /opt/conda/lib/python3.12/site-packages/torch/distributed/utils.py:106: UserWarning: called a synchronizing CUDA operation (Triggered internally at /pytorch/c10/cuda/CUDAFunctions.cpp:162.)
2026-09-15T04:24:20.246Z   return (obj.to(target_device),)
2026-09-15T04:24:20.246Z 
2026-09-15T04:24:20.256Z [2;36m[2026-09-15 04:24:20][0m [33mWARNING [0m [2m[py.warnings:112, f641d6fce801, rank=0][0m /opt/conda/lib/python3.12/site-packages/olmo_core/nn/transformer/model.py:777: UserWarning: called a synchronizing CUDA operation (Triggered internally at /pytorch/c10/cuda/CUDAFunctions.cpp:162.)
2026-09-15T04:24:20.256Z   n_docs = int(chunk_ids.max().item()) + 1
2026-09-15T04:24:20.256Z 
2026-09-15T04:24:20.265Z [2;36m[2026-09-15 04:24:20][0m [33mWARNING [0m [2m[py.warnings:112, f641d6fce801, rank=0][0m /opt/conda/lib/python3.12/site-packages/olmo_core/nn/transformer/model.py:834: UserWarning: called a synchronizing CUDA operation (Triggered internally at /pytorch/c10/cuda/CUDAFunctions.cpp:162.)
2026-09-15T04:24:20.265Z   flat = (torch.arange(B, device=emb.device)[:, None] * n_docs + cid.clamp(min=0)).reshape(
2026-09-15T04:24:20.265Z 
2026-09-15T04:24:20.265Z [2;36m[2026-09-15 04:24:20][0m [33mWARNING [0m [2m[py.warnings:112, f641d6fce801, rank=0][0m /opt/conda/lib/python3.12/site-packages/olmo_core/nn/transformer/model.py:838: UserWarning: called a synchronizing CUDA operation (Triggered internally at /pytorch/c10/cuda/CUDAFunctions.cpp:162.)
2026-09-15T04:24:20.265Z   0, flat, emb.reshape(B * T, D)[is_ctx.reshape(-1)]
2026-09-15T04:24:20.265Z 
2026-09-15T04:24:20.273Z [2;36m[2026-09-15 04:24:20][0m [33mWARNING [0m [2m[py.warnings:112, f641d6fce801, rank=0][0m /opt/conda/lib/python3.12/site-packages/olmo_core/nn/pooled_soft_token.py:173: UserWarning: called a synchronizing CUDA operation (Triggered internally at /pytorch/c10/cuda/CUDAFunctions.cpp:162.)
2026-09-15T04:24:20.273Z   kept_idx = kept_tok.nonzero(as_tuple=True)[0]
2026-09-15T04:24:20.273Z 
2026-09-15T04:24:20.274Z [2;36m[2026-09-15 04:24:20][0m [33mWARNING [0m [2m[py.warnings:112, f641d6fce801, rank=0][0m /opt/conda/lib/python3.12/site-packages/olmo_core/nn/pooled_soft_token.py:179: UserWarning: called a synchronizing CUDA operation (Triggered internally at /pytorch/c10/cuda/CUDAFunctions.cpp:162.)
2026-09-15T04:24:20.274Z   if is_ctx.any():
2026-09-15T04:24:20.274Z 
2026-09-15T04:24:20.274Z [2;36m[2026-09-15 04:24:20][0m [33mWARNING [0m [2m[py.warnings:112, f641d6fce801, rank=0][0m /opt/conda/lib/python3.12/site-packages/olmo_core/nn/pooled_soft_token.py:180: UserWarning: called a synchronizing CUDA operation (Triggered internally at /pytorch/c10/cuda/CUDAFunctions.cpp:162.)
2026-09-15T04:24:20.274Z   d_ix = c[is_ctx]
2026-09-15T04:24:20.274Z 
2026-09-15T04:24:20.275Z [2;36m[2026-09-15 04:24:20][0m [33mWARNING [0m [2m[py.warnings:112, f641d6fce801, rank=0][0m /opt/conda/lib/python3.12/site-packages/olmo_core/nn/pooled_soft_token.py:181: UserWarning: called a synchronizing CUDA operation (Triggered internally at /pytorch/c10/cuda/CUDAFunctions.cpp:162.)
2026-09-15T04:24:20.275Z   pos_ix = is_ctx.nonzero(as_tuple=True)[0]
2026-09-15T04:24:20.275Z 
2026-09-15T04:24:20.275Z [2;36m[2026-09-15 04:24:20][0m [33mWARNING [0m [2m[py.warnings:112, f641d6fce801, rank=0][0m /opt/conda/lib/python3.12/site-packages/olmo_core/nn/pooled_soft_token.py:186: UserWarning: called a synchronizing CUDA operation (Triggered internally at /pytorch/c10/cuda/CUDAFunctions.cpp:162.)
2026-09-15T04:24:20.275Z   pooled_docs = pooled.nonzero(as_tuple=True)[0]
2026-09-15T04:24:20.275Z 
2026-09-15T04:24:20.276Z [2;36m[2026-09-15 04:24:20][0m [33mWARNING [0m [2m[py.warnings:112, f641d6fce801, rank=0][0m /opt/conda/lib/python3.12/site-packages/olmo_core/nn/pooled_soft_token.py:217: UserWarning: called a synchronizing CUDA operation (Triggered internally at /pytorch/c10/cuda/CUDAFunctions.cpp:162.)
2026-09-15T04:24:20.276Z   doc_len = torch.bincount(c[is_ctx], minlength=n_docs) if is_ctx.any() else torch.zeros(n_docs, dtype=torch.long, device=device)
2026-09-15T04:24:20.276Z 
2026-09-15T04:24:20.277Z [2;36m[2026-09-15 04:24:20][0m [33mWARNING [0m [2m[py.warnings:112, f641d6fce801, rank=0][0m /opt/conda/lib/python3.12/site-packages/olmo_core/nn/pooled_soft_token.py:222: UserWarning: called a synchronizing CUDA operation (Triggered internally at /pytorch/c10/cuda/CUDAFunctions.cpp:162.)
2026-09-15T04:24:20.277Z   soft_cols_b = soft_mask.nonzero(as_tuple=True)[0]
2026-09-15T04:24:20.277Z 
2026-09-15T04:24:20.277Z [2;36m[2026-09-15 04:24:20][0m [33mWARNING [0m [2m[py.warnings:112, f641d6fce801, rank=0][0m /opt/conda/lib/python3.12/site-packages/olmo_core/nn/pooled_soft_token.py:226: UserWarning: called a synchronizing CUDA operation (Triggered internally at /pytorch/c10/cuda/CUDAFunctions.cpp:162.)
2026-09-15T04:24:20.277Z   cols_l = soft_cols_b.tolist()
2026-09-15T04:24:20.277Z 
2026-09-15T04:24:20.278Z [2;36m[2026-09-15 04:24:20][0m [33mWARNING [0m [2m[py.warnings:112, f641d6fce801, rank=0][0m /opt/conda/lib/python3.12/site-packages/olmo_core/nn/pooled_soft_token.py:229: UserWarning: called a synchronizing CUDA operation (Triggered internally at /pytorch/c10/cuda/CUDAFunctions.cpp:162.)
2026-09-15T04:24:20.278Z   soft_docs += docs_b.tolist()
2026-09-15T04:24:20.278Z 
2026-09-15T04:24:20.278Z [2;36m[2026-09-15 04:24:20][0m [33mWARNING [0m [2m[py.warnings:112, f641d6fce801, rank=0][0m /opt/conda/lib/python3.12/site-packages/olmo_core/nn/pooled_soft_token.py:230: UserWarning: called a synchronizing CUDA operation (Triggered internally at /pytorch/c10/cuda/CUDAFunctions.cpp:162.)
2026-09-15T04:24:20.278Z   soft_log_len += lens_b.tolist()
2026-09-15T04:24:20.278Z 
2026-09-15T04:24:20.280Z [2;36m[2026-09-15 04:24:20][0m [33mWARNING [0m [2m[py.warnings:112, f641d6fce801, rank=0][0m /opt/conda/lib/python3.12/site-packages/olmo_core/nn/pooled_soft_token.py:280: UserWarning: called a synchronizing CUDA operation (Triggered internally at /pytorch/c10/cuda/CUDAFunctions.cpp:162.)
2026-09-15T04:24:20.280Z   row_lens[b] = L
2026-09-15T04:24:20.280Z 
2026-09-15T04:24:20.281Z [2;36m[2026-09-15 04:24:20][0m [33mWARNING [0m [2m[py.warnings:112, f641d6fce801, rank=0][0m /opt/conda/lib/python3.12/site-packages/olmo_core/nn/pooled_soft_token.py:297: UserWarning: called a synchronizing CUDA operation (Triggered internally at /pytorch/c10/cuda/CUDAFunctions.cpp:162.)
2026-09-15T04:24:20.281Z   soft_rows=torch.tensor(soft_rows, dtype=torch.long, device=device),
2026-09-15T04:24:20.281Z 
2026-09-15T04:24:20.281Z [2;36m[2026-09-15 04:24:20][0m [33mWARNING [0m [2m[py.warnings:112, f641d6fce801, rank=0][0m /opt/conda/lib/python3.12/site-packages/olmo_core/nn/pooled_soft_token.py:298: UserWarning: called a synchronizing CUDA operation (Triggered internally at /pytorch/c10/cuda/CUDAFunctions.cpp:162.)
2026-09-15T04:24:20.281Z   soft_cols=torch.tensor(soft_cols, dtype=torch.long, device=device),
2026-09-15T04:24:20.281Z 
2026-09-15T04:24:20.282Z [2;36m[2026-09-15 04:24:20][0m [33mWARNING [0m [2m[py.warnings:112, f641d6fce801, rank=0][0m /opt/conda/lib/python3.12/site-packages/olmo_core/nn/pooled_soft_token.py:299: UserWarning: called a synchronizing CUDA operation (Triggered internally at /pytorch/c10/cuda/CUDAFunctions.cpp:162.)
2026-09-15T04:24:20.282Z   soft_docs=torch.tensor(soft_docs, dtype=torch.long, device=device),
2026-09-15T04:24:20.282Z 
2026-09-15T04:24:20.282Z [2;36m[2026-09-15 04:24:20][0m [33mWARNING [0m [2m[py.warnings:112, f641d6fce801, rank=0][0m /opt/conda/lib/python3.12/site-packages/olmo_core/nn/pooled_soft_token.py:301: UserWarning: called a synchronizing CUDA operation (Triggered internally at /pytorch/c10/cuda/CUDAFunctions.cpp:162.)
2026-09-15T04:24:20.282Z   soft_log_len=torch.tensor(soft_log_len, dtype=torch.float32, device=device),
2026-09-15T04:24:20.282Z 
2026-09-15T04:24:20.283Z [2;36m[2026-09-15 04:24:20][0m [33mWARNING [0m [2m[py.warnings:112, f641d6fce801, rank=0][0m /opt/conda/lib/python3.12/site-packages/olmo_core/nn/transformer/model.py:1502: UserWarning: called a synchronizing CUDA operation (Triggered internally at /pytorch/c10/cuda/CUDAFunctions.cpp:162.)
2026-09-15T04:24:20.283Z   kv_grad_mask[cb.soft_rows, cb.soft_cols] = False
2026-09-15T04:24:20.283Z 
2026-09-15T04:24:20.428Z [2;36m[2026-09-15 04:24:20][0m [33mWARNING [0m [2m[py.warnings:112, f641d6fce801, rank=0][0m /opt/conda/lib/python3.12/site-packages/liger_kernel/ops/fused_linear_cross_entropy.py:75: UserWarning: called a synchronizing CUDA operation (Triggered internally at /pytorch/c10/cuda/CUDAFunctions.cpp:162.)
2026-09-15T04:24:20.428Z   total_n_non_ignore = target_mask.sum().item()
2026-09-15T04:24:20.428Z 
2026-09-15T04:24:21.388Z [2;36m[2026-09-15 04:24:21][0m [33mWARNING [0m [2m[py.warnings:112, f641d6fce801, rank=0][0m /opt/conda/lib/python3.12/site-packages/liger_kernel/ops/fused_linear_cross_entropy.py:233: UserWarning: called a synchronizing CUDA operation (Triggered internally at /pytorch/c10/cuda/CUDAFunctions.cpp:162.)
2026-09-15T04:24:21.388Z   if not torch.equal(grad_output, torch.tensor(1.0, device=grad_output.device)):
2026-09-15T04:24:21.388Z 
2026-09-15T04:24:23.428Z [2;36m[2026-09-15 04:24:23][0m [34mINFO    [0m [2m[olmo_core.train.callbacks.console_logger:68, f641d6fce801, rank=0][0m [step=17/61,epoch=1,eta=13m]
2026-09-15T04:24:23.428Z     gpu_memory/GPU active mem (%)=75.57
2026-09-15T04:24:23.428Z     gpu_memory/GPU active mem (GiB)=59.89
2026-09-15T04:24:23.428Z     gpu_memory/GPU reserved mem (%)=80.90
2026-09-15T04:24:23.428Z     gpu_memory/GPU reserved mem (GiB)=64.12
2026-09-15T04:24:23.428Z     optim/LR (group 0)=3.73E-06
2026-09-15T04:24:23.428Z     optim/LR (group 1)=3.73E-06
2026-09-15T04:24:23.428Z     optim/step skipped=0.0
2026-09-15T04:24:23.428Z     optim/total grad norm=2.332
2026-09-15T04:24:23.428Z     throughput/chinchilla multiple=2.65E-05
2026-09-15T04:24:23.428Z     throughput/device/BPS=0.0290
2026-09-15T04:24:23.428Z     throughput/device/BPS (actual avg)=0.0577
2026-09-15T04:24:23.428Z     throughput/device/MFU=13.97
2026-09-15T04:24:23.428Z     throughput/device/MFU (actual avg)=27.75
2026-09-15T04:24:23.428Z     throughput/device/TPS=1,902
2026-09-15T04:24:23.428Z     throughput/device/TPS (actual avg)=3,781
2026-09-15T04:24:23.428Z     throughput/device/flopsPS=43.57T
2026-09-15T04:24:23.428Z     throughput/device/flopsPS (actual avg)=86.59T
2026-09-15T04:24:23.428Z     throughput/total petaflops=51.02
2026-09-15T04:24:23.428Z     throughput/total tokens=2,228,224
2026-09-15T04:24:23.428Z     train/CE loss=0.4362
2026-09-15T04:24:23.428Z     throughput/device/data loading (%)=0.0051
2026-09-15T04:24:23.428Z     throughput/device/data loading (s)=0.0018
2026-09-15T04:24:23.428Z     train/PPL=1.547
2026-09-15T04:24:27.728Z [2;36m[2026-09-15 04:24:27][0m [33mWARNING [0m [2m[py.warnings:112, f641d6fce801, rank=1][0m /opt/conda/lib/python3.12/site-packages/torch/autograd/graph.py:841: UserWarning: called a synchronizing CUDA operation (Triggered internally at /pytorch/c10/cuda/CUDAFunctions.cpp:162.)
2026-09-15T04:24:27.728Z   return Variable._execution_engine.run_backward(  # Calls into the C++ engine to run the backward pass
2026-09-15T04:24:27.728Z 
2026-09-15T04:24:27.741Z [2;36m[2026-09-15 04:24:27][0m [33mWARNING [0m [2m[py.warnings:112, f641d6fce801, rank=1][0m /opt/conda/lib/python3.12/site-packages/torch/distributed/utils.py:106: UserWarning: called a synchronizing CUDA operation (Triggered internally at /pytorch/c10/cuda/CUDAFunctions.cpp:162.)
2026-09-15T04:24:27.741Z   return (obj.to(target_device),)
2026-09-15T04:24:27.741Z 
2026-09-15T04:24:27.751Z [2;36m[2026-09-15 04:24:27][0m [33mWARNING [0m [2m[py.warnings:112, f641d6fce801, rank=1][0m /opt/conda/lib/python3.12/site-packages/olmo_core/nn/transformer/model.py:777: UserWarning: called a synchronizing CUDA operation (Triggered internally at /pytorch/c10/cuda/CUDAFunctions.cpp:162.)
2026-09-15T04:24:27.751Z   n_docs = int(chunk_ids.max().item()) + 1
2026-09-15T04:24:27.751Z 
2026-09-15T04:24:27.759Z [2;36m[2026-09-15 04:24:27][0m [33mWARNING [0m [2m[py.warnings:112, f641d6fce801, rank=1][0m /opt/conda/lib/python3.12/site-packages/olmo_core/nn/transformer/model.py:834: UserWarning: called a synchronizing CUDA operation (Triggered internally at /pytorch/c10/cuda/CUDAFunctions.cpp:162.)
2026-09-15T04:24:27.759Z   flat = (torch.arange(B, device=emb.device)[:, None] * n_docs + cid.clamp(min=0)).reshape(
2026-09-15T04:24:27.759Z 
2026-09-15T04:24:27.760Z [2;36m[2026-09-15 04:24:27][0m [33mWARNING [0m [2m[py.warnings:112, f641d6fce801, rank=1][0m /opt/conda/lib/python3.12/site-packages/olmo_core/nn/transformer/model.py:838: UserWarning: called a synchronizing CUDA operation (Triggered internally at /pytorch/c10/cuda/CUDAFunctions.cpp:162.)
2026-09-15T04:24:27.760Z   0, flat, emb.reshape(B * T, D)[is_ctx.reshape(-1)]
2026-09-15T04:24:27.760Z 
2026-09-15T04:24:27.769Z [2;36m[2026-09-15 04:24:27][0m [33mWARNING [0m [2m[py.warnings:112, f641d6fce801, rank=1][0m /opt/conda/lib/python3.12/site-packages/olmo_core/nn/pooled_soft_token.py:173: UserWarning: called a synchronizing CUDA operation (Triggered internally at /pytorch/c10/cuda/CUDAFunctions.cpp:162.)
2026-09-15T04:24:27.769Z   kept_idx = kept_tok.nonzero(as_tuple=True)[0]
2026-09-15T04:24:27.769Z 
2026-09-15T04:24:27.769Z [2;36m[2026-09-15 04:24:27][0m [33mWARNING [0m [2m[py.warnings:112, f641d6fce801, rank=1][0m /opt/conda/lib/python3.12/site-packages/olmo_core/nn/pooled_soft_token.py:179: UserWarning: called a synchronizing CUDA operation (Triggered internally at /pytorch/c10/cuda/CUDAFunctions.cpp:162.)
2026-09-15T04:24:27.769Z   if is_ctx.any():
2026-09-15T04:24:27.769Z 
2026-09-15T04:24:27.770Z [2;36m[2026-09-15 04:24:27][0m [33mWARNING [0m [2m[py.warnings:112, f641d6fce801, rank=1][0m /opt/conda/lib/python3.12/site-packages/olmo_core/nn/pooled_soft_token.py:180: UserWarning: called a synchronizing CUDA operation (Triggered internally at /pytorch/c10/cuda/CUDAFunctions.cpp:162.)
2026-09-15T04:24:27.770Z   d_ix = c[is_ctx]
2026-09-15T04:24:27.770Z 
2026-09-15T04:24:27.770Z [2;36m[2026-09-15 04:24:27][0m [33mWARNING [0m [2m[py.warnings:112, f641d6fce801, rank=1][0m /opt/conda/lib/python3.12/site-packages/olmo_core/nn/pooled_soft_token.py:181: UserWarning: called a synchronizing CUDA operation (Triggered internally at /pytorch/c10/cuda/CUDAFunctions.cpp:162.)
2026-09-15T04:24:27.770Z   pos_ix = is_ctx.nonzero(as_tuple=True)[0]
2026-09-15T04:24:27.770Z 
2026-09-15T04:24:27.771Z [2;36m[2026-09-15 04:24:27][0m [33mWARNING [0m [2m[py.warnings:112, f641d6fce801, rank=1][0m /opt/conda/lib/python3.12/site-packages/olmo_core/nn/pooled_soft_token.py:186: UserWarning: called a synchronizing CUDA operation (Triggered internally at /pytorch/c10/cuda/CUDAFunctions.cpp:162.)
2026-09-15T04:24:27.771Z   pooled_docs = pooled.nonzero(as_tuple=True)[0]
2026-09-15T04:24:27.771Z 
2026-09-15T04:24:27.771Z [2;36m[2026-09-15 04:24:27][0m [33mWARNING [0m [2m[py.warnings:112, f641d6fce801, rank=1][0m /opt/conda/lib/python3.12/site-packages/olmo_core/nn/pooled_soft_token.py:217: UserWarning: called a synchronizing CUDA operation (Triggered internally at /pytorch/c10/cuda/CUDAFunctions.cpp:162.)
2026-09-15T04:24:27.771Z   doc_len = torch.bincount(c[is_ctx], minlength=n_docs) if is_ctx.any() else torch.zeros(n_docs, dtype=torch.long, device=device)
2026-09-15T04:24:27.771Z 
2026-09-15T04:24:27.772Z [2;36m[2026-09-15 04:24:27][0m [33mWARNING [0m [2m[py.warnings:112, f641d6fce801, rank=1][0m /opt/conda/lib/python3.12/site-packages/olmo_core/nn/pooled_soft_token.py:222: UserWarning: called a synchronizing CUDA operation (Triggered internally at /pytorch/c10/cuda/CUDAFunctions.cpp:162.)
2026-09-15T04:24:27.772Z   soft_cols_b = soft_mask.nonzero(as_tuple=True)[0]
2026-09-15T04:24:27.772Z 
2026-09-15T04:24:27.772Z [2;36m[2026-09-15 04:24:27][0m [33mWARNING [0m [2m[py.warnings:112, f641d6fce801, rank=1][0m /opt/conda/lib/python3.12/site-packages/olmo_core/nn/pooled_soft_token.py:226: UserWarning: called a synchronizing CUDA operation (Triggered internally at /pytorch/c10/cuda/CUDAFunctions.cpp:162.)
2026-09-15T04:24:27.772Z   cols_l = soft_cols_b.tolist()
2026-09-15T04:24:27.772Z 
2026-09-15T04:24:27.773Z [2;36m[2026-09-15 04:24:27][0m [33mWARNING [0m [2m[py.warnings:112, f641d6fce801, rank=1][0m /opt/conda/lib/python3.12/site-packages/olmo_core/nn/pooled_soft_token.py:229: UserWarning: called a synchronizing CUDA operation (Triggered internally at /pytorch/c10/cuda/CUDAFunctions.cpp:162.)
2026-09-15T04:24:27.773Z   soft_docs += docs_b.tolist()
2026-09-15T04:24:27.773Z 
2026-09-15T04:24:27.773Z [2;36m[2026-09-15 04:24:27][0m [33mWARNING [0m [2m[py.warnings:112, f641d6fce801, rank=1][0m /opt/conda/lib/python3.12/site-packages/olmo_core/nn/pooled_soft_token.py:230: UserWarning: called a synchronizing CUDA operation (Triggered internally at /pytorch/c10/cuda/CUDAFunctions.cpp:162.)
2026-09-15T04:24:27.773Z   soft_log_len += lens_b.tolist()
2026-09-15T04:24:27.773Z 
2026-09-15T04:24:27.775Z [2;36m[2026-09-15 04:24:27][0m [33mWARNING [0m [2m[py.warnings:112, f641d6fce801, rank=1][0m /opt/conda/lib/python3.12/site-packages/olmo_core/nn/pooled_soft_token.py:280: UserWarning: called a synchronizing CUDA operation (Triggered internally at /pytorch/c10/cuda/CUDAFunctions.cpp:162.)
2026-09-15T04:24:27.775Z   row_lens[b] = L
2026-09-15T04:24:27.775Z 
2026-09-15T04:24:27.775Z [2;36m[2026-09-15 04:24:27][0m [33mWARNING [0m [2m[py.warnings:112, f641d6fce801, rank=1][0m /opt/conda/lib/python3.12/site-packages/olmo_core/nn/pooled_soft_token.py:297: UserWarning: called a synchronizing CUDA operation (Triggered internally at /pytorch/c10/cuda/CUDAFunctions.cpp:162.)
2026-09-15T04:24:27.775Z   soft_rows=torch.tensor(soft_rows, dtype=torch.long, device=device),
2026-09-15T04:24:27.775Z 
2026-09-15T04:24:27.776Z [2;36m[2026-09-15 04:24:27][0m [33mWARNING [0m [2m[py.warnings:112, f641d6fce801, rank=1][0m /opt/conda/lib/python3.12/site-packages/olmo_core/nn/pooled_soft_token.py:298: UserWarning: called a synchronizing CUDA operation (Triggered internally at /pytorch/c10/cuda/CUDAFunctions.cpp:162.)
2026-09-15T04:24:27.776Z   soft_cols=torch.tensor(soft_cols, dtype=torch.long, device=device),
2026-09-15T04:24:27.776Z 
2026-09-15T04:24:27.776Z [2;36m[2026-09-15 04:24:27][0m [33mWARNING [0m [2m[py.warnings:112, f641d6fce801, rank=1][0m /opt/conda/lib/python3.12/site-packages/olmo_core/nn/pooled_soft_token.py:299: UserWarning: called a synchronizing CUDA operation (Triggered internally at /pytorch/c10/cuda/CUDAFunctions.cpp:162.)
2026-09-15T04:24:27.776Z   soft_docs=torch.tensor(soft_docs, dtype=torch.long, device=device),
2026-09-15T04:24:27.776Z 
2026-09-15T04:24:27.776Z [2;36m[2026-09-15 04:24:27][0m [33mWARNING [0m [2m[py.warnings:112, f641d6fce801, rank=1][0m /opt/conda/lib/python3.12/site-packages/olmo_core/nn/pooled_soft_token.py:301: UserWarning: called a synchronizing CUDA operation (Triggered internally at /pytorch/c10/cuda/CUDAFunctions.cpp:162.)
2026-09-15T04:24:27.776Z   soft_log_len=torch.tensor(soft_log_len, dtype=torch.float32, device=device),
2026-09-15T04:24:27.776Z 
2026-09-15T04:24:27.777Z [2;36m[2026-09-15 04:24:27][0m [33mWARNING [0m [2m[py.warnings:112, f641d6fce801, rank=1][0m /opt/conda/lib/python3.12/site-packages/olmo_core/nn/transformer/model.py:1502: UserWarning: called a synchronizing CUDA operation (Triggered internally at /pytorch/c10/cuda/CUDAFunctions.cpp:162.)
2026-09-15T04:24:27.777Z   kv_grad_mask[cb.soft_rows, cb.soft_cols] = False
2026-09-15T04:24:27.777Z 
2026-09-15T04:24:27.922Z [2;36m[2026-09-15 04:24:27][0m [33mWARNING [0m [2m[py.warnings:112, f641d6fce801, rank=1][0m /opt/conda/lib/python3.12/site-packages/liger_kernel/ops/fused_linear_cross_entropy.py:75: UserWarning: called a synchronizing CUDA operation (Triggered internally at /pytorch/c10/cuda/CUDAFunctions.cpp:162.)
2026-09-15T04:24:27.922Z   total_n_non_ignore = target_mask.sum().item()
2026-09-15T04:24:27.922Z 
2026-09-15T04:24:28.537Z [2;36m[2026-09-15 04:24:28][0m [33mWARNING [0m [2m[py.warnings:112, f641d6fce801, rank=1][0m /opt/conda/lib/python3.12/site-packages/liger_kernel/ops/fused_linear_cross_entropy.py:233: UserWarning: called a synchronizing CUDA operation (Triggered internally at /pytorch/c10/cuda/CUDAFunctions.cpp:162.)
2026-09-15T04:24:28.537Z   if not torch.equal(grad_output, torch.tensor(1.0, device=grad_output.device)):
2026-09-15T04:24:28.537Z 
2026-09-15T04:24:34.563Z [2;36m[2026-09-15 04:24:34][0m [34mINFO    [0m [2m[olmo_core.train.callbacks.console_logger:68, f641d6fce801, rank=0][0m [step=18/61,epoch=1,eta=12m]
2026-09-15T04:24:34.563Z     gpu_memory/GPU active mem (%)=75.57
2026-09-15T04:24:34.563Z     gpu_memory/GPU active mem (GiB)=59.89
2026-09-15T04:24:34.563Z     gpu_memory/GPU reserved mem (%)=80.90
2026-09-15T04:24:34.563Z     gpu_memory/GPU reserved mem (GiB)=64.12
2026-09-15T04:24:34.563Z     optim/LR (group 0)=3.64E-06
2026-09-15T04:24:34.563Z     optim/LR (group 1)=3.64E-06
2026-09-15T04:24:34.563Z     optim/step skipped=0.0
2026-09-15T04:24:34.563Z     optim/total grad norm=6.531
2026-09-15T04:24:34.563Z     throughput/chinchilla multiple=2.80E-05
2026-09-15T04:24:34.563Z     throughput/device/BPS=0.0898
2026-09-15T04:24:34.563Z     throughput/device/BPS (actual avg)=0.0589
2026-09-15T04:24:34.563Z     throughput/device/MFU=43.20
2026-09-15T04:24:34.563Z     throughput/device/MFU (actual avg)=28.35
2026-09-15T04:24:34.563Z     throughput/device/TPS=5,885
2026-09-15T04:24:34.563Z     throughput/device/TPS (actual avg)=3,862
2026-09-15T04:24:34.563Z     throughput/device/flopsPS=134.8T
2026-09-15T04:24:34.563Z     throughput/device/flopsPS (actual avg)=88.45T
2026-09-15T04:24:34.563Z     throughput/total petaflops=54.03
2026-09-15T04:24:34.563Z     throughput/total tokens=2,359,296
2026-09-15T04:24:34.563Z     train/CE loss=0.4647
2026-09-15T04:24:34.563Z     throughput/device/data loading (%)=0.0150
2026-09-15T04:24:34.563Z     throughput/device/data loading (s)=0.0017
2026-09-15T04:24:34.563Z     train/PPL=1.592
2026-09-15T04:24:45.385Z [2;36m[2026-09-15 04:24:45][0m [33mWARNING [0m [2m[py.warnings:112, f641d6fce801, rank=0][0m /opt/conda/lib/python3.12/site-packages/liger_kernel/ops/fused_linear_cross_entropy.py:75: UserWarning: called a synchronizing CUDA operation (Triggered internally at /pytorch/c10/cuda/CUDAFunctions.cpp:162.)
2026-09-15T04:24:45.385Z   total_n_non_ignore = target_mask.sum().item()
2026-09-15T04:24:45.385Z 
2026-09-15T04:24:46.159Z [2;36m[2026-09-15 04:24:46][0m [33mWARNING [0m [2m[py.warnings:112, f641d6fce801, rank=0][0m /opt/conda/lib/python3.12/site-packages/liger_kernel/ops/fused_linear_cross_entropy.py:233: UserWarning: called a synchronizing CUDA operation (Triggered internally at /pytorch/c10/cuda/CUDAFunctions.cpp:162.)
2026-09-15T04:24:46.159Z   if not torch.equal(grad_output, torch.tensor(1.0, device=grad_output.device)):
2026-09-15T04:24:46.159Z 
2026-09-15T04:24:59.271Z [2;36m[2026-09-15 04:24:59][0m [33mWARNING [0m [2m[py.warnings:112, f641d6fce801, rank=0][0m /opt/conda/lib/python3.12/site-packages/torch/autograd/graph.py:841: UserWarning: called a synchronizing CUDA operation (Triggered internally at /pytorch/c10/cuda/CUDAFunctions.cpp:162.)
2026-09-15T04:24:59.272Z   return Variable._execution_engine.run_backward(  # Calls into the C++ engine to run the backward pass
2026-09-15T04:24:59.272Z 
2026-09-15T04:24:59.274Z [2;36m[2026-09-15 04:24:59][0m [33mWARNING [0m [2m[py.warnings:112, f641d6fce801, rank=0][0m /opt/conda/lib/python3.12/site-packages/torch/distributed/utils.py:106: UserWarning: called a synchronizing CUDA operation (Triggered internally at /pytorch/c10/cuda/CUDAFunctions.cpp:162.)
2026-09-15T04:24:59.274Z   return (obj.to(target_device),)
2026-09-15T04:24:59.274Z 
2026-09-15T04:24:59.281Z [2;36m[2026-09-15 04:24:59][0m [33mWARNING [0m [2m[py.warnings:112, f641d6fce801, rank=0][0m /opt/conda/lib/python3.12/site-packages/olmo_core/nn/transformer/model.py:777: UserWarning: called a synchronizing CUDA operation (Triggered internally at /pytorch/c10/cuda/CUDAFunctions.cpp:162.)
2026-09-15T04:24:59.281Z   n_docs = int(chunk_ids.max().item()) + 1
2026-09-15T04:24:59.281Z 
2026-09-15T04:24:59.291Z [2;36m[2026-09-15 04:24:59][0m [33mWARNING [0m [2m[py.warnings:112, f641d6fce801, rank=0][0m /opt/conda/lib/python3.12/site-packages/olmo_core/nn/transformer/model.py:834: UserWarning: called a synchronizing CUDA operation (Triggered internally at /pytorch/c10/cuda/CUDAFunctions.cpp:162.)
2026-09-15T04:24:59.291Z   flat = (torch.arange(B, device=emb.device)[:, None] * n_docs + cid.clamp(min=0)).reshape(
2026-09-15T04:24:59.291Z 
2026-09-15T04:24:59.291Z [2;36m[2026-09-15 04:24:59][0m [33mWARNING [0m [2m[py.warnings:112, f641d6fce801, rank=0][0m /opt/conda/lib/python3.12/site-packages/olmo_core/nn/transformer/model.py:838: UserWarning: called a synchronizing CUDA operation (Triggered internally at /pytorch/c10/cuda/CUDAFunctions.cpp:162.)
2026-09-15T04:24:59.291Z   0, flat, emb.reshape(B * T, D)[is_ctx.reshape(-1)]
2026-09-15T04:24:59.291Z 
2026-09-15T04:24:59.299Z [2;36m[2026-09-15 04:24:59][0m [33mWARNING [0m [2m[py.warnings:112, f641d6fce801, rank=0][0m /opt/conda/lib/python3.12/site-packages/olmo_core/nn/pooled_soft_token.py:173: UserWarning: called a synchronizing CUDA operation (Triggered internally at /pytorch/c10/cuda/CUDAFunctions.cpp:162.)
2026-09-15T04:24:59.299Z   kept_idx = kept_tok.nonzero(as_tuple=True)[0]
2026-09-15T04:24:59.299Z 
2026-09-15T04:24:59.300Z [2;36m[2026-09-15 04:24:59][0m [33mWARNING [0m [2m[py.warnings:112, f641d6fce801, rank=0][0m /opt/conda/lib/python3.12/site-packages/olmo_core/nn/pooled_soft_token.py:179: UserWarning: called a synchronizing CUDA operation (Triggered internally at /pytorch/c10/cuda/CUDAFunctions.cpp:162.)
2026-09-15T04:24:59.300Z   if is_ctx.any():
2026-09-15T04:24:59.300Z 
2026-09-15T04:24:59.300Z [2;36m[2026-09-15 04:24:59][0m [33mWARNING [0m [2m[py.warnings:112, f641d6fce801, rank=0][0m /opt/conda/lib/python3.12/site-packages/olmo_core/nn/pooled_soft_token.py:180: UserWarning: called a synchronizing CUDA operation (Triggered internally at /pytorch/c10/cuda/CUDAFunctions.cpp:162.)
2026-09-15T04:24:59.300Z   d_ix = c[is_ctx]
2026-09-15T04:24:59.300Z 
2026-09-15T04:24:59.301Z [2;36m[2026-09-15 04:24:59][0m [33mWARNING [0m [2m[py.warnings:112, f641d6fce801, rank=0][0m /opt/conda/lib/python3.12/site-packages/olmo_core/nn/pooled_soft_token.py:181: UserWarning: called a synchronizing CUDA operation (Triggered internally at /pytorch/c10/cuda/CUDAFunctions.cpp:162.)
2026-09-15T04:24:59.301Z   pos_ix = is_ctx.nonzero(as_tuple=True)[0]
2026-09-15T04:24:59.301Z 
2026-09-15T04:24:59.302Z [2;36m[2026-09-15 04:24:59][0m [33mWARNING [0m [2m[py.warnings:112, f641d6fce801, rank=0][0m /opt/conda/lib/python3.12/site-packages/olmo_core/nn/pooled_soft_token.py:186: UserWarning: called a synchronizing CUDA operation (Triggered internally at /pytorch/c10/cuda/CUDAFunctions.cpp:162.)
2026-09-15T04:24:59.302Z   pooled_docs = pooled.nonzero(as_tuple=True)[0]
2026-09-15T04:24:59.302Z 
2026-09-15T04:24:59.303Z [2;36m[2026-09-15 04:24:59][0m [33mWARNING [0m [2m[py.warnings:112, f641d6fce801, rank=0][0m /opt/conda/lib/python3.12/site-packages/olmo_core/nn/pooled_soft_token.py:217: UserWarning: called a synchronizing CUDA operation (Triggered internally at /pytorch/c10/cuda/CUDAFunctions.cpp:162.)
2026-09-15T04:24:59.303Z   doc_len = torch.bincount(c[is_ctx], minlength=n_docs) if is_ctx.any() else torch.zeros(n_docs, dtype=torch.long, device=device)
2026-09-15T04:24:59.303Z 
2026-09-15T04:24:59.304Z [2;36m[2026-09-15 04:24:59][0m [33mWARNING [0m [2m[py.warnings:112, f641d6fce801, rank=0][0m /opt/conda/lib/python3.12/site-packages/olmo_core/nn/pooled_soft_token.py:222: UserWarning: called a synchronizing CUDA operation (Triggered internally at /pytorch/c10/cuda/CUDAFunctions.cpp:162.)
2026-09-15T04:24:59.304Z   soft_cols_b = soft_mask.nonzero(as_tuple=True)[0]
2026-09-15T04:24:59.304Z 
2026-09-15T04:24:59.304Z [2;36m[2026-09-15 04:24:59][0m [33mWARNING [0m [2m[py.warnings:112, f641d6fce801, rank=0][0m /opt/conda/lib/python3.12/site-packages/olmo_core/nn/pooled_soft_token.py:226: UserWarning: called a synchronizing CUDA operation (Triggered internally at /pytorch/c10/cuda/CUDAFunctions.cpp:162.)
2026-09-15T04:24:59.304Z   cols_l = soft_cols_b.tolist()
2026-09-15T04:24:59.304Z 
2026-09-15T04:24:59.305Z [2;36m[2026-09-15 04:24:59][0m [33mWARNING [0m [2m[py.warnings:112, f641d6fce801, rank=0][0m /opt/conda/lib/python3.12/site-packages/olmo_core/nn/pooled_soft_token.py:229: UserWarning: called a synchronizing CUDA operation (Triggered internally at /pytorch/c10/cuda/CUDAFunctions.cpp:162.)
2026-09-15T04:24:59.305Z   soft_docs += docs_b.tolist()
2026-09-15T04:24:59.305Z 
2026-09-15T04:24:59.305Z [2;36m[2026-09-15 04:24:59][0m [33mWARNING [0m [2m[py.warnings:112, f641d6fce801, rank=0][0m /opt/conda/lib/python3.12/site-packages/olmo_core/nn/pooled_soft_token.py:230: UserWarning: called a synchronizing CUDA operation (Triggered internally at /pytorch/c10/cuda/CUDAFunctions.cpp:162.)
2026-09-15T04:24:59.305Z   soft_log_len += lens_b.tolist()
2026-09-15T04:24:59.305Z 
2026-09-15T04:24:59.307Z [2;36m[2026-09-15 04:24:59][0m [33mWARNING [0m [2m[py.warnings:112, f641d6fce801, rank=0][0m /opt/conda/lib/python3.12/site-packages/olmo_core/nn/pooled_soft_token.py:280: UserWarning: called a synchronizing CUDA operation (Triggered internally at /pytorch/c10/cuda/CUDAFunctions.cpp:162.)
2026-09-15T04:24:59.307Z   row_lens[b] = L
2026-09-15T04:24:59.307Z 
2026-09-15T04:24:59.308Z [2;36m[2026-09-15 04:24:59][0m [33mWARNING [0m [2m[py.warnings:112, f641d6fce801, rank=0][0m /opt/conda/lib/python3.12/site-packages/olmo_core/nn/pooled_soft_token.py:297: UserWarning: called a synchronizing CUDA operation (Triggered internally at /pytorch/c10/cuda/CUDAFunctions.cpp:162.)
2026-09-15T04:24:59.308Z   soft_rows=torch.tensor(soft_rows, dtype=torch.long, device=device),
2026-09-15T04:24:59.308Z 
2026-09-15T04:24:59.308Z [2;36m[2026-09-15 04:24:59][0m [33mWARNING [0m [2m[py.warnings:112, f641d6fce801, rank=0][0m /opt/conda/lib/python3.12/site-packages/olmo_core/nn/pooled_soft_token.py:298: UserWarning: called a synchronizing CUDA operation (Triggered internally at /pytorch/c10/cuda/CUDAFunctions.cpp:162.)
2026-09-15T04:24:59.308Z   soft_cols=torch.tensor(soft_cols, dtype=torch.long, device=device),
2026-09-15T04:24:59.308Z 
2026-09-15T04:24:59.309Z [2;36m[2026-09-15 04:24:59][0m [33mWARNING [0m [2m[py.warnings:112, f641d6fce801, rank=0][0m /opt/conda/lib/python3.12/site-packages/olmo_core/nn/pooled_soft_token.py:299: UserWarning: called a synchronizing CUDA operation (Triggered internally at /pytorch/c10/cuda/CUDAFunctions.cpp:162.)
2026-09-15T04:24:59.309Z   soft_docs=torch.tensor(soft_docs, dtype=torch.long, device=device),
2026-09-15T04:24:59.309Z 
2026-09-15T04:24:59.309Z [2;36m[2026-09-15 04:24:59][0m [33mWARNING [0m [2m[py.warnings:112, f641d6fce801, rank=0][0m /opt/conda/lib/python3.12/site-packages/olmo_core/nn/pooled_soft_token.py:301: UserWarning: called a synchronizing CUDA operation (Triggered internally at /pytorch/c10/cuda/CUDAFunctions.cpp:162.)
2026-09-15T04:24:59.309Z   soft_log_len=torch.tensor(soft_log_len, dtype=torch.float32, device=device),
2026-09-15T04:24:59.309Z 
2026-09-15T04:24:59.310Z [2;36m[2026-09-15 04:24:59][0m [33mWARNING [0m [2m[py.warnings:112, f641d6fce801, rank=0][0m /opt/conda/lib/python3.12/site-packages/olmo_core/nn/transformer/model.py:1502: UserWarning: called a synchronizing CUDA operation (Triggered internally at /pytorch/c10/cuda/CUDAFunctions.cpp:162.)
2026-09-15T04:24:59.310Z   kv_grad_mask[cb.soft_rows, cb.soft_cols] = False
2026-09-15T04:24:59.310Z 
2026-09-15T04:25:10.036Z [2;36m[2026-09-15 04:25:10][0m [33mWARNING [0m [2m[py.warnings:112, f641d6fce801, rank=0][0m /opt/conda/lib/python3.12/site-packages/liger_kernel/ops/fused_linear_cross_entropy.py:75: UserWarning: called a synchronizing CUDA operation (Triggered internally at /pytorch/c10/cuda/CUDAFunctions.cpp:162.)
2026-09-15T04:25:10.036Z   total_n_non_ignore = target_mask.sum().item()
2026-09-15T04:25:10.036Z 
2026-09-15T04:25:10.040Z [2;36m[2026-09-15 04:25:10][0m [33mWARNING [0m [2m[py.warnings:112, f641d6fce801, rank=1][0m /opt/conda/lib/python3.12/site-packages/liger_kernel/ops/fused_linear_cross_entropy.py:75: UserWarning: called a synchronizing CUDA operation (Triggered internally at /pytorch/c10/cuda/CUDAFunctions.cpp:162.)
2026-09-15T04:25:10.040Z   total_n_non_ignore = target_mask.sum().item()
2026-09-15T04:25:10.040Z 
2026-09-15T04:25:10.835Z [2;36m[2026-09-15 04:25:10][0m [33mWARNING [0m [2m[py.warnings:112, f641d6fce801, rank=1][0m /opt/conda/lib/python3.12/site-packages/liger_kernel/ops/fused_linear_cross_entropy.py:233: UserWarning: called a synchronizing CUDA operation (Triggered internally at /pytorch/c10/cuda/CUDAFunctions.cpp:162.)
2026-09-15T04:25:10.835Z   if not torch.equal(grad_output, torch.tensor(1.0, device=grad_output.device)):
2026-09-15T04:25:10.835Z 
2026-09-15T04:25:10.926Z [2;36m[2026-09-15 04:25:10][0m [33mWARNING [0m [2m[py.warnings:112, f641d6fce801, rank=0][0m /opt/conda/lib/python3.12/site-packages/liger_kernel/ops/fused_linear_cross_entropy.py:233: UserWarning: called a synchronizing CUDA operation (Triggered internally at /pytorch/c10/cuda/CUDAFunctions.cpp:162.)
2026-09-15T04:25:10.926Z   if not torch.equal(grad_output, torch.tensor(1.0, device=grad_output.device)):
2026-09-15T04:25:10.926Z 
2026-09-15T04:25:24.054Z [2;36m[2026-09-15 04:25:24][0m [33mWARNING [0m [2m[py.warnings:112, f641d6fce801, rank=1][0m /opt/conda/lib/python3.12/site-packages/torch/autograd/graph.py:841: UserWarning: called a synchronizing CUDA operation (Triggered internally at /pytorch/c10/cuda/CUDAFunctions.cpp:162.)
2026-09-15T04:25:24.054Z   return Variable._execution_engine.run_backward(  # Calls into the C++ engine to run the backward pass
2026-09-15T04:25:24.054Z 
2026-09-15T04:25:24.056Z [2;36m[2026-09-15 04:25:24][0m [33mWARNING [0m [2m[py.warnings:112, f641d6fce801, rank=1][0m /opt/conda/lib/python3.12/site-packages/torch/distributed/utils.py:106: UserWarning: called a synchronizing CUDA operation (Triggered internally at /pytorch/c10/cuda/CUDAFunctions.cpp:162.)
2026-09-15T04:25:24.056Z   return (obj.to(target_device),)
2026-09-15T04:25:24.056Z 
2026-09-15T04:25:24.065Z [2;36m[2026-09-15 04:25:24][0m [33mWARNING [0m [2m[py.warnings:112, f641d6fce801, rank=1][0m /opt/conda/lib/python3.12/site-packages/olmo_core/nn/transformer/model.py:777: UserWarning: called a synchronizing CUDA operation (Triggered internally at /pytorch/c10/cuda/CUDAFunctions.cpp:162.)
2026-09-15T04:25:24.065Z   n_docs = int(chunk_ids.max().item()) + 1
2026-09-15T04:25:24.065Z 
2026-09-15T04:25:24.074Z [2;36m[2026-09-15 04:25:24][0m [33mWARNING [0m [2m[py.warnings:112, f641d6fce801, rank=1][0m /opt/conda/lib/python3.12/site-packages/olmo_core/nn/transformer/model.py:834: UserWarning: called a synchronizing CUDA operation (Triggered internally at /pytorch/c10/cuda/CUDAFunctions.cpp:162.)
2026-09-15T04:25:24.074Z   flat = (torch.arange(B, device=emb.device)[:, None] * n_docs + cid.clamp(min=0)).reshape(
2026-09-15T04:25:24.074Z 
2026-09-15T04:25:24.075Z [2;36m[2026-09-15 04:25:24][0m [33mWARNING [0m [2m[py.warnings:112, f641d6fce801, rank=1][0m /opt/conda/lib/python3.12/site-packages/olmo_core/nn/transformer/model.py:838: UserWarning: called a synchronizing CUDA operation (Triggered internally at /pytorch/c10/cuda/CUDAFunctions.cpp:162.)
2026-09-15T04:25:24.075Z   0, flat, emb.reshape(B * T, D)[is_ctx.reshape(-1)]
2026-09-15T04:25:24.075Z 
2026-09-15T04:25:24.083Z [2;36m[2026-09-15 04:25:24][0m [33mWARNING [0m [2m[py.warnings:112, f641d6fce801, rank=1][0m /opt/conda/lib/python3.12/site-packages/olmo_core/nn/pooled_soft_token.py:173: UserWarning: called a synchronizing CUDA operation (Triggered internally at /pytorch/c10/cuda/CUDAFunctions.cpp:162.)
2026-09-15T04:25:24.083Z   kept_idx = kept_tok.nonzero(as_tuple=True)[0]
2026-09-15T04:25:24.083Z 
2026-09-15T04:25:24.084Z [2;36m[2026-09-15 04:25:24][0m [33mWARNING [0m [2m[py.warnings:112, f641d6fce801, rank=1][0m /opt/conda/lib/python3.12/site-packages/olmo_core/nn/pooled_soft_token.py:179: UserWarning: called a synchronizing CUDA operation (Triggered internally at /pytorch/c10/cuda/CUDAFunctions.cpp:162.)
2026-09-15T04:25:24.084Z   if is_ctx.any():
2026-09-15T04:25:24.084Z 
2026-09-15T04:25:24.084Z [2;36m[2026-09-15 04:25:24][0m [33mWARNING [0m [2m[py.warnings:112, f641d6fce801, rank=1][0m /opt/conda/lib/python3.12/site-packages/olmo_core/nn/pooled_soft_token.py:180: UserWarning: called a synchronizing CUDA operation (Triggered internally at /pytorch/c10/cuda/CUDAFunctions.cpp:162.)
2026-09-15T04:25:24.084Z   d_ix = c[is_ctx]
2026-09-15T04:25:24.084Z 
2026-09-15T04:25:24.084Z [2;36m[2026-09-15 04:25:24][0m [33mWARNING [0m [2m[py.warnings:112, f641d6fce801, rank=1][0m /opt/conda/lib/python3.12/site-packages/olmo_core/nn/pooled_soft_token.py:181: UserWarning: called a synchronizing CUDA operation (Triggered internally at /pytorch/c10/cuda/CUDAFunctions.cpp:162.)
2026-09-15T04:25:24.084Z   pos_ix = is_ctx.nonzero(as_tuple=True)[0]
2026-09-15T04:25:24.084Z 
2026-09-15T04:25:24.085Z [2;36m[2026-09-15 04:25:24][0m [33mWARNING [0m [2m[py.warnings:112, f641d6fce801, rank=1][0m /opt/conda/lib/python3.12/site-packages/olmo_core/nn/pooled_soft_token.py:186: UserWarning: called a synchronizing CUDA operation (Triggered internally at /pytorch/c10/cuda/CUDAFunctions.cpp:162.)
2026-09-15T04:25:24.085Z   pooled_docs = pooled.nonzero(as_tuple=True)[0]
2026-09-15T04:25:24.085Z 
2026-09-15T04:25:24.086Z [2;36m[2026-09-15 04:25:24][0m [33mWARNING [0m [2m[py.warnings:112, f641d6fce801, rank=1][0m /opt/conda/lib/python3.12/site-packages/olmo_core/nn/pooled_soft_token.py:217: UserWarning: called a synchronizing CUDA operation (Triggered internally at /pytorch/c10/cuda/CUDAFunctions.cpp:162.)
2026-09-15T04:25:24.086Z   doc_len = torch.bincount(c[is_ctx], minlength=n_docs) if is_ctx.any() else torch.zeros(n_docs, dtype=torch.long, device=device)
2026-09-15T04:25:24.086Z 
2026-09-15T04:25:24.086Z [2;36m[2026-09-15 04:25:24][0m [33mWARNING [0m [2m[py.warnings:112, f641d6fce801, rank=1][0m /opt/conda/lib/python3.12/site-packages/olmo_core/nn/pooled_soft_token.py:222: UserWarning: called a synchronizing CUDA operation (Triggered internally at /pytorch/c10/cuda/CUDAFunctions.cpp:162.)
2026-09-15T04:25:24.086Z   soft_cols_b = soft_mask.nonzero(as_tuple=True)[0]
2026-09-15T04:25:24.086Z 
2026-09-15T04:25:24.087Z [2;36m[2026-09-15 04:25:24][0m [33mWARNING [0m [2m[py.warnings:112, f641d6fce801, rank=1][0m /opt/conda/lib/python3.12/site-packages/olmo_core/nn/pooled_soft_token.py:226: UserWarning: called a synchronizing CUDA operation (Triggered internally at /pytorch/c10/cuda/CUDAFunctions.cpp:162.)
2026-09-15T04:25:24.087Z   cols_l = soft_cols_b.tolist()
2026-09-15T04:25:24.087Z 
2026-09-15T04:25:24.087Z [2;36m[2026-09-15 04:25:24][0m [33mWARNING [0m [2m[py.warnings:112, f641d6fce801, rank=1][0m /opt/conda/lib/python3.12/site-packages/olmo_core/nn/pooled_soft_token.py:229: UserWarning: called a synchronizing CUDA operation (Triggered internally at /pytorch/c10/cuda/CUDAFunctions.cpp:162.)
2026-09-15T04:25:24.087Z   soft_docs += docs_b.tolist()
2026-09-15T04:25:24.087Z 
2026-09-15T04:25:24.087Z [2;36m[2026-09-15 04:25:24][0m [33mWARNING [0m [2m[py.warnings:112, f641d6fce801, rank=1][0m /opt/conda/lib/python3.12/site-packages/olmo_core/nn/pooled_soft_token.py:230: UserWarning: called a synchronizing CUDA operation (Triggered internally at /pytorch/c10/cuda/CUDAFunctions.cpp:162.)
2026-09-15T04:25:24.087Z   soft_log_len += lens_b.tolist()
2026-09-15T04:25:24.087Z 
2026-09-15T04:25:24.089Z [2;36m[2026-09-15 04:25:24][0m [33mWARNING [0m [2m[py.warnings:112, f641d6fce801, rank=1][0m /opt/conda/lib/python3.12/site-packages/olmo_core/nn/pooled_soft_token.py:280: UserWarning: called a synchronizing CUDA operation (Triggered internally at /pytorch/c10/cuda/CUDAFunctions.cpp:162.)
2026-09-15T04:25:24.089Z   row_lens[b] = L
2026-09-15T04:25:24.089Z 
2026-09-15T04:25:24.090Z [2;36m[2026-09-15 04:25:24][0m [33mWARNING [0m [2m[py.warnings:112, f641d6fce801, rank=1][0m /opt/conda/lib/python3.12/site-packages/olmo_core/nn/pooled_soft_token.py:297: UserWarning: called a synchronizing CUDA operation (Triggered internally at /pytorch/c10/cuda/CUDAFunctions.cpp:162.)
2026-09-15T04:25:24.090Z   soft_rows=torch.tensor(soft_rows, dtype=torch.long, device=device),
2026-09-15T04:25:24.090Z 
2026-09-15T04:25:24.090Z [2;36m[2026-09-15 04:25:24][0m [33mWARNING [0m [2m[py.warnings:112, f641d6fce801, rank=1][0m /opt/conda/lib/python3.12/site-packages/olmo_core/nn/pooled_soft_token.py:298: UserWarning: called a synchronizing CUDA operation (Triggered internally at /pytorch/c10/cuda/CUDAFunctions.cpp:162.)
2026-09-15T04:25:24.090Z   soft_cols=torch.tensor(soft_cols, dtype=torch.long, device=device),
2026-09-15T04:25:24.090Z 
2026-09-15T04:25:24.090Z [2;36m[2026-09-15 04:25:24][0m [33mWARNING [0m [2m[py.warnings:112, f641d6fce801, rank=1][0m /opt/conda/lib/python3.12/site-packages/olmo_core/nn/pooled_soft_token.py:299: UserWarning: called a synchronizing CUDA operation (Triggered internally at /pytorch/c10/cuda/CUDAFunctions.cpp:162.)
2026-09-15T04:25:24.090Z   soft_docs=torch.tensor(soft_docs, dtype=torch.long, device=device),
2026-09-15T04:25:24.090Z 
2026-09-15T04:25:24.091Z [2;36m[2026-09-15 04:25:24][0m [33mWARNING [0m [2m[py.warnings:112, f641d6fce801, rank=1][0m /opt/conda/lib/python3.12/site-packages/olmo_core/nn/pooled_soft_token.py:301: UserWarning: called a synchronizing CUDA operation (Triggered internally at /pytorch/c10/cuda/CUDAFunctions.cpp:162.)
2026-09-15T04:25:24.091Z   soft_log_len=torch.tensor(soft_log_len, dtype=torch.float32, device=device),
2026-09-15T04:25:24.091Z 
2026-09-15T04:25:24.091Z [2;36m[2026-09-15 04:25:24][0m [33mWARNING [0m [2m[py.warnings:112, f641d6fce801, rank=1][0m /opt/conda/lib/python3.12/site-packages/olmo_core/nn/transformer/model.py:1502: UserWarning: called a synchronizing CUDA operation (Triggered internally at /pytorch/c10/cuda/CUDAFunctions.cpp:162.)
2026-09-15T04:25:24.091Z   kv_grad_mask[cb.soft_rows, cb.soft_cols] = False
2026-09-15T04:25:24.091Z 
2026-09-15T04:25:24.233Z [2;36m[2026-09-15 04:25:24][0m [33mWARNING [0m [2m[py.warnings:112, f641d6fce801, rank=1][0m /opt/conda/lib/python3.12/site-packages/liger_kernel/ops/fused_linear_cross_entropy.py:75: UserWarning: called a synchronizing CUDA operation (Triggered internally at /pytorch/c10/cuda/CUDAFunctions.cpp:162.)
2026-09-15T04:25:24.233Z   total_n_non_ignore = target_mask.sum().item()
2026-09-15T04:25:24.233Z 
2026-09-15T04:25:24.844Z [2;36m[2026-09-15 04:25:24][0m [33mWARNING [0m [2m[py.warnings:112, f641d6fce801, rank=1][0m /opt/conda/lib/python3.12/site-packages/liger_kernel/ops/fused_linear_cross_entropy.py:233: UserWarning: called a synchronizing CUDA operation (Triggered internally at /pytorch/c10/cuda/CUDAFunctions.cpp:162.)
2026-09-15T04:25:24.844Z   if not torch.equal(grad_output, torch.tensor(1.0, device=grad_output.device)):
2026-09-15T04:25:24.844Z 
2026-09-15T04:25:31.565Z [2;36m[2026-09-15 04:25:31][0m [34mINFO    [0m [2m[olmo_core.train.callbacks.console_logger:68, f641d6fce801, rank=0][0m [step=19/61,epoch=1,eta=14m]
2026-09-15T04:25:31.565Z     gpu_memory/GPU active mem (%)=75.57
2026-09-15T04:25:31.565Z     gpu_memory/GPU active mem (GiB)=59.89
2026-09-15T04:25:31.565Z     gpu_memory/GPU reserved mem (%)=80.90
2026-09-15T04:25:31.565Z     gpu_memory/GPU reserved mem (GiB)=64.12
2026-09-15T04:25:31.565Z     optim/LR (group 0)=3.56E-06
2026-09-15T04:25:31.565Z     optim/LR (group 1)=3.56E-06
2026-09-15T04:25:31.565Z     optim/step skipped=0.0
2026-09-15T04:25:31.565Z     optim/total grad norm=3.181
2026-09-15T04:25:31.565Z     throughput/chinchilla multiple=2.96E-05
2026-09-15T04:25:31.565Z     throughput/device/BPS=0.0175
2026-09-15T04:25:31.565Z     throughput/device/BPS (actual avg)=0.0521
2026-09-15T04:25:31.565Z     throughput/device/MFU=8.438
2026-09-15T04:25:31.565Z     throughput/device/MFU (actual avg)=25.06
2026-09-15T04:25:31.565Z     throughput/device/TPS=1,149
2026-09-15T04:25:31.565Z     throughput/device/TPS (actual avg)=3,414
2026-09-15T04:25:31.565Z     throughput/device/flopsPS=26.33T
2026-09-15T04:25:31.565Z     throughput/device/flopsPS (actual avg)=78.20T
2026-09-15T04:25:31.565Z     throughput/total petaflops=57.03
2026-09-15T04:25:31.565Z     throughput/total tokens=2,490,368
2026-09-15T04:25:31.565Z     train/CE loss=0.4380
2026-09-15T04:25:31.565Z     throughput/device/data loading (%)=0.0037
2026-09-15T04:25:31.565Z     throughput/device/data loading (s)=0.0021
2026-09-15T04:25:31.565Z     train/PPL=1.550
2026-09-15T04:25:42.454Z [2;36m[2026-09-15 04:25:42][0m [34mINFO    [0m [2m[olmo_core.train.callbacks.console_logger:68, f641d6fce801, rank=0][0m [step=20/61,epoch=1,eta=13m]
2026-09-15T04:25:42.454Z     gpu_memory/GPU active mem (%)=75.57
2026-09-15T04:25:42.454Z     gpu_memory/GPU active mem (GiB)=59.89
2026-09-15T04:25:42.454Z     gpu_memory/GPU reserved mem (%)=80.90
2026-09-15T04:25:42.454Z     gpu_memory/GPU reserved mem (GiB)=64.12
2026-09-15T04:25:42.454Z     optim/LR (group 0)=3.47E-06
2026-09-15T04:25:42.454Z     optim/LR (group 1)=3.47E-06
2026-09-15T04:25:42.454Z     optim/step skipped=0.0
2026-09-15T04:25:42.454Z     optim/total grad norm=2.046
2026-09-15T04:25:42.454Z     throughput/chinchilla multiple=3.12E-05
2026-09-15T04:25:42.454Z     throughput/device/BPS=0.0918
2026-09-15T04:25:42.454Z     throughput/device/BPS (actual avg)=0.0533
2026-09-15T04:25:42.454Z     throughput/device/MFU=44.18
2026-09-15T04:25:42.454Z     throughput/device/MFU (actual avg)=25.65
2026-09-15T04:25:42.454Z     throughput/device/TPS=6,018
2026-09-15T04:25:42.454Z     throughput/device/TPS (actual avg)=3,494
2026-09-15T04:25:42.454Z     throughput/device/flopsPS=137.8T
2026-09-15T04:25:42.454Z     throughput/device/flopsPS (actual avg)=80.02T
2026-09-15T04:25:42.454Z     throughput/total petaflops=60.03
2026-09-15T04:25:42.454Z     throughput/total tokens=2,621,440
2026-09-15T04:25:42.454Z     train/CE loss=0.4317
2026-09-15T04:25:42.454Z     throughput/device/data loading (%)=0.0192
2026-09-15T04:25:42.454Z     throughput/device/data loading (s)=0.0021
2026-09-15T04:25:42.454Z     train/PPL=1.540
2026-09-15T04:25:53.312Z [2;36m[2026-09-15 04:25:53][0m [33mWARNING [0m [2m[py.warnings:112, f641d6fce801, rank=1][0m /opt/conda/lib/python3.12/site-packages/torch/autograd/graph.py:841: UserWarning: called a synchronizing CUDA operation (Triggered internally at /pytorch/c10/cuda/CUDAFunctions.cpp:162.)
2026-09-15T04:25:53.312Z   return Variable._execution_engine.run_backward(  # Calls into the C++ engine to run the backward pass
2026-09-15T04:25:53.312Z 
2026-09-15T04:25:53.326Z [2;36m[2026-09-15 04:25:53][0m [33mWARNING [0m [2m[py.warnings:112, f641d6fce801, rank=0][0m /opt/conda/lib/python3.12/site-packages/torch/autograd/graph.py:841: UserWarning: called a synchronizing CUDA operation (Triggered internally at /pytorch/c10/cuda/CUDAFunctions.cpp:162.)
2026-09-15T04:25:53.326Z   return Variable._execution_engine.run_backward(  # Calls into the C++ engine to run the backward pass
2026-09-15T04:25:53.326Z 
2026-09-15T04:25:53.565Z [2;36m[2026-09-15 04:25:53][0m [33mWARNING [0m [2m[py.warnings:112, f641d6fce801, rank=0][0m /opt/conda/lib/python3.12/site-packages/torch/distributed/utils.py:106: UserWarning: called a synchronizing CUDA operation (Triggered internally at /pytorch/c10/cuda/CUDAFunctions.cpp:162.)
2026-09-15T04:25:53.565Z   return (obj.to(target_device),)
2026-09-15T04:25:53.565Z 
2026-09-15T04:25:53.565Z [2;36m[2026-09-15 04:25:53][0m [33mWARNING [0m [2m[py.warnings:112, f641d6fce801, rank=1][0m /opt/conda/lib/python3.12/site-packages/torch/distributed/utils.py:106: UserWarning: called a synchronizing CUDA operation (Triggered internally at /pytorch/c10/cuda/CUDAFunctions.cpp:162.)
2026-09-15T04:25:53.565Z   return (obj.to(target_device),)
2026-09-15T04:25:53.565Z 
2026-09-15T04:25:53.567Z [2;36m[2026-09-15 04:25:53][0m [34mINFO    [0m [2m[olmo_core.train.callbacks.console_logger:68, f641d6fce801, rank=0][0m [step=21/61,epoch=1,eta=12m]
2026-09-15T04:25:53.567Z     gpu_memory/GPU active mem (%)=75.57
2026-09-15T04:25:53.567Z     gpu_memory/GPU active mem (GiB)=59.89
2026-09-15T04:25:53.567Z     gpu_memory/GPU reserved mem (%)=80.90
2026-09-15T04:25:53.567Z     gpu_memory/GPU reserved mem (GiB)=64.12
2026-09-15T04:25:53.567Z     optim/LR (group 0)=3.39E-06
2026-09-15T04:25:53.567Z     optim/LR (group 1)=3.39E-06
2026-09-15T04:25:53.567Z     optim/step skipped=0.0
2026-09-15T04:25:53.567Z     optim/total grad norm=2.045
2026-09-15T04:25:53.567Z     throughput/chinchilla multiple=3.27E-05
2026-09-15T04:25:53.567Z     throughput/device/BPS=0.0900
2026-09-15T04:25:53.567Z     throughput/device/BPS (actual avg)=0.0544
2026-09-15T04:25:53.567Z     throughput/device/MFU=43.29
2026-09-15T04:25:53.567Z     throughput/device/MFU (actual avg)=26.18
2026-09-15T04:25:53.567Z     throughput/device/TPS=5,898
2026-09-15T04:25:53.567Z     throughput/device/TPS (actual avg)=3,567
2026-09-15T04:25:53.567Z     throughput/device/flopsPS=135.1T
2026-09-15T04:25:53.567Z     throughput/device/flopsPS (actual avg)=81.68T
2026-09-15T04:25:53.567Z     throughput/total petaflops=63.03
2026-09-15T04:25:53.568Z     throughput/total tokens=2,752,512
2026-09-15T04:25:53.568Z     train/CE loss=0.4340
2026-09-15T04:25:53.568Z     throughput/device/data loading (%)=0.0185
2026-09-15T04:25:53.568Z     throughput/device/data loading (s)=0.0021
2026-09-15T04:25:53.568Z     train/PPL=1.543
2026-09-15T04:25:53.570Z [2;36m[2026-09-15 04:25:53][0m [33mWARNING [0m [2m[py.warnings:112, f641d6fce801, rank=0][0m /opt/conda/lib/python3.12/site-packages/olmo_core/nn/transformer/model.py:777: UserWarning: called a synchronizing CUDA operation (Triggered internally at /pytorch/c10/cuda/CUDAFunctions.cpp:162.)
2026-09-15T04:25:53.570Z   n_docs = int(chunk_ids.max().item()) + 1
2026-09-15T04:25:53.570Z 
2026-09-15T04:25:53.579Z [2;36m[2026-09-15 04:25:53][0m [33mWARNING [0m [2m[py.warnings:112, f641d6fce801, rank=0][0m /opt/conda/lib/python3.12/site-packages/olmo_core/nn/transformer/model.py:834: UserWarning: called a synchronizing CUDA operation (Triggered internally at /pytorch/c10/cuda/CUDAFunctions.cpp:162.)
2026-09-15T04:25:53.579Z   flat = (torch.arange(B, device=emb.device)[:, None] * n_docs + cid.clamp(min=0)).reshape(
2026-09-15T04:25:53.579Z 
2026-09-15T04:25:53.579Z [2;36m[2026-09-15 04:25:53][0m [33mWARNING [0m [2m[py.warnings:112, f641d6fce801, rank=1][0m /opt/conda/lib/python3.12/site-packages/olmo_core/nn/transformer/model.py:834: UserWarning: called a synchronizing CUDA operation (Triggered internally at /pytorch/c10/cuda/CUDAFunctions.cpp:162.)
2026-09-15T04:25:53.579Z   flat = (torch.arange(B, device=emb.device)[:, None] * n_docs + cid.clamp(min=0)).reshape(
2026-09-15T04:25:53.579Z 
2026-09-15T04:25:53.579Z [2;36m[2026-09-15 04:25:53][0m [33mWARNING [0m [2m[py.warnings:112, f641d6fce801, rank=1][0m /opt/conda/lib/python3.12/site-packages/olmo_core/nn/transformer/model.py:838: UserWarning: called a synchronizing CUDA operation (Triggered internally at /pytorch/c10/cuda/CUDAFunctions.cpp:162.)
2026-09-15T04:25:53.579Z   0, flat, emb.reshape(B * T, D)[is_ctx.reshape(-1)]
2026-09-15T04:25:53.579Z 
2026-09-15T04:25:53.580Z [2;36m[2026-09-15 04:25:53][0m [33mWARNING [0m [2m[py.warnings:112, f641d6fce801, rank=0][0m /opt/conda/lib/python3.12/site-packages/olmo_core/nn/transformer/model.py:838: UserWarning: called a synchronizing CUDA operation (Triggered internally at /pytorch/c10/cuda/CUDAFunctions.cpp:162.)
2026-09-15T04:25:53.580Z   0, flat, emb.reshape(B * T, D)[is_ctx.reshape(-1)]
2026-09-15T04:25:53.580Z 
2026-09-15T04:25:53.589Z [2;36m[2026-09-15 04:25:53][0m [33mWARNING [0m [2m[py.warnings:112, f641d6fce801, rank=0][0m /opt/conda/lib/python3.12/site-packages/olmo_core/nn/pooled_soft_token.py:173: UserWarning: called a synchronizing CUDA operation (Triggered internally at /pytorch/c10/cuda/CUDAFunctions.cpp:162.)
2026-09-15T04:25:53.589Z   kept_idx = kept_tok.nonzero(as_tuple=True)[0]
2026-09-15T04:25:53.589Z 
2026-09-15T04:25:53.589Z [2;36m[2026-09-15 04:25:53][0m [33mWARNING [0m [2m[py.warnings:112, f641d6fce801, rank=1][0m /opt/conda/lib/python3.12/site-packages/olmo_core/nn/pooled_soft_token.py:173: UserWarning: called a synchronizing CUDA operation (Triggered internally at /pytorch/c10/cuda/CUDAFunctions.cpp:162.)
2026-09-15T04:25:53.589Z   kept_idx = kept_tok.nonzero(as_tuple=True)[0]
2026-09-15T04:25:53.589Z 
2026-09-15T04:25:53.589Z [2;36m[2026-09-15 04:25:53][0m [33mWARNING [0m [2m[py.warnings:112, f641d6fce801, rank=1][0m /opt/conda/lib/python3.12/site-packages/olmo_core/nn/pooled_soft_token.py:179: UserWarning: called a synchronizing CUDA operation (Triggered internally at /pytorch/c10/cuda/CUDAFunctions.cpp:162.)
2026-09-15T04:25:53.589Z   if is_ctx.any():
2026-09-15T04:25:53.589Z 
2026-09-15T04:25:53.589Z [2;36m[2026-09-15 04:25:53][0m [33mWARNING [0m [2m[py.warnings:112, f641d6fce801, rank=0][0m /opt/conda/lib/python3.12/site-packages/olmo_core/nn/pooled_soft_token.py:179: UserWarning: called a synchronizing CUDA operation (Triggered internally at /pytorch/c10/cuda/CUDAFunctions.cpp:162.)
2026-09-15T04:25:53.589Z   if is_ctx.any():
2026-09-15T04:25:53.589Z 
2026-09-15T04:25:53.590Z [2;36m[2026-09-15 04:25:53][0m [33mWARNING [0m [2m[py.warnings:112, f641d6fce801, rank=1][0m /opt/conda/lib/python3.12/site-packages/olmo_core/nn/pooled_soft_token.py:180: UserWarning: called a synchronizing CUDA operation (Triggered internally at /pytorch/c10/cuda/CUDAFunctions.cpp:162.)
2026-09-15T04:25:53.590Z   d_ix = c[is_ctx]
2026-09-15T04:25:53.590Z 
2026-09-15T04:25:53.590Z [2;36m[2026-09-15 04:25:53][0m [33mWARNING [0m [2m[py.warnings:112, f641d6fce801, rank=0][0m /opt/conda/lib/python3.12/site-packages/olmo_core/nn/pooled_soft_token.py:180: UserWarning: called a synchronizing CUDA operation (Triggered internally at /pytorch/c10/cuda/CUDAFunctions.cpp:162.)
2026-09-15T04:25:53.590Z   d_ix = c[is_ctx]
2026-09-15T04:25:53.590Z 
2026-09-15T04:25:53.590Z [2;36m[2026-09-15 04:25:53][0m [33mWARNING [0m [2m[py.warnings:112, f641d6fce801, rank=1][0m /opt/conda/lib/python3.12/site-packages/olmo_core/nn/pooled_soft_token.py:181: UserWarning: called a synchronizing CUDA operation (Triggered internally at /pytorch/c10/cuda/CUDAFunctions.cpp:162.)
2026-09-15T04:25:53.590Z   pos_ix = is_ctx.nonzero(as_tuple=True)[0]
2026-09-15T04:25:53.590Z 
2026-09-15T04:25:53.590Z [2;36m[2026-09-15 04:25:53][0m [33mWARNING [0m [2m[py.warnings:112, f641d6fce801, rank=0][0m /opt/conda/lib/python3.12/site-packages/olmo_core/nn/pooled_soft_token.py:181: UserWarning: called a synchronizing CUDA operation (Triggered internally at /pytorch/c10/cuda/CUDAFunctions.cpp:162.)
2026-09-15T04:25:53.590Z   pos_ix = is_ctx.nonzero(as_tuple=True)[0]
2026-09-15T04:25:53.590Z 
2026-09-15T04:25:53.590Z [2;36m[2026-09-15 04:25:53][0m [33mWARNING [0m [2m[py.warnings:112, f641d6fce801, rank=1][0m /opt/conda/lib/python3.12/site-packages/olmo_core/nn/pooled_soft_token.py:186: UserWarning: called a synchronizing CUDA operation (Triggered internally at /pytorch/c10/cuda/CUDAFunctions.cpp:162.)
2026-09-15T04:25:53.590Z   pooled_docs = pooled.nonzero(as_tuple=True)[0]
2026-09-15T04:25:53.590Z 
2026-09-15T04:25:53.591Z [2;36m[2026-09-15 04:25:53][0m [33mWARNING [0m [2m[py.warnings:112, f641d6fce801, rank=0][0m /opt/conda/lib/python3.12/site-packages/olmo_core/nn/pooled_soft_token.py:186: UserWarning: called a synchronizing CUDA operation (Triggered internally at /pytorch/c10/cuda/CUDAFunctions.cpp:162.)
2026-09-15T04:25:53.591Z   pooled_docs = pooled.nonzero(as_tuple=True)[0]
2026-09-15T04:25:53.591Z 
2026-09-15T04:25:53.591Z [2;36m[2026-09-15 04:25:53][0m [33mWARNING [0m [2m[py.warnings:112, f641d6fce801, rank=1][0m /opt/conda/lib/python3.12/site-packages/olmo_core/nn/pooled_soft_token.py:217: UserWarning: called a synchronizing CUDA operation (Triggered internally at /pytorch/c10/cuda/CUDAFunctions.cpp:162.)
2026-09-15T04:25:53.591Z   doc_len = torch.bincount(c[is_ctx], minlength=n_docs) if is_ctx.any() else torch.zeros(n_docs, dtype=torch.long, device=device)
2026-09-15T04:25:53.591Z 
2026-09-15T04:25:53.592Z [2;36m[2026-09-15 04:25:53][0m [33mWARNING [0m [2m[py.warnings:112, f641d6fce801, rank=1][0m /opt/conda/lib/python3.12/site-packages/olmo_core/nn/pooled_soft_token.py:222: UserWarning: called a synchronizing CUDA operation (Triggered internally at /pytorch/c10/cuda/CUDAFunctions.cpp:162.)
2026-09-15T04:25:53.592Z   soft_cols_b = soft_mask.nonzero(as_tuple=True)[0]
2026-09-15T04:25:53.592Z 
2026-09-15T04:25:53.592Z [2;36m[2026-09-15 04:25:53][0m [33mWARNING [0m [2m[py.warnings:112, f641d6fce801, rank=0][0m /opt/conda/lib/python3.12/site-packages/olmo_core/nn/pooled_soft_token.py:217: UserWarning: called a synchronizing CUDA operation (Triggered internally at /pytorch/c10/cuda/CUDAFunctions.cpp:162.)
2026-09-15T04:25:53.592Z   doc_len = torch.bincount(c[is_ctx], minlength=n_docs) if is_ctx.any() else torch.zeros(n_docs, dtype=torch.long, device=device)
2026-09-15T04:25:53.592Z 
2026-09-15T04:25:53.592Z [2;36m[2026-09-15 04:25:53][0m [33mWARNING [0m [2m[py.warnings:112, f641d6fce801, rank=1][0m /opt/conda/lib/python3.12/site-packages/olmo_core/nn/pooled_soft_token.py:226: UserWarning: called a synchronizing CUDA operation (Triggered internally at /pytorch/c10/cuda/CUDAFunctions.cpp:162.)
2026-09-15T04:25:53.592Z   cols_l = soft_cols_b.tolist()
2026-09-15T04:25:53.592Z 
2026-09-15T04:25:53.593Z [2;36m[2026-09-15 04:25:53][0m [33mWARNING [0m [2m[py.warnings:112, f641d6fce801, rank=1][0m /opt/conda/lib/python3.12/site-packages/olmo_core/nn/pooled_soft_token.py:229: UserWarning: called a synchronizing CUDA operation (Triggered internally at /pytorch/c10/cuda/CUDAFunctions.cpp:162.)
2026-09-15T04:25:53.593Z   soft_docs += docs_b.tolist()
2026-09-15T04:25:53.593Z 
2026-09-15T04:25:53.593Z [2;36m[2026-09-15 04:25:53][0m [33mWARNING [0m [2m[py.warnings:112, f641d6fce801, rank=0][0m /opt/conda/lib/python3.12/site-packages/olmo_core/nn/pooled_soft_token.py:222: UserWarning: called a synchronizing CUDA operation (Triggered internally at /pytorch/c10/cuda/CUDAFunctions.cpp:162.)
2026-09-15T04:25:53.593Z   soft_cols_b = soft_mask.nonzero(as_tuple=True)[0]
2026-09-15T04:25:53.593Z 
2026-09-15T04:25:53.593Z [2;36m[2026-09-15 04:25:53][0m [33mWARNING [0m [2m[py.warnings:112, f641d6fce801, rank=1][0m /opt/conda/lib/python3.12/site-packages/olmo_core/nn/pooled_soft_token.py:230: UserWarning: called a synchronizing CUDA operation (Triggered internally at /pytorch/c10/cuda/CUDAFunctions.cpp:162.)
2026-09-15T04:25:53.593Z   soft_log_len += lens_b.tolist()
2026-09-15T04:25:53.593Z 
2026-09-15T04:25:53.593Z [2;36m[2026-09-15 04:25:53][0m [33mWARNING [0m [2m[py.warnings:112, f641d6fce801, rank=0][0m /opt/conda/lib/python3.12/site-packages/olmo_core/nn/pooled_soft_token.py:226: UserWarning: called a synchronizing CUDA operation (Triggered internally at /pytorch/c10/cuda/CUDAFunctions.cpp:162.)
2026-09-15T04:25:53.593Z   cols_l = soft_cols_b.tolist()
2026-09-15T04:25:53.593Z 
2026-09-15T04:25:53.594Z [2;36m[2026-09-15 04:25:53][0m [33mWARNING [0m [2m[py.warnings:112, f641d6fce801, rank=0][0m /opt/conda/lib/python3.12/site-packages/olmo_core/nn/pooled_soft_token.py:229: UserWarning: called a synchronizing CUDA operation (Triggered internally at /pytorch/c10/cuda/CUDAFunctions.cpp:162.)
2026-09-15T04:25:53.594Z   soft_docs += docs_b.tolist()
2026-09-15T04:25:53.594Z 
2026-09-15T04:25:53.594Z [2;36m[2026-09-15 04:25:53][0m [33mWARNING [0m [2m[py.warnings:112, f641d6fce801, rank=0][0m /opt/conda/lib/python3.12/site-packages/olmo_core/nn/pooled_soft_token.py:230: UserWarning: called a synchronizing CUDA operation (Triggered internally at /pytorch/c10/cuda/CUDAFunctions.cpp:162.)
2026-09-15T04:25:53.594Z   soft_log_len += lens_b.tolist()
2026-09-15T04:25:53.594Z 
2026-09-15T04:25:53.595Z [2;36m[2026-09-15 04:25:53][0m [33mWARNING [0m [2m[py.warnings:112, f641d6fce801, rank=1][0m /opt/conda/lib/python3.12/site-packages/olmo_core/nn/pooled_soft_token.py:280: UserWarning: called a synchronizing CUDA operation (Triggered internally at /pytorch/c10/cuda/CUDAFunctions.cpp:162.)
2026-09-15T04:25:53.595Z   row_lens[b] = L
2026-09-15T04:25:53.595Z 
2026-09-15T04:25:53.595Z [2;36m[2026-09-15 04:25:53][0m [33mWARNING [0m [2m[py.warnings:112, f641d6fce801, rank=1][0m /opt/conda/lib/python3.12/site-packages/olmo_core/nn/pooled_soft_token.py:297: UserWarning: called a synchronizing CUDA operation (Triggered internally at /pytorch/c10/cuda/CUDAFunctions.cpp:162.)
2026-09-15T04:25:53.595Z   soft_rows=torch.tensor(soft_rows, dtype=torch.long, device=device),
2026-09-15T04:25:53.595Z 
2026-09-15T04:25:53.596Z [2;36m[2026-09-15 04:25:53][0m [33mWARNING [0m [2m[py.warnings:112, f641d6fce801, rank=1][0m /opt/conda/lib/python3.12/site-packages/olmo_core/nn/pooled_soft_token.py:298: UserWarning: called a synchronizing CUDA operation (Triggered internally at /pytorch/c10/cuda/CUDAFunctions.cpp:162.)
2026-09-15T04:25:53.596Z   soft_cols=torch.tensor(soft_cols, dtype=torch.long, device=device),
2026-09-15T04:25:53.596Z 
2026-09-15T04:25:53.596Z [2;36m[2026-09-15 04:25:53][0m [33mWARNING [0m [2m[py.warnings:112, f641d6fce801, rank=1][0m /opt/conda/lib/python3.12/site-packages/olmo_core/nn/pooled_soft_token.py:299: UserWarning: called a synchronizing CUDA operation (Triggered internally at /pytorch/c10/cuda/CUDAFunctions.cpp:162.)
2026-09-15T04:25:53.596Z   soft_docs=torch.tensor(soft_docs, dtype=torch.long, device=device),
2026-09-15T04:25:53.596Z 
2026-09-15T04:25:53.596Z [2;36m[2026-09-15 04:25:53][0m [33mWARNING [0m [2m[py.warnings:112, f641d6fce801, rank=1][0m /opt/conda/lib/python3.12/site-packages/olmo_core/nn/pooled_soft_token.py:301: UserWarning: called a synchronizing CUDA operation (Triggered internally at /pytorch/c10/cuda/CUDAFunctions.cpp:162.)
2026-09-15T04:25:53.596Z   soft_log_len=torch.tensor(soft_log_len, dtype=torch.float32, device=device),
2026-09-15T04:25:53.596Z 
2026-09-15T04:25:53.597Z [2;36m[2026-09-15 04:25:53][0m [33mWARNING [0m [2m[py.warnings:112, f641d6fce801, rank=0][0m /opt/conda/lib/python3.12/site-packages/olmo_core/nn/pooled_soft_token.py:280: UserWarning: called a synchronizing CUDA operation (Triggered internally at /pytorch/c10/cuda/CUDAFunctions.cpp:162.)
2026-09-15T04:25:53.597Z   row_lens[b] = L
2026-09-15T04:25:53.597Z 
2026-09-15T04:25:53.597Z [2;36m[2026-09-15 04:25:53][0m [33mWARNING [0m [2m[py.warnings:112, f641d6fce801, rank=1][0m /opt/conda/lib/python3.12/site-packages/olmo_core/nn/transformer/model.py:1502: UserWarning: called a synchronizing CUDA operation (Triggered internally at /pytorch/c10/cuda/CUDAFunctions.cpp:162.)
2026-09-15T04:25:53.597Z   kv_grad_mask[cb.soft_rows, cb.soft_cols] = False
2026-09-15T04:25:53.597Z 
2026-09-15T04:25:53.597Z [2;36m[2026-09-15 04:25:53][0m [33mWARNING [0m [2m[py.warnings:112, f641d6fce801, rank=0][0m /opt/conda/lib/python3.12/site-packages/olmo_core/nn/pooled_soft_token.py:297: UserWarning: called a synchronizing CUDA operation (Triggered internally at /pytorch/c10/cuda/CUDAFunctions.cpp:162.)
2026-09-15T04:25:53.597Z   soft_rows=torch.tensor(soft_rows, dtype=torch.long, device=device),
2026-09-15T04:25:53.597Z 
2026-09-15T04:25:53.598Z [2;36m[2026-09-15 04:25:53][0m [33mWARNING [0m [2m[py.warnings:112, f641d6fce801, rank=0][0m /opt/conda/lib/python3.12/site-packages/olmo_core/nn/pooled_soft_token.py:298: UserWarning: called a synchronizing CUDA operation (Triggered internally at /pytorch/c10/cuda/CUDAFunctions.cpp:162.)
2026-09-15T04:25:53.598Z   soft_cols=torch.tensor(soft_cols, dtype=torch.long, device=device),
2026-09-15T04:25:53.598Z 
2026-09-15T04:25:53.598Z [2;36m[2026-09-15 04:25:53][0m [33mWARNING [0m [2m[py.warnings:112, f641d6fce801, rank=0][0m /opt/conda/lib/python3.12/site-packages/olmo_core/nn/pooled_soft_token.py:299: UserWarning: called a synchronizing CUDA operation (Triggered internally at /pytorch/c10/cuda/CUDAFunctions.cpp:162.)
2026-09-15T04:25:53.598Z   soft_docs=torch.tensor(soft_docs, dtype=torch.long, device=device),
2026-09-15T04:25:53.598Z 
2026-09-15T04:25:53.599Z [2;36m[2026-09-15 04:25:53][0m [33mWARNING [0m [2m[py.warnings:112, f641d6fce801, rank=0][0m /opt/conda/lib/python3.12/site-packages/olmo_core/nn/pooled_soft_token.py:301: UserWarning: called a synchronizing CUDA operation (Triggered internally at /pytorch/c10/cuda/CUDAFunctions.cpp:162.)
2026-09-15T04:25:53.599Z   soft_log_len=torch.tensor(soft_log_len, dtype=torch.float32, device=device),
2026-09-15T04:25:53.599Z 
2026-09-15T04:25:53.600Z [2;36m[2026-09-15 04:25:53][0m [33mWARNING [0m [2m[py.warnings:112, f641d6fce801, rank=0][0m /opt/conda/lib/python3.12/site-packages/olmo_core/nn/transformer/model.py:1502: UserWarning: called a synchronizing CUDA operation (Triggered internally at /pytorch/c10/cuda/CUDAFunctions.cpp:162.)
2026-09-15T04:25:53.600Z   kv_grad_mask[cb.soft_rows, cb.soft_cols] = False
2026-09-15T04:25:53.600Z 
2026-09-15T04:25:53.744Z [2;36m[2026-09-15 04:25:53][0m [33mWARNING [0m [2m[py.warnings:112, f641d6fce801, rank=0][0m /opt/conda/lib/python3.12/site-packages/liger_kernel/ops/fused_linear_cross_entropy.py:75: UserWarning: called a synchronizing CUDA operation (Triggered internally at /pytorch/c10/cuda/CUDAFunctions.cpp:162.)
2026-09-15T04:25:53.744Z   total_n_non_ignore = target_mask.sum().item()
2026-09-15T04:25:53.744Z 
2026-09-15T04:25:53.746Z [2;36m[2026-09-15 04:25:53][0m [33mWARNING [0m [2m[py.warnings:112, f641d6fce801, rank=1][0m /opt/conda/lib/python3.12/site-packages/liger_kernel/ops/fused_linear_cross_entropy.py:75: UserWarning: called a synchronizing CUDA operation (Triggered internally at /pytorch/c10/cuda/CUDAFunctions.cpp:162.)
2026-09-15T04:25:53.746Z   total_n_non_ignore = target_mask.sum().item()
2026-09-15T04:25:53.746Z 
2026-09-15T04:25:54.280Z [2;36m[2026-09-15 04:25:54][0m [33mWARNING [0m [2m[py.warnings:112, f641d6fce801, rank=1][0m /opt/conda/lib/python3.12/site-packages/liger_kernel/ops/fused_linear_cross_entropy.py:233: UserWarning: called a synchronizing CUDA operation (Triggered internally at /pytorch/c10/cuda/CUDAFunctions.cpp:162.)
2026-09-15T04:25:54.280Z   if not torch.equal(grad_output, torch.tensor(1.0, device=grad_output.device)):
2026-09-15T04:25:54.280Z 
2026-09-15T04:25:54.385Z [2;36m[2026-09-15 04:25:54][0m [33mWARNING [0m [2m[py.warnings:112, f641d6fce801, rank=0][0m /opt/conda/lib/python3.12/site-packages/liger_kernel/ops/fused_linear_cross_entropy.py:233: UserWarning: called a synchronizing CUDA operation (Triggered internally at /pytorch/c10/cuda/CUDAFunctions.cpp:162.)
2026-09-15T04:25:54.385Z   if not torch.equal(grad_output, torch.tensor(1.0, device=grad_output.device)):
2026-09-15T04:25:54.385Z 
2026-09-15T04:25:54.737Z [2;36m[2026-09-15 04:25:54][0m [33mWARNING [0m [2m[py.warnings:112, f641d6fce801, rank=1][0m /opt/conda/lib/python3.12/site-packages/olmo_core/nn/transformer/model.py:777: UserWarning: called a synchronizing CUDA operation (Triggered internally at /pytorch/c10/cuda/CUDAFunctions.cpp:162.)
2026-09-15T04:25:54.737Z   n_docs = int(chunk_ids.max().item()) + 1
2026-09-15T04:25:54.737Z 
2026-09-15T04:26:05.623Z [2;36m[2026-09-15 04:26:05][0m [33mWARNING [0m [2m[py.warnings:112, f641d6fce801, rank=1][0m /opt/conda/lib/python3.12/site-packages/liger_kernel/ops/fused_linear_cross_entropy.py:75: UserWarning: called a synchronizing CUDA operation (Triggered internally at /pytorch/c10/cuda/CUDAFunctions.cpp:162.)
2026-09-15T04:26:05.623Z   total_n_non_ignore = target_mask.sum().item()
2026-09-15T04:26:05.623Z 
2026-09-15T04:26:06.358Z [2;36m[2026-09-15 04:26:06][0m [33mWARNING [0m [2m[py.warnings:112, f641d6fce801, rank=1][0m /opt/conda/lib/python3.12/site-packages/liger_kernel/ops/fused_linear_cross_entropy.py:233: UserWarning: called a synchronizing CUDA operation (Triggered internally at /pytorch/c10/cuda/CUDAFunctions.cpp:162.)
2026-09-15T04:26:06.358Z   if not torch.equal(grad_output, torch.tensor(1.0, device=grad_output.device)):
2026-09-15T04:26:06.358Z 
2026-09-15T04:26:19.524Z [2;36m[2026-09-15 04:26:19][0m [33mWARNING [0m [2m[py.warnings:112, f641d6fce801, rank=1][0m /opt/conda/lib/python3.12/site-packages/torch/autograd/graph.py:841: UserWarning: called a synchronizing CUDA operation (Triggered internally at /pytorch/c10/cuda/CUDAFunctions.cpp:162.)
2026-09-15T04:26:19.524Z   return Variable._execution_engine.run_backward(  # Calls into the C++ engine to run the backward pass
2026-09-15T04:26:19.524Z 
2026-09-15T04:26:19.525Z [2;36m[2026-09-15 04:26:19][0m [33mWARNING [0m [2m[py.warnings:112, f641d6fce801, rank=1][0m /opt/conda/lib/python3.12/site-packages/torch/distributed/utils.py:106: UserWarning: called a synchronizing CUDA operation (Triggered internally at /pytorch/c10/cuda/CUDAFunctions.cpp:162.)
2026-09-15T04:26:19.525Z   return (obj.to(target_device),)
2026-09-15T04:26:19.525Z 
2026-09-15T04:26:19.535Z [2;36m[2026-09-15 04:26:19][0m [33mWARNING [0m [2m[py.warnings:112, f641d6fce801, rank=1][0m /opt/conda/lib/python3.12/site-packages/olmo_core/nn/transformer/model.py:777: UserWarning: called a synchronizing CUDA operation (Triggered internally at /pytorch/c10/cuda/CUDAFunctions.cpp:162.)
2026-09-15T04:26:19.535Z   n_docs = int(chunk_ids.max().item()) + 1
2026-09-15T04:26:19.535Z 
2026-09-15T04:26:19.544Z [2;36m[2026-09-15 04:26:19][0m [33mWARNING [0m [2m[py.warnings:112, f641d6fce801, rank=1][0m /opt/conda/lib/python3.12/site-packages/olmo_core/nn/transformer/model.py:834: UserWarning: called a synchronizing CUDA operation (Triggered internally at /pytorch/c10/cuda/CUDAFunctions.cpp:162.)
2026-09-15T04:26:19.544Z   flat = (torch.arange(B, device=emb.device)[:, None] * n_docs + cid.clamp(min=0)).reshape(
2026-09-15T04:26:19.544Z 
2026-09-15T04:26:19.544Z [2;36m[2026-09-15 04:26:19][0m [33mWARNING [0m [2m[py.warnings:112, f641d6fce801, rank=1][0m /opt/conda/lib/python3.12/site-packages/olmo_core/nn/transformer/model.py:838: UserWarning: called a synchronizing CUDA operation (Triggered internally at /pytorch/c10/cuda/CUDAFunctions.cpp:162.)
2026-09-15T04:26:19.544Z   0, flat, emb.reshape(B * T, D)[is_ctx.reshape(-1)]
2026-09-15T04:26:19.544Z 
2026-09-15T04:26:19.553Z [2;36m[2026-09-15 04:26:19][0m [33mWARNING [0m [2m[py.warnings:112, f641d6fce801, rank=1][0m /opt/conda/lib/python3.12/site-packages/olmo_core/nn/pooled_soft_token.py:173: UserWarning: called a synchronizing CUDA operation (Triggered internally at /pytorch/c10/cuda/CUDAFunctions.cpp:162.)
2026-09-15T04:26:19.553Z   kept_idx = kept_tok.nonzero(as_tuple=True)[0]
2026-09-15T04:26:19.553Z 
2026-09-15T04:26:19.554Z [2;36m[2026-09-15 04:26:19][0m [33mWARNING [0m [2m[py.warnings:112, f641d6fce801, rank=1][0m /opt/conda/lib/python3.12/site-packages/olmo_core/nn/pooled_soft_token.py:179: UserWarning: called a synchronizing CUDA operation (Triggered internally at /pytorch/c10/cuda/CUDAFunctions.cpp:162.)
2026-09-15T04:26:19.554Z   if is_ctx.any():
2026-09-15T04:26:19.554Z 
2026-09-15T04:26:19.554Z [2;36m[2026-09-15 04:26:19][0m [33mWARNING [0m [2m[py.warnings:112, f641d6fce801, rank=1][0m /opt/conda/lib/python3.12/site-packages/olmo_core/nn/pooled_soft_token.py:180: UserWarning: called a synchronizing CUDA operation (Triggered internally at /pytorch/c10/cuda/CUDAFunctions.cpp:162.)
2026-09-15T04:26:19.554Z   d_ix = c[is_ctx]
2026-09-15T04:26:19.554Z 
2026-09-15T04:26:19.555Z [2;36m[2026-09-15 04:26:19][0m [33mWARNING [0m [2m[py.warnings:112, f641d6fce801, rank=1][0m /opt/conda/lib/python3.12/site-packages/olmo_core/nn/pooled_soft_token.py:181: UserWarning: called a synchronizing CUDA operation (Triggered internally at /pytorch/c10/cuda/CUDAFunctions.cpp:162.)
2026-09-15T04:26:19.555Z   pos_ix = is_ctx.nonzero(as_tuple=True)[0]
2026-09-15T04:26:19.555Z 
2026-09-15T04:26:19.555Z [2;36m[2026-09-15 04:26:19][0m [33mWARNING [0m [2m[py.warnings:112, f641d6fce801, rank=1][0m /opt/conda/lib/python3.12/site-packages/olmo_core/nn/pooled_soft_token.py:186: UserWarning: called a synchronizing CUDA operation (Triggered internally at /pytorch/c10/cuda/CUDAFunctions.cpp:162.)
2026-09-15T04:26:19.555Z   pooled_docs = pooled.nonzero(as_tuple=True)[0]
2026-09-15T04:26:19.555Z 
2026-09-15T04:26:19.556Z [2;36m[2026-09-15 04:26:19][0m [33mWARNING [0m [2m[py.warnings:112, f641d6fce801, rank=1][0m /opt/conda/lib/python3.12/site-packages/olmo_core/nn/pooled_soft_token.py:217: UserWarning: called a synchronizing CUDA operation (Triggered internally at /pytorch/c10/cuda/CUDAFunctions.cpp:162.)
2026-09-15T04:26:19.556Z   doc_len = torch.bincount(c[is_ctx], minlength=n_docs) if is_ctx.any() else torch.zeros(n_docs, dtype=torch.long, device=device)
2026-09-15T04:26:19.556Z 
2026-09-15T04:26:19.557Z [2;36m[2026-09-15 04:26:19][0m [33mWARNING [0m [2m[py.warnings:112, f641d6fce801, rank=1][0m /opt/conda/lib/python3.12/site-packages/olmo_core/nn/pooled_soft_token.py:222: UserWarning: called a synchronizing CUDA operation (Triggered internally at /pytorch/c10/cuda/CUDAFunctions.cpp:162.)
2026-09-15T04:26:19.557Z   soft_cols_b = soft_mask.nonzero(as_tuple=True)[0]
2026-09-15T04:26:19.557Z 
2026-09-15T04:26:19.557Z [2;36m[2026-09-15 04:26:19][0m [33mWARNING [0m [2m[py.warnings:112, f641d6fce801, rank=1][0m /opt/conda/lib/python3.12/site-packages/olmo_core/nn/pooled_soft_token.py:226: UserWarning: called a synchronizing CUDA operation (Triggered internally at /pytorch/c10/cuda/CUDAFunctions.cpp:162.)
2026-09-15T04:26:19.557Z   cols_l = soft_cols_b.tolist()
2026-09-15T04:26:19.557Z 
2026-09-15T04:26:19.557Z [2;36m[2026-09-15 04:26:19][0m [33mWARNING [0m [2m[py.warnings:112, f641d6fce801, rank=1][0m /opt/conda/lib/python3.12/site-packages/olmo_core/nn/pooled_soft_token.py:229: UserWarning: called a synchronizing CUDA operation (Triggered internally at /pytorch/c10/cuda/CUDAFunctions.cpp:162.)
2026-09-15T04:26:19.557Z   soft_docs += docs_b.tolist()
2026-09-15T04:26:19.557Z 
2026-09-15T04:26:19.558Z [2;36m[2026-09-15 04:26:19][0m [33mWARNING [0m [2m[py.warnings:112, f641d6fce801, rank=1][0m /opt/conda/lib/python3.12/site-packages/olmo_core/nn/pooled_soft_token.py:230: UserWarning: called a synchronizing CUDA operation (Triggered internally at /pytorch/c10/cuda/CUDAFunctions.cpp:162.)
2026-09-15T04:26:19.558Z   soft_log_len += lens_b.tolist()
2026-09-15T04:26:19.558Z 
2026-09-15T04:26:19.559Z [2;36m[2026-09-15 04:26:19][0m [33mWARNING [0m [2m[py.warnings:112, f641d6fce801, rank=1][0m /opt/conda/lib/python3.12/site-packages/olmo_core/nn/pooled_soft_token.py:280: UserWarning: called a synchronizing CUDA operation (Triggered internally at /pytorch/c10/cuda/CUDAFunctions.cpp:162.)
2026-09-15T04:26:19.559Z   row_lens[b] = L
2026-09-15T04:26:19.559Z 
2026-09-15T04:26:19.560Z [2;36m[2026-09-15 04:26:19][0m [33mWARNING [0m [2m[py.warnings:112, f641d6fce801, rank=1][0m /opt/conda/lib/python3.12/site-packages/olmo_core/nn/pooled_soft_token.py:297: UserWarning: called a synchronizing CUDA operation (Triggered internally at /pytorch/c10/cuda/CUDAFunctions.cpp:162.)
2026-09-15T04:26:19.560Z   soft_rows=torch.tensor(soft_rows, dtype=torch.long, device=device),
2026-09-15T04:26:19.560Z 
2026-09-15T04:26:19.560Z [2;36m[2026-09-15 04:26:19][0m [33mWARNING [0m [2m[py.warnings:112, f641d6fce801, rank=1][0m /opt/conda/lib/python3.12/site-packages/olmo_core/nn/pooled_soft_token.py:298: UserWarning: called a synchronizing CUDA operation (Triggered internally at /pytorch/c10/cuda/CUDAFunctions.cpp:162.)
2026-09-15T04:26:19.560Z   soft_cols=torch.tensor(soft_cols, dtype=torch.long, device=device),
2026-09-15T04:26:19.560Z 
2026-09-15T04:26:19.561Z [2;36m[2026-09-15 04:26:19][0m [33mWARNING [0m [2m[py.warnings:112, f641d6fce801, rank=1][0m /opt/conda/lib/python3.12/site-packages/olmo_core/nn/pooled_soft_token.py:299: UserWarning: called a synchronizing CUDA operation (Triggered internally at /pytorch/c10/cuda/CUDAFunctions.cpp:162.)
2026-09-15T04:26:19.561Z   soft_docs=torch.tensor(soft_docs, dtype=torch.long, device=device),
2026-09-15T04:26:19.561Z 
2026-09-15T04:26:19.561Z [2;36m[2026-09-15 04:26:19][0m [33mWARNING [0m [2m[py.warnings:112, f641d6fce801, rank=1][0m /opt/conda/lib/python3.12/site-packages/olmo_core/nn/pooled_soft_token.py:301: UserWarning: called a synchronizing CUDA operation (Triggered internally at /pytorch/c10/cuda/CUDAFunctions.cpp:162.)
2026-09-15T04:26:19.561Z   soft_log_len=torch.tensor(soft_log_len, dtype=torch.float32, device=device),
2026-09-15T04:26:19.561Z 
2026-09-15T04:26:19.561Z [2;36m[2026-09-15 04:26:19][0m [33mWARNING [0m [2m[py.warnings:112, f641d6fce801, rank=1][0m /opt/conda/lib/python3.12/site-packages/olmo_core/nn/transformer/model.py:1502: UserWarning: called a synchronizing CUDA operation (Triggered internally at /pytorch/c10/cuda/CUDAFunctions.cpp:162.)
2026-09-15T04:26:19.561Z   kv_grad_mask[cb.soft_rows, cb.soft_cols] = False
2026-09-15T04:26:19.561Z 
2026-09-15T04:26:19.717Z [2;36m[2026-09-15 04:26:19][0m [33mWARNING [0m [2m[py.warnings:112, f641d6fce801, rank=1][0m /opt/conda/lib/python3.12/site-packages/liger_kernel/ops/fused_linear_cross_entropy.py:75: UserWarning: called a synchronizing CUDA operation (Triggered internally at /pytorch/c10/cuda/CUDAFunctions.cpp:162.)
2026-09-15T04:26:19.717Z   total_n_non_ignore = target_mask.sum().item()
2026-09-15T04:26:19.717Z 
2026-09-15T04:26:20.617Z [2;36m[2026-09-15 04:26:20][0m [33mWARNING [0m [2m[py.warnings:112, f641d6fce801, rank=1][0m /opt/conda/lib/python3.12/site-packages/liger_kernel/ops/fused_linear_cross_entropy.py:233: UserWarning: called a synchronizing CUDA operation (Triggered internally at /pytorch/c10/cuda/CUDAFunctions.cpp:162.)
2026-09-15T04:26:20.617Z   if not torch.equal(grad_output, torch.tensor(1.0, device=grad_output.device)):
2026-09-15T04:26:20.617Z 
2026-09-15T04:26:23.631Z [2;36m[2026-09-15 04:26:23][0m [33mWARNING [0m [2m[py.warnings:112, f641d6fce801, rank=0][0m /opt/conda/lib/python3.12/site-packages/torch/autograd/graph.py:841: UserWarning: called a synchronizing CUDA operation (Triggered internally at /pytorch/c10/cuda/CUDAFunctions.cpp:162.)
2026-09-15T04:26:23.631Z   return Variable._execution_engine.run_backward(  # Calls into the C++ engine to run the backward pass
2026-09-15T04:26:23.631Z 
2026-09-15T04:26:23.633Z [2;36m[2026-09-15 04:26:23][0m [33mWARNING [0m [2m[py.warnings:112, f641d6fce801, rank=0][0m /opt/conda/lib/python3.12/site-packages/torch/distributed/utils.py:106: UserWarning: called a synchronizing CUDA operation (Triggered internally at /pytorch/c10/cuda/CUDAFunctions.cpp:162.)
2026-09-15T04:26:23.633Z   return (obj.to(target_device),)
2026-09-15T04:26:23.633Z 
2026-09-15T04:26:23.643Z [2;36m[2026-09-15 04:26:23][0m [33mWARNING [0m [2m[py.warnings:112, f641d6fce801, rank=0][0m /opt/conda/lib/python3.12/site-packages/olmo_core/nn/transformer/model.py:777: UserWarning: called a synchronizing CUDA operation (Triggered internally at /pytorch/c10/cuda/CUDAFunctions.cpp:162.)
2026-09-15T04:26:23.643Z   n_docs = int(chunk_ids.max().item()) + 1
2026-09-15T04:26:23.643Z 
2026-09-15T04:26:23.652Z [2;36m[2026-09-15 04:26:23][0m [33mWARNING [0m [2m[py.warnings:112, f641d6fce801, rank=0][0m /opt/conda/lib/python3.12/site-packages/olmo_core/nn/transformer/model.py:834: UserWarning: called a synchronizing CUDA operation (Triggered internally at /pytorch/c10/cuda/CUDAFunctions.cpp:162.)
2026-09-15T04:26:23.652Z   flat = (torch.arange(B, device=emb.device)[:, None] * n_docs + cid.clamp(min=0)).reshape(
2026-09-15T04:26:23.652Z 
2026-09-15T04:26:23.653Z [2;36m[2026-09-15 04:26:23][0m [33mWARNING [0m [2m[py.warnings:112, f641d6fce801, rank=0][0m /opt/conda/lib/python3.12/site-packages/olmo_core/nn/transformer/model.py:838: UserWarning: called a synchronizing CUDA operation (Triggered internally at /pytorch/c10/cuda/CUDAFunctions.cpp:162.)
2026-09-15T04:26:23.653Z   0, flat, emb.reshape(B * T, D)[is_ctx.reshape(-1)]
2026-09-15T04:26:23.653Z 
2026-09-15T04:26:23.661Z [2;36m[2026-09-15 04:26:23][0m [33mWARNING [0m [2m[py.warnings:112, f641d6fce801, rank=0][0m /opt/conda/lib/python3.12/site-packages/olmo_core/nn/pooled_soft_token.py:173: UserWarning: called a synchronizing CUDA operation (Triggered internally at /pytorch/c10/cuda/CUDAFunctions.cpp:162.)
2026-09-15T04:26:23.661Z   kept_idx = kept_tok.nonzero(as_tuple=True)[0]
2026-09-15T04:26:23.661Z 
2026-09-15T04:26:23.662Z [2;36m[2026-09-15 04:26:23][0m [33mWARNING [0m [2m[py.warnings:112, f641d6fce801, rank=0][0m /opt/conda/lib/python3.12/site-packages/olmo_core/nn/pooled_soft_token.py:179: UserWarning: called a synchronizing CUDA operation (Triggered internally at /pytorch/c10/cuda/CUDAFunctions.cpp:162.)
2026-09-15T04:26:23.662Z   if is_ctx.any():
2026-09-15T04:26:23.662Z 
2026-09-15T04:26:23.662Z [2;36m[2026-09-15 04:26:23][0m [33mWARNING [0m [2m[py.warnings:112, f641d6fce801, rank=0][0m /opt/conda/lib/python3.12/site-packages/olmo_core/nn/pooled_soft_token.py:180: UserWarning: called a synchronizing CUDA operation (Triggered internally at /pytorch/c10/cuda/CUDAFunctions.cpp:162.)
2026-09-15T04:26:23.662Z   d_ix = c[is_ctx]
2026-09-15T04:26:23.662Z 
2026-09-15T04:26:23.663Z [2;36m[2026-09-15 04:26:23][0m [33mWARNING [0m [2m[py.warnings:112, f641d6fce801, rank=0][0m /opt/conda/lib/python3.12/site-packages/olmo_core/nn/pooled_soft_token.py:181: UserWarning: called a synchronizing CUDA operation (Triggered internally at /pytorch/c10/cuda/CUDAFunctions.cpp:162.)
2026-09-15T04:26:23.663Z   pos_ix = is_ctx.nonzero(as_tuple=True)[0]
2026-09-15T04:26:23.663Z 
2026-09-15T04:26:23.663Z [2;36m[2026-09-15 04:26:23][0m [33mWARNING [0m [2m[py.warnings:112, f641d6fce801, rank=0][0m /opt/conda/lib/python3.12/site-packages/olmo_core/nn/pooled_soft_token.py:186: UserWarning: called a synchronizing CUDA operation (Triggered internally at /pytorch/c10/cuda/CUDAFunctions.cpp:162.)
2026-09-15T04:26:23.663Z   pooled_docs = pooled.nonzero(as_tuple=True)[0]
2026-09-15T04:26:23.664Z 
2026-09-15T04:26:23.665Z [2;36m[2026-09-15 04:26:23][0m [33mWARNING [0m [2m[py.warnings:112, f641d6fce801, rank=0][0m /opt/conda/lib/python3.12/site-packages/olmo_core/nn/pooled_soft_token.py:217: UserWarning: called a synchronizing CUDA operation (Triggered internally at /pytorch/c10/cuda/CUDAFunctions.cpp:162.)
2026-09-15T04:26:23.665Z   doc_len = torch.bincount(c[is_ctx], minlength=n_docs) if is_ctx.any() else torch.zeros(n_docs, dtype=torch.long, device=device)
2026-09-15T04:26:23.665Z 
2026-09-15T04:26:23.665Z [2;36m[2026-09-15 04:26:23][0m [33mWARNING [0m [2m[py.warnings:112, f641d6fce801, rank=0][0m /opt/conda/lib/python3.12/site-packages/olmo_core/nn/pooled_soft_token.py:222: UserWarning: called a synchronizing CUDA operation (Triggered internally at /pytorch/c10/cuda/CUDAFunctions.cpp:162.)
2026-09-15T04:26:23.665Z   soft_cols_b = soft_mask.nonzero(as_tuple=True)[0]
2026-09-15T04:26:23.665Z 
2026-09-15T04:26:23.666Z [2;36m[2026-09-15 04:26:23][0m [33mWARNING [0m [2m[py.warnings:112, f641d6fce801, rank=0][0m /opt/conda/lib/python3.12/site-packages/olmo_core/nn/pooled_soft_token.py:226: UserWarning: called a synchronizing CUDA operation (Triggered internally at /pytorch/c10/cuda/CUDAFunctions.cpp:162.)
2026-09-15T04:26:23.666Z   cols_l = soft_cols_b.tolist()
2026-09-15T04:26:23.666Z 
2026-09-15T04:26:23.666Z [2;36m[2026-09-15 04:26:23][0m [33mWARNING [0m [2m[py.warnings:112, f641d6fce801, rank=0][0m /opt/conda/lib/python3.12/site-packages/olmo_core/nn/pooled_soft_token.py:229: UserWarning: called a synchronizing CUDA operation (Triggered internally at /pytorch/c10/cuda/CUDAFunctions.cpp:162.)
2026-09-15T04:26:23.666Z   soft_docs += docs_b.tolist()
2026-09-15T04:26:23.666Z 
2026-09-15T04:26:23.667Z [2;36m[2026-09-15 04:26:23][0m [33mWARNING [0m [2m[py.warnings:112, f641d6fce801, rank=0][0m /opt/conda/lib/python3.12/site-packages/olmo_core/nn/pooled_soft_token.py:230: UserWarning: called a synchronizing CUDA operation (Triggered internally at /pytorch/c10/cuda/CUDAFunctions.cpp:162.)
2026-09-15T04:26:23.667Z   soft_log_len += lens_b.tolist()
2026-09-15T04:26:23.667Z 
2026-09-15T04:26:23.669Z [2;36m[2026-09-15 04:26:23][0m [33mWARNING [0m [2m[py.warnings:112, f641d6fce801, rank=0][0m /opt/conda/lib/python3.12/site-packages/olmo_core/nn/pooled_soft_token.py:280: UserWarning: called a synchronizing CUDA operation (Triggered internally at /pytorch/c10/cuda/CUDAFunctions.cpp:162.)
2026-09-15T04:26:23.669Z   row_lens[b] = L
2026-09-15T04:26:23.669Z 
2026-09-15T04:26:23.670Z [2;36m[2026-09-15 04:26:23][0m [33mWARNING [0m [2m[py.warnings:112, f641d6fce801, rank=0][0m /opt/conda/lib/python3.12/site-packages/olmo_core/nn/pooled_soft_token.py:297: UserWarning: called a synchronizing CUDA operation (Triggered internally at /pytorch/c10/cuda/CUDAFunctions.cpp:162.)
2026-09-15T04:26:23.670Z   soft_rows=torch.tensor(soft_rows, dtype=torch.long, device=device),
2026-09-15T04:26:23.670Z 
2026-09-15T04:26:23.670Z [2;36m[2026-09-15 04:26:23][0m [33mWARNING [0m [2m[py.warnings:112, f641d6fce801, rank=0][0m /opt/conda/lib/python3.12/site-packages/olmo_core/nn/pooled_soft_token.py:298: UserWarning: called a synchronizing CUDA operation (Triggered internally at /pytorch/c10/cuda/CUDAFunctions.cpp:162.)
2026-09-15T04:26:23.670Z   soft_cols=torch.tensor(soft_cols, dtype=torch.long, device=device),
2026-09-15T04:26:23.670Z 
2026-09-15T04:26:23.671Z [2;36m[2026-09-15 04:26:23][0m [33mWARNING [0m [2m[py.warnings:112, f641d6fce801, rank=0][0m /opt/conda/lib/python3.12/site-packages/olmo_core/nn/pooled_soft_token.py:299: UserWarning: called a synchronizing CUDA operation (Triggered internally at /pytorch/c10/cuda/CUDAFunctions.cpp:162.)
2026-09-15T04:26:23.671Z   soft_docs=torch.tensor(soft_docs, dtype=torch.long, device=device),
2026-09-15T04:26:23.671Z 
2026-09-15T04:26:23.671Z [2;36m[2026-09-15 04:26:23][0m [33mWARNING [0m [2m[py.warnings:112, f641d6fce801, rank=0][0m /opt/conda/lib/python3.12/site-packages/olmo_core/nn/pooled_soft_token.py:301: UserWarning: called a synchronizing CUDA operation (Triggered internally at /pytorch/c10/cuda/CUDAFunctions.cpp:162.)
2026-09-15T04:26:23.671Z   soft_log_len=torch.tensor(soft_log_len, dtype=torch.float32, device=device),
2026-09-15T04:26:23.671Z 
2026-09-15T04:26:23.672Z [2;36m[2026-09-15 04:26:23][0m [33mWARNING [0m [2m[py.warnings:112, f641d6fce801, rank=0][0m /opt/conda/lib/python3.12/site-packages/olmo_core/nn/transformer/model.py:1502: UserWarning: called a synchronizing CUDA operation (Triggered internally at /pytorch/c10/cuda/CUDAFunctions.cpp:162.)
2026-09-15T04:26:23.672Z   kv_grad_mask[cb.soft_rows, cb.soft_cols] = False
2026-09-15T04:26:23.672Z 
2026-09-15T04:26:23.826Z [2;36m[2026-09-15 04:26:23][0m [33mWARNING [0m [2m[py.warnings:112, f641d6fce801, rank=0][0m /opt/conda/lib/python3.12/site-packages/liger_kernel/ops/fused_linear_cross_entropy.py:75: UserWarning: called a synchronizing CUDA operation (Triggered internally at /pytorch/c10/cuda/CUDAFunctions.cpp:162.)
2026-09-15T04:26:23.826Z   total_n_non_ignore = target_mask.sum().item()
2026-09-15T04:26:23.826Z 
2026-09-15T04:26:24.626Z [2;36m[2026-09-15 04:26:24][0m [33mWARNING [0m [2m[py.warnings:112, f641d6fce801, rank=0][0m /opt/conda/lib/python3.12/site-packages/liger_kernel/ops/fused_linear_cross_entropy.py:233: UserWarning: called a synchronizing CUDA operation (Triggered internally at /pytorch/c10/cuda/CUDAFunctions.cpp:162.)
2026-09-15T04:26:24.626Z   if not torch.equal(grad_output, torch.tensor(1.0, device=grad_output.device)):
2026-09-15T04:26:24.626Z 
2026-09-15T04:26:37.112Z [2;36m[2026-09-15 04:26:37][0m [33mWARNING [0m [2m[py.warnings:112, f641d6fce801, rank=0][0m /opt/conda/lib/python3.12/site-packages/liger_kernel/ops/fused_linear_cross_entropy.py:75: UserWarning: called a synchronizing CUDA operation (Triggered internally at /pytorch/c10/cuda/CUDAFunctions.cpp:162.)
2026-09-15T04:26:37.112Z   total_n_non_ignore = target_mask.sum().item()
2026-09-15T04:26:37.112Z 
2026-09-15T04:26:37.837Z [2;36m[2026-09-15 04:26:37][0m [33mWARNING [0m [2m[py.warnings:112, f641d6fce801, rank=0][0m /opt/conda/lib/python3.12/site-packages/liger_kernel/ops/fused_linear_cross_entropy.py:233: UserWarning: called a synchronizing CUDA operation (Triggered internally at /pytorch/c10/cuda/CUDAFunctions.cpp:162.)
2026-09-15T04:26:37.837Z   if not torch.equal(grad_output, torch.tensor(1.0, device=grad_output.device)):
2026-09-15T04:26:37.837Z 
2026-09-15T04:26:50.817Z [2;36m[2026-09-15 04:26:50][0m [33mWARNING [0m [2m[py.warnings:112, f641d6fce801, rank=0][0m /opt/conda/lib/python3.12/site-packages/torch/autograd/graph.py:841: UserWarning: called a synchronizing CUDA operation (Triggered internally at /pytorch/c10/cuda/CUDAFunctions.cpp:162.)
2026-09-15T04:26:50.817Z   return Variable._execution_engine.run_backward(  # Calls into the C++ engine to run the backward pass
2026-09-15T04:26:50.817Z 
2026-09-15T04:26:51.058Z [2;36m[2026-09-15 04:26:51][0m [33mWARNING [0m [2m[py.warnings:112, f641d6fce801, rank=0][0m /opt/conda/lib/python3.12/site-packages/torch/distributed/utils.py:106: UserWarning: called a synchronizing CUDA operation (Triggered internally at /pytorch/c10/cuda/CUDAFunctions.cpp:162.)
2026-09-15T04:26:51.058Z   return (obj.to(target_device),)
2026-09-15T04:26:51.058Z 
2026-09-15T04:26:51.059Z [2;36m[2026-09-15 04:26:51][0m [34mINFO    [0m [2m[olmo_core.train.callbacks.console_logger:68, f641d6fce801, rank=0][0m [step=22/61,epoch=1,eta=13m]
2026-09-15T04:26:51.059Z     gpu_memory/GPU active mem (%)=75.57
2026-09-15T04:26:51.059Z     gpu_memory/GPU active mem (GiB)=59.89
2026-09-15T04:26:51.059Z     gpu_memory/GPU reserved mem (%)=80.90
2026-09-15T04:26:51.059Z     gpu_memory/GPU reserved mem (GiB)=64.12
2026-09-15T04:26:51.059Z     optim/LR (group 0)=3.31E-06
2026-09-15T04:26:51.059Z     optim/LR (group 1)=3.31E-06
2026-09-15T04:26:51.059Z     optim/step skipped=0.0
2026-09-15T04:26:51.059Z     optim/total grad norm=2.360
2026-09-15T04:26:51.059Z     throughput/chinchilla multiple=3.43E-05
2026-09-15T04:26:51.059Z     throughput/device/BPS=0.0174
2026-09-15T04:26:51.059Z     throughput/device/BPS (actual avg)=0.0494
2026-09-15T04:26:51.059Z     throughput/device/MFU=8.366
2026-09-15T04:26:51.059Z     throughput/device/MFU (actual avg)=23.77
2026-09-15T04:26:51.059Z     throughput/device/TPS=1,139
2026-09-15T04:26:51.059Z     throughput/device/TPS (actual avg)=3,238
2026-09-15T04:26:51.059Z     throughput/device/flopsPS=26.10T
2026-09-15T04:26:51.059Z     throughput/device/flopsPS (actual avg)=74.16T
2026-09-15T04:26:51.059Z     throughput/total petaflops=66.03
2026-09-15T04:26:51.059Z     throughput/total tokens=2,883,584
2026-09-15T04:26:51.059Z     train/CE loss=0.4241
2026-09-15T04:26:51.059Z     throughput/device/data loading (%)=0.0031
2026-09-15T04:26:51.059Z     throughput/device/data loading (s)=0.0018
2026-09-15T04:26:51.059Z     train/PPL=1.528
2026-09-15T04:26:51.062Z [2;36m[2026-09-15 04:26:51][0m [33mWARNING [0m [2m[py.warnings:112, f641d6fce801, rank=0][0m /opt/conda/lib/python3.12/site-packages/olmo_core/nn/transformer/model.py:777: UserWarning: called a synchronizing CUDA operation (Triggered internally at /pytorch/c10/cuda/CUDAFunctions.cpp:162.)
2026-09-15T04:26:51.062Z   n_docs = int(chunk_ids.max().item()) + 1
2026-09-15T04:26:51.062Z 
2026-09-15T04:26:51.071Z [2;36m[2026-09-15 04:26:51][0m [33mWARNING [0m [2m[py.warnings:112, f641d6fce801, rank=0][0m /opt/conda/lib/python3.12/site-packages/olmo_core/nn/transformer/model.py:834: UserWarning: called a synchronizing CUDA operation (Triggered internally at /pytorch/c10/cuda/CUDAFunctions.cpp:162.)
2026-09-15T04:26:51.071Z   flat = (torch.arange(B, device=emb.device)[:, None] * n_docs + cid.clamp(min=0)).reshape(
2026-09-15T04:26:51.071Z 
2026-09-15T04:26:51.071Z [2;36m[2026-09-15 04:26:51][0m [33mWARNING [0m [2m[py.warnings:112, f641d6fce801, rank=0][0m /opt/conda/lib/python3.12/site-packages/olmo_core/nn/transformer/model.py:838: UserWarning: called a synchronizing CUDA operation (Triggered internally at /pytorch/c10/cuda/CUDAFunctions.cpp:162.)
2026-09-15T04:26:51.071Z   0, flat, emb.reshape(B * T, D)[is_ctx.reshape(-1)]
2026-09-15T04:26:51.071Z 
2026-09-15T04:26:51.081Z [2;36m[2026-09-15 04:26:51][0m [33mWARNING [0m [2m[py.warnings:112, f641d6fce801, rank=0][0m /opt/conda/lib/python3.12/site-packages/olmo_core/nn/pooled_soft_token.py:173: UserWarning: called a synchronizing CUDA operation (Triggered internally at /pytorch/c10/cuda/CUDAFunctions.cpp:162.)
2026-09-15T04:26:51.081Z   kept_idx = kept_tok.nonzero(as_tuple=True)[0]
2026-09-15T04:26:51.081Z 
2026-09-15T04:26:51.081Z [2;36m[2026-09-15 04:26:51][0m [33mWARNING [0m [2m[py.warnings:112, f641d6fce801, rank=0][0m /opt/conda/lib/python3.12/site-packages/olmo_core/nn/pooled_soft_token.py:179: UserWarning: called a synchronizing CUDA operation (Triggered internally at /pytorch/c10/cuda/CUDAFunctions.cpp:162.)
2026-09-15T04:26:51.081Z   if is_ctx.any():
2026-09-15T04:26:51.081Z 
2026-09-15T04:26:51.082Z [2;36m[2026-09-15 04:26:51][0m [33mWARNING [0m [2m[py.warnings:112, f641d6fce801, rank=0][0m /opt/conda/lib/python3.12/site-packages/olmo_core/nn/pooled_soft_token.py:180: UserWarning: called a synchronizing CUDA operation (Triggered internally at /pytorch/c10/cuda/CUDAFunctions.cpp:162.)
2026-09-15T04:26:51.082Z   d_ix = c[is_ctx]
2026-09-15T04:26:51.082Z 
2026-09-15T04:26:51.082Z [2;36m[2026-09-15 04:26:51][0m [33mWARNING [0m [2m[py.warnings:112, f641d6fce801, rank=0][0m /opt/conda/lib/python3.12/site-packages/olmo_core/nn/pooled_soft_token.py:181: UserWarning: called a synchronizing CUDA operation (Triggered internally at /pytorch/c10/cuda/CUDAFunctions.cpp:162.)
2026-09-15T04:26:51.082Z   pos_ix = is_ctx.nonzero(as_tuple=True)[0]
2026-09-15T04:26:51.082Z 
2026-09-15T04:26:51.083Z [2;36m[2026-09-15 04:26:51][0m [33mWARNING [0m [2m[py.warnings:112, f641d6fce801, rank=0][0m /opt/conda/lib/python3.12/site-packages/olmo_core/nn/pooled_soft_token.py:186: UserWarning: called a synchronizing CUDA operation (Triggered internally at /pytorch/c10/cuda/CUDAFunctions.cpp:162.)
2026-09-15T04:26:51.083Z   pooled_docs = pooled.nonzero(as_tuple=True)[0]
2026-09-15T04:26:51.083Z 
2026-09-15T04:26:51.084Z [2;36m[2026-09-15 04:26:51][0m [33mWARNING [0m [2m[py.warnings:112, f641d6fce801, rank=0][0m /opt/conda/lib/python3.12/site-packages/olmo_core/nn/pooled_soft_token.py:217: UserWarning: called a synchronizing CUDA operation (Triggered internally at /pytorch/c10/cuda/CUDAFunctions.cpp:162.)
2026-09-15T04:26:51.084Z   doc_len = torch.bincount(c[is_ctx], minlength=n_docs) if is_ctx.any() else torch.zeros(n_docs, dtype=torch.long, device=device)
2026-09-15T04:26:51.084Z 
2026-09-15T04:26:51.084Z [2;36m[2026-09-15 04:26:51][0m [33mWARNING [0m [2m[py.warnings:112, f641d6fce801, rank=0][0m /opt/conda/lib/python3.12/site-packages/olmo_core/nn/pooled_soft_token.py:222: UserWarning: called a synchronizing CUDA operation (Triggered internally at /pytorch/c10/cuda/CUDAFunctions.cpp:162.)
2026-09-15T04:26:51.084Z   soft_cols_b = soft_mask.nonzero(as_tuple=True)[0]
2026-09-15T04:26:51.084Z 
2026-09-15T04:26:51.085Z [2;36m[2026-09-15 04:26:51][0m [33mWARNING [0m [2m[py.warnings:112, f641d6fce801, rank=0][0m /opt/conda/lib/python3.12/site-packages/olmo_core/nn/pooled_soft_token.py:226: UserWarning: called a synchronizing CUDA operation (Triggered internally at /pytorch/c10/cuda/CUDAFunctions.cpp:162.)
2026-09-15T04:26:51.085Z   cols_l = soft_cols_b.tolist()
2026-09-15T04:26:51.085Z 
2026-09-15T04:26:51.085Z [2;36m[2026-09-15 04:26:51][0m [33mWARNING [0m [2m[py.warnings:112, f641d6fce801, rank=0][0m /opt/conda/lib/python3.12/site-packages/olmo_core/nn/pooled_soft_token.py:229: UserWarning: called a synchronizing CUDA operation (Triggered internally at /pytorch/c10/cuda/CUDAFunctions.cpp:162.)
2026-09-15T04:26:51.085Z   soft_docs += docs_b.tolist()
2026-09-15T04:26:51.085Z 
2026-09-15T04:26:51.086Z [2;36m[2026-09-15 04:26:51][0m [33mWARNING [0m [2m[py.warnings:112, f641d6fce801, rank=0][0m /opt/conda/lib/python3.12/site-packages/olmo_core/nn/pooled_soft_token.py:230: UserWarning: called a synchronizing CUDA operation (Triggered internally at /pytorch/c10/cuda/CUDAFunctions.cpp:162.)
2026-09-15T04:26:51.086Z   soft_log_len += lens_b.tolist()
2026-09-15T04:26:51.086Z 
2026-09-15T04:26:51.088Z [2;36m[2026-09-15 04:26:51][0m [33mWARNING [0m [2m[py.warnings:112, f641d6fce801, rank=0][0m /opt/conda/lib/python3.12/site-packages/olmo_core/nn/pooled_soft_token.py:280: UserWarning: called a synchronizing CUDA operation (Triggered internally at /pytorch/c10/cuda/CUDAFunctions.cpp:162.)
2026-09-15T04:26:51.088Z   row_lens[b] = L
2026-09-15T04:26:51.088Z 
2026-09-15T04:26:51.089Z [2;36m[2026-09-15 04:26:51][0m [33mWARNING [0m [2m[py.warnings:112, f641d6fce801, rank=0][0m /opt/conda/lib/python3.12/site-packages/olmo_core/nn/pooled_soft_token.py:297: UserWarning: called a synchronizing CUDA operation (Triggered internally at /pytorch/c10/cuda/CUDAFunctions.cpp:162.)
2026-09-15T04:26:51.089Z   soft_rows=torch.tensor(soft_rows, dtype=torch.long, device=device),
2026-09-15T04:26:51.089Z 
2026-09-15T04:26:51.089Z [2;36m[2026-09-15 04:26:51][0m [33mWARNING [0m [2m[py.warnings:112, f641d6fce801, rank=0][0m /opt/conda/lib/python3.12/site-packages/olmo_core/nn/pooled_soft_token.py:298: UserWarning: called a synchronizing CUDA operation (Triggered internally at /pytorch/c10/cuda/CUDAFunctions.cpp:162.)
2026-09-15T04:26:51.089Z   soft_cols=torch.tensor(soft_cols, dtype=torch.long, device=device),
2026-09-15T04:26:51.089Z 
2026-09-15T04:26:51.089Z [2;36m[2026-09-15 04:26:51][0m [33mWARNING [0m [2m[py.warnings:112, f641d6fce801, rank=0][0m /opt/conda/lib/python3.12/site-packages/olmo_core/nn/pooled_soft_token.py:299: UserWarning: called a synchronizing CUDA operation (Triggered internally at /pytorch/c10/cuda/CUDAFunctions.cpp:162.)
2026-09-15T04:26:51.089Z   soft_docs=torch.tensor(soft_docs, dtype=torch.long, device=device),
2026-09-15T04:26:51.089Z 
2026-09-15T04:26:51.090Z [2;36m[2026-09-15 04:26:51][0m [33mWARNING [0m [2m[py.warnings:112, f641d6fce801, rank=0][0m /opt/conda/lib/python3.12/site-packages/olmo_core/nn/pooled_soft_token.py:301: UserWarning: called a synchronizing CUDA operation (Triggered internally at /pytorch/c10/cuda/CUDAFunctions.cpp:162.)
2026-09-15T04:26:51.090Z   soft_log_len=torch.tensor(soft_log_len, dtype=torch.float32, device=device),
2026-09-15T04:26:51.090Z 
2026-09-15T04:26:51.091Z [2;36m[2026-09-15 04:26:51][0m [33mWARNING [0m [2m[py.warnings:112, f641d6fce801, rank=0][0m /opt/conda/lib/python3.12/site-packages/olmo_core/nn/transformer/model.py:1502: UserWarning: called a synchronizing CUDA operation (Triggered internally at /pytorch/c10/cuda/CUDAFunctions.cpp:162.)
2026-09-15T04:26:51.091Z   kv_grad_mask[cb.soft_rows, cb.soft_cols] = False
2026-09-15T04:26:51.091Z 
2026-09-15T04:26:51.238Z [2;36m[2026-09-15 04:26:51][0m [33mWARNING [0m [2m[py.warnings:112, f641d6fce801, rank=0][0m /opt/conda/lib/python3.12/site-packages/liger_kernel/ops/fused_linear_cross_entropy.py:75: UserWarning: called a synchronizing CUDA operation (Triggered internally at /pytorch/c10/cuda/CUDAFunctions.cpp:162.)
2026-09-15T04:26:51.238Z   total_n_non_ignore = target_mask.sum().item()
2026-09-15T04:26:51.238Z 
2026-09-15T04:26:51.772Z [2;36m[2026-09-15 04:26:51][0m [33mWARNING [0m [2m[py.warnings:112, f641d6fce801, rank=0][0m /opt/conda/lib/python3.12/site-packages/liger_kernel/ops/fused_linear_cross_entropy.py:233: UserWarning: called a synchronizing CUDA operation (Triggered internally at /pytorch/c10/cuda/CUDAFunctions.cpp:162.)
2026-09-15T04:26:51.772Z   if not torch.equal(grad_output, torch.tensor(1.0, device=grad_output.device)):
2026-09-15T04:26:51.772Z 
2026-09-15T04:27:06.981Z [2;36m[2026-09-15 04:27:06][0m [33mWARNING [0m [2m[py.warnings:112, f641d6fce801, rank=0][0m /opt/conda/lib/python3.12/site-packages/liger_kernel/ops/fused_linear_cross_entropy.py:75: UserWarning: called a synchronizing CUDA operation (Triggered internally at /pytorch/c10/cuda/CUDAFunctions.cpp:162.)
2026-09-15T04:27:06.981Z   total_n_non_ignore = target_mask.sum().item()
2026-09-15T04:27:06.981Z 
2026-09-15T04:27:07.826Z [2;36m[2026-09-15 04:27:07][0m [33mWARNING [0m [2m[py.warnings:112, f641d6fce801, rank=0][0m /opt/conda/lib/python3.12/site-packages/liger_kernel/ops/fused_linear_cross_entropy.py:233: UserWarning: called a synchronizing CUDA operation (Triggered internally at /pytorch/c10/cuda/CUDAFunctions.cpp:162.)
2026-09-15T04:27:07.826Z   if not torch.equal(grad_output, torch.tensor(1.0, device=grad_output.device)):
2026-09-15T04:27:07.826Z 
2026-09-15T04:27:21.004Z [2;36m[2026-09-15 04:27:21][0m [33mWARNING [0m [2m[py.warnings:112, f641d6fce801, rank=0][0m /opt/conda/lib/python3.12/site-packages/torch/autograd/graph.py:841: UserWarning: called a synchronizing CUDA operation (Triggered internally at /pytorch/c10/cuda/CUDAFunctions.cpp:162.)
2026-09-15T04:27:21.004Z   return Variable._execution_engine.run_backward(  # Calls into the C++ engine to run the backward pass
2026-09-15T04:27:21.004Z 
2026-09-15T04:27:21.006Z [2;36m[2026-09-15 04:27:21][0m [33mWARNING [0m [2m[py.warnings:112, f641d6fce801, rank=0][0m /opt/conda/lib/python3.12/site-packages/torch/distributed/utils.py:106: UserWarning: called a synchronizing CUDA operation (Triggered internally at /pytorch/c10/cuda/CUDAFunctions.cpp:162.)
2026-09-15T04:27:21.006Z   return (obj.to(target_device),)
2026-09-15T04:27:21.006Z 
2026-09-15T04:27:21.016Z [2;36m[2026-09-15 04:27:21][0m [33mWARNING [0m [2m[py.warnings:112, f641d6fce801, rank=0][0m /opt/conda/lib/python3.12/site-packages/olmo_core/nn/transformer/model.py:777: UserWarning: called a synchronizing CUDA operation (Triggered internally at /pytorch/c10/cuda/CUDAFunctions.cpp:162.)
2026-09-15T04:27:21.016Z   n_docs = int(chunk_ids.max().item()) + 1
2026-09-15T04:27:21.016Z 
2026-09-15T04:27:21.025Z [2;36m[2026-09-15 04:27:21][0m [33mWARNING [0m [2m[py.warnings:112, f641d6fce801, rank=0][0m /opt/conda/lib/python3.12/site-packages/olmo_core/nn/transformer/model.py:834: UserWarning: called a synchronizing CUDA operation (Triggered internally at /pytorch/c10/cuda/CUDAFunctions.cpp:162.)
2026-09-15T04:27:21.025Z   flat = (torch.arange(B, device=emb.device)[:, None] * n_docs + cid.clamp(min=0)).reshape(
2026-09-15T04:27:21.025Z 
2026-09-15T04:27:21.026Z [2;36m[2026-09-15 04:27:21][0m [33mWARNING [0m [2m[py.warnings:112, f641d6fce801, rank=0][0m /opt/conda/lib/python3.12/site-packages/olmo_core/nn/transformer/model.py:838: UserWarning: called a synchronizing CUDA operation (Triggered internally at /pytorch/c10/cuda/CUDAFunctions.cpp:162.)
2026-09-15T04:27:21.026Z   0, flat, emb.reshape(B * T, D)[is_ctx.reshape(-1)]
2026-09-15T04:27:21.026Z 
2026-09-15T04:27:21.034Z [2;36m[2026-09-15 04:27:21][0m [33mWARNING [0m [2m[py.warnings:112, f641d6fce801, rank=0][0m /opt/conda/lib/python3.12/site-packages/olmo_core/nn/pooled_soft_token.py:173: UserWarning: called a synchronizing CUDA operation (Triggered internally at /pytorch/c10/cuda/CUDAFunctions.cpp:162.)
2026-09-15T04:27:21.034Z   kept_idx = kept_tok.nonzero(as_tuple=True)[0]
2026-09-15T04:27:21.034Z 
2026-09-15T04:27:21.034Z [2;36m[2026-09-15 04:27:21][0m [33mWARNING [0m [2m[py.warnings:112, f641d6fce801, rank=0][0m /opt/conda/lib/python3.12/site-packages/olmo_core/nn/pooled_soft_token.py:179: UserWarning: called a synchronizing CUDA operation (Triggered internally at /pytorch/c10/cuda/CUDAFunctions.cpp:162.)
2026-09-15T04:27:21.034Z   if is_ctx.any():
2026-09-15T04:27:21.034Z 
2026-09-15T04:27:21.035Z [2;36m[2026-09-15 04:27:21][0m [33mWARNING [0m [2m[py.warnings:112, f641d6fce801, rank=0][0m /opt/conda/lib/python3.12/site-packages/olmo_core/nn/pooled_soft_token.py:180: UserWarning: called a synchronizing CUDA operation (Triggered internally at /pytorch/c10/cuda/CUDAFunctions.cpp:162.)
2026-09-15T04:27:21.035Z   d_ix = c[is_ctx]
2026-09-15T04:27:21.035Z 
2026-09-15T04:27:21.035Z [2;36m[2026-09-15 04:27:21][0m [33mWARNING [0m [2m[py.warnings:112, f641d6fce801, rank=0][0m /opt/conda/lib/python3.12/site-packages/olmo_core/nn/pooled_soft_token.py:181: UserWarning: called a synchronizing CUDA operation (Triggered internally at /pytorch/c10/cuda/CUDAFunctions.cpp:162.)
2026-09-15T04:27:21.035Z   pos_ix = is_ctx.nonzero(as_tuple=True)[0]
2026-09-15T04:27:21.035Z 
2026-09-15T04:27:21.036Z [2;36m[2026-09-15 04:27:21][0m [33mWARNING [0m [2m[py.warnings:112, f641d6fce801, rank=0][0m /opt/conda/lib/python3.12/site-packages/olmo_core/nn/pooled_soft_token.py:186: UserWarning: called a synchronizing CUDA operation (Triggered internally at /pytorch/c10/cuda/CUDAFunctions.cpp:162.)
2026-09-15T04:27:21.036Z   pooled_docs = pooled.nonzero(as_tuple=True)[0]
2026-09-15T04:27:21.036Z 
2026-09-15T04:27:21.037Z [2;36m[2026-09-15 04:27:21][0m [33mWARNING [0m [2m[py.warnings:112, f641d6fce801, rank=0][0m /opt/conda/lib/python3.12/site-packages/olmo_core/nn/pooled_soft_token.py:217: UserWarning: called a synchronizing CUDA operation (Triggered internally at /pytorch/c10/cuda/CUDAFunctions.cpp:162.)
2026-09-15T04:27:21.037Z   doc_len = torch.bincount(c[is_ctx], minlength=n_docs) if is_ctx.any() else torch.zeros(n_docs, dtype=torch.long, device=device)
2026-09-15T04:27:21.037Z 
2026-09-15T04:27:21.038Z [2;36m[2026-09-15 04:27:21][0m [33mWARNING [0m [2m[py.warnings:112, f641d6fce801, rank=0][0m /opt/conda/lib/python3.12/site-packages/olmo_core/nn/pooled_soft_token.py:222: UserWarning: called a synchronizing CUDA operation (Triggered internally at /pytorch/c10/cuda/CUDAFunctions.cpp:162.)
2026-09-15T04:27:21.038Z   soft_cols_b = soft_mask.nonzero(as_tuple=True)[0]
2026-09-15T04:27:21.038Z 
2026-09-15T04:27:21.038Z [2;36m[2026-09-15 04:27:21][0m [33mWARNING [0m [2m[py.warnings:112, f641d6fce801, rank=0][0m /opt/conda/lib/python3.12/site-packages/olmo_core/nn/pooled_soft_token.py:226: UserWarning: called a synchronizing CUDA operation (Triggered internally at /pytorch/c10/cuda/CUDAFunctions.cpp:162.)
2026-09-15T04:27:21.038Z   cols_l = soft_cols_b.tolist()
2026-09-15T04:27:21.038Z 
2026-09-15T04:27:21.039Z [2;36m[2026-09-15 04:27:21][0m [33mWARNING [0m [2m[py.warnings:112, f641d6fce801, rank=0][0m /opt/conda/lib/python3.12/site-packages/olmo_core/nn/pooled_soft_token.py:229: UserWarning: called a synchronizing CUDA operation (Triggered internally at /pytorch/c10/cuda/CUDAFunctions.cpp:162.)
2026-09-15T04:27:21.039Z   soft_docs += docs_b.tolist()
2026-09-15T04:27:21.039Z 
2026-09-15T04:27:21.039Z [2;36m[2026-09-15 04:27:21][0m [33mWARNING [0m [2m[py.warnings:112, f641d6fce801, rank=0][0m /opt/conda/lib/python3.12/site-packages/olmo_core/nn/pooled_soft_token.py:230: UserWarning: called a synchronizing CUDA operation (Triggered internally at /pytorch/c10/cuda/CUDAFunctions.cpp:162.)
2026-09-15T04:27:21.039Z   soft_log_len += lens_b.tolist()
2026-09-15T04:27:21.039Z 
2026-09-15T04:27:21.041Z [2;36m[2026-09-15 04:27:21][0m [33mWARNING [0m [2m[py.warnings:112, f641d6fce801, rank=0][0m /opt/conda/lib/python3.12/site-packages/olmo_core/nn/pooled_soft_token.py:280: UserWarning: called a synchronizing CUDA operation (Triggered internally at /pytorch/c10/cuda/CUDAFunctions.cpp:162.)
2026-09-15T04:27:21.041Z   row_lens[b] = L
2026-09-15T04:27:21.041Z 
2026-09-15T04:27:21.042Z [2;36m[2026-09-15 04:27:21][0m [33mWARNING [0m [2m[py.warnings:112, f641d6fce801, rank=0][0m /opt/conda/lib/python3.12/site-packages/olmo_core/nn/pooled_soft_token.py:297: UserWarning: called a synchronizing CUDA operation (Triggered internally at /pytorch/c10/cuda/CUDAFunctions.cpp:162.)
2026-09-15T04:27:21.042Z   soft_rows=torch.tensor(soft_rows, dtype=torch.long, device=device),
2026-09-15T04:27:21.042Z 
2026-09-15T04:27:21.043Z [2;36m[2026-09-15 04:27:21][0m [33mWARNING [0m [2m[py.warnings:112, f641d6fce801, rank=0][0m /opt/conda/lib/python3.12/site-packages/olmo_core/nn/pooled_soft_token.py:298: UserWarning: called a synchronizing CUDA operation (Triggered internally at /pytorch/c10/cuda/CUDAFunctions.cpp:162.)
2026-09-15T04:27:21.043Z   soft_cols=torch.tensor(soft_cols, dtype=torch.long, device=device),
2026-09-15T04:27:21.043Z 
2026-09-15T04:27:21.043Z [2;36m[2026-09-15 04:27:21][0m [33mWARNING [0m [2m[py.warnings:112, f641d6fce801, rank=0][0m /opt/conda/lib/python3.12/site-packages/olmo_core/nn/pooled_soft_token.py:299: UserWarning: called a synchronizing CUDA operation (Triggered internally at /pytorch/c10/cuda/CUDAFunctions.cpp:162.)
2026-09-15T04:27:21.043Z   soft_docs=torch.tensor(soft_docs, dtype=torch.long, device=device),
2026-09-15T04:27:21.043Z 
2026-09-15T04:27:21.044Z [2;36m[2026-09-15 04:27:21][0m [33mWARNING [0m [2m[py.warnings:112, f641d6fce801, rank=0][0m /opt/conda/lib/python3.12/site-packages/olmo_core/nn/pooled_soft_token.py:301: UserWarning: called a synchronizing CUDA operation (Triggered internally at /pytorch/c10/cuda/CUDAFunctions.cpp:162.)
2026-09-15T04:27:21.044Z   soft_log_len=torch.tensor(soft_log_len, dtype=torch.float32, device=device),
2026-09-15T04:27:21.044Z 
2026-09-15T04:27:21.044Z [2;36m[2026-09-15 04:27:21][0m [33mWARNING [0m [2m[py.warnings:112, f641d6fce801, rank=0][0m /opt/conda/lib/python3.12/site-packages/olmo_core/nn/transformer/model.py:1502: UserWarning: called a synchronizing CUDA operation (Triggered internally at /pytorch/c10/cuda/CUDAFunctions.cpp:162.)
2026-09-15T04:27:21.044Z   kv_grad_mask[cb.soft_rows, cb.soft_cols] = False
2026-09-15T04:27:21.044Z 
2026-09-15T04:27:21.190Z [2;36m[2026-09-15 04:27:21][0m [33mWARNING [0m [2m[py.warnings:112, f641d6fce801, rank=0][0m /opt/conda/lib/python3.12/site-packages/liger_kernel/ops/fused_linear_cross_entropy.py:75: UserWarning: called a synchronizing CUDA operation (Triggered internally at /pytorch/c10/cuda/CUDAFunctions.cpp:162.)
2026-09-15T04:27:21.190Z   total_n_non_ignore = target_mask.sum().item()
2026-09-15T04:27:21.190Z 
2026-09-15T04:27:21.979Z [2;36m[2026-09-15 04:27:21][0m [33mWARNING [0m [2m[py.warnings:112, f641d6fce801, rank=0][0m /opt/conda/lib/python3.12/site-packages/liger_kernel/ops/fused_linear_cross_entropy.py:233: UserWarning: called a synchronizing CUDA operation (Triggered internally at /pytorch/c10/cuda/CUDAFunctions.cpp:162.)
2026-09-15T04:27:21.980Z   if not torch.equal(grad_output, torch.tensor(1.0, device=grad_output.device)):
2026-09-15T04:27:21.980Z 
2026-09-15T04:27:23.705Z [2;36m[2026-09-15 04:27:23][0m [33mWARNING [0m [2m[py.warnings:112, f641d6fce801, rank=1][0m /opt/conda/lib/python3.12/site-packages/torch/autograd/graph.py:841: UserWarning: called a synchronizing CUDA operation (Triggered internally at /pytorch/c10/cuda/CUDAFunctions.cpp:162.)
2026-09-15T04:27:23.705Z   return Variable._execution_engine.run_backward(  # Calls into the C++ engine to run the backward pass
2026-09-15T04:27:23.705Z 
2026-09-15T04:27:23.707Z [2;36m[2026-09-15 04:27:23][0m [33mWARNING [0m [2m[py.warnings:112, f641d6fce801, rank=1][0m /opt/conda/lib/python3.12/site-packages/torch/distributed/utils.py:106: UserWarning: called a synchronizing CUDA operation (Triggered internally at /pytorch/c10/cuda/CUDAFunctions.cpp:162.)
2026-09-15T04:27:23.707Z   return (obj.to(target_device),)
2026-09-15T04:27:23.707Z 
2026-09-15T04:27:23.717Z [2;36m[2026-09-15 04:27:23][0m [33mWARNING [0m [2m[py.warnings:112, f641d6fce801, rank=1][0m /opt/conda/lib/python3.12/site-packages/olmo_core/nn/transformer/model.py:777: UserWarning: called a synchronizing CUDA operation (Triggered internally at /pytorch/c10/cuda/CUDAFunctions.cpp:162.)
2026-09-15T04:27:23.717Z   n_docs = int(chunk_ids.max().item()) + 1
2026-09-15T04:27:23.717Z 
2026-09-15T04:27:23.726Z [2;36m[2026-09-15 04:27:23][0m [33mWARNING [0m [2m[py.warnings:112, f641d6fce801, rank=1][0m /opt/conda/lib/python3.12/site-packages/olmo_core/nn/transformer/model.py:834: UserWarning: called a synchronizing CUDA operation (Triggered internally at /pytorch/c10/cuda/CUDAFunctions.cpp:162.)
2026-09-15T04:27:23.726Z   flat = (torch.arange(B, device=emb.device)[:, None] * n_docs + cid.clamp(min=0)).reshape(
2026-09-15T04:27:23.726Z 
2026-09-15T04:27:23.726Z [2;36m[2026-09-15 04:27:23][0m [33mWARNING [0m [2m[py.warnings:112, f641d6fce801, rank=1][0m /opt/conda/lib/python3.12/site-packages/olmo_core/nn/transformer/model.py:838: UserWarning: called a synchronizing CUDA operation (Triggered internally at /pytorch/c10/cuda/CUDAFunctions.cpp:162.)
2026-09-15T04:27:23.726Z   0, flat, emb.reshape(B * T, D)[is_ctx.reshape(-1)]
2026-09-15T04:27:23.726Z 
2026-09-15T04:27:23.733Z [2;36m[2026-09-15 04:27:23][0m [33mWARNING [0m [2m[py.warnings:112, f641d6fce801, rank=1][0m /opt/conda/lib/python3.12/site-packages/olmo_core/nn/pooled_soft_token.py:173: UserWarning: called a synchronizing CUDA operation (Triggered internally at /pytorch/c10/cuda/CUDAFunctions.cpp:162.)
2026-09-15T04:27:23.733Z   kept_idx = kept_tok.nonzero(as_tuple=True)[0]
2026-09-15T04:27:23.733Z 
2026-09-15T04:27:23.734Z [2;36m[2026-09-15 04:27:23][0m [33mWARNING [0m [2m[py.warnings:112, f641d6fce801, rank=1][0m /opt/conda/lib/python3.12/site-packages/olmo_core/nn/pooled_soft_token.py:179: UserWarning: called a synchronizing CUDA operation (Triggered internally at /pytorch/c10/cuda/CUDAFunctions.cpp:162.)
2026-09-15T04:27:23.734Z   if is_ctx.any():
2026-09-15T04:27:23.734Z 
2026-09-15T04:27:23.734Z [2;36m[2026-09-15 04:27:23][0m [33mWARNING [0m [2m[py.warnings:112, f641d6fce801, rank=1][0m /opt/conda/lib/python3.12/site-packages/olmo_core/nn/pooled_soft_token.py:180: UserWarning: called a synchronizing CUDA operation (Triggered internally at /pytorch/c10/cuda/CUDAFunctions.cpp:162.)
2026-09-15T04:27:23.734Z   d_ix = c[is_ctx]
2026-09-15T04:27:23.734Z 
2026-09-15T04:27:23.735Z [2;36m[2026-09-15 04:27:23][0m [33mWARNING [0m [2m[py.warnings:112, f641d6fce801, rank=1][0m /opt/conda/lib/python3.12/site-packages/olmo_core/nn/pooled_soft_token.py:181: UserWarning: called a synchronizing CUDA operation (Triggered internally at /pytorch/c10/cuda/CUDAFunctions.cpp:162.)
2026-09-15T04:27:23.735Z   pos_ix = is_ctx.nonzero(as_tuple=True)[0]
2026-09-15T04:27:23.735Z 
2026-09-15T04:27:23.735Z [2;36m[2026-09-15 04:27:23][0m [33mWARNING [0m [2m[py.warnings:112, f641d6fce801, rank=1][0m /opt/conda/lib/python3.12/site-packages/olmo_core/nn/pooled_soft_token.py:186: UserWarning: called a synchronizing CUDA operation (Triggered internally at /pytorch/c10/cuda/CUDAFunctions.cpp:162.)
2026-09-15T04:27:23.735Z   pooled_docs = pooled.nonzero(as_tuple=True)[0]
2026-09-15T04:27:23.735Z 
2026-09-15T04:27:23.736Z [2;36m[2026-09-15 04:27:23][0m [33mWARNING [0m [2m[py.warnings:112, f641d6fce801, rank=1][0m /opt/conda/lib/python3.12/site-packages/olmo_core/nn/pooled_soft_token.py:217: UserWarning: called a synchronizing CUDA operation (Triggered internally at /pytorch/c10/cuda/CUDAFunctions.cpp:162.)
2026-09-15T04:27:23.736Z   doc_len = torch.bincount(c[is_ctx], minlength=n_docs) if is_ctx.any() else torch.zeros(n_docs, dtype=torch.long, device=device)
2026-09-15T04:27:23.736Z 
2026-09-15T04:27:23.736Z [2;36m[2026-09-15 04:27:23][0m [33mWARNING [0m [2m[py.warnings:112, f641d6fce801, rank=1][0m /opt/conda/lib/python3.12/site-packages/olmo_core/nn/pooled_soft_token.py:222: UserWarning: called a synchronizing CUDA operation (Triggered internally at /pytorch/c10/cuda/CUDAFunctions.cpp:162.)
2026-09-15T04:27:23.736Z   soft_cols_b = soft_mask.nonzero(as_tuple=True)[0]
2026-09-15T04:27:23.736Z 
2026-09-15T04:27:23.737Z [2;36m[2026-09-15 04:27:23][0m [33mWARNING [0m [2m[py.warnings:112, f641d6fce801, rank=1][0m /opt/conda/lib/python3.12/site-packages/olmo_core/nn/pooled_soft_token.py:226: UserWarning: called a synchronizing CUDA operation (Triggered internally at /pytorch/c10/cuda/CUDAFunctions.cpp:162.)
2026-09-15T04:27:23.737Z   cols_l = soft_cols_b.tolist()
2026-09-15T04:27:23.737Z 
2026-09-15T04:27:23.737Z [2;36m[2026-09-15 04:27:23][0m [33mWARNING [0m [2m[py.warnings:112, f641d6fce801, rank=1][0m /opt/conda/lib/python3.12/site-packages/olmo_core/nn/pooled_soft_token.py:229: UserWarning: called a synchronizing CUDA operation (Triggered internally at /pytorch/c10/cuda/CUDAFunctions.cpp:162.)
2026-09-15T04:27:23.737Z   soft_docs += docs_b.tolist()
2026-09-15T04:27:23.737Z 
2026-09-15T04:27:23.738Z [2;36m[2026-09-15 04:27:23][0m [33mWARNING [0m [2m[py.warnings:112, f641d6fce801, rank=1][0m /opt/conda/lib/python3.12/site-packages/olmo_core/nn/pooled_soft_token.py:230: UserWarning: called a synchronizing CUDA operation (Triggered internally at /pytorch/c10/cuda/CUDAFunctions.cpp:162.)
2026-09-15T04:27:23.738Z   soft_log_len += lens_b.tolist()
2026-09-15T04:27:23.738Z 
2026-09-15T04:27:23.739Z [2;36m[2026-09-15 04:27:23][0m [33mWARNING [0m [2m[py.warnings:112, f641d6fce801, rank=1][0m /opt/conda/lib/python3.12/site-packages/olmo_core/nn/pooled_soft_token.py:280: UserWarning: called a synchronizing CUDA operation (Triggered internally at /pytorch/c10/cuda/CUDAFunctions.cpp:162.)
2026-09-15T04:27:23.739Z   row_lens[b] = L
2026-09-15T04:27:23.739Z 
2026-09-15T04:27:23.740Z [2;36m[2026-09-15 04:27:23][0m [33mWARNING [0m [2m[py.warnings:112, f641d6fce801, rank=1][0m /opt/conda/lib/python3.12/site-packages/olmo_core/nn/pooled_soft_token.py:297: UserWarning: called a synchronizing CUDA operation (Triggered internally at /pytorch/c10/cuda/CUDAFunctions.cpp:162.)
2026-09-15T04:27:23.740Z   soft_rows=torch.tensor(soft_rows, dtype=torch.long, device=device),
2026-09-15T04:27:23.740Z 
2026-09-15T04:27:23.740Z [2;36m[2026-09-15 04:27:23][0m [33mWARNING [0m [2m[py.warnings:112, f641d6fce801, rank=1][0m /opt/conda/lib/python3.12/site-packages/olmo_core/nn/pooled_soft_token.py:298: UserWarning: called a synchronizing CUDA operation (Triggered internally at /pytorch/c10/cuda/CUDAFunctions.cpp:162.)
2026-09-15T04:27:23.740Z   soft_cols=torch.tensor(soft_cols, dtype=torch.long, device=device),
2026-09-15T04:27:23.740Z 
2026-09-15T04:27:23.741Z [2;36m[2026-09-15 04:27:23][0m [33mWARNING [0m [2m[py.warnings:112, f641d6fce801, rank=1][0m /opt/conda/lib/python3.12/site-packages/olmo_core/nn/pooled_soft_token.py:299: UserWarning: called a synchronizing CUDA operation (Triggered internally at /pytorch/c10/cuda/CUDAFunctions.cpp:162.)
2026-09-15T04:27:23.741Z   soft_docs=torch.tensor(soft_docs, dtype=torch.long, device=device),
2026-09-15T04:27:23.741Z 
2026-09-15T04:27:23.741Z [2;36m[2026-09-15 04:27:23][0m [33mWARNING [0m [2m[py.warnings:112, f641d6fce801, rank=1][0m /opt/conda/lib/python3.12/site-packages/olmo_core/nn/pooled_soft_token.py:301: UserWarning: called a synchronizing CUDA operation (Triggered internally at /pytorch/c10/cuda/CUDAFunctions.cpp:162.)
2026-09-15T04:27:23.741Z   soft_log_len=torch.tensor(soft_log_len, dtype=torch.float32, device=device),
2026-09-15T04:27:23.741Z 
2026-09-15T04:27:23.741Z [2;36m[2026-09-15 04:27:23][0m [33mWARNING [0m [2m[py.warnings:112, f641d6fce801, rank=1][0m /opt/conda/lib/python3.12/site-packages/olmo_core/nn/transformer/model.py:1502: UserWarning: called a synchronizing CUDA operation (Triggered internally at /pytorch/c10/cuda/CUDAFunctions.cpp:162.)
2026-09-15T04:27:23.741Z   kv_grad_mask[cb.soft_rows, cb.soft_cols] = False
2026-09-15T04:27:23.741Z 
2026-09-15T04:27:23.885Z [2;36m[2026-09-15 04:27:23][0m [33mWARNING [0m [2m[py.warnings:112, f641d6fce801, rank=1][0m /opt/conda/lib/python3.12/site-packages/liger_kernel/ops/fused_linear_cross_entropy.py:75: UserWarning: called a synchronizing CUDA operation (Triggered internally at /pytorch/c10/cuda/CUDAFunctions.cpp:162.)
2026-09-15T04:27:23.885Z   total_n_non_ignore = target_mask.sum().item()
2026-09-15T04:27:23.885Z 
2026-09-15T04:27:24.814Z [2;36m[2026-09-15 04:27:24][0m [33mWARNING [0m [2m[py.warnings:112, f641d6fce801, rank=1][0m /opt/conda/lib/python3.12/site-packages/liger_kernel/ops/fused_linear_cross_entropy.py:233: UserWarning: called a synchronizing CUDA operation (Triggered internally at /pytorch/c10/cuda/CUDAFunctions.cpp:162.)
2026-09-15T04:27:24.814Z   if not torch.equal(grad_output, torch.tensor(1.0, device=grad_output.device)):
2026-09-15T04:27:24.814Z 
2026-09-15T04:27:25.392Z [2;36m[2026-09-15 04:27:25][0m [34mINFO    [0m [2m[olmo_core.train.callbacks.console_logger:68, f641d6fce801, rank=0][0m [step=23/61,epoch=1,eta=13m]
2026-09-15T04:27:25.392Z     gpu_memory/GPU active mem (%)=75.57
2026-09-15T04:27:25.392Z     gpu_memory/GPU active mem (GiB)=59.89
2026-09-15T04:27:25.392Z     gpu_memory/GPU reserved mem (%)=80.90
2026-09-15T04:27:25.392Z     gpu_memory/GPU reserved mem (GiB)=64.12
2026-09-15T04:27:25.392Z     optim/LR (group 0)=3.22E-06
2026-09-15T04:27:25.392Z     optim/LR (group 1)=3.22E-06
2026-09-15T04:27:25.392Z     optim/step skipped=0.0
2026-09-15T04:27:25.392Z     optim/total grad norm=2.044
2026-09-15T04:27:25.392Z     throughput/chinchilla multiple=3.58E-05
2026-09-15T04:27:25.392Z     throughput/device/BPS=0.0291
2026-09-15T04:27:25.392Z     throughput/device/BPS (actual avg)=0.0479
2026-09-15T04:27:25.392Z     throughput/device/MFU=14.01
2026-09-15T04:27:25.392Z     throughput/device/MFU (actual avg)=23.04
2026-09-15T04:27:25.392Z     throughput/device/TPS=1,908
2026-09-15T04:27:25.392Z     throughput/device/TPS (actual avg)=3,139
2026-09-15T04:27:25.392Z     throughput/device/flopsPS=43.71T
2026-09-15T04:27:25.392Z     throughput/device/flopsPS (actual avg)=71.89T
2026-09-15T04:27:25.392Z     throughput/total petaflops=69.03
2026-09-15T04:27:25.392Z     throughput/total tokens=3,014,656
2026-09-15T04:27:25.392Z     train/CE loss=0.4277
2026-09-15T04:27:25.392Z     throughput/device/data loading (%)=0.0067
2026-09-15T04:27:25.392Z     throughput/device/data loading (s)=0.0023
2026-09-15T04:27:25.392Z     train/PPL=1.534
2026-09-15T04:27:36.107Z [2;36m[2026-09-15 04:27:36][0m [34mINFO    [0m [2m[olmo_core.train.callbacks.console_logger:68, f641d6fce801, rank=0][0m [step=24/61,epoch=1,eta=13m]
2026-09-15T04:27:36.107Z     gpu_memory/GPU active mem (%)=75.57
2026-09-15T04:27:36.107Z     gpu_memory/GPU active mem (GiB)=59.89
2026-09-15T04:27:36.107Z     gpu_memory/GPU reserved mem (%)=80.90
2026-09-15T04:27:36.107Z     gpu_memory/GPU reserved mem (GiB)=64.12
2026-09-15T04:27:36.107Z     optim/LR (group 0)=3.14E-06
2026-09-15T04:27:36.107Z     optim/LR (group 1)=3.14E-06
2026-09-15T04:27:36.107Z     optim/step skipped=0.0
2026-09-15T04:27:36.107Z     optim/total grad norm=1.993
2026-09-15T04:27:36.107Z     throughput/chinchilla multiple=3.74E-05
2026-09-15T04:27:36.107Z     throughput/device/BPS=0.0933
2026-09-15T04:27:36.107Z     throughput/device/BPS (actual avg)=0.0489
2026-09-15T04:27:36.107Z     throughput/device/MFU=44.90
2026-09-15T04:27:36.107Z     throughput/device/MFU (actual avg)=23.54
2026-09-15T04:27:36.107Z     throughput/device/TPS=6,117
2026-09-15T04:27:36.107Z     throughput/device/TPS (actual avg)=3,207
2026-09-15T04:27:36.107Z     throughput/device/flopsPS=140.1T
2026-09-15T04:27:36.107Z     throughput/device/flopsPS (actual avg)=73.44T
2026-09-15T04:27:36.107Z     throughput/total petaflops=72.04
2026-09-15T04:27:36.107Z     throughput/total tokens=3,145,728
2026-09-15T04:27:36.107Z     train/CE loss=0.4113
2026-09-15T04:27:36.107Z     throughput/device/data loading (%)=0.0165
2026-09-15T04:27:36.107Z     throughput/device/data loading (s)=0.0018
2026-09-15T04:27:36.107Z     train/PPL=1.509
2026-09-15T04:27:47.095Z [2;36m[2026-09-15 04:27:47][0m [34mINFO    [0m [2m[olmo_core.train.callbacks.console_logger:68, f641d6fce801, rank=0][0m [step=25/61,epoch=1,eta=12m]
2026-09-15T04:27:47.095Z     gpu_memory/GPU active mem (%)=75.57
2026-09-15T04:27:47.095Z     gpu_memory/GPU active mem (GiB)=59.89
2026-09-15T04:27:47.095Z     gpu_memory/GPU reserved mem (%)=80.90
2026-09-15T04:27:47.095Z     gpu_memory/GPU reserved mem (GiB)=64.12
2026-09-15T04:27:47.095Z     optim/LR (group 0)=3.05E-06
2026-09-15T04:27:47.095Z     optim/LR (group 1)=3.05E-06
2026-09-15T04:27:47.095Z     optim/step skipped=0.0
2026-09-15T04:27:47.095Z     optim/total grad norm=2.819
2026-09-15T04:27:47.095Z     throughput/chinchilla multiple=3.90E-05
2026-09-15T04:27:47.095Z     throughput/device/BPS=0.0910
2026-09-15T04:27:47.095Z     throughput/device/BPS (actual avg)=0.0499
2026-09-15T04:27:47.095Z     throughput/device/MFU=43.78
2026-09-15T04:27:47.095Z     throughput/device/MFU (actual avg)=24.00
2026-09-15T04:27:47.095Z     throughput/device/TPS=5,964
2026-09-15T04:27:47.095Z     throughput/device/TPS (actual avg)=3,270
2026-09-15T04:27:47.095Z     throughput/device/flopsPS=136.6T
2026-09-15T04:27:47.095Z     throughput/device/flopsPS (actual avg)=74.88T
2026-09-15T04:27:47.095Z     throughput/total petaflops=75.04
2026-09-15T04:27:47.095Z     throughput/total tokens=3,276,800
2026-09-15T04:27:47.095Z     train/CE loss=0.4241
2026-09-15T04:27:47.095Z     throughput/device/data loading (%)=0.0182
2026-09-15T04:27:47.095Z     throughput/device/data loading (s)=0.0020
2026-09-15T04:27:47.095Z     train/PPL=1.528
2026-09-15T04:27:57.538Z [2;36m[2026-09-15 04:27:57][0m [34mINFO    [0m [2m[olmo_core.train.callbacks.console_logger:68, f641d6fce801, rank=0][0m [step=26/61,epoch=1,eta=12m]
2026-09-15T04:27:57.539Z     gpu_memory/GPU active mem (%)=75.57
2026-09-15T04:27:57.539Z     gpu_memory/GPU active mem (GiB)=59.89
2026-09-15T04:27:57.539Z     gpu_memory/GPU reserved mem (%)=80.90
2026-09-15T04:27:57.539Z     gpu_memory/GPU reserved mem (GiB)=64.12
2026-09-15T04:27:57.539Z     optim/LR (group 0)=2.97E-06
2026-09-15T04:27:57.539Z     optim/LR (group 1)=2.97E-06
2026-09-15T04:27:57.539Z     optim/step skipped=0.0
2026-09-15T04:27:57.539Z     optim/total grad norm=2.695
2026-09-15T04:27:57.539Z     throughput/chinchilla multiple=4.05E-05
2026-09-15T04:27:57.539Z     throughput/device/BPS=0.0958
2026-09-15T04:27:57.539Z     throughput/device/BPS (actual avg)=0.0509
2026-09-15T04:27:57.539Z     throughput/device/MFU=46.06
2026-09-15T04:27:57.539Z     throughput/device/MFU (actual avg)=24.47
2026-09-15T04:27:57.539Z     throughput/device/TPS=6,275
2026-09-15T04:27:57.539Z     throughput/device/TPS (actual avg)=3,334
2026-09-15T04:27:57.539Z     throughput/device/flopsPS=143.7T
2026-09-15T04:27:57.539Z     throughput/device/flopsPS (actual avg)=76.35T
2026-09-15T04:27:57.539Z     throughput/total petaflops=78.04
2026-09-15T04:27:57.539Z     throughput/total tokens=3,407,872
2026-09-15T04:27:57.539Z     train/CE loss=0.4292
2026-09-15T04:27:57.539Z     throughput/device/data loading (%)=0.0152
2026-09-15T04:27:57.539Z     throughput/device/data loading (s)=0.0016
2026-09-15T04:27:57.539Z     train/PPL=1.536
2026-09-15T04:28:07.983Z [2;36m[2026-09-15 04:28:07][0m [34mINFO    [0m [2m[olmo_core.train.callbacks.console_logger:68, f641d6fce801, rank=0][0m [step=27/61,epoch=1,eta=11m]
2026-09-15T04:28:07.983Z     gpu_memory/GPU active mem (%)=75.57
2026-09-15T04:28:07.983Z     gpu_memory/GPU active mem (GiB)=59.89
2026-09-15T04:28:07.983Z     gpu_memory/GPU reserved mem (%)=80.90
2026-09-15T04:28:07.983Z     gpu_memory/GPU reserved mem (GiB)=64.12
2026-09-15T04:28:07.983Z     optim/LR (group 0)=2.88E-06
2026-09-15T04:28:07.983Z     optim/LR (group 1)=2.88E-06
2026-09-15T04:28:07.983Z     optim/step skipped=0.0
2026-09-15T04:28:07.983Z     optim/total grad norm=2.302
2026-09-15T04:28:07.983Z     throughput/chinchilla multiple=4.21E-05
2026-09-15T04:28:07.983Z     throughput/device/BPS=0.0957
2026-09-15T04:28:07.983Z     throughput/device/BPS (actual avg)=0.0518
2026-09-15T04:28:07.983Z     throughput/device/MFU=46.05
2026-09-15T04:28:07.983Z     throughput/device/MFU (actual avg)=24.92
2026-09-15T04:28:07.983Z     throughput/device/TPS=6,274
2026-09-15T04:28:07.983Z     throughput/device/TPS (actual avg)=3,395
2026-09-15T04:28:07.983Z     throughput/device/flopsPS=143.7T
2026-09-15T04:28:07.983Z     throughput/device/flopsPS (actual avg)=77.75T
2026-09-15T04:28:07.983Z     throughput/total petaflops=81.04
2026-09-15T04:28:07.983Z     throughput/total tokens=3,538,944
2026-09-15T04:28:07.983Z     train/CE loss=0.4062
2026-09-15T04:28:07.983Z     throughput/device/data loading (%)=0.0142
2026-09-15T04:28:07.983Z     throughput/device/data loading (s)=0.0015
2026-09-15T04:28:07.983Z     train/PPL=1.501
2026-09-15T04:28:18.653Z [2;36m[2026-09-15 04:28:18][0m [34mINFO    [0m [2m[olmo_core.train.callbacks.console_logger:68, f641d6fce801, rank=0][0m [step=28/61,epoch=1,eta=11m]
2026-09-15T04:28:18.653Z     gpu_memory/GPU active mem (%)=75.57
2026-09-15T04:28:18.653Z     gpu_memory/GPU active mem (GiB)=59.89
2026-09-15T04:28:18.653Z     gpu_memory/GPU reserved mem (%)=80.90
2026-09-15T04:28:18.653Z     gpu_memory/GPU reserved mem (GiB)=64.12
2026-09-15T04:28:18.653Z     optim/LR (group 0)=2.80E-06
2026-09-15T04:28:18.653Z     optim/LR (group 1)=2.80E-06
2026-09-15T04:28:18.653Z     optim/step skipped=0.0
2026-09-15T04:28:18.653Z     optim/total grad norm=3.289
2026-09-15T04:28:18.653Z     throughput/chinchilla multiple=4.36E-05
2026-09-15T04:28:18.653Z     throughput/device/BPS=0.0937
2026-09-15T04:28:18.653Z     throughput/device/BPS (actual avg)=0.0527
2026-09-15T04:28:18.653Z     throughput/device/MFU=45.08
2026-09-15T04:28:18.653Z     throughput/device/MFU (actual avg)=25.34
2026-09-15T04:28:18.653Z     throughput/device/TPS=6,141
2026-09-15T04:28:18.653Z     throughput/device/TPS (actual avg)=3,452
2026-09-15T04:28:18.653Z     throughput/device/flopsPS=140.6T
2026-09-15T04:28:18.653Z     throughput/device/flopsPS (actual avg)=79.06T
2026-09-15T04:28:18.653Z     throughput/total petaflops=84.04
2026-09-15T04:28:18.653Z     throughput/total tokens=3,670,016
2026-09-15T04:28:18.653Z     train/CE loss=0.4273
2026-09-15T04:28:18.653Z     throughput/device/data loading (%)=0.0167
2026-09-15T04:28:18.653Z     throughput/device/data loading (s)=0.0018
2026-09-15T04:28:18.653Z     train/PPL=1.533
2026-09-15T04:28:29.724Z [2;36m[2026-09-15 04:28:29][0m [34mINFO    [0m [2m[olmo_core.train.callbacks.console_logger:68, f641d6fce801, rank=0][0m [step=29/61,epoch=1,eta=10m]
2026-09-15T04:28:29.724Z     gpu_memory/GPU active mem (%)=75.57
2026-09-15T04:28:29.724Z     gpu_memory/GPU active mem (GiB)=59.89
2026-09-15T04:28:29.724Z     gpu_memory/GPU reserved mem (%)=80.90
2026-09-15T04:28:29.724Z     gpu_memory/GPU reserved mem (GiB)=64.12
2026-09-15T04:28:29.724Z     optim/LR (group 0)=2.71E-06
2026-09-15T04:28:29.724Z     optim/LR (group 1)=2.71E-06
2026-09-15T04:28:29.724Z     optim/step skipped=0.0
2026-09-15T04:28:29.724Z     optim/total grad norm=2.639
2026-09-15T04:28:29.724Z     throughput/chinchilla multiple=4.52E-05
2026-09-15T04:28:29.724Z     throughput/device/BPS=0.0904
2026-09-15T04:28:29.724Z     throughput/device/BPS (actual avg)=0.0535
2026-09-15T04:28:29.724Z     throughput/device/MFU=43.49
2026-09-15T04:28:29.724Z     throughput/device/MFU (actual avg)=25.72
2026-09-15T04:28:29.724Z     throughput/device/TPS=5,925
2026-09-15T04:28:29.724Z     throughput/device/TPS (actual avg)=3,504
2026-09-15T04:28:29.724Z     throughput/device/flopsPS=135.7T
2026-09-15T04:28:29.724Z     throughput/device/flopsPS (actual avg)=80.25T
2026-09-15T04:28:29.724Z     throughput/total petaflops=87.04
2026-09-15T04:28:29.724Z     throughput/total tokens=3,801,088
2026-09-15T04:28:29.724Z     train/CE loss=0.4178
2026-09-15T04:28:29.724Z     throughput/device/data loading (%)=0.0143
2026-09-15T04:28:29.724Z     throughput/device/data loading (s)=0.0016
2026-09-15T04:28:29.724Z     train/PPL=1.519
2026-09-15T04:28:41.088Z [2;36m[2026-09-15 04:28:41][0m [34mINFO    [0m [2m[olmo_core.train.callbacks.console_logger:68, f641d6fce801, rank=0][0m [step=30/61,epoch=1,eta=10m]
2026-09-15T04:28:41.088Z     gpu_memory/GPU active mem (%)=75.57
2026-09-15T04:28:41.088Z     gpu_memory/GPU active mem (GiB)=59.89
2026-09-15T04:28:41.088Z     gpu_memory/GPU reserved mem (%)=80.90
2026-09-15T04:28:41.088Z     gpu_memory/GPU reserved mem (GiB)=64.12
2026-09-15T04:28:41.088Z     optim/LR (group 0)=2.63E-06
2026-09-15T04:28:41.088Z     optim/LR (group 1)=2.63E-06
2026-09-15T04:28:41.088Z     optim/step skipped=0.0
2026-09-15T04:28:41.088Z     optim/total grad norm=2.195
2026-09-15T04:28:41.088Z     throughput/chinchilla multiple=4.67E-05
2026-09-15T04:28:41.088Z     throughput/device/BPS=0.0879
2026-09-15T04:28:41.088Z     throughput/device/BPS (actual avg)=0.0542
2026-09-15T04:28:41.088Z     throughput/device/MFU=42.29
2026-09-15T04:28:41.088Z     throughput/device/MFU (actual avg)=26.07
2026-09-15T04:28:41.088Z     throughput/device/TPS=5,761
2026-09-15T04:28:41.088Z     throughput/device/TPS (actual avg)=3,552
2026-09-15T04:28:41.088Z     throughput/device/flopsPS=131.9T
2026-09-15T04:28:41.088Z     throughput/device/flopsPS (actual avg)=81.35T
2026-09-15T04:28:41.088Z     throughput/total petaflops=90.04
2026-09-15T04:28:41.088Z     throughput/total tokens=3,932,160
2026-09-15T04:28:41.088Z     train/CE loss=0.4156
2026-09-15T04:28:41.088Z     throughput/device/data loading (%)=0.1030
2026-09-15T04:28:41.088Z     throughput/device/data loading (s)=0.0117
2026-09-15T04:28:41.088Z     train/PPL=1.515
2026-09-15T04:28:51.904Z [2;36m[2026-09-15 04:28:51][0m [34mINFO    [0m [2m[olmo_core.train.callbacks.console_logger:68, f641d6fce801, rank=0][0m [step=31/61,epoch=1,eta=9m]
2026-09-15T04:28:51.904Z     gpu_memory/GPU active mem (%)=75.57
2026-09-15T04:28:51.904Z     gpu_memory/GPU active mem (GiB)=59.89
2026-09-15T04:28:51.904Z     gpu_memory/GPU reserved mem (%)=80.90
2026-09-15T04:28:51.904Z     gpu_memory/GPU reserved mem (GiB)=64.12
2026-09-15T04:28:51.904Z     optim/LR (group 0)=2.54E-06
2026-09-15T04:28:51.904Z     optim/LR (group 1)=2.54E-06
2026-09-15T04:28:51.904Z     optim/step skipped=0.0
2026-09-15T04:28:51.904Z     optim/total grad norm=1.856
2026-09-15T04:28:51.904Z     throughput/chinchilla multiple=4.83E-05
2026-09-15T04:28:51.904Z     throughput/device/BPS=0.0925
2026-09-15T04:28:51.904Z     throughput/device/BPS (actual avg)=0.0550
2026-09-15T04:28:51.904Z     throughput/device/MFU=44.47
2026-09-15T04:28:51.904Z     throughput/device/MFU (actual avg)=26.44
2026-09-15T04:28:51.904Z     throughput/device/TPS=6,059
2026-09-15T04:28:51.904Z     throughput/device/TPS (actual avg)=3,602
2026-09-15T04:28:51.904Z     throughput/device/flopsPS=138.8T
2026-09-15T04:28:51.904Z     throughput/device/flopsPS (actual avg)=82.49T
2026-09-15T04:28:51.904Z     throughput/total petaflops=93.05
2026-09-15T04:28:51.904Z     throughput/total tokens=4,063,232
2026-09-15T04:28:51.904Z     train/CE loss=0.4191
2026-09-15T04:28:51.904Z     throughput/device/data loading (%)=0.0351
2026-09-15T04:28:51.904Z     throughput/device/data loading (s)=0.0038
2026-09-15T04:28:51.904Z     train/PPL=1.521
2026-09-15T04:29:03.032Z [2;36m[2026-09-15 04:29:03][0m [34mINFO    [0m [2m[olmo_core.train.callbacks.console_logger:68, f641d6fce801, rank=0][0m [step=32/61,epoch=1,eta=9m]
2026-09-15T04:29:03.032Z     gpu_memory/GPU active mem (%)=75.57
2026-09-15T04:29:03.032Z     gpu_memory/GPU active mem (GiB)=59.89
2026-09-15T04:29:03.032Z     gpu_memory/GPU reserved mem (%)=80.90
2026-09-15T04:29:03.032Z     gpu_memory/GPU reserved mem (GiB)=64.12
2026-09-15T04:29:03.032Z     optim/LR (group 0)=2.46E-06
2026-09-15T04:29:03.032Z     optim/LR (group 1)=2.46E-06
2026-09-15T04:29:03.032Z     optim/step skipped=0.0
2026-09-15T04:29:03.032Z     optim/total grad norm=2.428
2026-09-15T04:29:03.032Z     throughput/chinchilla multiple=4.99E-05
2026-09-15T04:29:03.032Z     throughput/device/BPS=0.0899
2026-09-15T04:29:03.032Z     throughput/device/BPS (actual avg)=0.0557
2026-09-15T04:29:03.032Z     throughput/device/MFU=43.22
2026-09-15T04:29:03.032Z     throughput/device/MFU (actual avg)=26.77
2026-09-15T04:29:03.032Z     throughput/device/TPS=5,889
2026-09-15T04:29:03.033Z     throughput/device/TPS (actual avg)=3,647
2026-09-15T04:29:03.033Z     throughput/device/flopsPS=134.9T
2026-09-15T04:29:03.033Z     throughput/device/flopsPS (actual avg)=83.54T
2026-09-15T04:29:03.033Z     throughput/total petaflops=96.05
2026-09-15T04:29:03.033Z     throughput/total tokens=4,194,304
2026-09-15T04:29:03.033Z     train/CE loss=0.4291
2026-09-15T04:29:03.033Z     throughput/device/data loading (%)=0.0174
2026-09-15T04:29:03.033Z     throughput/device/data loading (s)=0.0019
2026-09-15T04:29:03.033Z     train/PPL=1.536
2026-09-15T04:29:13.990Z [2;36m[2026-09-15 04:29:13][0m [34mINFO    [0m [2m[olmo_core.train.callbacks.console_logger:68, f641d6fce801, rank=0][0m [step=33/61,epoch=1,eta=8m]
2026-09-15T04:29:13.990Z     gpu_memory/GPU active mem (%)=75.57
2026-09-15T04:29:13.990Z     gpu_memory/GPU active mem (GiB)=59.89
2026-09-15T04:29:13.990Z     gpu_memory/GPU reserved mem (%)=80.90
2026-09-15T04:29:13.990Z     gpu_memory/GPU reserved mem (GiB)=64.12
2026-09-15T04:29:13.990Z     optim/LR (group 0)=2.37E-06
2026-09-15T04:29:13.990Z     optim/LR (group 1)=2.37E-06
2026-09-15T04:29:13.990Z     optim/step skipped=0.0
2026-09-15T04:29:13.990Z     optim/total grad norm=2.323
2026-09-15T04:29:13.990Z     throughput/chinchilla multiple=5.14E-05
2026-09-15T04:29:13.990Z     throughput/device/BPS=0.0913
2026-09-15T04:29:13.990Z     throughput/device/BPS (actual avg)=0.0564
2026-09-15T04:29:13.990Z     throughput/device/MFU=43.90
2026-09-15T04:29:13.990Z     throughput/device/MFU (actual avg)=27.10
2026-09-15T04:29:13.990Z     throughput/device/TPS=5,981
2026-09-15T04:29:13.990Z     throughput/device/TPS (actual avg)=3,692
2026-09-15T04:29:13.990Z     throughput/device/flopsPS=137.0T
2026-09-15T04:29:13.990Z     throughput/device/flopsPS (actual avg)=84.57T
2026-09-15T04:29:13.990Z     throughput/total petaflops=99.05
2026-09-15T04:29:13.990Z     throughput/total tokens=4,325,376
2026-09-15T04:29:13.990Z     train/CE loss=0.4261
2026-09-15T04:29:13.990Z     throughput/device/data loading (%)=0.0141
2026-09-15T04:29:13.990Z     throughput/device/data loading (s)=0.0015
2026-09-15T04:29:13.990Z     train/PPL=1.531
2026-09-15T04:29:24.906Z [2;36m[2026-09-15 04:29:24][0m [33mWARNING [0m [2m[py.warnings:112, f641d6fce801, rank=1][0m /opt/conda/lib/python3.12/site-packages/liger_kernel/ops/fused_linear_cross_entropy.py:75: UserWarning: called a synchronizing CUDA operation (Triggered internally at /pytorch/c10/cuda/CUDAFunctions.cpp:162.)
2026-09-15T04:29:24.906Z   total_n_non_ignore = target_mask.sum().item()
2026-09-15T04:29:24.906Z 
2026-09-15T04:29:25.581Z [2;36m[2026-09-15 04:29:25][0m [33mWARNING [0m [2m[py.warnings:112, f641d6fce801, rank=1][0m /opt/conda/lib/python3.12/site-packages/liger_kernel/ops/fused_linear_cross_entropy.py:233: UserWarning: called a synchronizing CUDA operation (Triggered internally at /pytorch/c10/cuda/CUDAFunctions.cpp:162.)
2026-09-15T04:29:25.581Z   if not torch.equal(grad_output, torch.tensor(1.0, device=grad_output.device)):
2026-09-15T04:29:25.581Z 
2026-09-15T04:29:39.061Z [2;36m[2026-09-15 04:29:39][0m [33mWARNING [0m [2m[py.warnings:112, f641d6fce801, rank=1][0m /opt/conda/lib/python3.12/site-packages/torch/autograd/graph.py:841: UserWarning: called a synchronizing CUDA operation (Triggered internally at /pytorch/c10/cuda/CUDAFunctions.cpp:162.)
2026-09-15T04:29:39.061Z   return Variable._execution_engine.run_backward(  # Calls into the C++ engine to run the backward pass
2026-09-15T04:29:39.061Z 
2026-09-15T04:29:39.064Z [2;36m[2026-09-15 04:29:39][0m [33mWARNING [0m [2m[py.warnings:112, f641d6fce801, rank=1][0m /opt/conda/lib/python3.12/site-packages/torch/distributed/utils.py:106: UserWarning: called a synchronizing CUDA operation (Triggered internally at /pytorch/c10/cuda/CUDAFunctions.cpp:162.)
2026-09-15T04:29:39.064Z   return (obj.to(target_device),)
2026-09-15T04:29:39.064Z 
2026-09-15T04:29:39.071Z [2;36m[2026-09-15 04:29:39][0m [33mWARNING [0m [2m[py.warnings:112, f641d6fce801, rank=1][0m /opt/conda/lib/python3.12/site-packages/olmo_core/nn/transformer/model.py:777: UserWarning: called a synchronizing CUDA operation (Triggered internally at /pytorch/c10/cuda/CUDAFunctions.cpp:162.)
2026-09-15T04:29:39.071Z   n_docs = int(chunk_ids.max().item()) + 1
2026-09-15T04:29:39.071Z 
2026-09-15T04:29:39.080Z [2;36m[2026-09-15 04:29:39][0m [33mWARNING [0m [2m[py.warnings:112, f641d6fce801, rank=1][0m /opt/conda/lib/python3.12/site-packages/olmo_core/nn/transformer/model.py:834: UserWarning: called a synchronizing CUDA operation (Triggered internally at /pytorch/c10/cuda/CUDAFunctions.cpp:162.)
2026-09-15T04:29:39.080Z   flat = (torch.arange(B, device=emb.device)[:, None] * n_docs + cid.clamp(min=0)).reshape(
2026-09-15T04:29:39.080Z 
2026-09-15T04:29:39.080Z [2;36m[2026-09-15 04:29:39][0m [33mWARNING [0m [2m[py.warnings:112, f641d6fce801, rank=1][0m /opt/conda/lib/python3.12/site-packages/olmo_core/nn/transformer/model.py:838: UserWarning: called a synchronizing CUDA operation (Triggered internally at /pytorch/c10/cuda/CUDAFunctions.cpp:162.)
2026-09-15T04:29:39.080Z   0, flat, emb.reshape(B * T, D)[is_ctx.reshape(-1)]
2026-09-15T04:29:39.080Z 
2026-09-15T04:29:39.089Z [2;36m[2026-09-15 04:29:39][0m [33mWARNING [0m [2m[py.warnings:112, f641d6fce801, rank=1][0m /opt/conda/lib/python3.12/site-packages/olmo_core/nn/pooled_soft_token.py:173: UserWarning: called a synchronizing CUDA operation (Triggered internally at /pytorch/c10/cuda/CUDAFunctions.cpp:162.)
2026-09-15T04:29:39.089Z   kept_idx = kept_tok.nonzero(as_tuple=True)[0]
2026-09-15T04:29:39.089Z 
2026-09-15T04:29:39.090Z [2;36m[2026-09-15 04:29:39][0m [33mWARNING [0m [2m[py.warnings:112, f641d6fce801, rank=1][0m /opt/conda/lib/python3.12/site-packages/olmo_core/nn/pooled_soft_token.py:179: UserWarning: called a synchronizing CUDA operation (Triggered internally at /pytorch/c10/cuda/CUDAFunctions.cpp:162.)
2026-09-15T04:29:39.090Z   if is_ctx.any():
2026-09-15T04:29:39.090Z 
2026-09-15T04:29:39.090Z [2;36m[2026-09-15 04:29:39][0m [33mWARNING [0m [2m[py.warnings:112, f641d6fce801, rank=1][0m /opt/conda/lib/python3.12/site-packages/olmo_core/nn/pooled_soft_token.py:180: UserWarning: called a synchronizing CUDA operation (Triggered internally at /pytorch/c10/cuda/CUDAFunctions.cpp:162.)
2026-09-15T04:29:39.090Z   d_ix = c[is_ctx]
2026-09-15T04:29:39.090Z 
2026-09-15T04:29:39.090Z [2;36m[2026-09-15 04:29:39][0m [33mWARNING [0m [2m[py.warnings:112, f641d6fce801, rank=1][0m /opt/conda/lib/python3.12/site-packages/olmo_core/nn/pooled_soft_token.py:181: UserWarning: called a synchronizing CUDA operation (Triggered internally at /pytorch/c10/cuda/CUDAFunctions.cpp:162.)
2026-09-15T04:29:39.090Z   pos_ix = is_ctx.nonzero(as_tuple=True)[0]
2026-09-15T04:29:39.090Z 
2026-09-15T04:29:39.091Z [2;36m[2026-09-15 04:29:39][0m [33mWARNING [0m [2m[py.warnings:112, f641d6fce801, rank=1][0m /opt/conda/lib/python3.12/site-packages/olmo_core/nn/pooled_soft_token.py:186: UserWarning: called a synchronizing CUDA operation (Triggered internally at /pytorch/c10/cuda/CUDAFunctions.cpp:162.)
2026-09-15T04:29:39.091Z   pooled_docs = pooled.nonzero(as_tuple=True)[0]
2026-09-15T04:29:39.091Z 
2026-09-15T04:29:39.092Z [2;36m[2026-09-15 04:29:39][0m [33mWARNING [0m [2m[py.warnings:112, f641d6fce801, rank=1][0m /opt/conda/lib/python3.12/site-packages/olmo_core/nn/pooled_soft_token.py:217: UserWarning: called a synchronizing CUDA operation (Triggered internally at /pytorch/c10/cuda/CUDAFunctions.cpp:162.)
2026-09-15T04:29:39.092Z   doc_len = torch.bincount(c[is_ctx], minlength=n_docs) if is_ctx.any() else torch.zeros(n_docs, dtype=torch.long, device=device)
2026-09-15T04:29:39.092Z 
2026-09-15T04:29:39.092Z [2;36m[2026-09-15 04:29:39][0m [33mWARNING [0m [2m[py.warnings:112, f641d6fce801, rank=1][0m /opt/conda/lib/python3.12/site-packages/olmo_core/nn/pooled_soft_token.py:222: UserWarning: called a synchronizing CUDA operation (Triggered internally at /pytorch/c10/cuda/CUDAFunctions.cpp:162.)
2026-09-15T04:29:39.092Z   soft_cols_b = soft_mask.nonzero(as_tuple=True)[0]
2026-09-15T04:29:39.092Z 
2026-09-15T04:29:39.093Z [2;36m[2026-09-15 04:29:39][0m [33mWARNING [0m [2m[py.warnings:112, f641d6fce801, rank=1][0m /opt/conda/lib/python3.12/site-packages/olmo_core/nn/pooled_soft_token.py:226: UserWarning: called a synchronizing CUDA operation (Triggered internally at /pytorch/c10/cuda/CUDAFunctions.cpp:162.)
2026-09-15T04:29:39.093Z   cols_l = soft_cols_b.tolist()
2026-09-15T04:29:39.093Z 
2026-09-15T04:29:39.093Z [2;36m[2026-09-15 04:29:39][0m [33mWARNING [0m [2m[py.warnings:112, f641d6fce801, rank=1][0m /opt/conda/lib/python3.12/site-packages/olmo_core/nn/pooled_soft_token.py:229: UserWarning: called a synchronizing CUDA operation (Triggered internally at /pytorch/c10/cuda/CUDAFunctions.cpp:162.)
2026-09-15T04:29:39.093Z   soft_docs += docs_b.tolist()
2026-09-15T04:29:39.093Z 
2026-09-15T04:29:39.093Z [2;36m[2026-09-15 04:29:39][0m [33mWARNING [0m [2m[py.warnings:112, f641d6fce801, rank=1][0m /opt/conda/lib/python3.12/site-packages/olmo_core/nn/pooled_soft_token.py:230: UserWarning: called a synchronizing CUDA operation (Triggered internally at /pytorch/c10/cuda/CUDAFunctions.cpp:162.)
2026-09-15T04:29:39.093Z   soft_log_len += lens_b.tolist()
2026-09-15T04:29:39.093Z 
2026-09-15T04:29:39.095Z [2;36m[2026-09-15 04:29:39][0m [33mWARNING [0m [2m[py.warnings:112, f641d6fce801, rank=1][0m /opt/conda/lib/python3.12/site-packages/olmo_core/nn/pooled_soft_token.py:280: UserWarning: called a synchronizing CUDA operation (Triggered internally at /pytorch/c10/cuda/CUDAFunctions.cpp:162.)
2026-09-15T04:29:39.095Z   row_lens[b] = L
2026-09-15T04:29:39.095Z 
2026-09-15T04:29:39.096Z [2;36m[2026-09-15 04:29:39][0m [33mWARNING [0m [2m[py.warnings:112, f641d6fce801, rank=1][0m /opt/conda/lib/python3.12/site-packages/olmo_core/nn/pooled_soft_token.py:297: UserWarning: called a synchronizing CUDA operation (Triggered internally at /pytorch/c10/cuda/CUDAFunctions.cpp:162.)
2026-09-15T04:29:39.096Z   soft_rows=torch.tensor(soft_rows, dtype=torch.long, device=device),
2026-09-15T04:29:39.096Z 
2026-09-15T04:29:39.096Z [2;36m[2026-09-15 04:29:39][0m [33mWARNING [0m [2m[py.warnings:112, f641d6fce801, rank=1][0m /opt/conda/lib/python3.12/site-packages/olmo_core/nn/pooled_soft_token.py:298: UserWarning: called a synchronizing CUDA operation (Triggered internally at /pytorch/c10/cuda/CUDAFunctions.cpp:162.)
2026-09-15T04:29:39.096Z   soft_cols=torch.tensor(soft_cols, dtype=torch.long, device=device),
2026-09-15T04:29:39.096Z 
2026-09-15T04:29:39.096Z [2;36m[2026-09-15 04:29:39][0m [33mWARNING [0m [2m[py.warnings:112, f641d6fce801, rank=1][0m /opt/conda/lib/python3.12/site-packages/olmo_core/nn/pooled_soft_token.py:299: UserWarning: called a synchronizing CUDA operation (Triggered internally at /pytorch/c10/cuda/CUDAFunctions.cpp:162.)
2026-09-15T04:29:39.096Z   soft_docs=torch.tensor(soft_docs, dtype=torch.long, device=device),
2026-09-15T04:29:39.096Z 
2026-09-15T04:29:39.097Z [2;36m[2026-09-15 04:29:39][0m [33mWARNING [0m [2m[py.warnings:112, f641d6fce801, rank=1][0m /opt/conda/lib/python3.12/site-packages/olmo_core/nn/pooled_soft_token.py:301: UserWarning: called a synchronizing CUDA operation (Triggered internally at /pytorch/c10/cuda/CUDAFunctions.cpp:162.)
2026-09-15T04:29:39.097Z   soft_log_len=torch.tensor(soft_log_len, dtype=torch.float32, device=device),
2026-09-15T04:29:39.097Z 
2026-09-15T04:29:39.097Z [2;36m[2026-09-15 04:29:39][0m [33mWARNING [0m [2m[py.warnings:112, f641d6fce801, rank=1][0m /opt/conda/lib/python3.12/site-packages/olmo_core/nn/transformer/model.py:1502: UserWarning: called a synchronizing CUDA operation (Triggered internally at /pytorch/c10/cuda/CUDAFunctions.cpp:162.)
2026-09-15T04:29:39.097Z   kv_grad_mask[cb.soft_rows, cb.soft_cols] = False
2026-09-15T04:29:39.097Z 
2026-09-15T04:29:39.243Z [2;36m[2026-09-15 04:29:39][0m [33mWARNING [0m [2m[py.warnings:112, f641d6fce801, rank=1][0m /opt/conda/lib/python3.12/site-packages/liger_kernel/ops/fused_linear_cross_entropy.py:75: UserWarning: called a synchronizing CUDA operation (Triggered internally at /pytorch/c10/cuda/CUDAFunctions.cpp:162.)
2026-09-15T04:29:39.244Z   total_n_non_ignore = target_mask.sum().item()
2026-09-15T04:29:39.244Z 
2026-09-15T04:29:39.778Z [2;36m[2026-09-15 04:29:39][0m [33mWARNING [0m [2m[py.warnings:112, f641d6fce801, rank=1][0m /opt/conda/lib/python3.12/site-packages/liger_kernel/ops/fused_linear_cross_entropy.py:233: UserWarning: called a synchronizing CUDA operation (Triggered internally at /pytorch/c10/cuda/CUDAFunctions.cpp:162.)
2026-09-15T04:29:39.778Z   if not torch.equal(grad_output, torch.tensor(1.0, device=grad_output.device)):
2026-09-15T04:29:39.778Z 
2026-09-15T04:29:47.929Z [2;36m[2026-09-15 04:29:47][0m [34mINFO    [0m [2m[olmo_core.train.callbacks.console_logger:68, f641d6fce801, rank=0][0m [step=34/61,epoch=1,eta=8m]
2026-09-15T04:29:47.929Z     gpu_memory/GPU active mem (%)=75.57
2026-09-15T04:29:47.929Z     gpu_memory/GPU active mem (GiB)=59.89
2026-09-15T04:29:47.929Z     gpu_memory/GPU reserved mem (%)=80.90
2026-09-15T04:29:47.929Z     gpu_memory/GPU reserved mem (GiB)=64.12
2026-09-15T04:29:47.929Z     optim/LR (group 0)=2.29E-06
2026-09-15T04:29:47.929Z     optim/LR (group 1)=2.29E-06
2026-09-15T04:29:47.929Z     optim/step skipped=0.0
2026-09-15T04:29:47.929Z     optim/total grad norm=2.085
2026-09-15T04:29:47.929Z     throughput/chinchilla multiple=5.30E-05
2026-09-15T04:29:47.929Z     throughput/device/BPS=0.0295
2026-09-15T04:29:47.929Z     throughput/device/BPS (actual avg)=0.0548
2026-09-15T04:29:47.929Z     throughput/device/MFU=14.17
2026-09-15T04:29:47.929Z     throughput/device/MFU (actual avg)=26.38
2026-09-15T04:29:47.929Z     throughput/device/TPS=1,930
2026-09-15T04:29:47.929Z     throughput/device/TPS (actual avg)=3,593
2026-09-15T04:29:47.929Z     throughput/device/flopsPS=44.22T
2026-09-15T04:29:47.929Z     throughput/device/flopsPS (actual avg)=82.29T
2026-09-15T04:29:47.929Z     throughput/total petaflops=102.0
2026-09-15T04:29:47.929Z     throughput/total tokens=4,456,448
2026-09-15T04:29:47.929Z     train/CE loss=0.4192
2026-09-15T04:29:47.929Z     throughput/device/data loading (%)=0.0044
2026-09-15T04:29:47.929Z     throughput/device/data loading (s)=0.0015
2026-09-15T04:29:47.929Z     train/PPL=1.521
2026-09-15T04:29:58.485Z [2;36m[2026-09-15 04:29:58][0m [34mINFO    [0m [2m[olmo_core.train.callbacks.console_logger:68, f641d6fce801, rank=0][0m [step=35/61,epoch=1,eta=8m]
2026-09-15T04:29:58.485Z     gpu_memory/GPU active mem (%)=75.57
2026-09-15T04:29:58.485Z     gpu_memory/GPU active mem (GiB)=59.89
2026-09-15T04:29:58.485Z     gpu_memory/GPU reserved mem (%)=80.90
2026-09-15T04:29:58.485Z     gpu_memory/GPU reserved mem (GiB)=64.12
2026-09-15T04:29:58.485Z     optim/LR (group 0)=2.20E-06
2026-09-15T04:29:58.485Z     optim/LR (group 1)=2.20E-06
2026-09-15T04:29:58.485Z     optim/step skipped=0.0
2026-09-15T04:29:58.485Z     optim/total grad norm=2.542
2026-09-15T04:29:58.485Z     throughput/chinchilla multiple=5.45E-05
2026-09-15T04:29:58.485Z     throughput/device/BPS=0.0947
2026-09-15T04:29:58.485Z     throughput/device/BPS (actual avg)=0.0555
2026-09-15T04:29:58.485Z     throughput/device/MFU=45.57
2026-09-15T04:29:58.485Z     throughput/device/MFU (actual avg)=26.71
2026-09-15T04:29:58.485Z     throughput/device/TPS=6,208
2026-09-15T04:29:58.485Z     throughput/device/TPS (actual avg)=3,638
2026-09-15T04:29:58.485Z     throughput/device/flopsPS=142.2T
2026-09-15T04:29:58.485Z     throughput/device/flopsPS (actual avg)=83.32T
2026-09-15T04:29:58.485Z     throughput/total petaflops=105.1
2026-09-15T04:29:58.485Z     throughput/total tokens=4,587,520
2026-09-15T04:29:58.485Z     train/CE loss=0.4252
2026-09-15T04:29:58.485Z     throughput/device/data loading (%)=0.0174
2026-09-15T04:29:58.485Z     throughput/device/data loading (s)=0.0018
2026-09-15T04:29:58.485Z     train/PPL=1.530
2026-09-15T04:30:09.410Z [2;36m[2026-09-15 04:30:09][0m [34mINFO    [0m [2m[olmo_core.train.callbacks.console_logger:68, f641d6fce801, rank=0][0m [step=36/61,epoch=1,eta=8m]
2026-09-15T04:30:09.410Z     gpu_memory/GPU active mem (%)=75.57
2026-09-15T04:30:09.410Z     gpu_memory/GPU active mem (GiB)=59.89
2026-09-15T04:30:09.410Z     gpu_memory/GPU reserved mem (%)=80.90
2026-09-15T04:30:09.410Z     gpu_memory/GPU reserved mem (GiB)=64.12
2026-09-15T04:30:09.410Z     optim/LR (group 0)=2.12E-06
2026-09-15T04:30:09.410Z     optim/LR (group 1)=2.12E-06
2026-09-15T04:30:09.410Z     optim/step skipped=0.0
2026-09-15T04:30:09.410Z     optim/total grad norm=2.288
2026-09-15T04:30:09.410Z     throughput/chinchilla multiple=5.61E-05
2026-09-15T04:30:09.410Z     throughput/device/BPS=0.0916
2026-09-15T04:30:09.410Z     throughput/device/BPS (actual avg)=0.0562
2026-09-15T04:30:09.410Z     throughput/device/MFU=44.04
2026-09-15T04:30:09.410Z     throughput/device/MFU (actual avg)=27.01
2026-09-15T04:30:09.410Z     throughput/device/TPS=5,999
2026-09-15T04:30:09.410Z     throughput/device/TPS (actual avg)=3,680
2026-09-15T04:30:09.410Z     throughput/device/flopsPS=137.4T
2026-09-15T04:30:09.410Z     throughput/device/flopsPS (actual avg)=84.27T
2026-09-15T04:30:09.410Z     throughput/total petaflops=108.1
2026-09-15T04:30:09.410Z     throughput/total tokens=4,718,592
2026-09-15T04:30:09.410Z     train/CE loss=0.4147
2026-09-15T04:30:09.410Z     throughput/device/data loading (%)=0.0172
2026-09-15T04:30:09.410Z     throughput/device/data loading (s)=0.0019
2026-09-15T04:30:09.410Z     train/PPL=1.514
2026-09-15T04:30:20.232Z [2;36m[2026-09-15 04:30:20][0m [34mINFO    [0m [2m[olmo_core.train.callbacks.console_logger:68, f641d6fce801, rank=0][0m [step=37/61,epoch=1,eta=7m]
2026-09-15T04:30:20.232Z     gpu_memory/GPU active mem (%)=75.57
2026-09-15T04:30:20.232Z     gpu_memory/GPU active mem (GiB)=59.89
2026-09-15T04:30:20.232Z     gpu_memory/GPU reserved mem (%)=80.90
2026-09-15T04:30:20.232Z     gpu_memory/GPU reserved mem (GiB)=64.12
2026-09-15T04:30:20.232Z     optim/LR (group 0)=2.03E-06
2026-09-15T04:30:20.232Z     optim/LR (group 1)=2.03E-06
2026-09-15T04:30:20.232Z     optim/step skipped=0.0
2026-09-15T04:30:20.232Z     optim/total grad norm=2.478
2026-09-15T04:30:20.232Z     throughput/chinchilla multiple=5.77E-05
2026-09-15T04:30:20.232Z     throughput/device/BPS=0.0924
2026-09-15T04:30:20.232Z     throughput/device/BPS (actual avg)=0.0568
2026-09-15T04:30:20.232Z     throughput/device/MFU=44.44
2026-09-15T04:30:20.232Z     throughput/device/MFU (actual avg)=27.31
2026-09-15T04:30:20.232Z     throughput/device/TPS=6,055
2026-09-15T04:30:20.232Z     throughput/device/TPS (actual avg)=3,720
2026-09-15T04:30:20.232Z     throughput/device/flopsPS=138.7T
2026-09-15T04:30:20.232Z     throughput/device/flopsPS (actual avg)=85.20T
2026-09-15T04:30:20.232Z     throughput/total petaflops=111.1
2026-09-15T04:30:20.232Z     throughput/total tokens=4,849,664
2026-09-15T04:30:20.232Z     train/CE loss=0.4203
2026-09-15T04:30:20.232Z     throughput/device/data loading (%)=0.0189
2026-09-15T04:30:20.232Z     throughput/device/data loading (s)=0.0020
2026-09-15T04:30:20.232Z     train/PPL=1.522
2026-09-15T04:30:31.345Z [2;36m[2026-09-15 04:30:31][0m [34mINFO    [0m [2m[olmo_core.train.callbacks.console_logger:68, f641d6fce801, rank=0][0m [step=38/61,epoch=1,eta=7m]
2026-09-15T04:30:31.345Z     gpu_memory/GPU active mem (%)=75.57
2026-09-15T04:30:31.345Z     gpu_memory/GPU active mem (GiB)=59.89
2026-09-15T04:30:31.345Z     gpu_memory/GPU reserved mem (%)=80.90
2026-09-15T04:30:31.345Z     gpu_memory/GPU reserved mem (GiB)=64.12
2026-09-15T04:30:31.345Z     optim/LR (group 0)=1.95E-06
2026-09-15T04:30:31.345Z     optim/LR (group 1)=1.95E-06
2026-09-15T04:30:31.345Z     optim/step skipped=0.0
2026-09-15T04:30:31.345Z     optim/total grad norm=2.042
2026-09-15T04:30:31.345Z     throughput/chinchilla multiple=5.92E-05
2026-09-15T04:30:31.345Z     throughput/device/BPS=0.0902
2026-09-15T04:30:31.345Z     throughput/device/BPS (actual avg)=0.0573
2026-09-15T04:30:31.345Z     throughput/device/MFU=43.37
2026-09-15T04:30:31.345Z     throughput/device/MFU (actual avg)=27.58
2026-09-15T04:30:31.345Z     throughput/device/TPS=5,908
2026-09-15T04:30:31.345Z     throughput/device/TPS (actual avg)=3,758
2026-09-15T04:30:31.345Z     throughput/device/flopsPS=135.3T
2026-09-15T04:30:31.345Z     throughput/device/flopsPS (actual avg)=86.06T
2026-09-15T04:30:31.345Z     throughput/total petaflops=114.1
2026-09-15T04:30:31.345Z     throughput/total tokens=4,980,736
2026-09-15T04:30:31.345Z     train/CE loss=0.4138
2026-09-15T04:30:31.345Z     throughput/device/data loading (%)=0.0207
2026-09-15T04:30:31.345Z     throughput/device/data loading (s)=0.0023
2026-09-15T04:30:31.345Z     train/PPL=1.513
2026-09-15T04:30:42.556Z [2;36m[2026-09-15 04:30:42][0m [34mINFO    [0m [2m[olmo_core.train.callbacks.console_logger:68, f641d6fce801, rank=0][0m [step=39/61,epoch=1,eta=7m]
2026-09-15T04:30:42.556Z     gpu_memory/GPU active mem (%)=75.57
2026-09-15T04:30:42.556Z     gpu_memory/GPU active mem (GiB)=59.89
2026-09-15T04:30:42.556Z     gpu_memory/GPU reserved mem (%)=80.90
2026-09-15T04:30:42.556Z     gpu_memory/GPU reserved mem (GiB)=64.12
2026-09-15T04:30:42.556Z     optim/LR (group 0)=1.86E-06
2026-09-15T04:30:42.556Z     optim/LR (group 1)=1.86E-06
2026-09-15T04:30:42.556Z     optim/step skipped=0.0
2026-09-15T04:30:42.556Z     optim/total grad norm=3.157
2026-09-15T04:30:42.556Z     throughput/chinchilla multiple=6.08E-05
2026-09-15T04:30:42.556Z     throughput/device/BPS=0.0890
2026-09-15T04:30:42.557Z     throughput/device/BPS (actual avg)=0.0579
2026-09-15T04:30:42.557Z     throughput/device/MFU=42.82
2026-09-15T04:30:42.557Z     throughput/device/MFU (actual avg)=27.84
2026-09-15T04:30:42.557Z     throughput/device/TPS=5,834
2026-09-15T04:30:42.557Z     throughput/device/TPS (actual avg)=3,793
2026-09-15T04:30:42.557Z     throughput/device/flopsPS=133.6T
2026-09-15T04:30:42.557Z     throughput/device/flopsPS (actual avg)=86.87T
2026-09-15T04:30:42.557Z     throughput/total petaflops=117.1
2026-09-15T04:30:42.557Z     throughput/total tokens=5,111,808
2026-09-15T04:30:42.557Z     train/CE loss=0.4301
2026-09-15T04:30:42.557Z     throughput/device/data loading (%)=0.2119
2026-09-15T04:30:42.557Z     throughput/device/data loading (s)=0.0238
2026-09-15T04:30:42.557Z     train/PPL=1.537
2026-09-15T04:30:52.862Z [2;36m[2026-09-15 04:30:52][0m [34mINFO    [0m [2m[olmo_core.train.callbacks.console_logger:68, f641d6fce801, rank=0][0m [step=40/61,epoch=1,eta=6m]
2026-09-15T04:30:52.862Z     gpu_memory/GPU active mem (%)=75.57
2026-09-15T04:30:52.862Z     gpu_memory/GPU active mem (GiB)=59.89
2026-09-15T04:30:52.862Z     gpu_memory/GPU reserved mem (%)=80.90
2026-09-15T04:30:52.862Z     gpu_memory/GPU reserved mem (GiB)=64.12
2026-09-15T04:30:52.862Z     optim/LR (group 0)=1.78E-06
2026-09-15T04:30:52.862Z     optim/LR (group 1)=1.78E-06
2026-09-15T04:30:52.862Z     optim/step skipped=0.0
2026-09-15T04:30:52.862Z     optim/total grad norm=2.112
2026-09-15T04:30:52.862Z     throughput/chinchilla multiple=6.23E-05
2026-09-15T04:30:52.862Z     throughput/device/BPS=0.0970
2026-09-15T04:30:52.862Z     throughput/device/BPS (actual avg)=0.0585
2026-09-15T04:30:52.862Z     throughput/device/MFU=46.67
2026-09-15T04:30:52.862Z     throughput/device/MFU (actual avg)=28.14
2026-09-15T04:30:52.862Z     throughput/device/TPS=6,358
2026-09-15T04:30:52.862Z     throughput/device/TPS (actual avg)=3,833
2026-09-15T04:30:52.862Z     throughput/device/flopsPS=145.6T
2026-09-15T04:30:52.862Z     throughput/device/flopsPS (actual avg)=87.78T
2026-09-15T04:30:52.862Z     throughput/total petaflops=120.1
2026-09-15T04:30:52.862Z     throughput/total tokens=5,242,880
2026-09-15T04:30:52.862Z     train/CE loss=0.4239
2026-09-15T04:30:52.862Z     throughput/device/data loading (%)=0.0142
2026-09-15T04:30:52.862Z     throughput/device/data loading (s)=0.0015
2026-09-15T04:30:52.862Z     train/PPL=1.528
2026-09-15T04:31:03.738Z [2;36m[2026-09-15 04:31:03][0m [34mINFO    [0m [2m[olmo_core.train.callbacks.console_logger:68, f641d6fce801, rank=0][0m [step=41/61,epoch=1,eta=6m]
2026-09-15T04:31:03.738Z     gpu_memory/GPU active mem (%)=75.57
2026-09-15T04:31:03.738Z     gpu_memory/GPU active mem (GiB)=59.89
2026-09-15T04:31:03.738Z     gpu_memory/GPU reserved mem (%)=80.90
2026-09-15T04:31:03.738Z     gpu_memory/GPU reserved mem (GiB)=64.12
2026-09-15T04:31:03.738Z     optim/LR (group 0)=1.69E-06
2026-09-15T04:31:03.738Z     optim/LR (group 1)=1.69E-06
2026-09-15T04:31:03.738Z     optim/step skipped=0.0
2026-09-15T04:31:03.738Z     optim/total grad norm=2.607
2026-09-15T04:31:03.738Z     throughput/chinchilla multiple=6.39E-05
2026-09-15T04:31:03.738Z     throughput/device/BPS=0.0920
2026-09-15T04:31:03.738Z     throughput/device/BPS (actual avg)=0.0590
2026-09-15T04:31:03.738Z     throughput/device/MFU=44.23
2026-09-15T04:31:03.738Z     throughput/device/MFU (actual avg)=28.39
2026-09-15T04:31:03.738Z     throughput/device/TPS=6,026
2026-09-15T04:31:03.738Z     throughput/device/TPS (actual avg)=3,868
2026-09-15T04:31:03.738Z     throughput/device/flopsPS=138.0T
2026-09-15T04:31:03.738Z     throughput/device/flopsPS (actual avg)=88.59T
2026-09-15T04:31:03.738Z     throughput/total petaflops=123.1
2026-09-15T04:31:03.738Z     throughput/total tokens=5,373,952
2026-09-15T04:31:03.738Z     train/CE loss=0.4040
2026-09-15T04:31:03.738Z     throughput/device/data loading (%)=0.0188
2026-09-15T04:31:03.738Z     throughput/device/data loading (s)=0.0020
2026-09-15T04:31:03.738Z     train/PPL=1.498
2026-09-15T04:31:14.700Z [2;36m[2026-09-15 04:31:14][0m [34mINFO    [0m [2m[olmo_core.train.callbacks.console_logger:68, f641d6fce801, rank=0][0m [step=42/61,epoch=1,eta=6m]
2026-09-15T04:31:14.700Z     gpu_memory/GPU active mem (%)=75.57
2026-09-15T04:31:14.700Z     gpu_memory/GPU active mem (GiB)=59.89
2026-09-15T04:31:14.700Z     gpu_memory/GPU reserved mem (%)=80.90
2026-09-15T04:31:14.700Z     gpu_memory/GPU reserved mem (GiB)=64.12
2026-09-15T04:31:14.700Z     optim/LR (group 0)=1.61E-06
2026-09-15T04:31:14.700Z     optim/LR (group 1)=1.61E-06
2026-09-15T04:31:14.700Z     optim/step skipped=0.0
2026-09-15T04:31:14.700Z     optim/total grad norm=1.689
2026-09-15T04:31:14.700Z     throughput/chinchilla multiple=6.54E-05
2026-09-15T04:31:14.700Z     throughput/device/BPS=0.0912
2026-09-15T04:31:14.700Z     throughput/device/BPS (actual avg)=0.0595
2026-09-15T04:31:14.700Z     throughput/device/MFU=43.88
2026-09-15T04:31:14.700Z     throughput/device/MFU (actual avg)=28.64
2026-09-15T04:31:14.700Z     throughput/device/TPS=5,978
2026-09-15T04:31:14.700Z     throughput/device/TPS (actual avg)=3,902
2026-09-15T04:31:14.700Z     throughput/device/flopsPS=136.9T
2026-09-15T04:31:14.700Z     throughput/device/flopsPS (actual avg)=89.36T
2026-09-15T04:31:14.700Z     throughput/total petaflops=126.1
2026-09-15T04:31:14.700Z     throughput/total tokens=5,505,024
2026-09-15T04:31:14.700Z     train/CE loss=0.4164
2026-09-15T04:31:14.700Z     throughput/device/data loading (%)=0.0152
2026-09-15T04:31:14.700Z     throughput/device/data loading (s)=0.0017
2026-09-15T04:31:14.700Z     train/PPL=1.517
2026-09-15T04:31:25.247Z [2;36m[2026-09-15 04:31:25][0m [34mINFO    [0m [2m[olmo_core.train.callbacks.console_logger:68, f641d6fce801, rank=0][0m [step=43/61,epoch=1,eta=5m]
2026-09-15T04:31:25.247Z     gpu_memory/GPU active mem (%)=75.57
2026-09-15T04:31:25.247Z     gpu_memory/GPU active mem (GiB)=59.89
2026-09-15T04:31:25.247Z     gpu_memory/GPU reserved mem (%)=80.90
2026-09-15T04:31:25.247Z     gpu_memory/GPU reserved mem (GiB)=64.12
2026-09-15T04:31:25.247Z     optim/LR (group 0)=1.53E-06
2026-09-15T04:31:25.247Z     optim/LR (group 1)=1.53E-06
2026-09-15T04:31:25.247Z     optim/step skipped=0.0
2026-09-15T04:31:25.247Z     optim/total grad norm=2.240
2026-09-15T04:31:25.247Z     throughput/chinchilla multiple=6.70E-05
2026-09-15T04:31:25.247Z     throughput/device/BPS=0.0948
2026-09-15T04:31:25.247Z     throughput/device/BPS (actual avg)=0.0601
2026-09-15T04:31:25.247Z     throughput/device/MFU=45.61
2026-09-15T04:31:25.247Z     throughput/device/MFU (actual avg)=28.90
2026-09-15T04:31:25.247Z     throughput/device/TPS=6,213
2026-09-15T04:31:25.247Z     throughput/device/TPS (actual avg)=3,937
2026-09-15T04:31:25.247Z     throughput/device/flopsPS=142.3T
2026-09-15T04:31:25.247Z     throughput/device/flopsPS (actual avg)=90.16T
2026-09-15T04:31:25.247Z     throughput/total petaflops=129.1
2026-09-15T04:31:25.247Z     throughput/total tokens=5,636,096
2026-09-15T04:31:25.247Z     train/CE loss=0.4222
2026-09-15T04:31:25.247Z     throughput/device/data loading (%)=0.0206
2026-09-15T04:31:25.247Z     throughput/device/data loading (s)=0.0022
2026-09-15T04:31:25.247Z     train/PPL=1.525
2026-09-15T04:31:29.061Z [2;36m[2026-09-15 04:31:29][0m [33mWARNING [0m [2m[py.warnings:112, f641d6fce801, rank=1][0m /opt/conda/lib/python3.12/site-packages/torch/autograd/graph.py:841: UserWarning: called a synchronizing CUDA operation (Triggered internally at /pytorch/c10/cuda/CUDAFunctions.cpp:162.)
2026-09-15T04:31:29.061Z   return Variable._execution_engine.run_backward(  # Calls into the C++ engine to run the backward pass
2026-09-15T04:31:29.061Z 
2026-09-15T04:31:29.064Z [2;36m[2026-09-15 04:31:29][0m [33mWARNING [0m [2m[py.warnings:112, f641d6fce801, rank=1][0m /opt/conda/lib/python3.12/site-packages/torch/distributed/utils.py:106: UserWarning: called a synchronizing CUDA operation (Triggered internally at /pytorch/c10/cuda/CUDAFunctions.cpp:162.)
2026-09-15T04:31:29.064Z   return (obj.to(target_device),)
2026-09-15T04:31:29.064Z 
2026-09-15T04:31:29.073Z [2;36m[2026-09-15 04:31:29][0m [33mWARNING [0m [2m[py.warnings:112, f641d6fce801, rank=1][0m /opt/conda/lib/python3.12/site-packages/olmo_core/nn/transformer/model.py:777: UserWarning: called a synchronizing CUDA operation (Triggered internally at /pytorch/c10/cuda/CUDAFunctions.cpp:162.)
2026-09-15T04:31:29.073Z   n_docs = int(chunk_ids.max().item()) + 1
2026-09-15T04:31:29.073Z 
2026-09-15T04:31:29.082Z [2;36m[2026-09-15 04:31:29][0m [33mWARNING [0m [2m[py.warnings:112, f641d6fce801, rank=1][0m /opt/conda/lib/python3.12/site-packages/olmo_core/nn/transformer/model.py:834: UserWarning: called a synchronizing CUDA operation (Triggered internally at /pytorch/c10/cuda/CUDAFunctions.cpp:162.)
2026-09-15T04:31:29.082Z   flat = (torch.arange(B, device=emb.device)[:, None] * n_docs + cid.clamp(min=0)).reshape(
2026-09-15T04:31:29.082Z 
2026-09-15T04:31:29.082Z [2;36m[2026-09-15 04:31:29][0m [33mWARNING [0m [2m[py.warnings:112, f641d6fce801, rank=1][0m /opt/conda/lib/python3.12/site-packages/olmo_core/nn/transformer/model.py:838: UserWarning: called a synchronizing CUDA operation (Triggered internally at /pytorch/c10/cuda/CUDAFunctions.cpp:162.)
2026-09-15T04:31:29.082Z   0, flat, emb.reshape(B * T, D)[is_ctx.reshape(-1)]
2026-09-15T04:31:29.082Z 
2026-09-15T04:31:29.091Z [2;36m[2026-09-15 04:31:29][0m [33mWARNING [0m [2m[py.warnings:112, f641d6fce801, rank=1][0m /opt/conda/lib/python3.12/site-packages/olmo_core/nn/pooled_soft_token.py:173: UserWarning: called a synchronizing CUDA operation (Triggered internally at /pytorch/c10/cuda/CUDAFunctions.cpp:162.)
2026-09-15T04:31:29.091Z   kept_idx = kept_tok.nonzero(as_tuple=True)[0]
2026-09-15T04:31:29.091Z 
2026-09-15T04:31:29.091Z [2;36m[2026-09-15 04:31:29][0m [33mWARNING [0m [2m[py.warnings:112, f641d6fce801, rank=1][0m /opt/conda/lib/python3.12/site-packages/olmo_core/nn/pooled_soft_token.py:179: UserWarning: called a synchronizing CUDA operation (Triggered internally at /pytorch/c10/cuda/CUDAFunctions.cpp:162.)
2026-09-15T04:31:29.091Z   if is_ctx.any():
2026-09-15T04:31:29.091Z 
2026-09-15T04:31:29.091Z [2;36m[2026-09-15 04:31:29][0m [33mWARNING [0m [2m[py.warnings:112, f641d6fce801, rank=1][0m /opt/conda/lib/python3.12/site-packages/olmo_core/nn/pooled_soft_token.py:180: UserWarning: called a synchronizing CUDA operation (Triggered internally at /pytorch/c10/cuda/CUDAFunctions.cpp:162.)
2026-09-15T04:31:29.091Z   d_ix = c[is_ctx]
2026-09-15T04:31:29.091Z 
2026-09-15T04:31:29.092Z [2;36m[2026-09-15 04:31:29][0m [33mWARNING [0m [2m[py.warnings:112, f641d6fce801, rank=1][0m /opt/conda/lib/python3.12/site-packages/olmo_core/nn/pooled_soft_token.py:181: UserWarning: called a synchronizing CUDA operation (Triggered internally at /pytorch/c10/cuda/CUDAFunctions.cpp:162.)
2026-09-15T04:31:29.092Z   pos_ix = is_ctx.nonzero(as_tuple=True)[0]
2026-09-15T04:31:29.092Z 
2026-09-15T04:31:29.092Z [2;36m[2026-09-15 04:31:29][0m [33mWARNING [0m [2m[py.warnings:112, f641d6fce801, rank=1][0m /opt/conda/lib/python3.12/site-packages/olmo_core/nn/pooled_soft_token.py:186: UserWarning: called a synchronizing CUDA operation (Triggered internally at /pytorch/c10/cuda/CUDAFunctions.cpp:162.)
2026-09-15T04:31:29.092Z   pooled_docs = pooled.nonzero(as_tuple=True)[0]
2026-09-15T04:31:29.092Z 
2026-09-15T04:31:29.093Z [2;36m[2026-09-15 04:31:29][0m [33mWARNING [0m [2m[py.warnings:112, f641d6fce801, rank=1][0m /opt/conda/lib/python3.12/site-packages/olmo_core/nn/pooled_soft_token.py:217: UserWarning: called a synchronizing CUDA operation (Triggered internally at /pytorch/c10/cuda/CUDAFunctions.cpp:162.)
2026-09-15T04:31:29.093Z   doc_len = torch.bincount(c[is_ctx], minlength=n_docs) if is_ctx.any() else torch.zeros(n_docs, dtype=torch.long, device=device)
2026-09-15T04:31:29.093Z 
2026-09-15T04:31:29.094Z [2;36m[2026-09-15 04:31:29][0m [33mWARNING [0m [2m[py.warnings:112, f641d6fce801, rank=1][0m /opt/conda/lib/python3.12/site-packages/olmo_core/nn/pooled_soft_token.py:222: UserWarning: called a synchronizing CUDA operation (Triggered internally at /pytorch/c10/cuda/CUDAFunctions.cpp:162.)
2026-09-15T04:31:29.094Z   soft_cols_b = soft_mask.nonzero(as_tuple=True)[0]
2026-09-15T04:31:29.094Z 
2026-09-15T04:31:29.094Z [2;36m[2026-09-15 04:31:29][0m [33mWARNING [0m [2m[py.warnings:112, f641d6fce801, rank=1][0m /opt/conda/lib/python3.12/site-packages/olmo_core/nn/pooled_soft_token.py:226: UserWarning: called a synchronizing CUDA operation (Triggered internally at /pytorch/c10/cuda/CUDAFunctions.cpp:162.)
2026-09-15T04:31:29.094Z   cols_l = soft_cols_b.tolist()
2026-09-15T04:31:29.094Z 
2026-09-15T04:31:29.094Z [2;36m[2026-09-15 04:31:29][0m [33mWARNING [0m [2m[py.warnings:112, f641d6fce801, rank=1][0m /opt/conda/lib/python3.12/site-packages/olmo_core/nn/pooled_soft_token.py:229: UserWarning: called a synchronizing CUDA operation (Triggered internally at /pytorch/c10/cuda/CUDAFunctions.cpp:162.)
2026-09-15T04:31:29.094Z   soft_docs += docs_b.tolist()
2026-09-15T04:31:29.094Z 
2026-09-15T04:31:29.095Z [2;36m[2026-09-15 04:31:29][0m [33mWARNING [0m [2m[py.warnings:112, f641d6fce801, rank=1][0m /opt/conda/lib/python3.12/site-packages/olmo_core/nn/pooled_soft_token.py:230: UserWarning: called a synchronizing CUDA operation (Triggered internally at /pytorch/c10/cuda/CUDAFunctions.cpp:162.)
2026-09-15T04:31:29.095Z   soft_log_len += lens_b.tolist()
2026-09-15T04:31:29.095Z 
2026-09-15T04:31:29.097Z [2;36m[2026-09-15 04:31:29][0m [33mWARNING [0m [2m[py.warnings:112, f641d6fce801, rank=1][0m /opt/conda/lib/python3.12/site-packages/olmo_core/nn/pooled_soft_token.py:280: UserWarning: called a synchronizing CUDA operation (Triggered internally at /pytorch/c10/cuda/CUDAFunctions.cpp:162.)
2026-09-15T04:31:29.097Z   row_lens[b] = L
2026-09-15T04:31:29.097Z 
2026-09-15T04:31:29.097Z [2;36m[2026-09-15 04:31:29][0m [33mWARNING [0m [2m[py.warnings:112, f641d6fce801, rank=1][0m /opt/conda/lib/python3.12/site-packages/olmo_core/nn/pooled_soft_token.py:297: UserWarning: called a synchronizing CUDA operation (Triggered internally at /pytorch/c10/cuda/CUDAFunctions.cpp:162.)
2026-09-15T04:31:29.097Z   soft_rows=torch.tensor(soft_rows, dtype=torch.long, device=device),
2026-09-15T04:31:29.097Z 
2026-09-15T04:31:29.097Z [2;36m[2026-09-15 04:31:29][0m [33mWARNING [0m [2m[py.warnings:112, f641d6fce801, rank=1][0m /opt/conda/lib/python3.12/site-packages/olmo_core/nn/pooled_soft_token.py:298: UserWarning: called a synchronizing CUDA operation (Triggered internally at /pytorch/c10/cuda/CUDAFunctions.cpp:162.)
2026-09-15T04:31:29.097Z   soft_cols=torch.tensor(soft_cols, dtype=torch.long, device=device),
2026-09-15T04:31:29.097Z 
2026-09-15T04:31:29.098Z [2;36m[2026-09-15 04:31:29][0m [33mWARNING [0m [2m[py.warnings:112, f641d6fce801, rank=1][0m /opt/conda/lib/python3.12/site-packages/olmo_core/nn/pooled_soft_token.py:299: UserWarning: called a synchronizing CUDA operation (Triggered internally at /pytorch/c10/cuda/CUDAFunctions.cpp:162.)
2026-09-15T04:31:29.098Z   soft_docs=torch.tensor(soft_docs, dtype=torch.long, device=device),
2026-09-15T04:31:29.098Z 
2026-09-15T04:31:29.098Z [2;36m[2026-09-15 04:31:29][0m [33mWARNING [0m [2m[py.warnings:112, f641d6fce801, rank=1][0m /opt/conda/lib/python3.12/site-packages/olmo_core/nn/pooled_soft_token.py:301: UserWarning: called a synchronizing CUDA operation (Triggered internally at /pytorch/c10/cuda/CUDAFunctions.cpp:162.)
2026-09-15T04:31:29.098Z   soft_log_len=torch.tensor(soft_log_len, dtype=torch.float32, device=device),
2026-09-15T04:31:29.098Z 
2026-09-15T04:31:29.099Z [2;36m[2026-09-15 04:31:29][0m [33mWARNING [0m [2m[py.warnings:112, f641d6fce801, rank=1][0m /opt/conda/lib/python3.12/site-packages/olmo_core/nn/transformer/model.py:1502: UserWarning: called a synchronizing CUDA operation (Triggered internally at /pytorch/c10/cuda/CUDAFunctions.cpp:162.)
2026-09-15T04:31:29.099Z   kv_grad_mask[cb.soft_rows, cb.soft_cols] = False
2026-09-15T04:31:29.099Z 
2026-09-15T04:31:29.243Z [2;36m[2026-09-15 04:31:29][0m [33mWARNING [0m [2m[py.warnings:112, f641d6fce801, rank=1][0m /opt/conda/lib/python3.12/site-packages/liger_kernel/ops/fused_linear_cross_entropy.py:75: UserWarning: called a synchronizing CUDA operation (Triggered internally at /pytorch/c10/cuda/CUDAFunctions.cpp:162.)
2026-09-15T04:31:29.243Z   total_n_non_ignore = target_mask.sum().item()
2026-09-15T04:31:29.243Z 
2026-09-15T04:31:30.212Z [2;36m[2026-09-15 04:31:30][0m [33mWARNING [0m [2m[py.warnings:112, f641d6fce801, rank=1][0m /opt/conda/lib/python3.12/site-packages/liger_kernel/ops/fused_linear_cross_entropy.py:233: UserWarning: called a synchronizing CUDA operation (Triggered internally at /pytorch/c10/cuda/CUDAFunctions.cpp:162.)
2026-09-15T04:31:30.212Z   if not torch.equal(grad_output, torch.tensor(1.0, device=grad_output.device)):
2026-09-15T04:31:30.212Z 
2026-09-15T04:31:36.046Z [2;36m[2026-09-15 04:31:36][0m [34mINFO    [0m [2m[olmo_core.train.callbacks.console_logger:68, f641d6fce801, rank=0][0m [step=44/61,epoch=1,eta=5m]
2026-09-15T04:31:36.046Z     gpu_memory/GPU active mem (%)=75.57
2026-09-15T04:31:36.046Z     gpu_memory/GPU active mem (GiB)=59.89
2026-09-15T04:31:36.046Z     gpu_memory/GPU reserved mem (%)=80.90
2026-09-15T04:31:36.046Z     gpu_memory/GPU reserved mem (GiB)=64.12
2026-09-15T04:31:36.046Z     optim/LR (group 0)=1.44E-06
2026-09-15T04:31:36.046Z     optim/LR (group 1)=1.44E-06
2026-09-15T04:31:36.046Z     optim/step skipped=0.0
2026-09-15T04:31:36.046Z     optim/total grad norm=2.454
2026-09-15T04:31:36.046Z     throughput/chinchilla multiple=6.86E-05
2026-09-15T04:31:36.046Z     throughput/device/BPS=0.0926
2026-09-15T04:31:36.046Z     throughput/device/BPS (actual avg)=0.0606
2026-09-15T04:31:36.046Z     throughput/device/MFU=44.54
2026-09-15T04:31:36.046Z     throughput/device/MFU (actual avg)=29.13
2026-09-15T04:31:36.046Z     throughput/device/TPS=6,068
2026-09-15T04:31:36.046Z     throughput/device/TPS (actual avg)=3,969
2026-09-15T04:31:36.046Z     throughput/device/flopsPS=139.0T
2026-09-15T04:31:36.046Z     throughput/device/flopsPS (actual avg)=90.90T
2026-09-15T04:31:36.046Z     throughput/total petaflops=132.1
2026-09-15T04:31:36.046Z     throughput/total tokens=5,767,168
2026-09-15T04:31:36.046Z     train/CE loss=0.4167
2026-09-15T04:31:36.046Z     throughput/device/data loading (%)=0.0194
2026-09-15T04:31:36.046Z     throughput/device/data loading (s)=0.0021
2026-09-15T04:31:36.046Z     train/PPL=1.517
2026-09-15T04:31:46.503Z [2;36m[2026-09-15 04:31:46][0m [34mINFO    [0m [2m[olmo_core.train.callbacks.console_logger:68, f641d6fce801, rank=0][0m [step=45/61,epoch=1,eta=5m]
2026-09-15T04:31:46.503Z     gpu_memory/GPU active mem (%)=75.57
2026-09-15T04:31:46.503Z     gpu_memory/GPU active mem (GiB)=59.89
2026-09-15T04:31:46.503Z     gpu_memory/GPU reserved mem (%)=80.90
2026-09-15T04:31:46.503Z     gpu_memory/GPU reserved mem (GiB)=64.12
2026-09-15T04:31:46.503Z     optim/LR (group 0)=1.36E-06
2026-09-15T04:31:46.503Z     optim/LR (group 1)=1.36E-06
2026-09-15T04:31:46.503Z     optim/step skipped=0.0
2026-09-15T04:31:46.503Z     optim/total grad norm=2.669
2026-09-15T04:31:46.503Z     throughput/chinchilla multiple=7.01E-05
2026-09-15T04:31:46.503Z     throughput/device/BPS=0.0956
2026-09-15T04:31:46.503Z     throughput/device/BPS (actual avg)=0.0611
2026-09-15T04:31:46.503Z     throughput/device/MFU=45.99
2026-09-15T04:31:46.503Z     throughput/device/MFU (actual avg)=29.38
2026-09-15T04:31:46.503Z     throughput/device/TPS=6,266
2026-09-15T04:31:46.503Z     throughput/device/TPS (actual avg)=4,002
2026-09-15T04:31:46.503Z     throughput/device/flopsPS=143.5T
2026-09-15T04:31:46.503Z     throughput/device/flopsPS (actual avg)=91.66T
2026-09-15T04:31:46.503Z     throughput/total petaflops=135.1
2026-09-15T04:31:46.503Z     throughput/total tokens=5,898,240
2026-09-15T04:31:46.503Z     train/CE loss=0.4143
2026-09-15T04:31:46.503Z     throughput/device/data loading (%)=0.0233
2026-09-15T04:31:46.503Z     throughput/device/data loading (s)=0.0024
2026-09-15T04:31:46.503Z     train/PPL=1.513
2026-09-15T04:31:53.139Z [2;36m[2026-09-15 04:31:53][0m [33mWARNING [0m [2m[py.warnings:112, f641d6fce801, rank=1][0m /opt/conda/lib/python3.12/site-packages/torch/autograd/graph.py:841: UserWarning: called a synchronizing CUDA operation (Triggered internally at /pytorch/c10/cuda/CUDAFunctions.cpp:162.)
2026-09-15T04:31:53.139Z   return Variable._execution_engine.run_backward(  # Calls into the C++ engine to run the backward pass
2026-09-15T04:31:53.139Z 
2026-09-15T04:31:53.142Z [2;36m[2026-09-15 04:31:53][0m [33mWARNING [0m [2m[py.warnings:112, f641d6fce801, rank=1][0m /opt/conda/lib/python3.12/site-packages/torch/distributed/utils.py:106: UserWarning: called a synchronizing CUDA operation (Triggered internally at /pytorch/c10/cuda/CUDAFunctions.cpp:162.)
2026-09-15T04:31:53.142Z   return (obj.to(target_device),)
2026-09-15T04:31:53.142Z 
2026-09-15T04:31:53.152Z [2;36m[2026-09-15 04:31:53][0m [33mWARNING [0m [2m[py.warnings:112, f641d6fce801, rank=1][0m /opt/conda/lib/python3.12/site-packages/olmo_core/nn/transformer/model.py:777: UserWarning: called a synchronizing CUDA operation (Triggered internally at /pytorch/c10/cuda/CUDAFunctions.cpp:162.)
2026-09-15T04:31:53.152Z   n_docs = int(chunk_ids.max().item()) + 1
2026-09-15T04:31:53.152Z 
2026-09-15T04:31:53.161Z [2;36m[2026-09-15 04:31:53][0m [33mWARNING [0m [2m[py.warnings:112, f641d6fce801, rank=1][0m /opt/conda/lib/python3.12/site-packages/olmo_core/nn/transformer/model.py:834: UserWarning: called a synchronizing CUDA operation (Triggered internally at /pytorch/c10/cuda/CUDAFunctions.cpp:162.)
2026-09-15T04:31:53.161Z   flat = (torch.arange(B, device=emb.device)[:, None] * n_docs + cid.clamp(min=0)).reshape(
2026-09-15T04:31:53.161Z 
2026-09-15T04:31:53.161Z [2;36m[2026-09-15 04:31:53][0m [33mWARNING [0m [2m[py.warnings:112, f641d6fce801, rank=1][0m /opt/conda/lib/python3.12/site-packages/olmo_core/nn/transformer/model.py:838: UserWarning: called a synchronizing CUDA operation (Triggered internally at /pytorch/c10/cuda/CUDAFunctions.cpp:162.)
2026-09-15T04:31:53.161Z   0, flat, emb.reshape(B * T, D)[is_ctx.reshape(-1)]
2026-09-15T04:31:53.161Z 
2026-09-15T04:31:53.169Z [2;36m[2026-09-15 04:31:53][0m [33mWARNING [0m [2m[py.warnings:112, f641d6fce801, rank=1][0m /opt/conda/lib/python3.12/site-packages/olmo_core/nn/pooled_soft_token.py:173: UserWarning: called a synchronizing CUDA operation (Triggered internally at /pytorch/c10/cuda/CUDAFunctions.cpp:162.)
2026-09-15T04:31:53.169Z   kept_idx = kept_tok.nonzero(as_tuple=True)[0]
2026-09-15T04:31:53.169Z 
2026-09-15T04:31:53.169Z [2;36m[2026-09-15 04:31:53][0m [33mWARNING [0m [2m[py.warnings:112, f641d6fce801, rank=1][0m /opt/conda/lib/python3.12/site-packages/olmo_core/nn/pooled_soft_token.py:179: UserWarning: called a synchronizing CUDA operation (Triggered internally at /pytorch/c10/cuda/CUDAFunctions.cpp:162.)
2026-09-15T04:31:53.169Z   if is_ctx.any():
2026-09-15T04:31:53.169Z 
2026-09-15T04:31:53.170Z [2;36m[2026-09-15 04:31:53][0m [33mWARNING [0m [2m[py.warnings:112, f641d6fce801, rank=1][0m /opt/conda/lib/python3.12/site-packages/olmo_core/nn/pooled_soft_token.py:180: UserWarning: called a synchronizing CUDA operation (Triggered internally at /pytorch/c10/cuda/CUDAFunctions.cpp:162.)
2026-09-15T04:31:53.170Z   d_ix = c[is_ctx]
2026-09-15T04:31:53.170Z 
2026-09-15T04:31:53.170Z [2;36m[2026-09-15 04:31:53][0m [33mWARNING [0m [2m[py.warnings:112, f641d6fce801, rank=1][0m /opt/conda/lib/python3.12/site-packages/olmo_core/nn/pooled_soft_token.py:181: UserWarning: called a synchronizing CUDA operation (Triggered internally at /pytorch/c10/cuda/CUDAFunctions.cpp:162.)
2026-09-15T04:31:53.170Z   pos_ix = is_ctx.nonzero(as_tuple=True)[0]
2026-09-15T04:31:53.170Z 
2026-09-15T04:31:53.171Z [2;36m[2026-09-15 04:31:53][0m [33mWARNING [0m [2m[py.warnings:112, f641d6fce801, rank=1][0m /opt/conda/lib/python3.12/site-packages/olmo_core/nn/pooled_soft_token.py:186: UserWarning: called a synchronizing CUDA operation (Triggered internally at /pytorch/c10/cuda/CUDAFunctions.cpp:162.)
2026-09-15T04:31:53.171Z   pooled_docs = pooled.nonzero(as_tuple=True)[0]
2026-09-15T04:31:53.171Z 
2026-09-15T04:31:53.171Z [2;36m[2026-09-15 04:31:53][0m [33mWARNING [0m [2m[py.warnings:112, f641d6fce801, rank=1][0m /opt/conda/lib/python3.12/site-packages/olmo_core/nn/pooled_soft_token.py:217: UserWarning: called a synchronizing CUDA operation (Triggered internally at /pytorch/c10/cuda/CUDAFunctions.cpp:162.)
2026-09-15T04:31:53.171Z   doc_len = torch.bincount(c[is_ctx], minlength=n_docs) if is_ctx.any() else torch.zeros(n_docs, dtype=torch.long, device=device)
2026-09-15T04:31:53.171Z 
2026-09-15T04:31:53.172Z [2;36m[2026-09-15 04:31:53][0m [33mWARNING [0m [2m[py.warnings:112, f641d6fce801, rank=1][0m /opt/conda/lib/python3.12/site-packages/olmo_core/nn/pooled_soft_token.py:222: UserWarning: called a synchronizing CUDA operation (Triggered internally at /pytorch/c10/cuda/CUDAFunctions.cpp:162.)
2026-09-15T04:31:53.172Z   soft_cols_b = soft_mask.nonzero(as_tuple=True)[0]
2026-09-15T04:31:53.172Z 
2026-09-15T04:31:53.172Z [2;36m[2026-09-15 04:31:53][0m [33mWARNING [0m [2m[py.warnings:112, f641d6fce801, rank=1][0m /opt/conda/lib/python3.12/site-packages/olmo_core/nn/pooled_soft_token.py:226: UserWarning: called a synchronizing CUDA operation (Triggered internally at /pytorch/c10/cuda/CUDAFunctions.cpp:162.)
2026-09-15T04:31:53.172Z   cols_l = soft_cols_b.tolist()
2026-09-15T04:31:53.172Z 
2026-09-15T04:31:53.173Z [2;36m[2026-09-15 04:31:53][0m [33mWARNING [0m [2m[py.warnings:112, f641d6fce801, rank=1][0m /opt/conda/lib/python3.12/site-packages/olmo_core/nn/pooled_soft_token.py:229: UserWarning: called a synchronizing CUDA operation (Triggered internally at /pytorch/c10/cuda/CUDAFunctions.cpp:162.)
2026-09-15T04:31:53.173Z   soft_docs += docs_b.tolist()
2026-09-15T04:31:53.173Z 
2026-09-15T04:31:53.173Z [2;36m[2026-09-15 04:31:53][0m [33mWARNING [0m [2m[py.warnings:112, f641d6fce801, rank=1][0m /opt/conda/lib/python3.12/site-packages/olmo_core/nn/pooled_soft_token.py:230: UserWarning: called a synchronizing CUDA operation (Triggered internally at /pytorch/c10/cuda/CUDAFunctions.cpp:162.)
2026-09-15T04:31:53.173Z   soft_log_len += lens_b.tolist()
2026-09-15T04:31:53.173Z 
2026-09-15T04:31:53.175Z [2;36m[2026-09-15 04:31:53][0m [33mWARNING [0m [2m[py.warnings:112, f641d6fce801, rank=1][0m /opt/conda/lib/python3.12/site-packages/olmo_core/nn/pooled_soft_token.py:280: UserWarning: called a synchronizing CUDA operation (Triggered internally at /pytorch/c10/cuda/CUDAFunctions.cpp:162.)
2026-09-15T04:31:53.175Z   row_lens[b] = L
2026-09-15T04:31:53.175Z 
2026-09-15T04:31:53.175Z [2;36m[2026-09-15 04:31:53][0m [33mWARNING [0m [2m[py.warnings:112, f641d6fce801, rank=1][0m /opt/conda/lib/python3.12/site-packages/olmo_core/nn/pooled_soft_token.py:297: UserWarning: called a synchronizing CUDA operation (Triggered internally at /pytorch/c10/cuda/CUDAFunctions.cpp:162.)
2026-09-15T04:31:53.175Z   soft_rows=torch.tensor(soft_rows, dtype=torch.long, device=device),
2026-09-15T04:31:53.175Z 
2026-09-15T04:31:53.176Z [2;36m[2026-09-15 04:31:53][0m [33mWARNING [0m [2m[py.warnings:112, f641d6fce801, rank=1][0m /opt/conda/lib/python3.12/site-packages/olmo_core/nn/pooled_soft_token.py:298: UserWarning: called a synchronizing CUDA operation (Triggered internally at /pytorch/c10/cuda/CUDAFunctions.cpp:162.)
2026-09-15T04:31:53.176Z   soft_cols=torch.tensor(soft_cols, dtype=torch.long, device=device),
2026-09-15T04:31:53.176Z 
2026-09-15T04:31:53.176Z [2;36m[2026-09-15 04:31:53][0m [33mWARNING [0m [2m[py.warnings:112, f641d6fce801, rank=1][0m /opt/conda/lib/python3.12/site-packages/olmo_core/nn/pooled_soft_token.py:299: UserWarning: called a synchronizing CUDA operation (Triggered internally at /pytorch/c10/cuda/CUDAFunctions.cpp:162.)
2026-09-15T04:31:53.176Z   soft_docs=torch.tensor(soft_docs, dtype=torch.long, device=device),
2026-09-15T04:31:53.176Z 
2026-09-15T04:31:53.176Z [2;36m[2026-09-15 04:31:53][0m [33mWARNING [0m [2m[py.warnings:112, f641d6fce801, rank=1][0m /opt/conda/lib/python3.12/site-packages/olmo_core/nn/pooled_soft_token.py:301: UserWarning: called a synchronizing CUDA operation (Triggered internally at /pytorch/c10/cuda/CUDAFunctions.cpp:162.)
2026-09-15T04:31:53.176Z   soft_log_len=torch.tensor(soft_log_len, dtype=torch.float32, device=device),
2026-09-15T04:31:53.176Z 
2026-09-15T04:31:53.177Z [2;36m[2026-09-15 04:31:53][0m [33mWARNING [0m [2m[py.warnings:112, f641d6fce801, rank=1][0m /opt/conda/lib/python3.12/site-packages/olmo_core/nn/transformer/model.py:1502: UserWarning: called a synchronizing CUDA operation (Triggered internally at /pytorch/c10/cuda/CUDAFunctions.cpp:162.)
2026-09-15T04:31:53.177Z   kv_grad_mask[cb.soft_rows, cb.soft_cols] = False
2026-09-15T04:31:53.177Z 
2026-09-15T04:31:53.324Z [2;36m[2026-09-15 04:31:53][0m [33mWARNING [0m [2m[py.warnings:112, f641d6fce801, rank=1][0m /opt/conda/lib/python3.12/site-packages/liger_kernel/ops/fused_linear_cross_entropy.py:75: UserWarning: called a synchronizing CUDA operation (Triggered internally at /pytorch/c10/cuda/CUDAFunctions.cpp:162.)
2026-09-15T04:31:53.324Z   total_n_non_ignore = target_mask.sum().item()
2026-09-15T04:31:53.324Z 
2026-09-15T04:31:53.828Z [2;36m[2026-09-15 04:31:53][0m [33mWARNING [0m [2m[py.warnings:112, f641d6fce801, rank=1][0m /opt/conda/lib/python3.12/site-packages/liger_kernel/ops/fused_linear_cross_entropy.py:233: UserWarning: called a synchronizing CUDA operation (Triggered internally at /pytorch/c10/cuda/CUDAFunctions.cpp:162.)
2026-09-15T04:31:53.828Z   if not torch.equal(grad_output, torch.tensor(1.0, device=grad_output.device)):
2026-09-15T04:31:53.828Z 
2026-09-15T04:31:56.822Z [2;36m[2026-09-15 04:31:56][0m [34mINFO    [0m [2m[olmo_core.train.callbacks.console_logger:68, f641d6fce801, rank=0][0m [step=46/61,epoch=1,eta=4m]
2026-09-15T04:31:56.823Z     gpu_memory/GPU active mem (%)=75.57
2026-09-15T04:31:56.823Z     gpu_memory/GPU active mem (GiB)=59.89
2026-09-15T04:31:56.823Z     gpu_memory/GPU reserved mem (%)=80.90
2026-09-15T04:31:56.823Z     gpu_memory/GPU reserved mem (GiB)=64.12
2026-09-15T04:31:56.823Z     optim/LR (group 0)=1.27E-06
2026-09-15T04:31:56.823Z     optim/LR (group 1)=1.27E-06
2026-09-15T04:31:56.823Z     optim/step skipped=0.0
2026-09-15T04:31:56.823Z     optim/total grad norm=1.484
2026-09-15T04:31:56.823Z     throughput/chinchilla multiple=7.17E-05
2026-09-15T04:31:56.823Z     throughput/device/BPS=0.0969
2026-09-15T04:31:56.823Z     throughput/device/BPS (actual avg)=0.0616
2026-09-15T04:31:56.823Z     throughput/device/MFU=46.62
2026-09-15T04:31:56.823Z     throughput/device/MFU (actual avg)=29.62
2026-09-15T04:31:56.823Z     throughput/device/TPS=6,351
2026-09-15T04:31:56.823Z     throughput/device/TPS (actual avg)=4,035
2026-09-15T04:31:56.823Z     throughput/device/flopsPS=145.4T
2026-09-15T04:31:56.823Z     throughput/device/flopsPS (actual avg)=92.42T
2026-09-15T04:31:56.823Z     throughput/total petaflops=138.1
2026-09-15T04:31:56.823Z     throughput/total tokens=6,029,312
2026-09-15T04:31:56.823Z     train/CE loss=0.4129
2026-09-15T04:31:56.823Z     throughput/device/data loading (%)=0.0192
2026-09-15T04:31:56.823Z     throughput/device/data loading (s)=0.0020
2026-09-15T04:31:56.823Z     train/PPL=1.511
2026-09-15T04:32:08.329Z [2;36m[2026-09-15 04:32:08][0m [34mINFO    [0m [2m[olmo_core.train.callbacks.console_logger:68, f641d6fce801, rank=0][0m [step=47/61,epoch=1,eta=4m]
2026-09-15T04:32:08.329Z     gpu_memory/GPU active mem (%)=75.57
2026-09-15T04:32:08.329Z     gpu_memory/GPU active mem (GiB)=59.89
2026-09-15T04:32:08.329Z     gpu_memory/GPU reserved mem (%)=80.90
2026-09-15T04:32:08.329Z     gpu_memory/GPU reserved mem (GiB)=64.12
2026-09-15T04:32:08.329Z     optim/LR (group 0)=1.19E-06
2026-09-15T04:32:08.329Z     optim/LR (group 1)=1.19E-06
2026-09-15T04:32:08.329Z     optim/step skipped=0.0
2026-09-15T04:32:08.329Z     optim/total grad norm=1.857
2026-09-15T04:32:08.329Z     throughput/chinchilla multiple=7.32E-05
2026-09-15T04:32:08.329Z     throughput/device/BPS=0.0869
2026-09-15T04:32:08.329Z     throughput/device/BPS (actual avg)=0.0620
2026-09-15T04:32:08.329Z     throughput/device/MFU=41.80
2026-09-15T04:32:08.329Z     throughput/device/MFU (actual avg)=29.81
2026-09-15T04:32:08.329Z     throughput/device/TPS=5,694
2026-09-15T04:32:08.329Z     throughput/device/TPS (actual avg)=4,061
2026-09-15T04:32:08.329Z     throughput/device/flopsPS=130.4T
2026-09-15T04:32:08.329Z     throughput/device/flopsPS (actual avg)=93.01T
2026-09-15T04:32:08.329Z     throughput/total petaflops=141.1
2026-09-15T04:32:08.329Z     throughput/total tokens=6,160,384
2026-09-15T04:32:08.329Z     train/CE loss=0.4077
2026-09-15T04:32:08.329Z     throughput/device/data loading (%)=0.0207
2026-09-15T04:32:08.329Z     throughput/device/data loading (s)=0.0024
2026-09-15T04:32:08.329Z     train/PPL=1.503
2026-09-15T04:32:19.502Z [2;36m[2026-09-15 04:32:19][0m [34mINFO    [0m [2m[olmo_core.train.callbacks.console_logger:68, f641d6fce801, rank=0][0m [step=48/61,epoch=1,eta=4m]
2026-09-15T04:32:19.502Z     gpu_memory/GPU active mem (%)=75.57
2026-09-15T04:32:19.502Z     gpu_memory/GPU active mem (GiB)=59.89
2026-09-15T04:32:19.502Z     gpu_memory/GPU reserved mem (%)=80.90
2026-09-15T04:32:19.502Z     gpu_memory/GPU reserved mem (GiB)=64.12
2026-09-15T04:32:19.502Z     optim/LR (group 0)=1.10E-06
2026-09-15T04:32:19.502Z     optim/LR (group 1)=1.10E-06
2026-09-15T04:32:19.502Z     optim/step skipped=0.0
2026-09-15T04:32:19.502Z     optim/total grad norm=1.529
2026-09-15T04:32:19.502Z     throughput/chinchilla multiple=7.48E-05
2026-09-15T04:32:19.502Z     throughput/device/BPS=0.0895
2026-09-15T04:32:19.502Z     throughput/device/BPS (actual avg)=0.0624
2026-09-15T04:32:19.502Z     throughput/device/MFU=43.06
2026-09-15T04:32:19.502Z     throughput/device/MFU (actual avg)=30.01
2026-09-15T04:32:19.502Z     throughput/device/TPS=5,866
2026-09-15T04:32:19.502Z     throughput/device/TPS (actual avg)=4,088
2026-09-15T04:32:19.502Z     throughput/device/flopsPS=134.3T
2026-09-15T04:32:19.502Z     throughput/device/flopsPS (actual avg)=93.62T
2026-09-15T04:32:19.502Z     throughput/total petaflops=144.1
2026-09-15T04:32:19.502Z     throughput/total tokens=6,291,456
2026-09-15T04:32:19.502Z     train/CE loss=0.4084
2026-09-15T04:32:19.502Z     throughput/device/data loading (%)=0.0149
2026-09-15T04:32:19.502Z     throughput/device/data loading (s)=0.0017
2026-09-15T04:32:19.502Z     train/PPL=1.504
2026-09-15T04:32:30.011Z [2;36m[2026-09-15 04:32:30][0m [34mINFO    [0m [2m[olmo_core.train.callbacks.console_logger:68, f641d6fce801, rank=0][0m [step=49/61,epoch=1,eta=3m]
2026-09-15T04:32:30.011Z     gpu_memory/GPU active mem (%)=75.57
2026-09-15T04:32:30.011Z     gpu_memory/GPU active mem (GiB)=59.89
2026-09-15T04:32:30.011Z     gpu_memory/GPU reserved mem (%)=80.90
2026-09-15T04:32:30.011Z     gpu_memory/GPU reserved mem (GiB)=64.12
2026-09-15T04:32:30.011Z     optim/LR (group 0)=1.02E-06
2026-09-15T04:32:30.011Z     optim/LR (group 1)=1.02E-06
2026-09-15T04:32:30.011Z     optim/step skipped=0.0
2026-09-15T04:32:30.011Z     optim/total grad norm=2.059
2026-09-15T04:32:30.011Z     throughput/chinchilla multiple=7.64E-05
2026-09-15T04:32:30.011Z     throughput/device/BPS=0.0952
2026-09-15T04:32:30.011Z     throughput/device/BPS (actual avg)=0.0628
2026-09-15T04:32:30.011Z     throughput/device/MFU=45.77
2026-09-15T04:32:30.011Z     throughput/device/MFU (actual avg)=30.22
2026-09-15T04:32:30.011Z     throughput/device/TPS=6,235
2026-09-15T04:32:30.011Z     throughput/device/TPS (actual avg)=4,118
2026-09-15T04:32:30.011Z     throughput/device/flopsPS=142.8T
2026-09-15T04:32:30.011Z     throughput/device/flopsPS (actual avg)=94.30T
2026-09-15T04:32:30.011Z     throughput/total petaflops=147.1
2026-09-15T04:32:30.011Z     throughput/total tokens=6,422,528
2026-09-15T04:32:30.011Z     train/CE loss=0.4128
2026-09-15T04:32:30.011Z     throughput/device/data loading (%)=0.0177
2026-09-15T04:32:30.011Z     throughput/device/data loading (s)=0.0019
2026-09-15T04:32:30.011Z     train/PPL=1.511
2026-09-15T04:32:40.521Z [2;36m[2026-09-15 04:32:40][0m [34mINFO    [0m [2m[olmo_core.train.callbacks.flop_meter:165, f641d6fce801, rank=0][0m [flop-meter] step 50: actual 22.49 PF, dense-equivalent 80.65 PF (ratio 0.279), tokens 3.5M
2026-09-15T04:32:40.583Z [2;36m[2026-09-15 04:32:40][0m [34mINFO    [0m [2m[olmo_core.train.callbacks.console_logger:68, f641d6fce801, rank=0][0m [step=50/61,epoch=1,eta=3m]
2026-09-15T04:32:40.583Z     gpu_memory/GPU active mem (%)=75.57
2026-09-15T04:32:40.583Z     gpu_memory/GPU active mem (GiB)=59.89
2026-09-15T04:32:40.583Z     gpu_memory/GPU reserved mem (%)=80.90
2026-09-15T04:32:40.583Z     gpu_memory/GPU reserved mem (GiB)=64.12
2026-09-15T04:32:40.583Z     optim/LR (group 0)=9.32E-07
2026-09-15T04:32:40.583Z     optim/LR (group 1)=9.32E-07
2026-09-15T04:32:40.583Z     optim/step skipped=0.0
2026-09-15T04:32:40.583Z     optim/total grad norm=1.903
2026-09-15T04:32:40.583Z     throughput/chinchilla multiple=7.79E-05
2026-09-15T04:32:40.583Z     throughput/device/BPS=0.0946
2026-09-15T04:32:40.583Z     throughput/device/BPS (actual avg)=0.0633
2026-09-15T04:32:40.583Z     throughput/device/MFU=45.50
2026-09-15T04:32:40.583Z     throughput/device/MFU (actual avg)=30.43
2026-09-15T04:32:40.583Z     throughput/device/TPS=6,198
2026-09-15T04:32:40.583Z     throughput/device/TPS (actual avg)=4,146
2026-09-15T04:32:40.583Z     throughput/device/flopsPS=141.9T
2026-09-15T04:32:40.583Z     throughput/device/flopsPS (actual avg)=94.95T
2026-09-15T04:32:40.583Z     throughput/total petaflops=150.1
2026-09-15T04:32:40.583Z     throughput/total tokens=6,553,600
2026-09-15T04:32:40.583Z     train/CE loss=0.4153
2026-09-15T04:32:40.583Z     throughput/device/data loading (%)=0.0169
2026-09-15T04:32:40.583Z     throughput/device/data loading (s)=0.0018
2026-09-15T04:32:40.583Z     train/PPL=1.515
2026-09-15T04:32:51.631Z [2;36m[2026-09-15 04:32:51][0m [34mINFO    [0m [2m[olmo_core.train.callbacks.console_logger:68, f641d6fce801, rank=0][0m [step=51/61,epoch=1,eta=3m]
2026-09-15T04:32:51.631Z     gpu_memory/GPU active mem (%)=75.57
2026-09-15T04:32:51.631Z     gpu_memory/GPU active mem (GiB)=59.89
2026-09-15T04:32:51.631Z     gpu_memory/GPU reserved mem (%)=80.90
2026-09-15T04:32:51.631Z     gpu_memory/GPU reserved mem (GiB)=64.12
2026-09-15T04:32:51.631Z     optim/LR (group 0)=8.47E-07
2026-09-15T04:32:51.631Z     optim/LR (group 1)=8.47E-07
2026-09-15T04:32:51.631Z     optim/step skipped=0.0
2026-09-15T04:32:51.631Z     optim/total grad norm=2.121
2026-09-15T04:32:51.631Z     throughput/chinchilla multiple=7.95E-05
2026-09-15T04:32:51.631Z     throughput/device/BPS=0.0905
2026-09-15T04:32:51.631Z     throughput/device/BPS (actual avg)=0.0637
2026-09-15T04:32:51.631Z     throughput/device/MFU=43.55
2026-09-15T04:32:51.631Z     throughput/device/MFU (actual avg)=30.62
2026-09-15T04:32:51.631Z     throughput/device/TPS=5,933
2026-09-15T04:32:51.631Z     throughput/device/TPS (actual avg)=4,171
2026-09-15T04:32:51.631Z     throughput/device/flopsPS=135.9T
2026-09-15T04:32:51.631Z     throughput/device/flopsPS (actual avg)=95.53T
2026-09-15T04:32:51.631Z     throughput/total petaflops=153.1
2026-09-15T04:32:51.631Z     throughput/total tokens=6,684,672
2026-09-15T04:32:51.631Z     train/CE loss=0.4188
2026-09-15T04:32:51.631Z     throughput/device/data loading (%)=0.0143
2026-09-15T04:32:51.631Z     throughput/device/data loading (s)=0.0016
2026-09-15T04:32:51.631Z     train/PPL=1.520
2026-09-15T04:33:02.120Z [2;36m[2026-09-15 04:33:02][0m [34mINFO    [0m [2m[olmo_core.train.callbacks.console_logger:68, f641d6fce801, rank=0][0m [step=52/61,epoch=1,eta=3m]
2026-09-15T04:33:02.120Z     gpu_memory/GPU active mem (%)=75.57
2026-09-15T04:33:02.120Z     gpu_memory/GPU active mem (GiB)=59.89
2026-09-15T04:33:02.120Z     gpu_memory/GPU reserved mem (%)=80.90
2026-09-15T04:33:02.120Z     gpu_memory/GPU reserved mem (GiB)=64.12
2026-09-15T04:33:02.120Z     optim/LR (group 0)=7.63E-07
2026-09-15T04:33:02.120Z     optim/LR (group 1)=7.63E-07
2026-09-15T04:33:02.120Z     optim/step skipped=0.0
2026-09-15T04:33:02.120Z     optim/total grad norm=1.948
2026-09-15T04:33:02.120Z     throughput/chinchilla multiple=8.10E-05
2026-09-15T04:33:02.120Z     throughput/device/BPS=0.0953
2026-09-15T04:33:02.120Z     throughput/device/BPS (actual avg)=0.0641
2026-09-15T04:33:02.120Z     throughput/device/MFU=45.85
2026-09-15T04:33:02.120Z     throughput/device/MFU (actual avg)=30.82
2026-09-15T04:33:02.120Z     throughput/device/TPS=6,247
2026-09-15T04:33:02.120Z     throughput/device/TPS (actual avg)=4,198
2026-09-15T04:33:02.120Z     throughput/device/flopsPS=143.1T
2026-09-15T04:33:02.120Z     throughput/device/flopsPS (actual avg)=96.15T
2026-09-15T04:33:02.120Z     throughput/total petaflops=156.1
2026-09-15T04:33:02.120Z     throughput/total tokens=6,815,744
2026-09-15T04:33:02.120Z     train/CE loss=0.4031
2026-09-15T04:33:02.120Z     throughput/device/data loading (%)=0.0184
2026-09-15T04:33:02.120Z     throughput/device/data loading (s)=0.0019
2026-09-15T04:33:02.120Z     train/PPL=1.496
2026-09-15T04:33:13.078Z [2;36m[2026-09-15 04:33:13][0m [34mINFO    [0m [2m[olmo_core.train.callbacks.console_logger:68, f641d6fce801, rank=0][0m [step=53/61,epoch=1,eta=2m]
2026-09-15T04:33:13.078Z     gpu_memory/GPU active mem (%)=75.57
2026-09-15T04:33:13.078Z     gpu_memory/GPU active mem (GiB)=59.89
2026-09-15T04:33:13.078Z     gpu_memory/GPU reserved mem (%)=80.90
2026-09-15T04:33:13.078Z     gpu_memory/GPU reserved mem (GiB)=64.12
2026-09-15T04:33:13.078Z     optim/LR (group 0)=6.78E-07
2026-09-15T04:33:13.078Z     optim/LR (group 1)=6.78E-07
2026-09-15T04:33:13.078Z     optim/step skipped=0.0
2026-09-15T04:33:13.078Z     optim/total grad norm=3.230
2026-09-15T04:33:13.078Z     throughput/chinchilla multiple=8.26E-05
2026-09-15T04:33:13.078Z     throughput/device/BPS=0.0913
2026-09-15T04:33:13.078Z     throughput/device/BPS (actual avg)=0.0644
2026-09-15T04:33:13.078Z     throughput/device/MFU=43.89
2026-09-15T04:33:13.078Z     throughput/device/MFU (actual avg)=31.00
2026-09-15T04:33:13.078Z     throughput/device/TPS=5,980
2026-09-15T04:33:13.078Z     throughput/device/TPS (actual avg)=4,223
2026-09-15T04:33:13.078Z     throughput/device/flopsPS=136.9T
2026-09-15T04:33:13.078Z     throughput/device/flopsPS (actual avg)=96.71T
2026-09-15T04:33:13.078Z     throughput/total petaflops=159.1
2026-09-15T04:33:13.078Z     throughput/total tokens=6,946,816
2026-09-15T04:33:13.078Z     train/CE loss=0.4291
2026-09-15T04:33:13.078Z     throughput/device/data loading (%)=0.0164
2026-09-15T04:33:13.078Z     throughput/device/data loading (s)=0.0018
2026-09-15T04:33:13.078Z     train/PPL=1.536
2026-09-15T04:33:24.115Z [2;36m[2026-09-15 04:33:24][0m [34mINFO    [0m [2m[olmo_core.train.callbacks.console_logger:68, f641d6fce801, rank=0][0m [step=54/61,epoch=1,eta=2m]
2026-09-15T04:33:24.115Z     gpu_memory/GPU active mem (%)=75.57
2026-09-15T04:33:24.115Z     gpu_memory/GPU active mem (GiB)=59.89
2026-09-15T04:33:24.115Z     gpu_memory/GPU reserved mem (%)=80.90
2026-09-15T04:33:24.115Z     gpu_memory/GPU reserved mem (GiB)=64.12
2026-09-15T04:33:24.115Z     optim/LR (group 0)=5.93E-07
2026-09-15T04:33:24.115Z     optim/LR (group 1)=5.93E-07
2026-09-15T04:33:24.115Z     optim/step skipped=0.0
2026-09-15T04:33:24.115Z     optim/total grad norm=1.907
2026-09-15T04:33:24.115Z     throughput/chinchilla multiple=8.41E-05
2026-09-15T04:33:24.115Z     throughput/device/BPS=0.0906
2026-09-15T04:33:24.115Z     throughput/device/BPS (actual avg)=0.0648
2026-09-15T04:33:24.115Z     throughput/device/MFU=43.59
2026-09-15T04:33:24.115Z     throughput/device/MFU (actual avg)=31.17
2026-09-15T04:33:24.115Z     throughput/device/TPS=5,938
2026-09-15T04:33:24.115Z     throughput/device/TPS (actual avg)=4,246
2026-09-15T04:33:24.115Z     throughput/device/flopsPS=136.0T
2026-09-15T04:33:24.115Z     throughput/device/flopsPS (actual avg)=97.24T
2026-09-15T04:33:24.115Z     throughput/total petaflops=162.1
2026-09-15T04:33:24.115Z     throughput/total tokens=7,077,888
2026-09-15T04:33:24.115Z     train/CE loss=0.4094
2026-09-15T04:33:24.115Z     throughput/device/data loading (%)=0.0112
2026-09-15T04:33:24.115Z     throughput/device/data loading (s)=0.0012
2026-09-15T04:33:24.115Z     train/PPL=1.506
2026-09-15T04:33:34.512Z [2;36m[2026-09-15 04:33:34][0m [34mINFO    [0m [2m[olmo_core.train.callbacks.console_logger:68, f641d6fce801, rank=0][0m [step=55/61,epoch=1,eta=2m]
2026-09-15T04:33:34.512Z     gpu_memory/GPU active mem (%)=75.57
2026-09-15T04:33:34.512Z     gpu_memory/GPU active mem (GiB)=59.89
2026-09-15T04:33:34.512Z     gpu_memory/GPU reserved mem (%)=80.90
2026-09-15T04:33:34.512Z     gpu_memory/GPU reserved mem (GiB)=64.12
2026-09-15T04:33:34.512Z     optim/LR (group 0)=5.08E-07
2026-09-15T04:33:34.512Z     optim/LR (group 1)=5.08E-07
2026-09-15T04:33:34.512Z     optim/step skipped=0.0
2026-09-15T04:33:34.512Z     optim/total grad norm=3.315
2026-09-15T04:33:34.512Z     throughput/chinchilla multiple=8.57E-05
2026-09-15T04:33:34.512Z     throughput/device/BPS=0.0962
2026-09-15T04:33:34.512Z     throughput/device/BPS (actual avg)=0.0652
2026-09-15T04:33:34.512Z     throughput/device/MFU=46.26
2026-09-15T04:33:34.512Z     throughput/device/MFU (actual avg)=31.35
2026-09-15T04:33:34.512Z     throughput/device/TPS=6,303
2026-09-15T04:33:34.512Z     throughput/device/TPS (actual avg)=4,272
2026-09-15T04:33:34.512Z     throughput/device/flopsPS=144.3T
2026-09-15T04:33:34.512Z     throughput/device/flopsPS (actual avg)=97.83T
2026-09-15T04:33:34.512Z     throughput/total petaflops=165.1
2026-09-15T04:33:34.512Z     throughput/total tokens=7,208,960
2026-09-15T04:33:34.512Z     train/CE loss=0.4240
2026-09-15T04:33:34.512Z     throughput/device/data loading (%)=0.0156
2026-09-15T04:33:34.512Z     throughput/device/data loading (s)=0.0016
2026-09-15T04:33:34.512Z     train/PPL=1.528
2026-09-15T04:33:52.287Z [2;36m[2026-09-15 04:33:52][0m [33mWARNING [0m [2m[py.warnings:112, f641d6fce801, rank=1][0m /opt/conda/lib/python3.12/site-packages/liger_kernel/ops/fused_linear_cross_entropy.py:75: UserWarning: called a synchronizing CUDA operation (Triggered internally at /pytorch/c10/cuda/CUDAFunctions.cpp:162.)
2026-09-15T04:33:52.287Z   total_n_non_ignore = target_mask.sum().item()
2026-09-15T04:33:52.287Z 
2026-09-15T04:33:53.142Z [2;36m[2026-09-15 04:33:53][0m [33mWARNING [0m [2m[py.warnings:112, f641d6fce801, rank=1][0m /opt/conda/lib/python3.12/site-packages/liger_kernel/ops/fused_linear_cross_entropy.py:233: UserWarning: called a synchronizing CUDA operation (Triggered internally at /pytorch/c10/cuda/CUDAFunctions.cpp:162.)
2026-09-15T04:33:53.142Z   if not torch.equal(grad_output, torch.tensor(1.0, device=grad_output.device)):
2026-09-15T04:33:53.142Z 
2026-09-15T04:34:06.510Z [2;36m[2026-09-15 04:34:06][0m [33mWARNING [0m [2m[py.warnings:112, f641d6fce801, rank=1][0m /opt/conda/lib/python3.12/site-packages/torch/autograd/graph.py:841: UserWarning: called a synchronizing CUDA operation (Triggered internally at /pytorch/c10/cuda/CUDAFunctions.cpp:162.)
2026-09-15T04:34:06.510Z   return Variable._execution_engine.run_backward(  # Calls into the C++ engine to run the backward pass
2026-09-15T04:34:06.510Z 
2026-09-15T04:34:06.512Z [2;36m[2026-09-15 04:34:06][0m [33mWARNING [0m [2m[py.warnings:112, f641d6fce801, rank=1][0m /opt/conda/lib/python3.12/site-packages/torch/distributed/utils.py:106: UserWarning: called a synchronizing CUDA operation (Triggered internally at /pytorch/c10/cuda/CUDAFunctions.cpp:162.)
2026-09-15T04:34:06.512Z   return (obj.to(target_device),)
2026-09-15T04:34:06.512Z 
2026-09-15T04:34:06.522Z [2;36m[2026-09-15 04:34:06][0m [33mWARNING [0m [2m[py.warnings:112, f641d6fce801, rank=1][0m /opt/conda/lib/python3.12/site-packages/olmo_core/nn/transformer/model.py:777: UserWarning: called a synchronizing CUDA operation (Triggered internally at /pytorch/c10/cuda/CUDAFunctions.cpp:162.)
2026-09-15T04:34:06.522Z   n_docs = int(chunk_ids.max().item()) + 1
2026-09-15T04:34:06.522Z 
2026-09-15T04:34:06.531Z [2;36m[2026-09-15 04:34:06][0m [33mWARNING [0m [2m[py.warnings:112, f641d6fce801, rank=1][0m /opt/conda/lib/python3.12/site-packages/olmo_core/nn/transformer/model.py:834: UserWarning: called a synchronizing CUDA operation (Triggered internally at /pytorch/c10/cuda/CUDAFunctions.cpp:162.)
2026-09-15T04:34:06.531Z   flat = (torch.arange(B, device=emb.device)[:, None] * n_docs + cid.clamp(min=0)).reshape(
2026-09-15T04:34:06.531Z 
2026-09-15T04:34:06.531Z [2;36m[2026-09-15 04:34:06][0m [33mWARNING [0m [2m[py.warnings:112, f641d6fce801, rank=1][0m /opt/conda/lib/python3.12/site-packages/olmo_core/nn/transformer/model.py:838: UserWarning: called a synchronizing CUDA operation (Triggered internally at /pytorch/c10/cuda/CUDAFunctions.cpp:162.)
2026-09-15T04:34:06.531Z   0, flat, emb.reshape(B * T, D)[is_ctx.reshape(-1)]
2026-09-15T04:34:06.531Z 
2026-09-15T04:34:06.539Z [2;36m[2026-09-15 04:34:06][0m [33mWARNING [0m [2m[py.warnings:112, f641d6fce801, rank=1][0m /opt/conda/lib/python3.12/site-packages/olmo_core/nn/pooled_soft_token.py:173: UserWarning: called a synchronizing CUDA operation (Triggered internally at /pytorch/c10/cuda/CUDAFunctions.cpp:162.)
2026-09-15T04:34:06.539Z   kept_idx = kept_tok.nonzero(as_tuple=True)[0]
2026-09-15T04:34:06.539Z 
2026-09-15T04:34:06.540Z [2;36m[2026-09-15 04:34:06][0m [33mWARNING [0m [2m[py.warnings:112, f641d6fce801, rank=1][0m /opt/conda/lib/python3.12/site-packages/olmo_core/nn/pooled_soft_token.py:179: UserWarning: called a synchronizing CUDA operation (Triggered internally at /pytorch/c10/cuda/CUDAFunctions.cpp:162.)
2026-09-15T04:34:06.540Z   if is_ctx.any():
2026-09-15T04:34:06.540Z 
2026-09-15T04:34:06.540Z [2;36m[2026-09-15 04:34:06][0m [33mWARNING [0m [2m[py.warnings:112, f641d6fce801, rank=1][0m /opt/conda/lib/python3.12/site-packages/olmo_core/nn/pooled_soft_token.py:180: UserWarning: called a synchronizing CUDA operation (Triggered internally at /pytorch/c10/cuda/CUDAFunctions.cpp:162.)
2026-09-15T04:34:06.540Z   d_ix = c[is_ctx]
2026-09-15T04:34:06.540Z 
2026-09-15T04:34:06.540Z [2;36m[2026-09-15 04:34:06][0m [33mWARNING [0m [2m[py.warnings:112, f641d6fce801, rank=1][0m /opt/conda/lib/python3.12/site-packages/olmo_core/nn/pooled_soft_token.py:181: UserWarning: called a synchronizing CUDA operation (Triggered internally at /pytorch/c10/cuda/CUDAFunctions.cpp:162.)
2026-09-15T04:34:06.540Z   pos_ix = is_ctx.nonzero(as_tuple=True)[0]
2026-09-15T04:34:06.540Z 
2026-09-15T04:34:06.541Z [2;36m[2026-09-15 04:34:06][0m [33mWARNING [0m [2m[py.warnings:112, f641d6fce801, rank=1][0m /opt/conda/lib/python3.12/site-packages/olmo_core/nn/pooled_soft_token.py:186: UserWarning: called a synchronizing CUDA operation (Triggered internally at /pytorch/c10/cuda/CUDAFunctions.cpp:162.)
2026-09-15T04:34:06.541Z   pooled_docs = pooled.nonzero(as_tuple=True)[0]
2026-09-15T04:34:06.541Z 
2026-09-15T04:34:06.542Z [2;36m[2026-09-15 04:34:06][0m [33mWARNING [0m [2m[py.warnings:112, f641d6fce801, rank=1][0m /opt/conda/lib/python3.12/site-packages/olmo_core/nn/pooled_soft_token.py:217: UserWarning: called a synchronizing CUDA operation (Triggered internally at /pytorch/c10/cuda/CUDAFunctions.cpp:162.)
2026-09-15T04:34:06.542Z   doc_len = torch.bincount(c[is_ctx], minlength=n_docs) if is_ctx.any() else torch.zeros(n_docs, dtype=torch.long, device=device)
2026-09-15T04:34:06.542Z 
2026-09-15T04:34:06.542Z [2;36m[2026-09-15 04:34:06][0m [33mWARNING [0m [2m[py.warnings:112, f641d6fce801, rank=1][0m /opt/conda/lib/python3.12/site-packages/olmo_core/nn/pooled_soft_token.py:222: UserWarning: called a synchronizing CUDA operation (Triggered internally at /pytorch/c10/cuda/CUDAFunctions.cpp:162.)
2026-09-15T04:34:06.542Z   soft_cols_b = soft_mask.nonzero(as_tuple=True)[0]
2026-09-15T04:34:06.542Z 
2026-09-15T04:34:06.543Z [2;36m[2026-09-15 04:34:06][0m [33mWARNING [0m [2m[py.warnings:112, f641d6fce801, rank=1][0m /opt/conda/lib/python3.12/site-packages/olmo_core/nn/pooled_soft_token.py:226: UserWarning: called a synchronizing CUDA operation (Triggered internally at /pytorch/c10/cuda/CUDAFunctions.cpp:162.)
2026-09-15T04:34:06.543Z   cols_l = soft_cols_b.tolist()
2026-09-15T04:34:06.543Z 
2026-09-15T04:34:06.543Z [2;36m[2026-09-15 04:34:06][0m [33mWARNING [0m [2m[py.warnings:112, f641d6fce801, rank=1][0m /opt/conda/lib/python3.12/site-packages/olmo_core/nn/pooled_soft_token.py:229: UserWarning: called a synchronizing CUDA operation (Triggered internally at /pytorch/c10/cuda/CUDAFunctions.cpp:162.)
2026-09-15T04:34:06.543Z   soft_docs += docs_b.tolist()
2026-09-15T04:34:06.543Z 
2026-09-15T04:34:06.543Z [2;36m[2026-09-15 04:34:06][0m [33mWARNING [0m [2m[py.warnings:112, f641d6fce801, rank=1][0m /opt/conda/lib/python3.12/site-packages/olmo_core/nn/pooled_soft_token.py:230: UserWarning: called a synchronizing CUDA operation (Triggered internally at /pytorch/c10/cuda/CUDAFunctions.cpp:162.)
2026-09-15T04:34:06.543Z   soft_log_len += lens_b.tolist()
2026-09-15T04:34:06.543Z 
2026-09-15T04:34:06.545Z [2;36m[2026-09-15 04:34:06][0m [33mWARNING [0m [2m[py.warnings:112, f641d6fce801, rank=1][0m /opt/conda/lib/python3.12/site-packages/olmo_core/nn/pooled_soft_token.py:280: UserWarning: called a synchronizing CUDA operation (Triggered internally at /pytorch/c10/cuda/CUDAFunctions.cpp:162.)
2026-09-15T04:34:06.545Z   row_lens[b] = L
2026-09-15T04:34:06.545Z 
2026-09-15T04:34:06.546Z [2;36m[2026-09-15 04:34:06][0m [33mWARNING [0m [2m[py.warnings:112, f641d6fce801, rank=1][0m /opt/conda/lib/python3.12/site-packages/olmo_core/nn/pooled_soft_token.py:297: UserWarning: called a synchronizing CUDA operation (Triggered internally at /pytorch/c10/cuda/CUDAFunctions.cpp:162.)
2026-09-15T04:34:06.546Z   soft_rows=torch.tensor(soft_rows, dtype=torch.long, device=device),
2026-09-15T04:34:06.546Z 
2026-09-15T04:34:06.546Z [2;36m[2026-09-15 04:34:06][0m [33mWARNING [0m [2m[py.warnings:112, f641d6fce801, rank=1][0m /opt/conda/lib/python3.12/site-packages/olmo_core/nn/pooled_soft_token.py:298: UserWarning: called a synchronizing CUDA operation (Triggered internally at /pytorch/c10/cuda/CUDAFunctions.cpp:162.)
2026-09-15T04:34:06.546Z   soft_cols=torch.tensor(soft_cols, dtype=torch.long, device=device),
2026-09-15T04:34:06.546Z 
2026-09-15T04:34:06.546Z [2;36m[2026-09-15 04:34:06][0m [33mWARNING [0m [2m[py.warnings:112, f641d6fce801, rank=1][0m /opt/conda/lib/python3.12/site-packages/olmo_core/nn/pooled_soft_token.py:299: UserWarning: called a synchronizing CUDA operation (Triggered internally at /pytorch/c10/cuda/CUDAFunctions.cpp:162.)
2026-09-15T04:34:06.546Z   soft_docs=torch.tensor(soft_docs, dtype=torch.long, device=device),
2026-09-15T04:34:06.546Z 
2026-09-15T04:34:06.547Z [2;36m[2026-09-15 04:34:06][0m [33mWARNING [0m [2m[py.warnings:112, f641d6fce801, rank=1][0m /opt/conda/lib/python3.12/site-packages/olmo_core/nn/pooled_soft_token.py:301: UserWarning: called a synchronizing CUDA operation (Triggered internally at /pytorch/c10/cuda/CUDAFunctions.cpp:162.)
2026-09-15T04:34:06.547Z   soft_log_len=torch.tensor(soft_log_len, dtype=torch.float32, device=device),
2026-09-15T04:34:06.547Z 
2026-09-15T04:34:06.547Z [2;36m[2026-09-15 04:34:06][0m [33mWARNING [0m [2m[py.warnings:112, f641d6fce801, rank=1][0m /opt/conda/lib/python3.12/site-packages/olmo_core/nn/transformer/model.py:1502: UserWarning: called a synchronizing CUDA operation (Triggered internally at /pytorch/c10/cuda/CUDAFunctions.cpp:162.)
2026-09-15T04:34:06.547Z   kv_grad_mask[cb.soft_rows, cb.soft_cols] = False
2026-09-15T04:34:06.547Z 
2026-09-15T04:34:06.691Z [2;36m[2026-09-15 04:34:06][0m [33mWARNING [0m [2m[py.warnings:112, f641d6fce801, rank=1][0m /opt/conda/lib/python3.12/site-packages/liger_kernel/ops/fused_linear_cross_entropy.py:75: UserWarning: called a synchronizing CUDA operation (Triggered internally at /pytorch/c10/cuda/CUDAFunctions.cpp:162.)
2026-09-15T04:34:06.691Z   total_n_non_ignore = target_mask.sum().item()
2026-09-15T04:34:06.691Z 
2026-09-15T04:34:07.520Z [2;36m[2026-09-15 04:34:07][0m [33mWARNING [0m [2m[py.warnings:112, f641d6fce801, rank=1][0m /opt/conda/lib/python3.12/site-packages/liger_kernel/ops/fused_linear_cross_entropy.py:233: UserWarning: called a synchronizing CUDA operation (Triggered internally at /pytorch/c10/cuda/CUDAFunctions.cpp:162.)
2026-09-15T04:34:07.520Z   if not torch.equal(grad_output, torch.tensor(1.0, device=grad_output.device)):
2026-09-15T04:34:07.520Z 
2026-09-15T04:34:09.481Z [2;36m[2026-09-15 04:34:09][0m [34mINFO    [0m [2m[olmo_core.train.callbacks.console_logger:68, f641d6fce801, rank=0][0m [step=56/61,epoch=1,eta=2m]
2026-09-15T04:34:09.481Z     gpu_memory/GPU active mem (%)=75.57
2026-09-15T04:34:09.481Z     gpu_memory/GPU active mem (GiB)=59.89
2026-09-15T04:34:09.481Z     gpu_memory/GPU reserved mem (%)=80.90
2026-09-15T04:34:09.481Z     gpu_memory/GPU reserved mem (GiB)=64.12
2026-09-15T04:34:09.481Z     optim/LR (group 0)=4.24E-07
2026-09-15T04:34:09.481Z     optim/LR (group 1)=4.24E-07
2026-09-15T04:34:09.481Z     optim/step skipped=0.0
2026-09-15T04:34:09.481Z     optim/total grad norm=2.433
2026-09-15T04:34:09.481Z     throughput/chinchilla multiple=8.73E-05
2026-09-15T04:34:09.481Z     throughput/device/BPS=0.0286
2026-09-15T04:34:09.481Z     throughput/device/BPS (actual avg)=0.0637
2026-09-15T04:34:09.481Z     throughput/device/MFU=13.76
2026-09-15T04:34:09.481Z     throughput/device/MFU (actual avg)=30.64
2026-09-15T04:34:09.481Z     throughput/device/TPS=1,874
2026-09-15T04:34:09.481Z     throughput/device/TPS (actual avg)=4,174
2026-09-15T04:34:09.481Z     throughput/device/flopsPS=42.92T
2026-09-15T04:34:09.481Z     throughput/device/flopsPS (actual avg)=95.60T
2026-09-15T04:34:09.481Z     throughput/total petaflops=168.1
2026-09-15T04:34:09.481Z     throughput/total tokens=7,340,032
2026-09-15T04:34:09.481Z     train/CE loss=0.4148
2026-09-15T04:34:09.481Z     throughput/device/data loading (%)=0.0046
2026-09-15T04:34:09.481Z     throughput/device/data loading (s)=0.0016
2026-09-15T04:34:09.481Z     train/PPL=1.514
2026-09-15T04:34:20.008Z [2;36m[2026-09-15 04:34:20][0m [34mINFO    [0m [2m[olmo_core.train.callbacks.console_logger:68, f641d6fce801, rank=0][0m [step=57/61,epoch=1,eta=1m]
2026-09-15T04:34:20.008Z     gpu_memory/GPU active mem (%)=75.57
2026-09-15T04:34:20.008Z     gpu_memory/GPU active mem (GiB)=59.89
2026-09-15T04:34:20.008Z     gpu_memory/GPU reserved mem (%)=80.90
2026-09-15T04:34:20.008Z     gpu_memory/GPU reserved mem (GiB)=64.12
2026-09-15T04:34:20.008Z     optim/LR (group 0)=3.39E-07
2026-09-15T04:34:20.008Z     optim/LR (group 1)=3.39E-07
2026-09-15T04:34:20.008Z     optim/step skipped=0.0
2026-09-15T04:34:20.008Z     optim/total grad norm=1.898
2026-09-15T04:34:20.008Z     throughput/chinchilla multiple=8.88E-05
2026-09-15T04:34:20.008Z     throughput/device/BPS=0.0950
2026-09-15T04:34:20.008Z     throughput/device/BPS (actual avg)=0.0641
2026-09-15T04:34:20.008Z     throughput/device/MFU=45.71
2026-09-15T04:34:20.008Z     throughput/device/MFU (actual avg)=30.82
2026-09-15T04:34:20.008Z     throughput/device/TPS=6,227
2026-09-15T04:34:20.008Z     throughput/device/TPS (actual avg)=4,199
2026-09-15T04:34:20.008Z     throughput/device/flopsPS=142.6T
2026-09-15T04:34:20.008Z     throughput/device/flopsPS (actual avg)=96.17T
2026-09-15T04:34:20.008Z     throughput/total petaflops=171.1
2026-09-15T04:34:20.008Z     throughput/total tokens=7,471,104
2026-09-15T04:34:20.008Z     train/CE loss=0.4184
2026-09-15T04:34:20.008Z     throughput/device/data loading (%)=0.0168
2026-09-15T04:34:20.008Z     throughput/device/data loading (s)=0.0018
2026-09-15T04:34:20.008Z     train/PPL=1.520
2026-09-15T04:34:31.152Z [2;36m[2026-09-15 04:34:31][0m [34mINFO    [0m [2m[olmo_core.train.callbacks.console_logger:68, f641d6fce801, rank=0][0m [step=58/61,epoch=1,eta=1m]
2026-09-15T04:34:31.152Z     gpu_memory/GPU active mem (%)=75.57
2026-09-15T04:34:31.152Z     gpu_memory/GPU active mem (GiB)=59.89
2026-09-15T04:34:31.152Z     gpu_memory/GPU reserved mem (%)=80.90
2026-09-15T04:34:31.152Z     gpu_memory/GPU reserved mem (GiB)=64.12
2026-09-15T04:34:31.152Z     optim/LR (group 0)=2.54E-07
2026-09-15T04:34:31.152Z     optim/LR (group 1)=2.54E-07
2026-09-15T04:34:31.152Z     optim/step skipped=0.0
2026-09-15T04:34:31.152Z     optim/total grad norm=1.829
2026-09-15T04:34:31.152Z     throughput/chinchilla multiple=9.04E-05
2026-09-15T04:34:31.152Z     throughput/device/BPS=0.0897
2026-09-15T04:34:31.152Z     throughput/device/BPS (actual avg)=0.0644
2026-09-15T04:34:31.152Z     throughput/device/MFU=43.15
2026-09-15T04:34:31.152Z     throughput/device/MFU (actual avg)=30.98
2026-09-15T04:34:31.152Z     throughput/device/TPS=5,878
2026-09-15T04:34:31.152Z     throughput/device/TPS (actual avg)=4,220
2026-09-15T04:34:31.152Z     throughput/device/flopsPS=134.6T
2026-09-15T04:34:31.152Z     throughput/device/flopsPS (actual avg)=96.65T
2026-09-15T04:34:31.152Z     throughput/total petaflops=174.1
2026-09-15T04:34:31.152Z     throughput/total tokens=7,602,176
2026-09-15T04:34:31.152Z     train/CE loss=0.4052
2026-09-15T04:34:31.152Z     throughput/device/data loading (%)=0.0405
2026-09-15T04:34:31.152Z     throughput/device/data loading (s)=0.0045
2026-09-15T04:34:31.152Z     train/PPL=1.500
2026-09-15T04:34:41.564Z [2;36m[2026-09-15 04:34:41][0m [34mINFO    [0m [2m[olmo_core.train.callbacks.console_logger:68, f641d6fce801, rank=0][0m [step=59/61,epoch=1,eta=1m]
2026-09-15T04:34:41.564Z     gpu_memory/GPU active mem (%)=75.57
2026-09-15T04:34:41.564Z     gpu_memory/GPU active mem (GiB)=59.89
2026-09-15T04:34:41.564Z     gpu_memory/GPU reserved mem (%)=80.90
2026-09-15T04:34:41.564Z     gpu_memory/GPU reserved mem (GiB)=64.12
2026-09-15T04:34:41.564Z     optim/LR (group 0)=1.69E-07
2026-09-15T04:34:41.564Z     optim/LR (group 1)=1.69E-07
2026-09-15T04:34:41.564Z     optim/step skipped=0.0
2026-09-15T04:34:41.564Z     optim/total grad norm=1.939
2026-09-15T04:34:41.564Z     throughput/chinchilla multiple=9.19E-05
2026-09-15T04:34:41.564Z     throughput/device/BPS=0.0960
2026-09-15T04:34:41.564Z     throughput/device/BPS (actual avg)=0.0648
2026-09-15T04:34:41.564Z     throughput/device/MFU=46.20
2026-09-15T04:34:41.564Z     throughput/device/MFU (actual avg)=31.16
2026-09-15T04:34:41.564Z     throughput/device/TPS=6,294
2026-09-15T04:34:41.564Z     throughput/device/TPS (actual avg)=4,244
2026-09-15T04:34:41.564Z     throughput/device/flopsPS=144.1T
2026-09-15T04:34:41.564Z     throughput/device/flopsPS (actual avg)=97.21T
2026-09-15T04:34:41.564Z     throughput/total petaflops=177.1
2026-09-15T04:34:41.564Z     throughput/total tokens=7,733,248
2026-09-15T04:34:41.564Z     train/CE loss=0.4181
2026-09-15T04:34:41.564Z     throughput/device/data loading (%)=0.0216
2026-09-15T04:34:41.564Z     throughput/device/data loading (s)=0.0022
2026-09-15T04:34:41.564Z     train/PPL=1.519
2026-09-15T04:34:52.341Z [2;36m[2026-09-15 04:34:52][0m [34mINFO    [0m [2m[olmo_core.train.callbacks.console_logger:68, f641d6fce801, rank=0][0m [step=60/61,epoch=1]
2026-09-15T04:34:52.341Z     gpu_memory/GPU active mem (%)=75.57
2026-09-15T04:34:52.341Z     gpu_memory/GPU active mem (GiB)=59.89
2026-09-15T04:34:52.341Z     gpu_memory/GPU reserved mem (%)=80.90
2026-09-15T04:34:52.341Z     gpu_memory/GPU reserved mem (GiB)=64.12
2026-09-15T04:34:52.341Z     optim/LR (group 0)=8.47E-08
2026-09-15T04:34:52.341Z     optim/LR (group 1)=8.47E-08
2026-09-15T04:34:52.341Z     optim/step skipped=0.0
2026-09-15T04:34:52.341Z     optim/total grad norm=1.583
2026-09-15T04:34:52.341Z     throughput/chinchilla multiple=9.35E-05
2026-09-15T04:34:52.341Z     throughput/device/BPS=0.0928
2026-09-15T04:34:52.341Z     throughput/device/BPS (actual avg)=0.0651
2026-09-15T04:34:52.341Z     throughput/device/MFU=44.64
2026-09-15T04:34:52.341Z     throughput/device/MFU (actual avg)=31.32
2026-09-15T04:34:52.341Z     throughput/device/TPS=6,081
2026-09-15T04:34:52.341Z     throughput/device/TPS (actual avg)=4,266
2026-09-15T04:34:52.341Z     throughput/device/flopsPS=139.3T
2026-09-15T04:34:52.341Z     throughput/device/flopsPS (actual avg)=97.71T
2026-09-15T04:34:52.341Z     throughput/total petaflops=180.1
2026-09-15T04:34:52.341Z     throughput/total tokens=7,864,320
2026-09-15T04:34:52.341Z     train/CE loss=0.4110
2026-09-15T04:34:52.341Z     throughput/device/data loading (%)=0.0113
2026-09-15T04:34:52.341Z     throughput/device/data loading (s)=0.0012
2026-09-15T04:34:52.341Z     train/PPL=1.508
2026-09-15T04:35:03.445Z [2;36m[2026-09-15 04:35:03][0m [34mINFO    [0m [2m[olmo_core.train.callbacks.console_logger:68, f641d6fce801, rank=0][0m [step=61/61,epoch=1]
2026-09-15T04:35:03.445Z     gpu_memory/GPU active mem (%)=75.57
2026-09-15T04:35:03.445Z     gpu_memory/GPU active mem (GiB)=59.89
2026-09-15T04:35:03.445Z     gpu_memory/GPU reserved mem (%)=80.90
2026-09-15T04:35:03.445Z     gpu_memory/GPU reserved mem (GiB)=64.12
2026-09-15T04:35:03.445Z     optim/LR (group 0)=0.0
2026-09-15T04:35:03.445Z     optim/LR (group 1)=0.0
2026-09-15T04:35:03.445Z     optim/step skipped=0.0
2026-09-15T04:35:03.445Z     optim/total grad norm=2.309
2026-09-15T04:35:03.445Z     throughput/chinchilla multiple=9.51E-05
2026-09-15T04:35:03.445Z     throughput/device/BPS=0.0901
2026-09-15T04:35:03.445Z     throughput/device/BPS (actual avg)=0.0654
2026-09-15T04:35:03.445Z     throughput/device/MFU=43.32
2026-09-15T04:35:03.445Z     throughput/device/MFU (actual avg)=31.46
2026-09-15T04:35:03.445Z     throughput/device/TPS=5,902
2026-09-15T04:35:03.445Z     throughput/device/TPS (actual avg)=4,286
2026-09-15T04:35:03.445Z     throughput/device/flopsPS=135.2T
2026-09-15T04:35:03.445Z     throughput/device/flopsPS (actual avg)=98.16T
2026-09-15T04:35:03.445Z     throughput/total petaflops=183.1
2026-09-15T04:35:03.445Z     throughput/total tokens=7,995,392
2026-09-15T04:35:03.445Z     train/CE loss=0.4084
2026-09-15T04:35:03.445Z     throughput/device/data loading (%)=0.0122
2026-09-15T04:35:03.445Z     throughput/device/data loading (s)=0.0014
2026-09-15T04:35:03.445Z     train/PPL=1.504
2026-09-15T04:35:04.433Z [W915 04:35:04.634676143 AllocatorConfig.cpp:28] Warning: PYTORCH_CUDA_ALLOC_CONF is deprecated, use PYTORCH_ALLOC_CONF instead (function operator())
2026-09-15T04:35:04.445Z [W915 04:35:04.646951043 AllocatorConfig.cpp:28] Warning: PYTORCH_CUDA_ALLOC_CONF is deprecated, use PYTORCH_ALLOC_CONF instead (function operator())
2026-09-15T04:35:04.611Z [W915 04:35:04.813645774 AllocatorConfig.cpp:28] Warning: PYTORCH_CUDA_ALLOC_CONF is deprecated, use PYTORCH_ALLOC_CONF instead (function operator())
2026-09-15T04:35:04.617Z [W915 04:35:04.819303514 AllocatorConfig.cpp:28] Warning: PYTORCH_CUDA_ALLOC_CONF is deprecated, use PYTORCH_ALLOC_CONF instead (function operator())
2026-09-15T04:35:04.869Z [2;36m[2026-09-15 04:35:04][0m [34mINFO    [0m [2m[olmo_core.train.trainer:1520, f641d6fce801, rank=0][0m Epoch complete
2026-09-15T04:35:04.872Z [2;36m[2026-09-15 04:35:04][0m [34mINFO    [0m [2m[olmo_core.train.callbacks.flop_meter:200, f641d6fce801, rank=0][0m [flop-meter] wrote /weka/oe-training-default/ai2-llm/checkpoints/prasanns/ctc_suite/ckpts/f2k-outlier-xhdr17-4M/flops.json: {'actual_pflops': 27.340581316497406, 'dense_equivalent_pflops': 98.44318758760858, 'actual_over_dense': 0.2777295411342295, 'tokens_processed': 4298948, 'tokens_are_real': True, 'ffn_cost_frac': None, 'block_skip_keep_frac': None, 'kv_route_keep_frac': None, 'steps': 61, 'seq_len': 4096}
2026-09-15T04:35:04.872Z [2;36m[2026-09-15 04:35:04][0m [34mINFO    [0m [2m[olmo_core.train.trainer:1361, f641d6fce801, rank=0][0m Waiting for bookkeeping ops to finish: 'reduce_metrics' (1 ops)...
2026-09-15T04:35:04.873Z [2;36m[2026-09-15 04:35:04][0m [34mINFO    [0m [2m[olmo_core.train.trainer:1366, f641d6fce801, rank=0][0m All bookkeeping ops complete
2026-09-15T04:35:04.874Z [2;36m[2026-09-15 04:35:04][0m [34mINFO    [0m [2m[olmo_core.train.callbacks.wandb:116, f641d6fce801, rank=0][0m Finalizing successful W&B run...
2026-09-15T04:35:04.875Z wandb: WARNING The `quiet` argument to `wandb.run.finish()` is deprecated, use `wandb.Settings(quiet=...)` to set this instead.
2026-09-15T04:35:04.979Z wandb: updating run metadata
2026-09-15T04:35:05.380Z wandb: uploading config.yaml
2026-09-15T04:35:05.608Z wandb: 
2026-09-15T04:35:05.608Z wandb: Run history:
2026-09-15T04:35:05.608Z wandb:      flop_meter/actual_over_dense ▆█▇▇▆▅▃▄▄▄▄▄▄▄▄▃▃▃▃▂▂▂▂▁▁▁▁▁▁▂▁▁▁▁▁▁▁▁▁▁
2026-09-15T04:35:05.608Z wandb:          flop_meter/actual_pflops ▁▁▁▁▂▂▂▂▂▂▃▃▃▃▃▃▄▄▄▄▄▄▄▅▅▅▆▆▆▆▆▆▇▇▇▇████
2026-09-15T04:35:05.608Z wandb:       flop_meter/compaction_ratio ▁▂▂▂▄▃▄▁▃▂▃▃▁▄▂█▃▂▂▅▄▅▂▅▅▄▃▃▃▃▄▆▅▄▅▂▅▃▅▂
2026-09-15T04:35:05.608Z wandb:           flop_meter/dense_pflops ▁▁▁▁▂▂▂▂▂▃▃▃▃▃▃▄▄▄▄▄▄▅▅▅▅▅▅▅▆▆▆▆▇▇▇▇▇███
2026-09-15T04:35:05.608Z wandb:     gpu_memory/GPU active mem (%) ▁▁▁▁▂▂▂▂▃▃▃▃▃▃▃▃▃▄▄▄▄▅▅▅▅▆▆▆▆▆▆▆▆▇▇▇▇▇██
2026-09-15T04:35:05.608Z wandb:   gpu_memory/GPU active mem (GiB) ▁▁▁▁▁▁▂▂▂▂▂▂▃▃▃▄▄▄▄▄▄▅▅▅▅▆▆▆▆▆▆▇▇▇▇▇▇▇██
2026-09-15T04:35:05.608Z wandb:   gpu_memory/GPU reserved mem (%) ▁▁▁▁▁▁▁▁▁▁▁▁▁▁▁▁▁▁▁▁▁▁▁▁▁▁▁▁▁▁▁▁▁▁▁▁▁▁▁▁
2026-09-15T04:35:05.608Z wandb: gpu_memory/GPU reserved mem (GiB) ▁▁▁▁▁▁▁▁▁▁▁▁▁▁▁▁▁▁▁▁▁▁▁▁▁▁▁▁▁▁▁▁▁▁▁▁▁▁▁▁
2026-09-15T04:35:05.608Z wandb:                optim/LR (group 0) ▅██▇▇▇▇▇▇▆▆▆▆▆▅▅▅▅▅▅▄▄▄▄▄▃▃▃▃▃▃▂▂▂▂▂▁▁▁▁
2026-09-15T04:35:05.608Z wandb:                optim/LR (group 1) ▅████▇▇▇▇▆▆▆▆▆▅▅▅▅▅▄▄▄▄▃▃▃▃▃▃▃▂▂▂▂▂▂▂▁▁▁
2026-09-15T04:35:05.608Z wandb:                               +18 ...
2026-09-15T04:35:05.608Z wandb: 
2026-09-15T04:35:05.608Z wandb: Run summary:
2026-09-15T04:35:05.608Z wandb:      flop_meter/actual_over_dense 0.27773
2026-09-15T04:35:05.608Z wandb:          flop_meter/actual_pflops 27.34058
2026-09-15T04:35:05.608Z wandb:       flop_meter/compaction_ratio 6.00366
2026-09-15T04:35:05.608Z wandb:           flop_meter/dense_pflops 98.44318
2026-09-15T04:35:05.608Z wandb:     gpu_memory/GPU active mem (%) 75.5704
2026-09-15T04:35:05.608Z wandb:   gpu_memory/GPU active mem (GiB) 59.89084
2026-09-15T04:35:05.608Z wandb:   gpu_memory/GPU reserved mem (%) 80.90322
2026-09-15T04:35:05.608Z wandb: gpu_memory/GPU reserved mem (GiB) 64.11719
2026-09-15T04:35:05.608Z wandb:                optim/LR (group 0) 0
2026-09-15T04:35:05.608Z wandb:                optim/LR (group 1) 0
2026-09-15T04:35:05.608Z wandb:                               +18 ...
2026-09-15T04:35:05.608Z wandb: 
2026-09-15T04:35:05.608Z wandb: 🚀 View run f2k-outlier-xhdr17-4M at: https://wandb.ai/prasanns-allen-institute-for-ai/memory-networks/runs/vjnebc24
2026-09-15T04:35:05.608Z wandb: ⭐️ View project at: https://wandb.ai/prasanns-allen-institute-for-ai/memory-networks
2026-09-15T04:35:05.608Z wandb: Synced 5 W&B file(s), 0 media file(s), 0 artifact file(s) and 0 other file(s)
2026-09-15T04:35:05.608Z wandb: Find logs at: /weka/oe-training-default/ai2-llm/checkpoints/prasanns/ctc_suite/ckpts/f2k-outlier-xhdr17-4M/wandb/wandb/run-20260915_041143-vjnebc24/logs
2026-09-15T04:35:10.124Z [2;36m[2026-09-15 04:35:10][0m [34mINFO    [0m [2m[olmo_core.train.trainer:763, f641d6fce801, rank=0][0m Training complete
2026-09-15T04:35:11.088Z [2;36m[2026-09-15 04:35:11][0m [33mWARNING [0m [2m[py.warnings:112, f641d6fce801, rank=0][0m /opt/conda/lib/python3.12/site-packages/torch/distributed/_state_dict_utils.py:183: UserWarning: called a synchronizing CUDA operation (Triggered internally at /pytorch/c10/cuda/CUDAFunctions.cpp:162.)
2026-09-15T04:35:11.088Z   ret = ret.to(cpu_device)
2026-09-15T04:35:11.088Z 
2026-09-15T04:35:11.453Z [2;36m[2026-09-15 04:35:11][0m [33mWARNING [0m [2m[py.warnings:112, f641d6fce801, rank=1][0m /opt/conda/lib/python3.12/site-packages/torch/distributed/_state_dict_utils.py:183: UserWarning: called a synchronizing CUDA operation (Triggered internally at /pytorch/c10/cuda/CUDAFunctions.cpp:162.)
2026-09-15T04:35:11.453Z   ret = ret.to(cpu_device)
2026-09-15T04:35:11.453Z 
2026-09-15T04:35:25.070Z [ctc-suite] saved model-only checkpoint -> /weka/oe-training-default/ai2-llm/checkpoints/prasanns/ctc_suite/ckpts/f2k-outlier-xhdr17-4M
2026-09-15T04:35:27.467Z [W915 04:35:27.669058009 AllocatorConfig.cpp:28] Warning: PYTORCH_CUDA_ALLOC_CONF is deprecated, use PYTORCH_ALLOC_CONF instead (function operator())
2026-09-15T04:35:27.626Z [W915 04:35:27.828275805 AllocatorConfig.cpp:28] Warning: PYTORCH_CUDA_ALLOC_CONF is deprecated, use PYTORCH_ALLOC_CONF instead (function operator())
2026-09-15T04:35:28.959Z [W915 04:35:28.161142794 AllocatorConfig.cpp:28] Warning: PYTORCH_CUDA_ALLOC_CONF is deprecated, use PYTORCH_ALLOC_CONF instead (function operator())
