Logs for job 01M2HGTBEVC82CTQMXWAHTRTE1 of task train:
2026-09-15T03:51:26.875Z [36m[1m
2026-09-15T03:51:26.875Z ##########################################
2026-09-15T03:51:26.875Z ### [GANTRY] Validating environment... ###  
2026-09-15T03:51:26.875Z ##########################################
2026-09-15T03:51:26.875Z [0m
2026-09-15T03:51:26.878Z [36m[1m❯ [GANTRY INFO][0m Shell is GNU bash, version 5.1.16(1)-release (x86_64-pc-linux-gnu).
2026-09-15T03:51:26.878Z [36m[1m❯ [GANTRY INFO][0m Running on Beaker node 'saturn-cs-aus-252.reviz.ai2.in' (01K1TXPMZKX5T46VTGP7ZFHG4D)
2026-09-15T03:51:26.878Z [36m[1m❯ [GANTRY INFO][0m Results dataset [94m[4mhttps://beaker.org/ds/01M2HGTBBHZD97YC8E8R6KS1Y0[0m mounted to '/results'.
2026-09-15T03:51:26.878Z [36m[1m❯ [GANTRY INFO][0m Checking for required tools...
2026-09-15T03:51:26.881Z [36m[1m❯ [GANTRY INFO][0m Using git version 2.34.1.
2026-09-15T03:51:26.889Z [36m[1m❯ [GANTRY INFO][0m Using curl 7.81.0 (x86_64-pc-linux-gnu) libcurl/7.81.0 OpenSSL/3.0.2 zlib/1.2.11 brotli/1.0.9 zstd/1.4.8 libidn2/2.3.2 libpsl/0.21.0 (+libidn2/2.3.2) libssh/0.9.6/openssl/zlib nghttp2/1.43.0 librtmp/2.3 OpenLDAP/2.5.19.
2026-09-15T03:51:26.889Z [36m[1m❯ [GANTRY INFO][0m Done.
2026-09-15T03:51:26.889Z [36m[1m❯ [GANTRY INFO][0m Installing AWS config...
2026-09-15T03:51:26.892Z [36m[1m❯ [GANTRY INFO][0m Done.
2026-09-15T03:51:26.892Z [36m[1m❯ [GANTRY INFO][0m Installing AWS credentials...
2026-09-15T03:51:26.894Z [36m[1m❯ [GANTRY INFO][0m Done.
2026-09-15T03:51:26.894Z [36m[1m❯ [GANTRY INFO][0m Installing Google Cloud credentials...
2026-09-15T03:51:26.896Z [36m[1m❯ [GANTRY INFO][0m Done.
2026-09-15T03:51:26.896Z [33m[1m❯ [GANTRY WARN][0m 'gcloud' CLI not found so credentials can't be activated globally. As a result some tools like 'gsutil' may not be able to authenticate.
2026-09-15T03:51:26.896Z [36m[1m❯ [GANTRY INFO][0m Creating PyTorch kernel cache directory...
2026-09-15T03:51:26.898Z [36m[1m❯ [GANTRY INFO][0m Done.
2026-09-15T03:51:26.898Z [36m[1m
2026-09-15T03:51:26.898Z #######################################
2026-09-15T03:51:26.898Z ### [GANTRY] Cloning source code... ###  
2026-09-15T03:51:26.898Z #######################################
2026-09-15T03:51:26.898Z [0m
2026-09-15T03:51:26.909Z [36m[1m❯ [GANTRY INFO][0m Cloning source from 'allenai/OLMo-core' @ '5ee1264fe3e0272bb492fdad2512e67c3a2b5616'...
2026-09-15T03:51:31.357Z [36m[1m❯ [GANTRY INFO][0m Done.
2026-09-15T03:51:31.357Z [36m[1m❯ [GANTRY INFO][0m Initializing git submodules...
2026-09-15T03:51:31.394Z [36m[1m❯ [GANTRY INFO][0m Done.
2026-09-15T03:51:31.394Z [36m[1m
2026-09-15T03:51:31.394Z #######################################
2026-09-15T03:51:31.394Z ### [GANTRY] Building Python env... ###  
2026-09-15T03:51:31.394Z #######################################
2026-09-15T03:51:31.394Z [0m
2026-09-15T03:51:31.395Z [36m[1m❯ [GANTRY INFO][0m Installing uv...
2026-09-15T03:51:32.319Z [36m[1m❯ [GANTRY INFO][0m Done. Installed uv 0.12.14 (x86_64-unknown-linux-gnu).
2026-09-15T03:51:32.325Z [36m[1m❯ [GANTRY INFO][0m Using existing Python 3.12.12 installation at '/opt/conda/bin/python'.
2026-09-15T03:51:32.327Z [36m[1m❯ [GANTRY INFO][0m Acquiring lock for uv install at '/results/lockfile'...
2026-09-15T03:51:32.328Z [36m[1m❯ [GANTRY INFO][0m Done.
2026-09-15T03:51:32.328Z [36m[1m❯ [GANTRY INFO][0m Installing local project...
2026-09-15T03:51:36.444Z [36m[1m❯ [GANTRY INFO][0m Done.
2026-09-15T03:51:36.467Z [36m[1m
2026-09-15T03:51:36.467Z ########################################
2026-09-15T03:51:36.467Z ### [GANTRY] Python environment info ###  
2026-09-15T03:51:36.467Z ########################################
2026-09-15T03:51:36.467Z [0m
2026-09-15T03:51:36.474Z [36m[1m❯ [GANTRY INFO][0m Using Python 3.12.12 from '/opt/conda/bin/python'.
2026-09-15T03:51:36.474Z [36m[1m❯ [GANTRY INFO][0m Packages:
2026-09-15T03:51:36.475Z [1mai2-olmo-core[0m @ file:///gantry-runtime
2026-09-15T03:51:36.475Z [1mai2-olmo-eval[0m==0.9.0
2026-09-15T03:51:36.475Z [1maiohappyeyeballs[0m==2.6.1
2026-09-15T03:51:36.475Z [1maiohttp[0m==3.13.2
2026-09-15T03:51:36.475Z [1maiosignal[0m==1.4.0
2026-09-15T03:51:36.475Z [1malabaster[0m==0.7.16
2026-09-15T03:51:36.475Z [1mannotated-types[0m==0.7.0
2026-09-15T03:51:36.476Z [1mantlr4-python3-runtime[0m==4.9.3
2026-09-15T03:51:36.476Z [1manyio[0m==4.11.0
2026-09-15T03:51:36.476Z [1mapache-tvm-ffi[0m==0.1.13.post3
2026-09-15T03:51:36.476Z [1marchspec[0m @ file:///home/conda/feedstock_root/build_artifacts/archspec_1737352602016/work
2026-09-15T03:51:36.476Z [1masttokens[0m @ file:///home/conda/feedstock_root/build_artifacts/asttokens_1763409923949/work
2026-09-15T03:51:36.476Z [1mattrs[0m @ file:///home/conda/feedstock_root/build_artifacts/attrs_1759762205280/work
2026-09-15T03:51:36.476Z [1mbabel[0m==2.17.0
2026-09-15T03:51:36.476Z [1mbeaker-gantry[0m==3.7.0
2026-09-15T03:51:36.476Z [1mbeaker-py[0m==2.8.0
2026-09-15T03:51:36.476Z [1mbeautifulsoup4[0m @ file:///home/conda/feedstock_root/build_artifacts/beautifulsoup4_1759146011391/work
2026-09-15T03:51:36.476Z [1mbettermap[0m==1.3.1
2026-09-15T03:51:36.476Z [1mblack[0m==23.12.1
2026-09-15T03:51:36.476Z [1mboltons[0m @ file:///home/conda/feedstock_root/build_artifacts/boltons_1749686179973/work
2026-09-15T03:51:36.476Z [1mboto3[0m==1.41.3
2026-09-15T03:51:36.476Z [1mbotocore[0m==1.41.3
2026-09-15T03:51:36.476Z [1mbrotli[0m @ file:///home/conda/feedstock_root/build_artifacts/brotli-split_1756599151967/work
2026-09-15T03:51:36.476Z [1mbuild[0m==1.3.0
2026-09-15T03:51:36.476Z [1mcached-path[0m==1.8.0
2026-09-15T03:51:36.476Z [1mcachetools[0m==6.2.2
2026-09-15T03:51:36.476Z [1mcertifi[0m @ file:///home/conda/feedstock_root/build_artifacts/certifi_1762976168352/work/certifi
2026-09-15T03:51:36.476Z [1mcffi[0m @ file:///home/conda/feedstock_root/build_artifacts/cffi_1761202850602/work
2026-09-15T03:51:36.476Z [1mchardet[0m @ file:///home/conda/feedstock_root/build_artifacts/chardet_1741797914774/work
2026-09-15T03:51:36.476Z [1mcharset-normalizer[0m @ file:///home/conda/feedstock_root/build_artifacts/charset-normalizer_1760437218288/work
2026-09-15T03:51:36.476Z [1mclick[0m @ file:///home/conda/feedstock_root/build_artifacts/click_1763248546991/work
2026-09-15T03:51:36.476Z [1mclick-help-colors[0m==0.9.4
2026-09-15T03:51:36.476Z [1mclick-option-group[0m==0.5.9
2026-09-15T03:51:36.476Z [1mcolorama[0m @ file:///home/conda/feedstock_root/build_artifacts/colorama_1733218098505/work
2026-09-15T03:51:36.476Z [1mcomet-ml[0m==3.54.2
2026-09-15T03:51:36.476Z [1mconda[0m @ file:///home/conda/feedstock_root/build_artifacts/conda_1760108593422/work/conda-src
2026-09-15T03:51:36.476Z [1mconda-build[0m @ file:///home/conda/feedstock_root/build_artifacts/conda-build_1763816195874/work
2026-09-15T03:51:36.476Z [1mconda-index[0m @ file:///home/conda/feedstock_root/build_artifacts/conda-index_1760661811794/work
2026-09-15T03:51:36.476Z [1mconda-libmamba-solver[0m @ file:///home/conda/feedstock_root/build_artifacts/conda-libmamba-solver_1745834476052/work/src
2026-09-15T03:51:36.476Z [1mconda-package-handling[0m @ file:///home/conda/feedstock_root/build_artifacts/conda-package-handling_1736345463896/work
2026-09-15T03:51:36.476Z [1mconda-package-streaming[0m @ file:///home/conda/feedstock_root/build_artifacts/conda-package-streaming_1751548120229/work
2026-09-15T03:51:36.476Z [1mconfigobj[0m==5.0.9
2026-09-15T03:51:36.476Z [1mcontourpy[0m==1.4.0
2026-09-15T03:51:36.476Z [1mcryptography[0m==46.0.3
2026-09-15T03:51:36.476Z [1mcuda-bindings[0m==13.4.1
2026-09-15T03:51:36.476Z [1mcuda-core[0m==1.2.0
2026-09-15T03:51:36.476Z [1mcuda-pathfinder[0m==1.8.1
2026-09-15T03:51:36.476Z [1mcuda-python[0m==13.4.1
2026-09-15T03:51:36.476Z [1mcycler[0m==0.12.1
2026-09-15T03:51:36.476Z [1mdataclass-extensions[0m==0.5.0
2026-09-15T03:51:36.476Z [1mdatasets[0m==3.6.0
2026-09-15T03:51:36.476Z [1mdecorator[0m @ file:///home/conda/feedstock_root/build_artifacts/decorator_1740384970518/work
2026-09-15T03:51:36.476Z [1mdill[0m==0.3.8
2026-09-15T03:51:36.476Z [1mdion[0m @ git+https://github.com/microsoft/dion.git@7452a5823cf9655b93c3f1d8020b4ebb2535239b
2026-09-15T03:51:36.476Z [1mdistro[0m @ file:///home/conda/feedstock_root/build_artifacts/distro_1734729835256/work
2026-09-15T03:51:36.476Z [1mdocker[0m==7.1.0
2026-09-15T03:51:36.476Z [1mdocutils[0m==0.20.1
2026-09-15T03:51:36.476Z [1mdulwich[0m==0.24.10
2026-09-15T03:51:36.476Z [1meinops[0m==0.8.1
2026-09-15T03:51:36.476Z [1mevalidate[0m @ file:///home/conda/feedstock_root/build_artifacts/bld/rattler-build_evalidate_1746793833/work
2026-09-15T03:51:36.476Z [1meverett[0m==3.1.0
2026-09-15T03:51:36.476Z [1mexecnet[0m==2.1.2
2026-09-15T03:51:36.476Z [1mexecuting[0m @ file:///home/conda/feedstock_root/build_artifacts/executing_1756729339227/work
2026-09-15T03:51:36.476Z [1mfilelock[0m @ file:///home/conda/feedstock_root/build_artifacts/filelock_1759948064277/work
2026-09-15T03:51:36.476Z [1mfla-core[0m==0.4.1
2026-09-15T03:51:36.476Z [1mflash-attn[0m==2.8.2
2026-09-15T03:51:36.476Z [1mflash-attn-4[0m==4.0.0b30
2026-09-15T03:51:36.476Z [1mflash-linear-attention[0m==0.4.1
2026-09-15T03:51:36.476Z [1mfonttools[0m==4.65.0
2026-09-15T03:51:36.476Z [1mfrozendict[0m @ file:///home/conda/feedstock_root/build_artifacts/frozendict_1756047928019/work
2026-09-15T03:51:36.476Z [1mfrozenlist[0m==1.8.0
2026-09-15T03:51:36.476Z [1mfsspec[0m==2025.3.0
2026-09-15T03:51:36.476Z [1mfuro[0m==2024.8.6
2026-09-15T03:51:36.476Z [1mgitdb[0m==4.0.12
2026-09-15T03:51:36.476Z [1mgitpython[0m==3.1.45
2026-09-15T03:51:36.476Z [1mgoogle-api-core[0m==2.28.1
2026-09-15T03:51:36.476Z [1mgoogle-auth[0m==2.43.0
2026-09-15T03:51:36.476Z [1mgoogle-cloud-compute[0m==1.40.0
2026-09-15T03:51:36.476Z [1mgoogle-cloud-core[0m==2.5.0
2026-09-15T03:51:36.476Z [1mgoogle-cloud-storage[0m==2.19.0
2026-09-15T03:51:36.476Z [1mgoogle-crc32c[0m==1.7.1
2026-09-15T03:51:36.476Z [1mgoogle-resumable-media[0m==2.8.0
2026-09-15T03:51:36.476Z [1mgoogleapis-common-protos[0m==1.72.0
2026-09-15T03:51:36.476Z [1mgrouped-gemm[0m @ git+https://git@github.com/tgale96/grouped_gemm.git@f1429a3c44c98f7912aa4b00125144cdf4e7fdb2
2026-09-15T03:51:36.476Z [1mgrpcio[0m==1.76.0
2026-09-15T03:51:36.476Z [1mgrpcio-status[0m==1.76.0
2026-09-15T03:51:36.476Z [1mh11[0m==0.16.0
2026-09-15T03:51:36.476Z [1mh2[0m @ file:///home/conda/feedstock_root/build_artifacts/bld/rattler-build_h2_1756364871/work
2026-09-15T03:51:36.476Z [1mhf-xet[0m==1.2.0
2026-09-15T03:51:36.476Z [1mhpack[0m @ file:///home/conda/feedstock_root/build_artifacts/hpack_1737618293087/work
2026-09-15T03:51:36.476Z [1mhttpcore[0m==1.0.9
2026-09-15T03:51:36.476Z [1mhttpx[0m==0.28.1
2026-09-15T03:51:36.476Z [1mhuggingface-hub[0m==0.36.0
2026-09-15T03:51:36.476Z [1mhyperframe[0m @ file:///home/conda/feedstock_root/build_artifacts/hyperframe_1737618333194/work
2026-09-15T03:51:36.476Z [1mid[0m==1.5.0
2026-09-15T03:51:36.476Z [1midna[0m @ file:///home/conda/feedstock_root/build_artifacts/idna_1760286409563/work
2026-09-15T03:51:36.476Z [1mimagesize[0m==1.4.1
2026-09-15T03:51:36.476Z [1mimportlib-metadata[0m==8.7.0
2026-09-15T03:51:36.476Z [1mimportlib-resources[0m==6.5.2
2026-09-15T03:51:36.476Z [1miniconfig[0m==2.3.0
2026-09-15T03:51:36.476Z [1mipython[0m @ file:///home/conda/feedstock_root/build_artifacts/bld/rattler-build_ipython_1762350942/work
2026-09-15T03:51:36.476Z [1mipython-pygments-lexers[0m @ file:///home/conda/feedstock_root/build_artifacts/ipython_pygments_lexers_1737123620466/work
2026-09-15T03:51:36.476Z [1misort[0m==5.13.2
2026-09-15T03:51:36.476Z [1mjaraco-classes[0m==3.4.0
2026-09-15T03:51:36.476Z [1mjaraco-context[0m==6.0.1
2026-09-15T03:51:36.476Z [1mjaraco-functools[0m==4.3.0
2026-09-15T03:51:36.476Z [1mjedi[0m @ file:///home/conda/feedstock_root/build_artifacts/jedi_1733300866624/work
2026-09-15T03:51:36.476Z [1mjeepney[0m==0.9.0
2026-09-15T03:51:36.476Z [1mjinja2[0m @ file:///home/conda/feedstock_root/build_artifacts/jinja2_1741263328855/work
2026-09-15T03:51:36.476Z [1mjmespath[0m==1.0.1
2026-09-15T03:51:36.476Z [1mjsonpatch[0m @ file:///home/conda/feedstock_root/build_artifacts/jsonpatch_1733814567314/work
2026-09-15T03:51:36.476Z [1mjsonpointer[0m @ file:///home/conda/feedstock_root/build_artifacts/jsonpointer_1756754132407/work
2026-09-15T03:51:36.476Z [1mjsonschema[0m @ file:///home/conda/feedstock_root/build_artifacts/bld/rattler-build_jsonschema_1755595646/work
2026-09-15T03:51:36.476Z [1mjsonschema-specifications[0m @ file:///tmp/tmptzik3dqa/src
2026-09-15T03:51:36.476Z [1mkeyring[0m==25.7.0
2026-09-15T03:51:36.476Z [1mkiwisolver[0m==1.5.1
2026-09-15T03:51:36.476Z [1mlibarchive-c[0m @ file:///home/conda/feedstock_root/build_artifacts/bld/rattler-build_python-libarchive-c_1754663558/work
2026-09-15T03:51:36.476Z [1mlibmambapy[0m @ file:///home/conda/feedstock_root/build_artifacts/bld/rattler-build_libmambapy_1760729597/work/libmambapy
2026-09-15T03:51:36.476Z [1mlief[0m @ file:///home/conda/feedstock_root/build_artifacts/lief_1760811648956/work/api/python
2026-09-15T03:51:36.476Z [1mliger-kernel[0m==0.6.4
2026-09-15T03:51:36.476Z [1mlightning-utilities[0m==0.15.2
2026-09-15T03:51:36.476Z [1mlinkify-it-py[0m==2.0.3
2026-09-15T03:51:36.476Z [1mmarkdown-it-py[0m==3.0.0
2026-09-15T03:51:36.476Z [1mmarkupsafe[0m @ file:///home/conda/feedstock_root/build_artifacts/markupsafe_1759055168201/work
2026-09-15T03:51:36.476Z [1mmatplotlib[0m==3.11.2
2026-09-15T03:51:36.476Z [1mmatplotlib-inline[0m @ file:///home/conda/feedstock_root/build_artifacts/matplotlib-inline_1761214490209/work
2026-09-15T03:51:36.476Z [1mmdit-py-plugins[0m==0.5.0
2026-09-15T03:51:36.476Z [1mmdurl[0m==0.1.2
2026-09-15T03:51:36.476Z [1mmemray[0m==1.19.1
2026-09-15T03:51:36.476Z [1mmenuinst[0m @ file:///home/conda/feedstock_root/build_artifacts/menuinst_1761299738838/work
2026-09-15T03:51:36.476Z [1mml-dtypes[0m==0.5.4
2026-09-15T03:51:36.476Z [1mmore-itertools[0m==10.8.0
2026-09-15T03:51:36.476Z [1mmpmath[0m==1.3.0
2026-09-15T03:51:36.476Z [1mmsgpack[0m @ file:///home/conda/feedstock_root/build_artifacts/msgpack-python_1762503974934/work
2026-09-15T03:51:36.476Z [1mmultidict[0m==6.7.0
2026-09-15T03:51:36.476Z [1mmultiprocess[0m==0.70.16
2026-09-15T03:51:36.476Z [1mmypy[0m==1.3.0
2026-09-15T03:51:36.476Z [1mmypy-extensions[0m==1.1.0
2026-09-15T03:51:36.476Z [1mmyst-parser[0m==2.0.0
2026-09-15T03:51:36.476Z [1mnetworkx[0m==3.5
2026-09-15T03:51:36.476Z [1mnh3[0m==0.3.2
2026-09-15T03:51:36.476Z [1mninja[0m==1.13.0
2026-09-15T03:51:36.476Z [1mnumpy[0m @ file:///home/conda/feedstock_root/build_artifacts/bld/rattler-build_numpy_1763351074/work/dist/numpy-2.3.5-cp312-cp312-linux_x86_64.whl#sha256=585a706a3c889590365479b2cdbe308c23addd9fae26c7937f4b74887269b6e3
2026-09-15T03:51:36.476Z [1mnvidia-cublas-cu12[0m==12.8.4.1
2026-09-15T03:51:36.476Z [1mnvidia-cuda-cupti-cu12[0m==12.8.90
2026-09-15T03:51:36.476Z [1mnvidia-cuda-nvdisasm[0m==13.4.49
2026-09-15T03:51:36.476Z [1mnvidia-cuda-nvrtc-cu12[0m==12.8.93
2026-09-15T03:51:36.476Z [1mnvidia-cuda-runtime-cu12[0m==12.8.90
2026-09-15T03:51:36.476Z [1mnvidia-cudnn-cu12[0m==9.10.2.21
2026-09-15T03:51:36.476Z [1mnvidia-cufft-cu12[0m==11.3.3.83
2026-09-15T03:51:36.476Z [1mnvidia-cufile-cu12[0m==1.13.1.3
2026-09-15T03:51:36.476Z [1mnvidia-curand-cu12[0m==10.3.9.90
2026-09-15T03:51:36.476Z [1mnvidia-cusolver-cu12[0m==11.7.3.90
2026-09-15T03:51:36.476Z [1mnvidia-cusparse-cu12[0m==12.5.8.93
2026-09-15T03:51:36.476Z [1mnvidia-cusparselt-cu12[0m==0.7.1
2026-09-15T03:51:36.476Z [1mnvidia-cutlass-dsl[0m==4.7.1
2026-09-15T03:51:36.476Z [1mnvidia-cutlass-dsl-libs-base[0m==4.7.1
2026-09-15T03:51:36.476Z [1mnvidia-cutlass-dsl-libs-core[0m==4.7.1
2026-09-15T03:51:36.476Z [1mnvidia-cutlass-dsl-libs-cu12[0m==4.7.1
2026-09-15T03:51:36.476Z [1mnvidia-nccl-cu12[0m==2.27.5
2026-09-15T03:51:36.476Z [1mnvidia-nvjitlink-cu12[0m==12.8.93
2026-09-15T03:51:36.476Z [1mnvidia-nvshmem-cu12[0m==3.3.20
2026-09-15T03:51:36.476Z [1mnvidia-nvtx-cu12[0m==12.8.90
2026-09-15T03:51:36.476Z [1momegaconf[0m==2.3.0
2026-09-15T03:51:36.476Z [1monnx[0m==1.19.1
2026-09-15T03:51:36.476Z [1monnx-ir[0m==0.1.12
2026-09-15T03:51:36.476Z [1monnxscript[0m==0.5.6
2026-09-15T03:51:36.476Z [1mpackaging[0m @ file:///home/conda/feedstock_root/build_artifacts/bld/rattler-build_packaging_1745345660/work
2026-09-15T03:51:36.476Z [1mpandas[0m==2.3.3
2026-09-15T03:51:36.476Z [1mparso[0m @ file:///home/conda/feedstock_root/build_artifacts/bld/rattler-build_parso_1755974222/work
2026-09-15T03:51:36.476Z [1mpathspec[0m==0.12.1
2026-09-15T03:51:36.476Z [1mpetname[0m==2.9
2026-09-15T03:51:36.476Z [1mpexpect[0m @ file:///home/conda/feedstock_root/build_artifacts/pexpect_1733301927746/work
2026-09-15T03:51:36.476Z [1mpillow[0m==11.3.0
2026-09-15T03:51:36.476Z [1mpip[0m==25.3
2026-09-15T03:51:36.476Z [1mpkginfo[0m @ file:///home/conda/feedstock_root/build_artifacts/pkginfo_1739984581450/work
2026-09-15T03:51:36.476Z [1mplatformdirs[0m @ file:///home/conda/feedstock_root/build_artifacts/bld/rattler-build_platformdirs_1759953252/work
2026-09-15T03:51:36.476Z [1mpluggy[0m @ file:///home/conda/feedstock_root/build_artifacts/pluggy_1747339660894/work
2026-09-15T03:51:36.476Z [1mprompt-toolkit[0m @ file:///home/conda/feedstock_root/build_artifacts/prompt-toolkit_1756321756983/work
2026-09-15T03:51:36.476Z [1mpropcache[0m==0.4.1
2026-09-15T03:51:36.476Z [1mproto-plus[0m==1.26.1
2026-09-15T03:51:36.476Z [1mprotobuf[0m==6.33.1
2026-09-15T03:51:36.476Z [1mpsutil[0m @ file:///home/conda/feedstock_root/build_artifacts/bld/rattler-build_psutil_1762092914/work
2026-09-15T03:51:36.476Z [1mptyprocess[0m @ file:///home/conda/feedstock_root/build_artifacts/ptyprocess_1733302279685/work/dist/ptyprocess-0.7.0-py2.py3-none-any.whl#sha256=92c32ff62b5fd8cf325bec5ab90d7be3d2a8ca8c8a3813ff487a8d2002630d1f
2026-09-15T03:51:36.476Z [1mpure-eval[0m @ file:///home/conda/feedstock_root/build_artifacts/pure_eval_1733569405015/work
2026-09-15T03:51:36.476Z [1mpyarrow[0m==19.0.1
2026-09-15T03:51:36.476Z [1mpyasn1[0m==0.6.1
2026-09-15T03:51:36.476Z [1mpyasn1-modules[0m==0.4.2
2026-09-15T03:51:36.476Z [1mpycosat[0m @ file:///home/conda/feedstock_root/build_artifacts/pycosat_1757744639790/work
2026-09-15T03:51:36.476Z [1mpycparser[0m @ file:///home/conda/feedstock_root/build_artifacts/bld/rattler-build_pycparser_1733195786/work
2026-09-15T03:51:36.476Z [1mpydantic[0m==2.12.4
2026-09-15T03:51:36.476Z [1mpydantic-core[0m==2.41.5
2026-09-15T03:51:36.476Z [1mpygments[0m @ file:///home/conda/feedstock_root/build_artifacts/pygments_1750615794071/work
2026-09-15T03:51:36.476Z [1mpyparsing[0m==3.3.2
2026-09-15T03:51:36.476Z [1mpyproject-hooks[0m==1.2.0
2026-09-15T03:51:36.476Z [1mpysocks[0m @ file:///home/conda/feedstock_root/build_artifacts/pysocks_1733217236728/work
2026-09-15T03:51:36.476Z [1mpytest[0m==9.0.1
2026-09-15T03:51:36.476Z [1mpytest-memray[0m==1.8.0
2026-09-15T03:51:36.476Z [1mpytest-sphinx[0m==0.6.3
2026-09-15T03:51:36.476Z [1mpytest-xdist[0m==3.8.0
2026-09-15T03:51:36.476Z [1mpython-box[0m==6.1.0
2026-09-15T03:51:36.476Z [1mpython-dateutil[0m==2.9.0.post0
2026-09-15T03:51:36.476Z [1mpytz[0m @ file:///home/conda/feedstock_root/build_artifacts/pytz_1742920838005/work
2026-09-15T03:51:36.476Z [1mpyyaml[0m @ file:///home/conda/feedstock_root/build_artifacts/pyyaml_1758891829620/work
2026-09-15T03:51:36.476Z [1mquack-kernels[0m==0.6.5
2026-09-15T03:51:36.476Z [1mreadme-renderer[0m==43.0
2026-09-15T03:51:36.476Z [1mreferencing[0m @ file:///home/conda/feedstock_root/build_artifacts/bld/rattler-build_referencing_1760379115/work
2026-09-15T03:51:36.476Z [1mregex[0m==2025.11.3
2026-09-15T03:51:36.476Z [1mrequests[0m @ file:///home/conda/feedstock_root/build_artifacts/requests_1755614211359/work
2026-09-15T03:51:36.476Z [1mrequests-toolbelt[0m==1.0.0
2026-09-15T03:51:36.476Z [1mrfc3986[0m==2.0.0
2026-09-15T03:51:36.476Z [1mrich[0m==13.9.4
2026-09-15T03:51:36.476Z [1mring-flash-attn[0m==0.1.8
2026-09-15T03:51:36.476Z [1mrpds-py[0m @ file:///home/conda/feedstock_root/build_artifacts/bld/rattler-build_rpds-py_1763327046/work
2026-09-15T03:51:36.476Z [1mrsa[0m==4.9.1
2026-09-15T03:51:36.476Z [1mruamel-yaml[0m @ file:///home/conda/feedstock_root/build_artifacts/ruamel.yaml_1761160588389/work
2026-09-15T03:51:36.476Z [1mruamel-yaml-clib[0m @ file:///home/conda/feedstock_root/build_artifacts/ruamel.yaml.clib_1760564169582/work
2026-09-15T03:51:36.476Z [1mruff[0m==0.14.6
2026-09-15T03:51:36.476Z [1ms3transfer[0m==0.15.0
2026-09-15T03:51:36.476Z [1msafetensors[0m==0.7.0
2026-09-15T03:51:36.476Z [1msecretstorage[0m==3.5.0
2026-09-15T03:51:36.476Z [1msemantic-version[0m==2.10.0
2026-09-15T03:51:36.476Z [1msentry-sdk[0m==2.46.0
2026-09-15T03:51:36.476Z [1msetuptools[0m==69.5.1
2026-09-15T03:51:36.476Z [1msimplejson[0m==3.20.2
2026-09-15T03:51:36.476Z [1msix[0m==1.17.0
2026-09-15T03:51:36.476Z [1msmmap[0m==5.0.2
2026-09-15T03:51:36.476Z [1msniffio[0m==1.3.1
2026-09-15T03:51:36.476Z [1msnowballstemmer[0m==3.0.1
2026-09-15T03:51:36.476Z [1msoupsieve[0m @ file:///home/conda/feedstock_root/build_artifacts/soupsieve_1756330469801/work
2026-09-15T03:51:36.476Z [1msphinx[0m==7.4.7
2026-09-15T03:51:36.476Z [1msphinx-autobuild[0m==2025.8.25
2026-09-15T03:51:36.476Z [1msphinx-autodoc-typehints[0m==1.23.3
2026-09-15T03:51:36.476Z [1msphinx-basic-ng[0m==1.0.0b2
2026-09-15T03:51:36.476Z [1msphinx-copybutton[0m==0.5.2
2026-09-15T03:51:36.476Z [1msphinx-inline-tabs[0m==2023.4.21
2026-09-15T03:51:36.476Z [1msphinxcontrib-applehelp[0m==2.0.0
2026-09-15T03:51:36.476Z [1msphinxcontrib-devhelp[0m==2.0.0
2026-09-15T03:51:36.476Z [1msphinxcontrib-htmlhelp[0m==2.1.0
2026-09-15T03:51:36.476Z [1msphinxcontrib-jsmath[0m==1.0.1
2026-09-15T03:51:36.476Z [1msphinxcontrib-qthelp[0m==2.0.0
2026-09-15T03:51:36.476Z [1msphinxcontrib-serializinghtml[0m==2.0.0
2026-09-15T03:51:36.477Z [1mstack-data[0m @ file:///home/conda/feedstock_root/build_artifacts/stack_data_1733569443808/work
2026-09-15T03:51:36.477Z [1mstarlette[0m==0.50.0
2026-09-15T03:51:36.477Z [1msympy[0m==1.14.0
2026-09-15T03:51:36.477Z [1mtextual[0m==6.2.1
2026-09-15T03:51:36.477Z [1mtokenizers[0m==0.22.1
2026-09-15T03:51:36.477Z [1mtomli[0m==2.4.1
2026-09-15T03:51:36.477Z [1mtorch[0m==2.9.1+cu128
2026-09-15T03:51:36.477Z [1mtorch-c-dlpack-ext[0m==0.1.5
2026-09-15T03:51:36.477Z [1mtorchao[0m==0.15.0
2026-09-15T03:51:36.477Z [1mtorchaudio[0m==2.9.1+cu128
2026-09-15T03:51:36.477Z [1mtorchmetrics[0m==1.8.2
2026-09-15T03:51:36.477Z [1mtorchvision[0m==0.24.1+cu128
2026-09-15T03:51:36.477Z [1mtqdm[0m @ file:///home/conda/feedstock_root/build_artifacts/tqdm_1735661334605/work
2026-09-15T03:51:36.477Z [1mtraitlets[0m @ file:///home/conda/feedstock_root/build_artifacts/traitlets_1733367359838/work
2026-09-15T03:51:36.477Z [1mtransformer-engine[0m==2.9.0
2026-09-15T03:51:36.477Z [1mtransformer-engine-cu12[0m==2.9.0
2026-09-15T03:51:36.477Z [1mtransformer-engine-torch[0m==2.9.0
2026-09-15T03:51:36.477Z [1mtransformers[0m==4.57.3
2026-09-15T03:51:36.477Z [1mtriton[0m==3.5.1
2026-09-15T03:51:36.477Z [1mtruststore[0m @ file:///home/conda/feedstock_root/build_artifacts/bld/rattler-build_truststore_1753886790/work
2026-09-15T03:51:36.477Z [1mtwine[0m==6.2.0
2026-09-15T03:51:36.477Z [1mtyping-extensions[0m @ file:///home/conda/feedstock_root/build_artifacts/bld/rattler-build_typing_extensions_1756220668/work
2026-09-15T03:51:36.477Z [1mtyping-inspection[0m==0.4.2
2026-09-15T03:51:36.477Z [1mtzdata[0m==2025.2
2026-09-15T03:51:36.477Z [1muc-micro-py[0m==1.0.3
2026-09-15T03:51:36.477Z [1murllib3[0m @ file:///home/conda/feedstock_root/build_artifacts/urllib3_1750271362675/work
2026-09-15T03:51:36.477Z [1muvicorn[0m==0.38.0
2026-09-15T03:51:36.477Z [1mwandb[0m==0.23.0
2026-09-15T03:51:36.477Z [1mwatchfiles[0m==1.1.1
2026-09-15T03:51:36.477Z [1mwcwidth[0m @ file:///home/conda/feedstock_root/build_artifacts/wcwidth_1758622279606/work
2026-09-15T03:51:36.477Z [1mwebsockets[0m==15.0.1
2026-09-15T03:51:36.477Z [1mwheel[0m==0.45.1
2026-09-15T03:51:36.477Z [1mwrapt[0m==2.0.1
2026-09-15T03:51:36.477Z [1mwurlitzer[0m==3.1.1
2026-09-15T03:51:36.477Z [1mxxhash[0m==3.6.0
2026-09-15T03:51:36.477Z [1myarl[0m==1.22.0
2026-09-15T03:51:36.477Z [1mzipp[0m==3.23.0
2026-09-15T03:51:36.477Z [1mzstandard[0m==0.25.0
2026-09-15T03:51:36.477Z [36m[1m
2026-09-15T03:51:36.477Z #####################################
2026-09-15T03:51:36.477Z ### [GANTRY] NVIDIA system status ###  
2026-09-15T03:51:36.477Z #####################################
2026-09-15T03:51:36.477Z [0m
2026-09-15T03:51:36.542Z Tue Sep 15 03:51:36 2026       
2026-09-15T03:51:36.542Z +-----------------------------------------------------------------------------------------+
2026-09-15T03:51:36.542Z | NVIDIA-SMI 570.124.06             Driver Version: 570.124.06     CUDA Version: 12.8     |
2026-09-15T03:51:36.542Z |-----------------------------------------+------------------------+----------------------+
2026-09-15T03:51:36.542Z | GPU  Name                 Persistence-M | Bus-Id          Disp.A | Volatile Uncorr. ECC |
2026-09-15T03:51:36.542Z | Fan  Temp   Perf          Pwr:Usage/Cap |           Memory-Usage | GPU-Util  Compute M. |
2026-09-15T03:51:36.542Z |                                         |                        |               MIG M. |
2026-09-15T03:51:36.542Z |=========================================+========================+======================|
2026-09-15T03:51:36.583Z |   0  NVIDIA A100-SXM4-80GB          On  |   00000000:C0:00.0 Off |                    0 |
2026-09-15T03:51:36.586Z | N/A   31C    P0             61W /  400W |       1MiB /  81920MiB |      0%      Default |
2026-09-15T03:51:36.586Z |                                         |                        |             Disabled |
2026-09-15T03:51:36.586Z +-----------------------------------------+------------------------+----------------------+
2026-09-15T03:51:36.591Z |   1  NVIDIA A100-SXM4-80GB          On  |   00000000:C3:00.0 Off |                    0 |
2026-09-15T03:51:36.591Z | N/A   34C    P0             63W /  400W |       1MiB /  81920MiB |      0%      Default |
2026-09-15T03:51:36.591Z |                                         |                        |             Disabled |
2026-09-15T03:51:36.591Z +-----------------------------------------+------------------------+----------------------+
2026-09-15T03:51:36.591Z                                                                                          
2026-09-15T03:51:36.591Z +-----------------------------------------------------------------------------------------+
2026-09-15T03:51:36.591Z | Processes:                                                                              |
2026-09-15T03:51:36.591Z |  GPU   GI   CI              PID   Type   Process name                        GPU Memory |
2026-09-15T03:51:36.591Z |        ID   ID                                                               Usage      |
2026-09-15T03:51:36.591Z |=========================================================================================|
2026-09-15T03:51:36.592Z |  No running processes found                                                             |
2026-09-15T03:51:36.592Z +-----------------------------------------------------------------------------------------+
2026-09-15T03:51:37.397Z [36m[1m
2026-09-15T03:51:37.397Z ###############################
2026-09-15T03:51:37.397Z ### [GANTRY] Setup complete ###  (finished in 11 seconds)
2026-09-15T03:51:37.397Z ###############################
2026-09-15T03:51:37.397Z [0m
2026-09-15T03:51:46.517Z /opt/conda/lib/python3.12/site-packages/torchao/quantization/quant_api.py:2525: SyntaxWarning: invalid escape sequence '\.'
2026-09-15T03:51:46.517Z   * regex for parameter names, must start with `re:`, e.g. `re:language\.layers\..+\.q_proj.weight`.
2026-09-15T03:51:46.519Z /opt/conda/lib/python3.12/site-packages/torchao/quantization/quant_api.py:2525: SyntaxWarning: invalid escape sequence '\.'
2026-09-15T03:51:46.519Z   * regex for parameter names, must start with `re:`, e.g. `re:language\.layers\..+\.q_proj.weight`.
2026-09-15T03:51:46.922Z Supported flash-attn versions are >= 2.1.1, <= 2.8.1. Found flash-attn 2.8.2.
2026-09-15T03:51:46.925Z Supported flash-attn versions are >= 2.1.1, <= 2.8.1. Found flash-attn 2.8.2.
2026-09-15T03:51:46.925Z Supported flash-attn versions are >= 2.1.1, <= 2.8.1. Found flash-attn 2.8.2.
2026-09-15T03:51:46.928Z Supported flash-attn versions are >= 2.1.1, <= 2.8.1. Found flash-attn 2.8.2.
2026-09-15T03:51:48.164Z Setting env var 'TORCH_NCCL_AVOID_RECORD_STREAMS' to '1'
2026-09-15T03:51:48.164Z Setting env var 'TORCH_DIST_INIT_BARRIER' to '1'
2026-09-15T03:51:48.164Z Running in beaker on node 'saturn-cs-aus-252.reviz.ai2.in'
2026-09-15T03:51:48.164Z Setting env var 'TORCH_NCCL_AVOID_RECORD_STREAMS' to '1'
2026-09-15T03:51:48.164Z Setting env var 'TORCH_DIST_INIT_BARRIER' to '1'
2026-09-15T03:51:48.164Z Running in beaker on node 'saturn-cs-aus-252.reviz.ai2.in'
2026-09-15T03:51:48.484Z Initializing process group with timeout=datetime.timedelta(seconds=900)...
2026-09-15T03:51:48.484Z Initializing process group with timeout=datetime.timedelta(seconds=900)...
2026-09-15T03:51:48.530Z [Gloo] Rank 1 is connected to 1 peer ranks. Expected number of connected peer ranks is : 1
2026-09-15T03:51:48.530Z [Gloo] Rank 0 is connected to 1 peer ranks. Expected number of connected peer ranks is : 1
2026-09-15T03:51:48.530Z [W915 03:51:48.563486478 ProcessGroupNCCL.cpp:924] Warning: TORCH_NCCL_AVOID_RECORD_STREAMS is the default now, this environment variable is thus deprecated. (function operator())
2026-09-15T03:51:48.530Z [W915 03:51:48.563570308 ProcessGroupNCCL.cpp:924] Warning: TORCH_NCCL_AVOID_RECORD_STREAMS is the default now, this environment variable is thus deprecated. (function operator())
2026-09-15T03:51:48.531Z Global rank 0 = local rank 0 = file system local rank 0
2026-09-15T03:51:48.531Z Global rank 1 = local rank 1 = file system local rank 1
2026-09-15T03:51:48.533Z [2;36m[2026-09-15 03:51:48][0m [34mINFO    [0m [2m[olmo_core.utils:237, 4bd9901017c5, rank=0][0m Env var 'OMP_NUM_THREADS' already set to '8'
2026-09-15T03:51:48.533Z [2;36m[2026-09-15 03:51:48][0m [34mINFO    [0m [2m[olmo_core.utils:237, 4bd9901017c5, rank=0][0m Setting env var 'TOKENIZERS_PARALLELISM' to 'false'
2026-09-15T03:51:48.533Z [2;36m[2026-09-15 03:51:48][0m [34mINFO    [0m [2m[olmo_core.train:148, 4bd9901017c5, rank=0][0m Using distributed backend cpu:gloo,cuda:nccl
2026-09-15T03:51:48.535Z [ctc-suite] task=outlier variant=full scale=4b n_examples=3906 epochs=1 seq_len=4096 global_batch=32 world_size=2 curriculum=None
2026-09-15T03:51:48.535Z [ctc-suite] wandb group: https://wandb.ai/prasanns-allen-institute-for-ai/memory-networks/groups/f2k-q35-4b
2026-09-15T03:51:48.535Z [ctc-suite] task=outlier variant=full scale=4b n_examples=3906 epochs=1 seq_len=4096 global_batch=32 world_size=2 curriculum=None
2026-09-15T03:51:48.535Z [ctc-suite] wandb group: https://wandb.ai/prasanns-allen-institute-for-ai/memory-networks/groups/f2k-q35-4b
2026-09-15T03:51:48.543Z [2;36m[2026-09-15 03:51:48][0m [34mINFO    [0m [2m[olmo_core.nn.transformer.config:373, 4bd9901017c5, rank=0][0m Building transformer with 4,841,450,496 total params, 4,205,751,296 non-embedding params
2026-09-15T03:51:49.343Z [2;36m[2026-09-15 03:51:49][0m [34mINFO    [0m [2m[olmo_core.nn.attention:1150, 4bd9901017c5, rank=0][0m Using attention backend 'flash_2'
2026-09-15T03:51:49.350Z [2;36m[2026-09-15 03:51:49][0m [34mINFO    [0m [2m[olmo_core.nn.attention:1150, 4bd9901017c5, rank=0][0m Using attention backend 'flash_2'
2026-09-15T03:51:49.356Z [2;36m[2026-09-15 03:51:49][0m [34mINFO    [0m [2m[olmo_core.nn.attention:1150, 4bd9901017c5, rank=0][0m Using attention backend 'flash_2'
2026-09-15T03:51:49.362Z [2;36m[2026-09-15 03:51:49][0m [34mINFO    [0m [2m[olmo_core.nn.attention:1150, 4bd9901017c5, rank=0][0m Using attention backend 'flash_2'
2026-09-15T03:51:49.368Z [2;36m[2026-09-15 03:51:49][0m [34mINFO    [0m [2m[olmo_core.nn.attention:1150, 4bd9901017c5, rank=0][0m Using attention backend 'flash_2'
2026-09-15T03:51:49.374Z [2;36m[2026-09-15 03:51:49][0m [34mINFO    [0m [2m[olmo_core.nn.attention:1150, 4bd9901017c5, rank=0][0m Using attention backend 'flash_2'
2026-09-15T03:51:49.380Z [2;36m[2026-09-15 03:51:49][0m [34mINFO    [0m [2m[olmo_core.nn.attention:1150, 4bd9901017c5, rank=0][0m Using attention backend 'flash_2'
2026-09-15T03:51:49.386Z [2;36m[2026-09-15 03:51:49][0m [34mINFO    [0m [2m[olmo_core.nn.attention:1150, 4bd9901017c5, rank=0][0m Using attention backend 'flash_2'
2026-09-15T03:51:49.396Z [2;36m[2026-09-15 03:51:49][0m [34mINFO    [0m [2m[olmo_core.nn.transformer.config:446, 4bd9901017c5, rank=0][0m Transformer(
2026-09-15T03:51:49.396Z   (embeddings): Embedding(248320, 2560)
2026-09-15T03:51:49.396Z   (blocks): ModuleDict(
2026-09-15T03:51:49.396Z     (0): TransformerBlock(
2026-09-15T03:51:49.396Z       (attention): GatedDeltaNet(
2026-09-15T03:51:49.396Z         (w_q): Linear(in_features=2560, out_features=2048, bias=False)
2026-09-15T03:51:49.396Z         (w_k): Linear(in_features=2560, out_features=2048, bias=False)
2026-09-15T03:51:49.396Z         (w_v): Linear(in_features=2560, out_features=4096, bias=False)
2026-09-15T03:51:49.396Z         (w_a): Linear(in_features=2560, out_features=32, bias=False)
2026-09-15T03:51:49.396Z         (w_b): Linear(in_features=2560, out_features=32, bias=False)
2026-09-15T03:51:49.396Z         (q_conv1d): CausalConv1d(2048, 2048, kernel_size=(4,), stride=(1,), padding=(3,), groups=2048, bias=False)
2026-09-15T03:51:49.396Z         (k_conv1d): CausalConv1d(2048, 2048, kernel_size=(4,), stride=(1,), padding=(3,), groups=2048, bias=False)
2026-09-15T03:51:49.396Z         (v_conv1d): CausalConv1d(4096, 4096, kernel_size=(4,), stride=(1,), padding=(3,), groups=4096, bias=False)
2026-09-15T03:51:49.396Z         (w_g): Linear(in_features=2560, out_features=4096, bias=False)
2026-09-15T03:51:49.396Z         (o_norm): FusedRMSNormGated(128, eps=1e-06, activation=swish)
2026-09-15T03:51:49.396Z         (w_out): Linear(in_features=4096, out_features=2560, bias=False)
2026-09-15T03:51:49.396Z       )
2026-09-15T03:51:49.396Z       (attention_norm): QwenRMSNorm((2560,), eps=1e-06)
2026-09-15T03:51:49.396Z       (attention_residual_stream): ResidualStream(
2026-09-15T03:51:49.396Z         (dropout): Identity()
2026-09-15T03:51:49.396Z       )
2026-09-15T03:51:49.396Z       (feed_forward): FeedForward(
2026-09-15T03:51:49.396Z         (w1): Linear(in_features=2560, out_features=9216, bias=False)
2026-09-15T03:51:49.396Z         (w2): Linear(in_features=9216, out_features=2560, bias=False)
2026-09-15T03:51:49.396Z         (w3): Linear(in_features=2560, out_features=9216, bias=False)
2026-09-15T03:51:49.396Z       )
2026-09-15T03:51:49.396Z       (feed_forward_norm): QwenRMSNorm((2560,), eps=1e-06)
2026-09-15T03:51:49.396Z       (feed_forward_residual_stream): ResidualStream(
2026-09-15T03:51:49.397Z         (dropout): Identity()
2026-09-15T03:51:49.397Z       )
2026-09-15T03:51:49.397Z     )
2026-09-15T03:51:49.397Z     (1): TransformerBlock(
2026-09-15T03:51:49.397Z       (attention): GatedDeltaNet(
2026-09-15T03:51:49.397Z         (w_q): Linear(in_features=2560, out_features=2048, bias=False)
2026-09-15T03:51:49.397Z         (w_k): Linear(in_features=2560, out_features=2048, bias=False)
2026-09-15T03:51:49.397Z         (w_v): Linear(in_features=2560, out_features=4096, bias=False)
2026-09-15T03:51:49.397Z         (w_a): Linear(in_features=2560, out_features=32, bias=False)
2026-09-15T03:51:49.397Z         (w_b): Linear(in_features=2560, out_features=32, bias=False)
2026-09-15T03:51:49.397Z         (q_conv1d): CausalConv1d(2048, 2048, kernel_size=(4,), stride=(1,), padding=(3,), groups=2048, bias=False)
2026-09-15T03:51:49.397Z         (k_conv1d): CausalConv1d(2048, 2048, kernel_size=(4,), stride=(1,), padding=(3,), groups=2048, bias=False)
2026-09-15T03:51:49.397Z         (v_conv1d): CausalConv1d(4096, 4096, kernel_size=(4,), stride=(1,), padding=(3,), groups=4096, bias=False)
2026-09-15T03:51:49.397Z         (w_g): Linear(in_features=2560, out_features=4096, bias=False)
2026-09-15T03:51:49.397Z         (o_norm): FusedRMSNormGated(128, eps=1e-06, activation=swish)
2026-09-15T03:51:49.397Z         (w_out): Linear(in_features=4096, out_features=2560, bias=False)
2026-09-15T03:51:49.397Z       )
2026-09-15T03:51:49.397Z       (attention_norm): QwenRMSNorm((2560,), eps=1e-06)
2026-09-15T03:51:49.397Z       (attention_residual_stream): ResidualStream(
2026-09-15T03:51:49.397Z         (dropout): Identity()
2026-09-15T03:51:49.397Z       )
2026-09-15T03:51:49.397Z       (feed_forward): FeedForward(
2026-09-15T03:51:49.397Z         (w1): Linear(in_features=2560, out_features=9216, bias=False)
2026-09-15T03:51:49.397Z         (w2): Linear(in_features=9216, out_features=2560, bias=False)
2026-09-15T03:51:49.397Z         (w3): Linear(in_features=2560, out_features=9216, bias=False)
2026-09-15T03:51:49.397Z       )
2026-09-15T03:51:49.397Z       (feed_forward_norm): QwenRMSNorm((2560,), eps=1e-06)
2026-09-15T03:51:49.397Z       (feed_forward_residual_stream): ResidualStream(
2026-09-15T03:51:49.397Z         (dropout): Identity()
2026-09-15T03:51:49.397Z       )
2026-09-15T03:51:49.397Z     )
2026-09-15T03:51:49.397Z     (2): TransformerBlock(
2026-09-15T03:51:49.397Z       (attention): GatedDeltaNet(
2026-09-15T03:51:49.397Z         (w_q): Linear(in_features=2560, out_features=2048, bias=False)
2026-09-15T03:51:49.397Z         (w_k): Linear(in_features=2560, out_features=2048, bias=False)
2026-09-15T03:51:49.397Z         (w_v): Linear(in_features=2560, out_features=4096, bias=False)
2026-09-15T03:51:49.397Z         (w_a): Linear(in_features=2560, out_features=32, bias=False)
2026-09-15T03:51:49.397Z         (w_b): Linear(in_features=2560, out_features=32, bias=False)
2026-09-15T03:51:49.397Z         (q_conv1d): CausalConv1d(2048, 2048, kernel_size=(4,), stride=(1,), padding=(3,), groups=2048, bias=False)
2026-09-15T03:51:49.397Z         (k_conv1d): CausalConv1d(2048, 2048, kernel_size=(4,), stride=(1,), padding=(3,), groups=2048, bias=False)
2026-09-15T03:51:49.397Z         (v_conv1d): CausalConv1d(4096, 4096, kernel_size=(4,), stride=(1,), padding=(3,), groups=4096, bias=False)
2026-09-15T03:51:49.397Z         (w_g): Linear(in_features=2560, out_features=4096, bias=False)
2026-09-15T03:51:49.397Z         (o_norm): FusedRMSNormGated(128, eps=1e-06, activation=swish)
2026-09-15T03:51:49.397Z         (w_out): Linear(in_features=4096, out_features=2560, bias=False)
2026-09-15T03:51:49.397Z       )
2026-09-15T03:51:49.397Z       (attention_norm): QwenRMSNorm((2560,), eps=1e-06)
2026-09-15T03:51:49.397Z       (attention_residual_stream): ResidualStream(
2026-09-15T03:51:49.397Z         (dropout): Identity()
2026-09-15T03:51:49.397Z       )
2026-09-15T03:51:49.397Z       (feed_forward): FeedForward(
2026-09-15T03:51:49.397Z         (w1): Linear(in_features=2560, out_features=9216, bias=False)
2026-09-15T03:51:49.397Z         (w2): Linear(in_features=9216, out_features=2560, bias=False)
2026-09-15T03:51:49.397Z         (w3): Linear(in_features=2560, out_features=9216, bias=False)
2026-09-15T03:51:49.397Z       )
2026-09-15T03:51:49.397Z       (feed_forward_norm): QwenRMSNorm((2560,), eps=1e-06)
2026-09-15T03:51:49.397Z       (feed_forward_residual_stream): ResidualStream(
2026-09-15T03:51:49.397Z         (dropout): Identity()
2026-09-15T03:51:49.397Z       )
2026-09-15T03:51:49.397Z     )
2026-09-15T03:51:49.397Z     (3): TransformerBlock(
2026-09-15T03:51:49.397Z       (attention): Attention(
2026-09-15T03:51:49.397Z         (w_q): Linear(in_features=2560, out_features=4096, bias=False)
2026-09-15T03:51:49.397Z         (w_k): Linear(in_features=2560, out_features=1024, bias=False)
2026-09-15T03:51:49.397Z         (w_v): Linear(in_features=2560, out_features=1024, bias=False)
2026-09-15T03:51:49.397Z         (w_out): Linear(in_features=4096, out_features=2560, bias=False)
2026-09-15T03:51:49.397Z         (w_g): Linear(in_features=2560, out_features=4096, bias=False)
2026-09-15T03:51:49.397Z         (q_norm): QwenRMSNorm((256,), eps=1e-06)
2026-09-15T03:51:49.397Z         (k_norm): QwenRMSNorm((256,), eps=1e-06)
2026-09-15T03:51:49.397Z         (rope): RotaryEmbedding()
2026-09-15T03:51:49.397Z         (backend): FlashAttention2Backend()
2026-09-15T03:51:49.397Z       )
2026-09-15T03:51:49.397Z       (attention_norm): QwenRMSNorm((2560,), eps=1e-06)
2026-09-15T03:51:49.397Z       (attention_residual_stream): ResidualStream(
2026-09-15T03:51:49.397Z         (dropout): Identity()
2026-09-15T03:51:49.397Z       )
2026-09-15T03:51:49.397Z       (feed_forward): FeedForward(
2026-09-15T03:51:49.397Z         (w1): Linear(in_features=2560, out_features=9216, bias=False)
2026-09-15T03:51:49.397Z         (w2): Linear(in_features=9216, out_features=2560, bias=False)
2026-09-15T03:51:49.397Z         (w3): Linear(in_features=2560, out_features=9216, bias=False)
2026-09-15T03:51:49.397Z       )
2026-09-15T03:51:49.397Z       (feed_forward_norm): QwenRMSNorm((2560,), eps=1e-06)
2026-09-15T03:51:49.397Z       (feed_forward_residual_stream): ResidualStream(
2026-09-15T03:51:49.397Z         (dropout): Identity()
2026-09-15T03:51:49.397Z       )
2026-09-15T03:51:49.397Z     )
2026-09-15T03:51:49.397Z     (4): TransformerBlock(
2026-09-15T03:51:49.397Z       (attention): GatedDeltaNet(
2026-09-15T03:51:49.397Z         (w_q): Linear(in_features=2560, out_features=2048, bias=False)
2026-09-15T03:51:49.397Z         (w_k): Linear(in_features=2560, out_features=2048, bias=False)
2026-09-15T03:51:49.397Z         (w_v): Linear(in_features=2560, out_features=4096, bias=False)
2026-09-15T03:51:49.397Z         (w_a): Linear(in_features=2560, out_features=32, bias=False)
2026-09-15T03:51:49.397Z         (w_b): Linear(in_features=2560, out_features=32, bias=False)
2026-09-15T03:51:49.397Z         (q_conv1d): CausalConv1d(2048, 2048, kernel_size=(4,), stride=(1,), padding=(3,), groups=2048, bias=False)
2026-09-15T03:51:49.397Z         (k_conv1d): CausalConv1d(2048, 2048, kernel_size=(4,), stride=(1,), padding=(3,), groups=2048, bias=False)
2026-09-15T03:51:49.397Z         (v_conv1d): CausalConv1d(4096, 4096, kernel_size=(4,), stride=(1,), padding=(3,), groups=4096, bias=False)
2026-09-15T03:51:49.397Z         (w_g): Linear(in_features=2560, out_features=4096, bias=False)
2026-09-15T03:51:49.397Z         (o_norm): FusedRMSNormGated(128, eps=1e-06, activation=swish)
2026-09-15T03:51:49.397Z         (w_out): Linear(in_features=4096, out_features=2560, bias=False)
2026-09-15T03:51:49.397Z       )
2026-09-15T03:51:49.397Z       (attention_norm): QwenRMSNorm((2560,), eps=1e-06)
2026-09-15T03:51:49.397Z       (attention_residual_stream): ResidualStream(
2026-09-15T03:51:49.397Z         (dropout): Identity()
2026-09-15T03:51:49.397Z       )
2026-09-15T03:51:49.397Z       (feed_forward): FeedForward(
2026-09-15T03:51:49.397Z         (w1): Linear(in_features=2560, out_features=9216, bias=False)
2026-09-15T03:51:49.397Z         (w2): Linear(in_features=9216, out_features=2560, bias=False)
2026-09-15T03:51:49.397Z         (w3): Linear(in_features=2560, out_features=9216, bias=False)
2026-09-15T03:51:49.397Z       )
2026-09-15T03:51:49.397Z       (feed_forward_norm): QwenRMSNorm((2560,), eps=1e-06)
2026-09-15T03:51:49.397Z       (feed_forward_residual_stream): ResidualStream(
2026-09-15T03:51:49.397Z         (dropout): Identity()
2026-09-15T03:51:49.397Z       )
2026-09-15T03:51:49.397Z     )
2026-09-15T03:51:49.397Z     (5): TransformerBlock(
2026-09-15T03:51:49.397Z       (attention): GatedDeltaNet(
2026-09-15T03:51:49.397Z         (w_q): Linear(in_features=2560, out_features=2048, bias=False)
2026-09-15T03:51:49.397Z         (w_k): Linear(in_features=2560, out_features=2048, bias=False)
2026-09-15T03:51:49.397Z         (w_v): Linear(in_features=2560, out_features=4096, bias=False)
2026-09-15T03:51:49.397Z         (w_a): Linear(in_features=2560, out_features=32, bias=False)
2026-09-15T03:51:49.397Z         (w_b): Linear(in_features=2560, out_features=32, bias=False)
2026-09-15T03:51:49.397Z         (q_conv1d): CausalConv1d(2048, 2048, kernel_size=(4,), stride=(1,), padding=(3,), groups=2048, bias=False)
2026-09-15T03:51:49.397Z         (k_conv1d): CausalConv1d(2048, 2048, kernel_size=(4,), stride=(1,), padding=(3,), groups=2048, bias=False)
2026-09-15T03:51:49.397Z         (v_conv1d): CausalConv1d(4096, 4096, kernel_size=(4,), stride=(1,), padding=(3,), groups=4096, bias=False)
2026-09-15T03:51:49.397Z         (w_g): Linear(in_features=2560, out_features=4096, bias=False)
2026-09-15T03:51:49.397Z         (o_norm): FusedRMSNormGated(128, eps=1e-06, activation=swish)
2026-09-15T03:51:49.397Z         (w_out): Linear(in_features=4096, out_features=2560, bias=False)
2026-09-15T03:51:49.397Z       )
2026-09-15T03:51:49.397Z       (attention_norm): QwenRMSNorm((2560,), eps=1e-06)
2026-09-15T03:51:49.397Z       (attention_residual_stream): ResidualStream(
2026-09-15T03:51:49.397Z         (dropout): Identity()
2026-09-15T03:51:49.397Z       )
2026-09-15T03:51:49.397Z       (feed_forward): FeedForward(
2026-09-15T03:51:49.397Z         (w1): Linear(in_features=2560, out_features=9216, bias=False)
2026-09-15T03:51:49.397Z         (w2): Linear(in_features=9216, out_features=2560, bias=False)
2026-09-15T03:51:49.397Z         (w3): Linear(in_features=2560, out_features=9216, bias=False)
2026-09-15T03:51:49.397Z       )
2026-09-15T03:51:49.397Z       (feed_forward_norm): QwenRMSNorm((2560,), eps=1e-06)
2026-09-15T03:51:49.397Z       (feed_forward_residual_stream): ResidualStream(
2026-09-15T03:51:49.397Z         (dropout): Identity()
2026-09-15T03:51:49.397Z       )
2026-09-15T03:51:49.397Z     )
2026-09-15T03:51:49.397Z     (6): TransformerBlock(
2026-09-15T03:51:49.397Z       (attention): GatedDeltaNet(
2026-09-15T03:51:49.397Z         (w_q): Linear(in_features=2560, out_features=2048, bias=False)
2026-09-15T03:51:49.397Z         (w_k): Linear(in_features=2560, out_features=2048, bias=False)
2026-09-15T03:51:49.397Z         (w_v): Linear(in_features=2560, out_features=4096, bias=False)
2026-09-15T03:51:49.397Z         (w_a): Linear(in_features=2560, out_features=32, bias=False)
2026-09-15T03:51:49.397Z         (w_b): Linear(in_features=2560, out_features=32, bias=False)
2026-09-15T03:51:49.397Z         (q_conv1d): CausalConv1d(2048, 2048, kernel_size=(4,), stride=(1,), padding=(3,), groups=2048, bias=False)
2026-09-15T03:51:49.397Z         (k_conv1d): CausalConv1d(2048, 2048, kernel_size=(4,), stride=(1,), padding=(3,), groups=2048, bias=False)
2026-09-15T03:51:49.397Z         (v_conv1d): CausalConv1d(4096, 4096, kernel_size=(4,), stride=(1,), padding=(3,), groups=4096, bias=False)
2026-09-15T03:51:49.397Z         (w_g): Linear(in_features=2560, out_features=4096, bias=False)
2026-09-15T03:51:49.397Z         (o_norm): FusedRMSNormGated(128, eps=1e-06, activation=swish)
2026-09-15T03:51:49.397Z         (w_out): Linear(in_features=4096, out_features=2560, bias=False)
2026-09-15T03:51:49.397Z       )
2026-09-15T03:51:49.397Z       (attention_norm): QwenRMSNorm((2560,), eps=1e-06)
2026-09-15T03:51:49.397Z       (attention_residual_stream): ResidualStream(
2026-09-15T03:51:49.397Z         (dropout): Identity()
2026-09-15T03:51:49.397Z       )
2026-09-15T03:51:49.397Z       (feed_forward): FeedForward(
2026-09-15T03:51:49.397Z         (w1): Linear(in_features=2560, out_features=9216, bias=False)
2026-09-15T03:51:49.397Z         (w2): Linear(in_features=9216, out_features=2560, bias=False)
2026-09-15T03:51:49.397Z         (w3): Linear(in_features=2560, out_features=9216, bias=False)
2026-09-15T03:51:49.397Z       )
2026-09-15T03:51:49.397Z       (feed_forward_norm): QwenRMSNorm((2560,), eps=1e-06)
2026-09-15T03:51:49.397Z       (feed_forward_residual_stream): ResidualStream(
2026-09-15T03:51:49.397Z         (dropout): Identity()
2026-09-15T03:51:49.397Z       )
2026-09-15T03:51:49.397Z     )
2026-09-15T03:51:49.397Z     (7): TransformerBlock(
2026-09-15T03:51:49.397Z       (attention): Attention(
2026-09-15T03:51:49.397Z         (w_q): Linear(in_features=2560, out_features=4096, bias=False)
2026-09-15T03:51:49.397Z         (w_k): Linear(in_features=2560, out_features=1024, bias=False)
2026-09-15T03:51:49.397Z         (w_v): Linear(in_features=2560, out_features=1024, bias=False)
2026-09-15T03:51:49.397Z         (w_out): Linear(in_features=4096, out_features=2560, bias=False)
2026-09-15T03:51:49.397Z         (w_g): Linear(in_features=2560, out_features=4096, bias=False)
2026-09-15T03:51:49.397Z         (q_norm): QwenRMSNorm((256,), eps=1e-06)
2026-09-15T03:51:49.397Z         (k_norm): QwenRMSNorm((256,), eps=1e-06)
2026-09-15T03:51:49.397Z         (rope): RotaryEmbedding()
2026-09-15T03:51:49.397Z         (backend): FlashAttention2Backend()
2026-09-15T03:51:49.397Z       )
2026-09-15T03:51:49.397Z       (attention_norm): QwenRMSNorm((2560,), eps=1e-06)
2026-09-15T03:51:49.397Z       (attention_residual_stream): ResidualStream(
2026-09-15T03:51:49.397Z         (dropout): Identity()
2026-09-15T03:51:49.397Z       )
2026-09-15T03:51:49.397Z       (feed_forward): FeedForward(
2026-09-15T03:51:49.397Z         (w1): Linear(in_features=2560, out_features=9216, bias=False)
2026-09-15T03:51:49.397Z         (w2): Linear(in_features=9216, out_features=2560, bias=False)
2026-09-15T03:51:49.397Z         (w3): Linear(in_features=2560, out_features=9216, bias=False)
2026-09-15T03:51:49.397Z       )
2026-09-15T03:51:49.397Z       (feed_forward_norm): QwenRMSNorm((2560,), eps=1e-06)
2026-09-15T03:51:49.397Z       (feed_forward_residual_stream): ResidualStream(
2026-09-15T03:51:49.397Z         (dropout): Identity()
2026-09-15T03:51:49.397Z       )
2026-09-15T03:51:49.397Z     )
2026-09-15T03:51:49.397Z     (8): TransformerBlock(
2026-09-15T03:51:49.397Z       (attention): GatedDeltaNet(
2026-09-15T03:51:49.397Z         (w_q): Linear(in_features=2560, out_features=2048, bias=False)
2026-09-15T03:51:49.397Z         (w_k): Linear(in_features=2560, out_features=2048, bias=False)
2026-09-15T03:51:49.397Z         (w_v): Linear(in_features=2560, out_features=4096, bias=False)
2026-09-15T03:51:49.397Z         (w_a): Linear(in_features=2560, out_features=32, bias=False)
2026-09-15T03:51:49.397Z         (w_b): Linear(in_features=2560, out_features=32, bias=False)
2026-09-15T03:51:49.397Z         (q_conv1d): CausalConv1d(2048, 2048, kernel_size=(4,), stride=(1,), padding=(3,), groups=2048, bias=False)
2026-09-15T03:51:49.397Z         (k_conv1d): CausalConv1d(2048, 2048, kernel_size=(4,), stride=(1,), padding=(3,), groups=2048, bias=False)
2026-09-15T03:51:49.397Z         (v_conv1d): CausalConv1d(4096, 4096, kernel_size=(4,), stride=(1,), padding=(3,), groups=4096, bias=False)
2026-09-15T03:51:49.397Z         (w_g): Linear(in_features=2560, out_features=4096, bias=False)
2026-09-15T03:51:49.397Z         (o_norm): FusedRMSNormGated(128, eps=1e-06, activation=swish)
2026-09-15T03:51:49.397Z         (w_out): Linear(in_features=4096, out_features=2560, bias=False)
2026-09-15T03:51:49.397Z       )
2026-09-15T03:51:49.397Z       (attention_norm): QwenRMSNorm((2560,), eps=1e-06)
2026-09-15T03:51:49.397Z       (attention_residual_stream): ResidualStream(
2026-09-15T03:51:49.397Z         (dropout): Identity()
2026-09-15T03:51:49.397Z       )
2026-09-15T03:51:49.397Z       (feed_forward): FeedForward(
2026-09-15T03:51:49.397Z         (w1): Linear(in_features=2560, out_features=9216, bias=False)
2026-09-15T03:51:49.397Z         (w2): Linear(in_features=9216, out_features=2560, bias=False)
2026-09-15T03:51:49.397Z         (w3): Linear(in_features=2560, out_features=9216, bias=False)
2026-09-15T03:51:49.397Z       )
2026-09-15T03:51:49.397Z       (feed_forward_norm): QwenRMSNorm((2560,), eps=1e-06)
2026-09-15T03:51:49.397Z       (feed_forward_residual_stream): ResidualStream(
2026-09-15T03:51:49.397Z         (dropout): Identity()
2026-09-15T03:51:49.397Z       )
2026-09-15T03:51:49.397Z     )
2026-09-15T03:51:49.397Z     (9): TransformerBlock(
2026-09-15T03:51:49.397Z       (attention): GatedDeltaNet(
2026-09-15T03:51:49.397Z         (w_q): Linear(in_features=2560, out_features=2048, bias=False)
2026-09-15T03:51:49.397Z         (w_k): Linear(in_features=2560, out_features=2048, bias=False)
2026-09-15T03:51:49.397Z         (w_v): Linear(in_features=2560, out_features=4096, bias=False)
2026-09-15T03:51:49.397Z         (w_a): Linear(in_features=2560, out_features=32, bias=False)
2026-09-15T03:51:49.397Z         (w_b): Linear(in_features=2560, out_features=32, bias=False)
2026-09-15T03:51:49.397Z         (q_conv1d): CausalConv1d(2048, 2048, kernel_size=(4,), stride=(1,), padding=(3,), groups=2048, bias=False)
2026-09-15T03:51:49.397Z         (k_conv1d): CausalConv1d(2048, 2048, kernel_size=(4,), stride=(1,), padding=(3,), groups=2048, bias=False)
2026-09-15T03:51:49.397Z         (v_conv1d): CausalConv1d(4096, 4096, kernel_size=(4,), stride=(1,), padding=(3,), groups=4096, bias=False)
2026-09-15T03:51:49.397Z         (w_g): Linear(in_features=2560, out_features=4096, bias=False)
2026-09-15T03:51:49.397Z         (o_norm): FusedRMSNormGated(128, eps=1e-06, activation=swish)
2026-09-15T03:51:49.397Z         (w_out): Linear(in_features=4096, out_features=2560, bias=False)
2026-09-15T03:51:49.397Z       )
2026-09-15T03:51:49.397Z       (attention_norm): QwenRMSNorm((2560,), eps=1e-06)
2026-09-15T03:51:49.397Z       (attention_residual_stream): ResidualStream(
2026-09-15T03:51:49.397Z         (dropout): Identity()
2026-09-15T03:51:49.397Z       )
2026-09-15T03:51:49.397Z       (feed_forward): FeedForward(
2026-09-15T03:51:49.397Z         (w1): Linear(in_features=2560, out_features=9216, bias=False)
2026-09-15T03:51:49.397Z         (w2): Linear(in_features=9216, out_features=2560, bias=False)
2026-09-15T03:51:49.397Z         (w3): Linear(in_features=2560, out_features=9216, bias=False)
2026-09-15T03:51:49.397Z       )
2026-09-15T03:51:49.397Z       (feed_forward_norm): QwenRMSNorm((2560,), eps=1e-06)
2026-09-15T03:51:49.397Z       (feed_forward_residual_stream): ResidualStream(
2026-09-15T03:51:49.397Z         (dropout): Identity()
2026-09-15T03:51:49.397Z       )
2026-09-15T03:51:49.397Z     )
2026-09-15T03:51:49.397Z     (10): TransformerBlock(
2026-09-15T03:51:49.397Z       (attention): GatedDeltaNet(
2026-09-15T03:51:49.397Z         (w_q): Linear(in_features=2560, out_features=2048, bias=False)
2026-09-15T03:51:49.397Z         (w_k): Linear(in_features=2560, out_features=2048, bias=False)
2026-09-15T03:51:49.397Z         (w_v): Linear(in_features=2560, out_features=4096, bias=False)
2026-09-15T03:51:49.397Z         (w_a): Linear(in_features=2560, out_features=32, bias=False)
2026-09-15T03:51:49.397Z         (w_b): Linear(in_features=2560, out_features=32, bias=False)
2026-09-15T03:51:49.397Z         (q_conv1d): CausalConv1d(2048, 2048, kernel_size=(4,), stride=(1,), padding=(3,), groups=2048, bias=False)
2026-09-15T03:51:49.397Z         (k_conv1d): CausalConv1d(2048, 2048, kernel_size=(4,), stride=(1,), padding=(3,), groups=2048, bias=False)
2026-09-15T03:51:49.397Z         (v_conv1d): CausalConv1d(4096, 4096, kernel_size=(4,), stride=(1,), padding=(3,), groups=4096, bias=False)
2026-09-15T03:51:49.397Z         (w_g): Linear(in_features=2560, out_features=4096, bias=False)
2026-09-15T03:51:49.397Z         (o_norm): FusedRMSNormGated(128, eps=1e-06, activation=swish)
2026-09-15T03:51:49.397Z         (w_out): Linear(in_features=4096, out_features=2560, bias=False)
2026-09-15T03:51:49.397Z       )
2026-09-15T03:51:49.397Z       (attention_norm): QwenRMSNorm((2560,), eps=1e-06)
2026-09-15T03:51:49.397Z       (attention_residual_stream): ResidualStream(
2026-09-15T03:51:49.397Z         (dropout): Identity()
2026-09-15T03:51:49.397Z       )
2026-09-15T03:51:49.397Z       (feed_forward): FeedForward(
2026-09-15T03:51:49.398Z         (w1): Linear(in_features=2560, out_features=9216, bias=False)
2026-09-15T03:51:49.398Z         (w2): Linear(in_features=9216, out_features=2560, bias=False)
2026-09-15T03:51:49.398Z         (w3): Linear(in_features=2560, out_features=9216, bias=False)
2026-09-15T03:51:49.398Z       )
2026-09-15T03:51:49.398Z       (feed_forward_norm): QwenRMSNorm((2560,), eps=1e-06)
2026-09-15T03:51:49.398Z       (feed_forward_residual_stream): ResidualStream(
2026-09-15T03:51:49.398Z         (dropout): Identity()
2026-09-15T03:51:49.398Z       )
2026-09-15T03:51:49.398Z     )
2026-09-15T03:51:49.398Z     (11): TransformerBlock(
2026-09-15T03:51:49.398Z       (attention): Attention(
2026-09-15T03:51:49.398Z         (w_q): Linear(in_features=2560, out_features=4096, bias=False)
2026-09-15T03:51:49.398Z         (w_k): Linear(in_features=2560, out_features=1024, bias=False)
2026-09-15T03:51:49.398Z         (w_v): Linear(in_features=2560, out_features=1024, bias=False)
2026-09-15T03:51:49.398Z         (w_out): Linear(in_features=4096, out_features=2560, bias=False)
2026-09-15T03:51:49.398Z         (w_g): Linear(in_features=2560, out_features=4096, bias=False)
2026-09-15T03:51:49.398Z         (q_norm): QwenRMSNorm((256,), eps=1e-06)
2026-09-15T03:51:49.398Z         (k_norm): QwenRMSNorm((256,), eps=1e-06)
2026-09-15T03:51:49.398Z         (rope): RotaryEmbedding()
2026-09-15T03:51:49.398Z         (backend): FlashAttention2Backend()
2026-09-15T03:51:49.398Z       )
2026-09-15T03:51:49.398Z       (attention_norm): QwenRMSNorm((2560,), eps=1e-06)
2026-09-15T03:51:49.398Z       (attention_residual_stream): ResidualStream(
2026-09-15T03:51:49.398Z         (dropout): Identity()
2026-09-15T03:51:49.398Z       )
2026-09-15T03:51:49.398Z       (feed_forward): FeedForward(
2026-09-15T03:51:49.398Z         (w1): Linear(in_features=2560, out_features=9216, bias=False)
2026-09-15T03:51:49.398Z         (w2): Linear(in_features=9216, out_features=2560, bias=False)
2026-09-15T03:51:49.398Z         (w3): Linear(in_features=2560, out_features=9216, bias=False)
2026-09-15T03:51:49.398Z       )
2026-09-15T03:51:49.398Z       (feed_forward_norm): QwenRMSNorm((2560,), eps=1e-06)
2026-09-15T03:51:49.398Z       (feed_forward_residual_stream): ResidualStream(
2026-09-15T03:51:49.398Z         (dropout): Identity()
2026-09-15T03:51:49.398Z       )
2026-09-15T03:51:49.398Z     )
2026-09-15T03:51:49.398Z     (12): TransformerBlock(
2026-09-15T03:51:49.398Z       (attention): GatedDeltaNet(
2026-09-15T03:51:49.398Z         (w_q): Linear(in_features=2560, out_features=2048, bias=False)
2026-09-15T03:51:49.398Z         (w_k): Linear(in_features=2560, out_features=2048, bias=False)
2026-09-15T03:51:49.398Z         (w_v): Linear(in_features=2560, out_features=4096, bias=False)
2026-09-15T03:51:49.398Z         (w_a): Linear(in_features=2560, out_features=32, bias=False)
2026-09-15T03:51:49.398Z         (w_b): Linear(in_features=2560, out_features=32, bias=False)
2026-09-15T03:51:49.398Z         (q_conv1d): CausalConv1d(2048, 2048, kernel_size=(4,), stride=(1,), padding=(3,), groups=2048, bias=False)
2026-09-15T03:51:49.398Z         (k_conv1d): CausalConv1d(2048, 2048, kernel_size=(4,), stride=(1,), padding=(3,), groups=2048, bias=False)
2026-09-15T03:51:49.398Z         (v_conv1d): CausalConv1d(4096, 4096, kernel_size=(4,), stride=(1,), padding=(3,), groups=4096, bias=False)
2026-09-15T03:51:49.398Z         (w_g): Linear(in_features=2560, out_features=4096, bias=False)
2026-09-15T03:51:49.398Z         (o_norm): FusedRMSNormGated(128, eps=1e-06, activation=swish)
2026-09-15T03:51:49.398Z         (w_out): Linear(in_features=4096, out_features=2560, bias=False)
2026-09-15T03:51:49.398Z       )
2026-09-15T03:51:49.398Z       (attention_norm): QwenRMSNorm((2560,), eps=1e-06)
2026-09-15T03:51:49.398Z       (attention_residual_stream): ResidualStream(
2026-09-15T03:51:49.398Z         (dropout): Identity()
2026-09-15T03:51:49.398Z       )
2026-09-15T03:51:49.398Z       (feed_forward): FeedForward(
2026-09-15T03:51:49.398Z         (w1): Linear(in_features=2560, out_features=9216, bias=False)
2026-09-15T03:51:49.398Z         (w2): Linear(in_features=9216, out_features=2560, bias=False)
2026-09-15T03:51:49.398Z         (w3): Linear(in_features=2560, out_features=9216, bias=False)
2026-09-15T03:51:49.398Z       )
2026-09-15T03:51:49.398Z       (feed_forward_norm): QwenRMSNorm((2560,), eps=1e-06)
2026-09-15T03:51:49.398Z       (feed_forward_residual_stream): ResidualStream(
2026-09-15T03:51:49.398Z         (dropout): Identity()
2026-09-15T03:51:49.398Z       )
2026-09-15T03:51:49.398Z     )
2026-09-15T03:51:49.398Z     (13): TransformerBlock(
2026-09-15T03:51:49.398Z       (attention): GatedDeltaNet(
2026-09-15T03:51:49.398Z         (w_q): Linear(in_features=2560, out_features=2048, bias=False)
2026-09-15T03:51:49.398Z         (w_k): Linear(in_features=2560, out_features=2048, bias=False)
2026-09-15T03:51:49.398Z         (w_v): Linear(in_features=2560, out_features=4096, bias=False)
2026-09-15T03:51:49.398Z         (w_a): Linear(in_features=2560, out_features=32, bias=False)
2026-09-15T03:51:49.398Z         (w_b): Linear(in_features=2560, out_features=32, bias=False)
2026-09-15T03:51:49.398Z         (q_conv1d): CausalConv1d(2048, 2048, kernel_size=(4,), stride=(1,), padding=(3,), groups=2048, bias=False)
2026-09-15T03:51:49.398Z         (k_conv1d): CausalConv1d(2048, 2048, kernel_size=(4,), stride=(1,), padding=(3,), groups=2048, bias=False)
2026-09-15T03:51:49.398Z         (v_conv1d): CausalConv1d(4096, 4096, kernel_size=(4,), stride=(1,), padding=(3,), groups=4096, bias=False)
2026-09-15T03:51:49.398Z         (w_g): Linear(in_features=2560, out_features=4096, bias=False)
2026-09-15T03:51:49.398Z         (o_norm): FusedRMSNormGated(128, eps=1e-06, activation=swish)
2026-09-15T03:51:49.398Z         (w_out): Linear(in_features=4096, out_features=2560, bias=False)
2026-09-15T03:51:49.398Z       )
2026-09-15T03:51:49.398Z       (attention_norm): QwenRMSNorm((2560,), eps=1e-06)
2026-09-15T03:51:49.398Z       (attention_residual_stream): ResidualStream(
2026-09-15T03:51:49.398Z         (dropout): Identity()
2026-09-15T03:51:49.398Z       )
2026-09-15T03:51:49.398Z       (feed_forward): FeedForward(
2026-09-15T03:51:49.398Z         (w1): Linear(in_features=2560, out_features=9216, bias=False)
2026-09-15T03:51:49.398Z         (w2): Linear(in_features=9216, out_features=2560, bias=False)
2026-09-15T03:51:49.398Z         (w3): Linear(in_features=2560, out_features=9216, bias=False)
2026-09-15T03:51:49.398Z       )
2026-09-15T03:51:49.398Z       (feed_forward_norm): QwenRMSNorm((2560,), eps=1e-06)
2026-09-15T03:51:49.398Z       (feed_forward_residual_stream): ResidualStream(
2026-09-15T03:51:49.398Z         (dropout): Identity()
2026-09-15T03:51:49.398Z       )
2026-09-15T03:51:49.398Z     )
2026-09-15T03:51:49.398Z     (14): TransformerBlock(
2026-09-15T03:51:49.398Z       (attention): GatedDeltaNet(
2026-09-15T03:51:49.398Z         (w_q): Linear(in_features=2560, out_features=2048, bias=False)
2026-09-15T03:51:49.398Z         (w_k): Linear(in_features=2560, out_features=2048, bias=False)
2026-09-15T03:51:49.398Z         (w_v): Linear(in_features=2560, out_features=4096, bias=False)
2026-09-15T03:51:49.398Z         (w_a): Linear(in_features=2560, out_features=32, bias=False)
2026-09-15T03:51:49.398Z         (w_b): Linear(in_features=2560, out_features=32, bias=False)
2026-09-15T03:51:49.398Z         (q_conv1d): CausalConv1d(2048, 2048, kernel_size=(4,), stride=(1,), padding=(3,), groups=2048, bias=False)
2026-09-15T03:51:49.398Z         (k_conv1d): CausalConv1d(2048, 2048, kernel_size=(4,), stride=(1,), padding=(3,), groups=2048, bias=False)
2026-09-15T03:51:49.398Z         (v_conv1d): CausalConv1d(4096, 4096, kernel_size=(4,), stride=(1,), padding=(3,), groups=4096, bias=False)
2026-09-15T03:51:49.398Z         (w_g): Linear(in_features=2560, out_features=4096, bias=False)
2026-09-15T03:51:49.398Z         (o_norm): FusedRMSNormGated(128, eps=1e-06, activation=swish)
2026-09-15T03:51:49.398Z         (w_out): Linear(in_features=4096, out_features=2560, bias=False)
2026-09-15T03:51:49.398Z       )
2026-09-15T03:51:49.398Z       (attention_norm): QwenRMSNorm((2560,), eps=1e-06)
2026-09-15T03:51:49.398Z       (attention_residual_stream): ResidualStream(
2026-09-15T03:51:49.398Z         (dropout): Identity()
2026-09-15T03:51:49.398Z       )
2026-09-15T03:51:49.398Z       (feed_forward): FeedForward(
2026-09-15T03:51:49.398Z         (w1): Linear(in_features=2560, out_features=9216, bias=False)
2026-09-15T03:51:49.398Z         (w2): Linear(in_features=9216, out_features=2560, bias=False)
2026-09-15T03:51:49.398Z         (w3): Linear(in_features=2560, out_features=9216, bias=False)
2026-09-15T03:51:49.398Z       )
2026-09-15T03:51:49.398Z       (feed_forward_norm): QwenRMSNorm((2560,), eps=1e-06)
2026-09-15T03:51:49.398Z       (feed_forward_residual_stream): ResidualStream(
2026-09-15T03:51:49.398Z         (dropout): Identity()
2026-09-15T03:51:49.398Z       )
2026-09-15T03:51:49.398Z     )
2026-09-15T03:51:49.398Z     (15): TransformerBlock(
2026-09-15T03:51:49.398Z       (attention): Attention(
2026-09-15T03:51:49.398Z         (w_q): Linear(in_features=2560, out_features=4096, bias=False)
2026-09-15T03:51:49.398Z         (w_k): Linear(in_features=2560, out_features=1024, bias=False)
2026-09-15T03:51:49.398Z         (w_v): Linear(in_features=2560, out_features=1024, bias=False)
2026-09-15T03:51:49.398Z         (w_out): Linear(in_features=4096, out_features=2560, bias=False)
2026-09-15T03:51:49.398Z         (w_g): Linear(in_features=2560, out_features=4096, bias=False)
2026-09-15T03:51:49.398Z         (q_norm): QwenRMSNorm((256,), eps=1e-06)
2026-09-15T03:51:49.398Z         (k_norm): QwenRMSNorm((256,), eps=1e-06)
2026-09-15T03:51:49.398Z         (rope): RotaryEmbedding()
2026-09-15T03:51:49.398Z         (backend): FlashAttention2Backend()
2026-09-15T03:51:49.398Z       )
2026-09-15T03:51:49.398Z       (attention_norm): QwenRMSNorm((2560,), eps=1e-06)
2026-09-15T03:51:49.398Z       (attention_residual_stream): ResidualStream(
2026-09-15T03:51:49.398Z         (dropout): Identity()
2026-09-15T03:51:49.398Z       )
2026-09-15T03:51:49.398Z       (feed_forward): FeedForward(
2026-09-15T03:51:49.398Z         (w1): Linear(in_features=2560, out_features=9216, bias=False)
2026-09-15T03:51:49.398Z         (w2): Linear(in_features=9216, out_features=2560, bias=False)
2026-09-15T03:51:49.398Z         (w3): Linear(in_features=2560, out_features=9216, bias=False)
2026-09-15T03:51:49.398Z       )
2026-09-15T03:51:49.398Z       (feed_forward_norm): QwenRMSNorm((2560,), eps=1e-06)
2026-09-15T03:51:49.398Z       (feed_forward_residual_stream): ResidualStream(
2026-09-15T03:51:49.398Z         (dropout): Identity()
2026-09-15T03:51:49.398Z       )
2026-09-15T03:51:49.398Z     )
2026-09-15T03:51:49.398Z     (16): TransformerBlock(
2026-09-15T03:51:49.398Z       (attention): GatedDeltaNet(
2026-09-15T03:51:49.398Z         (w_q): Linear(in_features=2560, out_features=2048, bias=False)
2026-09-15T03:51:49.398Z         (w_k): Linear(in_features=2560, out_features=2048, bias=False)
2026-09-15T03:51:49.398Z         (w_v): Linear(in_features=2560, out_features=4096, bias=False)
2026-09-15T03:51:49.398Z         (w_a): Linear(in_features=2560, out_features=32, bias=False)
2026-09-15T03:51:49.398Z         (w_b): Linear(in_features=2560, out_features=32, bias=False)
2026-09-15T03:51:49.398Z         (q_conv1d): CausalConv1d(2048, 2048, kernel_size=(4,), stride=(1,), padding=(3,), groups=2048, bias=False)
2026-09-15T03:51:49.398Z         (k_conv1d): CausalConv1d(2048, 2048, kernel_size=(4,), stride=(1,), padding=(3,), groups=2048, bias=False)
2026-09-15T03:51:49.398Z         (v_conv1d): CausalConv1d(4096, 4096, kernel_size=(4,), stride=(1,), padding=(3,), groups=4096, bias=False)
2026-09-15T03:51:49.398Z         (w_g): Linear(in_features=2560, out_features=4096, bias=False)
2026-09-15T03:51:49.398Z         (o_norm): FusedRMSNormGated(128, eps=1e-06, activation=swish)
2026-09-15T03:51:49.398Z         (w_out): Linear(in_features=4096, out_features=2560, bias=False)
2026-09-15T03:51:49.398Z       )
2026-09-15T03:51:49.398Z       (attention_norm): QwenRMSNorm((2560,), eps=1e-06)
2026-09-15T03:51:49.398Z       (attention_residual_stream): ResidualStream(
2026-09-15T03:51:49.398Z         (dropout): Identity()
2026-09-15T03:51:49.398Z       )
2026-09-15T03:51:49.398Z       (feed_forward): FeedForward(
2026-09-15T03:51:49.398Z         (w1): Linear(in_features=2560, out_features=9216, bias=False)
2026-09-15T03:51:49.398Z         (w2): Linear(in_features=9216, out_features=2560, bias=False)
2026-09-15T03:51:49.398Z         (w3): Linear(in_features=2560, out_features=9216, bias=False)
2026-09-15T03:51:49.398Z       )
2026-09-15T03:51:49.398Z       (feed_forward_norm): QwenRMSNorm((2560,), eps=1e-06)
2026-09-15T03:51:49.398Z       (feed_forward_residual_stream): ResidualStream(
2026-09-15T03:51:49.398Z         (dropout): Identity()
2026-09-15T03:51:49.398Z       )
2026-09-15T03:51:49.398Z     )
2026-09-15T03:51:49.398Z     (17): TransformerBlock(
2026-09-15T03:51:49.398Z       (attention): GatedDeltaNet(
2026-09-15T03:51:49.398Z         (w_q): Linear(in_features=2560, out_features=2048, bias=False)
2026-09-15T03:51:49.398Z         (w_k): Linear(in_features=2560, out_features=2048, bias=False)
2026-09-15T03:51:49.398Z         (w_v): Linear(in_features=2560, out_features=4096, bias=False)
2026-09-15T03:51:49.398Z         (w_a): Linear(in_features=2560, out_features=32, bias=False)
2026-09-15T03:51:49.398Z         (w_b): Linear(in_features=2560, out_features=32, bias=False)
2026-09-15T03:51:49.398Z         (q_conv1d): CausalConv1d(2048, 2048, kernel_size=(4,), stride=(1,), padding=(3,), groups=2048, bias=False)
2026-09-15T03:51:49.398Z         (k_conv1d): CausalConv1d(2048, 2048, kernel_size=(4,), stride=(1,), padding=(3,), groups=2048, bias=False)
2026-09-15T03:51:49.398Z         (v_conv1d): CausalConv1d(4096, 4096, kernel_size=(4,), stride=(1,), padding=(3,), groups=4096, bias=False)
2026-09-15T03:51:49.398Z         (w_g): Linear(in_features=2560, out_features=4096, bias=False)
2026-09-15T03:51:49.398Z         (o_norm): FusedRMSNormGated(128, eps=1e-06, activation=swish)
2026-09-15T03:51:49.398Z         (w_out): Linear(in_features=4096, out_features=2560, bias=False)
2026-09-15T03:51:49.398Z       )
2026-09-15T03:51:49.398Z       (attention_norm): QwenRMSNorm((2560,), eps=1e-06)
2026-09-15T03:51:49.398Z       (attention_residual_stream): ResidualStream(
2026-09-15T03:51:49.398Z         (dropout): Identity()
2026-09-15T03:51:49.398Z       )
2026-09-15T03:51:49.398Z       (feed_forward): FeedForward(
2026-09-15T03:51:49.398Z         (w1): Linear(in_features=2560, out_features=9216, bias=False)
2026-09-15T03:51:49.398Z         (w2): Linear(in_features=9216, out_features=2560, bias=False)
2026-09-15T03:51:49.398Z         (w3): Linear(in_features=2560, out_features=9216, bias=False)
2026-09-15T03:51:49.398Z       )
2026-09-15T03:51:49.398Z       (feed_forward_norm): QwenRMSNorm((2560,), eps=1e-06)
2026-09-15T03:51:49.398Z       (feed_forward_residual_stream): ResidualStream(
2026-09-15T03:51:49.398Z         (dropout): Identity()
2026-09-15T03:51:49.398Z       )
2026-09-15T03:51:49.398Z     )
2026-09-15T03:51:49.398Z     (18): TransformerBlock(
2026-09-15T03:51:49.398Z       (attention): GatedDeltaNet(
2026-09-15T03:51:49.398Z         (w_q): Linear(in_features=2560, out_features=2048, bias=False)
2026-09-15T03:51:49.398Z         (w_k): Linear(in_features=2560, out_features=2048, bias=False)
2026-09-15T03:51:49.398Z         (w_v): Linear(in_features=2560, out_features=4096, bias=False)
2026-09-15T03:51:49.398Z         (w_a): Linear(in_features=2560, out_features=32, bias=False)
2026-09-15T03:51:49.398Z         (w_b): Linear(in_features=2560, out_features=32, bias=False)
2026-09-15T03:51:49.398Z         (q_conv1d): CausalConv1d(2048, 2048, kernel_size=(4,), stride=(1,), padding=(3,), groups=2048, bias=False)
2026-09-15T03:51:49.398Z         (k_conv1d): CausalConv1d(2048, 2048, kernel_size=(4,), stride=(1,), padding=(3,), groups=2048, bias=False)
2026-09-15T03:51:49.398Z         (v_conv1d): CausalConv1d(4096, 4096, kernel_size=(4,), stride=(1,), padding=(3,), groups=4096, bias=False)
2026-09-15T03:51:49.398Z         (w_g): Linear(in_features=2560, out_features=4096, bias=False)
2026-09-15T03:51:49.398Z         (o_norm): FusedRMSNormGated(128, eps=1e-06, activation=swish)
2026-09-15T03:51:49.398Z         (w_out): Linear(in_features=4096, out_features=2560, bias=False)
2026-09-15T03:51:49.398Z       )
2026-09-15T03:51:49.398Z       (attention_norm): QwenRMSNorm((2560,), eps=1e-06)
2026-09-15T03:51:49.398Z       (attention_residual_stream): ResidualStream(
2026-09-15T03:51:49.398Z         (dropout): Identity()
2026-09-15T03:51:49.398Z       )
2026-09-15T03:51:49.398Z       (feed_forward): FeedForward(
2026-09-15T03:51:49.398Z         (w1): Linear(in_features=2560, out_features=9216, bias=False)
2026-09-15T03:51:49.398Z         (w2): Linear(in_features=9216, out_features=2560, bias=False)
2026-09-15T03:51:49.398Z         (w3): Linear(in_features=2560, out_features=9216, bias=False)
2026-09-15T03:51:49.398Z       )
2026-09-15T03:51:49.398Z       (feed_forward_norm): QwenRMSNorm((2560,), eps=1e-06)
2026-09-15T03:51:49.398Z       (feed_forward_residual_stream): ResidualStream(
2026-09-15T03:51:49.398Z         (dropout): Identity()
2026-09-15T03:51:49.398Z       )
2026-09-15T03:51:49.398Z     )
2026-09-15T03:51:49.398Z     (19): TransformerBlock(
2026-09-15T03:51:49.398Z       (attention): Attention(
2026-09-15T03:51:49.398Z         (w_q): Linear(in_features=2560, out_features=4096, bias=False)
2026-09-15T03:51:49.398Z         (w_k): Linear(in_features=2560, out_features=1024, bias=False)
2026-09-15T03:51:49.398Z         (w_v): Linear(in_features=2560, out_features=1024, bias=False)
2026-09-15T03:51:49.398Z         (w_out): Linear(in_features=4096, out_features=2560, bias=False)
2026-09-15T03:51:49.398Z         (w_g): Linear(in_features=2560, out_features=4096, bias=False)
2026-09-15T03:51:49.398Z         (q_norm): QwenRMSNorm((256,), eps=1e-06)
2026-09-15T03:51:49.398Z         (k_norm): QwenRMSNorm((256,), eps=1e-06)
2026-09-15T03:51:49.398Z         (rope): RotaryEmbedding()
2026-09-15T03:51:49.398Z         (backend): FlashAttention2Backend()
2026-09-15T03:51:49.398Z       )
2026-09-15T03:51:49.398Z       (attention_norm): QwenRMSNorm((2560,), eps=1e-06)
2026-09-15T03:51:49.398Z       (attention_residual_stream): ResidualStream(
2026-09-15T03:51:49.398Z         (dropout): Identity()
2026-09-15T03:51:49.398Z       )
2026-09-15T03:51:49.398Z       (feed_forward): FeedForward(
2026-09-15T03:51:49.398Z         (w1): Linear(in_features=2560, out_features=9216, bias=False)
2026-09-15T03:51:49.398Z         (w2): Linear(in_features=9216, out_features=2560, bias=False)
2026-09-15T03:51:49.398Z         (w3): Linear(in_features=2560, out_features=9216, bias=False)
2026-09-15T03:51:49.398Z       )
2026-09-15T03:51:49.398Z       (feed_forward_norm): QwenRMSNorm((2560,), eps=1e-06)
2026-09-15T03:51:49.398Z       (feed_forward_residual_stream): ResidualStream(
2026-09-15T03:51:49.398Z         (dropout): Identity()
2026-09-15T03:51:49.398Z       )
2026-09-15T03:51:49.398Z     )
2026-09-15T03:51:49.398Z     (20): TransformerBlock(
2026-09-15T03:51:49.398Z       (attention): GatedDeltaNet(
2026-09-15T03:51:49.398Z         (w_q): Linear(in_features=2560, out_features=2048, bias=False)
2026-09-15T03:51:49.398Z         (w_k): Linear(in_features=2560, out_features=2048, bias=False)
2026-09-15T03:51:49.398Z         (w_v): Linear(in_features=2560, out_features=4096, bias=False)
2026-09-15T03:51:49.398Z         (w_a): Linear(in_features=2560, out_features=32, bias=False)
2026-09-15T03:51:49.398Z         (w_b): Linear(in_features=2560, out_features=32, bias=False)
2026-09-15T03:51:49.398Z         (q_conv1d): CausalConv1d(2048, 2048, kernel_size=(4,), stride=(1,), padding=(3,), groups=2048, bias=False)
2026-09-15T03:51:49.398Z         (k_conv1d): CausalConv1d(2048, 2048, kernel_size=(4,), stride=(1,), padding=(3,), groups=2048, bias=False)
2026-09-15T03:51:49.398Z         (v_conv1d): CausalConv1d(4096, 4096, kernel_size=(4,), stride=(1,), padding=(3,), groups=4096, bias=False)
2026-09-15T03:51:49.398Z         (w_g): Linear(in_features=2560, out_features=4096, bias=False)
2026-09-15T03:51:49.398Z         (o_norm): FusedRMSNormGated(128, eps=1e-06, activation=swish)
2026-09-15T03:51:49.398Z         (w_out): Linear(in_features=4096, out_features=2560, bias=False)
2026-09-15T03:51:49.398Z       )
2026-09-15T03:51:49.398Z       (attention_norm): QwenRMSNorm((2560,), eps=1e-06)
2026-09-15T03:51:49.398Z       (attention_residual_stream): ResidualStream(
2026-09-15T03:51:49.398Z         (dropout): Identity()
2026-09-15T03:51:49.398Z       )
2026-09-15T03:51:49.399Z       (feed_forward): FeedForward(
2026-09-15T03:51:49.399Z         (w1): Linear(in_features=2560, out_features=9216, bias=False)
2026-09-15T03:51:49.399Z         (w2): Linear(in_features=9216, out_features=2560, bias=False)
2026-09-15T03:51:49.399Z         (w3): Linear(in_features=2560, out_features=9216, bias=False)
2026-09-15T03:51:49.399Z       )
2026-09-15T03:51:49.399Z       (feed_forward_norm): QwenRMSNorm((2560,), eps=1e-06)
2026-09-15T03:51:49.399Z       (feed_forward_residual_stream): ResidualStream(
2026-09-15T03:51:49.399Z         (dropout): Identity()
2026-09-15T03:51:49.399Z       )
2026-09-15T03:51:49.399Z     )
2026-09-15T03:51:49.399Z     (21): TransformerBlock(
2026-09-15T03:51:49.399Z       (attention): GatedDeltaNet(
2026-09-15T03:51:49.399Z         (w_q): Linear(in_features=2560, out_features=2048, bias=False)
2026-09-15T03:51:49.399Z         (w_k): Linear(in_features=2560, out_features=2048, bias=False)
2026-09-15T03:51:49.399Z         (w_v): Linear(in_features=2560, out_features=4096, bias=False)
2026-09-15T03:51:49.399Z         (w_a): Linear(in_features=2560, out_features=32, bias=False)
2026-09-15T03:51:49.399Z         (w_b): Linear(in_features=2560, out_features=32, bias=False)
2026-09-15T03:51:49.399Z         (q_conv1d): CausalConv1d(2048, 2048, kernel_size=(4,), stride=(1,), padding=(3,), groups=2048, bias=False)
2026-09-15T03:51:49.399Z         (k_conv1d): CausalConv1d(2048, 2048, kernel_size=(4,), stride=(1,), padding=(3,), groups=2048, bias=False)
2026-09-15T03:51:49.399Z         (v_conv1d): CausalConv1d(4096, 4096, kernel_size=(4,), stride=(1,), padding=(3,), groups=4096, bias=False)
2026-09-15T03:51:49.399Z         (w_g): Linear(in_features=2560, out_features=4096, bias=False)
2026-09-15T03:51:49.399Z         (o_norm): FusedRMSNormGated(128, eps=1e-06, activation=swish)
2026-09-15T03:51:49.399Z         (w_out): Linear(in_features=4096, out_features=2560, bias=False)
2026-09-15T03:51:49.399Z       )
2026-09-15T03:51:49.399Z       (attention_norm): QwenRMSNorm((2560,), eps=1e-06)
2026-09-15T03:51:49.399Z       (attention_residual_stream): ResidualStream(
2026-09-15T03:51:49.399Z         (dropout): Identity()
2026-09-15T03:51:49.399Z       )
2026-09-15T03:51:49.399Z       (feed_forward): FeedForward(
2026-09-15T03:51:49.399Z         (w1): Linear(in_features=2560, out_features=9216, bias=False)
2026-09-15T03:51:49.399Z         (w2): Linear(in_features=9216, out_features=2560, bias=False)
2026-09-15T03:51:49.399Z         (w3): Linear(in_features=2560, out_features=9216, bias=False)
2026-09-15T03:51:49.399Z       )
2026-09-15T03:51:49.399Z       (feed_forward_norm): QwenRMSNorm((2560,), eps=1e-06)
2026-09-15T03:51:49.399Z       (feed_forward_residual_stream): ResidualStream(
2026-09-15T03:51:49.399Z         (dropout): Identity()
2026-09-15T03:51:49.399Z       )
2026-09-15T03:51:49.399Z     )
2026-09-15T03:51:49.399Z     (22): TransformerBlock(
2026-09-15T03:51:49.399Z       (attention): GatedDeltaNet(
2026-09-15T03:51:49.399Z         (w_q): Linear(in_features=2560, out_features=2048, bias=False)
2026-09-15T03:51:49.399Z         (w_k): Linear(in_features=2560, out_features=2048, bias=False)
2026-09-15T03:51:49.399Z         (w_v): Linear(in_features=2560, out_features=4096, bias=False)
2026-09-15T03:51:49.399Z         (w_a): Linear(in_features=2560, out_features=32, bias=False)
2026-09-15T03:51:49.399Z         (w_b): Linear(in_features=2560, out_features=32, bias=False)
2026-09-15T03:51:49.399Z         (q_conv1d): CausalConv1d(2048, 2048, kernel_size=(4,), stride=(1,), padding=(3,), groups=2048, bias=False)
2026-09-15T03:51:49.399Z         (k_conv1d): CausalConv1d(2048, 2048, kernel_size=(4,), stride=(1,), padding=(3,), groups=2048, bias=False)
2026-09-15T03:51:49.399Z         (v_conv1d): CausalConv1d(4096, 4096, kernel_size=(4,), stride=(1,), padding=(3,), groups=4096, bias=False)
2026-09-15T03:51:49.399Z         (w_g): Linear(in_features=2560, out_features=4096, bias=False)
2026-09-15T03:51:49.399Z         (o_norm): FusedRMSNormGated(128, eps=1e-06, activation=swish)
2026-09-15T03:51:49.399Z         (w_out): Linear(in_features=4096, out_features=2560, bias=False)
2026-09-15T03:51:49.399Z       )
2026-09-15T03:51:49.399Z       (attention_norm): QwenRMSNorm((2560,), eps=1e-06)
2026-09-15T03:51:49.399Z       (attention_residual_stream): ResidualStream(
2026-09-15T03:51:49.399Z         (dropout): Identity()
2026-09-15T03:51:49.399Z       )
2026-09-15T03:51:49.399Z       (feed_forward): FeedForward(
2026-09-15T03:51:49.399Z         (w1): Linear(in_features=2560, out_features=9216, bias=False)
2026-09-15T03:51:49.399Z         (w2): Linear(in_features=9216, out_features=2560, bias=False)
2026-09-15T03:51:49.399Z         (w3): Linear(in_features=2560, out_features=9216, bias=False)
2026-09-15T03:51:49.399Z       )
2026-09-15T03:51:49.399Z       (feed_forward_norm): QwenRMSNorm((2560,), eps=1e-06)
2026-09-15T03:51:49.399Z       (feed_forward_residual_stream): ResidualStream(
2026-09-15T03:51:49.399Z         (dropout): Identity()
2026-09-15T03:51:49.399Z       )
2026-09-15T03:51:49.399Z     )
2026-09-15T03:51:49.399Z     (23): TransformerBlock(
2026-09-15T03:51:49.399Z       (attention): Attention(
2026-09-15T03:51:49.399Z         (w_q): Linear(in_features=2560, out_features=4096, bias=False)
2026-09-15T03:51:49.399Z         (w_k): Linear(in_features=2560, out_features=1024, bias=False)
2026-09-15T03:51:49.399Z         (w_v): Linear(in_features=2560, out_features=1024, bias=False)
2026-09-15T03:51:49.399Z         (w_out): Linear(in_features=4096, out_features=2560, bias=False)
2026-09-15T03:51:49.399Z         (w_g): Linear(in_features=2560, out_features=4096, bias=False)
2026-09-15T03:51:49.399Z         (q_norm): QwenRMSNorm((256,), eps=1e-06)
2026-09-15T03:51:49.399Z         (k_norm): QwenRMSNorm((256,), eps=1e-06)
2026-09-15T03:51:49.399Z         (rope): RotaryEmbedding()
2026-09-15T03:51:49.399Z         (backend): FlashAttention2Backend()
2026-09-15T03:51:49.399Z       )
2026-09-15T03:51:49.399Z       (attention_norm): QwenRMSNorm((2560,), eps=1e-06)
2026-09-15T03:51:49.399Z       (attention_residual_stream): ResidualStream(
2026-09-15T03:51:49.399Z         (dropout): Identity()
2026-09-15T03:51:49.399Z       )
2026-09-15T03:51:49.399Z       (feed_forward): FeedForward(
2026-09-15T03:51:49.399Z         (w1): Linear(in_features=2560, out_features=9216, bias=False)
2026-09-15T03:51:49.399Z         (w2): Linear(in_features=9216, out_features=2560, bias=False)
2026-09-15T03:51:49.399Z         (w3): Linear(in_features=2560, out_features=9216, bias=False)
2026-09-15T03:51:49.399Z       )
2026-09-15T03:51:49.399Z       (feed_forward_norm): QwenRMSNorm((2560,), eps=1e-06)
2026-09-15T03:51:49.399Z       (feed_forward_residual_stream): ResidualStream(
2026-09-15T03:51:49.399Z         (dropout): Identity()
2026-09-15T03:51:49.399Z       )
2026-09-15T03:51:49.399Z     )
2026-09-15T03:51:49.399Z     (24): TransformerBlock(
2026-09-15T03:51:49.399Z       (attention): GatedDeltaNet(
2026-09-15T03:51:49.399Z         (w_q): Linear(in_features=2560, out_features=2048, bias=False)
2026-09-15T03:51:49.399Z         (w_k): Linear(in_features=2560, out_features=2048, bias=False)
2026-09-15T03:51:49.399Z         (w_v): Linear(in_features=2560, out_features=4096, bias=False)
2026-09-15T03:51:49.399Z         (w_a): Linear(in_features=2560, out_features=32, bias=False)
2026-09-15T03:51:49.399Z         (w_b): Linear(in_features=2560, out_features=32, bias=False)
2026-09-15T03:51:49.399Z         (q_conv1d): CausalConv1d(2048, 2048, kernel_size=(4,), stride=(1,), padding=(3,), groups=2048, bias=False)
2026-09-15T03:51:49.399Z         (k_conv1d): CausalConv1d(2048, 2048, kernel_size=(4,), stride=(1,), padding=(3,), groups=2048, bias=False)
2026-09-15T03:51:49.399Z         (v_conv1d): CausalConv1d(4096, 4096, kernel_size=(4,), stride=(1,), padding=(3,), groups=4096, bias=False)
2026-09-15T03:51:49.399Z         (w_g): Linear(in_features=2560, out_features=4096, bias=False)
2026-09-15T03:51:49.399Z         (o_norm): FusedRMSNormGated(128, eps=1e-06, activation=swish)
2026-09-15T03:51:49.399Z         (w_out): Linear(in_features=4096, out_features=2560, bias=False)
2026-09-15T03:51:49.399Z       )
2026-09-15T03:51:49.399Z       (attention_norm): QwenRMSNorm((2560,), eps=1e-06)
2026-09-15T03:51:49.399Z       (attention_residual_stream): ResidualStream(
2026-09-15T03:51:49.399Z         (dropout): Identity()
2026-09-15T03:51:49.399Z       )
2026-09-15T03:51:49.399Z       (feed_forward): FeedForward(
2026-09-15T03:51:49.399Z         (w1): Linear(in_features=2560, out_features=9216, bias=False)
2026-09-15T03:51:49.399Z         (w2): Linear(in_features=9216, out_features=2560, bias=False)
2026-09-15T03:51:49.399Z         (w3): Linear(in_features=2560, out_features=9216, bias=False)
2026-09-15T03:51:49.399Z       )
2026-09-15T03:51:49.399Z       (feed_forward_norm): QwenRMSNorm((2560,), eps=1e-06)
2026-09-15T03:51:49.399Z       (feed_forward_residual_stream): ResidualStream(
2026-09-15T03:51:49.399Z         (dropout): Identity()
2026-09-15T03:51:49.399Z       )
2026-09-15T03:51:49.399Z     )
2026-09-15T03:51:49.399Z     (25): TransformerBlock(
2026-09-15T03:51:49.399Z       (attention): GatedDeltaNet(
2026-09-15T03:51:49.399Z         (w_q): Linear(in_features=2560, out_features=2048, bias=False)
2026-09-15T03:51:49.399Z         (w_k): Linear(in_features=2560, out_features=2048, bias=False)
2026-09-15T03:51:49.399Z         (w_v): Linear(in_features=2560, out_features=4096, bias=False)
2026-09-15T03:51:49.399Z         (w_a): Linear(in_features=2560, out_features=32, bias=False)
2026-09-15T03:51:49.399Z         (w_b): Linear(in_features=2560, out_features=32, bias=False)
2026-09-15T03:51:49.399Z         (q_conv1d): CausalConv1d(2048, 2048, kernel_size=(4,), stride=(1,), padding=(3,), groups=2048, bias=False)
2026-09-15T03:51:49.399Z         (k_conv1d): CausalConv1d(2048, 2048, kernel_size=(4,), stride=(1,), padding=(3,), groups=2048, bias=False)
2026-09-15T03:51:49.399Z         (v_conv1d): CausalConv1d(4096, 4096, kernel_size=(4,), stride=(1,), padding=(3,), groups=4096, bias=False)
2026-09-15T03:51:49.399Z         (w_g): Linear(in_features=2560, out_features=4096, bias=False)
2026-09-15T03:51:49.399Z         (o_norm): FusedRMSNormGated(128, eps=1e-06, activation=swish)
2026-09-15T03:51:49.399Z         (w_out): Linear(in_features=4096, out_features=2560, bias=False)
2026-09-15T03:51:49.399Z       )
2026-09-15T03:51:49.399Z       (attention_norm): QwenRMSNorm((2560,), eps=1e-06)
2026-09-15T03:51:49.399Z       (attention_residual_stream): ResidualStream(
2026-09-15T03:51:49.399Z         (dropout): Identity()
2026-09-15T03:51:49.399Z       )
2026-09-15T03:51:49.399Z       (feed_forward): FeedForward(
2026-09-15T03:51:49.399Z         (w1): Linear(in_features=2560, out_features=9216, bias=False)
2026-09-15T03:51:49.399Z         (w2): Linear(in_features=9216, out_features=2560, bias=False)
2026-09-15T03:51:49.399Z         (w3): Linear(in_features=2560, out_features=9216, bias=False)
2026-09-15T03:51:49.399Z       )
2026-09-15T03:51:49.399Z       (feed_forward_norm): QwenRMSNorm((2560,), eps=1e-06)
2026-09-15T03:51:49.399Z       (feed_forward_residual_stream): ResidualStream(
2026-09-15T03:51:49.399Z         (dropout): Identity()
2026-09-15T03:51:49.399Z       )
2026-09-15T03:51:49.399Z     )
2026-09-15T03:51:49.399Z     (26): TransformerBlock(
2026-09-15T03:51:49.399Z       (attention): GatedDeltaNet(
2026-09-15T03:51:49.399Z         (w_q): Linear(in_features=2560, out_features=2048, bias=False)
2026-09-15T03:51:49.399Z         (w_k): Linear(in_features=2560, out_features=2048, bias=False)
2026-09-15T03:51:49.399Z         (w_v): Linear(in_features=2560, out_features=4096, bias=False)
2026-09-15T03:51:49.399Z         (w_a): Linear(in_features=2560, out_features=32, bias=False)
2026-09-15T03:51:49.399Z         (w_b): Linear(in_features=2560, out_features=32, bias=False)
2026-09-15T03:51:49.399Z         (q_conv1d): CausalConv1d(2048, 2048, kernel_size=(4,), stride=(1,), padding=(3,), groups=2048, bias=False)
2026-09-15T03:51:49.399Z         (k_conv1d): CausalConv1d(2048, 2048, kernel_size=(4,), stride=(1,), padding=(3,), groups=2048, bias=False)
2026-09-15T03:51:49.399Z         (v_conv1d): CausalConv1d(4096, 4096, kernel_size=(4,), stride=(1,), padding=(3,), groups=4096, bias=False)
2026-09-15T03:51:49.399Z         (w_g): Linear(in_features=2560, out_features=4096, bias=False)
2026-09-15T03:51:49.399Z         (o_norm): FusedRMSNormGated(128, eps=1e-06, activation=swish)
2026-09-15T03:51:49.399Z         (w_out): Linear(in_features=4096, out_features=2560, bias=False)
2026-09-15T03:51:49.399Z       )
2026-09-15T03:51:49.399Z       (attention_norm): QwenRMSNorm((2560,), eps=1e-06)
2026-09-15T03:51:49.399Z       (attention_residual_stream): ResidualStream(
2026-09-15T03:51:49.399Z         (dropout): Identity()
2026-09-15T03:51:49.399Z       )
2026-09-15T03:51:49.399Z       (feed_forward): FeedForward(
2026-09-15T03:51:49.399Z         (w1): Linear(in_features=2560, out_features=9216, bias=False)
2026-09-15T03:51:49.399Z         (w2): Linear(in_features=9216, out_features=2560, bias=False)
2026-09-15T03:51:49.399Z         (w3): Linear(in_features=2560, out_features=9216, bias=False)
2026-09-15T03:51:49.399Z       )
2026-09-15T03:51:49.399Z       (feed_forward_norm): QwenRMSNorm((2560,), eps=1e-06)
2026-09-15T03:51:49.399Z       (feed_forward_residual_stream): ResidualStream(
2026-09-15T03:51:49.399Z         (dropout): Identity()
2026-09-15T03:51:49.399Z       )
2026-09-15T03:51:49.399Z     )
2026-09-15T03:51:49.399Z     (27): TransformerBlock(
2026-09-15T03:51:49.399Z       (attention): Attention(
2026-09-15T03:51:49.399Z         (w_q): Linear(in_features=2560, out_features=4096, bias=False)
2026-09-15T03:51:49.399Z         (w_k): Linear(in_features=2560, out_features=1024, bias=False)
2026-09-15T03:51:49.399Z         (w_v): Linear(in_features=2560, out_features=1024, bias=False)
2026-09-15T03:51:49.399Z         (w_out): Linear(in_features=4096, out_features=2560, bias=False)
2026-09-15T03:51:49.399Z         (w_g): Linear(in_features=2560, out_features=4096, bias=False)
2026-09-15T03:51:49.399Z         (q_norm): QwenRMSNorm((256,), eps=1e-06)
2026-09-15T03:51:49.399Z         (k_norm): QwenRMSNorm((256,), eps=1e-06)
2026-09-15T03:51:49.399Z         (rope): RotaryEmbedding()
2026-09-15T03:51:49.399Z         (backend): FlashAttention2Backend()
2026-09-15T03:51:49.399Z       )
2026-09-15T03:51:49.399Z       (attention_norm): QwenRMSNorm((2560,), eps=1e-06)
2026-09-15T03:51:49.399Z       (attention_residual_stream): ResidualStream(
2026-09-15T03:51:49.399Z         (dropout): Identity()
2026-09-15T03:51:49.399Z       )
2026-09-15T03:51:49.399Z       (feed_forward): FeedForward(
2026-09-15T03:51:49.399Z         (w1): Linear(in_features=2560, out_features=9216, bias=False)
2026-09-15T03:51:49.399Z         (w2): Linear(in_features=9216, out_features=2560, bias=False)
2026-09-15T03:51:49.399Z         (w3): Linear(in_features=2560, out_features=9216, bias=False)
2026-09-15T03:51:49.399Z       )
2026-09-15T03:51:49.399Z       (feed_forward_norm): QwenRMSNorm((2560,), eps=1e-06)
2026-09-15T03:51:49.399Z       (feed_forward_residual_stream): ResidualStream(
2026-09-15T03:51:49.399Z         (dropout): Identity()
2026-09-15T03:51:49.399Z       )
2026-09-15T03:51:49.399Z     )
2026-09-15T03:51:49.399Z     (28): TransformerBlock(
2026-09-15T03:51:49.399Z       (attention): GatedDeltaNet(
2026-09-15T03:51:49.399Z         (w_q): Linear(in_features=2560, out_features=2048, bias=False)
2026-09-15T03:51:49.399Z         (w_k): Linear(in_features=2560, out_features=2048, bias=False)
2026-09-15T03:51:49.399Z         (w_v): Linear(in_features=2560, out_features=4096, bias=False)
2026-09-15T03:51:49.399Z         (w_a): Linear(in_features=2560, out_features=32, bias=False)
2026-09-15T03:51:49.399Z         (w_b): Linear(in_features=2560, out_features=32, bias=False)
2026-09-15T03:51:49.399Z         (q_conv1d): CausalConv1d(2048, 2048, kernel_size=(4,), stride=(1,), padding=(3,), groups=2048, bias=False)
2026-09-15T03:51:49.399Z         (k_conv1d): CausalConv1d(2048, 2048, kernel_size=(4,), stride=(1,), padding=(3,), groups=2048, bias=False)
2026-09-15T03:51:49.399Z         (v_conv1d): CausalConv1d(4096, 4096, kernel_size=(4,), stride=(1,), padding=(3,), groups=4096, bias=False)
2026-09-15T03:51:49.399Z         (w_g): Linear(in_features=2560, out_features=4096, bias=False)
2026-09-15T03:51:49.399Z         (o_norm): FusedRMSNormGated(128, eps=1e-06, activation=swish)
2026-09-15T03:51:49.399Z         (w_out): Linear(in_features=4096, out_features=2560, bias=False)
2026-09-15T03:51:49.399Z       )
2026-09-15T03:51:49.399Z       (attention_norm): QwenRMSNorm((2560,), eps=1e-06)
2026-09-15T03:51:49.399Z       (attention_residual_stream): ResidualStream(
2026-09-15T03:51:49.399Z         (dropout): Identity()
2026-09-15T03:51:49.399Z       )
2026-09-15T03:51:49.399Z       (feed_forward): FeedForward(
2026-09-15T03:51:49.399Z         (w1): Linear(in_features=2560, out_features=9216, bias=False)
2026-09-15T03:51:49.399Z         (w2): Linear(in_features=9216, out_features=2560, bias=False)
2026-09-15T03:51:49.399Z         (w3): Linear(in_features=2560, out_features=9216, bias=False)
2026-09-15T03:51:49.399Z       )
2026-09-15T03:51:49.399Z       (feed_forward_norm): QwenRMSNorm((2560,), eps=1e-06)
2026-09-15T03:51:49.399Z       (feed_forward_residual_stream): ResidualStream(
2026-09-15T03:51:49.399Z         (dropout): Identity()
2026-09-15T03:51:49.399Z       )
2026-09-15T03:51:49.399Z     )
2026-09-15T03:51:49.399Z     (29): TransformerBlock(
2026-09-15T03:51:49.399Z       (attention): GatedDeltaNet(
2026-09-15T03:51:49.399Z         (w_q): Linear(in_features=2560, out_features=2048, bias=False)
2026-09-15T03:51:49.399Z         (w_k): Linear(in_features=2560, out_features=2048, bias=False)
2026-09-15T03:51:49.399Z         (w_v): Linear(in_features=2560, out_features=4096, bias=False)
2026-09-15T03:51:49.399Z         (w_a): Linear(in_features=2560, out_features=32, bias=False)
2026-09-15T03:51:49.399Z         (w_b): Linear(in_features=2560, out_features=32, bias=False)
2026-09-15T03:51:49.399Z         (q_conv1d): CausalConv1d(2048, 2048, kernel_size=(4,), stride=(1,), padding=(3,), groups=2048, bias=False)
2026-09-15T03:51:49.399Z         (k_conv1d): CausalConv1d(2048, 2048, kernel_size=(4,), stride=(1,), padding=(3,), groups=2048, bias=False)
2026-09-15T03:51:49.399Z         (v_conv1d): CausalConv1d(4096, 4096, kernel_size=(4,), stride=(1,), padding=(3,), groups=4096, bias=False)
2026-09-15T03:51:49.399Z         (w_g): Linear(in_features=2560, out_features=4096, bias=False)
2026-09-15T03:51:49.399Z         (o_norm): FusedRMSNormGated(128, eps=1e-06, activation=swish)
2026-09-15T03:51:49.399Z         (w_out): Linear(in_features=4096, out_features=2560, bias=False)
2026-09-15T03:51:49.399Z       )
2026-09-15T03:51:49.399Z       (attention_norm): QwenRMSNorm((2560,), eps=1e-06)
2026-09-15T03:51:49.399Z       (attention_residual_stream): ResidualStream(
2026-09-15T03:51:49.399Z         (dropout): Identity()
2026-09-15T03:51:49.399Z       )
2026-09-15T03:51:49.399Z       (feed_forward): FeedForward(
2026-09-15T03:51:49.399Z         (w1): Linear(in_features=2560, out_features=9216, bias=False)
2026-09-15T03:51:49.399Z         (w2): Linear(in_features=9216, out_features=2560, bias=False)
2026-09-15T03:51:49.399Z         (w3): Linear(in_features=2560, out_features=9216, bias=False)
2026-09-15T03:51:49.399Z       )
2026-09-15T03:51:49.399Z       (feed_forward_norm): QwenRMSNorm((2560,), eps=1e-06)
2026-09-15T03:51:49.399Z       (feed_forward_residual_stream): ResidualStream(
2026-09-15T03:51:49.399Z         (dropout): Identity()
2026-09-15T03:51:49.399Z       )
2026-09-15T03:51:49.399Z     )
2026-09-15T03:51:49.399Z     (30): TransformerBlock(
2026-09-15T03:51:49.399Z       (attention): GatedDeltaNet(
2026-09-15T03:51:49.399Z         (w_q): Linear(in_features=2560, out_features=2048, bias=False)
2026-09-15T03:51:49.399Z         (w_k): Linear(in_features=2560, out_features=2048, bias=False)
2026-09-15T03:51:49.399Z         (w_v): Linear(in_features=2560, out_features=4096, bias=False)
2026-09-15T03:51:49.399Z         (w_a): Linear(in_features=2560, out_features=32, bias=False)
2026-09-15T03:51:49.399Z         (w_b): Linear(in_features=2560, out_features=32, bias=False)
2026-09-15T03:51:49.399Z         (q_conv1d): CausalConv1d(2048, 2048, kernel_size=(4,), stride=(1,), padding=(3,), groups=2048, bias=False)
2026-09-15T03:51:49.399Z         (k_conv1d): CausalConv1d(2048, 2048, kernel_size=(4,), stride=(1,), padding=(3,), groups=2048, bias=False)
2026-09-15T03:51:49.399Z         (v_conv1d): CausalConv1d(4096, 4096, kernel_size=(4,), stride=(1,), padding=(3,), groups=4096, bias=False)
2026-09-15T03:51:49.399Z         (w_g): Linear(in_features=2560, out_features=4096, bias=False)
2026-09-15T03:51:49.399Z         (o_norm): FusedRMSNormGated(128, eps=1e-06, activation=swish)
2026-09-15T03:51:49.399Z         (w_out): Linear(in_features=4096, out_features=2560, bias=False)
2026-09-15T03:51:49.399Z       )
2026-09-15T03:51:49.399Z       (attention_norm): QwenRMSNorm((2560,), eps=1e-06)
2026-09-15T03:51:49.400Z       (attention_residual_stream): ResidualStream(
2026-09-15T03:51:49.400Z         (dropout): Identity()
2026-09-15T03:51:49.400Z       )
2026-09-15T03:51:49.400Z       (feed_forward): FeedForward(
2026-09-15T03:51:49.400Z         (w1): Linear(in_features=2560, out_features=9216, bias=False)
2026-09-15T03:51:49.400Z         (w2): Linear(in_features=9216, out_features=2560, bias=False)
2026-09-15T03:51:49.400Z         (w3): Linear(in_features=2560, out_features=9216, bias=False)
2026-09-15T03:51:49.400Z       )
2026-09-15T03:51:49.400Z       (feed_forward_norm): QwenRMSNorm((2560,), eps=1e-06)
2026-09-15T03:51:49.400Z       (feed_forward_residual_stream): ResidualStream(
2026-09-15T03:51:49.400Z         (dropout): Identity()
2026-09-15T03:51:49.400Z       )
2026-09-15T03:51:49.400Z     )
2026-09-15T03:51:49.400Z     (31): TransformerBlock(
2026-09-15T03:51:49.400Z       (attention): Attention(
2026-09-15T03:51:49.400Z         (w_q): Linear(in_features=2560, out_features=4096, bias=False)
2026-09-15T03:51:49.400Z         (w_k): Linear(in_features=2560, out_features=1024, bias=False)
2026-09-15T03:51:49.400Z         (w_v): Linear(in_features=2560, out_features=1024, bias=False)
2026-09-15T03:51:49.400Z         (w_out): Linear(in_features=4096, out_features=2560, bias=False)
2026-09-15T03:51:49.400Z         (w_g): Linear(in_features=2560, out_features=4096, bias=False)
2026-09-15T03:51:49.400Z         (q_norm): QwenRMSNorm((256,), eps=1e-06)
2026-09-15T03:51:49.400Z         (k_norm): QwenRMSNorm((256,), eps=1e-06)
2026-09-15T03:51:49.400Z         (rope): RotaryEmbedding()
2026-09-15T03:51:49.400Z         (backend): FlashAttention2Backend()
2026-09-15T03:51:49.400Z       )
2026-09-15T03:51:49.400Z       (attention_norm): QwenRMSNorm((2560,), eps=1e-06)
2026-09-15T03:51:49.400Z       (attention_residual_stream): ResidualStream(
2026-09-15T03:51:49.400Z         (dropout): Identity()
2026-09-15T03:51:49.400Z       )
2026-09-15T03:51:49.400Z       (feed_forward): FeedForward(
2026-09-15T03:51:49.400Z         (w1): Linear(in_features=2560, out_features=9216, bias=False)
2026-09-15T03:51:49.400Z         (w2): Linear(in_features=9216, out_features=2560, bias=False)
2026-09-15T03:51:49.400Z         (w3): Linear(in_features=2560, out_features=9216, bias=False)
2026-09-15T03:51:49.400Z       )
2026-09-15T03:51:49.400Z       (feed_forward_norm): QwenRMSNorm((2560,), eps=1e-06)
2026-09-15T03:51:49.400Z       (feed_forward_residual_stream): ResidualStream(
2026-09-15T03:51:49.400Z         (dropout): Identity()
2026-09-15T03:51:49.400Z       )
2026-09-15T03:51:49.400Z     )
2026-09-15T03:51:49.400Z   )
2026-09-15T03:51:49.400Z   (lm_head): LMHead(
2026-09-15T03:51:49.400Z     (norm): QwenRMSNorm((2560,), eps=1e-06)
2026-09-15T03:51:49.400Z     (w_out): Linear(in_features=2560, out_features=248320, bias=False)
2026-09-15T03:51:49.400Z   )
2026-09-15T03:51:49.400Z )
2026-09-15T03:51:49.400Z [2;36m[2026-09-15 03:51:49][0m [34mINFO    [0m [2m[olmo_core.nn.transformer.config:447, 4bd9901017c5, rank=0][0m Built model with:
2026-09-15T03:51:49.400Z - 4,841,450,496 total params
2026-09-15T03:51:49.400Z - 4,205,751,296 non-embedding params
2026-09-15T03:51:49.400Z - 4,841,450,496 trainable params
2026-09-15T03:51:49.420Z [2;36m[2026-09-15 03:51:49][0m [34mINFO    [0m [2m[olmo_core.distributed.parallel:246, 4bd9901017c5, rank=0][0m Built 1D device mesh with shape (dp=2,)
2026-09-15T03:51:49.421Z [2;36m[2026-09-15 03:51:49][0m [34mINFO    [0m [2m[olmo_core.train.train_module.transformer.train_module:142, 4bd9901017c5, rank=0][0m Data parallel world size = 2
2026-09-15T03:51:49.422Z [2;36m[2026-09-15 03:51:49][0m [34mINFO    [0m [2m[olmo_core.train.train_module.transformer.common:103, 4bd9901017c5, rank=0][0m Applied 'full' activation checkpointing to the model
2026-09-15T03:51:49.572Z [2;36m[2026-09-15 03:51:49][0m [34mINFO    [0m [2m[olmo_core.train.train_module.transformer.common:136, 4bd9901017c5, rank=0][0m Applied FSDP to the model with 1D device mesh with shape (dp=2,)
2026-09-15T03:51:49.572Z [2;36m[2026-09-15 03:51:49][0m [34mINFO    [0m [2m[olmo_core.train.train_module.transformer.common:147, 4bd9901017c5, rank=0][0m Initializing model weights...
2026-09-15T03:51:49.799Z NCCL version 2.27.5+cuda12.9
2026-09-15T03:51:50.956Z [2;36m[2026-09-15 03:51:50][0m [34mINFO    [0m [2m[olmo_core.train.train_module.transformer.train_module:200, 4bd9901017c5, rank=0][0m Building optimizer...
2026-09-15T03:51:50.959Z [2;36m[2026-09-15 03:51:50][0m [34mINFO    [0m [2m[olmo_core.optim.config:202, 4bd9901017c5, rank=0][0m Building SkipStepAdamW optimizer with 2 param group(s)...
2026-09-15T03:51:50.959Z [2;36m[2026-09-15 03:51:50][0m [34mINFO    [0m [2m[olmo_core.optim.config:210, 4bd9901017c5, rank=0][0m Group 0, 1 parameter(s):
2026-09-15T03:51:50.959Z  - weight_decay: 0.0
2026-09-15T03:51:50.959Z  - lr: 5e-06
2026-09-15T03:51:50.959Z  - betas: (0.9, 0.95)
2026-09-15T03:51:50.959Z  - eps: 1e-08
2026-09-15T03:51:50.959Z  - initial_lr: 5e-06
2026-09-15T03:51:50.959Z [2;36m[2026-09-15 03:51:50][0m [34mINFO    [0m [2m[olmo_core.optim.config:210, 4bd9901017c5, rank=0][0m Group 1, 530 parameter(s):
2026-09-15T03:51:50.959Z  - lr: 5e-06
2026-09-15T03:51:50.959Z  - betas: (0.9, 0.95)
2026-09-15T03:51:50.959Z  - eps: 1e-08
2026-09-15T03:51:50.959Z  - weight_decay: 0.0
2026-09-15T03:51:50.959Z  - initial_lr: 5e-06
2026-09-15T03:51:50.960Z [2;36m[2026-09-15 03:51:50][0m [34mINFO    [0m [2m[olmo_core.data.composable.numpy_document_source:778, 4bd9901017c5, rank=0][0m Assuming dtype 'uint32' based on vocab size
2026-09-15T03:51:50.960Z [2;36m[2026-09-15 03:51:50][0m [34mINFO    [0m [2m[olmo_core.data.composable.numpy_document_source:232, 4bd9901017c5, rank=0][0m Expanding globs...
2026-09-15T03:51:50.978Z [2;36m[2026-09-15 03:51:50][0m [34mINFO    [0m [2m[olmo_core.data.composable.numpy_document_source:257, 4bd9901017c5, rank=0][0m Expanded '/weka/oe-training-default/ai2-llm/checkpoints/prasanns/ds64/fast2k/shards/outlier_f8M/token_ids_part_*.npy' into 1 paths:
2026-09-15T03:51:50.979Z - '/weka/oe-training-default/ai2-llm/checkpoints/prasanns/ds64/fast2k/shards/outlier_f8M/token_ids_part_000000.npy'
2026-09-15T03:51:50.979Z [2;36m[2026-09-15 03:51:50][0m [34mINFO    [0m [2m[olmo_core.data.composable.numpy_document_source:232, 4bd9901017c5, rank=0][0m Expanding globs...
2026-09-15T03:51:50.980Z [2;36m[2026-09-15 03:51:50][0m [34mINFO    [0m [2m[olmo_core.data.composable.numpy_document_source:257, 4bd9901017c5, rank=0][0m Expanded '/weka/oe-training-default/ai2-llm/checkpoints/prasanns/ds64/fast2k/shards/outlier_f8M/labels_mask_*.npy' into 1 paths:
2026-09-15T03:51:50.980Z - '/weka/oe-training-default/ai2-llm/checkpoints/prasanns/ds64/fast2k/shards/outlier_f8M/labels_mask_part_000000.npy'
2026-09-15T03:51:50.981Z 
2026-09-15T03:51:51.011Z [1;36m PadToLengthInstanceSource[0m[36m(dd7dbf8)[0m: [32m16.0M[0m tokens
2026-09-15T03:51:51.011Z └─ [1;36m NumpyDocumentSource[0m[36m(cffbd9f)[0m: [32m8.6M[0m tokens[35m [/weka/oe-trai.../shards/outlier_f8M/token_ids_part_*.npy][0m
2026-09-15T03:51:51.011Z 
2026-09-15T03:51:51.012Z [2;36m[2026-09-15 03:51:51][0m [34mINFO    [0m [2m[olmo_core.train.trainer:373, 4bd9901017c5, rank=0][0m Creating new process group for async bookkeeping
2026-09-15T03:51:51.014Z [Gloo] Rank 1 is connected to 1 peer ranks. Expected number of connected peer ranks is : 1
2026-09-15T03:51:51.014Z [Gloo] Rank 0 is connected to 1 peer ranks. Expected number of connected peer ranks is : 1
2026-09-15T03:51:51.019Z [2;36m[2026-09-15 03:51:51][0m [34mINFO    [0m [2m[olmo_core.train.trainer:901, 4bd9901017c5, rank=0][0m Loading checkpoint from '/weka/oe-training-default/ai2-llm/checkpoints/prasanns/ctc_suite/bases/q35-4b-base-markerfix/model_and_optim'...
2026-09-15T03:52:10.081Z [2;36m[2026-09-15 03:52:10][0m [34mINFO    [0m [2m[olmo_core.train.trainer:922, 4bd9901017c5, rank=0][0m Checkpoint successfully loaded
2026-09-15T03:52:10.096Z [2;36m[2026-09-15 03:52:10][0m [34mINFO    [0m [2m[olmo_core.train.trainer:713, 4bd9901017c5, rank=0][0m Callback order:
2026-09-15T03:52:10.097Z [2;36m[2026-09-15 03:52:10][0m [34mINFO    [0m [2m[olmo_core.train.trainer:715, 4bd9901017c5, rank=0][0m   - Callback 1: checkpointer
2026-09-15T03:52:10.098Z [2;36m[2026-09-15 03:52:10][0m [34mINFO    [0m [2m[olmo_core.train.trainer:715, 4bd9901017c5, rank=0][0m   - Callback 2: config_saver
2026-09-15T03:52:10.098Z [2;36m[2026-09-15 03:52:10][0m [34mINFO    [0m [2m[olmo_core.train.trainer:715, 4bd9901017c5, rank=0][0m   - Callback 3: wandb
2026-09-15T03:52:10.098Z [2;36m[2026-09-15 03:52:10][0m [34mINFO    [0m [2m[olmo_core.train.trainer:715, 4bd9901017c5, rank=0][0m   - Callback 4: flop_meter
2026-09-15T03:52:10.098Z [2;36m[2026-09-15 03:52:10][0m [34mINFO    [0m [2m[olmo_core.train.trainer:715, 4bd9901017c5, rank=0][0m   - Callback 5: console_logger
2026-09-15T03:52:10.098Z [2;36m[2026-09-15 03:52:10][0m [34mINFO    [0m [2m[olmo_core.train.trainer:715, 4bd9901017c5, rank=0][0m   - Callback 6: garbage_collector
2026-09-15T03:52:10.098Z [2;36m[2026-09-15 03:52:10][0m [34mINFO    [0m [2m[olmo_core.train.trainer:715, 4bd9901017c5, rank=0][0m   - Callback 7: gpu_monitor
2026-09-15T03:52:10.098Z [2;36m[2026-09-15 03:52:10][0m [34mINFO    [0m [2m[olmo_core.train.trainer:715, 4bd9901017c5, rank=0][0m   - Callback 8: speed_monitor
2026-09-15T03:52:10.098Z [2;36m[2026-09-15 03:52:10][0m [34mINFO    [0m [2m[olmo_core.train.trainer:718, 4bd9901017c5, rank=0][0m Training for 122 steps
2026-09-15T03:52:11.879Z wandb: Currently logged in as: prasanns (allennlp) to https://api.wandb.ai. Use `wandb login --relogin` to force relogin
2026-09-15T03:52:12.668Z wandb: Tracking run with wandb version 0.23.0
2026-09-15T03:52:12.668Z wandb: Run data is saved locally in /weka/oe-training-default/ai2-llm/checkpoints/prasanns/ctc_suite/ckpts/f2k-outlier-dense-8M/wandb/wandb/run-20260915_035211-uxzcw6f7
2026-09-15T03:52:12.668Z wandb: Run `wandb offline` to turn off syncing.
2026-09-15T03:52:12.668Z wandb: Syncing run f2k-outlier-dense-8M
2026-09-15T03:52:12.668Z wandb: ⭐️ View project at https://wandb.ai/prasanns-allen-institute-for-ai/memory-networks
2026-09-15T03:52:12.668Z wandb: 🚀 View run at https://wandb.ai/prasanns-allen-institute-for-ai/memory-networks/runs/uxzcw6f7
2026-09-15T03:52:12.839Z [2;36m[2026-09-15 03:52:12][0m [34mINFO    [0m [2m[olmo_core.train.callbacks.garbage_collector:33, 4bd9901017c5, rank=0][0m Automatic GC disabled for training, will run GC every 1000 steps
2026-09-15T03:52:12.840Z [2;36m[2026-09-15 03:52:12][0m [34mINFO    [0m [2m[olmo_core.train.callbacks.gpu_memory_monitor:41, 4bd9901017c5, rank=0][0m GPU capacity: NVIDIA A100-SXM4-80GB with 79.25GiB memory of which 9.03GiB is currently allocated and 9.05GiB is currently reserved.
2026-09-15T03:52:12.840Z [2;36m[2026-09-15 03:52:12][0m [34mINFO    [0m [2m[olmo_core.train.callbacks.speed_monitor:114, 4bd9901017c5, rank=0][0m Device: NVIDIA A100-SXM4-80GB, Device peak Flops/s: 312000000000000
2026-09-15T03:52:12.857Z [2;36m[2026-09-15 03:52:12][0m [34mINFO    [0m [2m[olmo_core.train.trainer:1452, 4bd9901017c5, rank=0][0m Starting forward/backward dry-run batch...
2026-09-15T03:54:46.036Z [2;36m[2026-09-15 03:54:46][0m [34mINFO    [0m [2m[olmo_core.train.trainer:1454, 4bd9901017c5, rank=0][0m Dry-run complete
2026-09-15T03:54:46.038Z [2;36m[2026-09-15 03:54:46][0m [34mINFO    [0m [2m[olmo_core.data.composable.data_loader:575, 4bd9901017c5, rank=0][0m Saving global data order indices for seed 34521 and epoch 1 to:
2026-09-15T03:54:46.038Z '/weka/oe-training-default/ai2-llm/checkpoints/prasanns/dataset-cache-ctc-suite/global_indices_epoch1_max_seq_len4096_seed34521_seq_len4096_shuffleinter_source_size3906_v1.npy'...
2026-09-15T03:54:46.042Z [2;36m[2026-09-15 03:54:46][0m [34mINFO    [0m [2m[olmo_core.data.composable.data_loader:585, 4bd9901017c5, rank=0][0m Global data order indices saved to:
2026-09-15T03:54:46.042Z '/weka/oe-training-default/ai2-llm/checkpoints/prasanns/dataset-cache-ctc-suite/global_indices_epoch1_max_seq_len4096_seed34521_seq_len4096_shuffleinter_source_size3906_v1.npy'
2026-09-15T03:54:46.043Z [2;36m[2026-09-15 03:54:46][0m [34mINFO    [0m [2m[olmo_core.train.trainer:1459, 4bd9901017c5, rank=0][0m Starting epoch 1...
2026-09-15T03:54:51.422Z Supported flash-attn versions are >= 2.1.1, <= 2.8.1. Found flash-attn 2.8.2.
2026-09-15T03:54:51.425Z Supported flash-attn versions are >= 2.1.1, <= 2.8.1. Found flash-attn 2.8.2.
2026-09-15T03:54:51.454Z Supported flash-attn versions are >= 2.1.1, <= 2.8.1. Found flash-attn 2.8.2.
2026-09-15T03:54:51.457Z Supported flash-attn versions are >= 2.1.1, <= 2.8.1. Found flash-attn 2.8.2.
2026-09-15T03:54:57.784Z Supported flash-attn versions are >= 2.1.1, <= 2.8.1. Found flash-attn 2.8.2.
2026-09-15T03:54:57.788Z Supported flash-attn versions are >= 2.1.1, <= 2.8.1. Found flash-attn 2.8.2.
2026-09-15T03:54:57.818Z Supported flash-attn versions are >= 2.1.1, <= 2.8.1. Found flash-attn 2.8.2.
2026-09-15T03:54:57.822Z Supported flash-attn versions are >= 2.1.1, <= 2.8.1. Found flash-attn 2.8.2.
2026-09-15T03:55:15.232Z [2;36m[2026-09-15 03:55:15][0m [33mWARNING [0m [2m[py.warnings:112, 4bd9901017c5, rank=1][0m /opt/conda/lib/python3.12/site-packages/torch/distributed/utils.py:106: UserWarning: called a synchronizing CUDA operation (Triggered internally at /pytorch/c10/cuda/CUDAFunctions.cpp:162.)
2026-09-15T03:55:15.232Z   return (obj.to(target_device),)
2026-09-15T03:55:15.232Z 
2026-09-15T03:55:15.232Z [2;36m[2026-09-15 03:55:15][0m [33mWARNING [0m [2m[py.warnings:112, 4bd9901017c5, rank=0][0m /opt/conda/lib/python3.12/site-packages/torch/distributed/utils.py:106: UserWarning: called a synchronizing CUDA operation (Triggered internally at /pytorch/c10/cuda/CUDAFunctions.cpp:162.)
2026-09-15T03:55:15.233Z   return (obj.to(target_device),)
2026-09-15T03:55:15.233Z 
2026-09-15T03:55:15.239Z [2;36m[2026-09-15 03:55:15][0m [34mINFO    [0m [2m[olmo_core.train.callbacks.console_logger:68, 4bd9901017c5, rank=0][0m [step=1/122,epoch=1]
2026-09-15T03:55:15.239Z     gpu_memory/GPU active mem (%)=78.46
2026-09-15T03:55:15.239Z     gpu_memory/GPU active mem (GiB)=62.18
2026-09-15T03:55:15.239Z     gpu_memory/GPU reserved mem (%)=83.74
2026-09-15T03:55:15.239Z     gpu_memory/GPU reserved mem (GiB)=66.36
2026-09-15T03:55:15.239Z     optim/LR (group 0)=1.25E-06
2026-09-15T03:55:15.239Z     optim/LR (group 1)=1.25E-06
2026-09-15T03:55:15.239Z     optim/step skipped=0.0
2026-09-15T03:55:15.239Z     optim/total grad norm=91.42
2026-09-15T03:55:15.239Z     train/CE loss=0.7793
2026-09-15T03:55:15.239Z     throughput/device/data loading (s)=12.88
2026-09-15T03:55:15.239Z     train/PPL=2.180
2026-09-15T03:55:15.986Z [2;36m[2026-09-15 03:55:15][0m [33mWARNING [0m [2m[py.warnings:112, 4bd9901017c5, rank=0][0m /opt/conda/lib/python3.12/site-packages/liger_kernel/ops/fused_linear_cross_entropy.py:75: UserWarning: called a synchronizing CUDA operation (Triggered internally at /pytorch/c10/cuda/CUDAFunctions.cpp:162.)
2026-09-15T03:55:15.986Z   total_n_non_ignore = target_mask.sum().item()
2026-09-15T03:55:15.986Z 
2026-09-15T03:55:15.986Z [2;36m[2026-09-15 03:55:15][0m [33mWARNING [0m [2m[py.warnings:112, 4bd9901017c5, rank=1][0m /opt/conda/lib/python3.12/site-packages/liger_kernel/ops/fused_linear_cross_entropy.py:75: UserWarning: called a synchronizing CUDA operation (Triggered internally at /pytorch/c10/cuda/CUDAFunctions.cpp:162.)
2026-09-15T03:55:15.986Z   total_n_non_ignore = target_mask.sum().item()
2026-09-15T03:55:15.986Z 
2026-09-15T03:55:16.718Z [2;36m[2026-09-15 03:55:16][0m [33mWARNING [0m [2m[py.warnings:112, 4bd9901017c5, rank=0][0m /opt/conda/lib/python3.12/site-packages/liger_kernel/ops/fused_linear_cross_entropy.py:233: UserWarning: called a synchronizing CUDA operation (Triggered internally at /pytorch/c10/cuda/CUDAFunctions.cpp:162.)
2026-09-15T03:55:16.718Z   if not torch.equal(grad_output, torch.tensor(1.0, device=grad_output.device)):
2026-09-15T03:55:16.718Z 
2026-09-15T03:55:16.721Z [2;36m[2026-09-15 03:55:16][0m [33mWARNING [0m [2m[py.warnings:112, 4bd9901017c5, rank=1][0m /opt/conda/lib/python3.12/site-packages/liger_kernel/ops/fused_linear_cross_entropy.py:233: UserWarning: called a synchronizing CUDA operation (Triggered internally at /pytorch/c10/cuda/CUDAFunctions.cpp:162.)
2026-09-15T03:55:16.721Z   if not torch.equal(grad_output, torch.tensor(1.0, device=grad_output.device)):
2026-09-15T03:55:16.721Z 
2026-09-15T03:55:30.113Z [2;36m[2026-09-15 03:55:30][0m [34mINFO    [0m [2m[olmo_core.train.callbacks.console_logger:68, 4bd9901017c5, rank=0][0m [step=2/122,epoch=1,eta=30m]
2026-09-15T03:55:30.115Z     gpu_memory/GPU active mem (%)=78.46
2026-09-15T03:55:30.115Z     gpu_memory/GPU active mem (GiB)=62.18
2026-09-15T03:55:30.115Z     gpu_memory/GPU reserved mem (%)=83.74
2026-09-15T03:55:30.115Z     gpu_memory/GPU reserved mem (GiB)=66.36
2026-09-15T03:55:30.115Z     optim/LR (group 0)=2.50E-06
2026-09-15T03:55:30.115Z     optim/LR (group 1)=2.50E-06
2026-09-15T03:55:30.115Z     optim/step skipped=0.0
2026-09-15T03:55:30.115Z     optim/total grad norm=68.00
2026-09-15T03:55:30.115Z     throughput/chinchilla multiple=3.12E-06
2026-09-15T03:55:30.115Z     throughput/device/BPS=0.0673
2026-09-15T03:55:30.115Z     throughput/device/BPS (actual avg)=0.0673
2026-09-15T03:55:30.115Z     throughput/device/MFU=32.35
2026-09-15T03:55:30.115Z     throughput/device/MFU (actual avg)=32.35
2026-09-15T03:55:30.115Z     throughput/device/TPS=4,407
2026-09-15T03:55:30.115Z     throughput/device/TPS (actual avg)=4,407
2026-09-15T03:55:30.115Z     throughput/device/flopsPS=100.9T
2026-09-15T03:55:30.115Z     throughput/device/flopsPS (actual avg)=100.9T
2026-09-15T03:55:30.115Z     throughput/total petaflops=6.003
2026-09-15T03:55:30.115Z     throughput/total tokens=262,144
2026-09-15T03:55:30.115Z     train/CE loss=0.6267
2026-09-15T03:55:30.115Z     throughput/device/data loading (%)=0.0679
2026-09-15T03:55:30.115Z     throughput/device/data loading (s)=0.0101
2026-09-15T03:55:30.115Z     train/PPL=1.871
2026-09-15T03:55:45.025Z [2;36m[2026-09-15 03:55:45][0m [34mINFO    [0m [2m[olmo_core.train.callbacks.console_logger:68, 4bd9901017c5, rank=0][0m [step=3/122,epoch=1,eta=30m]
2026-09-15T03:55:45.025Z     gpu_memory/GPU active mem (%)=78.46
2026-09-15T03:55:45.025Z     gpu_memory/GPU active mem (GiB)=62.18
2026-09-15T03:55:45.025Z     gpu_memory/GPU reserved mem (%)=83.74
2026-09-15T03:55:45.025Z     gpu_memory/GPU reserved mem (GiB)=66.36
2026-09-15T03:55:45.025Z     optim/LR (group 0)=3.75E-06
2026-09-15T03:55:45.025Z     optim/LR (group 1)=3.75E-06
2026-09-15T03:55:45.025Z     optim/step skipped=0.0
2026-09-15T03:55:45.025Z     optim/total grad norm=37.87
2026-09-15T03:55:45.025Z     throughput/chinchilla multiple=4.67E-06
2026-09-15T03:55:45.025Z     throughput/device/BPS=0.0671
2026-09-15T03:55:45.025Z     throughput/device/BPS (actual avg)=0.0672
2026-09-15T03:55:45.025Z     throughput/device/MFU=32.26
2026-09-15T03:55:45.025Z     throughput/device/MFU (actual avg)=32.30
2026-09-15T03:55:45.025Z     throughput/device/TPS=4,395
2026-09-15T03:55:45.025Z     throughput/device/TPS (actual avg)=4,401
2026-09-15T03:55:45.025Z     throughput/device/flopsPS=100.6T
2026-09-15T03:55:45.025Z     throughput/device/flopsPS (actual avg)=100.8T
2026-09-15T03:55:45.025Z     throughput/total petaflops=9.004
2026-09-15T03:55:45.025Z     throughput/total tokens=393,216
2026-09-15T03:55:45.025Z     train/CE loss=0.4550
2026-09-15T03:55:45.025Z     throughput/device/data loading (%)=0.0119
2026-09-15T03:55:45.025Z     throughput/device/data loading (s)=0.0018
2026-09-15T03:55:45.025Z     train/PPL=1.576
2026-09-15T03:55:59.953Z [2;36m[2026-09-15 03:55:59][0m [34mINFO    [0m [2m[olmo_core.train.callbacks.console_logger:68, 4bd9901017c5, rank=0][0m [step=4/122,epoch=1,eta=30m]
2026-09-15T03:55:59.954Z     gpu_memory/GPU active mem (%)=78.46
2026-09-15T03:55:59.954Z     gpu_memory/GPU active mem (GiB)=62.18
2026-09-15T03:55:59.954Z     gpu_memory/GPU reserved mem (%)=83.74
2026-09-15T03:55:59.954Z     gpu_memory/GPU reserved mem (GiB)=66.36
2026-09-15T03:55:59.954Z     optim/LR (group 0)=5.00E-06
2026-09-15T03:55:59.954Z     optim/LR (group 1)=5.00E-06
2026-09-15T03:55:59.954Z     optim/step skipped=0.0
2026-09-15T03:55:59.954Z     optim/total grad norm=13.58
2026-09-15T03:55:59.954Z     throughput/chinchilla multiple=6.23E-06
2026-09-15T03:55:59.954Z     throughput/device/BPS=0.0670
2026-09-15T03:55:59.954Z     throughput/device/BPS (actual avg)=0.0671
2026-09-15T03:55:59.954Z     throughput/device/MFU=32.22
2026-09-15T03:55:59.954Z     throughput/device/MFU (actual avg)=32.28
2026-09-15T03:55:59.954Z     throughput/device/TPS=4,390
2026-09-15T03:55:59.954Z     throughput/device/TPS (actual avg)=4,397
2026-09-15T03:55:59.954Z     throughput/device/flopsPS=100.5T
2026-09-15T03:55:59.954Z     throughput/device/flopsPS (actual avg)=100.7T
2026-09-15T03:55:59.954Z     throughput/total petaflops=12.01
2026-09-15T03:55:59.954Z     throughput/total tokens=524,288
2026-09-15T03:55:59.954Z     train/CE loss=0.2663
2026-09-15T03:55:59.954Z     throughput/device/data loading (%)=0.0142
2026-09-15T03:55:59.954Z     throughput/device/data loading (s)=0.0021
2026-09-15T03:55:59.954Z     train/PPL=1.305
2026-09-15T03:56:14.892Z [2;36m[2026-09-15 03:56:14][0m [34mINFO    [0m [2m[olmo_core.train.callbacks.console_logger:68, 4bd9901017c5, rank=0][0m [step=5/122,epoch=1,eta=29m]
2026-09-15T03:56:14.892Z     gpu_memory/GPU active mem (%)=78.46
2026-09-15T03:56:14.892Z     gpu_memory/GPU active mem (GiB)=62.18
2026-09-15T03:56:14.892Z     gpu_memory/GPU reserved mem (%)=83.74
2026-09-15T03:56:14.892Z     gpu_memory/GPU reserved mem (GiB)=66.36
2026-09-15T03:56:14.892Z     optim/LR (group 0)=4.96E-06
2026-09-15T03:56:14.892Z     optim/LR (group 1)=4.96E-06
2026-09-15T03:56:14.892Z     optim/step skipped=0.0
2026-09-15T03:56:14.892Z     optim/total grad norm=9.711
2026-09-15T03:56:14.892Z     throughput/chinchilla multiple=7.79E-06
2026-09-15T03:56:14.892Z     throughput/device/BPS=0.0669
2026-09-15T03:56:14.892Z     throughput/device/BPS (actual avg)=0.0671
2026-09-15T03:56:14.892Z     throughput/device/MFU=32.20
2026-09-15T03:56:14.892Z     throughput/device/MFU (actual avg)=32.26
2026-09-15T03:56:14.892Z     throughput/device/TPS=4,386
2026-09-15T03:56:14.892Z     throughput/device/TPS (actual avg)=4,394
2026-09-15T03:56:14.892Z     throughput/device/flopsPS=100.5T
2026-09-15T03:56:14.892Z     throughput/device/flopsPS (actual avg)=100.6T
2026-09-15T03:56:14.892Z     throughput/total petaflops=15.01
2026-09-15T03:56:14.893Z     throughput/total tokens=655,360
2026-09-15T03:56:14.893Z     train/CE loss=0.1780
2026-09-15T03:56:14.893Z     throughput/device/data loading (%)=0.0178
2026-09-15T03:56:14.893Z     throughput/device/data loading (s)=0.0027
2026-09-15T03:56:14.893Z     train/PPL=1.195
2026-09-15T03:56:29.838Z [2;36m[2026-09-15 03:56:29][0m [34mINFO    [0m [2m[olmo_core.train.callbacks.console_logger:68, 4bd9901017c5, rank=0][0m [step=6/122,epoch=1,eta=29m]
2026-09-15T03:56:29.838Z     gpu_memory/GPU active mem (%)=78.46
2026-09-15T03:56:29.838Z     gpu_memory/GPU active mem (GiB)=62.18
2026-09-15T03:56:29.838Z     gpu_memory/GPU reserved mem (%)=83.74
2026-09-15T03:56:29.838Z     gpu_memory/GPU reserved mem (GiB)=66.36
2026-09-15T03:56:29.838Z     optim/LR (group 0)=4.92E-06
2026-09-15T03:56:29.838Z     optim/LR (group 1)=4.92E-06
2026-09-15T03:56:29.838Z     optim/step skipped=0.0
2026-09-15T03:56:29.838Z     optim/total grad norm=25.14
2026-09-15T03:56:29.838Z     throughput/chinchilla multiple=9.35E-06
2026-09-15T03:56:29.838Z     throughput/device/BPS=0.0669
2026-09-15T03:56:29.838Z     throughput/device/BPS (actual avg)=0.0670
2026-09-15T03:56:29.838Z     throughput/device/MFU=32.18
2026-09-15T03:56:29.838Z     throughput/device/MFU (actual avg)=32.24
2026-09-15T03:56:29.838Z     throughput/device/TPS=4,384
2026-09-15T03:56:29.838Z     throughput/device/TPS (actual avg)=4,392
2026-09-15T03:56:29.838Z     throughput/device/flopsPS=100.4T
2026-09-15T03:56:29.838Z     throughput/device/flopsPS (actual avg)=100.6T
2026-09-15T03:56:29.838Z     throughput/total petaflops=18.01
2026-09-15T03:56:29.838Z     throughput/total tokens=786,432
2026-09-15T03:56:29.838Z     train/CE loss=0.1974
2026-09-15T03:56:29.838Z     throughput/device/data loading (%)=0.0144
2026-09-15T03:56:29.838Z     throughput/device/data loading (s)=0.0022
2026-09-15T03:56:29.838Z     train/PPL=1.218
2026-09-15T03:56:44.794Z [2;36m[2026-09-15 03:56:44][0m [34mINFO    [0m [2m[olmo_core.train.callbacks.console_logger:68, 4bd9901017c5, rank=0][0m [step=7/122,epoch=1,eta=29m]
2026-09-15T03:56:44.794Z     gpu_memory/GPU active mem (%)=78.46
2026-09-15T03:56:44.794Z     gpu_memory/GPU active mem (GiB)=62.18
2026-09-15T03:56:44.794Z     gpu_memory/GPU reserved mem (%)=83.74
2026-09-15T03:56:44.794Z     gpu_memory/GPU reserved mem (GiB)=66.36
2026-09-15T03:56:44.794Z     optim/LR (group 0)=4.87E-06
2026-09-15T03:56:44.794Z     optim/LR (group 1)=4.87E-06
2026-09-15T03:56:44.794Z     optim/step skipped=0.0
2026-09-15T03:56:44.794Z     optim/total grad norm=14.27
2026-09-15T03:56:44.794Z     throughput/chinchilla multiple=1.09E-05
2026-09-15T03:56:44.794Z     throughput/device/BPS=0.0669
2026-09-15T03:56:44.794Z     throughput/device/BPS (actual avg)=0.0670
2026-09-15T03:56:44.794Z     throughput/device/MFU=32.16
2026-09-15T03:56:44.794Z     throughput/device/MFU (actual avg)=32.23
2026-09-15T03:56:44.794Z     throughput/device/TPS=4,381
2026-09-15T03:56:44.794Z     throughput/device/TPS (actual avg)=4,391
2026-09-15T03:56:44.794Z     throughput/device/flopsPS=100.3T
2026-09-15T03:56:44.794Z     throughput/device/flopsPS (actual avg)=100.6T
2026-09-15T03:56:44.794Z     throughput/total petaflops=21.01
2026-09-15T03:56:44.794Z     throughput/total tokens=917,504
2026-09-15T03:56:44.794Z     train/CE loss=0.1733
2026-09-15T03:56:44.794Z     throughput/device/data loading (%)=0.0111
2026-09-15T03:56:44.794Z     throughput/device/data loading (s)=0.0017
2026-09-15T03:56:44.794Z     train/PPL=1.189
2026-09-15T03:56:59.754Z [2;36m[2026-09-15 03:56:59][0m [34mINFO    [0m [2m[olmo_core.train.callbacks.console_logger:68, 4bd9901017c5, rank=0][0m [step=8/122,epoch=1,eta=29m]
2026-09-15T03:56:59.754Z     gpu_memory/GPU active mem (%)=78.46
2026-09-15T03:56:59.754Z     gpu_memory/GPU active mem (GiB)=62.18
2026-09-15T03:56:59.754Z     gpu_memory/GPU reserved mem (%)=83.74
2026-09-15T03:56:59.754Z     gpu_memory/GPU reserved mem (GiB)=66.36
2026-09-15T03:56:59.754Z     optim/LR (group 0)=4.83E-06
2026-09-15T03:56:59.754Z     optim/LR (group 1)=4.83E-06
2026-09-15T03:56:59.754Z     optim/step skipped=0.0
2026-09-15T03:56:59.754Z     optim/total grad norm=6.649
2026-09-15T03:56:59.754Z     throughput/chinchilla multiple=1.25E-05
2026-09-15T03:56:59.754Z     throughput/device/BPS=0.0669
2026-09-15T03:56:59.754Z     throughput/device/BPS (actual avg)=0.0670
2026-09-15T03:56:59.754Z     throughput/device/MFU=32.16
2026-09-15T03:56:59.754Z     throughput/device/MFU (actual avg)=32.22
2026-09-15T03:56:59.754Z     throughput/device/TPS=4,381
2026-09-15T03:56:59.754Z     throughput/device/TPS (actual avg)=4,389
2026-09-15T03:56:59.754Z     throughput/device/flopsPS=100.3T
2026-09-15T03:56:59.754Z     throughput/device/flopsPS (actual avg)=100.5T
2026-09-15T03:56:59.754Z     throughput/total petaflops=24.01
2026-09-15T03:56:59.754Z     throughput/total tokens=1,048,576
2026-09-15T03:56:59.754Z     train/CE loss=0.1175
2026-09-15T03:56:59.754Z     throughput/device/data loading (%)=0.0111
2026-09-15T03:56:59.754Z     throughput/device/data loading (s)=0.0017
2026-09-15T03:56:59.754Z     train/PPL=1.125
2026-09-15T03:57:14.709Z [2;36m[2026-09-15 03:57:14][0m [34mINFO    [0m [2m[olmo_core.train.callbacks.console_logger:68, 4bd9901017c5, rank=0][0m [step=9/122,epoch=1,eta=28m]
2026-09-15T03:57:14.710Z     gpu_memory/GPU active mem (%)=78.46
2026-09-15T03:57:14.710Z     gpu_memory/GPU active mem (GiB)=62.18
2026-09-15T03:57:14.710Z     gpu_memory/GPU reserved mem (%)=83.74
2026-09-15T03:57:14.710Z     gpu_memory/GPU reserved mem (GiB)=66.36
2026-09-15T03:57:14.710Z     optim/LR (group 0)=4.79E-06
2026-09-15T03:57:14.710Z     optim/LR (group 1)=4.79E-06
2026-09-15T03:57:14.710Z     optim/step skipped=0.0
2026-09-15T03:57:14.710Z     optim/total grad norm=5.575
2026-09-15T03:57:14.710Z     throughput/chinchilla multiple=1.40E-05
2026-09-15T03:57:14.710Z     throughput/device/BPS=0.0669
2026-09-15T03:57:14.710Z     throughput/device/BPS (actual avg)=0.0670
2026-09-15T03:57:14.710Z     throughput/device/MFU=32.16
2026-09-15T03:57:14.710Z     throughput/device/MFU (actual avg)=32.21
2026-09-15T03:57:14.710Z     throughput/device/TPS=4,381
2026-09-15T03:57:14.710Z     throughput/device/TPS (actual avg)=4,388
2026-09-15T03:57:14.710Z     throughput/device/flopsPS=100.3T
2026-09-15T03:57:14.710Z     throughput/device/flopsPS (actual avg)=100.5T
2026-09-15T03:57:14.710Z     throughput/total petaflops=27.01
2026-09-15T03:57:14.710Z     throughput/total tokens=1,179,648
2026-09-15T03:57:14.710Z     train/CE loss=0.1200
2026-09-15T03:57:14.710Z     throughput/device/data loading (%)=0.0135
2026-09-15T03:57:14.710Z     throughput/device/data loading (s)=0.0020
2026-09-15T03:57:14.710Z     train/PPL=1.127
2026-09-15T03:57:29.667Z [2;36m[2026-09-15 03:57:29][0m [34mINFO    [0m [2m[olmo_core.train.callbacks.console_logger:68, 4bd9901017c5, rank=0][0m [step=10/122,epoch=1,eta=28m]
2026-09-15T03:57:29.667Z     gpu_memory/GPU active mem (%)=78.46
2026-09-15T03:57:29.667Z     gpu_memory/GPU active mem (GiB)=62.18
2026-09-15T03:57:29.667Z     gpu_memory/GPU reserved mem (%)=83.74
2026-09-15T03:57:29.667Z     gpu_memory/GPU reserved mem (GiB)=66.36
2026-09-15T03:57:29.667Z     optim/LR (group 0)=4.75E-06
2026-09-15T03:57:29.667Z     optim/LR (group 1)=4.75E-06
2026-09-15T03:57:29.667Z     optim/step skipped=0.0
2026-09-15T03:57:29.667Z     optim/total grad norm=5.036
2026-09-15T03:57:29.667Z     throughput/chinchilla multiple=1.56E-05
2026-09-15T03:57:29.667Z     throughput/device/BPS=0.0668
2026-09-15T03:57:29.667Z     throughput/device/BPS (actual avg)=0.0670
2026-09-15T03:57:29.667Z     throughput/device/MFU=32.15
2026-09-15T03:57:29.667Z     throughput/device/MFU (actual avg)=32.20
2026-09-15T03:57:29.667Z     throughput/device/TPS=4,380
2026-09-15T03:57:29.667Z     throughput/device/TPS (actual avg)=4,387
2026-09-15T03:57:29.667Z     throughput/device/flopsPS=100.3T
2026-09-15T03:57:29.667Z     throughput/device/flopsPS (actual avg)=100.5T
2026-09-15T03:57:29.667Z     throughput/total petaflops=30.01
2026-09-15T03:57:29.667Z     throughput/total tokens=1,310,720
2026-09-15T03:57:29.667Z     train/CE loss=0.0928
2026-09-15T03:57:29.667Z     throughput/device/data loading (%)=0.0116
2026-09-15T03:57:29.667Z     throughput/device/data loading (s)=0.0017
2026-09-15T03:57:29.667Z     train/PPL=1.097
2026-09-15T03:57:44.634Z [2;36m[2026-09-15 03:57:44][0m [34mINFO    [0m [2m[olmo_core.train.callbacks.console_logger:68, 4bd9901017c5, rank=0][0m [step=11/122,epoch=1,eta=28m]
2026-09-15T03:57:44.634Z     gpu_memory/GPU active mem (%)=78.46
2026-09-15T03:57:44.634Z     gpu_memory/GPU active mem (GiB)=62.18
2026-09-15T03:57:44.634Z     gpu_memory/GPU reserved mem (%)=83.74
2026-09-15T03:57:44.634Z     gpu_memory/GPU reserved mem (GiB)=66.36
2026-09-15T03:57:44.634Z     optim/LR (group 0)=4.70E-06
2026-09-15T03:57:44.634Z     optim/LR (group 1)=4.70E-06
2026-09-15T03:57:44.634Z     optim/step skipped=0.0
2026-09-15T03:57:44.634Z     optim/total grad norm=6.986
2026-09-15T03:57:44.634Z     throughput/chinchilla multiple=1.71E-05
2026-09-15T03:57:44.634Z     throughput/device/BPS=0.0668
2026-09-15T03:57:44.634Z     throughput/device/BPS (actual avg)=0.0669
2026-09-15T03:57:44.634Z     throughput/device/MFU=32.15
2026-09-15T03:57:44.634Z     throughput/device/MFU (actual avg)=32.20
2026-09-15T03:57:44.634Z     throughput/device/TPS=4,379
2026-09-15T03:57:44.634Z     throughput/device/TPS (actual avg)=4,386
2026-09-15T03:57:44.634Z     throughput/device/flopsPS=100.3T
2026-09-15T03:57:44.634Z     throughput/device/flopsPS (actual avg)=100.5T
2026-09-15T03:57:44.634Z     throughput/total petaflops=33.02
2026-09-15T03:57:44.634Z     throughput/total tokens=1,441,792
2026-09-15T03:57:44.634Z     train/CE loss=0.0944
2026-09-15T03:57:44.634Z     throughput/device/data loading (%)=0.0132
2026-09-15T03:57:44.634Z     throughput/device/data loading (s)=0.0020
2026-09-15T03:57:44.634Z     train/PPL=1.099
2026-09-15T03:57:59.596Z [2;36m[2026-09-15 03:57:59][0m [34mINFO    [0m [2m[olmo_core.train.callbacks.console_logger:68, 4bd9901017c5, rank=0][0m [step=12/122,epoch=1,eta=28m]
2026-09-15T03:57:59.596Z     gpu_memory/GPU active mem (%)=78.46
2026-09-15T03:57:59.596Z     gpu_memory/GPU active mem (GiB)=62.18
2026-09-15T03:57:59.596Z     gpu_memory/GPU reserved mem (%)=83.74
2026-09-15T03:57:59.596Z     gpu_memory/GPU reserved mem (GiB)=66.36
2026-09-15T03:57:59.596Z     optim/LR (group 0)=4.66E-06
2026-09-15T03:57:59.596Z     optim/LR (group 1)=4.66E-06
2026-09-15T03:57:59.596Z     optim/step skipped=0.0
2026-09-15T03:57:59.596Z     optim/total grad norm=11.36
2026-09-15T03:57:59.596Z     throughput/chinchilla multiple=1.87E-05
2026-09-15T03:57:59.596Z     throughput/device/BPS=0.0668
2026-09-15T03:57:59.596Z     throughput/device/BPS (actual avg)=0.0669
2026-09-15T03:57:59.596Z     throughput/device/MFU=32.15
2026-09-15T03:57:59.596Z     throughput/device/MFU (actual avg)=32.19
2026-09-15T03:57:59.596Z     throughput/device/TPS=4,380
2026-09-15T03:57:59.596Z     throughput/device/TPS (actual avg)=4,386
2026-09-15T03:57:59.596Z     throughput/device/flopsPS=100.3T
2026-09-15T03:57:59.596Z     throughput/device/flopsPS (actual avg)=100.4T
2026-09-15T03:57:59.596Z     throughput/total petaflops=36.02
2026-09-15T03:57:59.596Z     throughput/total tokens=1,572,864
2026-09-15T03:57:59.596Z     train/CE loss=0.0768
2026-09-15T03:57:59.596Z     throughput/device/data loading (%)=0.0122
2026-09-15T03:57:59.596Z     throughput/device/data loading (s)=0.0018
2026-09-15T03:57:59.596Z     train/PPL=1.080
2026-09-15T03:58:14.551Z [2;36m[2026-09-15 03:58:14][0m [34mINFO    [0m [2m[olmo_core.train.callbacks.console_logger:68, 4bd9901017c5, rank=0][0m [step=13/122,epoch=1,eta=27m]
2026-09-15T03:58:14.551Z     gpu_memory/GPU active mem (%)=78.46
2026-09-15T03:58:14.551Z     gpu_memory/GPU active mem (GiB)=62.18
2026-09-15T03:58:14.551Z     gpu_memory/GPU reserved mem (%)=83.74
2026-09-15T03:58:14.551Z     gpu_memory/GPU reserved mem (GiB)=66.36
2026-09-15T03:58:14.551Z     optim/LR (group 0)=4.62E-06
2026-09-15T03:58:14.551Z     optim/LR (group 1)=4.62E-06
2026-09-15T03:58:14.551Z     optim/step skipped=0.0
2026-09-15T03:58:14.551Z     optim/total grad norm=10.58
2026-09-15T03:58:14.551Z     throughput/chinchilla multiple=2.03E-05
2026-09-15T03:58:14.551Z     throughput/device/BPS=0.0669
2026-09-15T03:58:14.551Z     throughput/device/BPS (actual avg)=0.0669
2026-09-15T03:58:14.551Z     throughput/device/MFU=32.16
2026-09-15T03:58:14.551Z     throughput/device/MFU (actual avg)=32.19
2026-09-15T03:58:14.551Z     throughput/device/TPS=4,382
2026-09-15T03:58:14.551Z     throughput/device/TPS (actual avg)=4,385
2026-09-15T03:58:14.551Z     throughput/device/flopsPS=100.3T
2026-09-15T03:58:14.551Z     throughput/device/flopsPS (actual avg)=100.4T
2026-09-15T03:58:14.551Z     throughput/total petaflops=39.02
2026-09-15T03:58:14.551Z     throughput/total tokens=1,703,936
2026-09-15T03:58:14.551Z     train/CE loss=0.1105
2026-09-15T03:58:14.551Z     throughput/device/data loading (%)=0.0137
2026-09-15T03:58:14.551Z     throughput/device/data loading (s)=0.0020
2026-09-15T03:58:14.551Z     train/PPL=1.117
2026-09-15T03:58:29.515Z [2;36m[2026-09-15 03:58:29][0m [34mINFO    [0m [2m[olmo_core.train.callbacks.console_logger:68, 4bd9901017c5, rank=0][0m [step=14/122,epoch=1,eta=27m]
2026-09-15T03:58:29.515Z     gpu_memory/GPU active mem (%)=78.46
2026-09-15T03:58:29.515Z     gpu_memory/GPU active mem (GiB)=62.18
2026-09-15T03:58:29.515Z     gpu_memory/GPU reserved mem (%)=83.74
2026-09-15T03:58:29.515Z     gpu_memory/GPU reserved mem (GiB)=66.36
2026-09-15T03:58:29.515Z     optim/LR (group 0)=4.58E-06
2026-09-15T03:58:29.515Z     optim/LR (group 1)=4.58E-06
2026-09-15T03:58:29.515Z     optim/step skipped=0.0
2026-09-15T03:58:29.515Z     optim/total grad norm=7.707
2026-09-15T03:58:29.515Z     throughput/chinchilla multiple=2.18E-05
2026-09-15T03:58:29.515Z     throughput/device/BPS=0.0668
2026-09-15T03:58:29.515Z     throughput/device/BPS (actual avg)=0.0669
2026-09-15T03:58:29.515Z     throughput/device/MFU=32.14
2026-09-15T03:58:29.515Z     throughput/device/MFU (actual avg)=32.19
2026-09-15T03:58:29.515Z     throughput/device/TPS=4,379
2026-09-15T03:58:29.515Z     throughput/device/TPS (actual avg)=4,385
2026-09-15T03:58:29.515Z     throughput/device/flopsPS=100.3T
2026-09-15T03:58:29.515Z     throughput/device/flopsPS (actual avg)=100.4T
2026-09-15T03:58:29.515Z     throughput/total petaflops=42.02
2026-09-15T03:58:29.515Z     throughput/total tokens=1,835,008
2026-09-15T03:58:29.515Z     train/CE loss=0.0845
2026-09-15T03:58:29.515Z     throughput/device/data loading (%)=0.0117
2026-09-15T03:58:29.515Z     throughput/device/data loading (s)=0.0017
2026-09-15T03:58:29.515Z     train/PPL=1.088
2026-09-15T03:58:38.625Z [2;36m[2026-09-15 03:58:38][0m [33mWARNING [0m [2m[py.warnings:112, 4bd9901017c5, rank=0][0m /opt/conda/lib/python3.12/site-packages/liger_kernel/ops/fused_linear_cross_entropy.py:233: UserWarning: called a synchronizing CUDA operation (Triggered internally at /pytorch/c10/cuda/CUDAFunctions.cpp:162.)
2026-09-15T03:58:38.625Z   if not torch.equal(grad_output, torch.tensor(1.0, device=grad_output.device)):
2026-09-15T03:58:38.625Z 
2026-09-15T03:58:40.804Z [2;36m[2026-09-15 03:58:40][0m [33mWARNING [0m [2m[py.warnings:112, 4bd9901017c5, rank=0][0m /opt/conda/lib/python3.12/site-packages/torch/distributed/utils.py:106: UserWarning: called a synchronizing CUDA operation (Triggered internally at /pytorch/c10/cuda/CUDAFunctions.cpp:162.)
2026-09-15T03:58:40.804Z   return (obj.to(target_device),)
2026-09-15T03:58:40.804Z 
2026-09-15T03:58:41.563Z [2;36m[2026-09-15 03:58:41][0m [33mWARNING [0m [2m[py.warnings:112, 4bd9901017c5, rank=0][0m /opt/conda/lib/python3.12/site-packages/liger_kernel/ops/fused_linear_cross_entropy.py:75: UserWarning: called a synchronizing CUDA operation (Triggered internally at /pytorch/c10/cuda/CUDAFunctions.cpp:162.)
2026-09-15T03:58:41.563Z   total_n_non_ignore = target_mask.sum().item()
2026-09-15T03:58:41.563Z 
2026-09-15T03:58:44.735Z [2;36m[2026-09-15 03:58:44][0m [34mINFO    [0m [2m[olmo_core.train.callbacks.console_logger:68, 4bd9901017c5, rank=0][0m [step=15/122,epoch=1,eta=27m]
2026-09-15T03:58:44.735Z     gpu_memory/GPU active mem (%)=78.46
2026-09-15T03:58:44.735Z     gpu_memory/GPU active mem (GiB)=62.18
2026-09-15T03:58:44.735Z     gpu_memory/GPU reserved mem (%)=83.74
2026-09-15T03:58:44.735Z     gpu_memory/GPU reserved mem (GiB)=66.36
2026-09-15T03:58:44.735Z     optim/LR (group 0)=4.53E-06
2026-09-15T03:58:44.735Z     optim/LR (group 1)=4.53E-06
2026-09-15T03:58:44.735Z     optim/step skipped=0.0
2026-09-15T03:58:44.735Z     optim/total grad norm=12.44
2026-09-15T03:58:44.735Z     throughput/chinchilla multiple=2.34E-05
2026-09-15T03:58:44.735Z     throughput/device/BPS=0.0657
2026-09-15T03:58:44.735Z     throughput/device/BPS (actual avg)=0.0668
2026-09-15T03:58:44.735Z     throughput/device/MFU=31.61
2026-09-15T03:58:44.735Z     throughput/device/MFU (actual avg)=32.15
2026-09-15T03:58:44.735Z     throughput/device/TPS=4,306
2026-09-15T03:58:44.735Z     throughput/device/TPS (actual avg)=4,379
2026-09-15T03:58:44.735Z     throughput/device/flopsPS=98.62T
2026-09-15T03:58:44.735Z     throughput/device/flopsPS (actual avg)=100.3T
2026-09-15T03:58:44.735Z     throughput/total petaflops=45.02
2026-09-15T03:58:44.735Z     throughput/total tokens=1,966,080
2026-09-15T03:58:44.735Z     train/CE loss=0.0648
2026-09-15T03:58:44.735Z     throughput/device/data loading (%)=0.0108
2026-09-15T03:58:44.735Z     throughput/device/data loading (s)=0.0016
2026-09-15T03:58:44.735Z     train/PPL=1.067
2026-09-15T03:58:59.698Z [2;36m[2026-09-15 03:58:59][0m [34mINFO    [0m [2m[olmo_core.train.callbacks.console_logger:68, 4bd9901017c5, rank=0][0m [step=16/122,epoch=1,eta=27m]
2026-09-15T03:58:59.698Z     gpu_memory/GPU active mem (%)=78.46
2026-09-15T03:58:59.698Z     gpu_memory/GPU active mem (GiB)=62.18
2026-09-15T03:58:59.698Z     gpu_memory/GPU reserved mem (%)=83.74
2026-09-15T03:58:59.698Z     gpu_memory/GPU reserved mem (GiB)=66.36
2026-09-15T03:58:59.698Z     optim/LR (group 0)=4.49E-06
2026-09-15T03:58:59.699Z     optim/LR (group 1)=4.49E-06
2026-09-15T03:58:59.699Z     optim/step skipped=0.0
2026-09-15T03:58:59.699Z     optim/total grad norm=4.719
2026-09-15T03:58:59.699Z     throughput/chinchilla multiple=2.49E-05
2026-09-15T03:58:59.699Z     throughput/device/BPS=0.0668
2026-09-15T03:58:59.699Z     throughput/device/BPS (actual avg)=0.0668
2026-09-15T03:58:59.699Z     throughput/device/MFU=32.14
2026-09-15T03:58:59.699Z     throughput/device/MFU (actual avg)=32.15
2026-09-15T03:58:59.699Z     throughput/device/TPS=4,379
2026-09-15T03:58:59.699Z     throughput/device/TPS (actual avg)=4,379
2026-09-15T03:58:59.699Z     throughput/device/flopsPS=100.3T
2026-09-15T03:58:59.699Z     throughput/device/flopsPS (actual avg)=100.3T
2026-09-15T03:58:59.699Z     throughput/total petaflops=48.02
2026-09-15T03:58:59.699Z     throughput/total tokens=2,097,152
2026-09-15T03:58:59.699Z     train/CE loss=0.0757
2026-09-15T03:58:59.699Z     throughput/device/data loading (%)=0.0109
2026-09-15T03:58:59.699Z     throughput/device/data loading (s)=0.0016
2026-09-15T03:58:59.699Z     train/PPL=1.079
2026-09-15T03:59:14.661Z [2;36m[2026-09-15 03:59:14][0m [34mINFO    [0m [2m[olmo_core.train.callbacks.console_logger:68, 4bd9901017c5, rank=0][0m [step=17/122,epoch=1,eta=26m]
2026-09-15T03:59:14.661Z     gpu_memory/GPU active mem (%)=78.46
2026-09-15T03:59:14.661Z     gpu_memory/GPU active mem (GiB)=62.18
2026-09-15T03:59:14.661Z     gpu_memory/GPU reserved mem (%)=83.74
2026-09-15T03:59:14.661Z     gpu_memory/GPU reserved mem (GiB)=66.36
2026-09-15T03:59:14.661Z     optim/LR (group 0)=4.45E-06
2026-09-15T03:59:14.661Z     optim/LR (group 1)=4.45E-06
2026-09-15T03:59:14.661Z     optim/step skipped=0.0
2026-09-15T03:59:14.661Z     optim/total grad norm=10.06
2026-09-15T03:59:14.661Z     throughput/chinchilla multiple=2.65E-05
2026-09-15T03:59:14.661Z     throughput/device/BPS=0.0668
2026-09-15T03:59:14.661Z     throughput/device/BPS (actual avg)=0.0668
2026-09-15T03:59:14.661Z     throughput/device/MFU=32.15
2026-09-15T03:59:14.661Z     throughput/device/MFU (actual avg)=32.15
2026-09-15T03:59:14.661Z     throughput/device/TPS=4,379
2026-09-15T03:59:14.661Z     throughput/device/TPS (actual avg)=4,379
2026-09-15T03:59:14.661Z     throughput/device/flopsPS=100.3T
2026-09-15T03:59:14.661Z     throughput/device/flopsPS (actual avg)=100.3T
2026-09-15T03:59:14.661Z     throughput/total petaflops=51.02
2026-09-15T03:59:14.661Z     throughput/total tokens=2,228,224
2026-09-15T03:59:14.661Z     train/CE loss=0.0762
2026-09-15T03:59:14.661Z     throughput/device/data loading (%)=0.0115
2026-09-15T03:59:14.661Z     throughput/device/data loading (s)=0.0017
2026-09-15T03:59:14.661Z     train/PPL=1.079
2026-09-15T03:59:29.624Z [2;36m[2026-09-15 03:59:29][0m [34mINFO    [0m [2m[olmo_core.train.callbacks.console_logger:68, 4bd9901017c5, rank=0][0m [step=18/122,epoch=1,eta=26m]
2026-09-15T03:59:29.624Z     gpu_memory/GPU active mem (%)=78.46
2026-09-15T03:59:29.624Z     gpu_memory/GPU active mem (GiB)=62.18
2026-09-15T03:59:29.624Z     gpu_memory/GPU reserved mem (%)=83.74
2026-09-15T03:59:29.624Z     gpu_memory/GPU reserved mem (GiB)=66.36
2026-09-15T03:59:29.624Z     optim/LR (group 0)=4.41E-06
2026-09-15T03:59:29.624Z     optim/LR (group 1)=4.41E-06
2026-09-15T03:59:29.624Z     optim/step skipped=0.0
2026-09-15T03:59:29.624Z     optim/total grad norm=4.990
2026-09-15T03:59:29.624Z     throughput/chinchilla multiple=2.80E-05
2026-09-15T03:59:29.624Z     throughput/device/BPS=0.0668
2026-09-15T03:59:29.624Z     throughput/device/BPS (actual avg)=0.0668
2026-09-15T03:59:29.624Z     throughput/device/MFU=32.14
2026-09-15T03:59:29.624Z     throughput/device/MFU (actual avg)=32.15
2026-09-15T03:59:29.624Z     throughput/device/TPS=4,379
2026-09-15T03:59:29.624Z     throughput/device/TPS (actual avg)=4,379
2026-09-15T03:59:29.624Z     throughput/device/flopsPS=100.3T
2026-09-15T03:59:29.624Z     throughput/device/flopsPS (actual avg)=100.3T
2026-09-15T03:59:29.624Z     throughput/total petaflops=54.03
2026-09-15T03:59:29.624Z     throughput/total tokens=2,359,296
2026-09-15T03:59:29.624Z     train/CE loss=0.0640
2026-09-15T03:59:29.624Z     throughput/device/data loading (%)=0.0117
2026-09-15T03:59:29.624Z     throughput/device/data loading (s)=0.0017
2026-09-15T03:59:29.624Z     train/PPL=1.066
2026-09-15T03:59:44.591Z [2;36m[2026-09-15 03:59:44][0m [34mINFO    [0m [2m[olmo_core.train.callbacks.console_logger:68, 4bd9901017c5, rank=0][0m [step=19/122,epoch=1,eta=26m]
2026-09-15T03:59:44.591Z     gpu_memory/GPU active mem (%)=78.46
2026-09-15T03:59:44.591Z     gpu_memory/GPU active mem (GiB)=62.18
2026-09-15T03:59:44.591Z     gpu_memory/GPU reserved mem (%)=83.74
2026-09-15T03:59:44.591Z     gpu_memory/GPU reserved mem (GiB)=66.36
2026-09-15T03:59:44.591Z     optim/LR (group 0)=4.36E-06
2026-09-15T03:59:44.591Z     optim/LR (group 1)=4.36E-06
2026-09-15T03:59:44.591Z     optim/step skipped=0.0
2026-09-15T03:59:44.591Z     optim/total grad norm=8.201
2026-09-15T03:59:44.591Z     throughput/chinchilla multiple=2.96E-05
2026-09-15T03:59:44.591Z     throughput/device/BPS=0.0668
2026-09-15T03:59:44.591Z     throughput/device/BPS (actual avg)=0.0668
2026-09-15T03:59:44.591Z     throughput/device/MFU=32.14
2026-09-15T03:59:44.591Z     throughput/device/MFU (actual avg)=32.14
2026-09-15T03:59:44.591Z     throughput/device/TPS=4,378
2026-09-15T03:59:44.591Z     throughput/device/TPS (actual avg)=4,379
2026-09-15T03:59:44.591Z     throughput/device/flopsPS=100.3T
2026-09-15T03:59:44.591Z     throughput/device/flopsPS (actual avg)=100.3T
2026-09-15T03:59:44.591Z     throughput/total petaflops=57.03
2026-09-15T03:59:44.591Z     throughput/total tokens=2,490,368
2026-09-15T03:59:44.591Z     train/CE loss=0.0933
2026-09-15T03:59:44.591Z     throughput/device/data loading (%)=0.0104
2026-09-15T03:59:44.591Z     throughput/device/data loading (s)=0.0016
2026-09-15T03:59:44.591Z     train/PPL=1.098
2026-09-15T03:59:59.562Z [2;36m[2026-09-15 03:59:59][0m [34mINFO    [0m [2m[olmo_core.train.callbacks.console_logger:68, 4bd9901017c5, rank=0][0m [step=20/122,epoch=1,eta=26m]
2026-09-15T03:59:59.562Z     gpu_memory/GPU active mem (%)=78.46
2026-09-15T03:59:59.562Z     gpu_memory/GPU active mem (GiB)=62.18
2026-09-15T03:59:59.562Z     gpu_memory/GPU reserved mem (%)=83.74
2026-09-15T03:59:59.562Z     gpu_memory/GPU reserved mem (GiB)=66.36
2026-09-15T03:59:59.562Z     optim/LR (group 0)=4.32E-06
2026-09-15T03:59:59.562Z     optim/LR (group 1)=4.32E-06
2026-09-15T03:59:59.562Z     optim/step skipped=0.0
2026-09-15T03:59:59.562Z     optim/total grad norm=4.141
2026-09-15T03:59:59.562Z     throughput/chinchilla multiple=3.12E-05
2026-09-15T03:59:59.562Z     throughput/device/BPS=0.0668
2026-09-15T03:59:59.562Z     throughput/device/BPS (actual avg)=0.0668
2026-09-15T03:59:59.562Z     throughput/device/MFU=32.13
2026-09-15T03:59:59.562Z     throughput/device/MFU (actual avg)=32.14
2026-09-15T03:59:59.562Z     throughput/device/TPS=4,377
2026-09-15T03:59:59.562Z     throughput/device/TPS (actual avg)=4,379
2026-09-15T03:59:59.562Z     throughput/device/flopsPS=100.2T
2026-09-15T03:59:59.562Z     throughput/device/flopsPS (actual avg)=100.3T
2026-09-15T03:59:59.562Z     throughput/total petaflops=60.03
2026-09-15T03:59:59.562Z     throughput/total tokens=2,621,440
2026-09-15T03:59:59.562Z     train/CE loss=0.0707
2026-09-15T03:59:59.562Z     throughput/device/data loading (%)=0.0124
2026-09-15T03:59:59.562Z     throughput/device/data loading (s)=0.0019
2026-09-15T03:59:59.562Z     train/PPL=1.073
2026-09-15T04:00:14.532Z [2;36m[2026-09-15 04:00:14][0m [34mINFO    [0m [2m[olmo_core.train.callbacks.console_logger:68, 4bd9901017c5, rank=0][0m [step=21/122,epoch=1,eta=25m]
2026-09-15T04:00:14.532Z     gpu_memory/GPU active mem (%)=78.46
2026-09-15T04:00:14.532Z     gpu_memory/GPU active mem (GiB)=62.18
2026-09-15T04:00:14.532Z     gpu_memory/GPU reserved mem (%)=83.74
2026-09-15T04:00:14.532Z     gpu_memory/GPU reserved mem (GiB)=66.36
2026-09-15T04:00:14.532Z     optim/LR (group 0)=4.28E-06
2026-09-15T04:00:14.532Z     optim/LR (group 1)=4.28E-06
2026-09-15T04:00:14.532Z     optim/step skipped=0.0
2026-09-15T04:00:14.532Z     optim/total grad norm=14.82
2026-09-15T04:00:14.532Z     throughput/chinchilla multiple=3.27E-05
2026-09-15T04:00:14.532Z     throughput/device/BPS=0.0668
2026-09-15T04:00:14.532Z     throughput/device/BPS (actual avg)=0.0668
2026-09-15T04:00:14.532Z     throughput/device/MFU=32.13
2026-09-15T04:00:14.532Z     throughput/device/MFU (actual avg)=32.14
2026-09-15T04:00:14.532Z     throughput/device/TPS=4,378
2026-09-15T04:00:14.532Z     throughput/device/TPS (actual avg)=4,379
2026-09-15T04:00:14.532Z     throughput/device/flopsPS=100.3T
2026-09-15T04:00:14.532Z     throughput/device/flopsPS (actual avg)=100.3T
2026-09-15T04:00:14.532Z     throughput/total petaflops=63.03
2026-09-15T04:00:14.532Z     throughput/total tokens=2,752,512
2026-09-15T04:00:14.532Z     train/CE loss=0.0750
2026-09-15T04:00:14.532Z     throughput/device/data loading (%)=0.0105
2026-09-15T04:00:14.532Z     throughput/device/data loading (s)=0.0016
2026-09-15T04:00:14.532Z     train/PPL=1.078
2026-09-15T04:00:29.499Z [2;36m[2026-09-15 04:00:29][0m [34mINFO    [0m [2m[olmo_core.train.callbacks.console_logger:68, 4bd9901017c5, rank=0][0m [step=22/122,epoch=1,eta=25m]
2026-09-15T04:00:29.499Z     gpu_memory/GPU active mem (%)=78.46
2026-09-15T04:00:29.499Z     gpu_memory/GPU active mem (GiB)=62.18
2026-09-15T04:00:29.499Z     gpu_memory/GPU reserved mem (%)=83.74
2026-09-15T04:00:29.499Z     gpu_memory/GPU reserved mem (GiB)=66.36
2026-09-15T04:00:29.499Z     optim/LR (group 0)=4.24E-06
2026-09-15T04:00:29.499Z     optim/LR (group 1)=4.24E-06
2026-09-15T04:00:29.499Z     optim/step skipped=0.0
2026-09-15T04:00:29.499Z     optim/total grad norm=20.01
2026-09-15T04:00:29.499Z     throughput/chinchilla multiple=3.43E-05
2026-09-15T04:00:29.499Z     throughput/device/BPS=0.0668
2026-09-15T04:00:29.499Z     throughput/device/BPS (actual avg)=0.0668
2026-09-15T04:00:29.499Z     throughput/device/MFU=32.14
2026-09-15T04:00:29.499Z     throughput/device/MFU (actual avg)=32.14
2026-09-15T04:00:29.499Z     throughput/device/TPS=4,378
2026-09-15T04:00:29.499Z     throughput/device/TPS (actual avg)=4,379
2026-09-15T04:00:29.499Z     throughput/device/flopsPS=100.3T
2026-09-15T04:00:29.499Z     throughput/device/flopsPS (actual avg)=100.3T
2026-09-15T04:00:29.499Z     throughput/total petaflops=66.03
2026-09-15T04:00:29.499Z     throughput/total tokens=2,883,584
2026-09-15T04:00:29.499Z     train/CE loss=0.0922
2026-09-15T04:00:29.499Z     throughput/device/data loading (%)=0.0146
2026-09-15T04:00:29.499Z     throughput/device/data loading (s)=0.0022
2026-09-15T04:00:29.499Z     train/PPL=1.097
2026-09-15T04:00:44.461Z [2;36m[2026-09-15 04:00:44][0m [34mINFO    [0m [2m[olmo_core.train.callbacks.console_logger:68, 4bd9901017c5, rank=0][0m [step=23/122,epoch=1,eta=25m]
2026-09-15T04:00:44.462Z     gpu_memory/GPU active mem (%)=78.46
2026-09-15T04:00:44.462Z     gpu_memory/GPU active mem (GiB)=62.18
2026-09-15T04:00:44.462Z     gpu_memory/GPU reserved mem (%)=83.74
2026-09-15T04:00:44.462Z     gpu_memory/GPU reserved mem (GiB)=66.36
2026-09-15T04:00:44.462Z     optim/LR (group 0)=4.19E-06
2026-09-15T04:00:44.462Z     optim/LR (group 1)=4.19E-06
2026-09-15T04:00:44.462Z     optim/step skipped=0.0
2026-09-15T04:00:44.462Z     optim/total grad norm=6.323
2026-09-15T04:00:44.462Z     throughput/chinchilla multiple=3.58E-05
2026-09-15T04:00:44.462Z     throughput/device/BPS=0.0668
2026-09-15T04:00:44.462Z     throughput/device/BPS (actual avg)=0.0668
2026-09-15T04:00:44.462Z     throughput/device/MFU=32.15
2026-09-15T04:00:44.462Z     throughput/device/MFU (actual avg)=32.14
2026-09-15T04:00:44.462Z     throughput/device/TPS=4,379
2026-09-15T04:00:44.462Z     throughput/device/TPS (actual avg)=4,379
2026-09-15T04:00:44.462Z     throughput/device/flopsPS=100.3T
2026-09-15T04:00:44.462Z     throughput/device/flopsPS (actual avg)=100.3T
2026-09-15T04:00:44.462Z     throughput/total petaflops=69.03
2026-09-15T04:00:44.462Z     throughput/total tokens=3,014,656
2026-09-15T04:00:44.462Z     train/CE loss=0.0550
2026-09-15T04:00:44.462Z     throughput/device/data loading (%)=0.0106
2026-09-15T04:00:44.462Z     throughput/device/data loading (s)=0.0016
2026-09-15T04:00:44.462Z     train/PPL=1.057
2026-09-15T04:00:59.425Z [2;36m[2026-09-15 04:00:59][0m [34mINFO    [0m [2m[olmo_core.train.callbacks.console_logger:68, 4bd9901017c5, rank=0][0m [step=24/122,epoch=1,eta=25m]
2026-09-15T04:00:59.425Z     gpu_memory/GPU active mem (%)=78.46
2026-09-15T04:00:59.425Z     gpu_memory/GPU active mem (GiB)=62.18
2026-09-15T04:00:59.425Z     gpu_memory/GPU reserved mem (%)=83.74
2026-09-15T04:00:59.425Z     gpu_memory/GPU reserved mem (GiB)=66.36
2026-09-15T04:00:59.425Z     optim/LR (group 0)=4.15E-06
2026-09-15T04:00:59.425Z     optim/LR (group 1)=4.15E-06
2026-09-15T04:00:59.425Z     optim/step skipped=0.0
2026-09-15T04:00:59.425Z     optim/total grad norm=8.250
2026-09-15T04:00:59.425Z     throughput/chinchilla multiple=3.74E-05
2026-09-15T04:00:59.425Z     throughput/device/BPS=0.0668
2026-09-15T04:00:59.425Z     throughput/device/BPS (actual avg)=0.0668
2026-09-15T04:00:59.425Z     throughput/device/MFU=32.15
2026-09-15T04:00:59.425Z     throughput/device/MFU (actual avg)=32.14
2026-09-15T04:00:59.425Z     throughput/device/TPS=4,379
2026-09-15T04:00:59.425Z     throughput/device/TPS (actual avg)=4,379
2026-09-15T04:00:59.425Z     throughput/device/flopsPS=100.3T
2026-09-15T04:00:59.425Z     throughput/device/flopsPS (actual avg)=100.3T
2026-09-15T04:00:59.425Z     throughput/total petaflops=72.04
2026-09-15T04:00:59.425Z     throughput/total tokens=3,145,728
2026-09-15T04:00:59.425Z     train/CE loss=0.0950
2026-09-15T04:00:59.425Z     throughput/device/data loading (%)=0.0112
2026-09-15T04:00:59.425Z     throughput/device/data loading (s)=0.0017
2026-09-15T04:00:59.425Z     train/PPL=1.100
2026-09-15T04:01:14.390Z [2;36m[2026-09-15 04:01:14][0m [34mINFO    [0m [2m[olmo_core.train.callbacks.console_logger:68, 4bd9901017c5, rank=0][0m [step=25/122,epoch=1,eta=24m]
2026-09-15T04:01:14.390Z     gpu_memory/GPU active mem (%)=78.46
2026-09-15T04:01:14.390Z     gpu_memory/GPU active mem (GiB)=62.18
2026-09-15T04:01:14.390Z     gpu_memory/GPU reserved mem (%)=83.74
2026-09-15T04:01:14.390Z     gpu_memory/GPU reserved mem (GiB)=66.36
2026-09-15T04:01:14.390Z     optim/LR (group 0)=4.11E-06
2026-09-15T04:01:14.390Z     optim/LR (group 1)=4.11E-06
2026-09-15T04:01:14.390Z     optim/step skipped=0.0
2026-09-15T04:01:14.390Z     optim/total grad norm=2.248
2026-09-15T04:01:14.390Z     throughput/chinchilla multiple=3.90E-05
2026-09-15T04:01:14.390Z     throughput/device/BPS=0.0668
2026-09-15T04:01:14.390Z     throughput/device/BPS (actual avg)=0.0668
2026-09-15T04:01:14.390Z     throughput/device/MFU=32.14
2026-09-15T04:01:14.390Z     throughput/device/MFU (actual avg)=32.14
2026-09-15T04:01:14.390Z     throughput/device/TPS=4,379
2026-09-15T04:01:14.390Z     throughput/device/TPS (actual avg)=4,379
2026-09-15T04:01:14.390Z     throughput/device/flopsPS=100.3T
2026-09-15T04:01:14.390Z     throughput/device/flopsPS (actual avg)=100.3T
2026-09-15T04:01:14.390Z     throughput/total petaflops=75.04
2026-09-15T04:01:14.390Z     throughput/total tokens=3,276,800
2026-09-15T04:01:14.390Z     train/CE loss=0.0346
2026-09-15T04:01:14.390Z     throughput/device/data loading (%)=0.0120
2026-09-15T04:01:14.390Z     throughput/device/data loading (s)=0.0018
2026-09-15T04:01:14.390Z     train/PPL=1.035
2026-09-15T04:01:29.355Z [2;36m[2026-09-15 04:01:29][0m [34mINFO    [0m [2m[olmo_core.train.callbacks.console_logger:68, 4bd9901017c5, rank=0][0m [step=26/122,epoch=1,eta=24m]
2026-09-15T04:01:29.356Z     gpu_memory/GPU active mem (%)=78.46
2026-09-15T04:01:29.356Z     gpu_memory/GPU active mem (GiB)=62.18
2026-09-15T04:01:29.356Z     gpu_memory/GPU reserved mem (%)=83.74
2026-09-15T04:01:29.356Z     gpu_memory/GPU reserved mem (GiB)=66.36
2026-09-15T04:01:29.356Z     optim/LR (group 0)=4.07E-06
2026-09-15T04:01:29.356Z     optim/LR (group 1)=4.07E-06
2026-09-15T04:01:29.356Z     optim/step skipped=0.0
2026-09-15T04:01:29.356Z     optim/total grad norm=4.579
2026-09-15T04:01:29.356Z     throughput/chinchilla multiple=4.05E-05
2026-09-15T04:01:29.356Z     throughput/device/BPS=0.0668
2026-09-15T04:01:29.356Z     throughput/device/BPS (actual avg)=0.0668
2026-09-15T04:01:29.356Z     throughput/device/MFU=32.14
2026-09-15T04:01:29.356Z     throughput/device/MFU (actual avg)=32.14
2026-09-15T04:01:29.356Z     throughput/device/TPS=4,379
2026-09-15T04:01:29.356Z     throughput/device/TPS (actual avg)=4,379
2026-09-15T04:01:29.356Z     throughput/device/flopsPS=100.3T
2026-09-15T04:01:29.356Z     throughput/device/flopsPS (actual avg)=100.3T
2026-09-15T04:01:29.356Z     throughput/total petaflops=78.04
2026-09-15T04:01:29.356Z     throughput/total tokens=3,407,872
2026-09-15T04:01:29.356Z     train/CE loss=0.0509
2026-09-15T04:01:29.356Z     throughput/device/data loading (%)=0.0097
2026-09-15T04:01:29.356Z     throughput/device/data loading (s)=0.0015
2026-09-15T04:01:29.356Z     train/PPL=1.052
2026-09-15T04:01:44.333Z [2;36m[2026-09-15 04:01:44][0m [34mINFO    [0m [2m[olmo_core.train.callbacks.console_logger:68, 4bd9901017c5, rank=0][0m [step=27/122,epoch=1,eta=24m]
2026-09-15T04:01:44.333Z     gpu_memory/GPU active mem (%)=78.46
2026-09-15T04:01:44.333Z     gpu_memory/GPU active mem (GiB)=62.18
2026-09-15T04:01:44.333Z     gpu_memory/GPU reserved mem (%)=83.74
2026-09-15T04:01:44.333Z     gpu_memory/GPU reserved mem (GiB)=66.36
2026-09-15T04:01:44.333Z     optim/LR (group 0)=4.03E-06
2026-09-15T04:01:44.333Z     optim/LR (group 1)=4.03E-06
2026-09-15T04:01:44.333Z     optim/step skipped=0.0
2026-09-15T04:01:44.333Z     optim/total grad norm=16.69
2026-09-15T04:01:44.333Z     throughput/chinchilla multiple=4.21E-05
2026-09-15T04:01:44.333Z     throughput/device/BPS=0.0668
2026-09-15T04:01:44.333Z     throughput/device/BPS (actual avg)=0.0668
2026-09-15T04:01:44.333Z     throughput/device/MFU=32.12
2026-09-15T04:01:44.333Z     throughput/device/MFU (actual avg)=32.14
2026-09-15T04:01:44.333Z     throughput/device/TPS=4,376
2026-09-15T04:01:44.333Z     throughput/device/TPS (actual avg)=4,379
2026-09-15T04:01:44.333Z     throughput/device/flopsPS=100.2T
2026-09-15T04:01:44.333Z     throughput/device/flopsPS (actual avg)=100.3T
2026-09-15T04:01:44.333Z     throughput/total petaflops=81.04
2026-09-15T04:01:44.333Z     throughput/total tokens=3,538,944
2026-09-15T04:01:44.333Z     train/CE loss=0.0641
2026-09-15T04:01:44.333Z     throughput/device/data loading (%)=0.0112
2026-09-15T04:01:44.333Z     throughput/device/data loading (s)=0.0017
2026-09-15T04:01:44.333Z     train/PPL=1.066
2026-09-15T04:01:59.302Z [2;36m[2026-09-15 04:01:59][0m [34mINFO    [0m [2m[olmo_core.train.callbacks.console_logger:68, 4bd9901017c5, rank=0][0m [step=28/122,epoch=1,eta=24m]
2026-09-15T04:01:59.302Z     gpu_memory/GPU active mem (%)=78.46
2026-09-15T04:01:59.302Z     gpu_memory/GPU active mem (GiB)=62.18
2026-09-15T04:01:59.302Z     gpu_memory/GPU reserved mem (%)=83.74
2026-09-15T04:01:59.302Z     gpu_memory/GPU reserved mem (GiB)=66.36
2026-09-15T04:01:59.302Z     optim/LR (group 0)=3.98E-06
2026-09-15T04:01:59.302Z     optim/LR (group 1)=3.98E-06
2026-09-15T04:01:59.302Z     optim/step skipped=0.0
2026-09-15T04:01:59.302Z     optim/total grad norm=2.537
2026-09-15T04:01:59.302Z     throughput/chinchilla multiple=4.36E-05
2026-09-15T04:01:59.302Z     throughput/device/BPS=0.0668
2026-09-15T04:01:59.302Z     throughput/device/BPS (actual avg)=0.0668
2026-09-15T04:01:59.302Z     throughput/device/MFU=32.13
2026-09-15T04:01:59.302Z     throughput/device/MFU (actual avg)=32.14
2026-09-15T04:01:59.302Z     throughput/device/TPS=4,377
2026-09-15T04:01:59.302Z     throughput/device/TPS (actual avg)=4,379
2026-09-15T04:01:59.302Z     throughput/device/flopsPS=100.2T
2026-09-15T04:01:59.302Z     throughput/device/flopsPS (actual avg)=100.3T
2026-09-15T04:01:59.302Z     throughput/total petaflops=84.04
2026-09-15T04:01:59.302Z     throughput/total tokens=3,670,016
2026-09-15T04:01:59.302Z     train/CE loss=0.0371
2026-09-15T04:01:59.302Z     throughput/device/data loading (%)=0.0139
2026-09-15T04:01:59.302Z     throughput/device/data loading (s)=0.0021
2026-09-15T04:01:59.302Z     train/PPL=1.038
2026-09-15T04:02:14.270Z [2;36m[2026-09-15 04:02:14][0m [34mINFO    [0m [2m[olmo_core.train.callbacks.console_logger:68, 4bd9901017c5, rank=0][0m [step=29/122,epoch=1,eta=23m]
2026-09-15T04:02:14.270Z     gpu_memory/GPU active mem (%)=78.46
2026-09-15T04:02:14.270Z     gpu_memory/GPU active mem (GiB)=62.18
2026-09-15T04:02:14.270Z     gpu_memory/GPU reserved mem (%)=83.74
2026-09-15T04:02:14.270Z     gpu_memory/GPU reserved mem (GiB)=66.36
2026-09-15T04:02:14.270Z     optim/LR (group 0)=3.94E-06
2026-09-15T04:02:14.270Z     optim/LR (group 1)=3.94E-06
2026-09-15T04:02:14.270Z     optim/step skipped=0.0
2026-09-15T04:02:14.270Z     optim/total grad norm=7.211
2026-09-15T04:02:14.270Z     throughput/chinchilla multiple=4.52E-05
2026-09-15T04:02:14.270Z     throughput/device/BPS=0.0668
2026-09-15T04:02:14.270Z     throughput/device/BPS (actual avg)=0.0668
2026-09-15T04:02:14.270Z     throughput/device/MFU=32.14
2026-09-15T04:02:14.270Z     throughput/device/MFU (actual avg)=32.14
2026-09-15T04:02:14.270Z     throughput/device/TPS=4,378
2026-09-15T04:02:14.270Z     throughput/device/TPS (actual avg)=4,379
2026-09-15T04:02:14.270Z     throughput/device/flopsPS=100.3T
2026-09-15T04:02:14.270Z     throughput/device/flopsPS (actual avg)=100.3T
2026-09-15T04:02:14.270Z     throughput/total petaflops=87.04
2026-09-15T04:02:14.270Z     throughput/total tokens=3,801,088
2026-09-15T04:02:14.270Z     train/CE loss=0.0590
2026-09-15T04:02:14.270Z     throughput/device/data loading (%)=0.0118
2026-09-15T04:02:14.270Z     throughput/device/data loading (s)=0.0018
2026-09-15T04:02:14.270Z     train/PPL=1.061
2026-09-15T04:02:29.237Z [2;36m[2026-09-15 04:02:29][0m [34mINFO    [0m [2m[olmo_core.train.callbacks.console_logger:68, 4bd9901017c5, rank=0][0m [step=30/122,epoch=1,eta=23m]
2026-09-15T04:02:29.237Z     gpu_memory/GPU active mem (%)=78.46
2026-09-15T04:02:29.237Z     gpu_memory/GPU active mem (GiB)=62.18
2026-09-15T04:02:29.237Z     gpu_memory/GPU reserved mem (%)=83.74
2026-09-15T04:02:29.237Z     gpu_memory/GPU reserved mem (GiB)=66.36
2026-09-15T04:02:29.237Z     optim/LR (group 0)=3.90E-06
2026-09-15T04:02:29.237Z     optim/LR (group 1)=3.90E-06
2026-09-15T04:02:29.237Z     optim/step skipped=0.0
2026-09-15T04:02:29.237Z     optim/total grad norm=10.71
2026-09-15T04:02:29.237Z     throughput/chinchilla multiple=4.67E-05
2026-09-15T04:02:29.237Z     throughput/device/BPS=0.0668
2026-09-15T04:02:29.237Z     throughput/device/BPS (actual avg)=0.0668
2026-09-15T04:02:29.237Z     throughput/device/MFU=32.14
2026-09-15T04:02:29.237Z     throughput/device/MFU (actual avg)=32.14
2026-09-15T04:02:29.237Z     throughput/device/TPS=4,379
2026-09-15T04:02:29.237Z     throughput/device/TPS (actual avg)=4,379
2026-09-15T04:02:29.237Z     throughput/device/flopsPS=100.3T
2026-09-15T04:02:29.237Z     throughput/device/flopsPS (actual avg)=100.3T
2026-09-15T04:02:29.237Z     throughput/total petaflops=90.04
2026-09-15T04:02:29.237Z     throughput/total tokens=3,932,160
2026-09-15T04:02:29.237Z     train/CE loss=0.0790
2026-09-15T04:02:29.237Z     throughput/device/data loading (%)=0.0117
2026-09-15T04:02:29.237Z     throughput/device/data loading (s)=0.0017
2026-09-15T04:02:29.237Z     train/PPL=1.082
2026-09-15T04:02:44.201Z [2;36m[2026-09-15 04:02:44][0m [34mINFO    [0m [2m[olmo_core.train.callbacks.console_logger:68, 4bd9901017c5, rank=0][0m [step=31/122,epoch=1,eta=23m]
2026-09-15T04:02:44.201Z     gpu_memory/GPU active mem (%)=78.46
2026-09-15T04:02:44.201Z     gpu_memory/GPU active mem (GiB)=62.18
2026-09-15T04:02:44.201Z     gpu_memory/GPU reserved mem (%)=83.74
2026-09-15T04:02:44.201Z     gpu_memory/GPU reserved mem (GiB)=66.36
2026-09-15T04:02:44.201Z     optim/LR (group 0)=3.86E-06
2026-09-15T04:02:44.201Z     optim/LR (group 1)=3.86E-06
2026-09-15T04:02:44.201Z     optim/step skipped=0.0
2026-09-15T04:02:44.201Z     optim/total grad norm=3.411
2026-09-15T04:02:44.201Z     throughput/chinchilla multiple=4.83E-05
2026-09-15T04:02:44.201Z     throughput/device/BPS=0.0668
2026-09-15T04:02:44.201Z     throughput/device/BPS (actual avg)=0.0668
2026-09-15T04:02:44.201Z     throughput/device/MFU=32.14
2026-09-15T04:02:44.201Z     throughput/device/MFU (actual avg)=32.14
2026-09-15T04:02:44.201Z     throughput/device/TPS=4,379
2026-09-15T04:02:44.201Z     throughput/device/TPS (actual avg)=4,379
2026-09-15T04:02:44.202Z     throughput/device/flopsPS=100.3T
2026-09-15T04:02:44.202Z     throughput/device/flopsPS (actual avg)=100.3T
2026-09-15T04:02:44.202Z     throughput/total petaflops=93.05
2026-09-15T04:02:44.202Z     throughput/total tokens=4,063,232
2026-09-15T04:02:44.202Z     train/CE loss=0.0371
2026-09-15T04:02:44.202Z     throughput/device/data loading (%)=0.0109
2026-09-15T04:02:44.202Z     throughput/device/data loading (s)=0.0016
2026-09-15T04:02:44.202Z     train/PPL=1.038
2026-09-15T04:02:59.173Z [2;36m[2026-09-15 04:02:59][0m [34mINFO    [0m [2m[olmo_core.train.callbacks.console_logger:68, 4bd9901017c5, rank=0][0m [step=32/122,epoch=1,eta=23m]
2026-09-15T04:02:59.173Z     gpu_memory/GPU active mem (%)=78.46
2026-09-15T04:02:59.173Z     gpu_memory/GPU active mem (GiB)=62.18
2026-09-15T04:02:59.173Z     gpu_memory/GPU reserved mem (%)=83.74
2026-09-15T04:02:59.173Z     gpu_memory/GPU reserved mem (GiB)=66.36
2026-09-15T04:02:59.173Z     optim/LR (group 0)=3.81E-06
2026-09-15T04:02:59.173Z     optim/LR (group 1)=3.81E-06
2026-09-15T04:02:59.173Z     optim/step skipped=0.0
2026-09-15T04:02:59.173Z     optim/total grad norm=5.283
2026-09-15T04:02:59.173Z     throughput/chinchilla multiple=4.99E-05
2026-09-15T04:02:59.173Z     throughput/device/BPS=0.0668
2026-09-15T04:02:59.174Z     throughput/device/BPS (actual avg)=0.0668
2026-09-15T04:02:59.174Z     throughput/device/MFU=32.13
2026-09-15T04:02:59.174Z     throughput/device/MFU (actual avg)=32.14
2026-09-15T04:02:59.174Z     throughput/device/TPS=4,377
2026-09-15T04:02:59.174Z     throughput/device/TPS (actual avg)=4,379
2026-09-15T04:02:59.174Z     throughput/device/flopsPS=100.2T
2026-09-15T04:02:59.174Z     throughput/device/flopsPS (actual avg)=100.3T
2026-09-15T04:02:59.174Z     throughput/total petaflops=96.05
2026-09-15T04:02:59.174Z     throughput/total tokens=4,194,304
2026-09-15T04:02:59.174Z     train/CE loss=0.0371
2026-09-15T04:02:59.174Z     throughput/device/data loading (%)=0.0110
2026-09-15T04:02:59.174Z     throughput/device/data loading (s)=0.0016
2026-09-15T04:02:59.174Z     train/PPL=1.038
2026-09-15T04:03:14.143Z [2;36m[2026-09-15 04:03:14][0m [34mINFO    [0m [2m[olmo_core.train.callbacks.console_logger:68, 4bd9901017c5, rank=0][0m [step=33/122,epoch=1,eta=22m]
2026-09-15T04:03:14.143Z     gpu_memory/GPU active mem (%)=78.46
2026-09-15T04:03:14.143Z     gpu_memory/GPU active mem (GiB)=62.18
2026-09-15T04:03:14.143Z     gpu_memory/GPU reserved mem (%)=83.74
2026-09-15T04:03:14.143Z     gpu_memory/GPU reserved mem (GiB)=66.36
2026-09-15T04:03:14.143Z     optim/LR (group 0)=3.77E-06
2026-09-15T04:03:14.143Z     optim/LR (group 1)=3.77E-06
2026-09-15T04:03:14.143Z     optim/step skipped=0.0
2026-09-15T04:03:14.143Z     optim/total grad norm=7.247
2026-09-15T04:03:14.143Z     throughput/chinchilla multiple=5.14E-05
2026-09-15T04:03:14.143Z     throughput/device/BPS=0.0668
2026-09-15T04:03:14.143Z     throughput/device/BPS (actual avg)=0.0668
2026-09-15T04:03:14.143Z     throughput/device/MFU=32.13
2026-09-15T04:03:14.143Z     throughput/device/MFU (actual avg)=32.14
2026-09-15T04:03:14.143Z     throughput/device/TPS=4,377
2026-09-15T04:03:14.143Z     throughput/device/TPS (actual avg)=4,379
2026-09-15T04:03:14.143Z     throughput/device/flopsPS=100.3T
2026-09-15T04:03:14.143Z     throughput/device/flopsPS (actual avg)=100.3T
2026-09-15T04:03:14.143Z     throughput/total petaflops=99.05
2026-09-15T04:03:14.143Z     throughput/total tokens=4,325,376
2026-09-15T04:03:14.143Z     train/CE loss=0.0453
2026-09-15T04:03:14.143Z     throughput/device/data loading (%)=0.0120
2026-09-15T04:03:14.143Z     throughput/device/data loading (s)=0.0018
2026-09-15T04:03:14.143Z     train/PPL=1.046
2026-09-15T04:03:29.114Z [2;36m[2026-09-15 04:03:29][0m [34mINFO    [0m [2m[olmo_core.train.callbacks.console_logger:68, 4bd9901017c5, rank=0][0m [step=34/122,epoch=1,eta=22m]
2026-09-15T04:03:29.114Z     gpu_memory/GPU active mem (%)=78.46
2026-09-15T04:03:29.114Z     gpu_memory/GPU active mem (GiB)=62.18
2026-09-15T04:03:29.114Z     gpu_memory/GPU reserved mem (%)=83.74
2026-09-15T04:03:29.114Z     gpu_memory/GPU reserved mem (GiB)=66.36
2026-09-15T04:03:29.114Z     optim/LR (group 0)=3.73E-06
2026-09-15T04:03:29.114Z     optim/LR (group 1)=3.73E-06
2026-09-15T04:03:29.114Z     optim/step skipped=0.0
2026-09-15T04:03:29.114Z     optim/total grad norm=1.713
2026-09-15T04:03:29.114Z     throughput/chinchilla multiple=5.30E-05
2026-09-15T04:03:29.114Z     throughput/device/BPS=0.0668
2026-09-15T04:03:29.114Z     throughput/device/BPS (actual avg)=0.0668
2026-09-15T04:03:29.114Z     throughput/device/MFU=32.13
2026-09-15T04:03:29.114Z     throughput/device/MFU (actual avg)=32.14
2026-09-15T04:03:29.114Z     throughput/device/TPS=4,377
2026-09-15T04:03:29.114Z     throughput/device/TPS (actual avg)=4,379
2026-09-15T04:03:29.114Z     throughput/device/flopsPS=100.2T
2026-09-15T04:03:29.114Z     throughput/device/flopsPS (actual avg)=100.3T
2026-09-15T04:03:29.114Z     throughput/total petaflops=102.0
2026-09-15T04:03:29.114Z     throughput/total tokens=4,456,448
2026-09-15T04:03:29.114Z     train/CE loss=0.0470
2026-09-15T04:03:29.114Z     throughput/device/data loading (%)=0.0144
2026-09-15T04:03:29.114Z     throughput/device/data loading (s)=0.0022
2026-09-15T04:03:29.114Z     train/PPL=1.048
2026-09-15T04:03:44.090Z [2;36m[2026-09-15 04:03:44][0m [34mINFO    [0m [2m[olmo_core.train.callbacks.console_logger:68, 4bd9901017c5, rank=0][0m [step=35/122,epoch=1,eta=22m]
2026-09-15T04:03:44.090Z     gpu_memory/GPU active mem (%)=78.46
2026-09-15T04:03:44.090Z     gpu_memory/GPU active mem (GiB)=62.18
2026-09-15T04:03:44.090Z     gpu_memory/GPU reserved mem (%)=83.74
2026-09-15T04:03:44.090Z     gpu_memory/GPU reserved mem (GiB)=66.36
2026-09-15T04:03:44.090Z     optim/LR (group 0)=3.69E-06
2026-09-15T04:03:44.090Z     optim/LR (group 1)=3.69E-06
2026-09-15T04:03:44.090Z     optim/step skipped=0.0
2026-09-15T04:03:44.090Z     optim/total grad norm=7.337
2026-09-15T04:03:44.090Z     throughput/chinchilla multiple=5.45E-05
2026-09-15T04:03:44.090Z     throughput/device/BPS=0.0668
2026-09-15T04:03:44.090Z     throughput/device/BPS (actual avg)=0.0668
2026-09-15T04:03:44.090Z     throughput/device/MFU=32.12
2026-09-15T04:03:44.090Z     throughput/device/MFU (actual avg)=32.14
2026-09-15T04:03:44.090Z     throughput/device/TPS=4,376
2026-09-15T04:03:44.090Z     throughput/device/TPS (actual avg)=4,378
2026-09-15T04:03:44.090Z     throughput/device/flopsPS=100.2T
2026-09-15T04:03:44.090Z     throughput/device/flopsPS (actual avg)=100.3T
2026-09-15T04:03:44.090Z     throughput/total petaflops=105.1
2026-09-15T04:03:44.090Z     throughput/total tokens=4,587,520
2026-09-15T04:03:44.090Z     train/CE loss=0.0357
2026-09-15T04:03:44.090Z     throughput/device/data loading (%)=0.0096
2026-09-15T04:03:44.090Z     throughput/device/data loading (s)=0.0014
2026-09-15T04:03:44.090Z     train/PPL=1.036
2026-09-15T04:03:59.057Z [2;36m[2026-09-15 04:03:59][0m [34mINFO    [0m [2m[olmo_core.train.callbacks.console_logger:68, 4bd9901017c5, rank=0][0m [step=36/122,epoch=1,eta=22m]
2026-09-15T04:03:59.057Z     gpu_memory/GPU active mem (%)=78.46
2026-09-15T04:03:59.057Z     gpu_memory/GPU active mem (GiB)=62.18
2026-09-15T04:03:59.059Z     gpu_memory/GPU reserved mem (%)=83.74
2026-09-15T04:03:59.059Z     gpu_memory/GPU reserved mem (GiB)=66.36
2026-09-15T04:03:59.059Z     optim/LR (group 0)=3.64E-06
2026-09-15T04:03:59.059Z     optim/LR (group 1)=3.64E-06
2026-09-15T04:03:59.059Z     optim/step skipped=0.0
2026-09-15T04:03:59.059Z     optim/total grad norm=4.448
2026-09-15T04:03:59.059Z     throughput/chinchilla multiple=5.61E-05
2026-09-15T04:03:59.059Z     throughput/device/BPS=0.0668
2026-09-15T04:03:59.059Z     throughput/device/BPS (actual avg)=0.0668
2026-09-15T04:03:59.059Z     throughput/device/MFU=32.13
2026-09-15T04:03:59.059Z     throughput/device/MFU (actual avg)=32.14
2026-09-15T04:03:59.059Z     throughput/device/TPS=4,378
2026-09-15T04:03:59.059Z     throughput/device/TPS (actual avg)=4,378
2026-09-15T04:03:59.059Z     throughput/device/flopsPS=100.3T
2026-09-15T04:03:59.059Z     throughput/device/flopsPS (actual avg)=100.3T
2026-09-15T04:03:59.059Z     throughput/total petaflops=108.1
2026-09-15T04:03:59.059Z     throughput/total tokens=4,718,592
2026-09-15T04:03:59.059Z     train/CE loss=0.0407
2026-09-15T04:03:59.059Z     throughput/device/data loading (%)=0.0112
2026-09-15T04:03:59.059Z     throughput/device/data loading (s)=0.0017
2026-09-15T04:03:59.059Z     train/PPL=1.042
2026-09-15T04:04:14.023Z [2;36m[2026-09-15 04:04:14][0m [34mINFO    [0m [2m[olmo_core.train.callbacks.console_logger:68, 4bd9901017c5, rank=0][0m [step=37/122,epoch=1,eta=21m]
2026-09-15T04:04:14.023Z     gpu_memory/GPU active mem (%)=78.46
2026-09-15T04:04:14.023Z     gpu_memory/GPU active mem (GiB)=62.18
2026-09-15T04:04:14.023Z     gpu_memory/GPU reserved mem (%)=83.74
2026-09-15T04:04:14.023Z     gpu_memory/GPU reserved mem (GiB)=66.36
2026-09-15T04:04:14.023Z     optim/LR (group 0)=3.60E-06
2026-09-15T04:04:14.023Z     optim/LR (group 1)=3.60E-06
2026-09-15T04:04:14.023Z     optim/step skipped=0.0
2026-09-15T04:04:14.023Z     optim/total grad norm=11.70
2026-09-15T04:04:14.023Z     throughput/chinchilla multiple=5.77E-05
2026-09-15T04:04:14.023Z     throughput/device/BPS=0.0668
2026-09-15T04:04:14.023Z     throughput/device/BPS (actual avg)=0.0668
2026-09-15T04:04:14.023Z     throughput/device/MFU=32.14
2026-09-15T04:04:14.023Z     throughput/device/MFU (actual avg)=32.14
2026-09-15T04:04:14.023Z     throughput/device/TPS=4,379
2026-09-15T04:04:14.023Z     throughput/device/TPS (actual avg)=4,378
2026-09-15T04:04:14.023Z     throughput/device/flopsPS=100.3T
2026-09-15T04:04:14.023Z     throughput/device/flopsPS (actual avg)=100.3T
2026-09-15T04:04:14.023Z     throughput/total petaflops=111.1
2026-09-15T04:04:14.023Z     throughput/total tokens=4,849,664
2026-09-15T04:04:14.023Z     train/CE loss=0.0549
2026-09-15T04:04:14.023Z     throughput/device/data loading (%)=0.0113
2026-09-15T04:04:14.023Z     throughput/device/data loading (s)=0.0017
2026-09-15T04:04:14.023Z     train/PPL=1.056
2026-09-15T04:04:28.995Z [2;36m[2026-09-15 04:04:28][0m [34mINFO    [0m [2m[olmo_core.train.callbacks.console_logger:68, 4bd9901017c5, rank=0][0m [step=38/122,epoch=1,eta=21m]
2026-09-15T04:04:28.995Z     gpu_memory/GPU active mem (%)=78.46
2026-09-15T04:04:28.995Z     gpu_memory/GPU active mem (GiB)=62.18
2026-09-15T04:04:28.995Z     gpu_memory/GPU reserved mem (%)=83.74
2026-09-15T04:04:28.995Z     gpu_memory/GPU reserved mem (GiB)=66.36
2026-09-15T04:04:28.995Z     optim/LR (group 0)=3.56E-06
2026-09-15T04:04:28.995Z     optim/LR (group 1)=3.56E-06
2026-09-15T04:04:28.995Z     optim/step skipped=0.0
2026-09-15T04:04:28.995Z     optim/total grad norm=10.61
2026-09-15T04:04:28.995Z     throughput/chinchilla multiple=5.92E-05
2026-09-15T04:04:28.995Z     throughput/device/BPS=0.0668
2026-09-15T04:04:28.995Z     throughput/device/BPS (actual avg)=0.0668
2026-09-15T04:04:28.995Z     throughput/device/MFU=32.13
2026-09-15T04:04:28.995Z     throughput/device/MFU (actual avg)=32.14
2026-09-15T04:04:28.995Z     throughput/device/TPS=4,377
2026-09-15T04:04:28.995Z     throughput/device/TPS (actual avg)=4,378
2026-09-15T04:04:28.995Z     throughput/device/flopsPS=100.2T
2026-09-15T04:04:28.995Z     throughput/device/flopsPS (actual avg)=100.3T
2026-09-15T04:04:28.995Z     throughput/total petaflops=114.1
2026-09-15T04:04:28.995Z     throughput/total tokens=4,980,736
2026-09-15T04:04:28.995Z     train/CE loss=0.0637
2026-09-15T04:04:28.995Z     throughput/device/data loading (%)=0.0126
2026-09-15T04:04:28.995Z     throughput/device/data loading (s)=0.0019
2026-09-15T04:04:28.995Z     train/PPL=1.066
2026-09-15T04:04:43.960Z [2;36m[2026-09-15 04:04:43][0m [34mINFO    [0m [2m[olmo_core.train.callbacks.console_logger:68, 4bd9901017c5, rank=0][0m [step=39/122,epoch=1,eta=21m]
2026-09-15T04:04:43.960Z     gpu_memory/GPU active mem (%)=78.46
2026-09-15T04:04:43.960Z     gpu_memory/GPU active mem (GiB)=62.18
2026-09-15T04:04:43.960Z     gpu_memory/GPU reserved mem (%)=83.74
2026-09-15T04:04:43.960Z     gpu_memory/GPU reserved mem (GiB)=66.36
2026-09-15T04:04:43.960Z     optim/LR (group 0)=3.52E-06
2026-09-15T04:04:43.960Z     optim/LR (group 1)=3.52E-06
2026-09-15T04:04:43.960Z     optim/step skipped=0.0
2026-09-15T04:04:43.960Z     optim/total grad norm=4.537
2026-09-15T04:04:43.960Z     throughput/chinchilla multiple=6.08E-05
2026-09-15T04:04:43.960Z     throughput/device/BPS=0.0668
2026-09-15T04:04:43.960Z     throughput/device/BPS (actual avg)=0.0668
2026-09-15T04:04:43.960Z     throughput/device/MFU=32.14
2026-09-15T04:04:43.960Z     throughput/device/MFU (actual avg)=32.14
2026-09-15T04:04:43.960Z     throughput/device/TPS=4,379
2026-09-15T04:04:43.960Z     throughput/device/TPS (actual avg)=4,378
2026-09-15T04:04:43.960Z     throughput/device/flopsPS=100.3T
2026-09-15T04:04:43.960Z     throughput/device/flopsPS (actual avg)=100.3T
2026-09-15T04:04:43.960Z     throughput/total petaflops=117.1
2026-09-15T04:04:43.960Z     throughput/total tokens=5,111,808
2026-09-15T04:04:43.960Z     train/CE loss=0.0316
2026-09-15T04:04:43.960Z     throughput/device/data loading (%)=0.0123
2026-09-15T04:04:43.960Z     throughput/device/data loading (s)=0.0018
2026-09-15T04:04:43.960Z     train/PPL=1.032
2026-09-15T04:04:58.927Z [2;36m[2026-09-15 04:04:58][0m [34mINFO    [0m [2m[olmo_core.train.callbacks.console_logger:68, 4bd9901017c5, rank=0][0m [step=40/122,epoch=1,eta=21m]
2026-09-15T04:04:58.927Z     gpu_memory/GPU active mem (%)=78.46
2026-09-15T04:04:58.927Z     gpu_memory/GPU active mem (GiB)=62.18
2026-09-15T04:04:58.927Z     gpu_memory/GPU reserved mem (%)=83.74
2026-09-15T04:04:58.927Z     gpu_memory/GPU reserved mem (GiB)=66.36
2026-09-15T04:04:58.927Z     optim/LR (group 0)=3.47E-06
2026-09-15T04:04:58.927Z     optim/LR (group 1)=3.47E-06
2026-09-15T04:04:58.927Z     optim/step skipped=0.0
2026-09-15T04:04:58.927Z     optim/total grad norm=3.152
2026-09-15T04:04:58.927Z     throughput/chinchilla multiple=6.23E-05
2026-09-15T04:04:58.927Z     throughput/device/BPS=0.0668
2026-09-15T04:04:58.927Z     throughput/device/BPS (actual avg)=0.0668
2026-09-15T04:04:58.927Z     throughput/device/MFU=32.14
2026-09-15T04:04:58.927Z     throughput/device/MFU (actual avg)=32.14
2026-09-15T04:04:58.927Z     throughput/device/TPS=4,378
2026-09-15T04:04:58.927Z     throughput/device/TPS (actual avg)=4,378
2026-09-15T04:04:58.927Z     throughput/device/flopsPS=100.3T
2026-09-15T04:04:58.927Z     throughput/device/flopsPS (actual avg)=100.3T
2026-09-15T04:04:58.927Z     throughput/total petaflops=120.1
2026-09-15T04:04:58.927Z     throughput/total tokens=5,242,880
2026-09-15T04:04:58.927Z     train/CE loss=0.0274
2026-09-15T04:04:58.927Z     throughput/device/data loading (%)=0.0106
2026-09-15T04:04:58.927Z     throughput/device/data loading (s)=0.0016
2026-09-15T04:04:58.927Z     train/PPL=1.028
2026-09-15T04:05:13.901Z [2;36m[2026-09-15 04:05:13][0m [34mINFO    [0m [2m[olmo_core.train.callbacks.console_logger:68, 4bd9901017c5, rank=0][0m [step=41/122,epoch=1,eta=20m]
2026-09-15T04:05:13.901Z     gpu_memory/GPU active mem (%)=78.46
2026-09-15T04:05:13.901Z     gpu_memory/GPU active mem (GiB)=62.18
2026-09-15T04:05:13.901Z     gpu_memory/GPU reserved mem (%)=83.74
2026-09-15T04:05:13.901Z     gpu_memory/GPU reserved mem (GiB)=66.36
2026-09-15T04:05:13.901Z     optim/LR (group 0)=3.43E-06
2026-09-15T04:05:13.901Z     optim/LR (group 1)=3.43E-06
2026-09-15T04:05:13.901Z     optim/step skipped=0.0
2026-09-15T04:05:13.901Z     optim/total grad norm=9.432
2026-09-15T04:05:13.901Z     throughput/chinchilla multiple=6.39E-05
2026-09-15T04:05:13.901Z     throughput/device/BPS=0.0668
2026-09-15T04:05:13.901Z     throughput/device/BPS (actual avg)=0.0668
2026-09-15T04:05:13.901Z     throughput/device/MFU=32.12
2026-09-15T04:05:13.901Z     throughput/device/MFU (actual avg)=32.14
2026-09-15T04:05:13.901Z     throughput/device/TPS=4,376
2026-09-15T04:05:13.901Z     throughput/device/TPS (actual avg)=4,378
2026-09-15T04:05:13.901Z     throughput/device/flopsPS=100.2T
2026-09-15T04:05:13.901Z     throughput/device/flopsPS (actual avg)=100.3T
2026-09-15T04:05:13.901Z     throughput/total petaflops=123.1
2026-09-15T04:05:13.901Z     throughput/total tokens=5,373,952
2026-09-15T04:05:13.901Z     train/CE loss=0.0837
2026-09-15T04:05:13.901Z     throughput/device/data loading (%)=0.0154
2026-09-15T04:05:13.901Z     throughput/device/data loading (s)=0.0023
2026-09-15T04:05:13.901Z     train/PPL=1.087
2026-09-15T04:05:28.870Z [2;36m[2026-09-15 04:05:28][0m [34mINFO    [0m [2m[olmo_core.train.callbacks.console_logger:68, 4bd9901017c5, rank=0][0m [step=42/122,epoch=1,eta=20m]
2026-09-15T04:05:28.870Z     gpu_memory/GPU active mem (%)=78.46
2026-09-15T04:05:28.871Z     gpu_memory/GPU active mem (GiB)=62.18
2026-09-15T04:05:28.871Z     gpu_memory/GPU reserved mem (%)=83.74
2026-09-15T04:05:28.871Z     gpu_memory/GPU reserved mem (GiB)=66.36
2026-09-15T04:05:28.871Z     optim/LR (group 0)=3.39E-06
2026-09-15T04:05:28.871Z     optim/LR (group 1)=3.39E-06
2026-09-15T04:05:28.871Z     optim/step skipped=0.0
2026-09-15T04:05:28.871Z     optim/total grad norm=0.5496
2026-09-15T04:05:28.871Z     throughput/chinchilla multiple=6.54E-05
2026-09-15T04:05:28.871Z     throughput/device/BPS=0.0668
2026-09-15T04:05:28.871Z     throughput/device/BPS (actual avg)=0.0668
2026-09-15T04:05:28.871Z     throughput/device/MFU=32.13
2026-09-15T04:05:28.871Z     throughput/device/MFU (actual avg)=32.14
2026-09-15T04:05:28.871Z     throughput/device/TPS=4,378
2026-09-15T04:05:28.871Z     throughput/device/TPS (actual avg)=4,378
2026-09-15T04:05:28.871Z     throughput/device/flopsPS=100.3T
2026-09-15T04:05:28.871Z     throughput/device/flopsPS (actual avg)=100.3T
2026-09-15T04:05:28.871Z     throughput/total petaflops=126.1
2026-09-15T04:05:28.871Z     throughput/total tokens=5,505,024
2026-09-15T04:05:28.871Z     train/CE loss=0.0232
2026-09-15T04:05:28.871Z     throughput/device/data loading (%)=0.0099
2026-09-15T04:05:28.871Z     throughput/device/data loading (s)=0.0015
2026-09-15T04:05:28.871Z     train/PPL=1.023
2026-09-15T04:05:43.838Z [2;36m[2026-09-15 04:05:43][0m [34mINFO    [0m [2m[olmo_core.train.callbacks.console_logger:68, 4bd9901017c5, rank=0][0m [step=43/122,epoch=1,eta=20m]
2026-09-15T04:05:43.838Z     gpu_memory/GPU active mem (%)=78.46
2026-09-15T04:05:43.838Z     gpu_memory/GPU active mem (GiB)=62.18
2026-09-15T04:05:43.838Z     gpu_memory/GPU reserved mem (%)=83.74
2026-09-15T04:05:43.838Z     gpu_memory/GPU reserved mem (GiB)=66.36
2026-09-15T04:05:43.838Z     optim/LR (group 0)=3.35E-06
2026-09-15T04:05:43.838Z     optim/LR (group 1)=3.35E-06
2026-09-15T04:05:43.838Z     optim/step skipped=0.0
2026-09-15T04:05:43.838Z     optim/total grad norm=3.690
2026-09-15T04:05:43.838Z     throughput/chinchilla multiple=6.70E-05
2026-09-15T04:05:43.838Z     throughput/device/BPS=0.0668
2026-09-15T04:05:43.838Z     throughput/device/BPS (actual avg)=0.0668
2026-09-15T04:05:43.838Z     throughput/device/MFU=32.13
2026-09-15T04:05:43.838Z     throughput/device/MFU (actual avg)=32.14
2026-09-15T04:05:43.838Z     throughput/device/TPS=4,378
2026-09-15T04:05:43.838Z     throughput/device/TPS (actual avg)=4,378
2026-09-15T04:05:43.838Z     throughput/device/flopsPS=100.3T
2026-09-15T04:05:43.838Z     throughput/device/flopsPS (actual avg)=100.3T
2026-09-15T04:05:43.839Z     throughput/total petaflops=129.1
2026-09-15T04:05:43.839Z     throughput/total tokens=5,636,096
2026-09-15T04:05:43.839Z     train/CE loss=0.0322
2026-09-15T04:05:43.839Z     throughput/device/data loading (%)=0.0104
2026-09-15T04:05:43.839Z     throughput/device/data loading (s)=0.0016
2026-09-15T04:05:43.839Z     train/PPL=1.033
2026-09-15T04:05:58.809Z [2;36m[2026-09-15 04:05:58][0m [34mINFO    [0m [2m[olmo_core.train.callbacks.console_logger:68, 4bd9901017c5, rank=0][0m [step=44/122,epoch=1,eta=20m]
2026-09-15T04:05:58.809Z     gpu_memory/GPU active mem (%)=78.46
2026-09-15T04:05:58.809Z     gpu_memory/GPU active mem (GiB)=62.18
2026-09-15T04:05:58.809Z     gpu_memory/GPU reserved mem (%)=83.74
2026-09-15T04:05:58.809Z     gpu_memory/GPU reserved mem (GiB)=66.36
2026-09-15T04:05:58.809Z     optim/LR (group 0)=3.31E-06
2026-09-15T04:05:58.809Z     optim/LR (group 1)=3.31E-06
2026-09-15T04:05:58.809Z     optim/step skipped=0.0
2026-09-15T04:05:58.809Z     optim/total grad norm=4.820
2026-09-15T04:05:58.809Z     throughput/chinchilla multiple=6.86E-05
2026-09-15T04:05:58.809Z     throughput/device/BPS=0.0668
2026-09-15T04:05:58.809Z     throughput/device/BPS (actual avg)=0.0668
2026-09-15T04:05:58.809Z     throughput/device/MFU=32.13
2026-09-15T04:05:58.809Z     throughput/device/MFU (actual avg)=32.14
2026-09-15T04:05:58.809Z     throughput/device/TPS=4,377
2026-09-15T04:05:58.809Z     throughput/device/TPS (actual avg)=4,378
2026-09-15T04:05:58.809Z     throughput/device/flopsPS=100.2T
2026-09-15T04:05:58.809Z     throughput/device/flopsPS (actual avg)=100.3T
2026-09-15T04:05:58.809Z     throughput/total petaflops=132.1
2026-09-15T04:05:58.809Z     throughput/total tokens=5,767,168
2026-09-15T04:05:58.809Z     train/CE loss=0.0295
2026-09-15T04:05:58.809Z     throughput/device/data loading (%)=0.0113
2026-09-15T04:05:58.809Z     throughput/device/data loading (s)=0.0017
2026-09-15T04:05:58.809Z     train/PPL=1.030
2026-09-15T04:06:13.774Z [2;36m[2026-09-15 04:06:13][0m [34mINFO    [0m [2m[olmo_core.train.callbacks.console_logger:68, 4bd9901017c5, rank=0][0m [step=45/122,epoch=1,eta=19m]
2026-09-15T04:06:13.774Z     gpu_memory/GPU active mem (%)=78.46
2026-09-15T04:06:13.774Z     gpu_memory/GPU active mem (GiB)=62.18
2026-09-15T04:06:13.774Z     gpu_memory/GPU reserved mem (%)=83.74
2026-09-15T04:06:13.774Z     gpu_memory/GPU reserved mem (GiB)=66.36
2026-09-15T04:06:13.774Z     optim/LR (group 0)=3.26E-06
2026-09-15T04:06:13.774Z     optim/LR (group 1)=3.26E-06
2026-09-15T04:06:13.774Z     optim/step skipped=0.0
2026-09-15T04:06:13.774Z     optim/total grad norm=2.045
2026-09-15T04:06:13.774Z     throughput/chinchilla multiple=7.01E-05
2026-09-15T04:06:13.774Z     throughput/device/BPS=0.0668
2026-09-15T04:06:13.774Z     throughput/device/BPS (actual avg)=0.0668
2026-09-15T04:06:13.774Z     throughput/device/MFU=32.14
2026-09-15T04:06:13.774Z     throughput/device/MFU (actual avg)=32.14
2026-09-15T04:06:13.775Z     throughput/device/TPS=4,379
2026-09-15T04:06:13.775Z     throughput/device/TPS (actual avg)=4,378
2026-09-15T04:06:13.775Z     throughput/device/flopsPS=100.3T
2026-09-15T04:06:13.775Z     throughput/device/flopsPS (actual avg)=100.3T
2026-09-15T04:06:13.775Z     throughput/total petaflops=135.1
2026-09-15T04:06:13.775Z     throughput/total tokens=5,898,240
2026-09-15T04:06:13.775Z     train/CE loss=0.0218
2026-09-15T04:06:13.775Z     throughput/device/data loading (%)=0.0113
2026-09-15T04:06:13.775Z     throughput/device/data loading (s)=0.0017
2026-09-15T04:06:13.775Z     train/PPL=1.022
2026-09-15T04:06:28.752Z [2;36m[2026-09-15 04:06:28][0m [34mINFO    [0m [2m[olmo_core.train.callbacks.console_logger:68, 4bd9901017c5, rank=0][0m [step=46/122,epoch=1,eta=19m]
2026-09-15T04:06:28.752Z     gpu_memory/GPU active mem (%)=78.46
2026-09-15T04:06:28.752Z     gpu_memory/GPU active mem (GiB)=62.18
2026-09-15T04:06:28.752Z     gpu_memory/GPU reserved mem (%)=83.74
2026-09-15T04:06:28.752Z     gpu_memory/GPU reserved mem (GiB)=66.36
2026-09-15T04:06:28.752Z     optim/LR (group 0)=3.22E-06
2026-09-15T04:06:28.752Z     optim/LR (group 1)=3.22E-06
2026-09-15T04:06:28.752Z     optim/step skipped=0.0
2026-09-15T04:06:28.752Z     optim/total grad norm=1.992
2026-09-15T04:06:28.752Z     throughput/chinchilla multiple=7.17E-05
2026-09-15T04:06:28.752Z     throughput/device/BPS=0.0668
2026-09-15T04:06:28.752Z     throughput/device/BPS (actual avg)=0.0668
2026-09-15T04:06:28.752Z     throughput/device/MFU=32.12
2026-09-15T04:06:28.752Z     throughput/device/MFU (actual avg)=32.14
2026-09-15T04:06:28.752Z     throughput/device/TPS=4,375
2026-09-15T04:06:28.752Z     throughput/device/TPS (actual avg)=4,378
2026-09-15T04:06:28.752Z     throughput/device/flopsPS=100.2T
2026-09-15T04:06:28.752Z     throughput/device/flopsPS (actual avg)=100.3T
2026-09-15T04:06:28.752Z     throughput/total petaflops=138.1
2026-09-15T04:06:28.752Z     throughput/total tokens=6,029,312
2026-09-15T04:06:28.752Z     train/CE loss=0.0234
2026-09-15T04:06:28.752Z     throughput/device/data loading (%)=0.0086
2026-09-15T04:06:28.752Z     throughput/device/data loading (s)=0.0013
2026-09-15T04:06:28.752Z     train/PPL=1.024
2026-09-15T04:06:43.729Z [2;36m[2026-09-15 04:06:43][0m [34mINFO    [0m [2m[olmo_core.train.callbacks.console_logger:68, 4bd9901017c5, rank=0][0m [step=47/122,epoch=1,eta=19m]
2026-09-15T04:06:43.729Z     gpu_memory/GPU active mem (%)=78.46
2026-09-15T04:06:43.729Z     gpu_memory/GPU active mem (GiB)=62.18
2026-09-15T04:06:43.729Z     gpu_memory/GPU reserved mem (%)=83.74
2026-09-15T04:06:43.729Z     gpu_memory/GPU reserved mem (GiB)=66.36
2026-09-15T04:06:43.729Z     optim/LR (group 0)=3.18E-06
2026-09-15T04:06:43.729Z     optim/LR (group 1)=3.18E-06
2026-09-15T04:06:43.729Z     optim/step skipped=0.0
2026-09-15T04:06:43.729Z     optim/total grad norm=7.645
2026-09-15T04:06:43.729Z     throughput/chinchilla multiple=7.32E-05
2026-09-15T04:06:43.729Z     throughput/device/BPS=0.0668
2026-09-15T04:06:43.729Z     throughput/device/BPS (actual avg)=0.0668
2026-09-15T04:06:43.729Z     throughput/device/MFU=32.12
2026-09-15T04:06:43.729Z     throughput/device/MFU (actual avg)=32.14
2026-09-15T04:06:43.729Z     throughput/device/TPS=4,375
2026-09-15T04:06:43.729Z     throughput/device/TPS (actual avg)=4,378
2026-09-15T04:06:43.729Z     throughput/device/flopsPS=100.2T
2026-09-15T04:06:43.729Z     throughput/device/flopsPS (actual avg)=100.3T
2026-09-15T04:06:43.729Z     throughput/total petaflops=141.1
2026-09-15T04:06:43.729Z     throughput/total tokens=6,160,384
2026-09-15T04:06:43.729Z     train/CE loss=0.0310
2026-09-15T04:06:43.729Z     throughput/device/data loading (%)=0.0140
2026-09-15T04:06:43.729Z     throughput/device/data loading (s)=0.0021
2026-09-15T04:06:43.729Z     train/PPL=1.031
2026-09-15T04:06:58.697Z [2;36m[2026-09-15 04:06:58][0m [34mINFO    [0m [2m[olmo_core.train.callbacks.console_logger:68, 4bd9901017c5, rank=0][0m [step=48/122,epoch=1,eta=19m]
2026-09-15T04:06:58.697Z     gpu_memory/GPU active mem (%)=78.46
2026-09-15T04:06:58.697Z     gpu_memory/GPU active mem (GiB)=62.18
2026-09-15T04:06:58.697Z     gpu_memory/GPU reserved mem (%)=83.74
2026-09-15T04:06:58.697Z     gpu_memory/GPU reserved mem (GiB)=66.36
2026-09-15T04:06:58.697Z     optim/LR (group 0)=3.14E-06
2026-09-15T04:06:58.697Z     optim/LR (group 1)=3.14E-06
2026-09-15T04:06:58.697Z     optim/step skipped=0.0
2026-09-15T04:06:58.698Z     optim/total grad norm=6.742
2026-09-15T04:06:58.698Z     throughput/chinchilla multiple=7.48E-05
2026-09-15T04:06:58.698Z     throughput/device/BPS=0.0668
2026-09-15T04:06:58.698Z     throughput/device/BPS (actual avg)=0.0668
2026-09-15T04:06:58.698Z     throughput/device/MFU=32.14
2026-09-15T04:06:58.698Z     throughput/device/MFU (actual avg)=32.14
2026-09-15T04:06:58.698Z     throughput/device/TPS=4,378
2026-09-15T04:06:58.698Z     throughput/device/TPS (actual avg)=4,378
2026-09-15T04:06:58.698Z     throughput/device/flopsPS=100.3T
2026-09-15T04:06:58.698Z     throughput/device/flopsPS (actual avg)=100.3T
2026-09-15T04:06:58.698Z     throughput/total petaflops=144.1
2026-09-15T04:06:58.698Z     throughput/total tokens=6,291,456
2026-09-15T04:06:58.698Z     train/CE loss=0.0311
2026-09-15T04:06:58.698Z     throughput/device/data loading (%)=0.0108
2026-09-15T04:06:58.698Z     throughput/device/data loading (s)=0.0016
2026-09-15T04:06:58.698Z     train/PPL=1.032
2026-09-15T04:07:13.666Z [2;36m[2026-09-15 04:07:13][0m [34mINFO    [0m [2m[olmo_core.train.callbacks.console_logger:68, 4bd9901017c5, rank=0][0m [step=49/122,epoch=1,eta=18m]
2026-09-15T04:07:13.666Z     gpu_memory/GPU active mem (%)=78.46
2026-09-15T04:07:13.666Z     gpu_memory/GPU active mem (GiB)=62.18
2026-09-15T04:07:13.666Z     gpu_memory/GPU reserved mem (%)=83.74
2026-09-15T04:07:13.666Z     gpu_memory/GPU reserved mem (GiB)=66.36
2026-09-15T04:07:13.666Z     optim/LR (group 0)=3.09E-06
2026-09-15T04:07:13.666Z     optim/LR (group 1)=3.09E-06
2026-09-15T04:07:13.666Z     optim/step skipped=0.0
2026-09-15T04:07:13.666Z     optim/total grad norm=6.794
2026-09-15T04:07:13.666Z     throughput/chinchilla multiple=7.64E-05
2026-09-15T04:07:13.666Z     throughput/device/BPS=0.0668
2026-09-15T04:07:13.666Z     throughput/device/BPS (actual avg)=0.0668
2026-09-15T04:07:13.666Z     throughput/device/MFU=32.13
2026-09-15T04:07:13.666Z     throughput/device/MFU (actual avg)=32.14
2026-09-15T04:07:13.666Z     throughput/device/TPS=4,378
2026-09-15T04:07:13.666Z     throughput/device/TPS (actual avg)=4,378
2026-09-15T04:07:13.666Z     throughput/device/flopsPS=100.3T
2026-09-15T04:07:13.666Z     throughput/device/flopsPS (actual avg)=100.3T
2026-09-15T04:07:13.666Z     throughput/total petaflops=147.1
2026-09-15T04:07:13.666Z     throughput/total tokens=6,422,528
2026-09-15T04:07:13.666Z     train/CE loss=0.0284
2026-09-15T04:07:13.666Z     throughput/device/data loading (%)=0.0105
2026-09-15T04:07:13.666Z     throughput/device/data loading (s)=0.0016
2026-09-15T04:07:13.666Z     train/PPL=1.029
2026-09-15T04:07:28.566Z [2;36m[2026-09-15 04:07:28][0m [34mINFO    [0m [2m[olmo_core.train.callbacks.flop_meter:165, 4bd9901017c5, rank=0][0m [flop-meter] step 50: actual 80.81 PF, dense-equivalent 80.81 PF (ratio 1.000), tokens 3.5M
2026-09-15T04:07:28.629Z [2;36m[2026-09-15 04:07:28][0m [34mINFO    [0m [2m[olmo_core.train.callbacks.console_logger:68, 4bd9901017c5, rank=0][0m [step=50/122,epoch=1,eta=18m]
2026-09-15T04:07:28.630Z     gpu_memory/GPU active mem (%)=78.46
2026-09-15T04:07:28.630Z     gpu_memory/GPU active mem (GiB)=62.18
2026-09-15T04:07:28.630Z     gpu_memory/GPU reserved mem (%)=83.74
2026-09-15T04:07:28.630Z     gpu_memory/GPU reserved mem (GiB)=66.36
2026-09-15T04:07:28.630Z     optim/LR (group 0)=3.05E-06
2026-09-15T04:07:28.630Z     optim/LR (group 1)=3.05E-06
2026-09-15T04:07:28.630Z     optim/step skipped=0.0
2026-09-15T04:07:28.630Z     optim/total grad norm=11.44
2026-09-15T04:07:28.630Z     throughput/chinchilla multiple=7.79E-05
2026-09-15T04:07:28.630Z     throughput/device/BPS=0.0668
2026-09-15T04:07:28.630Z     throughput/device/BPS (actual avg)=0.0668
2026-09-15T04:07:28.630Z     throughput/device/MFU=32.14
2026-09-15T04:07:28.630Z     throughput/device/MFU (actual avg)=32.14
2026-09-15T04:07:28.630Z     throughput/device/TPS=4,378
2026-09-15T04:07:28.630Z     throughput/device/TPS (actual avg)=4,378
2026-09-15T04:07:28.630Z     throughput/device/flopsPS=100.3T
2026-09-15T04:07:28.630Z     throughput/device/flopsPS (actual avg)=100.3T
2026-09-15T04:07:28.630Z     throughput/total petaflops=150.1
2026-09-15T04:07:28.630Z     throughput/total tokens=6,553,600
2026-09-15T04:07:28.630Z     train/CE loss=0.0311
2026-09-15T04:07:28.630Z     throughput/device/data loading (%)=0.0138
2026-09-15T04:07:28.630Z     throughput/device/data loading (s)=0.0021
2026-09-15T04:07:28.630Z     train/PPL=1.032
2026-09-15T04:07:43.600Z [2;36m[2026-09-15 04:07:43][0m [34mINFO    [0m [2m[olmo_core.train.callbacks.console_logger:68, 4bd9901017c5, rank=0][0m [step=51/122,epoch=1,eta=18m]
2026-09-15T04:07:43.600Z     gpu_memory/GPU active mem (%)=78.46
2026-09-15T04:07:43.600Z     gpu_memory/GPU active mem (GiB)=62.18
2026-09-15T04:07:43.600Z     gpu_memory/GPU reserved mem (%)=83.74
2026-09-15T04:07:43.600Z     gpu_memory/GPU reserved mem (GiB)=66.36
2026-09-15T04:07:43.600Z     optim/LR (group 0)=3.01E-06
2026-09-15T04:07:43.600Z     optim/LR (group 1)=3.01E-06
2026-09-15T04:07:43.600Z     optim/step skipped=0.0
2026-09-15T04:07:43.600Z     optim/total grad norm=6.175
2026-09-15T04:07:43.600Z     throughput/chinchilla multiple=7.95E-05
2026-09-15T04:07:43.600Z     throughput/device/BPS=0.0668
2026-09-15T04:07:43.600Z     throughput/device/BPS (actual avg)=0.0668
2026-09-15T04:07:43.600Z     throughput/device/MFU=32.14
2026-09-15T04:07:43.600Z     throughput/device/MFU (actual avg)=32.14
2026-09-15T04:07:43.600Z     throughput/device/TPS=4,378
2026-09-15T04:07:43.600Z     throughput/device/TPS (actual avg)=4,378
2026-09-15T04:07:43.600Z     throughput/device/flopsPS=100.3T
2026-09-15T04:07:43.600Z     throughput/device/flopsPS (actual avg)=100.3T
2026-09-15T04:07:43.600Z     throughput/total petaflops=153.1
2026-09-15T04:07:43.600Z     throughput/total tokens=6,684,672
2026-09-15T04:07:43.600Z     train/CE loss=0.0333
2026-09-15T04:07:43.600Z     throughput/device/data loading (%)=0.0101
2026-09-15T04:07:43.600Z     throughput/device/data loading (s)=0.0015
2026-09-15T04:07:43.600Z     train/PPL=1.034
2026-09-15T04:07:58.558Z [2;36m[2026-09-15 04:07:58][0m [34mINFO    [0m [2m[olmo_core.train.callbacks.console_logger:68, 4bd9901017c5, rank=0][0m [step=52/122,epoch=1,eta=18m]
2026-09-15T04:07:58.558Z     gpu_memory/GPU active mem (%)=78.46
2026-09-15T04:07:58.558Z     gpu_memory/GPU active mem (GiB)=62.18
2026-09-15T04:07:58.558Z     gpu_memory/GPU reserved mem (%)=83.74
2026-09-15T04:07:58.558Z     gpu_memory/GPU reserved mem (GiB)=66.36
2026-09-15T04:07:58.558Z     optim/LR (group 0)=2.97E-06
2026-09-15T04:07:58.558Z     optim/LR (group 1)=2.97E-06
2026-09-15T04:07:58.558Z     optim/step skipped=0.0
2026-09-15T04:07:58.558Z     optim/total grad norm=3.881
2026-09-15T04:07:58.558Z     throughput/chinchilla multiple=8.10E-05
2026-09-15T04:07:58.558Z     throughput/device/BPS=0.0668
2026-09-15T04:07:58.558Z     throughput/device/BPS (actual avg)=0.0668
2026-09-15T04:07:58.558Z     throughput/device/MFU=32.15
2026-09-15T04:07:58.558Z     throughput/device/MFU (actual avg)=32.14
2026-09-15T04:07:58.558Z     throughput/device/TPS=4,380
2026-09-15T04:07:58.558Z     throughput/device/TPS (actual avg)=4,378
2026-09-15T04:07:58.558Z     throughput/device/flopsPS=100.3T
2026-09-15T04:07:58.558Z     throughput/device/flopsPS (actual avg)=100.3T
2026-09-15T04:07:58.558Z     throughput/total petaflops=156.1
2026-09-15T04:07:58.558Z     throughput/total tokens=6,815,744
2026-09-15T04:07:58.558Z     train/CE loss=0.0325
2026-09-15T04:07:58.558Z     throughput/device/data loading (%)=0.0160
2026-09-15T04:07:58.558Z     throughput/device/data loading (s)=0.0024
2026-09-15T04:07:58.558Z     train/PPL=1.033
2026-09-15T04:08:13.517Z [2;36m[2026-09-15 04:08:13][0m [34mINFO    [0m [2m[olmo_core.train.callbacks.console_logger:68, 4bd9901017c5, rank=0][0m [step=53/122,epoch=1,eta=17m]
2026-09-15T04:08:13.518Z     gpu_memory/GPU active mem (%)=78.46
2026-09-15T04:08:13.518Z     gpu_memory/GPU active mem (GiB)=62.18
2026-09-15T04:08:13.518Z     gpu_memory/GPU reserved mem (%)=83.74
2026-09-15T04:08:13.518Z     gpu_memory/GPU reserved mem (GiB)=66.36
2026-09-15T04:08:13.518Z     optim/LR (group 0)=2.92E-06
2026-09-15T04:08:13.518Z     optim/LR (group 1)=2.92E-06
2026-09-15T04:08:13.518Z     optim/step skipped=0.0
2026-09-15T04:08:13.518Z     optim/total grad norm=13.71
2026-09-15T04:08:13.518Z     throughput/chinchilla multiple=8.26E-05
2026-09-15T04:08:13.518Z     throughput/device/BPS=0.0668
2026-09-15T04:08:13.518Z     throughput/device/BPS (actual avg)=0.0668
2026-09-15T04:08:13.518Z     throughput/device/MFU=32.15
2026-09-15T04:08:13.518Z     throughput/device/MFU (actual avg)=32.14
2026-09-15T04:08:13.518Z     throughput/device/TPS=4,380
2026-09-15T04:08:13.518Z     throughput/device/TPS (actual avg)=4,378
2026-09-15T04:08:13.518Z     throughput/device/flopsPS=100.3T
2026-09-15T04:08:13.518Z     throughput/device/flopsPS (actual avg)=100.3T
2026-09-15T04:08:13.518Z     throughput/total petaflops=159.1
2026-09-15T04:08:13.518Z     throughput/total tokens=6,946,816
2026-09-15T04:08:13.518Z     train/CE loss=0.0381
2026-09-15T04:08:13.518Z     throughput/device/data loading (%)=0.0115
2026-09-15T04:08:13.518Z     throughput/device/data loading (s)=0.0017
2026-09-15T04:08:13.518Z     train/PPL=1.039
2026-09-15T04:08:28.476Z [2;36m[2026-09-15 04:08:28][0m [34mINFO    [0m [2m[olmo_core.train.callbacks.console_logger:68, 4bd9901017c5, rank=0][0m [step=54/122,epoch=1,eta=17m]
2026-09-15T04:08:28.477Z     gpu_memory/GPU active mem (%)=78.46
2026-09-15T04:08:28.477Z     gpu_memory/GPU active mem (GiB)=62.18
2026-09-15T04:08:28.477Z     gpu_memory/GPU reserved mem (%)=83.74
2026-09-15T04:08:28.477Z     gpu_memory/GPU reserved mem (GiB)=66.36
2026-09-15T04:08:28.477Z     optim/LR (group 0)=2.88E-06
2026-09-15T04:08:28.477Z     optim/LR (group 1)=2.88E-06
2026-09-15T04:08:28.477Z     optim/step skipped=0.0
2026-09-15T04:08:28.477Z     optim/total grad norm=3.419
2026-09-15T04:08:28.477Z     throughput/chinchilla multiple=8.41E-05
2026-09-15T04:08:28.477Z     throughput/device/BPS=0.0669
2026-09-15T04:08:28.477Z     throughput/device/BPS (actual avg)=0.0668
2026-09-15T04:08:28.477Z     throughput/device/MFU=32.16
2026-09-15T04:08:28.477Z     throughput/device/MFU (actual avg)=32.14
2026-09-15T04:08:28.477Z     throughput/device/TPS=4,381
2026-09-15T04:08:28.477Z     throughput/device/TPS (actual avg)=4,378
2026-09-15T04:08:28.477Z     throughput/device/flopsPS=100.3T
2026-09-15T04:08:28.477Z     throughput/device/flopsPS (actual avg)=100.3T
2026-09-15T04:08:28.477Z     throughput/total petaflops=162.1
2026-09-15T04:08:28.477Z     throughput/total tokens=7,077,888
2026-09-15T04:08:28.477Z     train/CE loss=0.0236
2026-09-15T04:08:28.477Z     throughput/device/data loading (%)=0.0107
2026-09-15T04:08:28.477Z     throughput/device/data loading (s)=0.0016
2026-09-15T04:08:28.477Z     train/PPL=1.024
2026-09-15T04:08:43.433Z [2;36m[2026-09-15 04:08:43][0m [34mINFO    [0m [2m[olmo_core.train.callbacks.console_logger:68, 4bd9901017c5, rank=0][0m [step=55/122,epoch=1,eta=17m]
2026-09-15T04:08:43.433Z     gpu_memory/GPU active mem (%)=78.46
2026-09-15T04:08:43.433Z     gpu_memory/GPU active mem (GiB)=62.18
2026-09-15T04:08:43.433Z     gpu_memory/GPU reserved mem (%)=83.74
2026-09-15T04:08:43.433Z     gpu_memory/GPU reserved mem (GiB)=66.36
2026-09-15T04:08:43.433Z     optim/LR (group 0)=2.84E-06
2026-09-15T04:08:43.433Z     optim/LR (group 1)=2.84E-06
2026-09-15T04:08:43.433Z     optim/step skipped=0.0
2026-09-15T04:08:43.433Z     optim/total grad norm=9.085
2026-09-15T04:08:43.433Z     throughput/chinchilla multiple=8.57E-05
2026-09-15T04:08:43.433Z     throughput/device/BPS=0.0669
2026-09-15T04:08:43.433Z     throughput/device/BPS (actual avg)=0.0668
2026-09-15T04:08:43.433Z     throughput/device/MFU=32.16
2026-09-15T04:08:43.433Z     throughput/device/MFU (actual avg)=32.14
2026-09-15T04:08:43.433Z     throughput/device/TPS=4,381
2026-09-15T04:08:43.433Z     throughput/device/TPS (actual avg)=4,378
2026-09-15T04:08:43.433Z     throughput/device/flopsPS=100.3T
2026-09-15T04:08:43.433Z     throughput/device/flopsPS (actual avg)=100.3T
2026-09-15T04:08:43.433Z     throughput/total petaflops=165.1
2026-09-15T04:08:43.433Z     throughput/total tokens=7,208,960
2026-09-15T04:08:43.433Z     train/CE loss=0.0302
2026-09-15T04:08:43.433Z     throughput/device/data loading (%)=0.0111
2026-09-15T04:08:43.433Z     throughput/device/data loading (s)=0.0017
2026-09-15T04:08:43.433Z     train/PPL=1.031
2026-09-15T04:08:58.390Z [2;36m[2026-09-15 04:08:58][0m [34mINFO    [0m [2m[olmo_core.train.callbacks.console_logger:68, 4bd9901017c5, rank=0][0m [step=56/122,epoch=1,eta=17m]
2026-09-15T04:08:58.390Z     gpu_memory/GPU active mem (%)=78.46
2026-09-15T04:08:58.390Z     gpu_memory/GPU active mem (GiB)=62.18
2026-09-15T04:08:58.390Z     gpu_memory/GPU reserved mem (%)=83.74
2026-09-15T04:08:58.390Z     gpu_memory/GPU reserved mem (GiB)=66.36
2026-09-15T04:08:58.390Z     optim/LR (group 0)=2.80E-06
2026-09-15T04:08:58.390Z     optim/LR (group 1)=2.80E-06
2026-09-15T04:08:58.390Z     optim/step skipped=0.0
2026-09-15T04:08:58.390Z     optim/total grad norm=4.782
2026-09-15T04:08:58.390Z     throughput/chinchilla multiple=8.73E-05
2026-09-15T04:08:58.390Z     throughput/device/BPS=0.0669
2026-09-15T04:08:58.390Z     throughput/device/BPS (actual avg)=0.0668
2026-09-15T04:08:58.390Z     throughput/device/MFU=32.16
2026-09-15T04:08:58.390Z     throughput/device/MFU (actual avg)=32.14
2026-09-15T04:08:58.390Z     throughput/device/TPS=4,381
2026-09-15T04:08:58.390Z     throughput/device/TPS (actual avg)=4,378
2026-09-15T04:08:58.390Z     throughput/device/flopsPS=100.3T
2026-09-15T04:08:58.390Z     throughput/device/flopsPS (actual avg)=100.3T
2026-09-15T04:08:58.390Z     throughput/total petaflops=168.1
2026-09-15T04:08:58.390Z     throughput/total tokens=7,340,032
2026-09-15T04:08:58.390Z     train/CE loss=0.0256
2026-09-15T04:08:58.390Z     throughput/device/data loading (%)=0.0101
2026-09-15T04:08:58.390Z     throughput/device/data loading (s)=0.0015
2026-09-15T04:08:58.390Z     train/PPL=1.026
2026-09-15T04:09:13.342Z [2;36m[2026-09-15 04:09:13][0m [34mINFO    [0m [2m[olmo_core.train.callbacks.console_logger:68, 4bd9901017c5, rank=0][0m [step=57/122,epoch=1,eta=16m]
2026-09-15T04:09:13.342Z     gpu_memory/GPU active mem (%)=78.46
2026-09-15T04:09:13.342Z     gpu_memory/GPU active mem (GiB)=62.18
2026-09-15T04:09:13.342Z     gpu_memory/GPU reserved mem (%)=83.74
2026-09-15T04:09:13.342Z     gpu_memory/GPU reserved mem (GiB)=66.36
2026-09-15T04:09:13.342Z     optim/LR (group 0)=2.75E-06
2026-09-15T04:09:13.342Z     optim/LR (group 1)=2.75E-06
2026-09-15T04:09:13.342Z     optim/step skipped=0.0
2026-09-15T04:09:13.342Z     optim/total grad norm=4.214
2026-09-15T04:09:13.342Z     throughput/chinchilla multiple=8.88E-05
2026-09-15T04:09:13.342Z     throughput/device/BPS=0.0669
2026-09-15T04:09:13.342Z     throughput/device/BPS (actual avg)=0.0668
2026-09-15T04:09:13.342Z     throughput/device/MFU=32.17
2026-09-15T04:09:13.342Z     throughput/device/MFU (actual avg)=32.14
2026-09-15T04:09:13.342Z     throughput/device/TPS=4,382
2026-09-15T04:09:13.342Z     throughput/device/TPS (actual avg)=4,378
2026-09-15T04:09:13.342Z     throughput/device/flopsPS=100.4T
2026-09-15T04:09:13.342Z     throughput/device/flopsPS (actual avg)=100.3T
2026-09-15T04:09:13.342Z     throughput/total petaflops=171.1
2026-09-15T04:09:13.342Z     throughput/total tokens=7,471,104
2026-09-15T04:09:13.342Z     train/CE loss=0.0240
2026-09-15T04:09:13.342Z     throughput/device/data loading (%)=0.0100
2026-09-15T04:09:13.342Z     throughput/device/data loading (s)=0.0015
2026-09-15T04:09:13.342Z     train/PPL=1.024
2026-09-15T04:09:28.303Z [2;36m[2026-09-15 04:09:28][0m [34mINFO    [0m [2m[olmo_core.train.callbacks.console_logger:68, 4bd9901017c5, rank=0][0m [step=58/122,epoch=1,eta=16m]
2026-09-15T04:09:28.303Z     gpu_memory/GPU active mem (%)=78.46
2026-09-15T04:09:28.303Z     gpu_memory/GPU active mem (GiB)=62.18
2026-09-15T04:09:28.303Z     gpu_memory/GPU reserved mem (%)=83.74
2026-09-15T04:09:28.303Z     gpu_memory/GPU reserved mem (GiB)=66.36
2026-09-15T04:09:28.303Z     optim/LR (group 0)=2.71E-06
2026-09-15T04:09:28.303Z     optim/LR (group 1)=2.71E-06
2026-09-15T04:09:28.303Z     optim/step skipped=0.0
2026-09-15T04:09:28.303Z     optim/total grad norm=5.662
2026-09-15T04:09:28.303Z     throughput/chinchilla multiple=9.04E-05
2026-09-15T04:09:28.303Z     throughput/device/BPS=0.0668
2026-09-15T04:09:28.303Z     throughput/device/BPS (actual avg)=0.0668
2026-09-15T04:09:28.303Z     throughput/device/MFU=32.15
2026-09-15T04:09:28.304Z     throughput/device/MFU (actual avg)=32.14
2026-09-15T04:09:28.304Z     throughput/device/TPS=4,380
2026-09-15T04:09:28.304Z     throughput/device/TPS (actual avg)=4,379
2026-09-15T04:09:28.304Z     throughput/device/flopsPS=100.3T
2026-09-15T04:09:28.304Z     throughput/device/flopsPS (actual avg)=100.3T
2026-09-15T04:09:28.304Z     throughput/total petaflops=174.1
2026-09-15T04:09:28.304Z     throughput/total tokens=7,602,176
2026-09-15T04:09:28.304Z     train/CE loss=0.0271
2026-09-15T04:09:28.304Z     throughput/device/data loading (%)=0.0095
2026-09-15T04:09:28.304Z     throughput/device/data loading (s)=0.0014
2026-09-15T04:09:28.304Z     train/PPL=1.027
2026-09-15T04:09:43.266Z [2;36m[2026-09-15 04:09:43][0m [34mINFO    [0m [2m[olmo_core.train.callbacks.console_logger:68, 4bd9901017c5, rank=0][0m [step=59/122,epoch=1,eta=16m]
2026-09-15T04:09:43.266Z     gpu_memory/GPU active mem (%)=78.46
2026-09-15T04:09:43.266Z     gpu_memory/GPU active mem (GiB)=62.18
2026-09-15T04:09:43.266Z     gpu_memory/GPU reserved mem (%)=83.74
2026-09-15T04:09:43.266Z     gpu_memory/GPU reserved mem (GiB)=66.36
2026-09-15T04:09:43.266Z     optim/LR (group 0)=2.67E-06
2026-09-15T04:09:43.266Z     optim/LR (group 1)=2.67E-06
2026-09-15T04:09:43.266Z     optim/step skipped=0.0
2026-09-15T04:09:43.266Z     optim/total grad norm=5.329
2026-09-15T04:09:43.266Z     throughput/chinchilla multiple=9.19E-05
2026-09-15T04:09:43.266Z     throughput/device/BPS=0.0668
2026-09-15T04:09:43.266Z     throughput/device/BPS (actual avg)=0.0668
2026-09-15T04:09:43.266Z     throughput/device/MFU=32.15
2026-09-15T04:09:43.266Z     throughput/device/MFU (actual avg)=32.14
2026-09-15T04:09:43.266Z     throughput/device/TPS=4,380
2026-09-15T04:09:43.266Z     throughput/device/TPS (actual avg)=4,379
2026-09-15T04:09:43.266Z     throughput/device/flopsPS=100.3T
2026-09-15T04:09:43.266Z     throughput/device/flopsPS (actual avg)=100.3T
2026-09-15T04:09:43.266Z     throughput/total petaflops=177.1
2026-09-15T04:09:43.266Z     throughput/total tokens=7,733,248
2026-09-15T04:09:43.266Z     train/CE loss=0.0226
2026-09-15T04:09:43.266Z     throughput/device/data loading (%)=0.0115
2026-09-15T04:09:43.266Z     throughput/device/data loading (s)=0.0017
2026-09-15T04:09:43.266Z     train/PPL=1.023
2026-09-15T04:09:58.230Z [2;36m[2026-09-15 04:09:58][0m [34mINFO    [0m [2m[olmo_core.train.callbacks.console_logger:68, 4bd9901017c5, rank=0][0m [step=60/122,epoch=1,eta=16m]
2026-09-15T04:09:58.230Z     gpu_memory/GPU active mem (%)=78.46
2026-09-15T04:09:58.230Z     gpu_memory/GPU active mem (GiB)=62.18
2026-09-15T04:09:58.230Z     gpu_memory/GPU reserved mem (%)=83.74
2026-09-15T04:09:58.230Z     gpu_memory/GPU reserved mem (GiB)=66.36
2026-09-15T04:09:58.230Z     optim/LR (group 0)=2.63E-06
2026-09-15T04:09:58.230Z     optim/LR (group 1)=2.63E-06
2026-09-15T04:09:58.230Z     optim/step skipped=0.0
2026-09-15T04:09:58.230Z     optim/total grad norm=4.262
2026-09-15T04:09:58.230Z     throughput/chinchilla multiple=9.35E-05
2026-09-15T04:09:58.230Z     throughput/device/BPS=0.0668
2026-09-15T04:09:58.230Z     throughput/device/BPS (actual avg)=0.0668
2026-09-15T04:09:58.230Z     throughput/device/MFU=32.14
2026-09-15T04:09:58.230Z     throughput/device/MFU (actual avg)=32.14
2026-09-15T04:09:58.230Z     throughput/device/TPS=4,379
2026-09-15T04:09:58.230Z     throughput/device/TPS (actual avg)=4,379
2026-09-15T04:09:58.230Z     throughput/device/flopsPS=100.3T
2026-09-15T04:09:58.230Z     throughput/device/flopsPS (actual avg)=100.3T
2026-09-15T04:09:58.230Z     throughput/total petaflops=180.1
2026-09-15T04:09:58.230Z     throughput/total tokens=7,864,320
2026-09-15T04:09:58.230Z     train/CE loss=0.0218
2026-09-15T04:09:58.230Z     throughput/device/data loading (%)=0.0106
2026-09-15T04:09:58.230Z     throughput/device/data loading (s)=0.0016
2026-09-15T04:09:58.230Z     train/PPL=1.022
2026-09-15T04:10:13.190Z [2;36m[2026-09-15 04:10:13][0m [34mINFO    [0m [2m[olmo_core.train.callbacks.console_logger:68, 4bd9901017c5, rank=0][0m [step=61/122,epoch=1,eta=15m]
2026-09-15T04:10:13.190Z     gpu_memory/GPU active mem (%)=78.46
2026-09-15T04:10:13.190Z     gpu_memory/GPU active mem (GiB)=62.18
2026-09-15T04:10:13.190Z     gpu_memory/GPU reserved mem (%)=83.74
2026-09-15T04:10:13.190Z     gpu_memory/GPU reserved mem (GiB)=66.36
2026-09-15T04:10:13.190Z     optim/LR (group 0)=2.58E-06
2026-09-15T04:10:13.190Z     optim/LR (group 1)=2.58E-06
2026-09-15T04:10:13.190Z     optim/step skipped=0.0
2026-09-15T04:10:13.190Z     optim/total grad norm=1.159
2026-09-15T04:10:13.190Z     throughput/chinchilla multiple=9.51E-05
2026-09-15T04:10:13.190Z     throughput/device/BPS=0.0668
2026-09-15T04:10:13.190Z     throughput/device/BPS (actual avg)=0.0668
2026-09-15T04:10:13.190Z     throughput/device/MFU=32.15
2026-09-15T04:10:13.190Z     throughput/device/MFU (actual avg)=32.14
2026-09-15T04:10:13.190Z     throughput/device/TPS=4,380
2026-09-15T04:10:13.190Z     throughput/device/TPS (actual avg)=4,379
2026-09-15T04:10:13.190Z     throughput/device/flopsPS=100.3T
2026-09-15T04:10:13.190Z     throughput/device/flopsPS (actual avg)=100.3T
2026-09-15T04:10:13.190Z     throughput/total petaflops=183.1
2026-09-15T04:10:13.190Z     throughput/total tokens=7,995,392
2026-09-15T04:10:13.190Z     train/CE loss=0.0179
2026-09-15T04:10:13.190Z     throughput/device/data loading (%)=0.0111
2026-09-15T04:10:13.190Z     throughput/device/data loading (s)=0.0017
2026-09-15T04:10:13.190Z     train/PPL=1.018
2026-09-15T04:10:28.160Z [2;36m[2026-09-15 04:10:28][0m [34mINFO    [0m [2m[olmo_core.train.callbacks.console_logger:68, 4bd9901017c5, rank=0][0m [step=62/122,epoch=1,eta=15m]
2026-09-15T04:10:28.160Z     gpu_memory/GPU active mem (%)=78.46
2026-09-15T04:10:28.160Z     gpu_memory/GPU active mem (GiB)=62.18
2026-09-15T04:10:28.160Z     gpu_memory/GPU reserved mem (%)=83.74
2026-09-15T04:10:28.160Z     gpu_memory/GPU reserved mem (GiB)=66.36
2026-09-15T04:10:28.160Z     optim/LR (group 0)=2.54E-06
2026-09-15T04:10:28.160Z     optim/LR (group 1)=2.54E-06
2026-09-15T04:10:28.160Z     optim/step skipped=0.0
2026-09-15T04:10:28.160Z     optim/total grad norm=0.4117
2026-09-15T04:10:28.160Z     throughput/chinchilla multiple=9.66E-05
2026-09-15T04:10:28.160Z     throughput/device/BPS=0.0668
2026-09-15T04:10:28.160Z     throughput/device/BPS (actual avg)=0.0668
2026-09-15T04:10:28.160Z     throughput/device/MFU=32.13
2026-09-15T04:10:28.160Z     throughput/device/MFU (actual avg)=32.14
2026-09-15T04:10:28.160Z     throughput/device/TPS=4,378
2026-09-15T04:10:28.160Z     throughput/device/TPS (actual avg)=4,379
2026-09-15T04:10:28.160Z     throughput/device/flopsPS=100.3T
2026-09-15T04:10:28.160Z     throughput/device/flopsPS (actual avg)=100.3T
2026-09-15T04:10:28.160Z     throughput/total petaflops=186.1
2026-09-15T04:10:28.160Z     throughput/total tokens=8,126,464
2026-09-15T04:10:28.160Z     train/CE loss=0.0170
2026-09-15T04:10:28.160Z     throughput/device/data loading (%)=0.0095
2026-09-15T04:10:28.160Z     throughput/device/data loading (s)=0.0014
2026-09-15T04:10:28.160Z     train/PPL=1.017
2026-09-15T04:10:43.119Z [2;36m[2026-09-15 04:10:43][0m [34mINFO    [0m [2m[olmo_core.train.callbacks.console_logger:68, 4bd9901017c5, rank=0][0m [step=63/122,epoch=1,eta=15m]
2026-09-15T04:10:43.119Z     gpu_memory/GPU active mem (%)=78.46
2026-09-15T04:10:43.119Z     gpu_memory/GPU active mem (GiB)=62.18
2026-09-15T04:10:43.119Z     gpu_memory/GPU reserved mem (%)=83.74
2026-09-15T04:10:43.119Z     gpu_memory/GPU reserved mem (GiB)=66.36
2026-09-15T04:10:43.119Z     optim/LR (group 0)=2.50E-06
2026-09-15T04:10:43.119Z     optim/LR (group 1)=2.50E-06
2026-09-15T04:10:43.119Z     optim/step skipped=0.0
2026-09-15T04:10:43.119Z     optim/total grad norm=3.205
2026-09-15T04:10:43.119Z     throughput/chinchilla multiple=9.82E-05
2026-09-15T04:10:43.119Z     throughput/device/BPS=0.0669
2026-09-15T04:10:43.119Z     throughput/device/BPS (actual avg)=0.0668
2026-09-15T04:10:43.119Z     throughput/device/MFU=32.16
2026-09-15T04:10:43.119Z     throughput/device/MFU (actual avg)=32.14
2026-09-15T04:10:43.119Z     throughput/device/TPS=4,381
2026-09-15T04:10:43.119Z     throughput/device/TPS (actual avg)=4,379
2026-09-15T04:10:43.119Z     throughput/device/flopsPS=100.3T
2026-09-15T04:10:43.119Z     throughput/device/flopsPS (actual avg)=100.3T
2026-09-15T04:10:43.119Z     throughput/total petaflops=189.1
2026-09-15T04:10:43.119Z     throughput/total tokens=8,257,536
2026-09-15T04:10:43.119Z     train/CE loss=0.0223
2026-09-15T04:10:43.119Z     throughput/device/data loading (%)=0.0122
2026-09-15T04:10:43.119Z     throughput/device/data loading (s)=0.0018
2026-09-15T04:10:43.119Z     train/PPL=1.023
2026-09-15T04:10:58.092Z [2;36m[2026-09-15 04:10:58][0m [34mINFO    [0m [2m[olmo_core.train.callbacks.console_logger:68, 4bd9901017c5, rank=0][0m [step=64/122,epoch=1,eta=15m]
2026-09-15T04:10:58.092Z     gpu_memory/GPU active mem (%)=78.46
2026-09-15T04:10:58.092Z     gpu_memory/GPU active mem (GiB)=62.18
2026-09-15T04:10:58.092Z     gpu_memory/GPU reserved mem (%)=83.74
2026-09-15T04:10:58.092Z     gpu_memory/GPU reserved mem (GiB)=66.36
2026-09-15T04:10:58.092Z     optim/LR (group 0)=2.46E-06
2026-09-15T04:10:58.092Z     optim/LR (group 1)=2.46E-06
2026-09-15T04:10:58.092Z     optim/step skipped=0.0
2026-09-15T04:10:58.092Z     optim/total grad norm=3.575
2026-09-15T04:10:58.092Z     throughput/chinchilla multiple=9.97E-05
2026-09-15T04:10:58.092Z     throughput/device/BPS=0.0668
2026-09-15T04:10:58.092Z     throughput/device/BPS (actual avg)=0.0668
2026-09-15T04:10:58.092Z     throughput/device/MFU=32.12
2026-09-15T04:10:58.092Z     throughput/device/MFU (actual avg)=32.14
2026-09-15T04:10:58.092Z     throughput/device/TPS=4,376
2026-09-15T04:10:58.092Z     throughput/device/TPS (actual avg)=4,379
2026-09-15T04:10:58.092Z     throughput/device/flopsPS=100.2T
2026-09-15T04:10:58.092Z     throughput/device/flopsPS (actual avg)=100.3T
2026-09-15T04:10:58.092Z     throughput/total petaflops=192.1
2026-09-15T04:10:58.092Z     throughput/total tokens=8,388,608
2026-09-15T04:10:58.092Z     train/CE loss=0.0242
2026-09-15T04:10:58.092Z     throughput/device/data loading (%)=0.0100
2026-09-15T04:10:58.092Z     throughput/device/data loading (s)=0.0015
2026-09-15T04:10:58.092Z     train/PPL=1.024
2026-09-15T04:11:13.053Z [2;36m[2026-09-15 04:11:13][0m [34mINFO    [0m [2m[olmo_core.train.callbacks.console_logger:68, 4bd9901017c5, rank=0][0m [step=65/122,epoch=1,eta=14m]
2026-09-15T04:11:13.053Z     gpu_memory/GPU active mem (%)=78.46
2026-09-15T04:11:13.053Z     gpu_memory/GPU active mem (GiB)=62.18
2026-09-15T04:11:13.053Z     gpu_memory/GPU reserved mem (%)=83.74
2026-09-15T04:11:13.053Z     gpu_memory/GPU reserved mem (GiB)=66.36
2026-09-15T04:11:13.053Z     optim/LR (group 0)=2.42E-06
2026-09-15T04:11:13.053Z     optim/LR (group 1)=2.42E-06
2026-09-15T04:11:13.053Z     optim/step skipped=0.0
2026-09-15T04:11:13.053Z     optim/total grad norm=4.352
2026-09-15T04:11:13.053Z     throughput/chinchilla multiple=0.0001
2026-09-15T04:11:13.053Z     throughput/device/BPS=0.0668
2026-09-15T04:11:13.053Z     throughput/device/BPS (actual avg)=0.0668
2026-09-15T04:11:13.053Z     throughput/device/MFU=32.15
2026-09-15T04:11:13.053Z     throughput/device/MFU (actual avg)=32.14
2026-09-15T04:11:13.053Z     throughput/device/TPS=4,380
2026-09-15T04:11:13.053Z     throughput/device/TPS (actual avg)=4,379
2026-09-15T04:11:13.053Z     throughput/device/flopsPS=100.3T
2026-09-15T04:11:13.053Z     throughput/device/flopsPS (actual avg)=100.3T
2026-09-15T04:11:13.053Z     throughput/total petaflops=195.1
2026-09-15T04:11:13.053Z     throughput/total tokens=8,519,680
2026-09-15T04:11:13.053Z     train/CE loss=0.0215
2026-09-15T04:11:13.053Z     throughput/device/data loading (%)=0.0155
2026-09-15T04:11:13.053Z     throughput/device/data loading (s)=0.0023
2026-09-15T04:11:13.053Z     train/PPL=1.022
2026-09-15T04:11:28.012Z [2;36m[2026-09-15 04:11:28][0m [34mINFO    [0m [2m[olmo_core.train.callbacks.console_logger:68, 4bd9901017c5, rank=0][0m [step=66/122,epoch=1,eta=14m]
2026-09-15T04:11:28.013Z     gpu_memory/GPU active mem (%)=78.46
2026-09-15T04:11:28.013Z     gpu_memory/GPU active mem (GiB)=62.18
2026-09-15T04:11:28.013Z     gpu_memory/GPU reserved mem (%)=83.74
2026-09-15T04:11:28.013Z     gpu_memory/GPU reserved mem (GiB)=66.36
2026-09-15T04:11:28.013Z     optim/LR (group 0)=2.37E-06
2026-09-15T04:11:28.013Z     optim/LR (group 1)=2.37E-06
2026-09-15T04:11:28.013Z     optim/step skipped=0.0
2026-09-15T04:11:28.013Z     optim/total grad norm=6.462
2026-09-15T04:11:28.013Z     throughput/chinchilla multiple=0.0001
2026-09-15T04:11:28.013Z     throughput/device/BPS=0.0668
2026-09-15T04:11:28.013Z     throughput/device/BPS (actual avg)=0.0668
2026-09-15T04:11:28.013Z     throughput/device/MFU=32.15
2026-09-15T04:11:28.013Z     throughput/device/MFU (actual avg)=32.14
2026-09-15T04:11:28.013Z     throughput/device/TPS=4,380
2026-09-15T04:11:28.013Z     throughput/device/TPS (actual avg)=4,379
2026-09-15T04:11:28.013Z     throughput/device/flopsPS=100.3T
2026-09-15T04:11:28.013Z     throughput/device/flopsPS (actual avg)=100.3T
2026-09-15T04:11:28.013Z     throughput/total petaflops=198.1
2026-09-15T04:11:28.013Z     throughput/total tokens=8,650,752
2026-09-15T04:11:28.013Z     train/CE loss=0.0381
2026-09-15T04:11:28.013Z     throughput/device/data loading (%)=0.0115
2026-09-15T04:11:28.013Z     throughput/device/data loading (s)=0.0017
2026-09-15T04:11:28.013Z     train/PPL=1.039
2026-09-15T04:11:42.971Z [2;36m[2026-09-15 04:11:42][0m [34mINFO    [0m [2m[olmo_core.train.callbacks.console_logger:68, 4bd9901017c5, rank=0][0m [step=67/122,epoch=1,eta=14m]
2026-09-15T04:11:42.971Z     gpu_memory/GPU active mem (%)=78.46
2026-09-15T04:11:42.971Z     gpu_memory/GPU active mem (GiB)=62.18
2026-09-15T04:11:42.971Z     gpu_memory/GPU reserved mem (%)=83.74
2026-09-15T04:11:42.971Z     gpu_memory/GPU reserved mem (GiB)=66.36
2026-09-15T04:11:42.971Z     optim/LR (group 0)=2.33E-06
2026-09-15T04:11:42.971Z     optim/LR (group 1)=2.33E-06
2026-09-15T04:11:42.971Z     optim/step skipped=0.0
2026-09-15T04:11:42.971Z     optim/total grad norm=1.308
2026-09-15T04:11:42.971Z     throughput/chinchilla multiple=0.0001
2026-09-15T04:11:42.971Z     throughput/device/BPS=0.0669
2026-09-15T04:11:42.971Z     throughput/device/BPS (actual avg)=0.0668
2026-09-15T04:11:42.971Z     throughput/device/MFU=32.16
2026-09-15T04:11:42.971Z     throughput/device/MFU (actual avg)=32.14
2026-09-15T04:11:42.971Z     throughput/device/TPS=4,381
2026-09-15T04:11:42.971Z     throughput/device/TPS (actual avg)=4,379
2026-09-15T04:11:42.971Z     throughput/device/flopsPS=100.3T
2026-09-15T04:11:42.971Z     throughput/device/flopsPS (actual avg)=100.3T
2026-09-15T04:11:42.971Z     throughput/total petaflops=201.1
2026-09-15T04:11:42.971Z     throughput/total tokens=8,781,824
2026-09-15T04:11:42.971Z     train/CE loss=0.0174
2026-09-15T04:11:42.971Z     throughput/device/data loading (%)=0.0116
2026-09-15T04:11:42.971Z     throughput/device/data loading (s)=0.0017
2026-09-15T04:11:42.971Z     train/PPL=1.018
2026-09-15T04:11:57.928Z [2;36m[2026-09-15 04:11:57][0m [34mINFO    [0m [2m[olmo_core.train.callbacks.console_logger:68, 4bd9901017c5, rank=0][0m [step=68/122,epoch=1,eta=14m]
2026-09-15T04:11:57.928Z     gpu_memory/GPU active mem (%)=78.46
2026-09-15T04:11:57.928Z     gpu_memory/GPU active mem (GiB)=62.18
2026-09-15T04:11:57.928Z     gpu_memory/GPU reserved mem (%)=83.74
2026-09-15T04:11:57.928Z     gpu_memory/GPU reserved mem (GiB)=66.36
2026-09-15T04:11:57.928Z     optim/LR (group 0)=2.29E-06
2026-09-15T04:11:57.928Z     optim/LR (group 1)=2.29E-06
2026-09-15T04:11:57.928Z     optim/step skipped=0.0
2026-09-15T04:11:57.928Z     optim/total grad norm=14.08
2026-09-15T04:11:57.928Z     throughput/chinchilla multiple=0.0001
2026-09-15T04:11:57.928Z     throughput/device/BPS=0.0669
2026-09-15T04:11:57.928Z     throughput/device/BPS (actual avg)=0.0668
2026-09-15T04:11:57.928Z     throughput/device/MFU=32.16
2026-09-15T04:11:57.928Z     throughput/device/MFU (actual avg)=32.14
2026-09-15T04:11:57.928Z     throughput/device/TPS=4,381
2026-09-15T04:11:57.928Z     throughput/device/TPS (actual avg)=4,379
2026-09-15T04:11:57.928Z     throughput/device/flopsPS=100.3T
2026-09-15T04:11:57.928Z     throughput/device/flopsPS (actual avg)=100.3T
2026-09-15T04:11:57.928Z     throughput/total petaflops=204.1
2026-09-15T04:11:57.928Z     throughput/total tokens=8,912,896
2026-09-15T04:11:57.928Z     train/CE loss=0.0499
2026-09-15T04:11:57.928Z     throughput/device/data loading (%)=0.0105
2026-09-15T04:11:57.928Z     throughput/device/data loading (s)=0.0016
2026-09-15T04:11:57.928Z     train/PPL=1.051
2026-09-15T04:12:12.896Z [2;36m[2026-09-15 04:12:12][0m [34mINFO    [0m [2m[olmo_core.train.callbacks.console_logger:68, 4bd9901017c5, rank=0][0m [step=69/122,epoch=1,eta=13m]
2026-09-15T04:12:12.896Z     gpu_memory/GPU active mem (%)=78.46
2026-09-15T04:12:12.896Z     gpu_memory/GPU active mem (GiB)=62.18
2026-09-15T04:12:12.896Z     gpu_memory/GPU reserved mem (%)=83.74
2026-09-15T04:12:12.896Z     gpu_memory/GPU reserved mem (GiB)=66.36
2026-09-15T04:12:12.896Z     optim/LR (group 0)=2.25E-06
2026-09-15T04:12:12.896Z     optim/LR (group 1)=2.25E-06
2026-09-15T04:12:12.896Z     optim/step skipped=0.0
2026-09-15T04:12:12.896Z     optim/total grad norm=1.105
2026-09-15T04:12:12.896Z     throughput/chinchilla multiple=0.0001
2026-09-15T04:12:12.896Z     throughput/device/BPS=0.0668
2026-09-15T04:12:12.896Z     throughput/device/BPS (actual avg)=0.0668
2026-09-15T04:12:12.896Z     throughput/device/MFU=32.14
2026-09-15T04:12:12.896Z     throughput/device/MFU (actual avg)=32.14
2026-09-15T04:12:12.896Z     throughput/device/TPS=4,378
2026-09-15T04:12:12.896Z     throughput/device/TPS (actual avg)=4,379
2026-09-15T04:12:12.896Z     throughput/device/flopsPS=100.3T
2026-09-15T04:12:12.896Z     throughput/device/flopsPS (actual avg)=100.3T
2026-09-15T04:12:12.896Z     throughput/total petaflops=207.1
2026-09-15T04:12:12.896Z     throughput/total tokens=9,043,968
2026-09-15T04:12:12.896Z     train/CE loss=0.0168
2026-09-15T04:12:12.896Z     throughput/device/data loading (%)=0.0125
2026-09-15T04:12:12.896Z     throughput/device/data loading (s)=0.0019
2026-09-15T04:12:12.896Z     train/PPL=1.017
2026-09-15T04:12:27.872Z [2;36m[2026-09-15 04:12:27][0m [34mINFO    [0m [2m[olmo_core.train.callbacks.console_logger:68, 4bd9901017c5, rank=0][0m [step=70/122,epoch=1,eta=13m]
2026-09-15T04:12:27.872Z     gpu_memory/GPU active mem (%)=78.46
2026-09-15T04:12:27.872Z     gpu_memory/GPU active mem (GiB)=62.18
2026-09-15T04:12:27.872Z     gpu_memory/GPU reserved mem (%)=83.74
2026-09-15T04:12:27.872Z     gpu_memory/GPU reserved mem (GiB)=66.36
2026-09-15T04:12:27.872Z     optim/LR (group 0)=2.20E-06
2026-09-15T04:12:27.872Z     optim/LR (group 1)=2.20E-06
2026-09-15T04:12:27.872Z     optim/step skipped=0.0
2026-09-15T04:12:27.872Z     optim/total grad norm=7.358
2026-09-15T04:12:27.872Z     throughput/chinchilla multiple=0.0001
2026-09-15T04:12:27.872Z     throughput/device/BPS=0.0668
2026-09-15T04:12:27.872Z     throughput/device/BPS (actual avg)=0.0668
2026-09-15T04:12:27.872Z     throughput/device/MFU=32.12
2026-09-15T04:12:27.872Z     throughput/device/MFU (actual avg)=32.14
2026-09-15T04:12:27.872Z     throughput/device/TPS=4,376
2026-09-15T04:12:27.872Z     throughput/device/TPS (actual avg)=4,379
2026-09-15T04:12:27.872Z     throughput/device/flopsPS=100.2T
2026-09-15T04:12:27.872Z     throughput/device/flopsPS (actual avg)=100.3T
2026-09-15T04:12:27.872Z     throughput/total petaflops=210.1
2026-09-15T04:12:27.872Z     throughput/total tokens=9,175,040
2026-09-15T04:12:27.872Z     train/CE loss=0.0342
2026-09-15T04:12:27.872Z     throughput/device/data loading (%)=0.0113
2026-09-15T04:12:27.872Z     throughput/device/data loading (s)=0.0017
2026-09-15T04:12:27.872Z     train/PPL=1.035
2026-09-15T04:12:42.836Z [2;36m[2026-09-15 04:12:42][0m [34mINFO    [0m [2m[olmo_core.train.callbacks.console_logger:68, 4bd9901017c5, rank=0][0m [step=71/122,epoch=1,eta=13m]
2026-09-15T04:12:42.836Z     gpu_memory/GPU active mem (%)=78.46
2026-09-15T04:12:42.836Z     gpu_memory/GPU active mem (GiB)=62.18
2026-09-15T04:12:42.836Z     gpu_memory/GPU reserved mem (%)=83.74
2026-09-15T04:12:42.836Z     gpu_memory/GPU reserved mem (GiB)=66.36
2026-09-15T04:12:42.836Z     optim/LR (group 0)=2.16E-06
2026-09-15T04:12:42.836Z     optim/LR (group 1)=2.16E-06
2026-09-15T04:12:42.836Z     optim/step skipped=0.0
2026-09-15T04:12:42.836Z     optim/total grad norm=4.519
2026-09-15T04:12:42.836Z     throughput/chinchilla multiple=0.0001
2026-09-15T04:12:42.836Z     throughput/device/BPS=0.0668
2026-09-15T04:12:42.836Z     throughput/device/BPS (actual avg)=0.0668
2026-09-15T04:12:42.836Z     throughput/device/MFU=32.14
2026-09-15T04:12:42.836Z     throughput/device/MFU (actual avg)=32.14
2026-09-15T04:12:42.836Z     throughput/device/TPS=4,378
2026-09-15T04:12:42.836Z     throughput/device/TPS (actual avg)=4,379
2026-09-15T04:12:42.836Z     throughput/device/flopsPS=100.3T
2026-09-15T04:12:42.836Z     throughput/device/flopsPS (actual avg)=100.3T
2026-09-15T04:12:42.836Z     throughput/total petaflops=213.1
2026-09-15T04:12:42.836Z     throughput/total tokens=9,306,112
2026-09-15T04:12:42.836Z     train/CE loss=0.0394
2026-09-15T04:12:42.836Z     throughput/device/data loading (%)=0.0122
2026-09-15T04:12:42.836Z     throughput/device/data loading (s)=0.0018
2026-09-15T04:12:42.836Z     train/PPL=1.040
2026-09-15T04:12:57.805Z [2;36m[2026-09-15 04:12:57][0m [34mINFO    [0m [2m[olmo_core.train.callbacks.console_logger:68, 4bd9901017c5, rank=0][0m [step=72/122,epoch=1,eta=13m]
2026-09-15T04:12:57.805Z     gpu_memory/GPU active mem (%)=78.46
2026-09-15T04:12:57.805Z     gpu_memory/GPU active mem (GiB)=62.18
2026-09-15T04:12:57.805Z     gpu_memory/GPU reserved mem (%)=83.74
2026-09-15T04:12:57.805Z     gpu_memory/GPU reserved mem (GiB)=66.36
2026-09-15T04:12:57.805Z     optim/LR (group 0)=2.12E-06
2026-09-15T04:12:57.805Z     optim/LR (group 1)=2.12E-06
2026-09-15T04:12:57.805Z     optim/step skipped=0.0
2026-09-15T04:12:57.805Z     optim/total grad norm=6.493
2026-09-15T04:12:57.805Z     throughput/chinchilla multiple=0.0001
2026-09-15T04:12:57.805Z     throughput/device/BPS=0.0668
2026-09-15T04:12:57.805Z     throughput/device/BPS (actual avg)=0.0668
2026-09-15T04:12:57.805Z     throughput/device/MFU=32.14
2026-09-15T04:12:57.805Z     throughput/device/MFU (actual avg)=32.14
2026-09-15T04:12:57.805Z     throughput/device/TPS=4,378
2026-09-15T04:12:57.805Z     throughput/device/TPS (actual avg)=4,379
2026-09-15T04:12:57.805Z     throughput/device/flopsPS=100.3T
2026-09-15T04:12:57.805Z     throughput/device/flopsPS (actual avg)=100.3T
2026-09-15T04:12:57.805Z     throughput/total petaflops=216.1
2026-09-15T04:12:57.805Z     throughput/total tokens=9,437,184
2026-09-15T04:12:57.805Z     train/CE loss=0.0228
2026-09-15T04:12:57.805Z     throughput/device/data loading (%)=0.0094
2026-09-15T04:12:57.805Z     throughput/device/data loading (s)=0.0014
2026-09-15T04:12:57.805Z     train/PPL=1.023
2026-09-15T04:13:12.772Z [2;36m[2026-09-15 04:13:12][0m [34mINFO    [0m [2m[olmo_core.train.callbacks.console_logger:68, 4bd9901017c5, rank=0][0m [step=73/122,epoch=1,eta=12m]
2026-09-15T04:13:12.772Z     gpu_memory/GPU active mem (%)=78.46
2026-09-15T04:13:12.772Z     gpu_memory/GPU active mem (GiB)=62.18
2026-09-15T04:13:12.772Z     gpu_memory/GPU reserved mem (%)=83.74
2026-09-15T04:13:12.772Z     gpu_memory/GPU reserved mem (GiB)=66.36
2026-09-15T04:13:12.772Z     optim/LR (group 0)=2.08E-06
2026-09-15T04:13:12.772Z     optim/LR (group 1)=2.08E-06
2026-09-15T04:13:12.772Z     optim/step skipped=0.0
2026-09-15T04:13:12.772Z     optim/total grad norm=0.2182
2026-09-15T04:13:12.772Z     throughput/chinchilla multiple=0.0001
2026-09-15T04:13:12.772Z     throughput/device/BPS=0.0668
2026-09-15T04:13:12.772Z     throughput/device/BPS (actual avg)=0.0668
2026-09-15T04:13:12.772Z     throughput/device/MFU=32.13
2026-09-15T04:13:12.772Z     throughput/device/MFU (actual avg)=32.14
2026-09-15T04:13:12.772Z     throughput/device/TPS=4,377
2026-09-15T04:13:12.772Z     throughput/device/TPS (actual avg)=4,379
2026-09-15T04:13:12.772Z     throughput/device/flopsPS=100.3T
2026-09-15T04:13:12.772Z     throughput/device/flopsPS (actual avg)=100.3T
2026-09-15T04:13:12.772Z     throughput/total petaflops=219.1
2026-09-15T04:13:12.772Z     throughput/total tokens=9,568,256
2026-09-15T04:13:12.772Z     train/CE loss=0.0149
2026-09-15T04:13:12.772Z     throughput/device/data loading (%)=0.0117
2026-09-15T04:13:12.772Z     throughput/device/data loading (s)=0.0018
2026-09-15T04:13:12.772Z     train/PPL=1.015
2026-09-15T04:13:27.736Z [2;36m[2026-09-15 04:13:27][0m [34mINFO    [0m [2m[olmo_core.train.callbacks.console_logger:68, 4bd9901017c5, rank=0][0m [step=74/122,epoch=1,eta=12m]
2026-09-15T04:13:27.736Z     gpu_memory/GPU active mem (%)=78.46
2026-09-15T04:13:27.736Z     gpu_memory/GPU active mem (GiB)=62.18
2026-09-15T04:13:27.736Z     gpu_memory/GPU reserved mem (%)=83.74
2026-09-15T04:13:27.736Z     gpu_memory/GPU reserved mem (GiB)=66.36
2026-09-15T04:13:27.736Z     optim/LR (group 0)=2.03E-06
2026-09-15T04:13:27.736Z     optim/LR (group 1)=2.03E-06
2026-09-15T04:13:27.736Z     optim/step skipped=0.0
2026-09-15T04:13:27.736Z     optim/total grad norm=8.143
2026-09-15T04:13:27.736Z     throughput/chinchilla multiple=0.0001
2026-09-15T04:13:27.736Z     throughput/device/BPS=0.0668
2026-09-15T04:13:27.736Z     throughput/device/BPS (actual avg)=0.0668
2026-09-15T04:13:27.736Z     throughput/device/MFU=32.14
2026-09-15T04:13:27.736Z     throughput/device/MFU (actual avg)=32.14
2026-09-15T04:13:27.736Z     throughput/device/TPS=4,379
2026-09-15T04:13:27.736Z     throughput/device/TPS (actual avg)=4,379
2026-09-15T04:13:27.736Z     throughput/device/flopsPS=100.3T
2026-09-15T04:13:27.736Z     throughput/device/flopsPS (actual avg)=100.3T
2026-09-15T04:13:27.737Z     throughput/total petaflops=222.1
2026-09-15T04:13:27.737Z     throughput/total tokens=9,699,328
2026-09-15T04:13:27.737Z     train/CE loss=0.0411
2026-09-15T04:13:27.737Z     throughput/device/data loading (%)=0.0083
2026-09-15T04:13:27.737Z     throughput/device/data loading (s)=0.0012
2026-09-15T04:13:27.737Z     train/PPL=1.042
2026-09-15T04:13:42.705Z [2;36m[2026-09-15 04:13:42][0m [34mINFO    [0m [2m[olmo_core.train.callbacks.console_logger:68, 4bd9901017c5, rank=0][0m [step=75/122,epoch=1,eta=12m]
2026-09-15T04:13:42.706Z     gpu_memory/GPU active mem (%)=78.46
2026-09-15T04:13:42.706Z     gpu_memory/GPU active mem (GiB)=62.18
2026-09-15T04:13:42.706Z     gpu_memory/GPU reserved mem (%)=83.74
2026-09-15T04:13:42.706Z     gpu_memory/GPU reserved mem (GiB)=66.36
2026-09-15T04:13:42.706Z     optim/LR (group 0)=1.99E-06
2026-09-15T04:13:42.706Z     optim/LR (group 1)=1.99E-06
2026-09-15T04:13:42.706Z     optim/step skipped=0.0
2026-09-15T04:13:42.706Z     optim/total grad norm=15.15
2026-09-15T04:13:42.706Z     throughput/chinchilla multiple=0.0001
2026-09-15T04:13:42.706Z     throughput/device/BPS=0.0668
2026-09-15T04:13:42.706Z     throughput/device/BPS (actual avg)=0.0668
2026-09-15T04:13:42.706Z     throughput/device/MFU=32.13
2026-09-15T04:13:42.706Z     throughput/device/MFU (actual avg)=32.14
2026-09-15T04:13:42.706Z     throughput/device/TPS=4,378
2026-09-15T04:13:42.706Z     throughput/device/TPS (actual avg)=4,379
2026-09-15T04:13:42.706Z     throughput/device/flopsPS=100.3T
2026-09-15T04:13:42.706Z     throughput/device/flopsPS (actual avg)=100.3T
2026-09-15T04:13:42.706Z     throughput/total petaflops=225.1
2026-09-15T04:13:42.706Z     throughput/total tokens=9,830,400
2026-09-15T04:13:42.706Z     train/CE loss=0.0244
2026-09-15T04:13:42.706Z     throughput/device/data loading (%)=0.0101
2026-09-15T04:13:42.706Z     throughput/device/data loading (s)=0.0015
2026-09-15T04:13:42.706Z     train/PPL=1.025
2026-09-15T04:13:57.675Z [2;36m[2026-09-15 04:13:57][0m [34mINFO    [0m [2m[olmo_core.train.callbacks.console_logger:68, 4bd9901017c5, rank=0][0m [step=76/122,epoch=1,eta=12m]
2026-09-15T04:13:57.675Z     gpu_memory/GPU active mem (%)=78.46
2026-09-15T04:13:57.675Z     gpu_memory/GPU active mem (GiB)=62.18
2026-09-15T04:13:57.675Z     gpu_memory/GPU reserved mem (%)=83.74
2026-09-15T04:13:57.675Z     gpu_memory/GPU reserved mem (GiB)=66.36
2026-09-15T04:13:57.675Z     optim/LR (group 0)=1.95E-06
2026-09-15T04:13:57.675Z     optim/LR (group 1)=1.95E-06
2026-09-15T04:13:57.675Z     optim/step skipped=0.0
2026-09-15T04:13:57.675Z     optim/total grad norm=22.04
2026-09-15T04:13:57.675Z     throughput/chinchilla multiple=0.0001
2026-09-15T04:13:57.675Z     throughput/device/BPS=0.0668
2026-09-15T04:13:57.675Z     throughput/device/BPS (actual avg)=0.0668
2026-09-15T04:13:57.675Z     throughput/device/MFU=32.13
2026-09-15T04:13:57.675Z     throughput/device/MFU (actual avg)=32.14
2026-09-15T04:13:57.675Z     throughput/device/TPS=4,378
2026-09-15T04:13:57.675Z     throughput/device/TPS (actual avg)=4,379
2026-09-15T04:13:57.675Z     throughput/device/flopsPS=100.3T
2026-09-15T04:13:57.675Z     throughput/device/flopsPS (actual avg)=100.3T
2026-09-15T04:13:57.675Z     throughput/total petaflops=228.1
2026-09-15T04:13:57.675Z     throughput/total tokens=9,961,472
2026-09-15T04:13:57.675Z     train/CE loss=0.0217
2026-09-15T04:13:57.675Z     throughput/device/data loading (%)=0.0101
2026-09-15T04:13:57.675Z     throughput/device/data loading (s)=0.0015
2026-09-15T04:13:57.675Z     train/PPL=1.022
2026-09-15T04:14:12.628Z [2;36m[2026-09-15 04:14:12][0m [34mINFO    [0m [2m[olmo_core.train.callbacks.console_logger:68, 4bd9901017c5, rank=0][0m [step=77/122,epoch=1,eta=11m]
2026-09-15T04:14:12.628Z     gpu_memory/GPU active mem (%)=78.46
2026-09-15T04:14:12.628Z     gpu_memory/GPU active mem (GiB)=62.18
2026-09-15T04:14:12.628Z     gpu_memory/GPU reserved mem (%)=83.74
2026-09-15T04:14:12.628Z     gpu_memory/GPU reserved mem (GiB)=66.36
2026-09-15T04:14:12.628Z     optim/LR (group 0)=1.91E-06
2026-09-15T04:14:12.628Z     optim/LR (group 1)=1.91E-06
2026-09-15T04:14:12.628Z     optim/step skipped=0.0
2026-09-15T04:14:12.628Z     optim/total grad norm=6.488
2026-09-15T04:14:12.628Z     throughput/chinchilla multiple=0.0001
2026-09-15T04:14:12.628Z     throughput/device/BPS=0.0669
2026-09-15T04:14:12.628Z     throughput/device/BPS (actual avg)=0.0668
2026-09-15T04:14:12.628Z     throughput/device/MFU=32.17
2026-09-15T04:14:12.628Z     throughput/device/MFU (actual avg)=32.14
2026-09-15T04:14:12.628Z     throughput/device/TPS=4,382
2026-09-15T04:14:12.628Z     throughput/device/TPS (actual avg)=4,379
2026-09-15T04:14:12.628Z     throughput/device/flopsPS=100.4T
2026-09-15T04:14:12.628Z     throughput/device/flopsPS (actual avg)=100.3T
2026-09-15T04:14:12.628Z     throughput/total petaflops=231.1
2026-09-15T04:14:12.628Z     throughput/total tokens=10,092,544
2026-09-15T04:14:12.628Z     train/CE loss=0.0350
2026-09-15T04:14:12.628Z     throughput/device/data loading (%)=0.0098
2026-09-15T04:14:12.628Z     throughput/device/data loading (s)=0.0015
2026-09-15T04:14:12.628Z     train/PPL=1.036
2026-09-15T04:14:27.587Z [2;36m[2026-09-15 04:14:27][0m [34mINFO    [0m [2m[olmo_core.train.callbacks.console_logger:68, 4bd9901017c5, rank=0][0m [step=78/122,epoch=1,eta=11m]
2026-09-15T04:14:27.587Z     gpu_memory/GPU active mem (%)=78.46
2026-09-15T04:14:27.587Z     gpu_memory/GPU active mem (GiB)=62.18
2026-09-15T04:14:27.587Z     gpu_memory/GPU reserved mem (%)=83.74
2026-09-15T04:14:27.587Z     gpu_memory/GPU reserved mem (GiB)=66.36
2026-09-15T04:14:27.587Z     optim/LR (group 0)=1.86E-06
2026-09-15T04:14:27.587Z     optim/LR (group 1)=1.86E-06
2026-09-15T04:14:27.587Z     optim/step skipped=0.0
2026-09-15T04:14:27.587Z     optim/total grad norm=0.8166
2026-09-15T04:14:27.587Z     throughput/chinchilla multiple=0.0001
2026-09-15T04:14:27.587Z     throughput/device/BPS=0.0669
2026-09-15T04:14:27.587Z     throughput/device/BPS (actual avg)=0.0668
2026-09-15T04:14:27.587Z     throughput/device/MFU=32.16
2026-09-15T04:14:27.587Z     throughput/device/MFU (actual avg)=32.14
2026-09-15T04:14:27.587Z     throughput/device/TPS=4,381
2026-09-15T04:14:27.587Z     throughput/device/TPS (actual avg)=4,379
2026-09-15T04:14:27.587Z     throughput/device/flopsPS=100.3T
2026-09-15T04:14:27.587Z     throughput/device/flopsPS (actual avg)=100.3T
2026-09-15T04:14:27.587Z     throughput/total petaflops=234.1
2026-09-15T04:14:27.587Z     throughput/total tokens=10,223,616
2026-09-15T04:14:27.587Z     train/CE loss=0.0155
2026-09-15T04:14:27.587Z     throughput/device/data loading (%)=0.0073
2026-09-15T04:14:27.587Z     throughput/device/data loading (s)=0.0011
2026-09-15T04:14:27.587Z     train/PPL=1.016
2026-09-15T04:14:42.550Z [2;36m[2026-09-15 04:14:42][0m [34mINFO    [0m [2m[olmo_core.train.callbacks.console_logger:68, 4bd9901017c5, rank=0][0m [step=79/122,epoch=1,eta=11m]
2026-09-15T04:14:42.550Z     gpu_memory/GPU active mem (%)=78.46
2026-09-15T04:14:42.550Z     gpu_memory/GPU active mem (GiB)=62.18
2026-09-15T04:14:42.550Z     gpu_memory/GPU reserved mem (%)=83.74
2026-09-15T04:14:42.550Z     gpu_memory/GPU reserved mem (GiB)=66.36
2026-09-15T04:14:42.550Z     optim/LR (group 0)=1.82E-06
2026-09-15T04:14:42.550Z     optim/LR (group 1)=1.82E-06
2026-09-15T04:14:42.550Z     optim/step skipped=0.0
2026-09-15T04:14:42.550Z     optim/total grad norm=3.598
2026-09-15T04:14:42.550Z     throughput/chinchilla multiple=0.0001
2026-09-15T04:14:42.550Z     throughput/device/BPS=0.0668
2026-09-15T04:14:42.550Z     throughput/device/BPS (actual avg)=0.0668
2026-09-15T04:14:42.550Z     throughput/device/MFU=32.15
2026-09-15T04:14:42.550Z     throughput/device/MFU (actual avg)=32.14
2026-09-15T04:14:42.550Z     throughput/device/TPS=4,380
2026-09-15T04:14:42.550Z     throughput/device/TPS (actual avg)=4,379
2026-09-15T04:14:42.550Z     throughput/device/flopsPS=100.3T
2026-09-15T04:14:42.550Z     throughput/device/flopsPS (actual avg)=100.3T
2026-09-15T04:14:42.550Z     throughput/total petaflops=237.1
2026-09-15T04:14:42.550Z     throughput/total tokens=10,354,688
2026-09-15T04:14:42.550Z     train/CE loss=0.0251
2026-09-15T04:14:42.550Z     throughput/device/data loading (%)=0.0100
2026-09-15T04:14:42.550Z     throughput/device/data loading (s)=0.0015
2026-09-15T04:14:42.550Z     train/PPL=1.025
2026-09-15T04:14:57.516Z [2;36m[2026-09-15 04:14:57][0m [34mINFO    [0m [2m[olmo_core.train.callbacks.console_logger:68, 4bd9901017c5, rank=0][0m [step=80/122,epoch=1,eta=11m]
2026-09-15T04:14:57.516Z     gpu_memory/GPU active mem (%)=78.46
2026-09-15T04:14:57.516Z     gpu_memory/GPU active mem (GiB)=62.18
2026-09-15T04:14:57.516Z     gpu_memory/GPU reserved mem (%)=83.74
2026-09-15T04:14:57.516Z     gpu_memory/GPU reserved mem (GiB)=66.36
2026-09-15T04:14:57.516Z     optim/LR (group 0)=1.78E-06
2026-09-15T04:14:57.516Z     optim/LR (group 1)=1.78E-06
2026-09-15T04:14:57.516Z     optim/step skipped=0.0
2026-09-15T04:14:57.516Z     optim/total grad norm=2.023
2026-09-15T04:14:57.516Z     throughput/chinchilla multiple=0.0001
2026-09-15T04:14:57.516Z     throughput/device/BPS=0.0668
2026-09-15T04:14:57.516Z     throughput/device/BPS (actual avg)=0.0668
2026-09-15T04:14:57.517Z     throughput/device/MFU=32.14
2026-09-15T04:14:57.517Z     throughput/device/MFU (actual avg)=32.14
2026-09-15T04:14:57.517Z     throughput/device/TPS=4,378
2026-09-15T04:14:57.517Z     throughput/device/TPS (actual avg)=4,379
2026-09-15T04:14:57.517Z     throughput/device/flopsPS=100.3T
2026-09-15T04:14:57.517Z     throughput/device/flopsPS (actual avg)=100.3T
2026-09-15T04:14:57.517Z     throughput/total petaflops=240.1
2026-09-15T04:14:57.517Z     throughput/total tokens=10,485,760
2026-09-15T04:14:57.517Z     train/CE loss=0.0170
2026-09-15T04:14:57.517Z     throughput/device/data loading (%)=0.0111
2026-09-15T04:14:57.517Z     throughput/device/data loading (s)=0.0017
2026-09-15T04:14:57.517Z     train/PPL=1.017
2026-09-15T04:15:12.480Z [2;36m[2026-09-15 04:15:12][0m [34mINFO    [0m [2m[olmo_core.train.callbacks.console_logger:68, 4bd9901017c5, rank=0][0m [step=81/122,epoch=1,eta=10m]
2026-09-15T04:15:12.480Z     gpu_memory/GPU active mem (%)=78.46
2026-09-15T04:15:12.480Z     gpu_memory/GPU active mem (GiB)=62.18
2026-09-15T04:15:12.480Z     gpu_memory/GPU reserved mem (%)=83.74
2026-09-15T04:15:12.480Z     gpu_memory/GPU reserved mem (GiB)=66.36
2026-09-15T04:15:12.480Z     optim/LR (group 0)=1.74E-06
2026-09-15T04:15:12.480Z     optim/LR (group 1)=1.74E-06
2026-09-15T04:15:12.480Z     optim/step skipped=0.0
2026-09-15T04:15:12.480Z     optim/total grad norm=8.452
2026-09-15T04:15:12.480Z     throughput/chinchilla multiple=0.0001
2026-09-15T04:15:12.480Z     throughput/device/BPS=0.0668
2026-09-15T04:15:12.480Z     throughput/device/BPS (actual avg)=0.0668
2026-09-15T04:15:12.480Z     throughput/device/MFU=32.15
2026-09-15T04:15:12.480Z     throughput/device/MFU (actual avg)=32.14
2026-09-15T04:15:12.480Z     throughput/device/TPS=4,379
2026-09-15T04:15:12.480Z     throughput/device/TPS (actual avg)=4,379
2026-09-15T04:15:12.480Z     throughput/device/flopsPS=100.3T
2026-09-15T04:15:12.480Z     throughput/device/flopsPS (actual avg)=100.3T
2026-09-15T04:15:12.480Z     throughput/total petaflops=243.1
2026-09-15T04:15:12.480Z     throughput/total tokens=10,616,832
2026-09-15T04:15:12.480Z     train/CE loss=0.0420
2026-09-15T04:15:12.480Z     throughput/device/data loading (%)=0.0103
2026-09-15T04:15:12.480Z     throughput/device/data loading (s)=0.0015
2026-09-15T04:15:12.480Z     train/PPL=1.043
2026-09-15T04:15:27.444Z [2;36m[2026-09-15 04:15:27][0m [34mINFO    [0m [2m[olmo_core.train.callbacks.console_logger:68, 4bd9901017c5, rank=0][0m [step=82/122,epoch=1,eta=10m]
2026-09-15T04:15:27.444Z     gpu_memory/GPU active mem (%)=78.46
2026-09-15T04:15:27.444Z     gpu_memory/GPU active mem (GiB)=62.18
2026-09-15T04:15:27.444Z     gpu_memory/GPU reserved mem (%)=83.74
2026-09-15T04:15:27.444Z     gpu_memory/GPU reserved mem (GiB)=66.36
2026-09-15T04:15:27.444Z     optim/LR (group 0)=1.69E-06
2026-09-15T04:15:27.444Z     optim/LR (group 1)=1.69E-06
2026-09-15T04:15:27.444Z     optim/step skipped=0.0
2026-09-15T04:15:27.444Z     optim/total grad norm=0.3239
2026-09-15T04:15:27.444Z     throughput/chinchilla multiple=0.0001
2026-09-15T04:15:27.444Z     throughput/device/BPS=0.0668
2026-09-15T04:15:27.444Z     throughput/device/BPS (actual avg)=0.0668
2026-09-15T04:15:27.444Z     throughput/device/MFU=32.15
2026-09-15T04:15:27.444Z     throughput/device/MFU (actual avg)=32.14
2026-09-15T04:15:27.444Z     throughput/device/TPS=4,379
2026-09-15T04:15:27.444Z     throughput/device/TPS (actual avg)=4,379
2026-09-15T04:15:27.444Z     throughput/device/flopsPS=100.3T
2026-09-15T04:15:27.444Z     throughput/device/flopsPS (actual avg)=100.3T
2026-09-15T04:15:27.444Z     throughput/total petaflops=246.1
2026-09-15T04:15:27.444Z     throughput/total tokens=10,747,904
2026-09-15T04:15:27.444Z     train/CE loss=0.0146
2026-09-15T04:15:27.444Z     throughput/device/data loading (%)=0.0083
2026-09-15T04:15:27.444Z     throughput/device/data loading (s)=0.0012
2026-09-15T04:15:27.444Z     train/PPL=1.015
2026-09-15T04:15:42.401Z [2;36m[2026-09-15 04:15:42][0m [34mINFO    [0m [2m[olmo_core.train.callbacks.console_logger:68, 4bd9901017c5, rank=0][0m [step=83/122,epoch=1,eta=10m]
2026-09-15T04:15:42.401Z     gpu_memory/GPU active mem (%)=78.46
2026-09-15T04:15:42.401Z     gpu_memory/GPU active mem (GiB)=62.18
2026-09-15T04:15:42.401Z     gpu_memory/GPU reserved mem (%)=83.74
2026-09-15T04:15:42.401Z     gpu_memory/GPU reserved mem (GiB)=66.36
2026-09-15T04:15:42.401Z     optim/LR (group 0)=1.65E-06
2026-09-15T04:15:42.401Z     optim/LR (group 1)=1.65E-06
2026-09-15T04:15:42.401Z     optim/step skipped=0.0
2026-09-15T04:15:42.401Z     optim/total grad norm=3.670
2026-09-15T04:15:42.401Z     throughput/chinchilla multiple=0.0001
2026-09-15T04:15:42.401Z     throughput/device/BPS=0.0669
2026-09-15T04:15:42.401Z     throughput/device/BPS (actual avg)=0.0668
2026-09-15T04:15:42.401Z     throughput/device/MFU=32.16
2026-09-15T04:15:42.401Z     throughput/device/MFU (actual avg)=32.14
2026-09-15T04:15:42.401Z     throughput/device/TPS=4,381
2026-09-15T04:15:42.401Z     throughput/device/TPS (actual avg)=4,379
2026-09-15T04:15:42.401Z     throughput/device/flopsPS=100.3T
2026-09-15T04:15:42.401Z     throughput/device/flopsPS (actual avg)=100.3T
2026-09-15T04:15:42.401Z     throughput/total petaflops=249.1
2026-09-15T04:15:42.401Z     throughput/total tokens=10,878,976
2026-09-15T04:15:42.401Z     train/CE loss=0.0478
2026-09-15T04:15:42.401Z     throughput/device/data loading (%)=0.0139
2026-09-15T04:15:42.401Z     throughput/device/data loading (s)=0.0021
2026-09-15T04:15:42.401Z     train/PPL=1.049
2026-09-15T04:15:57.367Z [2;36m[2026-09-15 04:15:57][0m [34mINFO    [0m [2m[olmo_core.train.callbacks.console_logger:68, 4bd9901017c5, rank=0][0m [step=84/122,epoch=1,eta=10m]
2026-09-15T04:15:57.367Z     gpu_memory/GPU active mem (%)=78.46
2026-09-15T04:15:57.367Z     gpu_memory/GPU active mem (GiB)=62.18
2026-09-15T04:15:57.367Z     gpu_memory/GPU reserved mem (%)=83.74
2026-09-15T04:15:57.367Z     gpu_memory/GPU reserved mem (GiB)=66.36
2026-09-15T04:15:57.367Z     optim/LR (group 0)=1.61E-06
2026-09-15T04:15:57.367Z     optim/LR (group 1)=1.61E-06
2026-09-15T04:15:57.367Z     optim/step skipped=0.0
2026-09-15T04:15:57.367Z     optim/total grad norm=0.8908
2026-09-15T04:15:57.367Z     throughput/chinchilla multiple=0.0001
2026-09-15T04:15:57.367Z     throughput/device/BPS=0.0668
2026-09-15T04:15:57.367Z     throughput/device/BPS (actual avg)=0.0668
2026-09-15T04:15:57.367Z     throughput/device/MFU=32.14
2026-09-15T04:15:57.367Z     throughput/device/MFU (actual avg)=32.14
2026-09-15T04:15:57.367Z     throughput/device/TPS=4,378
2026-09-15T04:15:57.367Z     throughput/device/TPS (actual avg)=4,379
2026-09-15T04:15:57.367Z     throughput/device/flopsPS=100.3T
2026-09-15T04:15:57.367Z     throughput/device/flopsPS (actual avg)=100.3T
2026-09-15T04:15:57.367Z     throughput/total petaflops=252.1
2026-09-15T04:15:57.367Z     throughput/total tokens=11,010,048
2026-09-15T04:15:57.367Z     train/CE loss=0.0149
2026-09-15T04:15:57.367Z     throughput/device/data loading (%)=0.0102
2026-09-15T04:15:57.367Z     throughput/device/data loading (s)=0.0015
2026-09-15T04:15:57.367Z     train/PPL=1.015
2026-09-15T04:16:12.327Z [2;36m[2026-09-15 04:16:12][0m [34mINFO    [0m [2m[olmo_core.train.callbacks.console_logger:68, 4bd9901017c5, rank=0][0m [step=85/122,epoch=1,eta=9m]
2026-09-15T04:16:12.327Z     gpu_memory/GPU active mem (%)=78.46
2026-09-15T04:16:12.327Z     gpu_memory/GPU active mem (GiB)=62.18
2026-09-15T04:16:12.327Z     gpu_memory/GPU reserved mem (%)=83.74
2026-09-15T04:16:12.327Z     gpu_memory/GPU reserved mem (GiB)=66.36
2026-09-15T04:16:12.327Z     optim/LR (group 0)=1.57E-06
2026-09-15T04:16:12.327Z     optim/LR (group 1)=1.57E-06
2026-09-15T04:16:12.327Z     optim/step skipped=0.0
2026-09-15T04:16:12.327Z     optim/total grad norm=3.368
2026-09-15T04:16:12.327Z     throughput/chinchilla multiple=0.0001
2026-09-15T04:16:12.327Z     throughput/device/BPS=0.0668
2026-09-15T04:16:12.327Z     throughput/device/BPS (actual avg)=0.0668
2026-09-15T04:16:12.327Z     throughput/device/MFU=32.15
2026-09-15T04:16:12.327Z     throughput/device/MFU (actual avg)=32.14
2026-09-15T04:16:12.327Z     throughput/device/TPS=4,381
2026-09-15T04:16:12.327Z     throughput/device/TPS (actual avg)=4,379
2026-09-15T04:16:12.327Z     throughput/device/flopsPS=100.3T
2026-09-15T04:16:12.327Z     throughput/device/flopsPS (actual avg)=100.3T
2026-09-15T04:16:12.327Z     throughput/total petaflops=255.1
2026-09-15T04:16:12.327Z     throughput/total tokens=11,141,120
2026-09-15T04:16:12.327Z     train/CE loss=0.0266
2026-09-15T04:16:12.327Z     throughput/device/data loading (%)=0.0115
2026-09-15T04:16:12.327Z     throughput/device/data loading (s)=0.0017
2026-09-15T04:16:12.327Z     train/PPL=1.027
2026-09-15T04:16:27.289Z [2;36m[2026-09-15 04:16:27][0m [34mINFO    [0m [2m[olmo_core.train.callbacks.console_logger:68, 4bd9901017c5, rank=0][0m [step=86/122,epoch=1,eta=9m]
2026-09-15T04:16:27.289Z     gpu_memory/GPU active mem (%)=78.46
2026-09-15T04:16:27.289Z     gpu_memory/GPU active mem (GiB)=62.18
2026-09-15T04:16:27.289Z     gpu_memory/GPU reserved mem (%)=83.74
2026-09-15T04:16:27.289Z     gpu_memory/GPU reserved mem (GiB)=66.36
2026-09-15T04:16:27.289Z     optim/LR (group 0)=1.53E-06
2026-09-15T04:16:27.289Z     optim/LR (group 1)=1.53E-06
2026-09-15T04:16:27.289Z     optim/step skipped=0.0
2026-09-15T04:16:27.289Z     optim/total grad norm=6.220
2026-09-15T04:16:27.289Z     throughput/chinchilla multiple=0.0001
2026-09-15T04:16:27.289Z     throughput/device/BPS=0.0668
2026-09-15T04:16:27.289Z     throughput/device/BPS (actual avg)=0.0668
2026-09-15T04:16:27.289Z     throughput/device/MFU=32.15
2026-09-15T04:16:27.289Z     throughput/device/MFU (actual avg)=32.14
2026-09-15T04:16:27.289Z     throughput/device/TPS=4,380
2026-09-15T04:16:27.289Z     throughput/device/TPS (actual avg)=4,379
2026-09-15T04:16:27.289Z     throughput/device/flopsPS=100.3T
2026-09-15T04:16:27.289Z     throughput/device/flopsPS (actual avg)=100.3T
2026-09-15T04:16:27.289Z     throughput/total petaflops=258.1
2026-09-15T04:16:27.289Z     throughput/total tokens=11,272,192
2026-09-15T04:16:27.289Z     train/CE loss=0.0248
2026-09-15T04:16:27.289Z     throughput/device/data loading (%)=0.0088
2026-09-15T04:16:27.289Z     throughput/device/data loading (s)=0.0013
2026-09-15T04:16:27.289Z     train/PPL=1.025
2026-09-15T04:16:42.258Z [2;36m[2026-09-15 04:16:42][0m [34mINFO    [0m [2m[olmo_core.train.callbacks.console_logger:68, 4bd9901017c5, rank=0][0m [step=87/122,epoch=1,eta=9m]
2026-09-15T04:16:42.258Z     gpu_memory/GPU active mem (%)=78.46
2026-09-15T04:16:42.258Z     gpu_memory/GPU active mem (GiB)=62.18
2026-09-15T04:16:42.258Z     gpu_memory/GPU reserved mem (%)=83.74
2026-09-15T04:16:42.258Z     gpu_memory/GPU reserved mem (GiB)=66.36
2026-09-15T04:16:42.258Z     optim/LR (group 0)=1.48E-06
2026-09-15T04:16:42.258Z     optim/LR (group 1)=1.48E-06
2026-09-15T04:16:42.258Z     optim/step skipped=0.0
2026-09-15T04:16:42.258Z     optim/total grad norm=5.502
2026-09-15T04:16:42.258Z     throughput/chinchilla multiple=0.0001
2026-09-15T04:16:42.258Z     throughput/device/BPS=0.0668
2026-09-15T04:16:42.258Z     throughput/device/BPS (actual avg)=0.0668
2026-09-15T04:16:42.258Z     throughput/device/MFU=32.13
2026-09-15T04:16:42.258Z     throughput/device/MFU (actual avg)=32.14
2026-09-15T04:16:42.258Z     throughput/device/TPS=4,377
2026-09-15T04:16:42.258Z     throughput/device/TPS (actual avg)=4,379
2026-09-15T04:16:42.258Z     throughput/device/flopsPS=100.3T
2026-09-15T04:16:42.258Z     throughput/device/flopsPS (actual avg)=100.3T
2026-09-15T04:16:42.258Z     throughput/total petaflops=261.1
2026-09-15T04:16:42.258Z     throughput/total tokens=11,403,264
2026-09-15T04:16:42.258Z     train/CE loss=0.0225
2026-09-15T04:16:42.258Z     throughput/device/data loading (%)=0.0143
2026-09-15T04:16:42.258Z     throughput/device/data loading (s)=0.0021
2026-09-15T04:16:42.258Z     train/PPL=1.023
2026-09-15T04:16:57.225Z [2;36m[2026-09-15 04:16:57][0m [34mINFO    [0m [2m[olmo_core.train.callbacks.console_logger:68, 4bd9901017c5, rank=0][0m [step=88/122,epoch=1,eta=9m]
2026-09-15T04:16:57.225Z     gpu_memory/GPU active mem (%)=78.46
2026-09-15T04:16:57.225Z     gpu_memory/GPU active mem (GiB)=62.18
2026-09-15T04:16:57.225Z     gpu_memory/GPU reserved mem (%)=83.74
2026-09-15T04:16:57.225Z     gpu_memory/GPU reserved mem (GiB)=66.36
2026-09-15T04:16:57.225Z     optim/LR (group 0)=1.44E-06
2026-09-15T04:16:57.225Z     optim/LR (group 1)=1.44E-06
2026-09-15T04:16:57.225Z     optim/step skipped=0.0
2026-09-15T04:16:57.225Z     optim/total grad norm=7.297
2026-09-15T04:16:57.225Z     throughput/chinchilla multiple=0.0001
2026-09-15T04:16:57.225Z     throughput/device/BPS=0.0668
2026-09-15T04:16:57.225Z     throughput/device/BPS (actual avg)=0.0668
2026-09-15T04:16:57.225Z     throughput/device/MFU=32.14
2026-09-15T04:16:57.225Z     throughput/device/MFU (actual avg)=32.14
2026-09-15T04:16:57.225Z     throughput/device/TPS=4,378
2026-09-15T04:16:57.225Z     throughput/device/TPS (actual avg)=4,379
2026-09-15T04:16:57.225Z     throughput/device/flopsPS=100.3T
2026-09-15T04:16:57.225Z     throughput/device/flopsPS (actual avg)=100.3T
2026-09-15T04:16:57.225Z     throughput/total petaflops=264.1
2026-09-15T04:16:57.225Z     throughput/total tokens=11,534,336
2026-09-15T04:16:57.225Z     train/CE loss=0.0415
2026-09-15T04:16:57.225Z     throughput/device/data loading (%)=0.0093
2026-09-15T04:16:57.225Z     throughput/device/data loading (s)=0.0014
2026-09-15T04:16:57.225Z     train/PPL=1.042
2026-09-15T04:17:12.194Z [2;36m[2026-09-15 04:17:12][0m [34mINFO    [0m [2m[olmo_core.train.callbacks.console_logger:68, 4bd9901017c5, rank=0][0m [step=89/122,epoch=1,eta=8m]
2026-09-15T04:17:12.194Z     gpu_memory/GPU active mem (%)=78.46
2026-09-15T04:17:12.194Z     gpu_memory/GPU active mem (GiB)=62.18
2026-09-15T04:17:12.194Z     gpu_memory/GPU reserved mem (%)=83.74
2026-09-15T04:17:12.194Z     gpu_memory/GPU reserved mem (GiB)=66.36
2026-09-15T04:17:12.194Z     optim/LR (group 0)=1.40E-06
2026-09-15T04:17:12.194Z     optim/LR (group 1)=1.40E-06
2026-09-15T04:17:12.194Z     optim/step skipped=0.0
2026-09-15T04:17:12.194Z     optim/total grad norm=1.649
2026-09-15T04:17:12.194Z     throughput/chinchilla multiple=0.0001
2026-09-15T04:17:12.194Z     throughput/device/BPS=0.0668
2026-09-15T04:17:12.194Z     throughput/device/BPS (actual avg)=0.0668
2026-09-15T04:17:12.194Z     throughput/device/MFU=32.14
2026-09-15T04:17:12.194Z     throughput/device/MFU (actual avg)=32.14
2026-09-15T04:17:12.194Z     throughput/device/TPS=4,378
2026-09-15T04:17:12.194Z     throughput/device/TPS (actual avg)=4,379
2026-09-15T04:17:12.194Z     throughput/device/flopsPS=100.3T
2026-09-15T04:17:12.194Z     throughput/device/flopsPS (actual avg)=100.3T
2026-09-15T04:17:12.194Z     throughput/total petaflops=267.1
2026-09-15T04:17:12.194Z     throughput/total tokens=11,665,408
2026-09-15T04:17:12.194Z     train/CE loss=0.0161
2026-09-15T04:17:12.194Z     throughput/device/data loading (%)=0.0115
2026-09-15T04:17:12.194Z     throughput/device/data loading (s)=0.0017
2026-09-15T04:17:12.194Z     train/PPL=1.016
2026-09-15T04:17:27.159Z [2;36m[2026-09-15 04:17:27][0m [34mINFO    [0m [2m[olmo_core.train.callbacks.console_logger:68, 4bd9901017c5, rank=0][0m [step=90/122,epoch=1,eta=8m]
2026-09-15T04:17:27.159Z     gpu_memory/GPU active mem (%)=78.46
2026-09-15T04:17:27.159Z     gpu_memory/GPU active mem (GiB)=62.18
2026-09-15T04:17:27.159Z     gpu_memory/GPU reserved mem (%)=83.74
2026-09-15T04:17:27.159Z     gpu_memory/GPU reserved mem (GiB)=66.36
2026-09-15T04:17:27.159Z     optim/LR (group 0)=1.36E-06
2026-09-15T04:17:27.159Z     optim/LR (group 1)=1.36E-06
2026-09-15T04:17:27.159Z     optim/step skipped=0.0
2026-09-15T04:17:27.159Z     optim/total grad norm=0.6286
2026-09-15T04:17:27.159Z     throughput/chinchilla multiple=0.0001
2026-09-15T04:17:27.159Z     throughput/device/BPS=0.0668
2026-09-15T04:17:27.159Z     throughput/device/BPS (actual avg)=0.0668
2026-09-15T04:17:27.159Z     throughput/device/MFU=32.14
2026-09-15T04:17:27.159Z     throughput/device/MFU (actual avg)=32.14
2026-09-15T04:17:27.159Z     throughput/device/TPS=4,379
2026-09-15T04:17:27.159Z     throughput/device/TPS (actual avg)=4,379
2026-09-15T04:17:27.159Z     throughput/device/flopsPS=100.3T
2026-09-15T04:17:27.159Z     throughput/device/flopsPS (actual avg)=100.3T
2026-09-15T04:17:27.159Z     throughput/total petaflops=270.1
2026-09-15T04:17:27.159Z     throughput/total tokens=11,796,480
2026-09-15T04:17:27.159Z     train/CE loss=0.0154
2026-09-15T04:17:27.159Z     throughput/device/data loading (%)=0.0102
2026-09-15T04:17:27.159Z     throughput/device/data loading (s)=0.0015
2026-09-15T04:17:27.159Z     train/PPL=1.016
2026-09-15T04:17:42.132Z [2;36m[2026-09-15 04:17:42][0m [34mINFO    [0m [2m[olmo_core.train.callbacks.console_logger:68, 4bd9901017c5, rank=0][0m [step=91/122,epoch=1,eta=8m]
2026-09-15T04:17:42.132Z     gpu_memory/GPU active mem (%)=78.46
2026-09-15T04:17:42.132Z     gpu_memory/GPU active mem (GiB)=62.18
2026-09-15T04:17:42.132Z     gpu_memory/GPU reserved mem (%)=83.74
2026-09-15T04:17:42.132Z     gpu_memory/GPU reserved mem (GiB)=66.36
2026-09-15T04:17:42.132Z     optim/LR (group 0)=1.31E-06
2026-09-15T04:17:42.132Z     optim/LR (group 1)=1.31E-06
2026-09-15T04:17:42.132Z     optim/step skipped=0.0
2026-09-15T04:17:42.132Z     optim/total grad norm=4.107
2026-09-15T04:17:42.132Z     throughput/chinchilla multiple=0.0001
2026-09-15T04:17:42.132Z     throughput/device/BPS=0.0668
2026-09-15T04:17:42.132Z     throughput/device/BPS (actual avg)=0.0668
2026-09-15T04:17:42.132Z     throughput/device/MFU=32.12
2026-09-15T04:17:42.132Z     throughput/device/MFU (actual avg)=32.14
2026-09-15T04:17:42.132Z     throughput/device/TPS=4,376
2026-09-15T04:17:42.132Z     throughput/device/TPS (actual avg)=4,379
2026-09-15T04:17:42.132Z     throughput/device/flopsPS=100.2T
2026-09-15T04:17:42.132Z     throughput/device/flopsPS (actual avg)=100.3T
2026-09-15T04:17:42.132Z     throughput/total petaflops=273.1
2026-09-15T04:17:42.132Z     throughput/total tokens=11,927,552
2026-09-15T04:17:42.132Z     train/CE loss=0.0460
2026-09-15T04:17:42.132Z     throughput/device/data loading (%)=0.0134
2026-09-15T04:17:42.132Z     throughput/device/data loading (s)=0.0020
2026-09-15T04:17:42.132Z     train/PPL=1.047
2026-09-15T04:17:57.101Z [2;36m[2026-09-15 04:17:57][0m [34mINFO    [0m [2m[olmo_core.train.callbacks.console_logger:68, 4bd9901017c5, rank=0][0m [step=92/122,epoch=1,eta=8m]
2026-09-15T04:17:57.101Z     gpu_memory/GPU active mem (%)=78.46
2026-09-15T04:17:57.101Z     gpu_memory/GPU active mem (GiB)=62.18
2026-09-15T04:17:57.101Z     gpu_memory/GPU reserved mem (%)=83.74
2026-09-15T04:17:57.101Z     gpu_memory/GPU reserved mem (GiB)=66.36
2026-09-15T04:17:57.101Z     optim/LR (group 0)=1.27E-06
2026-09-15T04:17:57.101Z     optim/LR (group 1)=1.27E-06
2026-09-15T04:17:57.101Z     optim/step skipped=0.0
2026-09-15T04:17:57.101Z     optim/total grad norm=4.013
2026-09-15T04:17:57.101Z     throughput/chinchilla multiple=0.0001
2026-09-15T04:17:57.101Z     throughput/device/BPS=0.0668
2026-09-15T04:17:57.101Z     throughput/device/BPS (actual avg)=0.0668
2026-09-15T04:17:57.101Z     throughput/device/MFU=32.14
2026-09-15T04:17:57.101Z     throughput/device/MFU (actual avg)=32.14
2026-09-15T04:17:57.101Z     throughput/device/TPS=4,378
2026-09-15T04:17:57.101Z     throughput/device/TPS (actual avg)=4,379
2026-09-15T04:17:57.101Z     throughput/device/flopsPS=100.3T
2026-09-15T04:17:57.101Z     throughput/device/flopsPS (actual avg)=100.3T
2026-09-15T04:17:57.101Z     throughput/total petaflops=276.1
2026-09-15T04:17:57.101Z     throughput/total tokens=12,058,624
2026-09-15T04:17:57.101Z     train/CE loss=0.0192
2026-09-15T04:17:57.101Z     throughput/device/data loading (%)=0.0093
2026-09-15T04:17:57.101Z     throughput/device/data loading (s)=0.0014
2026-09-15T04:17:57.101Z     train/PPL=1.019
2026-09-15T04:18:12.071Z [2;36m[2026-09-15 04:18:12][0m [34mINFO    [0m [2m[olmo_core.train.callbacks.console_logger:68, 4bd9901017c5, rank=0][0m [step=93/122,epoch=1,eta=7m]
2026-09-15T04:18:12.071Z     gpu_memory/GPU active mem (%)=78.46
2026-09-15T04:18:12.071Z     gpu_memory/GPU active mem (GiB)=62.18
2026-09-15T04:18:12.071Z     gpu_memory/GPU reserved mem (%)=83.74
2026-09-15T04:18:12.071Z     gpu_memory/GPU reserved mem (GiB)=66.36
2026-09-15T04:18:12.071Z     optim/LR (group 0)=1.23E-06
2026-09-15T04:18:12.071Z     optim/LR (group 1)=1.23E-06
2026-09-15T04:18:12.071Z     optim/step skipped=0.0
2026-09-15T04:18:12.071Z     optim/total grad norm=5.616
2026-09-15T04:18:12.071Z     throughput/chinchilla multiple=0.0001
2026-09-15T04:18:12.071Z     throughput/device/BPS=0.0668
2026-09-15T04:18:12.071Z     throughput/device/BPS (actual avg)=0.0668
2026-09-15T04:18:12.071Z     throughput/device/MFU=32.13
2026-09-15T04:18:12.071Z     throughput/device/MFU (actual avg)=32.14
2026-09-15T04:18:12.071Z     throughput/device/TPS=4,377
2026-09-15T04:18:12.071Z     throughput/device/TPS (actual avg)=4,379
2026-09-15T04:18:12.071Z     throughput/device/flopsPS=100.2T
2026-09-15T04:18:12.071Z     throughput/device/flopsPS (actual avg)=100.3T
2026-09-15T04:18:12.071Z     throughput/total petaflops=279.1
2026-09-15T04:18:12.071Z     throughput/total tokens=12,189,696
2026-09-15T04:18:12.071Z     train/CE loss=0.0268
2026-09-15T04:18:12.071Z     throughput/device/data loading (%)=0.0111
2026-09-15T04:18:12.071Z     throughput/device/data loading (s)=0.0017
2026-09-15T04:18:12.071Z     train/PPL=1.027
2026-09-15T04:18:27.040Z [2;36m[2026-09-15 04:18:27][0m [34mINFO    [0m [2m[olmo_core.train.callbacks.console_logger:68, 4bd9901017c5, rank=0][0m [step=94/122,epoch=1,eta=7m]
2026-09-15T04:18:27.041Z     gpu_memory/GPU active mem (%)=78.46
2026-09-15T04:18:27.041Z     gpu_memory/GPU active mem (GiB)=62.18
2026-09-15T04:18:27.041Z     gpu_memory/GPU reserved mem (%)=83.74
2026-09-15T04:18:27.041Z     gpu_memory/GPU reserved mem (GiB)=66.36
2026-09-15T04:18:27.041Z     optim/LR (group 0)=1.19E-06
2026-09-15T04:18:27.041Z     optim/LR (group 1)=1.19E-06
2026-09-15T04:18:27.041Z     optim/step skipped=0.0
2026-09-15T04:18:27.041Z     optim/total grad norm=0.6699
2026-09-15T04:18:27.041Z     throughput/chinchilla multiple=0.0001
2026-09-15T04:18:27.041Z     throughput/device/BPS=0.0668
2026-09-15T04:18:27.041Z     throughput/device/BPS (actual avg)=0.0668
2026-09-15T04:18:27.041Z     throughput/device/MFU=32.13
2026-09-15T04:18:27.041Z     throughput/device/MFU (actual avg)=32.14
2026-09-15T04:18:27.041Z     throughput/device/TPS=4,378
2026-09-15T04:18:27.041Z     throughput/device/TPS (actual avg)=4,379
2026-09-15T04:18:27.041Z     throughput/device/flopsPS=100.3T
2026-09-15T04:18:27.041Z     throughput/device/flopsPS (actual avg)=100.3T
2026-09-15T04:18:27.041Z     throughput/total petaflops=282.1
2026-09-15T04:18:27.041Z     throughput/total tokens=12,320,768
2026-09-15T04:18:27.041Z     train/CE loss=0.0143
2026-09-15T04:18:27.041Z     throughput/device/data loading (%)=0.0126
2026-09-15T04:18:27.041Z     throughput/device/data loading (s)=0.0019
2026-09-15T04:18:27.041Z     train/PPL=1.014
2026-09-15T04:18:42.009Z [2;36m[2026-09-15 04:18:42][0m [34mINFO    [0m [2m[olmo_core.train.callbacks.console_logger:68, 4bd9901017c5, rank=0][0m [step=95/122,epoch=1,eta=7m]
2026-09-15T04:18:42.009Z     gpu_memory/GPU active mem (%)=78.46
2026-09-15T04:18:42.009Z     gpu_memory/GPU active mem (GiB)=62.18
2026-09-15T04:18:42.009Z     gpu_memory/GPU reserved mem (%)=83.74
2026-09-15T04:18:42.009Z     gpu_memory/GPU reserved mem (GiB)=66.36
2026-09-15T04:18:42.009Z     optim/LR (group 0)=1.14E-06
2026-09-15T04:18:42.009Z     optim/LR (group 1)=1.14E-06
2026-09-15T04:18:42.009Z     optim/step skipped=0.0
2026-09-15T04:18:42.009Z     optim/total grad norm=0.3268
2026-09-15T04:18:42.009Z     throughput/chinchilla multiple=0.0001
2026-09-15T04:18:42.009Z     throughput/device/BPS=0.0668
2026-09-15T04:18:42.009Z     throughput/device/BPS (actual avg)=0.0668
2026-09-15T04:18:42.009Z     throughput/device/MFU=32.14
2026-09-15T04:18:42.009Z     throughput/device/MFU (actual avg)=32.14
2026-09-15T04:18:42.009Z     throughput/device/TPS=4,378
2026-09-15T04:18:42.009Z     throughput/device/TPS (actual avg)=4,379
2026-09-15T04:18:42.009Z     throughput/device/flopsPS=100.3T
2026-09-15T04:18:42.010Z     throughput/device/flopsPS (actual avg)=100.3T
2026-09-15T04:18:42.010Z     throughput/total petaflops=285.1
2026-09-15T04:18:42.010Z     throughput/total tokens=12,451,840
2026-09-15T04:18:42.010Z     train/CE loss=0.0140
2026-09-15T04:18:42.010Z     throughput/device/data loading (%)=0.0138
2026-09-15T04:18:42.010Z     throughput/device/data loading (s)=0.0021
2026-09-15T04:18:42.010Z     train/PPL=1.014
2026-09-15T04:18:56.971Z [2;36m[2026-09-15 04:18:56][0m [34mINFO    [0m [2m[olmo_core.train.callbacks.console_logger:68, 4bd9901017c5, rank=0][0m [step=96/122,epoch=1,eta=7m]
2026-09-15T04:18:56.971Z     gpu_memory/GPU active mem (%)=78.46
2026-09-15T04:18:56.971Z     gpu_memory/GPU active mem (GiB)=62.18
2026-09-15T04:18:56.971Z     gpu_memory/GPU reserved mem (%)=83.74
2026-09-15T04:18:56.971Z     gpu_memory/GPU reserved mem (GiB)=66.36
2026-09-15T04:18:56.971Z     optim/LR (group 0)=1.10E-06
2026-09-15T04:18:56.971Z     optim/LR (group 1)=1.10E-06
2026-09-15T04:18:56.971Z     optim/step skipped=0.0
2026-09-15T04:18:56.971Z     optim/total grad norm=4.603
2026-09-15T04:18:56.971Z     throughput/chinchilla multiple=0.0001
2026-09-15T04:18:56.971Z     throughput/device/BPS=0.0668
2026-09-15T04:18:56.971Z     throughput/device/BPS (actual avg)=0.0668
2026-09-15T04:18:56.971Z     throughput/device/MFU=32.14
2026-09-15T04:18:56.971Z     throughput/device/MFU (actual avg)=32.14
2026-09-15T04:18:56.971Z     throughput/device/TPS=4,379
2026-09-15T04:18:56.971Z     throughput/device/TPS (actual avg)=4,379
2026-09-15T04:18:56.971Z     throughput/device/flopsPS=100.3T
2026-09-15T04:18:56.971Z     throughput/device/flopsPS (actual avg)=100.3T
2026-09-15T04:18:56.971Z     throughput/total petaflops=288.1
2026-09-15T04:18:56.971Z     throughput/total tokens=12,582,912
2026-09-15T04:18:56.971Z     train/CE loss=0.0180
2026-09-15T04:18:56.971Z     throughput/device/data loading (%)=0.0095
2026-09-15T04:18:56.971Z     throughput/device/data loading (s)=0.0014
2026-09-15T04:18:56.971Z     train/PPL=1.018
2026-09-15T04:19:11.934Z [2;36m[2026-09-15 04:19:11][0m [34mINFO    [0m [2m[olmo_core.train.callbacks.console_logger:68, 4bd9901017c5, rank=0][0m [step=97/122,epoch=1,eta=6m]
2026-09-15T04:19:11.934Z     gpu_memory/GPU active mem (%)=78.46
2026-09-15T04:19:11.934Z     gpu_memory/GPU active mem (GiB)=62.18
2026-09-15T04:19:11.934Z     gpu_memory/GPU reserved mem (%)=83.74
2026-09-15T04:19:11.934Z     gpu_memory/GPU reserved mem (GiB)=66.36
2026-09-15T04:19:11.934Z     optim/LR (group 0)=1.06E-06
2026-09-15T04:19:11.934Z     optim/LR (group 1)=1.06E-06
2026-09-15T04:19:11.934Z     optim/step skipped=0.0
2026-09-15T04:19:11.934Z     optim/total grad norm=0.6952
2026-09-15T04:19:11.934Z     throughput/chinchilla multiple=0.0002
2026-09-15T04:19:11.934Z     throughput/device/BPS=0.0668
2026-09-15T04:19:11.934Z     throughput/device/BPS (actual avg)=0.0668
2026-09-15T04:19:11.934Z     throughput/device/MFU=32.15
2026-09-15T04:19:11.934Z     throughput/device/MFU (actual avg)=32.14
2026-09-15T04:19:11.934Z     throughput/device/TPS=4,380
2026-09-15T04:19:11.934Z     throughput/device/TPS (actual avg)=4,379
2026-09-15T04:19:11.934Z     throughput/device/flopsPS=100.3T
2026-09-15T04:19:11.934Z     throughput/device/flopsPS (actual avg)=100.3T
2026-09-15T04:19:11.934Z     throughput/total petaflops=291.1
2026-09-15T04:19:11.934Z     throughput/total tokens=12,713,984
2026-09-15T04:19:11.934Z     train/CE loss=0.0139
2026-09-15T04:19:11.934Z     throughput/device/data loading (%)=0.0101
2026-09-15T04:19:11.934Z     throughput/device/data loading (s)=0.0015
2026-09-15T04:19:11.934Z     train/PPL=1.014
2026-09-15T04:19:26.894Z [2;36m[2026-09-15 04:19:26][0m [34mINFO    [0m [2m[olmo_core.train.callbacks.console_logger:68, 4bd9901017c5, rank=0][0m [step=98/122,epoch=1,eta=6m]
2026-09-15T04:19:26.894Z     gpu_memory/GPU active mem (%)=78.46
2026-09-15T04:19:26.894Z     gpu_memory/GPU active mem (GiB)=62.18
2026-09-15T04:19:26.894Z     gpu_memory/GPU reserved mem (%)=83.74
2026-09-15T04:19:26.894Z     gpu_memory/GPU reserved mem (GiB)=66.36
2026-09-15T04:19:26.894Z     optim/LR (group 0)=1.02E-06
2026-09-15T04:19:26.894Z     optim/LR (group 1)=1.02E-06
2026-09-15T04:19:26.894Z     optim/step skipped=0.0
2026-09-15T04:19:26.894Z     optim/total grad norm=0.1880
2026-09-15T04:19:26.894Z     throughput/chinchilla multiple=0.0002
2026-09-15T04:19:26.894Z     throughput/device/BPS=0.0668
2026-09-15T04:19:26.894Z     throughput/device/BPS (actual avg)=0.0668
2026-09-15T04:19:26.894Z     throughput/device/MFU=32.15
2026-09-15T04:19:26.894Z     throughput/device/MFU (actual avg)=32.14
2026-09-15T04:19:26.894Z     throughput/device/TPS=4,380
2026-09-15T04:19:26.894Z     throughput/device/TPS (actual avg)=4,379
2026-09-15T04:19:26.894Z     throughput/device/flopsPS=100.3T
2026-09-15T04:19:26.894Z     throughput/device/flopsPS (actual avg)=100.3T
2026-09-15T04:19:26.894Z     throughput/total petaflops=294.1
2026-09-15T04:19:26.894Z     throughput/total tokens=12,845,056
2026-09-15T04:19:26.894Z     train/CE loss=0.0134
2026-09-15T04:19:26.894Z     throughput/device/data loading (%)=0.0109
2026-09-15T04:19:26.894Z     throughput/device/data loading (s)=0.0016
2026-09-15T04:19:26.894Z     train/PPL=1.013
2026-09-15T04:19:41.854Z [2;36m[2026-09-15 04:19:41][0m [34mINFO    [0m [2m[olmo_core.train.callbacks.console_logger:68, 4bd9901017c5, rank=0][0m [step=99/122,epoch=1,eta=6m]
2026-09-15T04:19:41.854Z     gpu_memory/GPU active mem (%)=78.46
2026-09-15T04:19:41.854Z     gpu_memory/GPU active mem (GiB)=62.18
2026-09-15T04:19:41.854Z     gpu_memory/GPU reserved mem (%)=83.74
2026-09-15T04:19:41.854Z     gpu_memory/GPU reserved mem (GiB)=66.36
2026-09-15T04:19:41.854Z     optim/LR (group 0)=9.75E-07
2026-09-15T04:19:41.854Z     optim/LR (group 1)=9.75E-07
2026-09-15T04:19:41.854Z     optim/step skipped=0.0
2026-09-15T04:19:41.854Z     optim/total grad norm=1.530
2026-09-15T04:19:41.854Z     throughput/chinchilla multiple=0.0002
2026-09-15T04:19:41.854Z     throughput/device/BPS=0.0668
2026-09-15T04:19:41.854Z     throughput/device/BPS (actual avg)=0.0668
2026-09-15T04:19:41.854Z     throughput/device/MFU=32.15
2026-09-15T04:19:41.854Z     throughput/device/MFU (actual avg)=32.14
2026-09-15T04:19:41.854Z     throughput/device/TPS=4,380
2026-09-15T04:19:41.854Z     throughput/device/TPS (actual avg)=4,379
2026-09-15T04:19:41.854Z     throughput/device/flopsPS=100.3T
2026-09-15T04:19:41.854Z     throughput/device/flopsPS (actual avg)=100.3T
2026-09-15T04:19:41.854Z     throughput/total petaflops=297.1
2026-09-15T04:19:41.854Z     throughput/total tokens=12,976,128
2026-09-15T04:19:41.854Z     train/CE loss=0.0142
2026-09-15T04:19:41.854Z     throughput/device/data loading (%)=0.0110
2026-09-15T04:19:41.854Z     throughput/device/data loading (s)=0.0016
2026-09-15T04:19:41.854Z     train/PPL=1.014
2026-09-15T04:19:56.748Z [2;36m[2026-09-15 04:19:56][0m [34mINFO    [0m [2m[olmo_core.train.callbacks.flop_meter:165, 4bd9901017c5, rank=0][0m [flop-meter] step 100: actual 161.42 PF, dense-equivalent 161.42 PF (ratio 1.000), tokens 7.0M
2026-09-15T04:19:56.810Z [2;36m[2026-09-15 04:19:56][0m [34mINFO    [0m [2m[olmo_core.train.callbacks.console_logger:68, 4bd9901017c5, rank=0][0m [step=100/122,epoch=1,eta=6m]
2026-09-15T04:19:56.810Z     gpu_memory/GPU active mem (%)=78.46
2026-09-15T04:19:56.810Z     gpu_memory/GPU active mem (GiB)=62.18
2026-09-15T04:19:56.810Z     gpu_memory/GPU reserved mem (%)=83.74
2026-09-15T04:19:56.810Z     gpu_memory/GPU reserved mem (GiB)=66.36
2026-09-15T04:19:56.810Z     optim/LR (group 0)=9.32E-07
2026-09-15T04:19:56.810Z     optim/LR (group 1)=9.32E-07
2026-09-15T04:19:56.810Z     optim/step skipped=0.0
2026-09-15T04:19:56.810Z     optim/total grad norm=2.586
2026-09-15T04:19:56.810Z     throughput/chinchilla multiple=0.0002
2026-09-15T04:19:56.810Z     throughput/device/BPS=0.0669
2026-09-15T04:19:56.810Z     throughput/device/BPS (actual avg)=0.0668
2026-09-15T04:19:56.810Z     throughput/device/MFU=32.16
2026-09-15T04:19:56.810Z     throughput/device/MFU (actual avg)=32.14
2026-09-15T04:19:56.810Z     throughput/device/TPS=4,381
2026-09-15T04:19:56.810Z     throughput/device/TPS (actual avg)=4,379
2026-09-15T04:19:56.810Z     throughput/device/flopsPS=100.3T
2026-09-15T04:19:56.810Z     throughput/device/flopsPS (actual avg)=100.3T
2026-09-15T04:19:56.810Z     throughput/total petaflops=300.1
2026-09-15T04:19:56.810Z     throughput/total tokens=13,107,200
2026-09-15T04:19:56.810Z     train/CE loss=0.0238
2026-09-15T04:19:56.810Z     throughput/device/data loading (%)=0.0138
2026-09-15T04:19:56.810Z     throughput/device/data loading (s)=0.0021
2026-09-15T04:19:56.810Z     train/PPL=1.024
2026-09-15T04:20:11.772Z [2;36m[2026-09-15 04:20:11][0m [34mINFO    [0m [2m[olmo_core.train.callbacks.console_logger:68, 4bd9901017c5, rank=0][0m [step=101/122,epoch=1,eta=5m]
2026-09-15T04:20:11.772Z     gpu_memory/GPU active mem (%)=78.46
2026-09-15T04:20:11.772Z     gpu_memory/GPU active mem (GiB)=62.18
2026-09-15T04:20:11.772Z     gpu_memory/GPU reserved mem (%)=83.74
2026-09-15T04:20:11.772Z     gpu_memory/GPU reserved mem (GiB)=66.36
2026-09-15T04:20:11.772Z     optim/LR (group 0)=8.90E-07
2026-09-15T04:20:11.772Z     optim/LR (group 1)=8.90E-07
2026-09-15T04:20:11.772Z     optim/step skipped=0.0
2026-09-15T04:20:11.772Z     optim/total grad norm=0.6100
2026-09-15T04:20:11.772Z     throughput/chinchilla multiple=0.0002
2026-09-15T04:20:11.772Z     throughput/device/BPS=0.0668
2026-09-15T04:20:11.772Z     throughput/device/BPS (actual avg)=0.0668
2026-09-15T04:20:11.772Z     throughput/device/MFU=32.15
2026-09-15T04:20:11.772Z     throughput/device/MFU (actual avg)=32.14
2026-09-15T04:20:11.772Z     throughput/device/TPS=4,380
2026-09-15T04:20:11.772Z     throughput/device/TPS (actual avg)=4,379
2026-09-15T04:20:11.772Z     throughput/device/flopsPS=100.3T
2026-09-15T04:20:11.772Z     throughput/device/flopsPS (actual avg)=100.3T
2026-09-15T04:20:11.772Z     throughput/total petaflops=303.1
2026-09-15T04:20:11.772Z     throughput/total tokens=13,238,272
2026-09-15T04:20:11.772Z     train/CE loss=0.0136
2026-09-15T04:20:11.772Z     throughput/device/data loading (%)=0.0121
2026-09-15T04:20:11.772Z     throughput/device/data loading (s)=0.0018
2026-09-15T04:20:11.772Z     train/PPL=1.014
2026-09-15T04:20:26.732Z [2;36m[2026-09-15 04:20:26][0m [34mINFO    [0m [2m[olmo_core.train.callbacks.console_logger:68, 4bd9901017c5, rank=0][0m [step=102/122,epoch=1,eta=5m]
2026-09-15T04:20:26.732Z     gpu_memory/GPU active mem (%)=78.46
2026-09-15T04:20:26.732Z     gpu_memory/GPU active mem (GiB)=62.18
2026-09-15T04:20:26.732Z     gpu_memory/GPU reserved mem (%)=83.74
2026-09-15T04:20:26.732Z     gpu_memory/GPU reserved mem (GiB)=66.36
2026-09-15T04:20:26.732Z     optim/LR (group 0)=8.47E-07
2026-09-15T04:20:26.732Z     optim/LR (group 1)=8.47E-07
2026-09-15T04:20:26.732Z     optim/step skipped=0.0
2026-09-15T04:20:26.732Z     optim/total grad norm=6.642
2026-09-15T04:20:26.732Z     throughput/chinchilla multiple=0.0002
2026-09-15T04:20:26.732Z     throughput/device/BPS=0.0668
2026-09-15T04:20:26.732Z     throughput/device/BPS (actual avg)=0.0668
2026-09-15T04:20:26.732Z     throughput/device/MFU=32.15
2026-09-15T04:20:26.732Z     throughput/device/MFU (actual avg)=32.14
2026-09-15T04:20:26.732Z     throughput/device/TPS=4,380
2026-09-15T04:20:26.732Z     throughput/device/TPS (actual avg)=4,379
2026-09-15T04:20:26.732Z     throughput/device/flopsPS=100.3T
2026-09-15T04:20:26.732Z     throughput/device/flopsPS (actual avg)=100.3T
2026-09-15T04:20:26.732Z     throughput/total petaflops=306.1
2026-09-15T04:20:26.732Z     throughput/total tokens=13,369,344
2026-09-15T04:20:26.732Z     train/CE loss=0.0201
2026-09-15T04:20:26.732Z     throughput/device/data loading (%)=0.0095
2026-09-15T04:20:26.732Z     throughput/device/data loading (s)=0.0014
2026-09-15T04:20:26.732Z     train/PPL=1.020
2026-09-15T04:20:41.697Z [2;36m[2026-09-15 04:20:41][0m [34mINFO    [0m [2m[olmo_core.train.callbacks.console_logger:68, 4bd9901017c5, rank=0][0m [step=103/122,epoch=1,eta=5m]
2026-09-15T04:20:41.697Z     gpu_memory/GPU active mem (%)=78.46
2026-09-15T04:20:41.697Z     gpu_memory/GPU active mem (GiB)=62.18
2026-09-15T04:20:41.697Z     gpu_memory/GPU reserved mem (%)=83.74
2026-09-15T04:20:41.697Z     gpu_memory/GPU reserved mem (GiB)=66.36
2026-09-15T04:20:41.697Z     optim/LR (group 0)=8.05E-07
2026-09-15T04:20:41.697Z     optim/LR (group 1)=8.05E-07
2026-09-15T04:20:41.697Z     optim/step skipped=0.0
2026-09-15T04:20:41.697Z     optim/total grad norm=2.567
2026-09-15T04:20:41.697Z     throughput/chinchilla multiple=0.0002
2026-09-15T04:20:41.697Z     throughput/device/BPS=0.0668
2026-09-15T04:20:41.697Z     throughput/device/BPS (actual avg)=0.0668
2026-09-15T04:20:41.697Z     throughput/device/MFU=32.15
2026-09-15T04:20:41.697Z     throughput/device/MFU (actual avg)=32.14
2026-09-15T04:20:41.697Z     throughput/device/TPS=4,379
2026-09-15T04:20:41.697Z     throughput/device/TPS (actual avg)=4,379
2026-09-15T04:20:41.697Z     throughput/device/flopsPS=100.3T
2026-09-15T04:20:41.697Z     throughput/device/flopsPS (actual avg)=100.3T
2026-09-15T04:20:41.697Z     throughput/total petaflops=309.2
2026-09-15T04:20:41.698Z     throughput/total tokens=13,500,416
2026-09-15T04:20:41.698Z     train/CE loss=0.0141
2026-09-15T04:20:41.698Z     throughput/device/data loading (%)=0.0129
2026-09-15T04:20:41.698Z     throughput/device/data loading (s)=0.0019
2026-09-15T04:20:41.698Z     train/PPL=1.014
2026-09-15T04:20:56.655Z [2;36m[2026-09-15 04:20:56][0m [34mINFO    [0m [2m[olmo_core.train.callbacks.console_logger:68, 4bd9901017c5, rank=0][0m [step=104/122,epoch=1,eta=5m]
2026-09-15T04:20:56.656Z     gpu_memory/GPU active mem (%)=78.46
2026-09-15T04:20:56.656Z     gpu_memory/GPU active mem (GiB)=62.18
2026-09-15T04:20:56.656Z     gpu_memory/GPU reserved mem (%)=83.74
2026-09-15T04:20:56.656Z     gpu_memory/GPU reserved mem (GiB)=66.36
2026-09-15T04:20:56.656Z     optim/LR (group 0)=7.63E-07
2026-09-15T04:20:56.656Z     optim/LR (group 1)=7.63E-07
2026-09-15T04:20:56.656Z     optim/step skipped=0.0
2026-09-15T04:20:56.656Z     optim/total grad norm=4.808
2026-09-15T04:20:56.656Z     throughput/chinchilla multiple=0.0002
2026-09-15T04:20:56.656Z     throughput/device/BPS=0.0668
2026-09-15T04:20:56.656Z     throughput/device/BPS (actual avg)=0.0668
2026-09-15T04:20:56.656Z     throughput/device/MFU=32.15
2026-09-15T04:20:56.656Z     throughput/device/MFU (actual avg)=32.14
2026-09-15T04:20:56.656Z     throughput/device/TPS=4,380
2026-09-15T04:20:56.656Z     throughput/device/TPS (actual avg)=4,379
2026-09-15T04:20:56.656Z     throughput/device/flopsPS=100.3T
2026-09-15T04:20:56.656Z     throughput/device/flopsPS (actual avg)=100.3T
2026-09-15T04:20:56.656Z     throughput/total petaflops=312.2
2026-09-15T04:20:56.656Z     throughput/total tokens=13,631,488
2026-09-15T04:20:56.656Z     train/CE loss=0.0165
2026-09-15T04:20:56.656Z     throughput/device/data loading (%)=0.0104
2026-09-15T04:20:56.656Z     throughput/device/data loading (s)=0.0015
2026-09-15T04:20:56.656Z     train/PPL=1.017
2026-09-15T04:21:11.617Z [2;36m[2026-09-15 04:21:11][0m [34mINFO    [0m [2m[olmo_core.train.callbacks.console_logger:68, 4bd9901017c5, rank=0][0m [step=105/122,epoch=1,eta=4m]
2026-09-15T04:21:11.617Z     gpu_memory/GPU active mem (%)=78.46
2026-09-15T04:21:11.617Z     gpu_memory/GPU active mem (GiB)=62.18
2026-09-15T04:21:11.617Z     gpu_memory/GPU reserved mem (%)=83.74
2026-09-15T04:21:11.617Z     gpu_memory/GPU reserved mem (GiB)=66.36
2026-09-15T04:21:11.617Z     optim/LR (group 0)=7.20E-07
2026-09-15T04:21:11.617Z     optim/LR (group 1)=7.20E-07
2026-09-15T04:21:11.617Z     optim/step skipped=0.0
2026-09-15T04:21:11.617Z     optim/total grad norm=0.2267
2026-09-15T04:21:11.617Z     throughput/chinchilla multiple=0.0002
2026-09-15T04:21:11.617Z     throughput/device/BPS=0.0668
2026-09-15T04:21:11.617Z     throughput/device/BPS (actual avg)=0.0668
2026-09-15T04:21:11.617Z     throughput/device/MFU=32.15
2026-09-15T04:21:11.617Z     throughput/device/MFU (actual avg)=32.14
2026-09-15T04:21:11.617Z     throughput/device/TPS=4,380
2026-09-15T04:21:11.617Z     throughput/device/TPS (actual avg)=4,379
2026-09-15T04:21:11.617Z     throughput/device/flopsPS=100.3T
2026-09-15T04:21:11.617Z     throughput/device/flopsPS (actual avg)=100.3T
2026-09-15T04:21:11.617Z     throughput/total petaflops=315.2
2026-09-15T04:21:11.617Z     throughput/total tokens=13,762,560
2026-09-15T04:21:11.617Z     train/CE loss=0.0131
2026-09-15T04:21:11.617Z     throughput/device/data loading (%)=0.0136
2026-09-15T04:21:11.617Z     throughput/device/data loading (s)=0.0020
2026-09-15T04:21:11.617Z     train/PPL=1.013
2026-09-15T04:21:26.580Z [2;36m[2026-09-15 04:21:26][0m [34mINFO    [0m [2m[olmo_core.train.callbacks.console_logger:68, 4bd9901017c5, rank=0][0m [step=106/122,epoch=1,eta=4m]
2026-09-15T04:21:26.580Z     gpu_memory/GPU active mem (%)=78.46
2026-09-15T04:21:26.580Z     gpu_memory/GPU active mem (GiB)=62.18
2026-09-15T04:21:26.580Z     gpu_memory/GPU reserved mem (%)=83.74
2026-09-15T04:21:26.580Z     gpu_memory/GPU reserved mem (GiB)=66.36
2026-09-15T04:21:26.580Z     optim/LR (group 0)=6.78E-07
2026-09-15T04:21:26.580Z     optim/LR (group 1)=6.78E-07
2026-09-15T04:21:26.580Z     optim/step skipped=0.0
2026-09-15T04:21:26.580Z     optim/total grad norm=6.165
2026-09-15T04:21:26.580Z     throughput/chinchilla multiple=0.0002
2026-09-15T04:21:26.580Z     throughput/device/BPS=0.0668
2026-09-15T04:21:26.580Z     throughput/device/BPS (actual avg)=0.0668
2026-09-15T04:21:26.580Z     throughput/device/MFU=32.15
2026-09-15T04:21:26.580Z     throughput/device/MFU (actual avg)=32.14
2026-09-15T04:21:26.580Z     throughput/device/TPS=4,380
2026-09-15T04:21:26.580Z     throughput/device/TPS (actual avg)=4,379
2026-09-15T04:21:26.580Z     throughput/device/flopsPS=100.3T
2026-09-15T04:21:26.580Z     throughput/device/flopsPS (actual avg)=100.3T
2026-09-15T04:21:26.580Z     throughput/total petaflops=318.2
2026-09-15T04:21:26.580Z     throughput/total tokens=13,893,632
2026-09-15T04:21:26.580Z     train/CE loss=0.0278
2026-09-15T04:21:26.580Z     throughput/device/data loading (%)=0.0141
2026-09-15T04:21:26.580Z     throughput/device/data loading (s)=0.0021
2026-09-15T04:21:26.580Z     train/PPL=1.028
2026-09-15T04:21:41.536Z [2;36m[2026-09-15 04:21:41][0m [34mINFO    [0m [2m[olmo_core.train.callbacks.console_logger:68, 4bd9901017c5, rank=0][0m [step=107/122,epoch=1,eta=4m]
2026-09-15T04:21:41.536Z     gpu_memory/GPU active mem (%)=78.46
2026-09-15T04:21:41.536Z     gpu_memory/GPU active mem (GiB)=62.18
2026-09-15T04:21:41.536Z     gpu_memory/GPU reserved mem (%)=83.74
2026-09-15T04:21:41.536Z     gpu_memory/GPU reserved mem (GiB)=66.36
2026-09-15T04:21:41.536Z     optim/LR (group 0)=6.36E-07
2026-09-15T04:21:41.536Z     optim/LR (group 1)=6.36E-07
2026-09-15T04:21:41.536Z     optim/step skipped=0.0
2026-09-15T04:21:41.536Z     optim/total grad norm=8.876
2026-09-15T04:21:41.536Z     throughput/chinchilla multiple=0.0002
2026-09-15T04:21:41.536Z     throughput/device/BPS=0.0669
2026-09-15T04:21:41.536Z     throughput/device/BPS (actual avg)=0.0668
2026-09-15T04:21:41.536Z     throughput/device/MFU=32.16
2026-09-15T04:21:41.536Z     throughput/device/MFU (actual avg)=32.14
2026-09-15T04:21:41.536Z     throughput/device/TPS=4,381
2026-09-15T04:21:41.536Z     throughput/device/TPS (actual avg)=4,379
2026-09-15T04:21:41.536Z     throughput/device/flopsPS=100.3T
2026-09-15T04:21:41.536Z     throughput/device/flopsPS (actual avg)=100.3T
2026-09-15T04:21:41.536Z     throughput/total petaflops=321.2
2026-09-15T04:21:41.536Z     throughput/total tokens=14,024,704
2026-09-15T04:21:41.536Z     train/CE loss=0.0341
2026-09-15T04:21:41.536Z     throughput/device/data loading (%)=0.0133
2026-09-15T04:21:41.536Z     throughput/device/data loading (s)=0.0020
2026-09-15T04:21:41.536Z     train/PPL=1.035
2026-09-15T04:21:56.499Z [2;36m[2026-09-15 04:21:56][0m [34mINFO    [0m [2m[olmo_core.train.callbacks.console_logger:68, 4bd9901017c5, rank=0][0m [step=108/122,epoch=1,eta=4m]
2026-09-15T04:21:56.499Z     gpu_memory/GPU active mem (%)=78.46
2026-09-15T04:21:56.499Z     gpu_memory/GPU active mem (GiB)=62.18
2026-09-15T04:21:56.499Z     gpu_memory/GPU reserved mem (%)=83.74
2026-09-15T04:21:56.499Z     gpu_memory/GPU reserved mem (GiB)=66.36
2026-09-15T04:21:56.499Z     optim/LR (group 0)=5.93E-07
2026-09-15T04:21:56.499Z     optim/LR (group 1)=5.93E-07
2026-09-15T04:21:56.499Z     optim/step skipped=0.0
2026-09-15T04:21:56.499Z     optim/total grad norm=5.632
2026-09-15T04:21:56.499Z     throughput/chinchilla multiple=0.0002
2026-09-15T04:21:56.499Z     throughput/device/BPS=0.0668
2026-09-15T04:21:56.499Z     throughput/device/BPS (actual avg)=0.0668
2026-09-15T04:21:56.499Z     throughput/device/MFU=32.15
2026-09-15T04:21:56.499Z     throughput/device/MFU (actual avg)=32.14
2026-09-15T04:21:56.499Z     throughput/device/TPS=4,380
2026-09-15T04:21:56.499Z     throughput/device/TPS (actual avg)=4,379
2026-09-15T04:21:56.499Z     throughput/device/flopsPS=100.3T
2026-09-15T04:21:56.499Z     throughput/device/flopsPS (actual avg)=100.3T
2026-09-15T04:21:56.499Z     throughput/total petaflops=324.2
2026-09-15T04:21:56.499Z     throughput/total tokens=14,155,776
2026-09-15T04:21:56.499Z     train/CE loss=0.0181
2026-09-15T04:21:56.499Z     throughput/device/data loading (%)=0.0116
2026-09-15T04:21:56.499Z     throughput/device/data loading (s)=0.0017
2026-09-15T04:21:56.499Z     train/PPL=1.018
2026-09-15T04:22:11.454Z [2;36m[2026-09-15 04:22:11][0m [34mINFO    [0m [2m[olmo_core.train.callbacks.console_logger:68, 4bd9901017c5, rank=0][0m [step=109/122,epoch=1,eta=3m]
2026-09-15T04:22:11.454Z     gpu_memory/GPU active mem (%)=78.46
2026-09-15T04:22:11.454Z     gpu_memory/GPU active mem (GiB)=62.18
2026-09-15T04:22:11.454Z     gpu_memory/GPU reserved mem (%)=83.74
2026-09-15T04:22:11.454Z     gpu_memory/GPU reserved mem (GiB)=66.36
2026-09-15T04:22:11.454Z     optim/LR (group 0)=5.51E-07
2026-09-15T04:22:11.454Z     optim/LR (group 1)=5.51E-07
2026-09-15T04:22:11.454Z     optim/step skipped=0.0
2026-09-15T04:22:11.454Z     optim/total grad norm=14.92
2026-09-15T04:22:11.454Z     throughput/chinchilla multiple=0.0002
2026-09-15T04:22:11.454Z     throughput/device/BPS=0.0669
2026-09-15T04:22:11.454Z     throughput/device/BPS (actual avg)=0.0668
2026-09-15T04:22:11.454Z     throughput/device/MFU=32.16
2026-09-15T04:22:11.454Z     throughput/device/MFU (actual avg)=32.14
2026-09-15T04:22:11.454Z     throughput/device/TPS=4,382
2026-09-15T04:22:11.454Z     throughput/device/TPS (actual avg)=4,379
2026-09-15T04:22:11.454Z     throughput/device/flopsPS=100.3T
2026-09-15T04:22:11.454Z     throughput/device/flopsPS (actual avg)=100.3T
2026-09-15T04:22:11.454Z     throughput/total petaflops=327.2
2026-09-15T04:22:11.454Z     throughput/total tokens=14,286,848
2026-09-15T04:22:11.454Z     train/CE loss=0.0329
2026-09-15T04:22:11.454Z     throughput/device/data loading (%)=0.0120
2026-09-15T04:22:11.454Z     throughput/device/data loading (s)=0.0018
2026-09-15T04:22:11.454Z     train/PPL=1.033
2026-09-15T04:22:26.408Z [2;36m[2026-09-15 04:22:26][0m [34mINFO    [0m [2m[olmo_core.train.callbacks.console_logger:68, 4bd9901017c5, rank=0][0m [step=110/122,epoch=1,eta=3m]
2026-09-15T04:22:26.408Z     gpu_memory/GPU active mem (%)=78.46
2026-09-15T04:22:26.408Z     gpu_memory/GPU active mem (GiB)=62.18
2026-09-15T04:22:26.408Z     gpu_memory/GPU reserved mem (%)=83.74
2026-09-15T04:22:26.408Z     gpu_memory/GPU reserved mem (GiB)=66.36
2026-09-15T04:22:26.408Z     optim/LR (group 0)=5.08E-07
2026-09-15T04:22:26.408Z     optim/LR (group 1)=5.08E-07
2026-09-15T04:22:26.408Z     optim/step skipped=0.0
2026-09-15T04:22:26.408Z     optim/total grad norm=0.7299
2026-09-15T04:22:26.408Z     throughput/chinchilla multiple=0.0002
2026-09-15T04:22:26.408Z     throughput/device/BPS=0.0669
2026-09-15T04:22:26.408Z     throughput/device/BPS (actual avg)=0.0668
2026-09-15T04:22:26.408Z     throughput/device/MFU=32.16
2026-09-15T04:22:26.408Z     throughput/device/MFU (actual avg)=32.14
2026-09-15T04:22:26.408Z     throughput/device/TPS=4,382
2026-09-15T04:22:26.408Z     throughput/device/TPS (actual avg)=4,379
2026-09-15T04:22:26.408Z     throughput/device/flopsPS=100.4T
2026-09-15T04:22:26.408Z     throughput/device/flopsPS (actual avg)=100.3T
2026-09-15T04:22:26.408Z     throughput/total petaflops=330.2
2026-09-15T04:22:26.408Z     throughput/total tokens=14,417,920
2026-09-15T04:22:26.408Z     train/CE loss=0.0134
2026-09-15T04:22:26.408Z     throughput/device/data loading (%)=0.0111
2026-09-15T04:22:26.408Z     throughput/device/data loading (s)=0.0017
2026-09-15T04:22:26.408Z     train/PPL=1.013
2026-09-15T04:22:41.363Z [2;36m[2026-09-15 04:22:41][0m [34mINFO    [0m [2m[olmo_core.train.callbacks.console_logger:68, 4bd9901017c5, rank=0][0m [step=111/122,epoch=1,eta=3m]
2026-09-15T04:22:41.363Z     gpu_memory/GPU active mem (%)=78.46
2026-09-15T04:22:41.363Z     gpu_memory/GPU active mem (GiB)=62.18
2026-09-15T04:22:41.363Z     gpu_memory/GPU reserved mem (%)=83.74
2026-09-15T04:22:41.363Z     gpu_memory/GPU reserved mem (GiB)=66.36
2026-09-15T04:22:41.363Z     optim/LR (group 0)=4.66E-07
2026-09-15T04:22:41.363Z     optim/LR (group 1)=4.66E-07
2026-09-15T04:22:41.363Z     optim/step skipped=0.0
2026-09-15T04:22:41.363Z     optim/total grad norm=1.814
2026-09-15T04:22:41.363Z     throughput/chinchilla multiple=0.0002
2026-09-15T04:22:41.363Z     throughput/device/BPS=0.0669
2026-09-15T04:22:41.363Z     throughput/device/BPS (actual avg)=0.0668
2026-09-15T04:22:41.363Z     throughput/device/MFU=32.16
2026-09-15T04:22:41.363Z     throughput/device/MFU (actual avg)=32.14
2026-09-15T04:22:41.363Z     throughput/device/TPS=4,382
2026-09-15T04:22:41.363Z     throughput/device/TPS (actual avg)=4,379
2026-09-15T04:22:41.363Z     throughput/device/flopsPS=100.4T
2026-09-15T04:22:41.363Z     throughput/device/flopsPS (actual avg)=100.3T
2026-09-15T04:22:41.363Z     throughput/total petaflops=333.2
2026-09-15T04:22:41.363Z     throughput/total tokens=14,548,992
2026-09-15T04:22:41.363Z     train/CE loss=0.0137
2026-09-15T04:22:41.363Z     throughput/device/data loading (%)=0.0128
2026-09-15T04:22:41.363Z     throughput/device/data loading (s)=0.0019
2026-09-15T04:22:41.363Z     train/PPL=1.014
2026-09-15T04:22:56.320Z [2;36m[2026-09-15 04:22:56][0m [34mINFO    [0m [2m[olmo_core.train.callbacks.console_logger:68, 4bd9901017c5, rank=0][0m [step=112/122,epoch=1,eta=3m]
2026-09-15T04:22:56.320Z     gpu_memory/GPU active mem (%)=78.46
2026-09-15T04:22:56.320Z     gpu_memory/GPU active mem (GiB)=62.18
2026-09-15T04:22:56.320Z     gpu_memory/GPU reserved mem (%)=83.74
2026-09-15T04:22:56.320Z     gpu_memory/GPU reserved mem (GiB)=66.36
2026-09-15T04:22:56.320Z     optim/LR (group 0)=4.24E-07
2026-09-15T04:22:56.320Z     optim/LR (group 1)=4.24E-07
2026-09-15T04:22:56.320Z     optim/step skipped=0.0
2026-09-15T04:22:56.320Z     optim/total grad norm=0.2006
2026-09-15T04:22:56.320Z     throughput/chinchilla multiple=0.0002
2026-09-15T04:22:56.320Z     throughput/device/BPS=0.0669
2026-09-15T04:22:56.320Z     throughput/device/BPS (actual avg)=0.0668
2026-09-15T04:22:56.320Z     throughput/device/MFU=32.16
2026-09-15T04:22:56.321Z     throughput/device/MFU (actual avg)=32.14
2026-09-15T04:22:56.321Z     throughput/device/TPS=4,381
2026-09-15T04:22:56.321Z     throughput/device/TPS (actual avg)=4,379
2026-09-15T04:22:56.321Z     throughput/device/flopsPS=100.3T
2026-09-15T04:22:56.321Z     throughput/device/flopsPS (actual avg)=100.3T
2026-09-15T04:22:56.321Z     throughput/total petaflops=336.2
2026-09-15T04:22:56.321Z     throughput/total tokens=14,680,064
2026-09-15T04:22:56.321Z     train/CE loss=0.0129
2026-09-15T04:22:56.321Z     throughput/device/data loading (%)=0.0132
2026-09-15T04:22:56.321Z     throughput/device/data loading (s)=0.0020
2026-09-15T04:22:56.321Z     train/PPL=1.013
2026-09-15T04:23:11.279Z [2;36m[2026-09-15 04:23:11][0m [34mINFO    [0m [2m[olmo_core.train.callbacks.console_logger:68, 4bd9901017c5, rank=0][0m [step=113/122,epoch=1,eta=2m]
2026-09-15T04:23:11.279Z     gpu_memory/GPU active mem (%)=78.46
2026-09-15T04:23:11.279Z     gpu_memory/GPU active mem (GiB)=62.18
2026-09-15T04:23:11.279Z     gpu_memory/GPU reserved mem (%)=83.74
2026-09-15T04:23:11.279Z     gpu_memory/GPU reserved mem (GiB)=66.36
2026-09-15T04:23:11.279Z     optim/LR (group 0)=3.81E-07
2026-09-15T04:23:11.279Z     optim/LR (group 1)=3.81E-07
2026-09-15T04:23:11.279Z     optim/step skipped=0.0
2026-09-15T04:23:11.279Z     optim/total grad norm=0.0564
2026-09-15T04:23:11.279Z     throughput/chinchilla multiple=0.0002
2026-09-15T04:23:11.279Z     throughput/device/BPS=0.0668
2026-09-15T04:23:11.279Z     throughput/device/BPS (actual avg)=0.0668
2026-09-15T04:23:11.279Z     throughput/device/MFU=32.15
2026-09-15T04:23:11.279Z     throughput/device/MFU (actual avg)=32.14
2026-09-15T04:23:11.279Z     throughput/device/TPS=4,380
2026-09-15T04:23:11.279Z     throughput/device/TPS (actual avg)=4,379
2026-09-15T04:23:11.279Z     throughput/device/flopsPS=100.3T
2026-09-15T04:23:11.279Z     throughput/device/flopsPS (actual avg)=100.3T
2026-09-15T04:23:11.279Z     throughput/total petaflops=339.2
2026-09-15T04:23:11.279Z     throughput/total tokens=14,811,136
2026-09-15T04:23:11.279Z     train/CE loss=0.0128
2026-09-15T04:23:11.279Z     throughput/device/data loading (%)=0.0111
2026-09-15T04:23:11.279Z     throughput/device/data loading (s)=0.0017
2026-09-15T04:23:11.279Z     train/PPL=1.013
2026-09-15T04:23:26.234Z [2;36m[2026-09-15 04:23:26][0m [34mINFO    [0m [2m[olmo_core.train.callbacks.console_logger:68, 4bd9901017c5, rank=0][0m [step=114/122,epoch=1,eta=2m]
2026-09-15T04:23:26.234Z     gpu_memory/GPU active mem (%)=78.46
2026-09-15T04:23:26.234Z     gpu_memory/GPU active mem (GiB)=62.18
2026-09-15T04:23:26.234Z     gpu_memory/GPU reserved mem (%)=83.74
2026-09-15T04:23:26.234Z     gpu_memory/GPU reserved mem (GiB)=66.36
2026-09-15T04:23:26.234Z     optim/LR (group 0)=3.39E-07
2026-09-15T04:23:26.234Z     optim/LR (group 1)=3.39E-07
2026-09-15T04:23:26.234Z     optim/step skipped=0.0
2026-09-15T04:23:26.235Z     optim/total grad norm=0.4652
2026-09-15T04:23:26.235Z     throughput/chinchilla multiple=0.0002
2026-09-15T04:23:26.235Z     throughput/device/BPS=0.0669
2026-09-15T04:23:26.235Z     throughput/device/BPS (actual avg)=0.0668
2026-09-15T04:23:26.235Z     throughput/device/MFU=32.16
2026-09-15T04:23:26.235Z     throughput/device/MFU (actual avg)=32.14
2026-09-15T04:23:26.235Z     throughput/device/TPS=4,381
2026-09-15T04:23:26.235Z     throughput/device/TPS (actual avg)=4,379
2026-09-15T04:23:26.235Z     throughput/device/flopsPS=100.3T
2026-09-15T04:23:26.235Z     throughput/device/flopsPS (actual avg)=100.3T
2026-09-15T04:23:26.235Z     throughput/total petaflops=342.2
2026-09-15T04:23:26.235Z     throughput/total tokens=14,942,208
2026-09-15T04:23:26.235Z     train/CE loss=0.0130
2026-09-15T04:23:26.235Z     throughput/device/data loading (%)=0.0127
2026-09-15T04:23:26.235Z     throughput/device/data loading (s)=0.0019
2026-09-15T04:23:26.235Z     train/PPL=1.013
2026-09-15T04:23:41.198Z [2;36m[2026-09-15 04:23:41][0m [34mINFO    [0m [2m[olmo_core.train.callbacks.console_logger:68, 4bd9901017c5, rank=0][0m [step=115/122,epoch=1,eta=2m]
2026-09-15T04:23:41.198Z     gpu_memory/GPU active mem (%)=78.46
2026-09-15T04:23:41.198Z     gpu_memory/GPU active mem (GiB)=62.18
2026-09-15T04:23:41.198Z     gpu_memory/GPU reserved mem (%)=83.74
2026-09-15T04:23:41.198Z     gpu_memory/GPU reserved mem (GiB)=66.36
2026-09-15T04:23:41.198Z     optim/LR (group 0)=2.97E-07
2026-09-15T04:23:41.198Z     optim/LR (group 1)=2.97E-07
2026-09-15T04:23:41.198Z     optim/step skipped=0.0
2026-09-15T04:23:41.198Z     optim/total grad norm=2.622
2026-09-15T04:23:41.198Z     throughput/chinchilla multiple=0.0002
2026-09-15T04:23:41.198Z     throughput/device/BPS=0.0668
2026-09-15T04:23:41.198Z     throughput/device/BPS (actual avg)=0.0668
2026-09-15T04:23:41.198Z     throughput/device/MFU=32.15
2026-09-15T04:23:41.198Z     throughput/device/MFU (actual avg)=32.14
2026-09-15T04:23:41.198Z     throughput/device/TPS=4,380
2026-09-15T04:23:41.198Z     throughput/device/TPS (actual avg)=4,379
2026-09-15T04:23:41.198Z     throughput/device/flopsPS=100.3T
2026-09-15T04:23:41.198Z     throughput/device/flopsPS (actual avg)=100.3T
2026-09-15T04:23:41.198Z     throughput/total petaflops=345.2
2026-09-15T04:23:41.198Z     throughput/total tokens=15,073,280
2026-09-15T04:23:41.198Z     train/CE loss=0.0200
2026-09-15T04:23:41.198Z     throughput/device/data loading (%)=0.0112
2026-09-15T04:23:41.198Z     throughput/device/data loading (s)=0.0017
2026-09-15T04:23:41.198Z     train/PPL=1.020
2026-09-15T04:23:56.157Z [2;36m[2026-09-15 04:23:56][0m [34mINFO    [0m [2m[olmo_core.train.callbacks.console_logger:68, 4bd9901017c5, rank=0][0m [step=116/122,epoch=1,eta=2m]
2026-09-15T04:23:56.157Z     gpu_memory/GPU active mem (%)=78.46
2026-09-15T04:23:56.157Z     gpu_memory/GPU active mem (GiB)=62.18
2026-09-15T04:23:56.157Z     gpu_memory/GPU reserved mem (%)=83.74
2026-09-15T04:23:56.157Z     gpu_memory/GPU reserved mem (GiB)=66.36
2026-09-15T04:23:56.157Z     optim/LR (group 0)=2.54E-07
2026-09-15T04:23:56.157Z     optim/LR (group 1)=2.54E-07
2026-09-15T04:23:56.157Z     optim/step skipped=0.0
2026-09-15T04:23:56.157Z     optim/total grad norm=1.338
2026-09-15T04:23:56.157Z     throughput/chinchilla multiple=0.0002
2026-09-15T04:23:56.157Z     throughput/device/BPS=0.0668
2026-09-15T04:23:56.157Z     throughput/device/BPS (actual avg)=0.0668
2026-09-15T04:23:56.157Z     throughput/device/MFU=32.15
2026-09-15T04:23:56.157Z     throughput/device/MFU (actual avg)=32.14
2026-09-15T04:23:56.157Z     throughput/device/TPS=4,380
2026-09-15T04:23:56.157Z     throughput/device/TPS (actual avg)=4,379
2026-09-15T04:23:56.157Z     throughput/device/flopsPS=100.3T
2026-09-15T04:23:56.157Z     throughput/device/flopsPS (actual avg)=100.3T
2026-09-15T04:23:56.157Z     throughput/total petaflops=348.2
2026-09-15T04:23:56.157Z     throughput/total tokens=15,204,352
2026-09-15T04:23:56.157Z     train/CE loss=0.0135
2026-09-15T04:23:56.157Z     throughput/device/data loading (%)=0.0118
2026-09-15T04:23:56.157Z     throughput/device/data loading (s)=0.0018
2026-09-15T04:23:56.157Z     train/PPL=1.014
2026-09-15T04:24:11.109Z [2;36m[2026-09-15 04:24:11][0m [34mINFO    [0m [2m[olmo_core.train.callbacks.console_logger:68, 4bd9901017c5, rank=0][0m [step=117/122,epoch=1,eta=1m]
2026-09-15T04:24:11.109Z     gpu_memory/GPU active mem (%)=78.46
2026-09-15T04:24:11.109Z     gpu_memory/GPU active mem (GiB)=62.18
2026-09-15T04:24:11.109Z     gpu_memory/GPU reserved mem (%)=83.74
2026-09-15T04:24:11.109Z     gpu_memory/GPU reserved mem (GiB)=66.36
2026-09-15T04:24:11.109Z     optim/LR (group 0)=2.12E-07
2026-09-15T04:24:11.109Z     optim/LR (group 1)=2.12E-07
2026-09-15T04:24:11.109Z     optim/step skipped=0.0
2026-09-15T04:24:11.109Z     optim/total grad norm=2.659
2026-09-15T04:24:11.109Z     throughput/chinchilla multiple=0.0002
2026-09-15T04:24:11.109Z     throughput/device/BPS=0.0669
2026-09-15T04:24:11.109Z     throughput/device/BPS (actual avg)=0.0668
2026-09-15T04:24:11.109Z     throughput/device/MFU=32.17
2026-09-15T04:24:11.109Z     throughput/device/MFU (actual avg)=32.14
2026-09-15T04:24:11.109Z     throughput/device/TPS=4,383
2026-09-15T04:24:11.109Z     throughput/device/TPS (actual avg)=4,379
2026-09-15T04:24:11.110Z     throughput/device/flopsPS=100.4T
2026-09-15T04:24:11.110Z     throughput/device/flopsPS (actual avg)=100.3T
2026-09-15T04:24:11.110Z     throughput/total petaflops=351.2
2026-09-15T04:24:11.110Z     throughput/total tokens=15,335,424
2026-09-15T04:24:11.110Z     train/CE loss=0.0340
2026-09-15T04:24:11.110Z     throughput/device/data loading (%)=0.0120
2026-09-15T04:24:11.110Z     throughput/device/data loading (s)=0.0018
2026-09-15T04:24:11.110Z     train/PPL=1.035
2026-09-15T04:24:26.070Z [2;36m[2026-09-15 04:24:26][0m [34mINFO    [0m [2m[olmo_core.train.callbacks.console_logger:68, 4bd9901017c5, rank=0][0m [step=118/122,epoch=1,eta=1m]
2026-09-15T04:24:26.070Z     gpu_memory/GPU active mem (%)=78.46
2026-09-15T04:24:26.070Z     gpu_memory/GPU active mem (GiB)=62.18
2026-09-15T04:24:26.070Z     gpu_memory/GPU reserved mem (%)=83.74
2026-09-15T04:24:26.070Z     gpu_memory/GPU reserved mem (GiB)=66.36
2026-09-15T04:24:26.070Z     optim/LR (group 0)=1.69E-07
2026-09-15T04:24:26.070Z     optim/LR (group 1)=1.69E-07
2026-09-15T04:24:26.070Z     optim/step skipped=0.0
2026-09-15T04:24:26.070Z     optim/total grad norm=0.0781
2026-09-15T04:24:26.070Z     throughput/chinchilla multiple=0.0002
2026-09-15T04:24:26.070Z     throughput/device/BPS=0.0668
2026-09-15T04:24:26.070Z     throughput/device/BPS (actual avg)=0.0668
2026-09-15T04:24:26.070Z     throughput/device/MFU=32.15
2026-09-15T04:24:26.070Z     throughput/device/MFU (actual avg)=32.14
2026-09-15T04:24:26.070Z     throughput/device/TPS=4,380
2026-09-15T04:24:26.070Z     throughput/device/TPS (actual avg)=4,379
2026-09-15T04:24:26.070Z     throughput/device/flopsPS=100.3T
2026-09-15T04:24:26.070Z     throughput/device/flopsPS (actual avg)=100.3T
2026-09-15T04:24:26.070Z     throughput/total petaflops=354.2
2026-09-15T04:24:26.070Z     throughput/total tokens=15,466,496
2026-09-15T04:24:26.070Z     train/CE loss=0.0127
2026-09-15T04:24:26.070Z     throughput/device/data loading (%)=0.0108
2026-09-15T04:24:26.070Z     throughput/device/data loading (s)=0.0016
2026-09-15T04:24:26.070Z     train/PPL=1.013
2026-09-15T04:24:41.020Z [2;36m[2026-09-15 04:24:41][0m [34mINFO    [0m [2m[olmo_core.train.callbacks.console_logger:68, 4bd9901017c5, rank=0][0m [step=119/122,epoch=1,eta=1m]
2026-09-15T04:24:41.020Z     gpu_memory/GPU active mem (%)=78.46
2026-09-15T04:24:41.020Z     gpu_memory/GPU active mem (GiB)=62.18
2026-09-15T04:24:41.020Z     gpu_memory/GPU reserved mem (%)=83.74
2026-09-15T04:24:41.020Z     gpu_memory/GPU reserved mem (GiB)=66.36
2026-09-15T04:24:41.020Z     optim/LR (group 0)=1.27E-07
2026-09-15T04:24:41.020Z     optim/LR (group 1)=1.27E-07
2026-09-15T04:24:41.020Z     optim/step skipped=0.0
2026-09-15T04:24:41.020Z     optim/total grad norm=1.682
2026-09-15T04:24:41.020Z     throughput/chinchilla multiple=0.0002
2026-09-15T04:24:41.020Z     throughput/device/BPS=0.0669
2026-09-15T04:24:41.020Z     throughput/device/BPS (actual avg)=0.0668
2026-09-15T04:24:41.020Z     throughput/device/MFU=32.17
2026-09-15T04:24:41.020Z     throughput/device/MFU (actual avg)=32.14
2026-09-15T04:24:41.020Z     throughput/device/TPS=4,383
2026-09-15T04:24:41.020Z     throughput/device/TPS (actual avg)=4,379
2026-09-15T04:24:41.020Z     throughput/device/flopsPS=100.4T
2026-09-15T04:24:41.020Z     throughput/device/flopsPS (actual avg)=100.3T
2026-09-15T04:24:41.020Z     throughput/total petaflops=357.2
2026-09-15T04:24:41.020Z     throughput/total tokens=15,597,568
2026-09-15T04:24:41.020Z     train/CE loss=0.0288
2026-09-15T04:24:41.020Z     throughput/device/data loading (%)=0.0182
2026-09-15T04:24:41.020Z     throughput/device/data loading (s)=0.0027
2026-09-15T04:24:41.020Z     train/PPL=1.029
2026-09-15T04:24:55.980Z [2;36m[2026-09-15 04:24:55][0m [34mINFO    [0m [2m[olmo_core.train.callbacks.console_logger:68, 4bd9901017c5, rank=0][0m [step=120/122,epoch=1,eta=1m]
2026-09-15T04:24:55.980Z     gpu_memory/GPU active mem (%)=78.46
2026-09-15T04:24:55.980Z     gpu_memory/GPU active mem (GiB)=62.18
2026-09-15T04:24:55.980Z     gpu_memory/GPU reserved mem (%)=83.74
2026-09-15T04:24:55.980Z     gpu_memory/GPU reserved mem (GiB)=66.36
2026-09-15T04:24:55.980Z     optim/LR (group 0)=8.47E-08
2026-09-15T04:24:55.980Z     optim/LR (group 1)=8.47E-08
2026-09-15T04:24:55.980Z     optim/step skipped=0.0
2026-09-15T04:24:55.980Z     optim/total grad norm=0.1312
2026-09-15T04:24:55.980Z     throughput/chinchilla multiple=0.0002
2026-09-15T04:24:55.980Z     throughput/device/BPS=0.0668
2026-09-15T04:24:55.980Z     throughput/device/BPS (actual avg)=0.0668
2026-09-15T04:24:55.980Z     throughput/device/MFU=32.15
2026-09-15T04:24:55.980Z     throughput/device/MFU (actual avg)=32.14
2026-09-15T04:24:55.980Z     throughput/device/TPS=4,380
2026-09-15T04:24:55.980Z     throughput/device/TPS (actual avg)=4,379
2026-09-15T04:24:55.980Z     throughput/device/flopsPS=100.3T
2026-09-15T04:24:55.980Z     throughput/device/flopsPS (actual avg)=100.3T
2026-09-15T04:24:55.980Z     throughput/total petaflops=360.2
2026-09-15T04:24:55.980Z     throughput/total tokens=15,728,640
2026-09-15T04:24:55.980Z     train/CE loss=0.0128
2026-09-15T04:24:55.980Z     throughput/device/data loading (%)=0.0110
2026-09-15T04:24:55.980Z     throughput/device/data loading (s)=0.0016
2026-09-15T04:24:55.980Z     train/PPL=1.013
2026-09-15T04:25:10.942Z [2;36m[2026-09-15 04:25:10][0m [34mINFO    [0m [2m[olmo_core.train.callbacks.console_logger:68, 4bd9901017c5, rank=0][0m [step=121/122,epoch=1]
2026-09-15T04:25:10.942Z     gpu_memory/GPU active mem (%)=78.46
2026-09-15T04:25:10.942Z     gpu_memory/GPU active mem (GiB)=62.18
2026-09-15T04:25:10.943Z     gpu_memory/GPU reserved mem (%)=83.74
2026-09-15T04:25:10.943Z     gpu_memory/GPU reserved mem (GiB)=66.36
2026-09-15T04:25:10.943Z     optim/LR (group 0)=4.24E-08
2026-09-15T04:25:10.943Z     optim/LR (group 1)=4.24E-08
2026-09-15T04:25:10.943Z     optim/step skipped=0.0
2026-09-15T04:25:10.943Z     optim/total grad norm=0.1005
2026-09-15T04:25:10.943Z     throughput/chinchilla multiple=0.0002
2026-09-15T04:25:10.943Z     throughput/device/BPS=0.0668
2026-09-15T04:25:10.943Z     throughput/device/BPS (actual avg)=0.0668
2026-09-15T04:25:10.943Z     throughput/device/MFU=32.15
2026-09-15T04:25:10.943Z     throughput/device/MFU (actual avg)=32.14
2026-09-15T04:25:10.943Z     throughput/device/TPS=4,379
2026-09-15T04:25:10.943Z     throughput/device/TPS (actual avg)=4,379
2026-09-15T04:25:10.943Z     throughput/device/flopsPS=100.3T
2026-09-15T04:25:10.943Z     throughput/device/flopsPS (actual avg)=100.3T
2026-09-15T04:25:10.943Z     throughput/total petaflops=363.2
2026-09-15T04:25:10.943Z     throughput/total tokens=15,859,712
2026-09-15T04:25:10.943Z     train/CE loss=0.0127
2026-09-15T04:25:10.943Z     throughput/device/data loading (%)=0.0146
2026-09-15T04:25:10.943Z     throughput/device/data loading (s)=0.0022
2026-09-15T04:25:10.943Z     train/PPL=1.013
2026-09-15T04:25:25.910Z [2;36m[2026-09-15 04:25:25][0m [34mINFO    [0m [2m[olmo_core.train.callbacks.console_logger:68, 4bd9901017c5, rank=0][0m [step=122/122,epoch=1]
2026-09-15T04:25:25.910Z     gpu_memory/GPU active mem (%)=78.46
2026-09-15T04:25:25.910Z     gpu_memory/GPU active mem (GiB)=62.18
2026-09-15T04:25:25.910Z     gpu_memory/GPU reserved mem (%)=83.74
2026-09-15T04:25:25.910Z     gpu_memory/GPU reserved mem (GiB)=66.36
2026-09-15T04:25:25.910Z     optim/LR (group 0)=0.0
2026-09-15T04:25:25.910Z     optim/LR (group 1)=0.0
2026-09-15T04:25:25.910Z     optim/step skipped=0.0
2026-09-15T04:25:25.910Z     optim/total grad norm=0.4112
2026-09-15T04:25:25.910Z     throughput/chinchilla multiple=0.0002
2026-09-15T04:25:25.910Z     throughput/device/BPS=0.0668
2026-09-15T04:25:25.910Z     throughput/device/BPS (actual avg)=0.0668
2026-09-15T04:25:25.910Z     throughput/device/MFU=32.13
2026-09-15T04:25:25.910Z     throughput/device/MFU (actual avg)=32.14
2026-09-15T04:25:25.910Z     throughput/device/TPS=4,378
2026-09-15T04:25:25.910Z     throughput/device/TPS (actual avg)=4,379
2026-09-15T04:25:25.910Z     throughput/device/flopsPS=100.3T
2026-09-15T04:25:25.910Z     throughput/device/flopsPS (actual avg)=100.3T
2026-09-15T04:25:25.910Z     throughput/total petaflops=366.2
2026-09-15T04:25:25.910Z     throughput/total tokens=15,990,784
2026-09-15T04:25:25.910Z     train/CE loss=0.0131
2026-09-15T04:25:25.910Z     throughput/device/data loading (%)=0.0128
2026-09-15T04:25:25.910Z     throughput/device/data loading (s)=0.0019
2026-09-15T04:25:25.910Z     train/PPL=1.013
2026-09-15T04:25:26.801Z [W915 04:25:26.833447819 AllocatorConfig.cpp:28] Warning: PYTORCH_CUDA_ALLOC_CONF is deprecated, use PYTORCH_ALLOC_CONF instead (function operator())
2026-09-15T04:25:26.824Z [W915 04:25:26.856505002 AllocatorConfig.cpp:28] Warning: PYTORCH_CUDA_ALLOC_CONF is deprecated, use PYTORCH_ALLOC_CONF instead (function operator())
2026-09-15T04:25:27.002Z [W915 04:25:26.034223302 AllocatorConfig.cpp:28] Warning: PYTORCH_CUDA_ALLOC_CONF is deprecated, use PYTORCH_ALLOC_CONF instead (function operator())
2026-09-15T04:25:27.033Z [2;36m[2026-09-15 04:25:27][0m [34mINFO    [0m [2m[olmo_core.train.trainer:1520, 4bd9901017c5, rank=0][0m Epoch complete
2026-09-15T04:25:27.035Z [2;36m[2026-09-15 04:25:27][0m [34mINFO    [0m [2m[olmo_core.train.callbacks.flop_meter:200, 4bd9901017c5, rank=0][0m [flop-meter] wrote /weka/oe-training-default/ai2-llm/checkpoints/prasanns/ctc_suite/ckpts/f2k-outlier-dense-8M/flops.json: {'actual_pflops': 196.9047862662144, 'dense_equivalent_pflops': 196.9047862662144, 'actual_over_dense': 1.0, 'tokens_processed': 8598700, 'tokens_are_real': True, 'ffn_cost_frac': None, 'block_skip_keep_frac': None, 'kv_route_keep_frac': None, 'steps': 122, 'seq_len': 4096}
2026-09-15T04:25:27.036Z [2;36m[2026-09-15 04:25:27][0m [34mINFO    [0m [2m[olmo_core.train.trainer:1361, 4bd9901017c5, rank=0][0m Waiting for bookkeeping ops to finish: 'reduce_metrics' (2 ops)...
2026-09-15T04:25:27.036Z [2;36m[2026-09-15 04:25:27][0m [34mINFO    [0m [2m[olmo_core.train.trainer:1361, 4bd9901017c5, rank=0][0m Waiting for bookkeeping ops to finish: 'Trainer._check_if_canceled' (1 ops)...
2026-09-15T04:25:27.084Z [W915 04:25:27.117154438 AllocatorConfig.cpp:28] Warning: PYTORCH_CUDA_ALLOC_CONF is deprecated, use PYTORCH_ALLOC_CONF instead (function operator())
2026-09-15T04:25:27.320Z [2;36m[2026-09-15 04:25:27][0m [34mINFO    [0m [2m[olmo_core.train.trainer:1366, 4bd9901017c5, rank=0][0m All bookkeeping ops complete
2026-09-15T04:25:27.322Z [2;36m[2026-09-15 04:25:27][0m [34mINFO    [0m [2m[olmo_core.train.callbacks.wandb:116, 4bd9901017c5, rank=0][0m Finalizing successful W&B run...
2026-09-15T04:25:27.322Z wandb: WARNING The `quiet` argument to `wandb.run.finish()` is deprecated, use `wandb.Settings(quiet=...)` to set this instead.
2026-09-15T04:25:27.425Z wandb: updating run metadata
2026-09-15T04:25:27.826Z wandb: uploading history steps 121-122, summary, console lines 2922-2952
2026-09-15T04:25:28.116Z wandb: 
2026-09-15T04:25:28.116Z wandb: Run history:
2026-09-15T04:25:28.116Z wandb:        checkpoint/load_duration_s ▁
2026-09-15T04:25:28.116Z wandb:      flop_meter/actual_over_dense ▁▁▁▁▁▁▁▁▁▁▁▁▁▁▁▁▁▁▁▁▁▁▁▁▁▁▁▁▁▁▁▁▁▁▁▁▁▁▁▁
2026-09-15T04:25:28.116Z wandb:          flop_meter/actual_pflops ▁▁▁▁▂▂▂▂▂▂▃▃▃▃▃▄▄▄▄▅▅▅▅▅▅▅▆▆▆▆▆▆▆▆▇▇▇▇██
2026-09-15T04:25:28.116Z wandb:           flop_meter/dense_pflops ▁▁▁▁▂▂▂▂▂▂▃▃▃▃▃▄▄▄▄▄▄▄▅▅▅▅▅▅▅▅▆▆▆▆▆▇▇███
2026-09-15T04:25:28.116Z wandb:     gpu_memory/GPU active mem (%) ▁▁▁▂▂▂▂▂▃▃▃▃▃▃▃▄▄▄▄▄▄▅▅▅▅▅▅▅▅▆▆▆▆▆▇▇▇███
2026-09-15T04:25:28.116Z wandb:   gpu_memory/GPU active mem (GiB) ▁▁▁▁▂▂▂▂▂▂▃▃▃▃▃▄▄▄▄▄▄▅▅▅▅▆▆▆▆▆▇▇▇▇▇█████
2026-09-15T04:25:28.116Z wandb:   gpu_memory/GPU reserved mem (%) ▁▁▁▁▁▁▁▁▁▁▁▁▁▁▁▁▁▁▁▁▁▁▁▁▁▁▁▁▁▁▁▁▁▁▁▁▁▁▁▁
2026-09-15T04:25:28.116Z wandb: gpu_memory/GPU reserved mem (GiB) ▁▁▁▁▁▁▁▁▁▁▁▁▁▁▁▁▁▁▁▁▁▁▁▁▁▁▁▁▁▁▁▁▁▁▁▁▁▁▁▁
2026-09-15T04:25:28.116Z wandb:                optim/LR (group 0) ███▇▇▇▇▇▆▆▆▆▆▅▅▅▅▅▅▅▄▄▄▄▃▃▃▃▃▃▃▂▂▂▂▁▁▁▁▁
2026-09-15T04:25:28.116Z wandb:                optim/LR (group 1) ▃▅███▇▇▇▇▇▇▇▇▆▆▆▆▆▅▅▅▅▅▅▄▄▄▄▄▄▃▃▃▃▂▂▂▂▂▁
2026-09-15T04:25:28.116Z wandb:                               +18 ...
2026-09-15T04:25:28.116Z wandb: 
2026-09-15T04:25:28.116Z wandb: Run summary:
2026-09-15T04:25:28.116Z wandb:        checkpoint/load_duration_s 19.0784
2026-09-15T04:25:28.116Z wandb:      flop_meter/actual_over_dense 1
2026-09-15T04:25:28.116Z wandb:          flop_meter/actual_pflops 196.90479
2026-09-15T04:25:28.116Z wandb:           flop_meter/dense_pflops 196.90479
2026-09-15T04:25:28.116Z wandb:     gpu_memory/GPU active mem (%) 78.45804
2026-09-15T04:25:28.116Z wandb:   gpu_memory/GPU active mem (GiB) 62.17934
2026-09-15T04:25:28.116Z wandb:   gpu_memory/GPU reserved mem (%) 83.73735
2026-09-15T04:25:28.116Z wandb: gpu_memory/GPU reserved mem (GiB) 66.36328
2026-09-15T04:25:28.116Z wandb:                optim/LR (group 0) 0
2026-09-15T04:25:28.116Z wandb:                optim/LR (group 1) 0
2026-09-15T04:25:28.116Z wandb:                               +18 ...
2026-09-15T04:25:28.116Z wandb: 
2026-09-15T04:25:28.116Z wandb: 🚀 View run f2k-outlier-dense-8M at: https://wandb.ai/prasanns-allen-institute-for-ai/memory-networks/runs/uxzcw6f7
2026-09-15T04:25:28.116Z wandb: ⭐️ View project at: https://wandb.ai/prasanns-allen-institute-for-ai/memory-networks
2026-09-15T04:25:28.116Z wandb: Synced 5 W&B file(s), 0 media file(s), 0 artifact file(s) and 0 other file(s)
2026-09-15T04:25:28.117Z wandb: Find logs at: /weka/oe-training-default/ai2-llm/checkpoints/prasanns/ctc_suite/ckpts/f2k-outlier-dense-8M/wandb/wandb/run-20260915_035211-uxzcw6f7/logs
2026-09-15T04:25:29.912Z [2;36m[2026-09-15 04:25:29][0m [34mINFO    [0m [2m[olmo_core.train.trainer:763, 4bd9901017c5, rank=0][0m Training complete
2026-09-15T04:25:30.632Z [2;36m[2026-09-15 04:25:30][0m [33mWARNING [0m [2m[py.warnings:112, 4bd9901017c5, rank=1][0m /opt/conda/lib/python3.12/site-packages/torch/distributed/_state_dict_utils.py:183: UserWarning: called a synchronizing CUDA operation (Triggered internally at /pytorch/c10/cuda/CUDAFunctions.cpp:162.)
2026-09-15T04:25:30.632Z   ret = ret.to(cpu_device)
2026-09-15T04:25:30.632Z 
2026-09-15T04:25:30.634Z [2;36m[2026-09-15 04:25:30][0m [33mWARNING [0m [2m[py.warnings:112, 4bd9901017c5, rank=0][0m /opt/conda/lib/python3.12/site-packages/torch/distributed/_state_dict_utils.py:183: UserWarning: called a synchronizing CUDA operation (Triggered internally at /pytorch/c10/cuda/CUDAFunctions.cpp:162.)
2026-09-15T04:25:30.634Z   ret = ret.to(cpu_device)
2026-09-15T04:25:30.634Z 
2026-09-15T04:25:42.196Z [ctc-suite] saved model-only checkpoint -> /weka/oe-training-default/ai2-llm/checkpoints/prasanns/ctc_suite/ckpts/f2k-outlier-dense-8M
2026-09-15T04:25:43.994Z [W915 04:25:43.026799652 AllocatorConfig.cpp:28] Warning: PYTORCH_CUDA_ALLOC_CONF is deprecated, use PYTORCH_ALLOC_CONF instead (function operator())
2026-09-15T04:25:44.200Z [W915 04:25:44.233260418 AllocatorConfig.cpp:28] Warning: PYTORCH_CUDA_ALLOC_CONF is deprecated, use PYTORCH_ALLOC_CONF instead (function operator())
2026-09-15T04:25:45.435Z [W915 04:25:45.467887450 AllocatorConfig.cpp:28] Warning: PYTORCH_CUDA_ALLOC_CONF is deprecated, use PYTORCH_ALLOC_CONF instead (function operator())
