Logs for job 01M2HGWS0MX0SMHNGKWNWRM1G2 of task train:
2026-09-15T04:16:23.561Z [36m[1m
2026-09-15T04:16:23.561Z ##########################################
2026-09-15T04:16:23.561Z ### [GANTRY] Validating environment... ###  
2026-09-15T04:16:23.561Z ##########################################
2026-09-15T04:16:23.561Z [0m
2026-09-15T04:16:23.564Z [36m[1m❯ [GANTRY INFO][0m Shell is GNU bash, version 5.1.16(1)-release (x86_64-pc-linux-gnu).
2026-09-15T04:16:23.564Z [36m[1m❯ [GANTRY INFO][0m Running on Beaker node 'saturn-cs-aus-236.reviz.ai2.in' (01KT4KD47VMG7M05RZANJS98Z4)
2026-09-15T04:16:23.564Z [36m[1m❯ [GANTRY INFO][0m Results dataset [94m[4mhttps://beaker.org/ds/01M2HGWRXASZQFX5ZK4HW1JWHX[0m mounted to '/results'.
2026-09-15T04:16:23.564Z [36m[1m❯ [GANTRY INFO][0m Checking for required tools...
2026-09-15T04:16:23.567Z [36m[1m❯ [GANTRY INFO][0m Using git version 2.34.1.
2026-09-15T04:16:23.576Z [36m[1m❯ [GANTRY INFO][0m Using curl 7.81.0 (x86_64-pc-linux-gnu) libcurl/7.81.0 OpenSSL/3.0.2 zlib/1.2.11 brotli/1.0.9 zstd/1.4.8 libidn2/2.3.2 libpsl/0.21.0 (+libidn2/2.3.2) libssh/0.9.6/openssl/zlib nghttp2/1.43.0 librtmp/2.3 OpenLDAP/2.5.19.
2026-09-15T04:16:23.576Z [36m[1m❯ [GANTRY INFO][0m Done.
2026-09-15T04:16:23.576Z [36m[1m❯ [GANTRY INFO][0m Installing AWS config...
2026-09-15T04:16:23.580Z [36m[1m❯ [GANTRY INFO][0m Done.
2026-09-15T04:16:23.580Z [36m[1m❯ [GANTRY INFO][0m Installing AWS credentials...
2026-09-15T04:16:23.582Z [36m[1m❯ [GANTRY INFO][0m Done.
2026-09-15T04:16:23.583Z [36m[1m❯ [GANTRY INFO][0m Installing Google Cloud credentials...
2026-09-15T04:16:23.586Z [36m[1m❯ [GANTRY INFO][0m Done.
2026-09-15T04:16:23.586Z [36m[1m❯ [GANTRY INFO][0m Creating PyTorch kernel cache directory...
2026-09-15T04:16:23.587Z [36m[1m❯ [GANTRY INFO][0m Done.
2026-09-15T04:16:23.588Z [36m[1m
2026-09-15T04:16:23.588Z #######################################
2026-09-15T04:16:23.588Z ### [GANTRY] Cloning source code... ###  
2026-09-15T04:16:23.588Z #######################################
2026-09-15T04:16:23.588Z [0m
2026-09-15T04:16:23.599Z [36m[1m❯ [GANTRY INFO][0m Cloning source from 'allenai/OLMo-core' @ '5ee1264fe3e0272bb492fdad2512e67c3a2b5616'...
2026-09-15T04:16:32.929Z [36m[1m❯ [GANTRY INFO][0m Done.
2026-09-15T04:16:32.929Z [36m[1m❯ [GANTRY INFO][0m Initializing git submodules...
2026-09-15T04:16:32.963Z [36m[1m❯ [GANTRY INFO][0m Done.
2026-09-15T04:16:32.963Z [36m[1m
2026-09-15T04:16:32.963Z #######################################
2026-09-15T04:16:32.963Z ### [GANTRY] Building Python env... ###  
2026-09-15T04:16:32.963Z #######################################
2026-09-15T04:16:32.963Z [0m
2026-09-15T04:16:32.963Z [36m[1m❯ [GANTRY INFO][0m Installing uv...
2026-09-15T04:16:33.903Z [36m[1m❯ [GANTRY INFO][0m Done. Installed uv 0.12.14 (x86_64-unknown-linux-gnu).
2026-09-15T04:16:33.909Z [36m[1m❯ [GANTRY INFO][0m Using existing Python 3.12.12 installation at '/opt/conda/bin/python'.
2026-09-15T04:16:33.912Z [36m[1m❯ [GANTRY INFO][0m Acquiring lock for uv install at '/results/lockfile'...
2026-09-15T04:16:33.913Z [36m[1m❯ [GANTRY INFO][0m Done.
2026-09-15T04:16:33.913Z [36m[1m❯ [GANTRY INFO][0m Installing local project...
2026-09-15T04:16:38.299Z [36m[1m❯ [GANTRY INFO][0m Done.
2026-09-15T04:16:38.323Z [36m[1m
2026-09-15T04:16:38.323Z ########################################
2026-09-15T04:16:38.323Z ### [GANTRY] Python environment info ###  
2026-09-15T04:16:38.324Z ########################################
2026-09-15T04:16:38.324Z [0m
2026-09-15T04:16:38.330Z [36m[1m❯ [GANTRY INFO][0m Using Python 3.12.12 from '/opt/conda/bin/python'.
2026-09-15T04:16:38.330Z [36m[1m❯ [GANTRY INFO][0m Packages:
2026-09-15T04:16:38.331Z [1mai2-olmo-core[0m @ file:///gantry-runtime
2026-09-15T04:16:38.331Z [1mai2-olmo-eval[0m==0.9.0
2026-09-15T04:16:38.331Z [1maiohappyeyeballs[0m==2.6.1
2026-09-15T04:16:38.331Z [1maiohttp[0m==3.13.2
2026-09-15T04:16:38.331Z [1maiosignal[0m==1.4.0
2026-09-15T04:16:38.331Z [1malabaster[0m==0.7.16
2026-09-15T04:16:38.331Z [1mannotated-types[0m==0.7.0
2026-09-15T04:16:38.331Z [1mantlr4-python3-runtime[0m==4.9.3
2026-09-15T04:16:38.331Z [1manyio[0m==4.11.0
2026-09-15T04:16:38.331Z [1mapache-tvm-ffi[0m==0.1.13.post3
2026-09-15T04:16:38.331Z [1marchspec[0m @ file:///home/conda/feedstock_root/build_artifacts/archspec_1737352602016/work
2026-09-15T04:16:38.331Z [1masttokens[0m @ file:///home/conda/feedstock_root/build_artifacts/asttokens_1763409923949/work
2026-09-15T04:16:38.331Z [1mattrs[0m @ file:///home/conda/feedstock_root/build_artifacts/attrs_1759762205280/work
2026-09-15T04:16:38.331Z [1mbabel[0m==2.17.0
2026-09-15T04:16:38.331Z [1mbeaker-gantry[0m==3.7.0
2026-09-15T04:16:38.331Z [1mbeaker-py[0m==2.8.0
2026-09-15T04:16:38.331Z [1mbeautifulsoup4[0m @ file:///home/conda/feedstock_root/build_artifacts/beautifulsoup4_1759146011391/work
2026-09-15T04:16:38.331Z [1mbettermap[0m==1.3.1
2026-09-15T04:16:38.331Z [1mblack[0m==23.12.1
2026-09-15T04:16:38.331Z [1mboltons[0m @ file:///home/conda/feedstock_root/build_artifacts/boltons_1749686179973/work
2026-09-15T04:16:38.331Z [1mboto3[0m==1.41.3
2026-09-15T04:16:38.331Z [1mbotocore[0m==1.41.3
2026-09-15T04:16:38.331Z [1mbrotli[0m @ file:///home/conda/feedstock_root/build_artifacts/brotli-split_1756599151967/work
2026-09-15T04:16:38.331Z [1mbuild[0m==1.3.0
2026-09-15T04:16:38.331Z [1mcached-path[0m==1.8.0
2026-09-15T04:16:38.331Z [1mcachetools[0m==6.2.2
2026-09-15T04:16:38.331Z [1mcertifi[0m @ file:///home/conda/feedstock_root/build_artifacts/certifi_1762976168352/work/certifi
2026-09-15T04:16:38.331Z [1mcffi[0m @ file:///home/conda/feedstock_root/build_artifacts/cffi_1761202850602/work
2026-09-15T04:16:38.331Z [1mchardet[0m @ file:///home/conda/feedstock_root/build_artifacts/chardet_1741797914774/work
2026-09-15T04:16:38.331Z [1mcharset-normalizer[0m @ file:///home/conda/feedstock_root/build_artifacts/charset-normalizer_1760437218288/work
2026-09-15T04:16:38.331Z [1mclick[0m @ file:///home/conda/feedstock_root/build_artifacts/click_1763248546991/work
2026-09-15T04:16:38.331Z [1mclick-help-colors[0m==0.9.4
2026-09-15T04:16:38.331Z [1mclick-option-group[0m==0.5.9
2026-09-15T04:16:38.331Z [1mcolorama[0m @ file:///home/conda/feedstock_root/build_artifacts/colorama_1733218098505/work
2026-09-15T04:16:38.331Z [1mcomet-ml[0m==3.54.2
2026-09-15T04:16:38.331Z [1mconda[0m @ file:///home/conda/feedstock_root/build_artifacts/conda_1760108593422/work/conda-src
2026-09-15T04:16:38.331Z [1mconda-build[0m @ file:///home/conda/feedstock_root/build_artifacts/conda-build_1763816195874/work
2026-09-15T04:16:38.331Z [1mconda-index[0m @ file:///home/conda/feedstock_root/build_artifacts/conda-index_1760661811794/work
2026-09-15T04:16:38.331Z [1mconda-libmamba-solver[0m @ file:///home/conda/feedstock_root/build_artifacts/conda-libmamba-solver_1745834476052/work/src
2026-09-15T04:16:38.331Z [1mconda-package-handling[0m @ file:///home/conda/feedstock_root/build_artifacts/conda-package-handling_1736345463896/work
2026-09-15T04:16:38.331Z [1mconda-package-streaming[0m @ file:///home/conda/feedstock_root/build_artifacts/conda-package-streaming_1751548120229/work
2026-09-15T04:16:38.331Z [1mconfigobj[0m==5.0.9
2026-09-15T04:16:38.331Z [1mcontourpy[0m==1.4.0
2026-09-15T04:16:38.331Z [1mcryptography[0m==46.0.3
2026-09-15T04:16:38.331Z [1mcuda-bindings[0m==13.4.1
2026-09-15T04:16:38.331Z [1mcuda-core[0m==1.2.0
2026-09-15T04:16:38.331Z [1mcuda-pathfinder[0m==1.8.1
2026-09-15T04:16:38.331Z [1mcuda-python[0m==13.4.1
2026-09-15T04:16:38.331Z [1mcycler[0m==0.12.1
2026-09-15T04:16:38.331Z [1mdataclass-extensions[0m==0.5.0
2026-09-15T04:16:38.331Z [1mdatasets[0m==3.6.0
2026-09-15T04:16:38.331Z [1mdecorator[0m @ file:///home/conda/feedstock_root/build_artifacts/decorator_1740384970518/work
2026-09-15T04:16:38.331Z [1mdill[0m==0.3.8
2026-09-15T04:16:38.331Z [1mdion[0m @ git+https://github.com/microsoft/dion.git@7452a5823cf9655b93c3f1d8020b4ebb2535239b
2026-09-15T04:16:38.331Z [1mdistro[0m @ file:///home/conda/feedstock_root/build_artifacts/distro_1734729835256/work
2026-09-15T04:16:38.331Z [1mdocker[0m==7.1.0
2026-09-15T04:16:38.331Z [1mdocutils[0m==0.20.1
2026-09-15T04:16:38.331Z [1mdulwich[0m==0.24.10
2026-09-15T04:16:38.331Z [1meinops[0m==0.8.1
2026-09-15T04:16:38.331Z [1mevalidate[0m @ file:///home/conda/feedstock_root/build_artifacts/bld/rattler-build_evalidate_1746793833/work
2026-09-15T04:16:38.331Z [1meverett[0m==3.1.0
2026-09-15T04:16:38.331Z [1mexecnet[0m==2.1.2
2026-09-15T04:16:38.331Z [1mexecuting[0m @ file:///home/conda/feedstock_root/build_artifacts/executing_1756729339227/work
2026-09-15T04:16:38.331Z [1mfilelock[0m @ file:///home/conda/feedstock_root/build_artifacts/filelock_1759948064277/work
2026-09-15T04:16:38.331Z [1mfla-core[0m==0.4.1
2026-09-15T04:16:38.331Z [1mflash-attn[0m==2.8.2
2026-09-15T04:16:38.331Z [1mflash-attn-4[0m==4.0.0b30
2026-09-15T04:16:38.331Z [1mflash-linear-attention[0m==0.4.1
2026-09-15T04:16:38.331Z [1mfonttools[0m==4.65.0
2026-09-15T04:16:38.331Z [1mfrozendict[0m @ file:///home/conda/feedstock_root/build_artifacts/frozendict_1756047928019/work
2026-09-15T04:16:38.331Z [1mfrozenlist[0m==1.8.0
2026-09-15T04:16:38.331Z [1mfsspec[0m==2025.3.0
2026-09-15T04:16:38.331Z [1mfuro[0m==2024.8.6
2026-09-15T04:16:38.331Z [1mgitdb[0m==4.0.12
2026-09-15T04:16:38.331Z [1mgitpython[0m==3.1.45
2026-09-15T04:16:38.331Z [1mgoogle-api-core[0m==2.28.1
2026-09-15T04:16:38.331Z [1mgoogle-auth[0m==2.43.0
2026-09-15T04:16:38.331Z [1mgoogle-cloud-compute[0m==1.40.0
2026-09-15T04:16:38.332Z [1mgoogle-cloud-core[0m==2.5.0
2026-09-15T04:16:38.332Z [1mgoogle-cloud-storage[0m==2.19.0
2026-09-15T04:16:38.332Z [1mgoogle-crc32c[0m==1.7.1
2026-09-15T04:16:38.332Z [1mgoogle-resumable-media[0m==2.8.0
2026-09-15T04:16:38.332Z [1mgoogleapis-common-protos[0m==1.72.0
2026-09-15T04:16:38.332Z [1mgrouped-gemm[0m @ git+https://git@github.com/tgale96/grouped_gemm.git@f1429a3c44c98f7912aa4b00125144cdf4e7fdb2
2026-09-15T04:16:38.332Z [1mgrpcio[0m==1.76.0
2026-09-15T04:16:38.332Z [1mgrpcio-status[0m==1.76.0
2026-09-15T04:16:38.332Z [1mh11[0m==0.16.0
2026-09-15T04:16:38.332Z [1mh2[0m @ file:///home/conda/feedstock_root/build_artifacts/bld/rattler-build_h2_1756364871/work
2026-09-15T04:16:38.332Z [1mhf-xet[0m==1.2.0
2026-09-15T04:16:38.332Z [1mhpack[0m @ file:///home/conda/feedstock_root/build_artifacts/hpack_1737618293087/work
2026-09-15T04:16:38.332Z [1mhttpcore[0m==1.0.9
2026-09-15T04:16:38.332Z [1mhttpx[0m==0.28.1
2026-09-15T04:16:38.332Z [1mhuggingface-hub[0m==0.36.0
2026-09-15T04:16:38.332Z [1mhyperframe[0m @ file:///home/conda/feedstock_root/build_artifacts/hyperframe_1737618333194/work
2026-09-15T04:16:38.332Z [1mid[0m==1.5.0
2026-09-15T04:16:38.332Z [1midna[0m @ file:///home/conda/feedstock_root/build_artifacts/idna_1760286409563/work
2026-09-15T04:16:38.332Z [1mimagesize[0m==1.4.1
2026-09-15T04:16:38.332Z [1mimportlib-metadata[0m==8.7.0
2026-09-15T04:16:38.332Z [1mimportlib-resources[0m==6.5.2
2026-09-15T04:16:38.332Z [1miniconfig[0m==2.3.0
2026-09-15T04:16:38.332Z [1mipython[0m @ file:///home/conda/feedstock_root/build_artifacts/bld/rattler-build_ipython_1762350942/work
2026-09-15T04:16:38.332Z [1mipython-pygments-lexers[0m @ file:///home/conda/feedstock_root/build_artifacts/ipython_pygments_lexers_1737123620466/work
2026-09-15T04:16:38.332Z [1misort[0m==5.13.2
2026-09-15T04:16:38.332Z [1mjaraco-classes[0m==3.4.0
2026-09-15T04:16:38.332Z [1mjaraco-context[0m==6.0.1
2026-09-15T04:16:38.332Z [1mjaraco-functools[0m==4.3.0
2026-09-15T04:16:38.332Z [1mjedi[0m @ file:///home/conda/feedstock_root/build_artifacts/jedi_1733300866624/work
2026-09-15T04:16:38.332Z [1mjeepney[0m==0.9.0
2026-09-15T04:16:38.332Z [1mjinja2[0m @ file:///home/conda/feedstock_root/build_artifacts/jinja2_1741263328855/work
2026-09-15T04:16:38.332Z [1mjmespath[0m==1.0.1
2026-09-15T04:16:38.332Z [1mjsonpatch[0m @ file:///home/conda/feedstock_root/build_artifacts/jsonpatch_1733814567314/work
2026-09-15T04:16:38.332Z [1mjsonpointer[0m @ file:///home/conda/feedstock_root/build_artifacts/jsonpointer_1756754132407/work
2026-09-15T04:16:38.332Z [1mjsonschema[0m @ file:///home/conda/feedstock_root/build_artifacts/bld/rattler-build_jsonschema_1755595646/work
2026-09-15T04:16:38.332Z [1mjsonschema-specifications[0m @ file:///tmp/tmptzik3dqa/src
2026-09-15T04:16:38.332Z [1mkeyring[0m==25.7.0
2026-09-15T04:16:38.332Z [1mkiwisolver[0m==1.5.1
2026-09-15T04:16:38.332Z [1mlibarchive-c[0m @ file:///home/conda/feedstock_root/build_artifacts/bld/rattler-build_python-libarchive-c_1754663558/work
2026-09-15T04:16:38.332Z [1mlibmambapy[0m @ file:///home/conda/feedstock_root/build_artifacts/bld/rattler-build_libmambapy_1760729597/work/libmambapy
2026-09-15T04:16:38.332Z [1mlief[0m @ file:///home/conda/feedstock_root/build_artifacts/lief_1760811648956/work/api/python
2026-09-15T04:16:38.332Z [1mliger-kernel[0m==0.6.4
2026-09-15T04:16:38.332Z [1mlightning-utilities[0m==0.15.2
2026-09-15T04:16:38.332Z [1mlinkify-it-py[0m==2.0.3
2026-09-15T04:16:38.332Z [1mmarkdown-it-py[0m==3.0.0
2026-09-15T04:16:38.332Z [1mmarkupsafe[0m @ file:///home/conda/feedstock_root/build_artifacts/markupsafe_1759055168201/work
2026-09-15T04:16:38.332Z [1mmatplotlib[0m==3.11.2
2026-09-15T04:16:38.332Z [1mmatplotlib-inline[0m @ file:///home/conda/feedstock_root/build_artifacts/matplotlib-inline_1761214490209/work
2026-09-15T04:16:38.332Z [1mmdit-py-plugins[0m==0.5.0
2026-09-15T04:16:38.332Z [1mmdurl[0m==0.1.2
2026-09-15T04:16:38.332Z [1mmemray[0m==1.19.1
2026-09-15T04:16:38.332Z [1mmenuinst[0m @ file:///home/conda/feedstock_root/build_artifacts/menuinst_1761299738838/work
2026-09-15T04:16:38.332Z [1mml-dtypes[0m==0.5.4
2026-09-15T04:16:38.332Z [1mmore-itertools[0m==10.8.0
2026-09-15T04:16:38.332Z [1mmpmath[0m==1.3.0
2026-09-15T04:16:38.332Z [1mmsgpack[0m @ file:///home/conda/feedstock_root/build_artifacts/msgpack-python_1762503974934/work
2026-09-15T04:16:38.332Z [1mmultidict[0m==6.7.0
2026-09-15T04:16:38.332Z [1mmultiprocess[0m==0.70.16
2026-09-15T04:16:38.332Z [1mmypy[0m==1.3.0
2026-09-15T04:16:38.332Z [1mmypy-extensions[0m==1.1.0
2026-09-15T04:16:38.332Z [1mmyst-parser[0m==2.0.0
2026-09-15T04:16:38.332Z [1mnetworkx[0m==3.5
2026-09-15T04:16:38.332Z [1mnh3[0m==0.3.2
2026-09-15T04:16:38.332Z [1mninja[0m==1.13.0
2026-09-15T04:16:38.332Z [1mnumpy[0m @ file:///home/conda/feedstock_root/build_artifacts/bld/rattler-build_numpy_1763351074/work/dist/numpy-2.3.5-cp312-cp312-linux_x86_64.whl#sha256=585a706a3c889590365479b2cdbe308c23addd9fae26c7937f4b74887269b6e3
2026-09-15T04:16:38.332Z [1mnvidia-cublas-cu12[0m==12.8.4.1
2026-09-15T04:16:38.332Z [1mnvidia-cuda-cupti-cu12[0m==12.8.90
2026-09-15T04:16:38.332Z [1mnvidia-cuda-nvdisasm[0m==13.4.49
2026-09-15T04:16:38.332Z [1mnvidia-cuda-nvrtc-cu12[0m==12.8.93
2026-09-15T04:16:38.332Z [1mnvidia-cuda-runtime-cu12[0m==12.8.90
2026-09-15T04:16:38.332Z [1mnvidia-cudnn-cu12[0m==9.10.2.21
2026-09-15T04:16:38.332Z [1mnvidia-cufft-cu12[0m==11.3.3.83
2026-09-15T04:16:38.332Z [1mnvidia-cufile-cu12[0m==1.13.1.3
2026-09-15T04:16:38.332Z [1mnvidia-curand-cu12[0m==10.3.9.90
2026-09-15T04:16:38.332Z [1mnvidia-cusolver-cu12[0m==11.7.3.90
2026-09-15T04:16:38.332Z [1mnvidia-cusparse-cu12[0m==12.5.8.93
2026-09-15T04:16:38.332Z [1mnvidia-cusparselt-cu12[0m==0.7.1
2026-09-15T04:16:38.332Z [1mnvidia-cutlass-dsl[0m==4.7.1
2026-09-15T04:16:38.332Z [1mnvidia-cutlass-dsl-libs-base[0m==4.7.1
2026-09-15T04:16:38.332Z [1mnvidia-cutlass-dsl-libs-core[0m==4.7.1
2026-09-15T04:16:38.332Z [1mnvidia-cutlass-dsl-libs-cu12[0m==4.7.1
2026-09-15T04:16:38.332Z [1mnvidia-nccl-cu12[0m==2.27.5
2026-09-15T04:16:38.332Z [1mnvidia-nvjitlink-cu12[0m==12.8.93
2026-09-15T04:16:38.332Z [1mnvidia-nvshmem-cu12[0m==3.3.20
2026-09-15T04:16:38.332Z [1mnvidia-nvtx-cu12[0m==12.8.90
2026-09-15T04:16:38.332Z [1momegaconf[0m==2.3.0
2026-09-15T04:16:38.332Z [1monnx[0m==1.19.1
2026-09-15T04:16:38.332Z [1monnx-ir[0m==0.1.12
2026-09-15T04:16:38.332Z [1monnxscript[0m==0.5.6
2026-09-15T04:16:38.332Z [1mpackaging[0m @ file:///home/conda/feedstock_root/build_artifacts/bld/rattler-build_packaging_1745345660/work
2026-09-15T04:16:38.332Z [1mpandas[0m==2.3.3
2026-09-15T04:16:38.332Z [1mparso[0m @ file:///home/conda/feedstock_root/build_artifacts/bld/rattler-build_parso_1755974222/work
2026-09-15T04:16:38.332Z [1mpathspec[0m==0.12.1
2026-09-15T04:16:38.332Z [1mpetname[0m==2.9
2026-09-15T04:16:38.332Z [1mpexpect[0m @ file:///home/conda/feedstock_root/build_artifacts/pexpect_1733301927746/work
2026-09-15T04:16:38.332Z [1mpillow[0m==11.3.0
2026-09-15T04:16:38.332Z [1mpip[0m==25.3
2026-09-15T04:16:38.332Z [1mpkginfo[0m @ file:///home/conda/feedstock_root/build_artifacts/pkginfo_1739984581450/work
2026-09-15T04:16:38.332Z [1mplatformdirs[0m @ file:///home/conda/feedstock_root/build_artifacts/bld/rattler-build_platformdirs_1759953252/work
2026-09-15T04:16:38.332Z [1mpluggy[0m @ file:///home/conda/feedstock_root/build_artifacts/pluggy_1747339660894/work
2026-09-15T04:16:38.332Z [1mprompt-toolkit[0m @ file:///home/conda/feedstock_root/build_artifacts/prompt-toolkit_1756321756983/work
2026-09-15T04:16:38.332Z [1mpropcache[0m==0.4.1
2026-09-15T04:16:38.332Z [1mproto-plus[0m==1.26.1
2026-09-15T04:16:38.332Z [1mprotobuf[0m==6.33.1
2026-09-15T04:16:38.332Z [1mpsutil[0m @ file:///home/conda/feedstock_root/build_artifacts/bld/rattler-build_psutil_1762092914/work
2026-09-15T04:16:38.332Z [1mptyprocess[0m @ file:///home/conda/feedstock_root/build_artifacts/ptyprocess_1733302279685/work/dist/ptyprocess-0.7.0-py2.py3-none-any.whl#sha256=92c32ff62b5fd8cf325bec5ab90d7be3d2a8ca8c8a3813ff487a8d2002630d1f
2026-09-15T04:16:38.332Z [1mpure-eval[0m @ file:///home/conda/feedstock_root/build_artifacts/pure_eval_1733569405015/work
2026-09-15T04:16:38.332Z [1mpyarrow[0m==19.0.1
2026-09-15T04:16:38.332Z [1mpyasn1[0m==0.6.1
2026-09-15T04:16:38.332Z [1mpyasn1-modules[0m==0.4.2
2026-09-15T04:16:38.332Z [1mpycosat[0m @ file:///home/conda/feedstock_root/build_artifacts/pycosat_1757744639790/work
2026-09-15T04:16:38.332Z [1mpycparser[0m @ file:///home/conda/feedstock_root/build_artifacts/bld/rattler-build_pycparser_1733195786/work
2026-09-15T04:16:38.332Z [1mpydantic[0m==2.12.4
2026-09-15T04:16:38.332Z [1mpydantic-core[0m==2.41.5
2026-09-15T04:16:38.332Z [1mpygments[0m @ file:///home/conda/feedstock_root/build_artifacts/pygments_1750615794071/work
2026-09-15T04:16:38.332Z [1mpyparsing[0m==3.3.2
2026-09-15T04:16:38.332Z [1mpyproject-hooks[0m==1.2.0
2026-09-15T04:16:38.332Z [1mpysocks[0m @ file:///home/conda/feedstock_root/build_artifacts/pysocks_1733217236728/work
2026-09-15T04:16:38.332Z [1mpytest[0m==9.0.1
2026-09-15T04:16:38.332Z [1mpytest-memray[0m==1.8.0
2026-09-15T04:16:38.332Z [1mpytest-sphinx[0m==0.6.3
2026-09-15T04:16:38.332Z [1mpytest-xdist[0m==3.8.0
2026-09-15T04:16:38.332Z [1mpython-box[0m==6.1.0
2026-09-15T04:16:38.332Z [1mpython-dateutil[0m==2.9.0.post0
2026-09-15T04:16:38.332Z [1mpytz[0m @ file:///home/conda/feedstock_root/build_artifacts/pytz_1742920838005/work
2026-09-15T04:16:38.332Z [1mpyyaml[0m @ file:///home/conda/feedstock_root/build_artifacts/pyyaml_1758891829620/work
2026-09-15T04:16:38.332Z [1mquack-kernels[0m==0.6.5
2026-09-15T04:16:38.332Z [1mreadme-renderer[0m==43.0
2026-09-15T04:16:38.332Z [1mreferencing[0m @ file:///home/conda/feedstock_root/build_artifacts/bld/rattler-build_referencing_1760379115/work
2026-09-15T04:16:38.332Z [1mregex[0m==2025.11.3
2026-09-15T04:16:38.332Z [1mrequests[0m @ file:///home/conda/feedstock_root/build_artifacts/requests_1755614211359/work
2026-09-15T04:16:38.332Z [1mrequests-toolbelt[0m==1.0.0
2026-09-15T04:16:38.332Z [1mrfc3986[0m==2.0.0
2026-09-15T04:16:38.332Z [1mrich[0m==13.9.4
2026-09-15T04:16:38.332Z [1mring-flash-attn[0m==0.1.8
2026-09-15T04:16:38.332Z [1mrpds-py[0m @ file:///home/conda/feedstock_root/build_artifacts/bld/rattler-build_rpds-py_1763327046/work
2026-09-15T04:16:38.332Z [1mrsa[0m==4.9.1
2026-09-15T04:16:38.332Z [1mruamel-yaml[0m @ file:///home/conda/feedstock_root/build_artifacts/ruamel.yaml_1761160588389/work
2026-09-15T04:16:38.332Z [1mruamel-yaml-clib[0m @ file:///home/conda/feedstock_root/build_artifacts/ruamel.yaml.clib_1760564169582/work
2026-09-15T04:16:38.332Z [1mruff[0m==0.14.6
2026-09-15T04:16:38.332Z [1ms3transfer[0m==0.15.0
2026-09-15T04:16:38.332Z [1msafetensors[0m==0.7.0
2026-09-15T04:16:38.332Z [1msecretstorage[0m==3.5.0
2026-09-15T04:16:38.332Z [1msemantic-version[0m==2.10.0
2026-09-15T04:16:38.332Z [1msentry-sdk[0m==2.46.0
2026-09-15T04:16:38.332Z [1msetuptools[0m==69.5.1
2026-09-15T04:16:38.332Z [1msimplejson[0m==3.20.2
2026-09-15T04:16:38.332Z [1msix[0m==1.17.0
2026-09-15T04:16:38.332Z [1msmmap[0m==5.0.2
2026-09-15T04:16:38.332Z [1msniffio[0m==1.3.1
2026-09-15T04:16:38.332Z [1msnowballstemmer[0m==3.0.1
2026-09-15T04:16:38.332Z [1msoupsieve[0m @ file:///home/conda/feedstock_root/build_artifacts/soupsieve_1756330469801/work
2026-09-15T04:16:38.332Z [1msphinx[0m==7.4.7
2026-09-15T04:16:38.332Z [1msphinx-autobuild[0m==2025.8.25
2026-09-15T04:16:38.332Z [1msphinx-autodoc-typehints[0m==1.23.3
2026-09-15T04:16:38.332Z [1msphinx-basic-ng[0m==1.0.0b2
2026-09-15T04:16:38.332Z [1msphinx-copybutton[0m==0.5.2
2026-09-15T04:16:38.332Z [1msphinx-inline-tabs[0m==2023.4.21
2026-09-15T04:16:38.332Z [1msphinxcontrib-applehelp[0m==2.0.0
2026-09-15T04:16:38.332Z [1msphinxcontrib-devhelp[0m==2.0.0
2026-09-15T04:16:38.332Z [1msphinxcontrib-htmlhelp[0m==2.1.0
2026-09-15T04:16:38.332Z [1msphinxcontrib-jsmath[0m==1.0.1
2026-09-15T04:16:38.332Z [1msphinxcontrib-qthelp[0m==2.0.0
2026-09-15T04:16:38.332Z [1msphinxcontrib-serializinghtml[0m==2.0.0
2026-09-15T04:16:38.332Z [1mstack-data[0m @ file:///home/conda/feedstock_root/build_artifacts/stack_data_1733569443808/work
2026-09-15T04:16:38.332Z [1mstarlette[0m==0.50.0
2026-09-15T04:16:38.332Z [1msympy[0m==1.14.0
2026-09-15T04:16:38.332Z [1mtextual[0m==6.2.1
2026-09-15T04:16:38.332Z [1mtokenizers[0m==0.22.1
2026-09-15T04:16:38.332Z [1mtomli[0m==2.4.1
2026-09-15T04:16:38.332Z [1mtorch[0m==2.9.1+cu128
2026-09-15T04:16:38.332Z [1mtorch-c-dlpack-ext[0m==0.1.5
2026-09-15T04:16:38.332Z [1mtorchao[0m==0.15.0
2026-09-15T04:16:38.332Z [1mtorchaudio[0m==2.9.1+cu128
2026-09-15T04:16:38.332Z [1mtorchmetrics[0m==1.8.2
2026-09-15T04:16:38.332Z [1mtorchvision[0m==0.24.1+cu128
2026-09-15T04:16:38.332Z [1mtqdm[0m @ file:///home/conda/feedstock_root/build_artifacts/tqdm_1735661334605/work
2026-09-15T04:16:38.332Z [1mtraitlets[0m @ file:///home/conda/feedstock_root/build_artifacts/traitlets_1733367359838/work
2026-09-15T04:16:38.332Z [1mtransformer-engine[0m==2.9.0
2026-09-15T04:16:38.332Z [1mtransformer-engine-cu12[0m==2.9.0
2026-09-15T04:16:38.332Z [1mtransformer-engine-torch[0m==2.9.0
2026-09-15T04:16:38.332Z [1mtransformers[0m==4.57.3
2026-09-15T04:16:38.332Z [1mtriton[0m==3.5.1
2026-09-15T04:16:38.332Z [1mtruststore[0m @ file:///home/conda/feedstock_root/build_artifacts/bld/rattler-build_truststore_1753886790/work
2026-09-15T04:16:38.332Z [1mtwine[0m==6.2.0
2026-09-15T04:16:38.332Z [1mtyping-extensions[0m @ file:///home/conda/feedstock_root/build_artifacts/bld/rattler-build_typing_extensions_1756220668/work
2026-09-15T04:16:38.332Z [1mtyping-inspection[0m==0.4.2
2026-09-15T04:16:38.332Z [1mtzdata[0m==2025.2
2026-09-15T04:16:38.332Z [1muc-micro-py[0m==1.0.3
2026-09-15T04:16:38.332Z [1murllib3[0m @ file:///home/conda/feedstock_root/build_artifacts/urllib3_1750271362675/work
2026-09-15T04:16:38.332Z [1muvicorn[0m==0.38.0
2026-09-15T04:16:38.332Z [1mwandb[0m==0.23.0
2026-09-15T04:16:38.332Z [1mwatchfiles[0m==1.1.1
2026-09-15T04:16:38.332Z [1mwcwidth[0m @ file:///home/conda/feedstock_root/build_artifacts/wcwidth_1758622279606/work
2026-09-15T04:16:38.332Z [1mwebsockets[0m==15.0.1
2026-09-15T04:16:38.332Z [1mwheel[0m==0.45.1
2026-09-15T04:16:38.332Z [1mwrapt[0m==2.0.1
2026-09-15T04:16:38.332Z [1mwurlitzer[0m==3.1.1
2026-09-15T04:16:38.332Z [1mxxhash[0m==3.6.0
2026-09-15T04:16:38.332Z [1myarl[0m==1.22.0
2026-09-15T04:16:38.332Z [1mzipp[0m==3.23.0
2026-09-15T04:16:38.332Z [1mzstandard[0m==0.25.0
2026-09-15T04:16:38.332Z [36m[1m
2026-09-15T04:16:38.332Z #####################################
2026-09-15T04:16:38.332Z ### [GANTRY] NVIDIA system status ###  
2026-09-15T04:16:38.332Z #####################################
2026-09-15T04:16:38.332Z [0m
2026-09-15T04:16:38.394Z Tue Sep 15 04:16:38 2026       
2026-09-15T04:16:38.394Z +-----------------------------------------------------------------------------------------+
2026-09-15T04:16:38.394Z | NVIDIA-SMI 570.124.06             Driver Version: 570.124.06     CUDA Version: 12.8     |
2026-09-15T04:16:38.394Z |-----------------------------------------+------------------------+----------------------+
2026-09-15T04:16:38.394Z | GPU  Name                 Persistence-M | Bus-Id          Disp.A | Volatile Uncorr. ECC |
2026-09-15T04:16:38.394Z | Fan  Temp   Perf          Pwr:Usage/Cap |           Memory-Usage | GPU-Util  Compute M. |
2026-09-15T04:16:38.394Z |                                         |                        |               MIG M. |
2026-09-15T04:16:38.394Z |=========================================+========================+======================|
2026-09-15T04:16:38.436Z |   0  NVIDIA A100-SXM4-80GB          On  |   00000000:13:00.0 Off |                    0 |
2026-09-15T04:16:38.436Z | N/A   29C    P0             65W /  400W |       1MiB /  81920MiB |      0%      Default |
2026-09-15T04:16:38.436Z |                                         |                        |             Disabled |
2026-09-15T04:16:38.436Z +-----------------------------------------+------------------------+----------------------+
2026-09-15T04:16:38.445Z |   1  NVIDIA A100-SXM4-80GB          On  |   00000000:4F:00.0 Off |                    0 |
2026-09-15T04:16:38.445Z | N/A   32C    P0             65W /  400W |       1MiB /  81920MiB |      0%      Default |
2026-09-15T04:16:38.445Z |                                         |                        |             Disabled |
2026-09-15T04:16:38.445Z +-----------------------------------------+------------------------+----------------------+
2026-09-15T04:16:38.445Z                                                                                          
2026-09-15T04:16:38.445Z +-----------------------------------------------------------------------------------------+
2026-09-15T04:16:38.445Z | Processes:                                                                              |
2026-09-15T04:16:38.445Z |  GPU   GI   CI              PID   Type   Process name                        GPU Memory |
2026-09-15T04:16:38.445Z |        ID   ID                                                               Usage      |
2026-09-15T04:16:38.445Z |=========================================================================================|
2026-09-15T04:16:38.446Z |  No running processes found                                                             |
2026-09-15T04:16:38.446Z +-----------------------------------------------------------------------------------------+
2026-09-15T04:16:39.275Z [36m[1m
2026-09-15T04:16:39.275Z ###############################
2026-09-15T04:16:39.275Z ### [GANTRY] Setup complete ###  (finished in 16 seconds)
2026-09-15T04:16:39.275Z ###############################
2026-09-15T04:16:39.275Z [0m
2026-09-15T04:16:49.128Z /opt/conda/lib/python3.12/site-packages/torchao/quantization/quant_api.py:2525: SyntaxWarning: invalid escape sequence '\.'
2026-09-15T04:16:49.128Z   * regex for parameter names, must start with `re:`, e.g. `re:language\.layers\..+\.q_proj.weight`.
2026-09-15T04:16:49.128Z /opt/conda/lib/python3.12/site-packages/torchao/quantization/quant_api.py:2525: SyntaxWarning: invalid escape sequence '\.'
2026-09-15T04:16:49.128Z   * regex for parameter names, must start with `re:`, e.g. `re:language\.layers\..+\.q_proj.weight`.
2026-09-15T04:16:49.586Z Supported flash-attn versions are >= 2.1.1, <= 2.8.1. Found flash-attn 2.8.2.
2026-09-15T04:16:49.586Z Supported flash-attn versions are >= 2.1.1, <= 2.8.1. Found flash-attn 2.8.2.
2026-09-15T04:16:49.589Z Supported flash-attn versions are >= 2.1.1, <= 2.8.1. Found flash-attn 2.8.2.
2026-09-15T04:16:49.589Z Supported flash-attn versions are >= 2.1.1, <= 2.8.1. Found flash-attn 2.8.2.
2026-09-15T04:16:50.958Z Setting env var 'TORCH_NCCL_AVOID_RECORD_STREAMS' to '1'
2026-09-15T04:16:50.958Z Setting env var 'TORCH_DIST_INIT_BARRIER' to '1'
2026-09-15T04:16:50.958Z Running in beaker on node 'saturn-cs-aus-236.reviz.ai2.in'
2026-09-15T04:16:50.961Z Setting env var 'TORCH_NCCL_AVOID_RECORD_STREAMS' to '1'
2026-09-15T04:16:50.961Z Setting env var 'TORCH_DIST_INIT_BARRIER' to '1'
2026-09-15T04:16:50.961Z Running in beaker on node 'saturn-cs-aus-236.reviz.ai2.in'
2026-09-15T04:16:51.313Z Initializing process group with timeout=datetime.timedelta(seconds=900)...
2026-09-15T04:16:51.319Z Initializing process group with timeout=datetime.timedelta(seconds=900)...
2026-09-15T04:16:51.387Z [Gloo] Rank [Gloo] Rank 01 is connected to  is connected to 1 peer ranks. 1Expected number of connected peer ranks is :  peer ranks. 1Expected number of connected peer ranks is : 
2026-09-15T04:16:51.387Z 1
2026-09-15T04:16:51.388Z [W915 04:16:51.002078736 ProcessGroupNCCL.cpp:924] Warning: TORCH_NCCL_AVOID_RECORD_STREAMS is the default now, this environment variable is thus deprecated. (function operator())
2026-09-15T04:16:51.388Z [W915 04:16:51.002488311 ProcessGroupNCCL.cpp:924] Warning: TORCH_NCCL_AVOID_RECORD_STREAMS is the default now, this environment variable is thus deprecated. (function operator())
2026-09-15T04:16:51.389Z Global rank 0 = local rank 0 = file system local rank 0
2026-09-15T04:16:51.389Z Global rank 1 = local rank 1 = file system local rank 1
2026-09-15T04:16:51.391Z [2;36m[2026-09-15 04:16:51][0m [34mINFO    [0m [2m[olmo_core.utils:237, 0f8858c49d67, rank=0][0m Env var 'OMP_NUM_THREADS' already set to '8'
2026-09-15T04:16:51.391Z [2;36m[2026-09-15 04:16:51][0m [34mINFO    [0m [2m[olmo_core.utils:237, 0f8858c49d67, rank=0][0m Setting env var 'TOKENIZERS_PARALLELISM' to 'false'
2026-09-15T04:16:51.391Z [2;36m[2026-09-15 04:16:51][0m [34mINFO    [0m [2m[olmo_core.train:148, 0f8858c49d67, rank=0][0m Using distributed backend cpu:gloo,cuda:nccl
2026-09-15T04:16:51.393Z [ctc-suite] task=outlier variant=softtoken scale=4b n_examples=1953 epochs=1 seq_len=4096 global_batch=32 world_size=2 curriculum=None
2026-09-15T04:16:51.393Z [ctc-suite] wandb group: https://wandb.ai/prasanns-allen-institute-for-ai/memory-networks/groups/f2k-q35-4b
2026-09-15T04:16:51.394Z [ctc-suite] task=outlier variant=softtoken scale=4b n_examples=1953 epochs=1 seq_len=4096 global_batch=32 world_size=2 curriculum=None
2026-09-15T04:16:51.394Z [ctc-suite] wandb group: https://wandb.ai/prasanns-allen-institute-for-ai/memory-networks/groups/f2k-q35-4b
2026-09-15T04:16:51.402Z [2;36m[2026-09-15 04:16:51][0m [34mINFO    [0m [2m[olmo_core.nn.transformer.config:373, 0f8858c49d67, rank=0][0m Building transformer with 4,841,450,496 total params, 4,205,751,296 non-embedding params
2026-09-15T04:16:52.251Z [2;36m[2026-09-15 04:16:52][0m [34mINFO    [0m [2m[olmo_core.nn.attention:1150, 0f8858c49d67, rank=0][0m Using attention backend 'flash_2'
2026-09-15T04:16:52.257Z [2;36m[2026-09-15 04:16:52][0m [34mINFO    [0m [2m[olmo_core.nn.attention:1150, 0f8858c49d67, rank=0][0m Using attention backend 'flash_2'
2026-09-15T04:16:52.264Z [2;36m[2026-09-15 04:16:52][0m [34mINFO    [0m [2m[olmo_core.nn.attention:1150, 0f8858c49d67, rank=0][0m Using attention backend 'flash_2'
2026-09-15T04:16:52.271Z [2;36m[2026-09-15 04:16:52][0m [34mINFO    [0m [2m[olmo_core.nn.attention:1150, 0f8858c49d67, rank=0][0m Using attention backend 'flash_2'
2026-09-15T04:16:52.277Z [2;36m[2026-09-15 04:16:52][0m [34mINFO    [0m [2m[olmo_core.nn.attention:1150, 0f8858c49d67, rank=0][0m Using attention backend 'flash_2'
2026-09-15T04:16:52.284Z [2;36m[2026-09-15 04:16:52][0m [34mINFO    [0m [2m[olmo_core.nn.attention:1150, 0f8858c49d67, rank=0][0m Using attention backend 'flash_2'
2026-09-15T04:16:52.291Z [2;36m[2026-09-15 04:16:52][0m [34mINFO    [0m [2m[olmo_core.nn.attention:1150, 0f8858c49d67, rank=0][0m Using attention backend 'flash_2'
2026-09-15T04:16:52.297Z [2;36m[2026-09-15 04:16:52][0m [34mINFO    [0m [2m[olmo_core.nn.attention:1150, 0f8858c49d67, rank=0][0m Using attention backend 'flash_2'
2026-09-15T04:16:52.307Z [ctc-suite] softtoken: header_stop_id=5491 (count 1) detach_gdn=True detach=True len_bias=False distill_prob=0.0 keep_mode=gold_plus_random n_random=128 keep_frac=None gold_blind=True keep_prob=0.5 mix=(0.0->0.0 over 496/496 calls)
2026-09-15T04:16:52.310Z [2;36m[2026-09-15 04:16:52][0m [34mINFO    [0m [2m[olmo_core.nn.transformer.config:446, 0f8858c49d67, rank=0][0m Transformer(
2026-09-15T04:16:52.310Z   (embeddings): Embedding(248320, 2560)
2026-09-15T04:16:52.310Z   (blocks): ModuleDict(
2026-09-15T04:16:52.310Z     (0): TransformerBlock(
2026-09-15T04:16:52.310Z       (attention): GatedDeltaNet(
2026-09-15T04:16:52.310Z         (w_q): Linear(in_features=2560, out_features=2048, bias=False)
2026-09-15T04:16:52.310Z         (w_k): Linear(in_features=2560, out_features=2048, bias=False)
2026-09-15T04:16:52.310Z         (w_v): Linear(in_features=2560, out_features=4096, bias=False)
2026-09-15T04:16:52.310Z         (w_a): Linear(in_features=2560, out_features=32, bias=False)
2026-09-15T04:16:52.310Z         (w_b): Linear(in_features=2560, out_features=32, bias=False)
2026-09-15T04:16:52.310Z         (q_conv1d): CausalConv1d(2048, 2048, kernel_size=(4,), stride=(1,), padding=(3,), groups=2048, bias=False)
2026-09-15T04:16:52.310Z         (k_conv1d): CausalConv1d(2048, 2048, kernel_size=(4,), stride=(1,), padding=(3,), groups=2048, bias=False)
2026-09-15T04:16:52.310Z         (v_conv1d): CausalConv1d(4096, 4096, kernel_size=(4,), stride=(1,), padding=(3,), groups=4096, bias=False)
2026-09-15T04:16:52.310Z         (w_g): Linear(in_features=2560, out_features=4096, bias=False)
2026-09-15T04:16:52.310Z         (o_norm): FusedRMSNormGated(128, eps=1e-06, activation=swish)
2026-09-15T04:16:52.310Z         (w_out): Linear(in_features=4096, out_features=2560, bias=False)
2026-09-15T04:16:52.310Z       )
2026-09-15T04:16:52.310Z       (attention_norm): QwenRMSNorm((2560,), eps=1e-06)
2026-09-15T04:16:52.310Z       (attention_residual_stream): ResidualStream(
2026-09-15T04:16:52.310Z         (dropout): Identity()
2026-09-15T04:16:52.310Z       )
2026-09-15T04:16:52.310Z       (feed_forward): FeedForward(
2026-09-15T04:16:52.310Z         (w1): Linear(in_features=2560, out_features=9216, bias=False)
2026-09-15T04:16:52.310Z         (w2): Linear(in_features=9216, out_features=2560, bias=False)
2026-09-15T04:16:52.310Z         (w3): Linear(in_features=2560, out_features=9216, bias=False)
2026-09-15T04:16:52.310Z       )
2026-09-15T04:16:52.310Z       (feed_forward_norm): QwenRMSNorm((2560,), eps=1e-06)
2026-09-15T04:16:52.310Z       (feed_forward_residual_stream): ResidualStream(
2026-09-15T04:16:52.310Z         (dropout): Identity()
2026-09-15T04:16:52.310Z       )
2026-09-15T04:16:52.310Z     )
2026-09-15T04:16:52.310Z     (1): TransformerBlock(
2026-09-15T04:16:52.310Z       (attention): GatedDeltaNet(
2026-09-15T04:16:52.310Z         (w_q): Linear(in_features=2560, out_features=2048, bias=False)
2026-09-15T04:16:52.310Z         (w_k): Linear(in_features=2560, out_features=2048, bias=False)
2026-09-15T04:16:52.310Z         (w_v): Linear(in_features=2560, out_features=4096, bias=False)
2026-09-15T04:16:52.310Z         (w_a): Linear(in_features=2560, out_features=32, bias=False)
2026-09-15T04:16:52.310Z         (w_b): Linear(in_features=2560, out_features=32, bias=False)
2026-09-15T04:16:52.310Z         (q_conv1d): CausalConv1d(2048, 2048, kernel_size=(4,), stride=(1,), padding=(3,), groups=2048, bias=False)
2026-09-15T04:16:52.310Z         (k_conv1d): CausalConv1d(2048, 2048, kernel_size=(4,), stride=(1,), padding=(3,), groups=2048, bias=False)
2026-09-15T04:16:52.310Z         (v_conv1d): CausalConv1d(4096, 4096, kernel_size=(4,), stride=(1,), padding=(3,), groups=4096, bias=False)
2026-09-15T04:16:52.310Z         (w_g): Linear(in_features=2560, out_features=4096, bias=False)
2026-09-15T04:16:52.310Z         (o_norm): FusedRMSNormGated(128, eps=1e-06, activation=swish)
2026-09-15T04:16:52.310Z         (w_out): Linear(in_features=4096, out_features=2560, bias=False)
2026-09-15T04:16:52.310Z       )
2026-09-15T04:16:52.310Z       (attention_norm): QwenRMSNorm((2560,), eps=1e-06)
2026-09-15T04:16:52.310Z       (attention_residual_stream): ResidualStream(
2026-09-15T04:16:52.310Z         (dropout): Identity()
2026-09-15T04:16:52.310Z       )
2026-09-15T04:16:52.310Z       (feed_forward): FeedForward(
2026-09-15T04:16:52.310Z         (w1): Linear(in_features=2560, out_features=9216, bias=False)
2026-09-15T04:16:52.310Z         (w2): Linear(in_features=9216, out_features=2560, bias=False)
2026-09-15T04:16:52.310Z         (w3): Linear(in_features=2560, out_features=9216, bias=False)
2026-09-15T04:16:52.310Z       )
2026-09-15T04:16:52.310Z       (feed_forward_norm): QwenRMSNorm((2560,), eps=1e-06)
2026-09-15T04:16:52.310Z       (feed_forward_residual_stream): ResidualStream(
2026-09-15T04:16:52.310Z         (dropout): Identity()
2026-09-15T04:16:52.310Z       )
2026-09-15T04:16:52.310Z     )
2026-09-15T04:16:52.310Z     (2): TransformerBlock(
2026-09-15T04:16:52.310Z       (attention): GatedDeltaNet(
2026-09-15T04:16:52.310Z         (w_q): Linear(in_features=2560, out_features=2048, bias=False)
2026-09-15T04:16:52.310Z         (w_k): Linear(in_features=2560, out_features=2048, bias=False)
2026-09-15T04:16:52.310Z         (w_v): Linear(in_features=2560, out_features=4096, bias=False)
2026-09-15T04:16:52.310Z         (w_a): Linear(in_features=2560, out_features=32, bias=False)
2026-09-15T04:16:52.310Z         (w_b): Linear(in_features=2560, out_features=32, bias=False)
2026-09-15T04:16:52.310Z         (q_conv1d): CausalConv1d(2048, 2048, kernel_size=(4,), stride=(1,), padding=(3,), groups=2048, bias=False)
2026-09-15T04:16:52.310Z         (k_conv1d): CausalConv1d(2048, 2048, kernel_size=(4,), stride=(1,), padding=(3,), groups=2048, bias=False)
2026-09-15T04:16:52.310Z         (v_conv1d): CausalConv1d(4096, 4096, kernel_size=(4,), stride=(1,), padding=(3,), groups=4096, bias=False)
2026-09-15T04:16:52.310Z         (w_g): Linear(in_features=2560, out_features=4096, bias=False)
2026-09-15T04:16:52.310Z         (o_norm): FusedRMSNormGated(128, eps=1e-06, activation=swish)
2026-09-15T04:16:52.310Z         (w_out): Linear(in_features=4096, out_features=2560, bias=False)
2026-09-15T04:16:52.310Z       )
2026-09-15T04:16:52.310Z       (attention_norm): QwenRMSNorm((2560,), eps=1e-06)
2026-09-15T04:16:52.310Z       (attention_residual_stream): ResidualStream(
2026-09-15T04:16:52.310Z         (dropout): Identity()
2026-09-15T04:16:52.310Z       )
2026-09-15T04:16:52.310Z       (feed_forward): FeedForward(
2026-09-15T04:16:52.310Z         (w1): Linear(in_features=2560, out_features=9216, bias=False)
2026-09-15T04:16:52.310Z         (w2): Linear(in_features=9216, out_features=2560, bias=False)
2026-09-15T04:16:52.310Z         (w3): Linear(in_features=2560, out_features=9216, bias=False)
2026-09-15T04:16:52.310Z       )
2026-09-15T04:16:52.310Z       (feed_forward_norm): QwenRMSNorm((2560,), eps=1e-06)
2026-09-15T04:16:52.310Z       (feed_forward_residual_stream): ResidualStream(
2026-09-15T04:16:52.310Z         (dropout): Identity()
2026-09-15T04:16:52.310Z       )
2026-09-15T04:16:52.310Z     )
2026-09-15T04:16:52.310Z     (3): TransformerBlock(
2026-09-15T04:16:52.310Z       (attention): Attention(
2026-09-15T04:16:52.310Z         (w_q): Linear(in_features=2560, out_features=4096, bias=False)
2026-09-15T04:16:52.310Z         (w_k): Linear(in_features=2560, out_features=1024, bias=False)
2026-09-15T04:16:52.310Z         (w_v): Linear(in_features=2560, out_features=1024, bias=False)
2026-09-15T04:16:52.310Z         (w_out): Linear(in_features=4096, out_features=2560, bias=False)
2026-09-15T04:16:52.310Z         (w_g): Linear(in_features=2560, out_features=4096, bias=False)
2026-09-15T04:16:52.310Z         (q_norm): QwenRMSNorm((256,), eps=1e-06)
2026-09-15T04:16:52.310Z         (k_norm): QwenRMSNorm((256,), eps=1e-06)
2026-09-15T04:16:52.310Z         (rope): RotaryEmbedding()
2026-09-15T04:16:52.310Z         (backend): FlashAttention2Backend()
2026-09-15T04:16:52.310Z       )
2026-09-15T04:16:52.310Z       (attention_norm): QwenRMSNorm((2560,), eps=1e-06)
2026-09-15T04:16:52.310Z       (attention_residual_stream): ResidualStream(
2026-09-15T04:16:52.310Z         (dropout): Identity()
2026-09-15T04:16:52.310Z       )
2026-09-15T04:16:52.310Z       (feed_forward): FeedForward(
2026-09-15T04:16:52.310Z         (w1): Linear(in_features=2560, out_features=9216, bias=False)
2026-09-15T04:16:52.310Z         (w2): Linear(in_features=9216, out_features=2560, bias=False)
2026-09-15T04:16:52.310Z         (w3): Linear(in_features=2560, out_features=9216, bias=False)
2026-09-15T04:16:52.310Z       )
2026-09-15T04:16:52.310Z       (feed_forward_norm): QwenRMSNorm((2560,), eps=1e-06)
2026-09-15T04:16:52.310Z       (feed_forward_residual_stream): ResidualStream(
2026-09-15T04:16:52.310Z         (dropout): Identity()
2026-09-15T04:16:52.310Z       )
2026-09-15T04:16:52.310Z     )
2026-09-15T04:16:52.310Z     (4): TransformerBlock(
2026-09-15T04:16:52.310Z       (attention): GatedDeltaNet(
2026-09-15T04:16:52.310Z         (w_q): Linear(in_features=2560, out_features=2048, bias=False)
2026-09-15T04:16:52.310Z         (w_k): Linear(in_features=2560, out_features=2048, bias=False)
2026-09-15T04:16:52.310Z         (w_v): Linear(in_features=2560, out_features=4096, bias=False)
2026-09-15T04:16:52.310Z         (w_a): Linear(in_features=2560, out_features=32, bias=False)
2026-09-15T04:16:52.310Z         (w_b): Linear(in_features=2560, out_features=32, bias=False)
2026-09-15T04:16:52.310Z         (q_conv1d): CausalConv1d(2048, 2048, kernel_size=(4,), stride=(1,), padding=(3,), groups=2048, bias=False)
2026-09-15T04:16:52.310Z         (k_conv1d): CausalConv1d(2048, 2048, kernel_size=(4,), stride=(1,), padding=(3,), groups=2048, bias=False)
2026-09-15T04:16:52.310Z         (v_conv1d): CausalConv1d(4096, 4096, kernel_size=(4,), stride=(1,), padding=(3,), groups=4096, bias=False)
2026-09-15T04:16:52.310Z         (w_g): Linear(in_features=2560, out_features=4096, bias=False)
2026-09-15T04:16:52.310Z         (o_norm): FusedRMSNormGated(128, eps=1e-06, activation=swish)
2026-09-15T04:16:52.310Z         (w_out): Linear(in_features=4096, out_features=2560, bias=False)
2026-09-15T04:16:52.310Z       )
2026-09-15T04:16:52.310Z       (attention_norm): QwenRMSNorm((2560,), eps=1e-06)
2026-09-15T04:16:52.310Z       (attention_residual_stream): ResidualStream(
2026-09-15T04:16:52.310Z         (dropout): Identity()
2026-09-15T04:16:52.310Z       )
2026-09-15T04:16:52.310Z       (feed_forward): FeedForward(
2026-09-15T04:16:52.310Z         (w1): Linear(in_features=2560, out_features=9216, bias=False)
2026-09-15T04:16:52.310Z         (w2): Linear(in_features=9216, out_features=2560, bias=False)
2026-09-15T04:16:52.310Z         (w3): Linear(in_features=2560, out_features=9216, bias=False)
2026-09-15T04:16:52.310Z       )
2026-09-15T04:16:52.310Z       (feed_forward_norm): QwenRMSNorm((2560,), eps=1e-06)
2026-09-15T04:16:52.310Z       (feed_forward_residual_stream): ResidualStream(
2026-09-15T04:16:52.310Z         (dropout): Identity()
2026-09-15T04:16:52.310Z       )
2026-09-15T04:16:52.310Z     )
2026-09-15T04:16:52.310Z     (5): TransformerBlock(
2026-09-15T04:16:52.310Z       (attention): GatedDeltaNet(
2026-09-15T04:16:52.310Z         (w_q): Linear(in_features=2560, out_features=2048, bias=False)
2026-09-15T04:16:52.310Z         (w_k): Linear(in_features=2560, out_features=2048, bias=False)
2026-09-15T04:16:52.310Z         (w_v): Linear(in_features=2560, out_features=4096, bias=False)
2026-09-15T04:16:52.310Z         (w_a): Linear(in_features=2560, out_features=32, bias=False)
2026-09-15T04:16:52.310Z         (w_b): Linear(in_features=2560, out_features=32, bias=False)
2026-09-15T04:16:52.310Z         (q_conv1d): CausalConv1d(2048, 2048, kernel_size=(4,), stride=(1,), padding=(3,), groups=2048, bias=False)
2026-09-15T04:16:52.310Z         (k_conv1d): CausalConv1d(2048, 2048, kernel_size=(4,), stride=(1,), padding=(3,), groups=2048, bias=False)
2026-09-15T04:16:52.310Z         (v_conv1d): CausalConv1d(4096, 4096, kernel_size=(4,), stride=(1,), padding=(3,), groups=4096, bias=False)
2026-09-15T04:16:52.310Z         (w_g): Linear(in_features=2560, out_features=4096, bias=False)
2026-09-15T04:16:52.310Z         (o_norm): FusedRMSNormGated(128, eps=1e-06, activation=swish)
2026-09-15T04:16:52.311Z         (w_out): Linear(in_features=4096, out_features=2560, bias=False)
2026-09-15T04:16:52.311Z       )
2026-09-15T04:16:52.311Z       (attention_norm): QwenRMSNorm((2560,), eps=1e-06)
2026-09-15T04:16:52.311Z       (attention_residual_stream): ResidualStream(
2026-09-15T04:16:52.311Z         (dropout): Identity()
2026-09-15T04:16:52.311Z       )
2026-09-15T04:16:52.311Z       (feed_forward): FeedForward(
2026-09-15T04:16:52.311Z         (w1): Linear(in_features=2560, out_features=9216, bias=False)
2026-09-15T04:16:52.311Z         (w2): Linear(in_features=9216, out_features=2560, bias=False)
2026-09-15T04:16:52.311Z         (w3): Linear(in_features=2560, out_features=9216, bias=False)
2026-09-15T04:16:52.311Z       )
2026-09-15T04:16:52.311Z       (feed_forward_norm): QwenRMSNorm((2560,), eps=1e-06)
2026-09-15T04:16:52.311Z       (feed_forward_residual_stream): ResidualStream(
2026-09-15T04:16:52.311Z         (dropout): Identity()
2026-09-15T04:16:52.311Z       )
2026-09-15T04:16:52.311Z     )
2026-09-15T04:16:52.311Z     (6): TransformerBlock(
2026-09-15T04:16:52.311Z       (attention): GatedDeltaNet(
2026-09-15T04:16:52.311Z         (w_q): Linear(in_features=2560, out_features=2048, bias=False)
2026-09-15T04:16:52.311Z         (w_k): Linear(in_features=2560, out_features=2048, bias=False)
2026-09-15T04:16:52.311Z         (w_v): Linear(in_features=2560, out_features=4096, bias=False)
2026-09-15T04:16:52.311Z         (w_a): Linear(in_features=2560, out_features=32, bias=False)
2026-09-15T04:16:52.311Z         (w_b): Linear(in_features=2560, out_features=32, bias=False)
2026-09-15T04:16:52.311Z         (q_conv1d): CausalConv1d(2048, 2048, kernel_size=(4,), stride=(1,), padding=(3,), groups=2048, bias=False)
2026-09-15T04:16:52.311Z         (k_conv1d): CausalConv1d(2048, 2048, kernel_size=(4,), stride=(1,), padding=(3,), groups=2048, bias=False)
2026-09-15T04:16:52.311Z         (v_conv1d): CausalConv1d(4096, 4096, kernel_size=(4,), stride=(1,), padding=(3,), groups=4096, bias=False)
2026-09-15T04:16:52.311Z         (w_g): Linear(in_features=2560, out_features=4096, bias=False)
2026-09-15T04:16:52.311Z         (o_norm): FusedRMSNormGated(128, eps=1e-06, activation=swish)
2026-09-15T04:16:52.311Z         (w_out): Linear(in_features=4096, out_features=2560, bias=False)
2026-09-15T04:16:52.311Z       )
2026-09-15T04:16:52.311Z       (attention_norm): QwenRMSNorm((2560,), eps=1e-06)
2026-09-15T04:16:52.311Z       (attention_residual_stream): ResidualStream(
2026-09-15T04:16:52.311Z         (dropout): Identity()
2026-09-15T04:16:52.311Z       )
2026-09-15T04:16:52.311Z       (feed_forward): FeedForward(
2026-09-15T04:16:52.311Z         (w1): Linear(in_features=2560, out_features=9216, bias=False)
2026-09-15T04:16:52.311Z         (w2): Linear(in_features=9216, out_features=2560, bias=False)
2026-09-15T04:16:52.311Z         (w3): Linear(in_features=2560, out_features=9216, bias=False)
2026-09-15T04:16:52.311Z       )
2026-09-15T04:16:52.311Z       (feed_forward_norm): QwenRMSNorm((2560,), eps=1e-06)
2026-09-15T04:16:52.311Z       (feed_forward_residual_stream): ResidualStream(
2026-09-15T04:16:52.311Z         (dropout): Identity()
2026-09-15T04:16:52.311Z       )
2026-09-15T04:16:52.311Z     )
2026-09-15T04:16:52.311Z     (7): TransformerBlock(
2026-09-15T04:16:52.311Z       (attention): Attention(
2026-09-15T04:16:52.311Z         (w_q): Linear(in_features=2560, out_features=4096, bias=False)
2026-09-15T04:16:52.311Z         (w_k): Linear(in_features=2560, out_features=1024, bias=False)
2026-09-15T04:16:52.311Z         (w_v): Linear(in_features=2560, out_features=1024, bias=False)
2026-09-15T04:16:52.311Z         (w_out): Linear(in_features=4096, out_features=2560, bias=False)
2026-09-15T04:16:52.311Z         (w_g): Linear(in_features=2560, out_features=4096, bias=False)
2026-09-15T04:16:52.311Z         (q_norm): QwenRMSNorm((256,), eps=1e-06)
2026-09-15T04:16:52.311Z         (k_norm): QwenRMSNorm((256,), eps=1e-06)
2026-09-15T04:16:52.311Z         (rope): RotaryEmbedding()
2026-09-15T04:16:52.311Z         (backend): FlashAttention2Backend()
2026-09-15T04:16:52.311Z       )
2026-09-15T04:16:52.311Z       (attention_norm): QwenRMSNorm((2560,), eps=1e-06)
2026-09-15T04:16:52.311Z       (attention_residual_stream): ResidualStream(
2026-09-15T04:16:52.311Z         (dropout): Identity()
2026-09-15T04:16:52.311Z       )
2026-09-15T04:16:52.311Z       (feed_forward): FeedForward(
2026-09-15T04:16:52.311Z         (w1): Linear(in_features=2560, out_features=9216, bias=False)
2026-09-15T04:16:52.311Z         (w2): Linear(in_features=9216, out_features=2560, bias=False)
2026-09-15T04:16:52.311Z         (w3): Linear(in_features=2560, out_features=9216, bias=False)
2026-09-15T04:16:52.311Z       )
2026-09-15T04:16:52.311Z       (feed_forward_norm): QwenRMSNorm((2560,), eps=1e-06)
2026-09-15T04:16:52.311Z       (feed_forward_residual_stream): ResidualStream(
2026-09-15T04:16:52.311Z         (dropout): Identity()
2026-09-15T04:16:52.311Z       )
2026-09-15T04:16:52.311Z     )
2026-09-15T04:16:52.311Z     (8): TransformerBlock(
2026-09-15T04:16:52.311Z       (attention): GatedDeltaNet(
2026-09-15T04:16:52.311Z         (w_q): Linear(in_features=2560, out_features=2048, bias=False)
2026-09-15T04:16:52.311Z         (w_k): Linear(in_features=2560, out_features=2048, bias=False)
2026-09-15T04:16:52.311Z         (w_v): Linear(in_features=2560, out_features=4096, bias=False)
2026-09-15T04:16:52.311Z         (w_a): Linear(in_features=2560, out_features=32, bias=False)
2026-09-15T04:16:52.311Z         (w_b): Linear(in_features=2560, out_features=32, bias=False)
2026-09-15T04:16:52.311Z         (q_conv1d): CausalConv1d(2048, 2048, kernel_size=(4,), stride=(1,), padding=(3,), groups=2048, bias=False)
2026-09-15T04:16:52.311Z         (k_conv1d): CausalConv1d(2048, 2048, kernel_size=(4,), stride=(1,), padding=(3,), groups=2048, bias=False)
2026-09-15T04:16:52.311Z         (v_conv1d): CausalConv1d(4096, 4096, kernel_size=(4,), stride=(1,), padding=(3,), groups=4096, bias=False)
2026-09-15T04:16:52.311Z         (w_g): Linear(in_features=2560, out_features=4096, bias=False)
2026-09-15T04:16:52.311Z         (o_norm): FusedRMSNormGated(128, eps=1e-06, activation=swish)
2026-09-15T04:16:52.311Z         (w_out): Linear(in_features=4096, out_features=2560, bias=False)
2026-09-15T04:16:52.311Z       )
2026-09-15T04:16:52.311Z       (attention_norm): QwenRMSNorm((2560,), eps=1e-06)
2026-09-15T04:16:52.311Z       (attention_residual_stream): ResidualStream(
2026-09-15T04:16:52.311Z         (dropout): Identity()
2026-09-15T04:16:52.311Z       )
2026-09-15T04:16:52.311Z       (feed_forward): FeedForward(
2026-09-15T04:16:52.311Z         (w1): Linear(in_features=2560, out_features=9216, bias=False)
2026-09-15T04:16:52.311Z         (w2): Linear(in_features=9216, out_features=2560, bias=False)
2026-09-15T04:16:52.311Z         (w3): Linear(in_features=2560, out_features=9216, bias=False)
2026-09-15T04:16:52.311Z       )
2026-09-15T04:16:52.311Z       (feed_forward_norm): QwenRMSNorm((2560,), eps=1e-06)
2026-09-15T04:16:52.311Z       (feed_forward_residual_stream): ResidualStream(
2026-09-15T04:16:52.311Z         (dropout): Identity()
2026-09-15T04:16:52.311Z       )
2026-09-15T04:16:52.311Z     )
2026-09-15T04:16:52.311Z     (9): TransformerBlock(
2026-09-15T04:16:52.311Z       (attention): GatedDeltaNet(
2026-09-15T04:16:52.311Z         (w_q): Linear(in_features=2560, out_features=2048, bias=False)
2026-09-15T04:16:52.311Z         (w_k): Linear(in_features=2560, out_features=2048, bias=False)
2026-09-15T04:16:52.311Z         (w_v): Linear(in_features=2560, out_features=4096, bias=False)
2026-09-15T04:16:52.311Z         (w_a): Linear(in_features=2560, out_features=32, bias=False)
2026-09-15T04:16:52.311Z         (w_b): Linear(in_features=2560, out_features=32, bias=False)
2026-09-15T04:16:52.311Z         (q_conv1d): CausalConv1d(2048, 2048, kernel_size=(4,), stride=(1,), padding=(3,), groups=2048, bias=False)
2026-09-15T04:16:52.311Z         (k_conv1d): CausalConv1d(2048, 2048, kernel_size=(4,), stride=(1,), padding=(3,), groups=2048, bias=False)
2026-09-15T04:16:52.311Z         (v_conv1d): CausalConv1d(4096, 4096, kernel_size=(4,), stride=(1,), padding=(3,), groups=4096, bias=False)
2026-09-15T04:16:52.311Z         (w_g): Linear(in_features=2560, out_features=4096, bias=False)
2026-09-15T04:16:52.311Z         (o_norm): FusedRMSNormGated(128, eps=1e-06, activation=swish)
2026-09-15T04:16:52.311Z         (w_out): Linear(in_features=4096, out_features=2560, bias=False)
2026-09-15T04:16:52.311Z       )
2026-09-15T04:16:52.311Z       (attention_norm): QwenRMSNorm((2560,), eps=1e-06)
2026-09-15T04:16:52.311Z       (attention_residual_stream): ResidualStream(
2026-09-15T04:16:52.311Z         (dropout): Identity()
2026-09-15T04:16:52.311Z       )
2026-09-15T04:16:52.311Z       (feed_forward): FeedForward(
2026-09-15T04:16:52.311Z         (w1): Linear(in_features=2560, out_features=9216, bias=False)
2026-09-15T04:16:52.311Z         (w2): Linear(in_features=9216, out_features=2560, bias=False)
2026-09-15T04:16:52.311Z         (w3): Linear(in_features=2560, out_features=9216, bias=False)
2026-09-15T04:16:52.311Z       )
2026-09-15T04:16:52.311Z       (feed_forward_norm): QwenRMSNorm((2560,), eps=1e-06)
2026-09-15T04:16:52.311Z       (feed_forward_residual_stream): ResidualStream(
2026-09-15T04:16:52.311Z         (dropout): Identity()
2026-09-15T04:16:52.311Z       )
2026-09-15T04:16:52.311Z     )
2026-09-15T04:16:52.311Z     (10): TransformerBlock(
2026-09-15T04:16:52.311Z       (attention): GatedDeltaNet(
2026-09-15T04:16:52.311Z         (w_q): Linear(in_features=2560, out_features=2048, bias=False)
2026-09-15T04:16:52.311Z         (w_k): Linear(in_features=2560, out_features=2048, bias=False)
2026-09-15T04:16:52.311Z         (w_v): Linear(in_features=2560, out_features=4096, bias=False)
2026-09-15T04:16:52.311Z         (w_a): Linear(in_features=2560, out_features=32, bias=False)
2026-09-15T04:16:52.311Z         (w_b): Linear(in_features=2560, out_features=32, bias=False)
2026-09-15T04:16:52.311Z         (q_conv1d): CausalConv1d(2048, 2048, kernel_size=(4,), stride=(1,), padding=(3,), groups=2048, bias=False)
2026-09-15T04:16:52.311Z         (k_conv1d): CausalConv1d(2048, 2048, kernel_size=(4,), stride=(1,), padding=(3,), groups=2048, bias=False)
2026-09-15T04:16:52.311Z         (v_conv1d): CausalConv1d(4096, 4096, kernel_size=(4,), stride=(1,), padding=(3,), groups=4096, bias=False)
2026-09-15T04:16:52.311Z         (w_g): Linear(in_features=2560, out_features=4096, bias=False)
2026-09-15T04:16:52.311Z         (o_norm): FusedRMSNormGated(128, eps=1e-06, activation=swish)
2026-09-15T04:16:52.311Z         (w_out): Linear(in_features=4096, out_features=2560, bias=False)
2026-09-15T04:16:52.311Z       )
2026-09-15T04:16:52.311Z       (attention_norm): QwenRMSNorm((2560,), eps=1e-06)
2026-09-15T04:16:52.311Z       (attention_residual_stream): ResidualStream(
2026-09-15T04:16:52.311Z         (dropout): Identity()
2026-09-15T04:16:52.311Z       )
2026-09-15T04:16:52.311Z       (feed_forward): FeedForward(
2026-09-15T04:16:52.311Z         (w1): Linear(in_features=2560, out_features=9216, bias=False)
2026-09-15T04:16:52.311Z         (w2): Linear(in_features=9216, out_features=2560, bias=False)
2026-09-15T04:16:52.311Z         (w3): Linear(in_features=2560, out_features=9216, bias=False)
2026-09-15T04:16:52.311Z       )
2026-09-15T04:16:52.311Z       (feed_forward_norm): QwenRMSNorm((2560,), eps=1e-06)
2026-09-15T04:16:52.311Z       (feed_forward_residual_stream): ResidualStream(
2026-09-15T04:16:52.311Z         (dropout): Identity()
2026-09-15T04:16:52.311Z       )
2026-09-15T04:16:52.311Z     )
2026-09-15T04:16:52.311Z     (11): TransformerBlock(
2026-09-15T04:16:52.311Z       (attention): Attention(
2026-09-15T04:16:52.311Z         (w_q): Linear(in_features=2560, out_features=4096, bias=False)
2026-09-15T04:16:52.311Z         (w_k): Linear(in_features=2560, out_features=1024, bias=False)
2026-09-15T04:16:52.311Z         (w_v): Linear(in_features=2560, out_features=1024, bias=False)
2026-09-15T04:16:52.311Z         (w_out): Linear(in_features=4096, out_features=2560, bias=False)
2026-09-15T04:16:52.311Z         (w_g): Linear(in_features=2560, out_features=4096, bias=False)
2026-09-15T04:16:52.311Z         (q_norm): QwenRMSNorm((256,), eps=1e-06)
2026-09-15T04:16:52.311Z         (k_norm): QwenRMSNorm((256,), eps=1e-06)
2026-09-15T04:16:52.311Z         (rope): RotaryEmbedding()
2026-09-15T04:16:52.311Z         (backend): FlashAttention2Backend()
2026-09-15T04:16:52.311Z       )
2026-09-15T04:16:52.311Z       (attention_norm): QwenRMSNorm((2560,), eps=1e-06)
2026-09-15T04:16:52.311Z       (attention_residual_stream): ResidualStream(
2026-09-15T04:16:52.311Z         (dropout): Identity()
2026-09-15T04:16:52.311Z       )
2026-09-15T04:16:52.311Z       (feed_forward): FeedForward(
2026-09-15T04:16:52.311Z         (w1): Linear(in_features=2560, out_features=9216, bias=False)
2026-09-15T04:16:52.311Z         (w2): Linear(in_features=9216, out_features=2560, bias=False)
2026-09-15T04:16:52.311Z         (w3): Linear(in_features=2560, out_features=9216, bias=False)
2026-09-15T04:16:52.311Z       )
2026-09-15T04:16:52.311Z       (feed_forward_norm): QwenRMSNorm((2560,), eps=1e-06)
2026-09-15T04:16:52.311Z       (feed_forward_residual_stream): ResidualStream(
2026-09-15T04:16:52.311Z         (dropout): Identity()
2026-09-15T04:16:52.311Z       )
2026-09-15T04:16:52.311Z     )
2026-09-15T04:16:52.311Z     (12): TransformerBlock(
2026-09-15T04:16:52.311Z       (attention): GatedDeltaNet(
2026-09-15T04:16:52.311Z         (w_q): Linear(in_features=2560, out_features=2048, bias=False)
2026-09-15T04:16:52.311Z         (w_k): Linear(in_features=2560, out_features=2048, bias=False)
2026-09-15T04:16:52.311Z         (w_v): Linear(in_features=2560, out_features=4096, bias=False)
2026-09-15T04:16:52.311Z         (w_a): Linear(in_features=2560, out_features=32, bias=False)
2026-09-15T04:16:52.311Z         (w_b): Linear(in_features=2560, out_features=32, bias=False)
2026-09-15T04:16:52.311Z         (q_conv1d): CausalConv1d(2048, 2048, kernel_size=(4,), stride=(1,), padding=(3,), groups=2048, bias=False)
2026-09-15T04:16:52.311Z         (k_conv1d): CausalConv1d(2048, 2048, kernel_size=(4,), stride=(1,), padding=(3,), groups=2048, bias=False)
2026-09-15T04:16:52.311Z         (v_conv1d): CausalConv1d(4096, 4096, kernel_size=(4,), stride=(1,), padding=(3,), groups=4096, bias=False)
2026-09-15T04:16:52.311Z         (w_g): Linear(in_features=2560, out_features=4096, bias=False)
2026-09-15T04:16:52.311Z         (o_norm): FusedRMSNormGated(128, eps=1e-06, activation=swish)
2026-09-15T04:16:52.311Z         (w_out): Linear(in_features=4096, out_features=2560, bias=False)
2026-09-15T04:16:52.311Z       )
2026-09-15T04:16:52.311Z       (attention_norm): QwenRMSNorm((2560,), eps=1e-06)
2026-09-15T04:16:52.311Z       (attention_residual_stream): ResidualStream(
2026-09-15T04:16:52.311Z         (dropout): Identity()
2026-09-15T04:16:52.311Z       )
2026-09-15T04:16:52.311Z       (feed_forward): FeedForward(
2026-09-15T04:16:52.311Z         (w1): Linear(in_features=2560, out_features=9216, bias=False)
2026-09-15T04:16:52.311Z         (w2): Linear(in_features=9216, out_features=2560, bias=False)
2026-09-15T04:16:52.311Z         (w3): Linear(in_features=2560, out_features=9216, bias=False)
2026-09-15T04:16:52.311Z       )
2026-09-15T04:16:52.311Z       (feed_forward_norm): QwenRMSNorm((2560,), eps=1e-06)
2026-09-15T04:16:52.311Z       (feed_forward_residual_stream): ResidualStream(
2026-09-15T04:16:52.311Z         (dropout): Identity()
2026-09-15T04:16:52.311Z       )
2026-09-15T04:16:52.311Z     )
2026-09-15T04:16:52.311Z     (13): TransformerBlock(
2026-09-15T04:16:52.311Z       (attention): GatedDeltaNet(
2026-09-15T04:16:52.311Z         (w_q): Linear(in_features=2560, out_features=2048, bias=False)
2026-09-15T04:16:52.311Z         (w_k): Linear(in_features=2560, out_features=2048, bias=False)
2026-09-15T04:16:52.311Z         (w_v): Linear(in_features=2560, out_features=4096, bias=False)
2026-09-15T04:16:52.311Z         (w_a): Linear(in_features=2560, out_features=32, bias=False)
2026-09-15T04:16:52.311Z         (w_b): Linear(in_features=2560, out_features=32, bias=False)
2026-09-15T04:16:52.311Z         (q_conv1d): CausalConv1d(2048, 2048, kernel_size=(4,), stride=(1,), padding=(3,), groups=2048, bias=False)
2026-09-15T04:16:52.311Z         (k_conv1d): CausalConv1d(2048, 2048, kernel_size=(4,), stride=(1,), padding=(3,), groups=2048, bias=False)
2026-09-15T04:16:52.311Z         (v_conv1d): CausalConv1d(4096, 4096, kernel_size=(4,), stride=(1,), padding=(3,), groups=4096, bias=False)
2026-09-15T04:16:52.311Z         (w_g): Linear(in_features=2560, out_features=4096, bias=False)
2026-09-15T04:16:52.311Z         (o_norm): FusedRMSNormGated(128, eps=1e-06, activation=swish)
2026-09-15T04:16:52.311Z         (w_out): Linear(in_features=4096, out_features=2560, bias=False)
2026-09-15T04:16:52.311Z       )
2026-09-15T04:16:52.311Z       (attention_norm): QwenRMSNorm((2560,), eps=1e-06)
2026-09-15T04:16:52.311Z       (attention_residual_stream): ResidualStream(
2026-09-15T04:16:52.311Z         (dropout): Identity()
2026-09-15T04:16:52.311Z       )
2026-09-15T04:16:52.311Z       (feed_forward): FeedForward(
2026-09-15T04:16:52.311Z         (w1): Linear(in_features=2560, out_features=9216, bias=False)
2026-09-15T04:16:52.311Z         (w2): Linear(in_features=9216, out_features=2560, bias=False)
2026-09-15T04:16:52.311Z         (w3): Linear(in_features=2560, out_features=9216, bias=False)
2026-09-15T04:16:52.311Z       )
2026-09-15T04:16:52.311Z       (feed_forward_norm): QwenRMSNorm((2560,), eps=1e-06)
2026-09-15T04:16:52.311Z       (feed_forward_residual_stream): ResidualStream(
2026-09-15T04:16:52.311Z         (dropout): Identity()
2026-09-15T04:16:52.311Z       )
2026-09-15T04:16:52.311Z     )
2026-09-15T04:16:52.311Z     (14): TransformerBlock(
2026-09-15T04:16:52.311Z       (attention): GatedDeltaNet(
2026-09-15T04:16:52.311Z         (w_q): Linear(in_features=2560, out_features=2048, bias=False)
2026-09-15T04:16:52.311Z         (w_k): Linear(in_features=2560, out_features=2048, bias=False)
2026-09-15T04:16:52.311Z         (w_v): Linear(in_features=2560, out_features=4096, bias=False)
2026-09-15T04:16:52.311Z         (w_a): Linear(in_features=2560, out_features=32, bias=False)
2026-09-15T04:16:52.311Z         (w_b): Linear(in_features=2560, out_features=32, bias=False)
2026-09-15T04:16:52.311Z         (q_conv1d): CausalConv1d(2048, 2048, kernel_size=(4,), stride=(1,), padding=(3,), groups=2048, bias=False)
2026-09-15T04:16:52.311Z         (k_conv1d): CausalConv1d(2048, 2048, kernel_size=(4,), stride=(1,), padding=(3,), groups=2048, bias=False)
2026-09-15T04:16:52.311Z         (v_conv1d): CausalConv1d(4096, 4096, kernel_size=(4,), stride=(1,), padding=(3,), groups=4096, bias=False)
2026-09-15T04:16:52.311Z         (w_g): Linear(in_features=2560, out_features=4096, bias=False)
2026-09-15T04:16:52.311Z         (o_norm): FusedRMSNormGated(128, eps=1e-06, activation=swish)
2026-09-15T04:16:52.311Z         (w_out): Linear(in_features=4096, out_features=2560, bias=False)
2026-09-15T04:16:52.311Z       )
2026-09-15T04:16:52.311Z       (attention_norm): QwenRMSNorm((2560,), eps=1e-06)
2026-09-15T04:16:52.311Z       (attention_residual_stream): ResidualStream(
2026-09-15T04:16:52.311Z         (dropout): Identity()
2026-09-15T04:16:52.311Z       )
2026-09-15T04:16:52.311Z       (feed_forward): FeedForward(
2026-09-15T04:16:52.311Z         (w1): Linear(in_features=2560, out_features=9216, bias=False)
2026-09-15T04:16:52.311Z         (w2): Linear(in_features=9216, out_features=2560, bias=False)
2026-09-15T04:16:52.311Z         (w3): Linear(in_features=2560, out_features=9216, bias=False)
2026-09-15T04:16:52.311Z       )
2026-09-15T04:16:52.311Z       (feed_forward_norm): QwenRMSNorm((2560,), eps=1e-06)
2026-09-15T04:16:52.311Z       (feed_forward_residual_stream): ResidualStream(
2026-09-15T04:16:52.311Z         (dropout): Identity()
2026-09-15T04:16:52.311Z       )
2026-09-15T04:16:52.311Z     )
2026-09-15T04:16:52.311Z     (15): TransformerBlock(
2026-09-15T04:16:52.311Z       (attention): Attention(
2026-09-15T04:16:52.311Z         (w_q): Linear(in_features=2560, out_features=4096, bias=False)
2026-09-15T04:16:52.311Z         (w_k): Linear(in_features=2560, out_features=1024, bias=False)
2026-09-15T04:16:52.311Z         (w_v): Linear(in_features=2560, out_features=1024, bias=False)
2026-09-15T04:16:52.311Z         (w_out): Linear(in_features=4096, out_features=2560, bias=False)
2026-09-15T04:16:52.311Z         (w_g): Linear(in_features=2560, out_features=4096, bias=False)
2026-09-15T04:16:52.311Z         (q_norm): QwenRMSNorm((256,), eps=1e-06)
2026-09-15T04:16:52.312Z         (k_norm): QwenRMSNorm((256,), eps=1e-06)
2026-09-15T04:16:52.312Z         (rope): RotaryEmbedding()
2026-09-15T04:16:52.312Z         (backend): FlashAttention2Backend()
2026-09-15T04:16:52.312Z       )
2026-09-15T04:16:52.312Z       (attention_norm): QwenRMSNorm((2560,), eps=1e-06)
2026-09-15T04:16:52.312Z       (attention_residual_stream): ResidualStream(
2026-09-15T04:16:52.312Z         (dropout): Identity()
2026-09-15T04:16:52.312Z       )
2026-09-15T04:16:52.312Z       (feed_forward): FeedForward(
2026-09-15T04:16:52.312Z         (w1): Linear(in_features=2560, out_features=9216, bias=False)
2026-09-15T04:16:52.312Z         (w2): Linear(in_features=9216, out_features=2560, bias=False)
2026-09-15T04:16:52.312Z         (w3): Linear(in_features=2560, out_features=9216, bias=False)
2026-09-15T04:16:52.312Z       )
2026-09-15T04:16:52.312Z       (feed_forward_norm): QwenRMSNorm((2560,), eps=1e-06)
2026-09-15T04:16:52.312Z       (feed_forward_residual_stream): ResidualStream(
2026-09-15T04:16:52.312Z         (dropout): Identity()
2026-09-15T04:16:52.312Z       )
2026-09-15T04:16:52.312Z     )
2026-09-15T04:16:52.312Z     (16): TransformerBlock(
2026-09-15T04:16:52.312Z       (attention): GatedDeltaNet(
2026-09-15T04:16:52.312Z         (w_q): Linear(in_features=2560, out_features=2048, bias=False)
2026-09-15T04:16:52.312Z         (w_k): Linear(in_features=2560, out_features=2048, bias=False)
2026-09-15T04:16:52.312Z         (w_v): Linear(in_features=2560, out_features=4096, bias=False)
2026-09-15T04:16:52.312Z         (w_a): Linear(in_features=2560, out_features=32, bias=False)
2026-09-15T04:16:52.312Z         (w_b): Linear(in_features=2560, out_features=32, bias=False)
2026-09-15T04:16:52.312Z         (q_conv1d): CausalConv1d(2048, 2048, kernel_size=(4,), stride=(1,), padding=(3,), groups=2048, bias=False)
2026-09-15T04:16:52.312Z         (k_conv1d): CausalConv1d(2048, 2048, kernel_size=(4,), stride=(1,), padding=(3,), groups=2048, bias=False)
2026-09-15T04:16:52.312Z         (v_conv1d): CausalConv1d(4096, 4096, kernel_size=(4,), stride=(1,), padding=(3,), groups=4096, bias=False)
2026-09-15T04:16:52.312Z         (w_g): Linear(in_features=2560, out_features=4096, bias=False)
2026-09-15T04:16:52.312Z         (o_norm): FusedRMSNormGated(128, eps=1e-06, activation=swish)
2026-09-15T04:16:52.312Z         (w_out): Linear(in_features=4096, out_features=2560, bias=False)
2026-09-15T04:16:52.312Z       )
2026-09-15T04:16:52.312Z       (attention_norm): QwenRMSNorm((2560,), eps=1e-06)
2026-09-15T04:16:52.312Z       (attention_residual_stream): ResidualStream(
2026-09-15T04:16:52.312Z         (dropout): Identity()
2026-09-15T04:16:52.312Z       )
2026-09-15T04:16:52.312Z       (feed_forward): FeedForward(
2026-09-15T04:16:52.312Z         (w1): Linear(in_features=2560, out_features=9216, bias=False)
2026-09-15T04:16:52.312Z         (w2): Linear(in_features=9216, out_features=2560, bias=False)
2026-09-15T04:16:52.312Z         (w3): Linear(in_features=2560, out_features=9216, bias=False)
2026-09-15T04:16:52.312Z       )
2026-09-15T04:16:52.312Z       (feed_forward_norm): QwenRMSNorm((2560,), eps=1e-06)
2026-09-15T04:16:52.312Z       (feed_forward_residual_stream): ResidualStream(
2026-09-15T04:16:52.312Z         (dropout): Identity()
2026-09-15T04:16:52.312Z       )
2026-09-15T04:16:52.312Z     )
2026-09-15T04:16:52.312Z     (17): TransformerBlock(
2026-09-15T04:16:52.312Z       (attention): GatedDeltaNet(
2026-09-15T04:16:52.312Z         (w_q): Linear(in_features=2560, out_features=2048, bias=False)
2026-09-15T04:16:52.312Z         (w_k): Linear(in_features=2560, out_features=2048, bias=False)
2026-09-15T04:16:52.312Z         (w_v): Linear(in_features=2560, out_features=4096, bias=False)
2026-09-15T04:16:52.312Z         (w_a): Linear(in_features=2560, out_features=32, bias=False)
2026-09-15T04:16:52.312Z         (w_b): Linear(in_features=2560, out_features=32, bias=False)
2026-09-15T04:16:52.312Z         (q_conv1d): CausalConv1d(2048, 2048, kernel_size=(4,), stride=(1,), padding=(3,), groups=2048, bias=False)
2026-09-15T04:16:52.312Z         (k_conv1d): CausalConv1d(2048, 2048, kernel_size=(4,), stride=(1,), padding=(3,), groups=2048, bias=False)
2026-09-15T04:16:52.312Z         (v_conv1d): CausalConv1d(4096, 4096, kernel_size=(4,), stride=(1,), padding=(3,), groups=4096, bias=False)
2026-09-15T04:16:52.312Z         (w_g): Linear(in_features=2560, out_features=4096, bias=False)
2026-09-15T04:16:52.312Z         (o_norm): FusedRMSNormGated(128, eps=1e-06, activation=swish)
2026-09-15T04:16:52.312Z         (w_out): Linear(in_features=4096, out_features=2560, bias=False)
2026-09-15T04:16:52.312Z       )
2026-09-15T04:16:52.312Z       (attention_norm): QwenRMSNorm((2560,), eps=1e-06)
2026-09-15T04:16:52.312Z       (attention_residual_stream): ResidualStream(
2026-09-15T04:16:52.312Z         (dropout): Identity()
2026-09-15T04:16:52.312Z       )
2026-09-15T04:16:52.312Z       (feed_forward): FeedForward(
2026-09-15T04:16:52.312Z         (w1): Linear(in_features=2560, out_features=9216, bias=False)
2026-09-15T04:16:52.312Z         (w2): Linear(in_features=9216, out_features=2560, bias=False)
2026-09-15T04:16:52.312Z         (w3): Linear(in_features=2560, out_features=9216, bias=False)
2026-09-15T04:16:52.312Z       )
2026-09-15T04:16:52.312Z       (feed_forward_norm): QwenRMSNorm((2560,), eps=1e-06)
2026-09-15T04:16:52.312Z       (feed_forward_residual_stream): ResidualStream(
2026-09-15T04:16:52.312Z         (dropout): Identity()
2026-09-15T04:16:52.312Z       )
2026-09-15T04:16:52.312Z     )
2026-09-15T04:16:52.312Z     (18): TransformerBlock(
2026-09-15T04:16:52.312Z       (attention): GatedDeltaNet(
2026-09-15T04:16:52.312Z         (w_q): Linear(in_features=2560, out_features=2048, bias=False)
2026-09-15T04:16:52.312Z         (w_k): Linear(in_features=2560, out_features=2048, bias=False)
2026-09-15T04:16:52.312Z         (w_v): Linear(in_features=2560, out_features=4096, bias=False)
2026-09-15T04:16:52.312Z         (w_a): Linear(in_features=2560, out_features=32, bias=False)
2026-09-15T04:16:52.312Z         (w_b): Linear(in_features=2560, out_features=32, bias=False)
2026-09-15T04:16:52.312Z         (q_conv1d): CausalConv1d(2048, 2048, kernel_size=(4,), stride=(1,), padding=(3,), groups=2048, bias=False)
2026-09-15T04:16:52.312Z         (k_conv1d): CausalConv1d(2048, 2048, kernel_size=(4,), stride=(1,), padding=(3,), groups=2048, bias=False)
2026-09-15T04:16:52.312Z         (v_conv1d): CausalConv1d(4096, 4096, kernel_size=(4,), stride=(1,), padding=(3,), groups=4096, bias=False)
2026-09-15T04:16:52.312Z         (w_g): Linear(in_features=2560, out_features=4096, bias=False)
2026-09-15T04:16:52.312Z         (o_norm): FusedRMSNormGated(128, eps=1e-06, activation=swish)
2026-09-15T04:16:52.312Z         (w_out): Linear(in_features=4096, out_features=2560, bias=False)
2026-09-15T04:16:52.312Z       )
2026-09-15T04:16:52.312Z       (attention_norm): QwenRMSNorm((2560,), eps=1e-06)
2026-09-15T04:16:52.312Z       (attention_residual_stream): ResidualStream(
2026-09-15T04:16:52.312Z         (dropout): Identity()
2026-09-15T04:16:52.312Z       )
2026-09-15T04:16:52.312Z       (feed_forward): FeedForward(
2026-09-15T04:16:52.312Z         (w1): Linear(in_features=2560, out_features=9216, bias=False)
2026-09-15T04:16:52.312Z         (w2): Linear(in_features=9216, out_features=2560, bias=False)
2026-09-15T04:16:52.312Z         (w3): Linear(in_features=2560, out_features=9216, bias=False)
2026-09-15T04:16:52.312Z       )
2026-09-15T04:16:52.312Z       (feed_forward_norm): QwenRMSNorm((2560,), eps=1e-06)
2026-09-15T04:16:52.312Z       (feed_forward_residual_stream): ResidualStream(
2026-09-15T04:16:52.312Z         (dropout): Identity()
2026-09-15T04:16:52.312Z       )
2026-09-15T04:16:52.312Z     )
2026-09-15T04:16:52.312Z     (19): TransformerBlock(
2026-09-15T04:16:52.312Z       (attention): Attention(
2026-09-15T04:16:52.312Z         (w_q): Linear(in_features=2560, out_features=4096, bias=False)
2026-09-15T04:16:52.312Z         (w_k): Linear(in_features=2560, out_features=1024, bias=False)
2026-09-15T04:16:52.312Z         (w_v): Linear(in_features=2560, out_features=1024, bias=False)
2026-09-15T04:16:52.312Z         (w_out): Linear(in_features=4096, out_features=2560, bias=False)
2026-09-15T04:16:52.312Z         (w_g): Linear(in_features=2560, out_features=4096, bias=False)
2026-09-15T04:16:52.312Z         (q_norm): QwenRMSNorm((256,), eps=1e-06)
2026-09-15T04:16:52.312Z         (k_norm): QwenRMSNorm((256,), eps=1e-06)
2026-09-15T04:16:52.312Z         (rope): RotaryEmbedding()
2026-09-15T04:16:52.312Z         (backend): FlashAttention2Backend()
2026-09-15T04:16:52.312Z       )
2026-09-15T04:16:52.312Z       (attention_norm): QwenRMSNorm((2560,), eps=1e-06)
2026-09-15T04:16:52.312Z       (attention_residual_stream): ResidualStream(
2026-09-15T04:16:52.312Z         (dropout): Identity()
2026-09-15T04:16:52.312Z       )
2026-09-15T04:16:52.312Z       (feed_forward): FeedForward(
2026-09-15T04:16:52.312Z         (w1): Linear(in_features=2560, out_features=9216, bias=False)
2026-09-15T04:16:52.312Z         (w2): Linear(in_features=9216, out_features=2560, bias=False)
2026-09-15T04:16:52.312Z         (w3): Linear(in_features=2560, out_features=9216, bias=False)
2026-09-15T04:16:52.312Z       )
2026-09-15T04:16:52.312Z       (feed_forward_norm): QwenRMSNorm((2560,), eps=1e-06)
2026-09-15T04:16:52.312Z       (feed_forward_residual_stream): ResidualStream(
2026-09-15T04:16:52.312Z         (dropout): Identity()
2026-09-15T04:16:52.312Z       )
2026-09-15T04:16:52.312Z     )
2026-09-15T04:16:52.312Z     (20): TransformerBlock(
2026-09-15T04:16:52.312Z       (attention): GatedDeltaNet(
2026-09-15T04:16:52.312Z         (w_q): Linear(in_features=2560, out_features=2048, bias=False)
2026-09-15T04:16:52.312Z         (w_k): Linear(in_features=2560, out_features=2048, bias=False)
2026-09-15T04:16:52.312Z         (w_v): Linear(in_features=2560, out_features=4096, bias=False)
2026-09-15T04:16:52.312Z         (w_a): Linear(in_features=2560, out_features=32, bias=False)
2026-09-15T04:16:52.312Z         (w_b): Linear(in_features=2560, out_features=32, bias=False)
2026-09-15T04:16:52.312Z         (q_conv1d): CausalConv1d(2048, 2048, kernel_size=(4,), stride=(1,), padding=(3,), groups=2048, bias=False)
2026-09-15T04:16:52.312Z         (k_conv1d): CausalConv1d(2048, 2048, kernel_size=(4,), stride=(1,), padding=(3,), groups=2048, bias=False)
2026-09-15T04:16:52.312Z         (v_conv1d): CausalConv1d(4096, 4096, kernel_size=(4,), stride=(1,), padding=(3,), groups=4096, bias=False)
2026-09-15T04:16:52.312Z         (w_g): Linear(in_features=2560, out_features=4096, bias=False)
2026-09-15T04:16:52.312Z         (o_norm): FusedRMSNormGated(128, eps=1e-06, activation=swish)
2026-09-15T04:16:52.312Z         (w_out): Linear(in_features=4096, out_features=2560, bias=False)
2026-09-15T04:16:52.312Z       )
2026-09-15T04:16:52.312Z       (attention_norm): QwenRMSNorm((2560,), eps=1e-06)
2026-09-15T04:16:52.312Z       (attention_residual_stream): ResidualStream(
2026-09-15T04:16:52.312Z         (dropout): Identity()
2026-09-15T04:16:52.312Z       )
2026-09-15T04:16:52.312Z       (feed_forward): FeedForward(
2026-09-15T04:16:52.312Z         (w1): Linear(in_features=2560, out_features=9216, bias=False)
2026-09-15T04:16:52.312Z         (w2): Linear(in_features=9216, out_features=2560, bias=False)
2026-09-15T04:16:52.312Z         (w3): Linear(in_features=2560, out_features=9216, bias=False)
2026-09-15T04:16:52.312Z       )
2026-09-15T04:16:52.312Z       (feed_forward_norm): QwenRMSNorm((2560,), eps=1e-06)
2026-09-15T04:16:52.312Z       (feed_forward_residual_stream): ResidualStream(
2026-09-15T04:16:52.312Z         (dropout): Identity()
2026-09-15T04:16:52.312Z       )
2026-09-15T04:16:52.312Z     )
2026-09-15T04:16:52.312Z     (21): TransformerBlock(
2026-09-15T04:16:52.312Z       (attention): GatedDeltaNet(
2026-09-15T04:16:52.312Z         (w_q): Linear(in_features=2560, out_features=2048, bias=False)
2026-09-15T04:16:52.312Z         (w_k): Linear(in_features=2560, out_features=2048, bias=False)
2026-09-15T04:16:52.312Z         (w_v): Linear(in_features=2560, out_features=4096, bias=False)
2026-09-15T04:16:52.312Z         (w_a): Linear(in_features=2560, out_features=32, bias=False)
2026-09-15T04:16:52.312Z         (w_b): Linear(in_features=2560, out_features=32, bias=False)
2026-09-15T04:16:52.312Z         (q_conv1d): CausalConv1d(2048, 2048, kernel_size=(4,), stride=(1,), padding=(3,), groups=2048, bias=False)
2026-09-15T04:16:52.312Z         (k_conv1d): CausalConv1d(2048, 2048, kernel_size=(4,), stride=(1,), padding=(3,), groups=2048, bias=False)
2026-09-15T04:16:52.312Z         (v_conv1d): CausalConv1d(4096, 4096, kernel_size=(4,), stride=(1,), padding=(3,), groups=4096, bias=False)
2026-09-15T04:16:52.312Z         (w_g): Linear(in_features=2560, out_features=4096, bias=False)
2026-09-15T04:16:52.312Z         (o_norm): FusedRMSNormGated(128, eps=1e-06, activation=swish)
2026-09-15T04:16:52.312Z         (w_out): Linear(in_features=4096, out_features=2560, bias=False)
2026-09-15T04:16:52.312Z       )
2026-09-15T04:16:52.312Z       (attention_norm): QwenRMSNorm((2560,), eps=1e-06)
2026-09-15T04:16:52.312Z       (attention_residual_stream): ResidualStream(
2026-09-15T04:16:52.312Z         (dropout): Identity()
2026-09-15T04:16:52.312Z       )
2026-09-15T04:16:52.312Z       (feed_forward): FeedForward(
2026-09-15T04:16:52.312Z         (w1): Linear(in_features=2560, out_features=9216, bias=False)
2026-09-15T04:16:52.312Z         (w2): Linear(in_features=9216, out_features=2560, bias=False)
2026-09-15T04:16:52.312Z         (w3): Linear(in_features=2560, out_features=9216, bias=False)
2026-09-15T04:16:52.312Z       )
2026-09-15T04:16:52.312Z       (feed_forward_norm): QwenRMSNorm((2560,), eps=1e-06)
2026-09-15T04:16:52.312Z       (feed_forward_residual_stream): ResidualStream(
2026-09-15T04:16:52.312Z         (dropout): Identity()
2026-09-15T04:16:52.312Z       )
2026-09-15T04:16:52.312Z     )
2026-09-15T04:16:52.312Z     (22): TransformerBlock(
2026-09-15T04:16:52.312Z       (attention): GatedDeltaNet(
2026-09-15T04:16:52.312Z         (w_q): Linear(in_features=2560, out_features=2048, bias=False)
2026-09-15T04:16:52.312Z         (w_k): Linear(in_features=2560, out_features=2048, bias=False)
2026-09-15T04:16:52.312Z         (w_v): Linear(in_features=2560, out_features=4096, bias=False)
2026-09-15T04:16:52.312Z         (w_a): Linear(in_features=2560, out_features=32, bias=False)
2026-09-15T04:16:52.312Z         (w_b): Linear(in_features=2560, out_features=32, bias=False)
2026-09-15T04:16:52.312Z         (q_conv1d): CausalConv1d(2048, 2048, kernel_size=(4,), stride=(1,), padding=(3,), groups=2048, bias=False)
2026-09-15T04:16:52.312Z         (k_conv1d): CausalConv1d(2048, 2048, kernel_size=(4,), stride=(1,), padding=(3,), groups=2048, bias=False)
2026-09-15T04:16:52.312Z         (v_conv1d): CausalConv1d(4096, 4096, kernel_size=(4,), stride=(1,), padding=(3,), groups=4096, bias=False)
2026-09-15T04:16:52.312Z         (w_g): Linear(in_features=2560, out_features=4096, bias=False)
2026-09-15T04:16:52.312Z         (o_norm): FusedRMSNormGated(128, eps=1e-06, activation=swish)
2026-09-15T04:16:52.312Z         (w_out): Linear(in_features=4096, out_features=2560, bias=False)
2026-09-15T04:16:52.312Z       )
2026-09-15T04:16:52.312Z       (attention_norm): QwenRMSNorm((2560,), eps=1e-06)
2026-09-15T04:16:52.312Z       (attention_residual_stream): ResidualStream(
2026-09-15T04:16:52.312Z         (dropout): Identity()
2026-09-15T04:16:52.312Z       )
2026-09-15T04:16:52.312Z       (feed_forward): FeedForward(
2026-09-15T04:16:52.312Z         (w1): Linear(in_features=2560, out_features=9216, bias=False)
2026-09-15T04:16:52.312Z         (w2): Linear(in_features=9216, out_features=2560, bias=False)
2026-09-15T04:16:52.312Z         (w3): Linear(in_features=2560, out_features=9216, bias=False)
2026-09-15T04:16:52.312Z       )
2026-09-15T04:16:52.312Z       (feed_forward_norm): QwenRMSNorm((2560,), eps=1e-06)
2026-09-15T04:16:52.312Z       (feed_forward_residual_stream): ResidualStream(
2026-09-15T04:16:52.312Z         (dropout): Identity()
2026-09-15T04:16:52.312Z       )
2026-09-15T04:16:52.312Z     )
2026-09-15T04:16:52.312Z     (23): TransformerBlock(
2026-09-15T04:16:52.312Z       (attention): Attention(
2026-09-15T04:16:52.312Z         (w_q): Linear(in_features=2560, out_features=4096, bias=False)
2026-09-15T04:16:52.312Z         (w_k): Linear(in_features=2560, out_features=1024, bias=False)
2026-09-15T04:16:52.312Z         (w_v): Linear(in_features=2560, out_features=1024, bias=False)
2026-09-15T04:16:52.312Z         (w_out): Linear(in_features=4096, out_features=2560, bias=False)
2026-09-15T04:16:52.312Z         (w_g): Linear(in_features=2560, out_features=4096, bias=False)
2026-09-15T04:16:52.312Z         (q_norm): QwenRMSNorm((256,), eps=1e-06)
2026-09-15T04:16:52.312Z         (k_norm): QwenRMSNorm((256,), eps=1e-06)
2026-09-15T04:16:52.312Z         (rope): RotaryEmbedding()
2026-09-15T04:16:52.312Z         (backend): FlashAttention2Backend()
2026-09-15T04:16:52.312Z       )
2026-09-15T04:16:52.312Z       (attention_norm): QwenRMSNorm((2560,), eps=1e-06)
2026-09-15T04:16:52.312Z       (attention_residual_stream): ResidualStream(
2026-09-15T04:16:52.312Z         (dropout): Identity()
2026-09-15T04:16:52.312Z       )
2026-09-15T04:16:52.312Z       (feed_forward): FeedForward(
2026-09-15T04:16:52.312Z         (w1): Linear(in_features=2560, out_features=9216, bias=False)
2026-09-15T04:16:52.312Z         (w2): Linear(in_features=9216, out_features=2560, bias=False)
2026-09-15T04:16:52.312Z         (w3): Linear(in_features=2560, out_features=9216, bias=False)
2026-09-15T04:16:52.312Z       )
2026-09-15T04:16:52.312Z       (feed_forward_norm): QwenRMSNorm((2560,), eps=1e-06)
2026-09-15T04:16:52.312Z       (feed_forward_residual_stream): ResidualStream(
2026-09-15T04:16:52.312Z         (dropout): Identity()
2026-09-15T04:16:52.312Z       )
2026-09-15T04:16:52.312Z     )
2026-09-15T04:16:52.312Z     (24): TransformerBlock(
2026-09-15T04:16:52.312Z       (attention): GatedDeltaNet(
2026-09-15T04:16:52.312Z         (w_q): Linear(in_features=2560, out_features=2048, bias=False)
2026-09-15T04:16:52.312Z         (w_k): Linear(in_features=2560, out_features=2048, bias=False)
2026-09-15T04:16:52.312Z         (w_v): Linear(in_features=2560, out_features=4096, bias=False)
2026-09-15T04:16:52.312Z         (w_a): Linear(in_features=2560, out_features=32, bias=False)
2026-09-15T04:16:52.312Z         (w_b): Linear(in_features=2560, out_features=32, bias=False)
2026-09-15T04:16:52.312Z         (q_conv1d): CausalConv1d(2048, 2048, kernel_size=(4,), stride=(1,), padding=(3,), groups=2048, bias=False)
2026-09-15T04:16:52.312Z         (k_conv1d): CausalConv1d(2048, 2048, kernel_size=(4,), stride=(1,), padding=(3,), groups=2048, bias=False)
2026-09-15T04:16:52.312Z         (v_conv1d): CausalConv1d(4096, 4096, kernel_size=(4,), stride=(1,), padding=(3,), groups=4096, bias=False)
2026-09-15T04:16:52.312Z         (w_g): Linear(in_features=2560, out_features=4096, bias=False)
2026-09-15T04:16:52.312Z         (o_norm): FusedRMSNormGated(128, eps=1e-06, activation=swish)
2026-09-15T04:16:52.312Z         (w_out): Linear(in_features=4096, out_features=2560, bias=False)
2026-09-15T04:16:52.312Z       )
2026-09-15T04:16:52.312Z       (attention_norm): QwenRMSNorm((2560,), eps=1e-06)
2026-09-15T04:16:52.312Z       (attention_residual_stream): ResidualStream(
2026-09-15T04:16:52.312Z         (dropout): Identity()
2026-09-15T04:16:52.312Z       )
2026-09-15T04:16:52.312Z       (feed_forward): FeedForward(
2026-09-15T04:16:52.312Z         (w1): Linear(in_features=2560, out_features=9216, bias=False)
2026-09-15T04:16:52.312Z         (w2): Linear(in_features=9216, out_features=2560, bias=False)
2026-09-15T04:16:52.312Z         (w3): Linear(in_features=2560, out_features=9216, bias=False)
2026-09-15T04:16:52.312Z       )
2026-09-15T04:16:52.312Z       (feed_forward_norm): QwenRMSNorm((2560,), eps=1e-06)
2026-09-15T04:16:52.312Z       (feed_forward_residual_stream): ResidualStream(
2026-09-15T04:16:52.312Z         (dropout): Identity()
2026-09-15T04:16:52.312Z       )
2026-09-15T04:16:52.312Z     )
2026-09-15T04:16:52.312Z     (25): TransformerBlock(
2026-09-15T04:16:52.312Z       (attention): GatedDeltaNet(
2026-09-15T04:16:52.312Z         (w_q): Linear(in_features=2560, out_features=2048, bias=False)
2026-09-15T04:16:52.312Z         (w_k): Linear(in_features=2560, out_features=2048, bias=False)
2026-09-15T04:16:52.312Z         (w_v): Linear(in_features=2560, out_features=4096, bias=False)
2026-09-15T04:16:52.312Z         (w_a): Linear(in_features=2560, out_features=32, bias=False)
2026-09-15T04:16:52.313Z         (w_b): Linear(in_features=2560, out_features=32, bias=False)
2026-09-15T04:16:52.313Z         (q_conv1d): CausalConv1d(2048, 2048, kernel_size=(4,), stride=(1,), padding=(3,), groups=2048, bias=False)
2026-09-15T04:16:52.313Z         (k_conv1d): CausalConv1d(2048, 2048, kernel_size=(4,), stride=(1,), padding=(3,), groups=2048, bias=False)
2026-09-15T04:16:52.313Z         (v_conv1d): CausalConv1d(4096, 4096, kernel_size=(4,), stride=(1,), padding=(3,), groups=4096, bias=False)
2026-09-15T04:16:52.313Z         (w_g): Linear(in_features=2560, out_features=4096, bias=False)
2026-09-15T04:16:52.313Z         (o_norm): FusedRMSNormGated(128, eps=1e-06, activation=swish)
2026-09-15T04:16:52.313Z         (w_out): Linear(in_features=4096, out_features=2560, bias=False)
2026-09-15T04:16:52.313Z       )
2026-09-15T04:16:52.313Z       (attention_norm): QwenRMSNorm((2560,), eps=1e-06)
2026-09-15T04:16:52.313Z       (attention_residual_stream): ResidualStream(
2026-09-15T04:16:52.313Z         (dropout): Identity()
2026-09-15T04:16:52.313Z       )
2026-09-15T04:16:52.313Z       (feed_forward): FeedForward(
2026-09-15T04:16:52.313Z         (w1): Linear(in_features=2560, out_features=9216, bias=False)
2026-09-15T04:16:52.313Z         (w2): Linear(in_features=9216, out_features=2560, bias=False)
2026-09-15T04:16:52.313Z         (w3): Linear(in_features=2560, out_features=9216, bias=False)
2026-09-15T04:16:52.313Z       )
2026-09-15T04:16:52.313Z       (feed_forward_norm): QwenRMSNorm((2560,), eps=1e-06)
2026-09-15T04:16:52.313Z       (feed_forward_residual_stream): ResidualStream(
2026-09-15T04:16:52.313Z         (dropout): Identity()
2026-09-15T04:16:52.313Z       )
2026-09-15T04:16:52.313Z     )
2026-09-15T04:16:52.313Z     (26): TransformerBlock(
2026-09-15T04:16:52.313Z       (attention): GatedDeltaNet(
2026-09-15T04:16:52.313Z         (w_q): Linear(in_features=2560, out_features=2048, bias=False)
2026-09-15T04:16:52.313Z         (w_k): Linear(in_features=2560, out_features=2048, bias=False)
2026-09-15T04:16:52.313Z         (w_v): Linear(in_features=2560, out_features=4096, bias=False)
2026-09-15T04:16:52.313Z         (w_a): Linear(in_features=2560, out_features=32, bias=False)
2026-09-15T04:16:52.313Z         (w_b): Linear(in_features=2560, out_features=32, bias=False)
2026-09-15T04:16:52.313Z         (q_conv1d): CausalConv1d(2048, 2048, kernel_size=(4,), stride=(1,), padding=(3,), groups=2048, bias=False)
2026-09-15T04:16:52.313Z         (k_conv1d): CausalConv1d(2048, 2048, kernel_size=(4,), stride=(1,), padding=(3,), groups=2048, bias=False)
2026-09-15T04:16:52.313Z         (v_conv1d): CausalConv1d(4096, 4096, kernel_size=(4,), stride=(1,), padding=(3,), groups=4096, bias=False)
2026-09-15T04:16:52.313Z         (w_g): Linear(in_features=2560, out_features=4096, bias=False)
2026-09-15T04:16:52.313Z         (o_norm): FusedRMSNormGated(128, eps=1e-06, activation=swish)
2026-09-15T04:16:52.313Z         (w_out): Linear(in_features=4096, out_features=2560, bias=False)
2026-09-15T04:16:52.313Z       )
2026-09-15T04:16:52.313Z       (attention_norm): QwenRMSNorm((2560,), eps=1e-06)
2026-09-15T04:16:52.313Z       (attention_residual_stream): ResidualStream(
2026-09-15T04:16:52.313Z         (dropout): Identity()
2026-09-15T04:16:52.313Z       )
2026-09-15T04:16:52.313Z       (feed_forward): FeedForward(
2026-09-15T04:16:52.313Z         (w1): Linear(in_features=2560, out_features=9216, bias=False)
2026-09-15T04:16:52.313Z         (w2): Linear(in_features=9216, out_features=2560, bias=False)
2026-09-15T04:16:52.313Z         (w3): Linear(in_features=2560, out_features=9216, bias=False)
2026-09-15T04:16:52.313Z       )
2026-09-15T04:16:52.313Z       (feed_forward_norm): QwenRMSNorm((2560,), eps=1e-06)
2026-09-15T04:16:52.313Z       (feed_forward_residual_stream): ResidualStream(
2026-09-15T04:16:52.313Z         (dropout): Identity()
2026-09-15T04:16:52.313Z       )
2026-09-15T04:16:52.313Z     )
2026-09-15T04:16:52.313Z     (27): TransformerBlock(
2026-09-15T04:16:52.313Z       (attention): Attention(
2026-09-15T04:16:52.313Z         (w_q): Linear(in_features=2560, out_features=4096, bias=False)
2026-09-15T04:16:52.313Z         (w_k): Linear(in_features=2560, out_features=1024, bias=False)
2026-09-15T04:16:52.313Z         (w_v): Linear(in_features=2560, out_features=1024, bias=False)
2026-09-15T04:16:52.313Z         (w_out): Linear(in_features=4096, out_features=2560, bias=False)
2026-09-15T04:16:52.313Z         (w_g): Linear(in_features=2560, out_features=4096, bias=False)
2026-09-15T04:16:52.313Z         (q_norm): QwenRMSNorm((256,), eps=1e-06)
2026-09-15T04:16:52.313Z         (k_norm): QwenRMSNorm((256,), eps=1e-06)
2026-09-15T04:16:52.313Z         (rope): RotaryEmbedding()
2026-09-15T04:16:52.313Z         (backend): FlashAttention2Backend()
2026-09-15T04:16:52.313Z       )
2026-09-15T04:16:52.313Z       (attention_norm): QwenRMSNorm((2560,), eps=1e-06)
2026-09-15T04:16:52.313Z       (attention_residual_stream): ResidualStream(
2026-09-15T04:16:52.313Z         (dropout): Identity()
2026-09-15T04:16:52.313Z       )
2026-09-15T04:16:52.313Z       (feed_forward): FeedForward(
2026-09-15T04:16:52.313Z         (w1): Linear(in_features=2560, out_features=9216, bias=False)
2026-09-15T04:16:52.313Z         (w2): Linear(in_features=9216, out_features=2560, bias=False)
2026-09-15T04:16:52.313Z         (w3): Linear(in_features=2560, out_features=9216, bias=False)
2026-09-15T04:16:52.313Z       )
2026-09-15T04:16:52.313Z       (feed_forward_norm): QwenRMSNorm((2560,), eps=1e-06)
2026-09-15T04:16:52.313Z       (feed_forward_residual_stream): ResidualStream(
2026-09-15T04:16:52.313Z         (dropout): Identity()
2026-09-15T04:16:52.313Z       )
2026-09-15T04:16:52.313Z     )
2026-09-15T04:16:52.313Z     (28): TransformerBlock(
2026-09-15T04:16:52.313Z       (attention): GatedDeltaNet(
2026-09-15T04:16:52.313Z         (w_q): Linear(in_features=2560, out_features=2048, bias=False)
2026-09-15T04:16:52.313Z         (w_k): Linear(in_features=2560, out_features=2048, bias=False)
2026-09-15T04:16:52.313Z         (w_v): Linear(in_features=2560, out_features=4096, bias=False)
2026-09-15T04:16:52.313Z         (w_a): Linear(in_features=2560, out_features=32, bias=False)
2026-09-15T04:16:52.313Z         (w_b): Linear(in_features=2560, out_features=32, bias=False)
2026-09-15T04:16:52.313Z         (q_conv1d): CausalConv1d(2048, 2048, kernel_size=(4,), stride=(1,), padding=(3,), groups=2048, bias=False)
2026-09-15T04:16:52.313Z         (k_conv1d): CausalConv1d(2048, 2048, kernel_size=(4,), stride=(1,), padding=(3,), groups=2048, bias=False)
2026-09-15T04:16:52.313Z         (v_conv1d): CausalConv1d(4096, 4096, kernel_size=(4,), stride=(1,), padding=(3,), groups=4096, bias=False)
2026-09-15T04:16:52.313Z         (w_g): Linear(in_features=2560, out_features=4096, bias=False)
2026-09-15T04:16:52.313Z         (o_norm): FusedRMSNormGated(128, eps=1e-06, activation=swish)
2026-09-15T04:16:52.313Z         (w_out): Linear(in_features=4096, out_features=2560, bias=False)
2026-09-15T04:16:52.313Z       )
2026-09-15T04:16:52.313Z       (attention_norm): QwenRMSNorm((2560,), eps=1e-06)
2026-09-15T04:16:52.313Z       (attention_residual_stream): ResidualStream(
2026-09-15T04:16:52.313Z         (dropout): Identity()
2026-09-15T04:16:52.313Z       )
2026-09-15T04:16:52.313Z       (feed_forward): FeedForward(
2026-09-15T04:16:52.313Z         (w1): Linear(in_features=2560, out_features=9216, bias=False)
2026-09-15T04:16:52.313Z         (w2): Linear(in_features=9216, out_features=2560, bias=False)
2026-09-15T04:16:52.313Z         (w3): Linear(in_features=2560, out_features=9216, bias=False)
2026-09-15T04:16:52.313Z       )
2026-09-15T04:16:52.313Z       (feed_forward_norm): QwenRMSNorm((2560,), eps=1e-06)
2026-09-15T04:16:52.313Z       (feed_forward_residual_stream): ResidualStream(
2026-09-15T04:16:52.313Z         (dropout): Identity()
2026-09-15T04:16:52.313Z       )
2026-09-15T04:16:52.313Z     )
2026-09-15T04:16:52.313Z     (29): TransformerBlock(
2026-09-15T04:16:52.313Z       (attention): GatedDeltaNet(
2026-09-15T04:16:52.313Z         (w_q): Linear(in_features=2560, out_features=2048, bias=False)
2026-09-15T04:16:52.313Z         (w_k): Linear(in_features=2560, out_features=2048, bias=False)
2026-09-15T04:16:52.313Z         (w_v): Linear(in_features=2560, out_features=4096, bias=False)
2026-09-15T04:16:52.313Z         (w_a): Linear(in_features=2560, out_features=32, bias=False)
2026-09-15T04:16:52.313Z         (w_b): Linear(in_features=2560, out_features=32, bias=False)
2026-09-15T04:16:52.313Z         (q_conv1d): CausalConv1d(2048, 2048, kernel_size=(4,), stride=(1,), padding=(3,), groups=2048, bias=False)
2026-09-15T04:16:52.313Z         (k_conv1d): CausalConv1d(2048, 2048, kernel_size=(4,), stride=(1,), padding=(3,), groups=2048, bias=False)
2026-09-15T04:16:52.313Z         (v_conv1d): CausalConv1d(4096, 4096, kernel_size=(4,), stride=(1,), padding=(3,), groups=4096, bias=False)
2026-09-15T04:16:52.313Z         (w_g): Linear(in_features=2560, out_features=4096, bias=False)
2026-09-15T04:16:52.313Z         (o_norm): FusedRMSNormGated(128, eps=1e-06, activation=swish)
2026-09-15T04:16:52.313Z         (w_out): Linear(in_features=4096, out_features=2560, bias=False)
2026-09-15T04:16:52.313Z       )
2026-09-15T04:16:52.313Z       (attention_norm): QwenRMSNorm((2560,), eps=1e-06)
2026-09-15T04:16:52.313Z       (attention_residual_stream): ResidualStream(
2026-09-15T04:16:52.313Z         (dropout): Identity()
2026-09-15T04:16:52.313Z       )
2026-09-15T04:16:52.313Z       (feed_forward): FeedForward(
2026-09-15T04:16:52.313Z         (w1): Linear(in_features=2560, out_features=9216, bias=False)
2026-09-15T04:16:52.313Z         (w2): Linear(in_features=9216, out_features=2560, bias=False)
2026-09-15T04:16:52.313Z         (w3): Linear(in_features=2560, out_features=9216, bias=False)
2026-09-15T04:16:52.313Z       )
2026-09-15T04:16:52.313Z       (feed_forward_norm): QwenRMSNorm((2560,), eps=1e-06)
2026-09-15T04:16:52.313Z       (feed_forward_residual_stream): ResidualStream(
2026-09-15T04:16:52.313Z         (dropout): Identity()
2026-09-15T04:16:52.313Z       )
2026-09-15T04:16:52.313Z     )
2026-09-15T04:16:52.313Z     (30): TransformerBlock(
2026-09-15T04:16:52.313Z       (attention): GatedDeltaNet(
2026-09-15T04:16:52.313Z         (w_q): Linear(in_features=2560, out_features=2048, bias=False)
2026-09-15T04:16:52.313Z         (w_k): Linear(in_features=2560, out_features=2048, bias=False)
2026-09-15T04:16:52.313Z         (w_v): Linear(in_features=2560, out_features=4096, bias=False)
2026-09-15T04:16:52.313Z         (w_a): Linear(in_features=2560, out_features=32, bias=False)
2026-09-15T04:16:52.313Z         (w_b): Linear(in_features=2560, out_features=32, bias=False)
2026-09-15T04:16:52.313Z         (q_conv1d): CausalConv1d(2048, 2048, kernel_size=(4,), stride=(1,), padding=(3,), groups=2048, bias=False)
2026-09-15T04:16:52.313Z         (k_conv1d): CausalConv1d(2048, 2048, kernel_size=(4,), stride=(1,), padding=(3,), groups=2048, bias=False)
2026-09-15T04:16:52.313Z         (v_conv1d): CausalConv1d(4096, 4096, kernel_size=(4,), stride=(1,), padding=(3,), groups=4096, bias=False)
2026-09-15T04:16:52.313Z         (w_g): Linear(in_features=2560, out_features=4096, bias=False)
2026-09-15T04:16:52.313Z         (o_norm): FusedRMSNormGated(128, eps=1e-06, activation=swish)
2026-09-15T04:16:52.313Z         (w_out): Linear(in_features=4096, out_features=2560, bias=False)
2026-09-15T04:16:52.313Z       )
2026-09-15T04:16:52.313Z       (attention_norm): QwenRMSNorm((2560,), eps=1e-06)
2026-09-15T04:16:52.313Z       (attention_residual_stream): ResidualStream(
2026-09-15T04:16:52.313Z         (dropout): Identity()
2026-09-15T04:16:52.313Z       )
2026-09-15T04:16:52.313Z       (feed_forward): FeedForward(
2026-09-15T04:16:52.313Z         (w1): Linear(in_features=2560, out_features=9216, bias=False)
2026-09-15T04:16:52.313Z         (w2): Linear(in_features=9216, out_features=2560, bias=False)
2026-09-15T04:16:52.313Z         (w3): Linear(in_features=2560, out_features=9216, bias=False)
2026-09-15T04:16:52.313Z       )
2026-09-15T04:16:52.313Z       (feed_forward_norm): QwenRMSNorm((2560,), eps=1e-06)
2026-09-15T04:16:52.313Z       (feed_forward_residual_stream): ResidualStream(
2026-09-15T04:16:52.313Z         (dropout): Identity()
2026-09-15T04:16:52.313Z       )
2026-09-15T04:16:52.313Z     )
2026-09-15T04:16:52.313Z     (31): TransformerBlock(
2026-09-15T04:16:52.313Z       (attention): Attention(
2026-09-15T04:16:52.313Z         (w_q): Linear(in_features=2560, out_features=4096, bias=False)
2026-09-15T04:16:52.313Z         (w_k): Linear(in_features=2560, out_features=1024, bias=False)
2026-09-15T04:16:52.313Z         (w_v): Linear(in_features=2560, out_features=1024, bias=False)
2026-09-15T04:16:52.313Z         (w_out): Linear(in_features=4096, out_features=2560, bias=False)
2026-09-15T04:16:52.313Z         (w_g): Linear(in_features=2560, out_features=4096, bias=False)
2026-09-15T04:16:52.313Z         (q_norm): QwenRMSNorm((256,), eps=1e-06)
2026-09-15T04:16:52.313Z         (k_norm): QwenRMSNorm((256,), eps=1e-06)
2026-09-15T04:16:52.313Z         (rope): RotaryEmbedding()
2026-09-15T04:16:52.313Z         (backend): FlashAttention2Backend()
2026-09-15T04:16:52.313Z       )
2026-09-15T04:16:52.313Z       (attention_norm): QwenRMSNorm((2560,), eps=1e-06)
2026-09-15T04:16:52.313Z       (attention_residual_stream): ResidualStream(
2026-09-15T04:16:52.313Z         (dropout): Identity()
2026-09-15T04:16:52.313Z       )
2026-09-15T04:16:52.313Z       (feed_forward): FeedForward(
2026-09-15T04:16:52.313Z         (w1): Linear(in_features=2560, out_features=9216, bias=False)
2026-09-15T04:16:52.313Z         (w2): Linear(in_features=9216, out_features=2560, bias=False)
2026-09-15T04:16:52.313Z         (w3): Linear(in_features=2560, out_features=9216, bias=False)
2026-09-15T04:16:52.313Z       )
2026-09-15T04:16:52.313Z       (feed_forward_norm): QwenRMSNorm((2560,), eps=1e-06)
2026-09-15T04:16:52.313Z       (feed_forward_residual_stream): ResidualStream(
2026-09-15T04:16:52.313Z         (dropout): Identity()
2026-09-15T04:16:52.313Z       )
2026-09-15T04:16:52.313Z     )
2026-09-15T04:16:52.313Z   )
2026-09-15T04:16:52.313Z   (lm_head): LMHead(
2026-09-15T04:16:52.313Z     (norm): QwenRMSNorm((2560,), eps=1e-06)
2026-09-15T04:16:52.313Z     (w_out): Linear(in_features=2560, out_features=248320, bias=False)
2026-09-15T04:16:52.313Z   )
2026-09-15T04:16:52.313Z )
2026-09-15T04:16:52.313Z [2;36m[2026-09-15 04:16:52][0m [34mINFO    [0m [2m[olmo_core.nn.transformer.config:447, 0f8858c49d67, rank=0][0m Built model with:
2026-09-15T04:16:52.313Z - 4,841,450,496 total params
2026-09-15T04:16:52.313Z - 4,205,751,296 non-embedding params
2026-09-15T04:16:52.313Z - 4,841,450,496 trainable params
2026-09-15T04:16:52.314Z [ctc-suite] softtoken: header_stop_id=5491 (count 1) detach_gdn=True detach=True len_bias=False distill_prob=0.0 keep_mode=gold_plus_random n_random=128 keep_frac=None gold_blind=True keep_prob=0.5 mix=(0.0->0.0 over 496/496 calls)
2026-09-15T04:16:52.340Z [2;36m[2026-09-15 04:16:52][0m [34mINFO    [0m [2m[olmo_core.distributed.parallel:246, 0f8858c49d67, rank=0][0m Built 1D device mesh with shape (dp=2,)
2026-09-15T04:16:52.341Z [2;36m[2026-09-15 04:16:52][0m [34mINFO    [0m [2m[olmo_core.train.train_module.transformer.train_module:142, 0f8858c49d67, rank=0][0m Data parallel world size = 2
2026-09-15T04:16:52.342Z [2;36m[2026-09-15 04:16:52][0m [34mINFO    [0m [2m[olmo_core.train.train_module.transformer.common:103, 0f8858c49d67, rank=0][0m Applied 'full' activation checkpointing to the model
2026-09-15T04:16:52.521Z [2;36m[2026-09-15 04:16:52][0m [34mINFO    [0m [2m[olmo_core.train.train_module.transformer.common:136, 0f8858c49d67, rank=0][0m Applied FSDP to the model with 1D device mesh with shape (dp=2,)
2026-09-15T04:16:52.522Z [2;36m[2026-09-15 04:16:52][0m [34mINFO    [0m [2m[olmo_core.train.train_module.transformer.common:147, 0f8858c49d67, rank=0][0m Initializing model weights...
2026-09-15T04:16:52.794Z NCCL version 2.27.5+cuda12.9
2026-09-15T04:16:54.093Z [2;36m[2026-09-15 04:16:54][0m [34mINFO    [0m [2m[olmo_core.train.train_module.transformer.train_module:200, 0f8858c49d67, rank=0][0m Building optimizer...
2026-09-15T04:16:54.096Z [2;36m[2026-09-15 04:16:54][0m [34mINFO    [0m [2m[olmo_core.optim.config:202, 0f8858c49d67, rank=0][0m Building SkipStepAdamW optimizer with 2 param group(s)...
2026-09-15T04:16:54.096Z [2;36m[2026-09-15 04:16:54][0m [34mINFO    [0m [2m[olmo_core.optim.config:210, 0f8858c49d67, rank=0][0m Group 0, 1 parameter(s):
2026-09-15T04:16:54.096Z  - weight_decay: 0.0
2026-09-15T04:16:54.096Z  - lr: 5e-06
2026-09-15T04:16:54.096Z  - betas: (0.9, 0.95)
2026-09-15T04:16:54.096Z  - eps: 1e-08
2026-09-15T04:16:54.096Z  - initial_lr: 5e-06
2026-09-15T04:16:54.096Z [2;36m[2026-09-15 04:16:54][0m [34mINFO    [0m [2m[olmo_core.optim.config:210, 0f8858c49d67, rank=0][0m Group 1, 534 parameter(s):
2026-09-15T04:16:54.096Z  - lr: 5e-06
2026-09-15T04:16:54.096Z  - betas: (0.9, 0.95)
2026-09-15T04:16:54.096Z  - eps: 1e-08
2026-09-15T04:16:54.096Z  - weight_decay: 0.0
2026-09-15T04:16:54.096Z  - initial_lr: 5e-06
2026-09-15T04:16:54.097Z [2;36m[2026-09-15 04:16:54][0m [34mINFO    [0m [2m[olmo_core.data.composable.numpy_document_source:778, 0f8858c49d67, rank=0][0m Assuming dtype 'uint32' based on vocab size
2026-09-15T04:16:54.097Z [2;36m[2026-09-15 04:16:54][0m [34mINFO    [0m [2m[olmo_core.data.composable.numpy_document_source:232, 0f8858c49d67, rank=0][0m Expanding globs...
2026-09-15T04:16:54.102Z [2;36m[2026-09-15 04:16:54][0m [34mINFO    [0m [2m[olmo_core.data.composable.numpy_document_source:257, 0f8858c49d67, rank=0][0m Expanded '/weka/oe-training-default/ai2-llm/checkpoints/prasanns/ds64/fast2k/shards/outlier_f4M/token_ids_part_*.npy' into 1 paths:
2026-09-15T04:16:54.102Z - '/weka/oe-training-default/ai2-llm/checkpoints/prasanns/ds64/fast2k/shards/outlier_f4M/token_ids_part_000000.npy'
2026-09-15T04:16:54.102Z [2;36m[2026-09-15 04:16:54][0m [34mINFO    [0m [2m[olmo_core.data.composable.numpy_document_source:232, 0f8858c49d67, rank=0][0m Expanding globs...
2026-09-15T04:16:54.103Z [2;36m[2026-09-15 04:16:54][0m [34mINFO    [0m [2m[olmo_core.data.composable.numpy_document_source:257, 0f8858c49d67, rank=0][0m Expanded '/weka/oe-training-default/ai2-llm/checkpoints/prasanns/ds64/fast2k/shards/outlier_f4M/labels_mask_*.npy' into 1 paths:
2026-09-15T04:16:54.103Z - '/weka/oe-training-default/ai2-llm/checkpoints/prasanns/ds64/fast2k/shards/outlier_f4M/labels_mask_part_000000.npy'
2026-09-15T04:16:54.104Z 
2026-09-15T04:16:54.128Z [1;36m PadToLengthInstanceSource[0m[36m(5c510d5)[0m: [32m8.0M[0m tokens
2026-09-15T04:16:54.128Z └─ [1;36m NumpyDocumentSource[0m[36m(9ab04fc)[0m: [32m4.3M[0m tokens[35m [/weka/oe-trai.../shards/outlier_f4M/token_ids_part_*.npy][0m
2026-09-15T04:16:54.128Z 
2026-09-15T04:16:54.130Z [2;36m[2026-09-15 04:16:54][0m [34mINFO    [0m [2m[olmo_core.train.trainer:373, 0f8858c49d67, rank=0][0m Creating new process group for async bookkeeping
2026-09-15T04:16:54.131Z [Gloo] Rank 0 is connected to 1 peer ranks. Expected number of connected peer ranks is : 1
2026-09-15T04:16:54.131Z [Gloo] Rank 1 is connected to 1 peer ranks. Expected number of connected peer ranks is : 1
2026-09-15T04:17:20.569Z [ctc-suite] tolerant base load from /weka/oe-training-default/ai2-llm/checkpoints/prasanns/ctc_suite/bases/q35-4b-base-markerfix/model_and_optim: 531 keys loaded, 4 new keys re-initialized deterministically (e.g. ['pooled_projector.w_in.bias', 'pooled_projector.w_in.weight']); ['pooled_projector: reset_parameters()']
2026-09-15T04:17:20.646Z [ctc-suite] tolerant base load from /weka/oe-training-default/ai2-llm/checkpoints/prasanns/ctc_suite/bases/q35-4b-base-markerfix/model_and_optim: 531 keys loaded, 4 new keys re-initialized deterministically (e.g. ['pooled_projector.w_in.bias', 'pooled_projector.w_in.weight']); ['pooled_projector: reset_parameters()']
2026-09-15T04:17:21.630Z [2;36m[2026-09-15 04:17:21][0m [33mWARNING [0m [2m[olmo_core.train.trainer:706, 0f8858c49d67, rank=0][0m No checkpoint found in save folder ('/weka/oe-training-default/ai2-llm/checkpoints/prasanns/ctc_suite/ckpts/f2k-outlier-xhdr50-4M') or load path ('None'), will train from scratch...
2026-09-15T04:17:21.631Z [2;36m[2026-09-15 04:17:21][0m [33mWARNING [0m [2m[olmo_core.train.trainer:706, 0f8858c49d67, rank=1][0m No checkpoint found in save folder ('/weka/oe-training-default/ai2-llm/checkpoints/prasanns/ctc_suite/ckpts/f2k-outlier-xhdr50-4M') or load path ('None'), will train from scratch...
2026-09-15T04:17:21.632Z [2;36m[2026-09-15 04:17:21][0m [34mINFO    [0m [2m[olmo_core.train.trainer:713, 0f8858c49d67, rank=0][0m Callback order:
2026-09-15T04:17:21.632Z [2;36m[2026-09-15 04:17:21][0m [34mINFO    [0m [2m[olmo_core.train.trainer:715, 0f8858c49d67, rank=0][0m   - Callback 1: checkpointer
2026-09-15T04:17:21.632Z [2;36m[2026-09-15 04:17:21][0m [34mINFO    [0m [2m[olmo_core.train.trainer:715, 0f8858c49d67, rank=0][0m   - Callback 2: config_saver
2026-09-15T04:17:21.632Z [2;36m[2026-09-15 04:17:21][0m [34mINFO    [0m [2m[olmo_core.train.trainer:715, 0f8858c49d67, rank=0][0m   - Callback 3: wandb
2026-09-15T04:17:21.632Z [2;36m[2026-09-15 04:17:21][0m [34mINFO    [0m [2m[olmo_core.train.trainer:715, 0f8858c49d67, rank=0][0m   - Callback 4: flop_meter
2026-09-15T04:17:21.632Z [2;36m[2026-09-15 04:17:21][0m [34mINFO    [0m [2m[olmo_core.train.trainer:715, 0f8858c49d67, rank=0][0m   - Callback 5: console_logger
2026-09-15T04:17:21.633Z [2;36m[2026-09-15 04:17:21][0m [34mINFO    [0m [2m[olmo_core.train.trainer:715, 0f8858c49d67, rank=0][0m   - Callback 6: garbage_collector
2026-09-15T04:17:21.633Z [2;36m[2026-09-15 04:17:21][0m [34mINFO    [0m [2m[olmo_core.train.trainer:715, 0f8858c49d67, rank=0][0m   - Callback 7: gpu_monitor
2026-09-15T04:17:21.633Z [2;36m[2026-09-15 04:17:21][0m [34mINFO    [0m [2m[olmo_core.train.trainer:715, 0f8858c49d67, rank=0][0m   - Callback 8: speed_monitor
2026-09-15T04:17:21.633Z [2;36m[2026-09-15 04:17:21][0m [34mINFO    [0m [2m[olmo_core.train.trainer:718, 0f8858c49d67, rank=0][0m Training for 61 steps
2026-09-15T04:17:22.439Z wandb: Currently logged in as: prasanns (allennlp) to https://api.wandb.ai. Use `wandb login --relogin` to force relogin
2026-09-15T04:17:23.252Z wandb: setting up run 10ds615k
2026-09-15T04:17:23.256Z wandb: Tracking run with wandb version 0.23.0
2026-09-15T04:17:23.256Z wandb: Run data is saved locally in /weka/oe-training-default/ai2-llm/checkpoints/prasanns/ctc_suite/ckpts/f2k-outlier-xhdr50-4M/wandb/wandb/run-20260915_041722-10ds615k
2026-09-15T04:17:23.256Z wandb: Run `wandb offline` to turn off syncing.
2026-09-15T04:17:23.256Z wandb: Syncing run f2k-outlier-xhdr50-4M
2026-09-15T04:17:23.256Z wandb: ⭐️ View project at https://wandb.ai/prasanns-allen-institute-for-ai/memory-networks
2026-09-15T04:17:23.256Z wandb: 🚀 View run at https://wandb.ai/prasanns-allen-institute-for-ai/memory-networks/runs/10ds615k
2026-09-15T04:17:23.432Z [2;36m[2026-09-15 04:17:23][0m [34mINFO    [0m [2m[olmo_core.train.callbacks.garbage_collector:33, 0f8858c49d67, rank=0][0m Automatic GC disabled for training, will run GC every 1000 steps
2026-09-15T04:17:23.433Z [2;36m[2026-09-15 04:17:23][0m [34mINFO    [0m [2m[olmo_core.train.callbacks.gpu_memory_monitor:41, 0f8858c49d67, rank=0][0m GPU capacity: NVIDIA A100-SXM4-80GB with 79.25GiB memory of which 9.06GiB is currently allocated and 9.07GiB is currently reserved.
2026-09-15T04:17:23.434Z [2;36m[2026-09-15 04:17:23][0m [34mINFO    [0m [2m[olmo_core.train.callbacks.speed_monitor:114, 0f8858c49d67, rank=0][0m Device: NVIDIA A100-SXM4-80GB, Device peak Flops/s: 312000000000000
2026-09-15T04:17:23.454Z [2;36m[2026-09-15 04:17:23][0m [34mINFO    [0m [2m[olmo_core.train.trainer:1452, 0f8858c49d67, rank=0][0m Starting forward/backward dry-run batch...
2026-09-15T04:23:21.501Z [2;36m[2026-09-15 04:23:21][0m [34mINFO    [0m [2m[olmo_core.train.trainer:1454, 0f8858c49d67, rank=0][0m Dry-run complete
2026-09-15T04:23:21.503Z [2;36m[2026-09-15 04:23:21][0m [34mINFO    [0m [2m[olmo_core.data.composable.data_loader:570, 0f8858c49d67, rank=0][0m Using existing global indices file for seed 34521 and epoch 1 at:
2026-09-15T04:23:21.503Z '/weka/oe-training-default/ai2-llm/checkpoints/prasanns/dataset-cache-ctc-suite/global_indices_epoch1_max_seq_len4096_seed34521_seq_len4096_shuffleinter_source_size1953_v1.npy'
2026-09-15T04:23:21.505Z [2;36m[2026-09-15 04:23:21][0m [34mINFO    [0m [2m[olmo_core.train.trainer:1459, 0f8858c49d67, rank=0][0m Starting epoch 1...
2026-09-15T04:23:27.299Z Supported flash-attn versions are >= 2.1.1, <= 2.8.1. Found flash-attn 2.8.2.
2026-09-15T04:23:27.302Z Supported flash-attn versions are >= 2.1.1, <= 2.8.1. Found flash-attn 2.8.2.
2026-09-15T04:23:27.396Z Supported flash-attn versions are >= 2.1.1, <= 2.8.1. Found flash-attn 2.8.2.
2026-09-15T04:23:27.399Z Supported flash-attn versions are >= 2.1.1, <= 2.8.1. Found flash-attn 2.8.2.
2026-09-15T04:23:34.244Z Supported flash-attn versions are >= 2.1.1, <= 2.8.1. Found flash-attn 2.8.2.
2026-09-15T04:23:34.247Z Supported flash-attn versions are >= 2.1.1, <= 2.8.1. Found flash-attn 2.8.2.
2026-09-15T04:23:34.412Z Supported flash-attn versions are >= 2.1.1, <= 2.8.1. Found flash-attn 2.8.2.
2026-09-15T04:23:34.416Z Supported flash-attn versions are >= 2.1.1, <= 2.8.1. Found flash-attn 2.8.2.
2026-09-15T04:25:50.721Z [2;36m[2026-09-15 04:25:50][0m [34mINFO    [0m [2m[olmo_core.train.callbacks.console_logger:68, 0f8858c49d67, rank=0][0m [step=1/61,epoch=1]
2026-09-15T04:25:50.721Z     gpu_memory/GPU active mem (%)=76.00
2026-09-15T04:25:50.721Z     gpu_memory/GPU active mem (GiB)=60.23
2026-09-15T04:25:50.721Z     gpu_memory/GPU reserved mem (%)=81.32
2026-09-15T04:25:50.721Z     gpu_memory/GPU reserved mem (GiB)=64.45
2026-09-15T04:25:50.721Z     optim/LR (group 0)=2.50E-06
2026-09-15T04:25:50.721Z     optim/LR (group 1)=2.50E-06
2026-09-15T04:25:50.721Z     optim/step skipped=0.0
2026-09-15T04:25:50.721Z     optim/total grad norm=87.40
2026-09-15T04:25:50.721Z     train/CE loss=1.060
2026-09-15T04:25:50.721Z     throughput/device/data loading (s)=14.21
2026-09-15T04:25:50.721Z     train/PPL=2.887
2026-09-15T04:25:50.722Z [2;36m[2026-09-15 04:25:50][0m [33mWARNING [0m [2m[py.warnings:112, 0f8858c49d67, rank=0][0m /opt/conda/lib/python3.12/site-packages/torch/distributed/utils.py:106: UserWarning: called a synchronizing CUDA operation (Triggered internally at /pytorch/c10/cuda/CUDAFunctions.cpp:162.)
2026-09-15T04:25:50.722Z   return (obj.to(target_device),)
2026-09-15T04:25:50.722Z 
2026-09-15T04:25:50.725Z [2;36m[2026-09-15 04:25:50][0m [33mWARNING [0m [2m[py.warnings:112, 0f8858c49d67, rank=0][0m /opt/conda/lib/python3.12/site-packages/olmo_core/nn/transformer/model.py:777: UserWarning: called a synchronizing CUDA operation (Triggered internally at /pytorch/c10/cuda/CUDAFunctions.cpp:162.)
2026-09-15T04:25:50.725Z   n_docs = int(chunk_ids.max().item()) + 1
2026-09-15T04:25:50.725Z 
2026-09-15T04:25:50.734Z [2;36m[2026-09-15 04:25:50][0m [33mWARNING [0m [2m[py.warnings:112, 0f8858c49d67, rank=0][0m /opt/conda/lib/python3.12/site-packages/olmo_core/nn/transformer/model.py:834: UserWarning: called a synchronizing CUDA operation (Triggered internally at /pytorch/c10/cuda/CUDAFunctions.cpp:162.)
2026-09-15T04:25:50.734Z   flat = (torch.arange(B, device=emb.device)[:, None] * n_docs + cid.clamp(min=0)).reshape(
2026-09-15T04:25:50.734Z 
2026-09-15T04:25:50.735Z [2;36m[2026-09-15 04:25:50][0m [33mWARNING [0m [2m[py.warnings:112, 0f8858c49d67, rank=1][0m /opt/conda/lib/python3.12/site-packages/olmo_core/nn/transformer/model.py:834: UserWarning: called a synchronizing CUDA operation (Triggered internally at /pytorch/c10/cuda/CUDAFunctions.cpp:162.)
2026-09-15T04:25:50.735Z   flat = (torch.arange(B, device=emb.device)[:, None] * n_docs + cid.clamp(min=0)).reshape(
2026-09-15T04:25:50.735Z 
2026-09-15T04:25:50.735Z [2;36m[2026-09-15 04:25:50][0m [33mWARNING [0m [2m[py.warnings:112, 0f8858c49d67, rank=0][0m /opt/conda/lib/python3.12/site-packages/olmo_core/nn/transformer/model.py:838: UserWarning: called a synchronizing CUDA operation (Triggered internally at /pytorch/c10/cuda/CUDAFunctions.cpp:162.)
2026-09-15T04:25:50.735Z   0, flat, emb.reshape(B * T, D)[is_ctx.reshape(-1)]
2026-09-15T04:25:50.735Z 
2026-09-15T04:25:50.735Z [2;36m[2026-09-15 04:25:50][0m [33mWARNING [0m [2m[py.warnings:112, 0f8858c49d67, rank=1][0m /opt/conda/lib/python3.12/site-packages/olmo_core/nn/transformer/model.py:838: UserWarning: called a synchronizing CUDA operation (Triggered internally at /pytorch/c10/cuda/CUDAFunctions.cpp:162.)
2026-09-15T04:25:50.735Z   0, flat, emb.reshape(B * T, D)[is_ctx.reshape(-1)]
2026-09-15T04:25:50.735Z 
2026-09-15T04:25:50.745Z [2;36m[2026-09-15 04:25:50][0m [33mWARNING [0m [2m[py.warnings:112, 0f8858c49d67, rank=0][0m /opt/conda/lib/python3.12/site-packages/olmo_core/nn/pooled_soft_token.py:173: UserWarning: called a synchronizing CUDA operation (Triggered internally at /pytorch/c10/cuda/CUDAFunctions.cpp:162.)
2026-09-15T04:25:50.745Z   kept_idx = kept_tok.nonzero(as_tuple=True)[0]
2026-09-15T04:25:50.745Z 
2026-09-15T04:25:50.745Z [2;36m[2026-09-15 04:25:50][0m [33mWARNING [0m [2m[py.warnings:112, 0f8858c49d67, rank=1][0m /opt/conda/lib/python3.12/site-packages/olmo_core/nn/pooled_soft_token.py:173: UserWarning: called a synchronizing CUDA operation (Triggered internally at /pytorch/c10/cuda/CUDAFunctions.cpp:162.)
2026-09-15T04:25:50.745Z   kept_idx = kept_tok.nonzero(as_tuple=True)[0]
2026-09-15T04:25:50.745Z 
2026-09-15T04:25:50.745Z [2;36m[2026-09-15 04:25:50][0m [33mWARNING [0m [2m[py.warnings:112, 0f8858c49d67, rank=0][0m /opt/conda/lib/python3.12/site-packages/olmo_core/nn/pooled_soft_token.py:179: UserWarning: called a synchronizing CUDA operation (Triggered internally at /pytorch/c10/cuda/CUDAFunctions.cpp:162.)
2026-09-15T04:25:50.745Z   if is_ctx.any():
2026-09-15T04:25:50.745Z 
2026-09-15T04:25:50.745Z [2;36m[2026-09-15 04:25:50][0m [33mWARNING [0m [2m[py.warnings:112, 0f8858c49d67, rank=1][0m /opt/conda/lib/python3.12/site-packages/olmo_core/nn/pooled_soft_token.py:179: UserWarning: called a synchronizing CUDA operation (Triggered internally at /pytorch/c10/cuda/CUDAFunctions.cpp:162.)
2026-09-15T04:25:50.745Z   if is_ctx.any():
2026-09-15T04:25:50.745Z 
2026-09-15T04:25:50.746Z [2;36m[2026-09-15 04:25:50][0m [33mWARNING [0m [2m[py.warnings:112, 0f8858c49d67, rank=0][0m /opt/conda/lib/python3.12/site-packages/olmo_core/nn/pooled_soft_token.py:180: UserWarning: called a synchronizing CUDA operation (Triggered internally at /pytorch/c10/cuda/CUDAFunctions.cpp:162.)
2026-09-15T04:25:50.746Z   d_ix = c[is_ctx]
2026-09-15T04:25:50.746Z 
2026-09-15T04:25:50.746Z [2;36m[2026-09-15 04:25:50][0m [33mWARNING [0m [2m[py.warnings:112, 0f8858c49d67, rank=1][0m /opt/conda/lib/python3.12/site-packages/olmo_core/nn/pooled_soft_token.py:180: UserWarning: called a synchronizing CUDA operation (Triggered internally at /pytorch/c10/cuda/CUDAFunctions.cpp:162.)
2026-09-15T04:25:50.746Z   d_ix = c[is_ctx]
2026-09-15T04:25:50.746Z 
2026-09-15T04:25:50.746Z [2;36m[2026-09-15 04:25:50][0m [33mWARNING [0m [2m[py.warnings:112, 0f8858c49d67, rank=1][0m /opt/conda/lib/python3.12/site-packages/olmo_core/nn/pooled_soft_token.py:181: UserWarning: called a synchronizing CUDA operation (Triggered internally at /pytorch/c10/cuda/CUDAFunctions.cpp:162.)
2026-09-15T04:25:50.746Z   pos_ix = is_ctx.nonzero(as_tuple=True)[0]
2026-09-15T04:25:50.746Z 
2026-09-15T04:25:50.746Z [2;36m[2026-09-15 04:25:50][0m [33mWARNING [0m [2m[py.warnings:112, 0f8858c49d67, rank=0][0m /opt/conda/lib/python3.12/site-packages/olmo_core/nn/pooled_soft_token.py:181: UserWarning: called a synchronizing CUDA operation (Triggered internally at /pytorch/c10/cuda/CUDAFunctions.cpp:162.)
2026-09-15T04:25:50.746Z   pos_ix = is_ctx.nonzero(as_tuple=True)[0]
2026-09-15T04:25:50.746Z 
2026-09-15T04:25:50.747Z [2;36m[2026-09-15 04:25:50][0m [33mWARNING [0m [2m[py.warnings:112, 0f8858c49d67, rank=1][0m /opt/conda/lib/python3.12/site-packages/olmo_core/nn/pooled_soft_token.py:186: UserWarning: called a synchronizing CUDA operation (Triggered internally at /pytorch/c10/cuda/CUDAFunctions.cpp:162.)
2026-09-15T04:25:50.747Z   pooled_docs = pooled.nonzero(as_tuple=True)[0]
2026-09-15T04:25:50.747Z 
2026-09-15T04:25:50.747Z [2;36m[2026-09-15 04:25:50][0m [33mWARNING [0m [2m[py.warnings:112, 0f8858c49d67, rank=0][0m /opt/conda/lib/python3.12/site-packages/olmo_core/nn/pooled_soft_token.py:186: UserWarning: called a synchronizing CUDA operation (Triggered internally at /pytorch/c10/cuda/CUDAFunctions.cpp:162.)
2026-09-15T04:25:50.747Z   pooled_docs = pooled.nonzero(as_tuple=True)[0]
2026-09-15T04:25:50.747Z 
2026-09-15T04:25:50.747Z [2;36m[2026-09-15 04:25:50][0m [33mWARNING [0m [2m[py.warnings:112, 0f8858c49d67, rank=1][0m /opt/conda/lib/python3.12/site-packages/olmo_core/nn/pooled_soft_token.py:217: UserWarning: called a synchronizing CUDA operation (Triggered internally at /pytorch/c10/cuda/CUDAFunctions.cpp:162.)
2026-09-15T04:25:50.747Z   doc_len = torch.bincount(c[is_ctx], minlength=n_docs) if is_ctx.any() else torch.zeros(n_docs, dtype=torch.long, device=device)
2026-09-15T04:25:50.747Z 
2026-09-15T04:25:50.748Z [2;36m[2026-09-15 04:25:50][0m [33mWARNING [0m [2m[py.warnings:112, 0f8858c49d67, rank=0][0m /opt/conda/lib/python3.12/site-packages/olmo_core/nn/pooled_soft_token.py:217: UserWarning: called a synchronizing CUDA operation (Triggered internally at /pytorch/c10/cuda/CUDAFunctions.cpp:162.)
2026-09-15T04:25:50.748Z   doc_len = torch.bincount(c[is_ctx], minlength=n_docs) if is_ctx.any() else torch.zeros(n_docs, dtype=torch.long, device=device)
2026-09-15T04:25:50.748Z 
2026-09-15T04:25:50.748Z [2;36m[2026-09-15 04:25:50][0m [33mWARNING [0m [2m[py.warnings:112, 0f8858c49d67, rank=1][0m /opt/conda/lib/python3.12/site-packages/olmo_core/nn/pooled_soft_token.py:222: UserWarning: called a synchronizing CUDA operation (Triggered internally at /pytorch/c10/cuda/CUDAFunctions.cpp:162.)
2026-09-15T04:25:50.748Z   soft_cols_b = soft_mask.nonzero(as_tuple=True)[0]
2026-09-15T04:25:50.748Z 
2026-09-15T04:25:50.748Z [2;36m[2026-09-15 04:25:50][0m [33mWARNING [0m [2m[py.warnings:112, 0f8858c49d67, rank=1][0m /opt/conda/lib/python3.12/site-packages/olmo_core/nn/pooled_soft_token.py:226: UserWarning: called a synchronizing CUDA operation (Triggered internally at /pytorch/c10/cuda/CUDAFunctions.cpp:162.)
2026-09-15T04:25:50.748Z   cols_l = soft_cols_b.tolist()
2026-09-15T04:25:50.748Z 
2026-09-15T04:25:50.749Z [2;36m[2026-09-15 04:25:50][0m [33mWARNING [0m [2m[py.warnings:112, 0f8858c49d67, rank=0][0m /opt/conda/lib/python3.12/site-packages/olmo_core/nn/pooled_soft_token.py:222: UserWarning: called a synchronizing CUDA operation (Triggered internally at /pytorch/c10/cuda/CUDAFunctions.cpp:162.)
2026-09-15T04:25:50.749Z   soft_cols_b = soft_mask.nonzero(as_tuple=True)[0]
2026-09-15T04:25:50.749Z 
2026-09-15T04:25:50.749Z [2;36m[2026-09-15 04:25:50][0m [33mWARNING [0m [2m[py.warnings:112, 0f8858c49d67, rank=1][0m /opt/conda/lib/python3.12/site-packages/olmo_core/nn/pooled_soft_token.py:229: UserWarning: called a synchronizing CUDA operation (Triggered internally at /pytorch/c10/cuda/CUDAFunctions.cpp:162.)
2026-09-15T04:25:50.749Z   soft_docs += docs_b.tolist()
2026-09-15T04:25:50.749Z 
2026-09-15T04:25:50.749Z [2;36m[2026-09-15 04:25:50][0m [33mWARNING [0m [2m[py.warnings:112, 0f8858c49d67, rank=1][0m /opt/conda/lib/python3.12/site-packages/olmo_core/nn/pooled_soft_token.py:230: UserWarning: called a synchronizing CUDA operation (Triggered internally at /pytorch/c10/cuda/CUDAFunctions.cpp:162.)
2026-09-15T04:25:50.749Z   soft_log_len += lens_b.tolist()
2026-09-15T04:25:50.749Z 
2026-09-15T04:25:50.749Z [2;36m[2026-09-15 04:25:50][0m [33mWARNING [0m [2m[py.warnings:112, 0f8858c49d67, rank=0][0m /opt/conda/lib/python3.12/site-packages/olmo_core/nn/pooled_soft_token.py:226: UserWarning: called a synchronizing CUDA operation (Triggered internally at /pytorch/c10/cuda/CUDAFunctions.cpp:162.)
2026-09-15T04:25:50.749Z   cols_l = soft_cols_b.tolist()
2026-09-15T04:25:50.749Z 
2026-09-15T04:25:50.750Z [2;36m[2026-09-15 04:25:50][0m [33mWARNING [0m [2m[py.warnings:112, 0f8858c49d67, rank=0][0m /opt/conda/lib/python3.12/site-packages/olmo_core/nn/pooled_soft_token.py:229: UserWarning: called a synchronizing CUDA operation (Triggered internally at /pytorch/c10/cuda/CUDAFunctions.cpp:162.)
2026-09-15T04:25:50.750Z   soft_docs += docs_b.tolist()
2026-09-15T04:25:50.750Z 
2026-09-15T04:25:50.750Z [2;36m[2026-09-15 04:25:50][0m [33mWARNING [0m [2m[py.warnings:112, 0f8858c49d67, rank=0][0m /opt/conda/lib/python3.12/site-packages/olmo_core/nn/pooled_soft_token.py:230: UserWarning: called a synchronizing CUDA operation (Triggered internally at /pytorch/c10/cuda/CUDAFunctions.cpp:162.)
2026-09-15T04:25:50.750Z   soft_log_len += lens_b.tolist()
2026-09-15T04:25:50.750Z 
2026-09-15T04:25:50.751Z [2;36m[2026-09-15 04:25:50][0m [33mWARNING [0m [2m[py.warnings:112, 0f8858c49d67, rank=1][0m /opt/conda/lib/python3.12/site-packages/olmo_core/nn/pooled_soft_token.py:280: UserWarning: called a synchronizing CUDA operation (Triggered internally at /pytorch/c10/cuda/CUDAFunctions.cpp:162.)
2026-09-15T04:25:50.751Z   row_lens[b] = L
2026-09-15T04:25:50.751Z 
2026-09-15T04:25:50.751Z [2;36m[2026-09-15 04:25:50][0m [33mWARNING [0m [2m[py.warnings:112, 0f8858c49d67, rank=1][0m /opt/conda/lib/python3.12/site-packages/olmo_core/nn/pooled_soft_token.py:297: UserWarning: called a synchronizing CUDA operation (Triggered internally at /pytorch/c10/cuda/CUDAFunctions.cpp:162.)
2026-09-15T04:25:50.751Z   soft_rows=torch.tensor(soft_rows, dtype=torch.long, device=device),
2026-09-15T04:25:50.751Z 
2026-09-15T04:25:50.752Z [2;36m[2026-09-15 04:25:50][0m [33mWARNING [0m [2m[py.warnings:112, 0f8858c49d67, rank=1][0m /opt/conda/lib/python3.12/site-packages/olmo_core/nn/pooled_soft_token.py:298: UserWarning: called a synchronizing CUDA operation (Triggered internally at /pytorch/c10/cuda/CUDAFunctions.cpp:162.)
2026-09-15T04:25:50.752Z   soft_cols=torch.tensor(soft_cols, dtype=torch.long, device=device),
2026-09-15T04:25:50.752Z 
2026-09-15T04:25:50.752Z [2;36m[2026-09-15 04:25:50][0m [33mWARNING [0m [2m[py.warnings:112, 0f8858c49d67, rank=1][0m /opt/conda/lib/python3.12/site-packages/olmo_core/nn/pooled_soft_token.py:299: UserWarning: called a synchronizing CUDA operation (Triggered internally at /pytorch/c10/cuda/CUDAFunctions.cpp:162.)
2026-09-15T04:25:50.752Z   soft_docs=torch.tensor(soft_docs, dtype=torch.long, device=device),
2026-09-15T04:25:50.752Z 
2026-09-15T04:25:50.752Z [2;36m[2026-09-15 04:25:50][0m [33mWARNING [0m [2m[py.warnings:112, 0f8858c49d67, rank=0][0m /opt/conda/lib/python3.12/site-packages/olmo_core/nn/pooled_soft_token.py:280: UserWarning: called a synchronizing CUDA operation (Triggered internally at /pytorch/c10/cuda/CUDAFunctions.cpp:162.)
2026-09-15T04:25:50.752Z   row_lens[b] = L
2026-09-15T04:25:50.752Z 
2026-09-15T04:25:50.752Z [2;36m[2026-09-15 04:25:50][0m [33mWARNING [0m [2m[py.warnings:112, 0f8858c49d67, rank=1][0m /opt/conda/lib/python3.12/site-packages/olmo_core/nn/pooled_soft_token.py:301: UserWarning: called a synchronizing CUDA operation (Triggered internally at /pytorch/c10/cuda/CUDAFunctions.cpp:162.)
2026-09-15T04:25:50.752Z   soft_log_len=torch.tensor(soft_log_len, dtype=torch.float32, device=device),
2026-09-15T04:25:50.752Z 
2026-09-15T04:25:50.753Z [2;36m[2026-09-15 04:25:50][0m [33mWARNING [0m [2m[py.warnings:112, 0f8858c49d67, rank=0][0m /opt/conda/lib/python3.12/site-packages/olmo_core/nn/pooled_soft_token.py:297: UserWarning: called a synchronizing CUDA operation (Triggered internally at /pytorch/c10/cuda/CUDAFunctions.cpp:162.)
2026-09-15T04:25:50.753Z   soft_rows=torch.tensor(soft_rows, dtype=torch.long, device=device),
2026-09-15T04:25:50.753Z 
2026-09-15T04:25:50.753Z [2;36m[2026-09-15 04:25:50][0m [33mWARNING [0m [2m[py.warnings:112, 0f8858c49d67, rank=1][0m /opt/conda/lib/python3.12/site-packages/olmo_core/nn/transformer/model.py:1502: UserWarning: called a synchronizing CUDA operation (Triggered internally at /pytorch/c10/cuda/CUDAFunctions.cpp:162.)
2026-09-15T04:25:50.753Z   kv_grad_mask[cb.soft_rows, cb.soft_cols] = False
2026-09-15T04:25:50.753Z 
2026-09-15T04:25:50.753Z [2;36m[2026-09-15 04:25:50][0m [33mWARNING [0m [2m[py.warnings:112, 0f8858c49d67, rank=0][0m /opt/conda/lib/python3.12/site-packages/olmo_core/nn/pooled_soft_token.py:298: UserWarning: called a synchronizing CUDA operation (Triggered internally at /pytorch/c10/cuda/CUDAFunctions.cpp:162.)
2026-09-15T04:25:50.753Z   soft_cols=torch.tensor(soft_cols, dtype=torch.long, device=device),
2026-09-15T04:25:50.753Z 
2026-09-15T04:25:50.753Z [2;36m[2026-09-15 04:25:50][0m [33mWARNING [0m [2m[py.warnings:112, 0f8858c49d67, rank=0][0m /opt/conda/lib/python3.12/site-packages/olmo_core/nn/pooled_soft_token.py:299: UserWarning: called a synchronizing CUDA operation (Triggered internally at /pytorch/c10/cuda/CUDAFunctions.cpp:162.)
2026-09-15T04:25:50.754Z   soft_docs=torch.tensor(soft_docs, dtype=torch.long, device=device),
2026-09-15T04:25:50.754Z 
2026-09-15T04:25:50.754Z [2;36m[2026-09-15 04:25:50][0m [33mWARNING [0m [2m[py.warnings:112, 0f8858c49d67, rank=0][0m /opt/conda/lib/python3.12/site-packages/olmo_core/nn/pooled_soft_token.py:301: UserWarning: called a synchronizing CUDA operation (Triggered internally at /pytorch/c10/cuda/CUDAFunctions.cpp:162.)
2026-09-15T04:25:50.754Z   soft_log_len=torch.tensor(soft_log_len, dtype=torch.float32, device=device),
2026-09-15T04:25:50.754Z 
2026-09-15T04:25:50.755Z [2;36m[2026-09-15 04:25:50][0m [33mWARNING [0m [2m[py.warnings:112, 0f8858c49d67, rank=0][0m /opt/conda/lib/python3.12/site-packages/olmo_core/nn/transformer/model.py:1502: UserWarning: called a synchronizing CUDA operation (Triggered internally at /pytorch/c10/cuda/CUDAFunctions.cpp:162.)
2026-09-15T04:25:50.755Z   kv_grad_mask[cb.soft_rows, cb.soft_cols] = False
2026-09-15T04:25:50.755Z 
2026-09-15T04:26:01.698Z [2;36m[2026-09-15 04:26:01][0m [33mWARNING [0m [2m[py.warnings:112, 0f8858c49d67, rank=1][0m /opt/conda/lib/python3.12/site-packages/liger_kernel/ops/fused_linear_cross_entropy.py:75: UserWarning: called a synchronizing CUDA operation (Triggered internally at /pytorch/c10/cuda/CUDAFunctions.cpp:162.)
2026-09-15T04:26:01.698Z   total_n_non_ignore = target_mask.sum().item()
2026-09-15T04:26:01.698Z 
2026-09-15T04:26:01.706Z [2;36m[2026-09-15 04:26:01][0m [33mWARNING [0m [2m[py.warnings:112, 0f8858c49d67, rank=0][0m /opt/conda/lib/python3.12/site-packages/liger_kernel/ops/fused_linear_cross_entropy.py:75: UserWarning: called a synchronizing CUDA operation (Triggered internally at /pytorch/c10/cuda/CUDAFunctions.cpp:162.)
2026-09-15T04:26:01.706Z   total_n_non_ignore = target_mask.sum().item()
2026-09-15T04:26:01.706Z 
2026-09-15T04:26:02.317Z [2;36m[2026-09-15 04:26:02][0m [33mWARNING [0m [2m[py.warnings:112, 0f8858c49d67, rank=0][0m /opt/conda/lib/python3.12/site-packages/liger_kernel/ops/fused_linear_cross_entropy.py:233: UserWarning: called a synchronizing CUDA operation (Triggered internally at /pytorch/c10/cuda/CUDAFunctions.cpp:162.)
2026-09-15T04:26:02.317Z   if not torch.equal(grad_output, torch.tensor(1.0, device=grad_output.device)):
2026-09-15T04:26:02.317Z 
2026-09-15T04:26:02.333Z [2;36m[2026-09-15 04:26:02][0m [33mWARNING [0m [2m[py.warnings:112, 0f8858c49d67, rank=1][0m /opt/conda/lib/python3.12/site-packages/liger_kernel/ops/fused_linear_cross_entropy.py:233: UserWarning: called a synchronizing CUDA operation (Triggered internally at /pytorch/c10/cuda/CUDAFunctions.cpp:162.)
2026-09-15T04:26:02.333Z   if not torch.equal(grad_output, torch.tensor(1.0, device=grad_output.device)):
2026-09-15T04:26:02.333Z 
2026-09-15T04:26:15.912Z [2;36m[2026-09-15 04:26:15][0m [33mWARNING [0m [2m[py.warnings:112, 0f8858c49d67, rank=1][0m /opt/conda/lib/python3.12/site-packages/torch/autograd/graph.py:841: UserWarning: called a synchronizing CUDA operation (Triggered internally at /pytorch/c10/cuda/CUDAFunctions.cpp:162.)
2026-09-15T04:26:15.912Z   return Variable._execution_engine.run_backward(  # Calls into the C++ engine to run the backward pass
2026-09-15T04:26:15.912Z 
2026-09-15T04:26:15.928Z [2;36m[2026-09-15 04:26:15][0m [33mWARNING [0m [2m[py.warnings:112, 0f8858c49d67, rank=1][0m /opt/conda/lib/python3.12/site-packages/torch/distributed/utils.py:106: UserWarning: called a synchronizing CUDA operation (Triggered internally at /pytorch/c10/cuda/CUDAFunctions.cpp:162.)
2026-09-15T04:26:15.928Z   return (obj.to(target_device),)
2026-09-15T04:26:15.928Z 
2026-09-15T04:26:15.929Z [2;36m[2026-09-15 04:26:15][0m [33mWARNING [0m [2m[py.warnings:112, 0f8858c49d67, rank=0][0m /opt/conda/lib/python3.12/site-packages/torch/autograd/graph.py:841: UserWarning: called a synchronizing CUDA operation (Triggered internally at /pytorch/c10/cuda/CUDAFunctions.cpp:162.)
2026-09-15T04:26:15.929Z   return Variable._execution_engine.run_backward(  # Calls into the C++ engine to run the backward pass
2026-09-15T04:26:15.929Z 
2026-09-15T04:26:15.931Z [2;36m[2026-09-15 04:26:15][0m [33mWARNING [0m [2m[py.warnings:112, 0f8858c49d67, rank=0][0m /opt/conda/lib/python3.12/site-packages/torch/distributed/utils.py:106: UserWarning: called a synchronizing CUDA operation (Triggered internally at /pytorch/c10/cuda/CUDAFunctions.cpp:162.)
2026-09-15T04:26:15.931Z   return (obj.to(target_device),)
2026-09-15T04:26:15.931Z 
2026-09-15T04:26:15.938Z [2;36m[2026-09-15 04:26:15][0m [33mWARNING [0m [2m[py.warnings:112, 0f8858c49d67, rank=1][0m /opt/conda/lib/python3.12/site-packages/olmo_core/nn/transformer/model.py:777: UserWarning: called a synchronizing CUDA operation (Triggered internally at /pytorch/c10/cuda/CUDAFunctions.cpp:162.)
2026-09-15T04:26:15.938Z   n_docs = int(chunk_ids.max().item()) + 1
2026-09-15T04:26:15.938Z 
2026-09-15T04:26:15.938Z [2;36m[2026-09-15 04:26:15][0m [33mWARNING [0m [2m[py.warnings:112, 0f8858c49d67, rank=0][0m /opt/conda/lib/python3.12/site-packages/olmo_core/nn/transformer/model.py:777: UserWarning: called a synchronizing CUDA operation (Triggered internally at /pytorch/c10/cuda/CUDAFunctions.cpp:162.)
2026-09-15T04:26:15.938Z   n_docs = int(chunk_ids.max().item()) + 1
2026-09-15T04:26:15.938Z 
2026-09-15T04:26:15.947Z [2;36m[2026-09-15 04:26:15][0m [33mWARNING [0m [2m[py.warnings:112, 0f8858c49d67, rank=1][0m /opt/conda/lib/python3.12/site-packages/olmo_core/nn/transformer/model.py:834: UserWarning: called a synchronizing CUDA operation (Triggered internally at /pytorch/c10/cuda/CUDAFunctions.cpp:162.)
2026-09-15T04:26:15.947Z   flat = (torch.arange(B, device=emb.device)[:, None] * n_docs + cid.clamp(min=0)).reshape(
2026-09-15T04:26:15.947Z 
2026-09-15T04:26:15.947Z [2;36m[2026-09-15 04:26:15][0m [33mWARNING [0m [2m[py.warnings:112, 0f8858c49d67, rank=0][0m /opt/conda/lib/python3.12/site-packages/olmo_core/nn/transformer/model.py:834: UserWarning: called a synchronizing CUDA operation (Triggered internally at /pytorch/c10/cuda/CUDAFunctions.cpp:162.)
2026-09-15T04:26:15.947Z   flat = (torch.arange(B, device=emb.device)[:, None] * n_docs + cid.clamp(min=0)).reshape(
2026-09-15T04:26:15.947Z 
2026-09-15T04:26:15.948Z [2;36m[2026-09-15 04:26:15][0m [33mWARNING [0m [2m[py.warnings:112, 0f8858c49d67, rank=1][0m /opt/conda/lib/python3.12/site-packages/olmo_core/nn/transformer/model.py:838: UserWarning: called a synchronizing CUDA operation (Triggered internally at /pytorch/c10/cuda/CUDAFunctions.cpp:162.)
2026-09-15T04:26:15.948Z   0, flat, emb.reshape(B * T, D)[is_ctx.reshape(-1)]
2026-09-15T04:26:15.948Z 
2026-09-15T04:26:15.948Z [2;36m[2026-09-15 04:26:15][0m [33mWARNING [0m [2m[py.warnings:112, 0f8858c49d67, rank=0][0m /opt/conda/lib/python3.12/site-packages/olmo_core/nn/transformer/model.py:838: UserWarning: called a synchronizing CUDA operation (Triggered internally at /pytorch/c10/cuda/CUDAFunctions.cpp:162.)
2026-09-15T04:26:15.948Z   0, flat, emb.reshape(B * T, D)[is_ctx.reshape(-1)]
2026-09-15T04:26:15.948Z 
2026-09-15T04:26:15.956Z [2;36m[2026-09-15 04:26:15][0m [33mWARNING [0m [2m[py.warnings:112, 0f8858c49d67, rank=0][0m /opt/conda/lib/python3.12/site-packages/olmo_core/nn/pooled_soft_token.py:173: UserWarning: called a synchronizing CUDA operation (Triggered internally at /pytorch/c10/cuda/CUDAFunctions.cpp:162.)
2026-09-15T04:26:15.956Z   kept_idx = kept_tok.nonzero(as_tuple=True)[0]
2026-09-15T04:26:15.956Z 
2026-09-15T04:26:15.956Z [2;36m[2026-09-15 04:26:15][0m [33mWARNING [0m [2m[py.warnings:112, 0f8858c49d67, rank=1][0m /opt/conda/lib/python3.12/site-packages/olmo_core/nn/pooled_soft_token.py:173: UserWarning: called a synchronizing CUDA operation (Triggered internally at /pytorch/c10/cuda/CUDAFunctions.cpp:162.)
2026-09-15T04:26:15.956Z   kept_idx = kept_tok.nonzero(as_tuple=True)[0]
2026-09-15T04:26:15.956Z 
2026-09-15T04:26:15.957Z [2;36m[2026-09-15 04:26:15][0m [33mWARNING [0m [2m[py.warnings:112, 0f8858c49d67, rank=0][0m /opt/conda/lib/python3.12/site-packages/olmo_core/nn/pooled_soft_token.py:179: UserWarning: called a synchronizing CUDA operation (Triggered internally at /pytorch/c10/cuda/CUDAFunctions.cpp:162.)
2026-09-15T04:26:15.957Z   if is_ctx.any():
2026-09-15T04:26:15.957Z 
2026-09-15T04:26:15.957Z [2;36m[2026-09-15 04:26:15][0m [33mWARNING [0m [2m[py.warnings:112, 0f8858c49d67, rank=1][0m /opt/conda/lib/python3.12/site-packages/olmo_core/nn/pooled_soft_token.py:179: UserWarning: called a synchronizing CUDA operation (Triggered internally at /pytorch/c10/cuda/CUDAFunctions.cpp:162.)
2026-09-15T04:26:15.957Z   if is_ctx.any():
2026-09-15T04:26:15.957Z 
2026-09-15T04:26:15.957Z [2;36m[2026-09-15 04:26:15][0m [33mWARNING [0m [2m[py.warnings:112, 0f8858c49d67, rank=1][0m /opt/conda/lib/python3.12/site-packages/olmo_core/nn/pooled_soft_token.py:180: UserWarning: called a synchronizing CUDA operation (Triggered internally at /pytorch/c10/cuda/CUDAFunctions.cpp:162.)
2026-09-15T04:26:15.957Z   d_ix = c[is_ctx]
2026-09-15T04:26:15.957Z 
2026-09-15T04:26:15.957Z [2;36m[2026-09-15 04:26:15][0m [33mWARNING [0m [2m[py.warnings:112, 0f8858c49d67, rank=0][0m /opt/conda/lib/python3.12/site-packages/olmo_core/nn/pooled_soft_token.py:180: UserWarning: called a synchronizing CUDA operation (Triggered internally at /pytorch/c10/cuda/CUDAFunctions.cpp:162.)
2026-09-15T04:26:15.957Z   d_ix = c[is_ctx]
2026-09-15T04:26:15.957Z 
2026-09-15T04:26:15.957Z [2;36m[2026-09-15 04:26:15][0m [33mWARNING [0m [2m[py.warnings:112, 0f8858c49d67, rank=1][0m /opt/conda/lib/python3.12/site-packages/olmo_core/nn/pooled_soft_token.py:181: UserWarning: called a synchronizing CUDA operation (Triggered internally at /pytorch/c10/cuda/CUDAFunctions.cpp:162.)
2026-09-15T04:26:15.957Z   pos_ix = is_ctx.nonzero(as_tuple=True)[0]
2026-09-15T04:26:15.957Z 
2026-09-15T04:26:15.957Z [2;36m[2026-09-15 04:26:15][0m [33mWARNING [0m [2m[py.warnings:112, 0f8858c49d67, rank=0][0m /opt/conda/lib/python3.12/site-packages/olmo_core/nn/pooled_soft_token.py:181: UserWarning: called a synchronizing CUDA operation (Triggered internally at /pytorch/c10/cuda/CUDAFunctions.cpp:162.)
2026-09-15T04:26:15.957Z   pos_ix = is_ctx.nonzero(as_tuple=True)[0]
2026-09-15T04:26:15.957Z 
2026-09-15T04:26:15.958Z [2;36m[2026-09-15 04:26:15][0m [33mWARNING [0m [2m[py.warnings:112, 0f8858c49d67, rank=1][0m /opt/conda/lib/python3.12/site-packages/olmo_core/nn/pooled_soft_token.py:186: UserWarning: called a synchronizing CUDA operation (Triggered internally at /pytorch/c10/cuda/CUDAFunctions.cpp:162.)
2026-09-15T04:26:15.958Z   pooled_docs = pooled.nonzero(as_tuple=True)[0]
2026-09-15T04:26:15.958Z 
2026-09-15T04:26:15.958Z [2;36m[2026-09-15 04:26:15][0m [33mWARNING [0m [2m[py.warnings:112, 0f8858c49d67, rank=0][0m /opt/conda/lib/python3.12/site-packages/olmo_core/nn/pooled_soft_token.py:186: UserWarning: called a synchronizing CUDA operation (Triggered internally at /pytorch/c10/cuda/CUDAFunctions.cpp:162.)
2026-09-15T04:26:15.958Z   pooled_docs = pooled.nonzero(as_tuple=True)[0]
2026-09-15T04:26:15.958Z 
2026-09-15T04:26:15.959Z [2;36m[2026-09-15 04:26:15][0m [33mWARNING [0m [2m[py.warnings:112, 0f8858c49d67, rank=1][0m /opt/conda/lib/python3.12/site-packages/olmo_core/nn/pooled_soft_token.py:217: UserWarning: called a synchronizing CUDA operation (Triggered internally at /pytorch/c10/cuda/CUDAFunctions.cpp:162.)
2026-09-15T04:26:15.959Z   doc_len = torch.bincount(c[is_ctx], minlength=n_docs) if is_ctx.any() else torch.zeros(n_docs, dtype=torch.long, device=device)
2026-09-15T04:26:15.959Z 
2026-09-15T04:26:15.959Z [2;36m[2026-09-15 04:26:15][0m [33mWARNING [0m [2m[py.warnings:112, 0f8858c49d67, rank=0][0m /opt/conda/lib/python3.12/site-packages/olmo_core/nn/pooled_soft_token.py:217: UserWarning: called a synchronizing CUDA operation (Triggered internally at /pytorch/c10/cuda/CUDAFunctions.cpp:162.)
2026-09-15T04:26:15.959Z   doc_len = torch.bincount(c[is_ctx], minlength=n_docs) if is_ctx.any() else torch.zeros(n_docs, dtype=torch.long, device=device)
2026-09-15T04:26:15.959Z 
2026-09-15T04:26:15.959Z [2;36m[2026-09-15 04:26:15][0m [33mWARNING [0m [2m[py.warnings:112, 0f8858c49d67, rank=1][0m /opt/conda/lib/python3.12/site-packages/olmo_core/nn/pooled_soft_token.py:222: UserWarning: called a synchronizing CUDA operation (Triggered internally at /pytorch/c10/cuda/CUDAFunctions.cpp:162.)
2026-09-15T04:26:15.959Z   soft_cols_b = soft_mask.nonzero(as_tuple=True)[0]
2026-09-15T04:26:15.959Z 
2026-09-15T04:26:15.960Z [2;36m[2026-09-15 04:26:15][0m [33mWARNING [0m [2m[py.warnings:112, 0f8858c49d67, rank=0][0m /opt/conda/lib/python3.12/site-packages/olmo_core/nn/pooled_soft_token.py:222: UserWarning: called a synchronizing CUDA operation (Triggered internally at /pytorch/c10/cuda/CUDAFunctions.cpp:162.)
2026-09-15T04:26:15.960Z   soft_cols_b = soft_mask.nonzero(as_tuple=True)[0]
2026-09-15T04:26:15.960Z 
2026-09-15T04:26:15.960Z [2;36m[2026-09-15 04:26:15][0m [33mWARNING [0m [2m[py.warnings:112, 0f8858c49d67, rank=1][0m /opt/conda/lib/python3.12/site-packages/olmo_core/nn/pooled_soft_token.py:226: UserWarning: called a synchronizing CUDA operation (Triggered internally at /pytorch/c10/cuda/CUDAFunctions.cpp:162.)
2026-09-15T04:26:15.960Z   cols_l = soft_cols_b.tolist()
2026-09-15T04:26:15.960Z 
2026-09-15T04:26:15.960Z [2;36m[2026-09-15 04:26:15][0m [33mWARNING [0m [2m[py.warnings:112, 0f8858c49d67, rank=1][0m /opt/conda/lib/python3.12/site-packages/olmo_core/nn/pooled_soft_token.py:229: UserWarning: called a synchronizing CUDA operation (Triggered internally at /pytorch/c10/cuda/CUDAFunctions.cpp:162.)
2026-09-15T04:26:15.960Z   soft_docs += docs_b.tolist()
2026-09-15T04:26:15.960Z 
2026-09-15T04:26:15.960Z [2;36m[2026-09-15 04:26:15][0m [33mWARNING [0m [2m[py.warnings:112, 0f8858c49d67, rank=0][0m /opt/conda/lib/python3.12/site-packages/olmo_core/nn/pooled_soft_token.py:226: UserWarning: called a synchronizing CUDA operation (Triggered internally at /pytorch/c10/cuda/CUDAFunctions.cpp:162.)
2026-09-15T04:26:15.960Z   cols_l = soft_cols_b.tolist()
2026-09-15T04:26:15.960Z 
2026-09-15T04:26:15.960Z [2;36m[2026-09-15 04:26:15][0m [33mWARNING [0m [2m[py.warnings:112, 0f8858c49d67, rank=1][0m /opt/conda/lib/python3.12/site-packages/olmo_core/nn/pooled_soft_token.py:230: UserWarning: called a synchronizing CUDA operation (Triggered internally at /pytorch/c10/cuda/CUDAFunctions.cpp:162.)
2026-09-15T04:26:15.960Z   soft_log_len += lens_b.tolist()
2026-09-15T04:26:15.960Z 
2026-09-15T04:26:15.961Z [2;36m[2026-09-15 04:26:15][0m [33mWARNING [0m [2m[py.warnings:112, 0f8858c49d67, rank=0][0m /opt/conda/lib/python3.12/site-packages/olmo_core/nn/pooled_soft_token.py:229: UserWarning: called a synchronizing CUDA operation (Triggered internally at /pytorch/c10/cuda/CUDAFunctions.cpp:162.)
2026-09-15T04:26:15.961Z   soft_docs += docs_b.tolist()
2026-09-15T04:26:15.961Z 
2026-09-15T04:26:15.961Z [2;36m[2026-09-15 04:26:15][0m [33mWARNING [0m [2m[py.warnings:112, 0f8858c49d67, rank=0][0m /opt/conda/lib/python3.12/site-packages/olmo_core/nn/pooled_soft_token.py:230: UserWarning: called a synchronizing CUDA operation (Triggered internally at /pytorch/c10/cuda/CUDAFunctions.cpp:162.)
2026-09-15T04:26:15.961Z   soft_log_len += lens_b.tolist()
2026-09-15T04:26:15.961Z 
2026-09-15T04:26:15.962Z [2;36m[2026-09-15 04:26:15][0m [33mWARNING [0m [2m[py.warnings:112, 0f8858c49d67, rank=1][0m /opt/conda/lib/python3.12/site-packages/olmo_core/nn/pooled_soft_token.py:280: UserWarning: called a synchronizing CUDA operation (Triggered internally at /pytorch/c10/cuda/CUDAFunctions.cpp:162.)
2026-09-15T04:26:15.962Z   row_lens[b] = L
2026-09-15T04:26:15.962Z 
2026-09-15T04:26:15.963Z [2;36m[2026-09-15 04:26:15][0m [33mWARNING [0m [2m[py.warnings:112, 0f8858c49d67, rank=1][0m /opt/conda/lib/python3.12/site-packages/olmo_core/nn/pooled_soft_token.py:297: UserWarning: called a synchronizing CUDA operation (Triggered internally at /pytorch/c10/cuda/CUDAFunctions.cpp:162.)
2026-09-15T04:26:15.963Z   soft_rows=torch.tensor(soft_rows, dtype=torch.long, device=device),
2026-09-15T04:26:15.963Z 
2026-09-15T04:26:15.963Z [2;36m[2026-09-15 04:26:15][0m [33mWARNING [0m [2m[py.warnings:112, 0f8858c49d67, rank=1][0m /opt/conda/lib/python3.12/site-packages/olmo_core/nn/pooled_soft_token.py:298: UserWarning: called a synchronizing CUDA operation (Triggered internally at /pytorch/c10/cuda/CUDAFunctions.cpp:162.)
2026-09-15T04:26:15.963Z   soft_cols=torch.tensor(soft_cols, dtype=torch.long, device=device),
2026-09-15T04:26:15.963Z 
2026-09-15T04:26:15.963Z [2;36m[2026-09-15 04:26:15][0m [33mWARNING [0m [2m[py.warnings:112, 0f8858c49d67, rank=0][0m /opt/conda/lib/python3.12/site-packages/olmo_core/nn/pooled_soft_token.py:280: UserWarning: called a synchronizing CUDA operation (Triggered internally at /pytorch/c10/cuda/CUDAFunctions.cpp:162.)
2026-09-15T04:26:15.963Z   row_lens[b] = L
2026-09-15T04:26:15.963Z 
2026-09-15T04:26:15.963Z [2;36m[2026-09-15 04:26:15][0m [33mWARNING [0m [2m[py.warnings:112, 0f8858c49d67, rank=1][0m /opt/conda/lib/python3.12/site-packages/olmo_core/nn/pooled_soft_token.py:299: UserWarning: called a synchronizing CUDA operation (Triggered internally at /pytorch/c10/cuda/CUDAFunctions.cpp:162.)
2026-09-15T04:26:15.963Z   soft_docs=torch.tensor(soft_docs, dtype=torch.long, device=device),
2026-09-15T04:26:15.963Z 
2026-09-15T04:26:15.964Z [2;36m[2026-09-15 04:26:15][0m [33mWARNING [0m [2m[py.warnings:112, 0f8858c49d67, rank=1][0m /opt/conda/lib/python3.12/site-packages/olmo_core/nn/pooled_soft_token.py:301: UserWarning: called a synchronizing CUDA operation (Triggered internally at /pytorch/c10/cuda/CUDAFunctions.cpp:162.)
2026-09-15T04:26:15.964Z   soft_log_len=torch.tensor(soft_log_len, dtype=torch.float32, device=device),
2026-09-15T04:26:15.964Z 
2026-09-15T04:26:15.964Z [2;36m[2026-09-15 04:26:15][0m [33mWARNING [0m [2m[py.warnings:112, 0f8858c49d67, rank=0][0m /opt/conda/lib/python3.12/site-packages/olmo_core/nn/pooled_soft_token.py:297: UserWarning: called a synchronizing CUDA operation (Triggered internally at /pytorch/c10/cuda/CUDAFunctions.cpp:162.)
2026-09-15T04:26:15.964Z   soft_rows=torch.tensor(soft_rows, dtype=torch.long, device=device),
2026-09-15T04:26:15.964Z 
2026-09-15T04:26:15.964Z [2;36m[2026-09-15 04:26:15][0m [33mWARNING [0m [2m[py.warnings:112, 0f8858c49d67, rank=1][0m /opt/conda/lib/python3.12/site-packages/olmo_core/nn/transformer/model.py:1502: UserWarning: called a synchronizing CUDA operation (Triggered internally at /pytorch/c10/cuda/CUDAFunctions.cpp:162.)
2026-09-15T04:26:15.964Z   kv_grad_mask[cb.soft_rows, cb.soft_cols] = False
2026-09-15T04:26:15.964Z 
2026-09-15T04:26:15.964Z [2;36m[2026-09-15 04:26:15][0m [33mWARNING [0m [2m[py.warnings:112, 0f8858c49d67, rank=0][0m /opt/conda/lib/python3.12/site-packages/olmo_core/nn/pooled_soft_token.py:298: UserWarning: called a synchronizing CUDA operation (Triggered internally at /pytorch/c10/cuda/CUDAFunctions.cpp:162.)
2026-09-15T04:26:15.964Z   soft_cols=torch.tensor(soft_cols, dtype=torch.long, device=device),
2026-09-15T04:26:15.964Z 
2026-09-15T04:26:15.965Z [2;36m[2026-09-15 04:26:15][0m [33mWARNING [0m [2m[py.warnings:112, 0f8858c49d67, rank=0][0m /opt/conda/lib/python3.12/site-packages/olmo_core/nn/pooled_soft_token.py:299: UserWarning: called a synchronizing CUDA operation (Triggered internally at /pytorch/c10/cuda/CUDAFunctions.cpp:162.)
2026-09-15T04:26:15.965Z   soft_docs=torch.tensor(soft_docs, dtype=torch.long, device=device),
2026-09-15T04:26:15.965Z 
2026-09-15T04:26:15.965Z [2;36m[2026-09-15 04:26:15][0m [33mWARNING [0m [2m[py.warnings:112, 0f8858c49d67, rank=0][0m /opt/conda/lib/python3.12/site-packages/olmo_core/nn/pooled_soft_token.py:301: UserWarning: called a synchronizing CUDA operation (Triggered internally at /pytorch/c10/cuda/CUDAFunctions.cpp:162.)
2026-09-15T04:26:15.965Z   soft_log_len=torch.tensor(soft_log_len, dtype=torch.float32, device=device),
2026-09-15T04:26:15.965Z 
2026-09-15T04:26:15.966Z [2;36m[2026-09-15 04:26:15][0m [33mWARNING [0m [2m[py.warnings:112, 0f8858c49d67, rank=0][0m /opt/conda/lib/python3.12/site-packages/olmo_core/nn/transformer/model.py:1502: UserWarning: called a synchronizing CUDA operation (Triggered internally at /pytorch/c10/cuda/CUDAFunctions.cpp:162.)
2026-09-15T04:26:15.966Z   kv_grad_mask[cb.soft_rows, cb.soft_cols] = False
2026-09-15T04:26:15.966Z 
2026-09-15T04:26:27.590Z [2;36m[2026-09-15 04:26:27][0m [33mWARNING [0m [2m[py.warnings:112, 0f8858c49d67, rank=1][0m /opt/conda/lib/python3.12/site-packages/liger_kernel/ops/fused_linear_cross_entropy.py:75: UserWarning: called a synchronizing CUDA operation (Triggered internally at /pytorch/c10/cuda/CUDAFunctions.cpp:162.)
2026-09-15T04:26:27.591Z   total_n_non_ignore = target_mask.sum().item()
2026-09-15T04:26:27.591Z 
2026-09-15T04:26:27.592Z [2;36m[2026-09-15 04:26:27][0m [33mWARNING [0m [2m[py.warnings:112, 0f8858c49d67, rank=0][0m /opt/conda/lib/python3.12/site-packages/liger_kernel/ops/fused_linear_cross_entropy.py:75: UserWarning: called a synchronizing CUDA operation (Triggered internally at /pytorch/c10/cuda/CUDAFunctions.cpp:162.)
2026-09-15T04:26:27.592Z   total_n_non_ignore = target_mask.sum().item()
2026-09-15T04:26:27.592Z 
2026-09-15T04:26:28.160Z [2;36m[2026-09-15 04:26:28][0m [33mWARNING [0m [2m[py.warnings:112, 0f8858c49d67, rank=1][0m /opt/conda/lib/python3.12/site-packages/liger_kernel/ops/fused_linear_cross_entropy.py:233: UserWarning: called a synchronizing CUDA operation (Triggered internally at /pytorch/c10/cuda/CUDAFunctions.cpp:162.)
2026-09-15T04:26:28.160Z   if not torch.equal(grad_output, torch.tensor(1.0, device=grad_output.device)):
2026-09-15T04:26:28.160Z 
2026-09-15T04:26:28.182Z [2;36m[2026-09-15 04:26:28][0m [33mWARNING [0m [2m[py.warnings:112, 0f8858c49d67, rank=0][0m /opt/conda/lib/python3.12/site-packages/liger_kernel/ops/fused_linear_cross_entropy.py:233: UserWarning: called a synchronizing CUDA operation (Triggered internally at /pytorch/c10/cuda/CUDAFunctions.cpp:162.)
2026-09-15T04:26:28.182Z   if not torch.equal(grad_output, torch.tensor(1.0, device=grad_output.device)):
2026-09-15T04:26:28.182Z 
2026-09-15T04:26:43.882Z [2;36m[2026-09-15 04:26:43][0m [33mWARNING [0m [2m[py.warnings:112, 0f8858c49d67, rank=1][0m /opt/conda/lib/python3.12/site-packages/torch/autograd/graph.py:841: UserWarning: called a synchronizing CUDA operation (Triggered internally at /pytorch/c10/cuda/CUDAFunctions.cpp:162.)
2026-09-15T04:26:43.883Z   return Variable._execution_engine.run_backward(  # Calls into the C++ engine to run the backward pass
2026-09-15T04:26:43.883Z 
2026-09-15T04:26:43.884Z [2;36m[2026-09-15 04:26:43][0m [33mWARNING [0m [2m[py.warnings:112, 0f8858c49d67, rank=0][0m /opt/conda/lib/python3.12/site-packages/torch/autograd/graph.py:841: UserWarning: called a synchronizing CUDA operation (Triggered internally at /pytorch/c10/cuda/CUDAFunctions.cpp:162.)
2026-09-15T04:26:43.884Z   return Variable._execution_engine.run_backward(  # Calls into the C++ engine to run the backward pass
2026-09-15T04:26:43.884Z 
2026-09-15T04:26:43.884Z [2;36m[2026-09-15 04:26:43][0m [33mWARNING [0m [2m[py.warnings:112, 0f8858c49d67, rank=1][0m /opt/conda/lib/python3.12/site-packages/torch/distributed/utils.py:106: UserWarning: called a synchronizing CUDA operation (Triggered internally at /pytorch/c10/cuda/CUDAFunctions.cpp:162.)
2026-09-15T04:26:43.884Z   return (obj.to(target_device),)
2026-09-15T04:26:43.884Z 
2026-09-15T04:26:43.885Z [2;36m[2026-09-15 04:26:43][0m [33mWARNING [0m [2m[py.warnings:112, 0f8858c49d67, rank=0][0m /opt/conda/lib/python3.12/site-packages/torch/distributed/utils.py:106: UserWarning: called a synchronizing CUDA operation (Triggered internally at /pytorch/c10/cuda/CUDAFunctions.cpp:162.)
2026-09-15T04:26:43.885Z   return (obj.to(target_device),)
2026-09-15T04:26:43.885Z 
2026-09-15T04:26:43.895Z [2;36m[2026-09-15 04:26:43][0m [33mWARNING [0m [2m[py.warnings:112, 0f8858c49d67, rank=1][0m /opt/conda/lib/python3.12/site-packages/olmo_core/nn/transformer/model.py:777: UserWarning: called a synchronizing CUDA operation (Triggered internally at /pytorch/c10/cuda/CUDAFunctions.cpp:162.)
2026-09-15T04:26:43.895Z   n_docs = int(chunk_ids.max().item()) + 1
2026-09-15T04:26:43.895Z 
2026-09-15T04:26:43.895Z [2;36m[2026-09-15 04:26:43][0m [33mWARNING [0m [2m[py.warnings:112, 0f8858c49d67, rank=0][0m /opt/conda/lib/python3.12/site-packages/olmo_core/nn/transformer/model.py:777: UserWarning: called a synchronizing CUDA operation (Triggered internally at /pytorch/c10/cuda/CUDAFunctions.cpp:162.)
2026-09-15T04:26:43.895Z   n_docs = int(chunk_ids.max().item()) + 1
2026-09-15T04:26:43.895Z 
2026-09-15T04:26:43.904Z [2;36m[2026-09-15 04:26:43][0m [33mWARNING [0m [2m[py.warnings:112, 0f8858c49d67, rank=1][0m /opt/conda/lib/python3.12/site-packages/olmo_core/nn/transformer/model.py:834: UserWarning: called a synchronizing CUDA operation (Triggered internally at /pytorch/c10/cuda/CUDAFunctions.cpp:162.)
2026-09-15T04:26:43.904Z   flat = (torch.arange(B, device=emb.device)[:, None] * n_docs + cid.clamp(min=0)).reshape(
2026-09-15T04:26:43.904Z 
2026-09-15T04:26:43.904Z [2;36m[2026-09-15 04:26:43][0m [33mWARNING [0m [2m[py.warnings:112, 0f8858c49d67, rank=0][0m /opt/conda/lib/python3.12/site-packages/olmo_core/nn/transformer/model.py:834: UserWarning: called a synchronizing CUDA operation (Triggered internally at /pytorch/c10/cuda/CUDAFunctions.cpp:162.)
2026-09-15T04:26:43.904Z   flat = (torch.arange(B, device=emb.device)[:, None] * n_docs + cid.clamp(min=0)).reshape(
2026-09-15T04:26:43.904Z 
2026-09-15T04:26:43.904Z [2;36m[2026-09-15 04:26:43][0m [33mWARNING [0m [2m[py.warnings:112, 0f8858c49d67, rank=1][0m /opt/conda/lib/python3.12/site-packages/olmo_core/nn/transformer/model.py:838: UserWarning: called a synchronizing CUDA operation (Triggered internally at /pytorch/c10/cuda/CUDAFunctions.cpp:162.)
2026-09-15T04:26:43.905Z   0, flat, emb.reshape(B * T, D)[is_ctx.reshape(-1)]
2026-09-15T04:26:43.905Z 
2026-09-15T04:26:43.905Z [2;36m[2026-09-15 04:26:43][0m [33mWARNING [0m [2m[py.warnings:112, 0f8858c49d67, rank=0][0m /opt/conda/lib/python3.12/site-packages/olmo_core/nn/transformer/model.py:838: UserWarning: called a synchronizing CUDA operation (Triggered internally at /pytorch/c10/cuda/CUDAFunctions.cpp:162.)
2026-09-15T04:26:43.905Z   0, flat, emb.reshape(B * T, D)[is_ctx.reshape(-1)]
2026-09-15T04:26:43.905Z 
2026-09-15T04:26:43.912Z [2;36m[2026-09-15 04:26:43][0m [33mWARNING [0m [2m[py.warnings:112, 0f8858c49d67, rank=0][0m /opt/conda/lib/python3.12/site-packages/olmo_core/nn/pooled_soft_token.py:173: UserWarning: called a synchronizing CUDA operation (Triggered internally at /pytorch/c10/cuda/CUDAFunctions.cpp:162.)
2026-09-15T04:26:43.912Z   kept_idx = kept_tok.nonzero(as_tuple=True)[0]
2026-09-15T04:26:43.912Z 
2026-09-15T04:26:43.913Z [2;36m[2026-09-15 04:26:43][0m [33mWARNING [0m [2m[py.warnings:112, 0f8858c49d67, rank=1][0m /opt/conda/lib/python3.12/site-packages/olmo_core/nn/pooled_soft_token.py:173: UserWarning: called a synchronizing CUDA operation (Triggered internally at /pytorch/c10/cuda/CUDAFunctions.cpp:162.)
2026-09-15T04:26:43.913Z   kept_idx = kept_tok.nonzero(as_tuple=True)[0]
2026-09-15T04:26:43.913Z 
2026-09-15T04:26:43.913Z [2;36m[2026-09-15 04:26:43][0m [33mWARNING [0m [2m[py.warnings:112, 0f8858c49d67, rank=0][0m /opt/conda/lib/python3.12/site-packages/olmo_core/nn/pooled_soft_token.py:179: UserWarning: called a synchronizing CUDA operation (Triggered internally at /pytorch/c10/cuda/CUDAFunctions.cpp:162.)
2026-09-15T04:26:43.913Z   if is_ctx.any():
2026-09-15T04:26:43.913Z 
2026-09-15T04:26:43.913Z [2;36m[2026-09-15 04:26:43][0m [33mWARNING [0m [2m[py.warnings:112, 0f8858c49d67, rank=1][0m /opt/conda/lib/python3.12/site-packages/olmo_core/nn/pooled_soft_token.py:179: UserWarning: called a synchronizing CUDA operation (Triggered internally at /pytorch/c10/cuda/CUDAFunctions.cpp:162.)
2026-09-15T04:26:43.913Z   if is_ctx.any():
2026-09-15T04:26:43.913Z 
2026-09-15T04:26:43.913Z [2;36m[2026-09-15 04:26:43][0m [33mWARNING [0m [2m[py.warnings:112, 0f8858c49d67, rank=0][0m /opt/conda/lib/python3.12/site-packages/olmo_core/nn/pooled_soft_token.py:180: UserWarning: called a synchronizing CUDA operation (Triggered internally at /pytorch/c10/cuda/CUDAFunctions.cpp:162.)
2026-09-15T04:26:43.913Z   d_ix = c[is_ctx]
2026-09-15T04:26:43.913Z 
2026-09-15T04:26:43.914Z [2;36m[2026-09-15 04:26:43][0m [33mWARNING [0m [2m[py.warnings:112, 0f8858c49d67, rank=1][0m /opt/conda/lib/python3.12/site-packages/olmo_core/nn/pooled_soft_token.py:180: UserWarning: called a synchronizing CUDA operation (Triggered internally at /pytorch/c10/cuda/CUDAFunctions.cpp:162.)
2026-09-15T04:26:43.914Z   d_ix = c[is_ctx]
2026-09-15T04:26:43.914Z 
2026-09-15T04:26:43.914Z [2;36m[2026-09-15 04:26:43][0m [33mWARNING [0m [2m[py.warnings:112, 0f8858c49d67, rank=1][0m /opt/conda/lib/python3.12/site-packages/olmo_core/nn/pooled_soft_token.py:181: UserWarning: called a synchronizing CUDA operation (Triggered internally at /pytorch/c10/cuda/CUDAFunctions.cpp:162.)
2026-09-15T04:26:43.914Z   pos_ix = is_ctx.nonzero(as_tuple=True)[0]
2026-09-15T04:26:43.914Z 
2026-09-15T04:26:43.914Z [2;36m[2026-09-15 04:26:43][0m [33mWARNING [0m [2m[py.warnings:112, 0f8858c49d67, rank=0][0m /opt/conda/lib/python3.12/site-packages/olmo_core/nn/pooled_soft_token.py:181: UserWarning: called a synchronizing CUDA operation (Triggered internally at /pytorch/c10/cuda/CUDAFunctions.cpp:162.)
2026-09-15T04:26:43.914Z   pos_ix = is_ctx.nonzero(as_tuple=True)[0]
2026-09-15T04:26:43.914Z 
2026-09-15T04:26:43.914Z [2;36m[2026-09-15 04:26:43][0m [33mWARNING [0m [2m[py.warnings:112, 0f8858c49d67, rank=1][0m /opt/conda/lib/python3.12/site-packages/olmo_core/nn/pooled_soft_token.py:186: UserWarning: called a synchronizing CUDA operation (Triggered internally at /pytorch/c10/cuda/CUDAFunctions.cpp:162.)
2026-09-15T04:26:43.914Z   pooled_docs = pooled.nonzero(as_tuple=True)[0]
2026-09-15T04:26:43.914Z 
2026-09-15T04:26:43.915Z [2;36m[2026-09-15 04:26:43][0m [33mWARNING [0m [2m[py.warnings:112, 0f8858c49d67, rank=0][0m /opt/conda/lib/python3.12/site-packages/olmo_core/nn/pooled_soft_token.py:186: UserWarning: called a synchronizing CUDA operation (Triggered internally at /pytorch/c10/cuda/CUDAFunctions.cpp:162.)
2026-09-15T04:26:43.915Z   pooled_docs = pooled.nonzero(as_tuple=True)[0]
2026-09-15T04:26:43.915Z 
2026-09-15T04:26:43.915Z [2;36m[2026-09-15 04:26:43][0m [33mWARNING [0m [2m[py.warnings:112, 0f8858c49d67, rank=1][0m /opt/conda/lib/python3.12/site-packages/olmo_core/nn/pooled_soft_token.py:217: UserWarning: called a synchronizing CUDA operation (Triggered internally at /pytorch/c10/cuda/CUDAFunctions.cpp:162.)
2026-09-15T04:26:43.915Z   doc_len = torch.bincount(c[is_ctx], minlength=n_docs) if is_ctx.any() else torch.zeros(n_docs, dtype=torch.long, device=device)
2026-09-15T04:26:43.915Z 
2026-09-15T04:26:43.916Z [2;36m[2026-09-15 04:26:43][0m [33mWARNING [0m [2m[py.warnings:112, 0f8858c49d67, rank=0][0m /opt/conda/lib/python3.12/site-packages/olmo_core/nn/pooled_soft_token.py:217: UserWarning: called a synchronizing CUDA operation (Triggered internally at /pytorch/c10/cuda/CUDAFunctions.cpp:162.)
2026-09-15T04:26:43.916Z   doc_len = torch.bincount(c[is_ctx], minlength=n_docs) if is_ctx.any() else torch.zeros(n_docs, dtype=torch.long, device=device)
2026-09-15T04:26:43.916Z 
2026-09-15T04:26:43.916Z [2;36m[2026-09-15 04:26:43][0m [33mWARNING [0m [2m[py.warnings:112, 0f8858c49d67, rank=1][0m /opt/conda/lib/python3.12/site-packages/olmo_core/nn/pooled_soft_token.py:222: UserWarning: called a synchronizing CUDA operation (Triggered internally at /pytorch/c10/cuda/CUDAFunctions.cpp:162.)
2026-09-15T04:26:43.916Z   soft_cols_b = soft_mask.nonzero(as_tuple=True)[0]
2026-09-15T04:26:43.916Z 
2026-09-15T04:26:43.916Z [2;36m[2026-09-15 04:26:43][0m [33mWARNING [0m [2m[py.warnings:112, 0f8858c49d67, rank=1][0m /opt/conda/lib/python3.12/site-packages/olmo_core/nn/pooled_soft_token.py:226: UserWarning: called a synchronizing CUDA operation (Triggered internally at /pytorch/c10/cuda/CUDAFunctions.cpp:162.)
2026-09-15T04:26:43.916Z   cols_l = soft_cols_b.tolist()
2026-09-15T04:26:43.916Z 
2026-09-15T04:26:43.916Z [2;36m[2026-09-15 04:26:43][0m [33mWARNING [0m [2m[py.warnings:112, 0f8858c49d67, rank=0][0m /opt/conda/lib/python3.12/site-packages/olmo_core/nn/pooled_soft_token.py:222: UserWarning: called a synchronizing CUDA operation (Triggered internally at /pytorch/c10/cuda/CUDAFunctions.cpp:162.)
2026-09-15T04:26:43.916Z   soft_cols_b = soft_mask.nonzero(as_tuple=True)[0]
2026-09-15T04:26:43.916Z 
2026-09-15T04:26:43.916Z [2;36m[2026-09-15 04:26:43][0m [33mWARNING [0m [2m[py.warnings:112, 0f8858c49d67, rank=1][0m /opt/conda/lib/python3.12/site-packages/olmo_core/nn/pooled_soft_token.py:229: UserWarning: called a synchronizing CUDA operation (Triggered internally at /pytorch/c10/cuda/CUDAFunctions.cpp:162.)
2026-09-15T04:26:43.917Z   soft_docs += docs_b.tolist()
2026-09-15T04:26:43.917Z 
2026-09-15T04:26:43.917Z [2;36m[2026-09-15 04:26:43][0m [33mWARNING [0m [2m[py.warnings:112, 0f8858c49d67, rank=0][0m /opt/conda/lib/python3.12/site-packages/olmo_core/nn/pooled_soft_token.py:226: UserWarning: called a synchronizing CUDA operation (Triggered internally at /pytorch/c10/cuda/CUDAFunctions.cpp:162.)
2026-09-15T04:26:43.917Z   cols_l = soft_cols_b.tolist()
2026-09-15T04:26:43.917Z 
2026-09-15T04:26:43.917Z [2;36m[2026-09-15 04:26:43][0m [33mWARNING [0m [2m[py.warnings:112, 0f8858c49d67, rank=1][0m /opt/conda/lib/python3.12/site-packages/olmo_core/nn/pooled_soft_token.py:230: UserWarning: called a synchronizing CUDA operation (Triggered internally at /pytorch/c10/cuda/CUDAFunctions.cpp:162.)
2026-09-15T04:26:43.917Z   soft_log_len += lens_b.tolist()
2026-09-15T04:26:43.917Z 
2026-09-15T04:26:43.917Z [2;36m[2026-09-15 04:26:43][0m [33mWARNING [0m [2m[py.warnings:112, 0f8858c49d67, rank=0][0m /opt/conda/lib/python3.12/site-packages/olmo_core/nn/pooled_soft_token.py:229: UserWarning: called a synchronizing CUDA operation (Triggered internally at /pytorch/c10/cuda/CUDAFunctions.cpp:162.)
2026-09-15T04:26:43.917Z   soft_docs += docs_b.tolist()
2026-09-15T04:26:43.917Z 
2026-09-15T04:26:43.918Z [2;36m[2026-09-15 04:26:43][0m [33mWARNING [0m [2m[py.warnings:112, 0f8858c49d67, rank=0][0m /opt/conda/lib/python3.12/site-packages/olmo_core/nn/pooled_soft_token.py:230: UserWarning: called a synchronizing CUDA operation (Triggered internally at /pytorch/c10/cuda/CUDAFunctions.cpp:162.)
2026-09-15T04:26:43.918Z   soft_log_len += lens_b.tolist()
2026-09-15T04:26:43.918Z 
2026-09-15T04:26:43.919Z [2;36m[2026-09-15 04:26:43][0m [33mWARNING [0m [2m[py.warnings:112, 0f8858c49d67, rank=1][0m /opt/conda/lib/python3.12/site-packages/olmo_core/nn/pooled_soft_token.py:280: UserWarning: called a synchronizing CUDA operation (Triggered internally at /pytorch/c10/cuda/CUDAFunctions.cpp:162.)
2026-09-15T04:26:43.919Z   row_lens[b] = L
2026-09-15T04:26:43.919Z 
2026-09-15T04:26:43.919Z [2;36m[2026-09-15 04:26:43][0m [33mWARNING [0m [2m[py.warnings:112, 0f8858c49d67, rank=1][0m /opt/conda/lib/python3.12/site-packages/olmo_core/nn/pooled_soft_token.py:297: UserWarning: called a synchronizing CUDA operation (Triggered internally at /pytorch/c10/cuda/CUDAFunctions.cpp:162.)
2026-09-15T04:26:43.919Z   soft_rows=torch.tensor(soft_rows, dtype=torch.long, device=device),
2026-09-15T04:26:43.919Z 
2026-09-15T04:26:43.919Z [2;36m[2026-09-15 04:26:43][0m [33mWARNING [0m [2m[py.warnings:112, 0f8858c49d67, rank=1][0m /opt/conda/lib/python3.12/site-packages/olmo_core/nn/pooled_soft_token.py:298: UserWarning: called a synchronizing CUDA operation (Triggered internally at /pytorch/c10/cuda/CUDAFunctions.cpp:162.)
2026-09-15T04:26:43.919Z   soft_cols=torch.tensor(soft_cols, dtype=torch.long, device=device),
2026-09-15T04:26:43.919Z 
2026-09-15T04:26:43.920Z [2;36m[2026-09-15 04:26:43][0m [33mWARNING [0m [2m[py.warnings:112, 0f8858c49d67, rank=0][0m /opt/conda/lib/python3.12/site-packages/olmo_core/nn/pooled_soft_token.py:280: UserWarning: called a synchronizing CUDA operation (Triggered internally at /pytorch/c10/cuda/CUDAFunctions.cpp:162.)
2026-09-15T04:26:43.920Z   row_lens[b] = L
2026-09-15T04:26:43.920Z 
2026-09-15T04:26:43.920Z [2;36m[2026-09-15 04:26:43][0m [33mWARNING [0m [2m[py.warnings:112, 0f8858c49d67, rank=1][0m /opt/conda/lib/python3.12/site-packages/olmo_core/nn/pooled_soft_token.py:299: UserWarning: called a synchronizing CUDA operation (Triggered internally at /pytorch/c10/cuda/CUDAFunctions.cpp:162.)
2026-09-15T04:26:43.920Z   soft_docs=torch.tensor(soft_docs, dtype=torch.long, device=device),
2026-09-15T04:26:43.920Z 
2026-09-15T04:26:43.920Z [2;36m[2026-09-15 04:26:43][0m [33mWARNING [0m [2m[py.warnings:112, 0f8858c49d67, rank=1][0m /opt/conda/lib/python3.12/site-packages/olmo_core/nn/pooled_soft_token.py:301: UserWarning: called a synchronizing CUDA operation (Triggered internally at /pytorch/c10/cuda/CUDAFunctions.cpp:162.)
2026-09-15T04:26:43.920Z   soft_log_len=torch.tensor(soft_log_len, dtype=torch.float32, device=device),
2026-09-15T04:26:43.920Z 
2026-09-15T04:26:43.920Z [2;36m[2026-09-15 04:26:43][0m [33mWARNING [0m [2m[py.warnings:112, 0f8858c49d67, rank=0][0m /opt/conda/lib/python3.12/site-packages/olmo_core/nn/pooled_soft_token.py:297: UserWarning: called a synchronizing CUDA operation (Triggered internally at /pytorch/c10/cuda/CUDAFunctions.cpp:162.)
2026-09-15T04:26:43.920Z   soft_rows=torch.tensor(soft_rows, dtype=torch.long, device=device),
2026-09-15T04:26:43.920Z 
2026-09-15T04:26:43.921Z [2;36m[2026-09-15 04:26:43][0m [33mWARNING [0m [2m[py.warnings:112, 0f8858c49d67, rank=1][0m /opt/conda/lib/python3.12/site-packages/olmo_core/nn/transformer/model.py:1502: UserWarning: called a synchronizing CUDA operation (Triggered internally at /pytorch/c10/cuda/CUDAFunctions.cpp:162.)
2026-09-15T04:26:43.921Z   kv_grad_mask[cb.soft_rows, cb.soft_cols] = False
2026-09-15T04:26:43.921Z 
2026-09-15T04:26:43.921Z [2;36m[2026-09-15 04:26:43][0m [33mWARNING [0m [2m[py.warnings:112, 0f8858c49d67, rank=0][0m /opt/conda/lib/python3.12/site-packages/olmo_core/nn/pooled_soft_token.py:298: UserWarning: called a synchronizing CUDA operation (Triggered internally at /pytorch/c10/cuda/CUDAFunctions.cpp:162.)
2026-09-15T04:26:43.921Z   soft_cols=torch.tensor(soft_cols, dtype=torch.long, device=device),
2026-09-15T04:26:43.921Z 
2026-09-15T04:26:43.921Z [2;36m[2026-09-15 04:26:43][0m [33mWARNING [0m [2m[py.warnings:112, 0f8858c49d67, rank=0][0m /opt/conda/lib/python3.12/site-packages/olmo_core/nn/pooled_soft_token.py:299: UserWarning: called a synchronizing CUDA operation (Triggered internally at /pytorch/c10/cuda/CUDAFunctions.cpp:162.)
2026-09-15T04:26:43.921Z   soft_docs=torch.tensor(soft_docs, dtype=torch.long, device=device),
2026-09-15T04:26:43.921Z 
2026-09-15T04:26:43.922Z [2;36m[2026-09-15 04:26:43][0m [33mWARNING [0m [2m[py.warnings:112, 0f8858c49d67, rank=0][0m /opt/conda/lib/python3.12/site-packages/olmo_core/nn/pooled_soft_token.py:301: UserWarning: called a synchronizing CUDA operation (Triggered internally at /pytorch/c10/cuda/CUDAFunctions.cpp:162.)
2026-09-15T04:26:43.922Z   soft_log_len=torch.tensor(soft_log_len, dtype=torch.float32, device=device),
2026-09-15T04:26:43.922Z 
2026-09-15T04:26:43.922Z [2;36m[2026-09-15 04:26:43][0m [33mWARNING [0m [2m[py.warnings:112, 0f8858c49d67, rank=0][0m /opt/conda/lib/python3.12/site-packages/olmo_core/nn/transformer/model.py:1502: UserWarning: called a synchronizing CUDA operation (Triggered internally at /pytorch/c10/cuda/CUDAFunctions.cpp:162.)
2026-09-15T04:26:43.922Z   kv_grad_mask[cb.soft_rows, cb.soft_cols] = False
2026-09-15T04:26:43.922Z 
2026-09-15T04:26:54.943Z [2;36m[2026-09-15 04:26:54][0m [33mWARNING [0m [2m[py.warnings:112, 0f8858c49d67, rank=0][0m /opt/conda/lib/python3.12/site-packages/liger_kernel/ops/fused_linear_cross_entropy.py:75: UserWarning: called a synchronizing CUDA operation (Triggered internally at /pytorch/c10/cuda/CUDAFunctions.cpp:162.)
2026-09-15T04:26:54.943Z   total_n_non_ignore = target_mask.sum().item()
2026-09-15T04:26:54.943Z 
2026-09-15T04:26:54.951Z [2;36m[2026-09-15 04:26:54][0m [33mWARNING [0m [2m[py.warnings:112, 0f8858c49d67, rank=1][0m /opt/conda/lib/python3.12/site-packages/liger_kernel/ops/fused_linear_cross_entropy.py:75: UserWarning: called a synchronizing CUDA operation (Triggered internally at /pytorch/c10/cuda/CUDAFunctions.cpp:162.)
2026-09-15T04:26:54.951Z   total_n_non_ignore = target_mask.sum().item()
2026-09-15T04:26:54.951Z 
2026-09-15T04:26:55.592Z [2;36m[2026-09-15 04:26:55][0m [33mWARNING [0m [2m[py.warnings:112, 0f8858c49d67, rank=1][0m /opt/conda/lib/python3.12/site-packages/liger_kernel/ops/fused_linear_cross_entropy.py:233: UserWarning: called a synchronizing CUDA operation (Triggered internally at /pytorch/c10/cuda/CUDAFunctions.cpp:162.)
2026-09-15T04:26:55.592Z   if not torch.equal(grad_output, torch.tensor(1.0, device=grad_output.device)):
2026-09-15T04:26:55.592Z 
2026-09-15T04:26:55.798Z [2;36m[2026-09-15 04:26:55][0m [33mWARNING [0m [2m[py.warnings:112, 0f8858c49d67, rank=0][0m /opt/conda/lib/python3.12/site-packages/liger_kernel/ops/fused_linear_cross_entropy.py:233: UserWarning: called a synchronizing CUDA operation (Triggered internally at /pytorch/c10/cuda/CUDAFunctions.cpp:162.)
2026-09-15T04:26:55.802Z   if not torch.equal(grad_output, torch.tensor(1.0, device=grad_output.device)):
2026-09-15T04:26:55.802Z 
2026-09-15T04:27:09.231Z [2;36m[2026-09-15 04:27:09][0m [33mWARNING [0m [2m[py.warnings:112, 0f8858c49d67, rank=0][0m /opt/conda/lib/python3.12/site-packages/torch/autograd/graph.py:841: UserWarning: called a synchronizing CUDA operation (Triggered internally at /pytorch/c10/cuda/CUDAFunctions.cpp:162.)
2026-09-15T04:27:09.232Z   return Variable._execution_engine.run_backward(  # Calls into the C++ engine to run the backward pass
2026-09-15T04:27:09.232Z 
2026-09-15T04:27:09.245Z [2;36m[2026-09-15 04:27:09][0m [33mWARNING [0m [2m[py.warnings:112, 0f8858c49d67, rank=0][0m /opt/conda/lib/python3.12/site-packages/torch/distributed/utils.py:106: UserWarning: called a synchronizing CUDA operation (Triggered internally at /pytorch/c10/cuda/CUDAFunctions.cpp:162.)
2026-09-15T04:27:09.245Z   return (obj.to(target_device),)
2026-09-15T04:27:09.245Z 
2026-09-15T04:27:09.246Z [2;36m[2026-09-15 04:27:09][0m [33mWARNING [0m [2m[py.warnings:112, 0f8858c49d67, rank=1][0m /opt/conda/lib/python3.12/site-packages/torch/autograd/graph.py:841: UserWarning: called a synchronizing CUDA operation (Triggered internally at /pytorch/c10/cuda/CUDAFunctions.cpp:162.)
2026-09-15T04:27:09.246Z   return Variable._execution_engine.run_backward(  # Calls into the C++ engine to run the backward pass
2026-09-15T04:27:09.246Z 
2026-09-15T04:27:09.248Z [2;36m[2026-09-15 04:27:09][0m [33mWARNING [0m [2m[py.warnings:112, 0f8858c49d67, rank=1][0m /opt/conda/lib/python3.12/site-packages/torch/distributed/utils.py:106: UserWarning: called a synchronizing CUDA operation (Triggered internally at /pytorch/c10/cuda/CUDAFunctions.cpp:162.)
2026-09-15T04:27:09.248Z   return (obj.to(target_device),)
2026-09-15T04:27:09.248Z 
2026-09-15T04:27:09.257Z [2;36m[2026-09-15 04:27:09][0m [33mWARNING [0m [2m[py.warnings:112, 0f8858c49d67, rank=1][0m /opt/conda/lib/python3.12/site-packages/olmo_core/nn/transformer/model.py:777: UserWarning: called a synchronizing CUDA operation (Triggered internally at /pytorch/c10/cuda/CUDAFunctions.cpp:162.)
2026-09-15T04:27:09.257Z   n_docs = int(chunk_ids.max().item()) + 1
2026-09-15T04:27:09.257Z 
2026-09-15T04:27:09.257Z [2;36m[2026-09-15 04:27:09][0m [33mWARNING [0m [2m[py.warnings:112, 0f8858c49d67, rank=0][0m /opt/conda/lib/python3.12/site-packages/olmo_core/nn/transformer/model.py:777: UserWarning: called a synchronizing CUDA operation (Triggered internally at /pytorch/c10/cuda/CUDAFunctions.cpp:162.)
2026-09-15T04:27:09.257Z   n_docs = int(chunk_ids.max().item()) + 1
2026-09-15T04:27:09.257Z 
2026-09-15T04:27:09.266Z [2;36m[2026-09-15 04:27:09][0m [33mWARNING [0m [2m[py.warnings:112, 0f8858c49d67, rank=1][0m /opt/conda/lib/python3.12/site-packages/olmo_core/nn/transformer/model.py:834: UserWarning: called a synchronizing CUDA operation (Triggered internally at /pytorch/c10/cuda/CUDAFunctions.cpp:162.)
2026-09-15T04:27:09.266Z   flat = (torch.arange(B, device=emb.device)[:, None] * n_docs + cid.clamp(min=0)).reshape(
2026-09-15T04:27:09.266Z 
2026-09-15T04:27:09.266Z [2;36m[2026-09-15 04:27:09][0m [33mWARNING [0m [2m[py.warnings:112, 0f8858c49d67, rank=0][0m /opt/conda/lib/python3.12/site-packages/olmo_core/nn/transformer/model.py:834: UserWarning: called a synchronizing CUDA operation (Triggered internally at /pytorch/c10/cuda/CUDAFunctions.cpp:162.)
2026-09-15T04:27:09.266Z   flat = (torch.arange(B, device=emb.device)[:, None] * n_docs + cid.clamp(min=0)).reshape(
2026-09-15T04:27:09.266Z 
2026-09-15T04:27:09.267Z [2;36m[2026-09-15 04:27:09][0m [33mWARNING [0m [2m[py.warnings:112, 0f8858c49d67, rank=1][0m /opt/conda/lib/python3.12/site-packages/olmo_core/nn/transformer/model.py:838: UserWarning: called a synchronizing CUDA operation (Triggered internally at /pytorch/c10/cuda/CUDAFunctions.cpp:162.)
2026-09-15T04:27:09.267Z   0, flat, emb.reshape(B * T, D)[is_ctx.reshape(-1)]
2026-09-15T04:27:09.267Z 
2026-09-15T04:27:09.267Z [2;36m[2026-09-15 04:27:09][0m [33mWARNING [0m [2m[py.warnings:112, 0f8858c49d67, rank=0][0m /opt/conda/lib/python3.12/site-packages/olmo_core/nn/transformer/model.py:838: UserWarning: called a synchronizing CUDA operation (Triggered internally at /pytorch/c10/cuda/CUDAFunctions.cpp:162.)
2026-09-15T04:27:09.267Z   0, flat, emb.reshape(B * T, D)[is_ctx.reshape(-1)]
2026-09-15T04:27:09.267Z 
2026-09-15T04:27:09.275Z [2;36m[2026-09-15 04:27:09][0m [33mWARNING [0m [2m[py.warnings:112, 0f8858c49d67, rank=0][0m /opt/conda/lib/python3.12/site-packages/olmo_core/nn/pooled_soft_token.py:173: UserWarning: called a synchronizing CUDA operation (Triggered internally at /pytorch/c10/cuda/CUDAFunctions.cpp:162.)
2026-09-15T04:27:09.275Z   kept_idx = kept_tok.nonzero(as_tuple=True)[0]
2026-09-15T04:27:09.275Z 
2026-09-15T04:27:09.276Z [2;36m[2026-09-15 04:27:09][0m [33mWARNING [0m [2m[py.warnings:112, 0f8858c49d67, rank=1][0m /opt/conda/lib/python3.12/site-packages/olmo_core/nn/pooled_soft_token.py:173: UserWarning: called a synchronizing CUDA operation (Triggered internally at /pytorch/c10/cuda/CUDAFunctions.cpp:162.)
2026-09-15T04:27:09.276Z   kept_idx = kept_tok.nonzero(as_tuple=True)[0]
2026-09-15T04:27:09.276Z 
2026-09-15T04:27:09.276Z [2;36m[2026-09-15 04:27:09][0m [33mWARNING [0m [2m[py.warnings:112, 0f8858c49d67, rank=0][0m /opt/conda/lib/python3.12/site-packages/olmo_core/nn/pooled_soft_token.py:179: UserWarning: called a synchronizing CUDA operation (Triggered internally at /pytorch/c10/cuda/CUDAFunctions.cpp:162.)
2026-09-15T04:27:09.276Z   if is_ctx.any():
2026-09-15T04:27:09.276Z 
2026-09-15T04:27:09.276Z [2;36m[2026-09-15 04:27:09][0m [33mWARNING [0m [2m[py.warnings:112, 0f8858c49d67, rank=1][0m /opt/conda/lib/python3.12/site-packages/olmo_core/nn/pooled_soft_token.py:179: UserWarning: called a synchronizing CUDA operation (Triggered internally at /pytorch/c10/cuda/CUDAFunctions.cpp:162.)
2026-09-15T04:27:09.276Z   if is_ctx.any():
2026-09-15T04:27:09.276Z 
2026-09-15T04:27:09.276Z [2;36m[2026-09-15 04:27:09][0m [33mWARNING [0m [2m[py.warnings:112, 0f8858c49d67, rank=0][0m /opt/conda/lib/python3.12/site-packages/olmo_core/nn/pooled_soft_token.py:180: UserWarning: called a synchronizing CUDA operation (Triggered internally at /pytorch/c10/cuda/CUDAFunctions.cpp:162.)
2026-09-15T04:27:09.276Z   d_ix = c[is_ctx]
2026-09-15T04:27:09.276Z 
2026-09-15T04:27:09.276Z [2;36m[2026-09-15 04:27:09][0m [33mWARNING [0m [2m[py.warnings:112, 0f8858c49d67, rank=1][0m /opt/conda/lib/python3.12/site-packages/olmo_core/nn/pooled_soft_token.py:180: UserWarning: called a synchronizing CUDA operation (Triggered internally at /pytorch/c10/cuda/CUDAFunctions.cpp:162.)
2026-09-15T04:27:09.276Z   d_ix = c[is_ctx]
2026-09-15T04:27:09.276Z 
2026-09-15T04:27:09.277Z [2;36m[2026-09-15 04:27:09][0m [33mWARNING [0m [2m[py.warnings:112, 0f8858c49d67, rank=0][0m /opt/conda/lib/python3.12/site-packages/olmo_core/nn/pooled_soft_token.py:181: UserWarning: called a synchronizing CUDA operation (Triggered internally at /pytorch/c10/cuda/CUDAFunctions.cpp:162.)
2026-09-15T04:27:09.277Z   pos_ix = is_ctx.nonzero(as_tuple=True)[0]
2026-09-15T04:27:09.277Z 
2026-09-15T04:27:09.277Z [2;36m[2026-09-15 04:27:09][0m [33mWARNING [0m [2m[py.warnings:112, 0f8858c49d67, rank=1][0m /opt/conda/lib/python3.12/site-packages/olmo_core/nn/pooled_soft_token.py:181: UserWarning: called a synchronizing CUDA operation (Triggered internally at /pytorch/c10/cuda/CUDAFunctions.cpp:162.)
2026-09-15T04:27:09.277Z   pos_ix = is_ctx.nonzero(as_tuple=True)[0]
2026-09-15T04:27:09.277Z 
2026-09-15T04:27:09.277Z [2;36m[2026-09-15 04:27:09][0m [33mWARNING [0m [2m[py.warnings:112, 0f8858c49d67, rank=0][0m /opt/conda/lib/python3.12/site-packages/olmo_core/nn/pooled_soft_token.py:186: UserWarning: called a synchronizing CUDA operation (Triggered internally at /pytorch/c10/cuda/CUDAFunctions.cpp:162.)
2026-09-15T04:27:09.277Z   pooled_docs = pooled.nonzero(as_tuple=True)[0]
2026-09-15T04:27:09.277Z 
2026-09-15T04:27:09.277Z [2;36m[2026-09-15 04:27:09][0m [33mWARNING [0m [2m[py.warnings:112, 0f8858c49d67, rank=1][0m /opt/conda/lib/python3.12/site-packages/olmo_core/nn/pooled_soft_token.py:186: UserWarning: called a synchronizing CUDA operation (Triggered internally at /pytorch/c10/cuda/CUDAFunctions.cpp:162.)
2026-09-15T04:27:09.277Z   pooled_docs = pooled.nonzero(as_tuple=True)[0]
2026-09-15T04:27:09.277Z 
2026-09-15T04:27:09.278Z [2;36m[2026-09-15 04:27:09][0m [33mWARNING [0m [2m[py.warnings:112, 0f8858c49d67, rank=1][0m /opt/conda/lib/python3.12/site-packages/olmo_core/nn/pooled_soft_token.py:217: UserWarning: called a synchronizing CUDA operation (Triggered internally at /pytorch/c10/cuda/CUDAFunctions.cpp:162.)
2026-09-15T04:27:09.278Z   doc_len = torch.bincount(c[is_ctx], minlength=n_docs) if is_ctx.any() else torch.zeros(n_docs, dtype=torch.long, device=device)
2026-09-15T04:27:09.278Z 
2026-09-15T04:27:09.278Z [2;36m[2026-09-15 04:27:09][0m [33mWARNING [0m [2m[py.warnings:112, 0f8858c49d67, rank=0][0m /opt/conda/lib/python3.12/site-packages/olmo_core/nn/pooled_soft_token.py:217: UserWarning: called a synchronizing CUDA operation (Triggered internally at /pytorch/c10/cuda/CUDAFunctions.cpp:162.)
2026-09-15T04:27:09.278Z   doc_len = torch.bincount(c[is_ctx], minlength=n_docs) if is_ctx.any() else torch.zeros(n_docs, dtype=torch.long, device=device)
2026-09-15T04:27:09.278Z 
2026-09-15T04:27:09.279Z [2;36m[2026-09-15 04:27:09][0m [33mWARNING [0m [2m[py.warnings:112, 0f8858c49d67, rank=1][0m /opt/conda/lib/python3.12/site-packages/olmo_core/nn/pooled_soft_token.py:222: UserWarning: called a synchronizing CUDA operation (Triggered internally at /pytorch/c10/cuda/CUDAFunctions.cpp:162.)
2026-09-15T04:27:09.279Z   soft_cols_b = soft_mask.nonzero(as_tuple=True)[0]
2026-09-15T04:27:09.279Z 
2026-09-15T04:27:09.279Z [2;36m[2026-09-15 04:27:09][0m [33mWARNING [0m [2m[py.warnings:112, 0f8858c49d67, rank=0][0m /opt/conda/lib/python3.12/site-packages/olmo_core/nn/pooled_soft_token.py:222: UserWarning: called a synchronizing CUDA operation (Triggered internally at /pytorch/c10/cuda/CUDAFunctions.cpp:162.)
2026-09-15T04:27:09.279Z   soft_cols_b = soft_mask.nonzero(as_tuple=True)[0]
2026-09-15T04:27:09.279Z 
2026-09-15T04:27:09.279Z [2;36m[2026-09-15 04:27:09][0m [33mWARNING [0m [2m[py.warnings:112, 0f8858c49d67, rank=1][0m /opt/conda/lib/python3.12/site-packages/olmo_core/nn/pooled_soft_token.py:226: UserWarning: called a synchronizing CUDA operation (Triggered internally at /pytorch/c10/cuda/CUDAFunctions.cpp:162.)
2026-09-15T04:27:09.279Z   cols_l = soft_cols_b.tolist()
2026-09-15T04:27:09.279Z 
2026-09-15T04:27:09.279Z [2;36m[2026-09-15 04:27:09][0m [33mWARNING [0m [2m[py.warnings:112, 0f8858c49d67, rank=1][0m /opt/conda/lib/python3.12/site-packages/olmo_core/nn/pooled_soft_token.py:229: UserWarning: called a synchronizing CUDA operation (Triggered internally at /pytorch/c10/cuda/CUDAFunctions.cpp:162.)
2026-09-15T04:27:09.279Z   soft_docs += docs_b.tolist()
2026-09-15T04:27:09.279Z 
2026-09-15T04:27:09.279Z [2;36m[2026-09-15 04:27:09][0m [33mWARNING [0m [2m[py.warnings:112, 0f8858c49d67, rank=0][0m /opt/conda/lib/python3.12/site-packages/olmo_core/nn/pooled_soft_token.py:226: UserWarning: called a synchronizing CUDA operation (Triggered internally at /pytorch/c10/cuda/CUDAFunctions.cpp:162.)
2026-09-15T04:27:09.279Z   cols_l = soft_cols_b.tolist()
2026-09-15T04:27:09.280Z 
2026-09-15T04:27:09.280Z [2;36m[2026-09-15 04:27:09][0m [33mWARNING [0m [2m[py.warnings:112, 0f8858c49d67, rank=1][0m /opt/conda/lib/python3.12/site-packages/olmo_core/nn/pooled_soft_token.py:230: UserWarning: called a synchronizing CUDA operation (Triggered internally at /pytorch/c10/cuda/CUDAFunctions.cpp:162.)
2026-09-15T04:27:09.280Z   soft_log_len += lens_b.tolist()
2026-09-15T04:27:09.280Z 
2026-09-15T04:27:09.280Z [2;36m[2026-09-15 04:27:09][0m [33mWARNING [0m [2m[py.warnings:112, 0f8858c49d67, rank=0][0m /opt/conda/lib/python3.12/site-packages/olmo_core/nn/pooled_soft_token.py:229: UserWarning: called a synchronizing CUDA operation (Triggered internally at /pytorch/c10/cuda/CUDAFunctions.cpp:162.)
2026-09-15T04:27:09.280Z   soft_docs += docs_b.tolist()
2026-09-15T04:27:09.280Z 
2026-09-15T04:27:09.280Z [2;36m[2026-09-15 04:27:09][0m [33mWARNING [0m [2m[py.warnings:112, 0f8858c49d67, rank=0][0m /opt/conda/lib/python3.12/site-packages/olmo_core/nn/pooled_soft_token.py:230: UserWarning: called a synchronizing CUDA operation (Triggered internally at /pytorch/c10/cuda/CUDAFunctions.cpp:162.)
2026-09-15T04:27:09.280Z   soft_log_len += lens_b.tolist()
2026-09-15T04:27:09.280Z 
2026-09-15T04:27:09.281Z [2;36m[2026-09-15 04:27:09][0m [33mWARNING [0m [2m[py.warnings:112, 0f8858c49d67, rank=1][0m /opt/conda/lib/python3.12/site-packages/olmo_core/nn/pooled_soft_token.py:280: UserWarning: called a synchronizing CUDA operation (Triggered internally at /pytorch/c10/cuda/CUDAFunctions.cpp:162.)
2026-09-15T04:27:09.281Z   row_lens[b] = L
2026-09-15T04:27:09.281Z 
2026-09-15T04:27:09.282Z [2;36m[2026-09-15 04:27:09][0m [33mWARNING [0m [2m[py.warnings:112, 0f8858c49d67, rank=1][0m /opt/conda/lib/python3.12/site-packages/olmo_core/nn/pooled_soft_token.py:297: UserWarning: called a synchronizing CUDA operation (Triggered internally at /pytorch/c10/cuda/CUDAFunctions.cpp:162.)
2026-09-15T04:27:09.282Z   soft_rows=torch.tensor(soft_rows, dtype=torch.long, device=device),
2026-09-15T04:27:09.282Z 
2026-09-15T04:27:09.282Z [2;36m[2026-09-15 04:27:09][0m [33mWARNING [0m [2m[py.warnings:112, 0f8858c49d67, rank=1][0m /opt/conda/lib/python3.12/site-packages/olmo_core/nn/pooled_soft_token.py:298: UserWarning: called a synchronizing CUDA operation (Triggered internally at /pytorch/c10/cuda/CUDAFunctions.cpp:162.)
2026-09-15T04:27:09.282Z   soft_cols=torch.tensor(soft_cols, dtype=torch.long, device=device),
2026-09-15T04:27:09.282Z 
2026-09-15T04:27:09.282Z [2;36m[2026-09-15 04:27:09][0m [33mWARNING [0m [2m[py.warnings:112, 0f8858c49d67, rank=0][0m /opt/conda/lib/python3.12/site-packages/olmo_core/nn/pooled_soft_token.py:280: UserWarning: called a synchronizing CUDA operation (Triggered internally at /pytorch/c10/cuda/CUDAFunctions.cpp:162.)
2026-09-15T04:27:09.282Z   row_lens[b] = L
2026-09-15T04:27:09.282Z 
2026-09-15T04:27:09.283Z [2;36m[2026-09-15 04:27:09][0m [33mWARNING [0m [2m[py.warnings:112, 0f8858c49d67, rank=1][0m /opt/conda/lib/python3.12/site-packages/olmo_core/nn/pooled_soft_token.py:299: UserWarning: called a synchronizing CUDA operation (Triggered internally at /pytorch/c10/cuda/CUDAFunctions.cpp:162.)
2026-09-15T04:27:09.283Z   soft_docs=torch.tensor(soft_docs, dtype=torch.long, device=device),
2026-09-15T04:27:09.283Z 
2026-09-15T04:27:09.283Z [2;36m[2026-09-15 04:27:09][0m [33mWARNING [0m [2m[py.warnings:112, 0f8858c49d67, rank=1][0m /opt/conda/lib/python3.12/site-packages/olmo_core/nn/pooled_soft_token.py:301: UserWarning: called a synchronizing CUDA operation (Triggered internally at /pytorch/c10/cuda/CUDAFunctions.cpp:162.)
2026-09-15T04:27:09.283Z   soft_log_len=torch.tensor(soft_log_len, dtype=torch.float32, device=device),
2026-09-15T04:27:09.283Z 
2026-09-15T04:27:09.283Z [2;36m[2026-09-15 04:27:09][0m [33mWARNING [0m [2m[py.warnings:112, 0f8858c49d67, rank=0][0m /opt/conda/lib/python3.12/site-packages/olmo_core/nn/pooled_soft_token.py:297: UserWarning: called a synchronizing CUDA operation (Triggered internally at /pytorch/c10/cuda/CUDAFunctions.cpp:162.)
2026-09-15T04:27:09.283Z   soft_rows=torch.tensor(soft_rows, dtype=torch.long, device=device),
2026-09-15T04:27:09.283Z 
2026-09-15T04:27:09.283Z [2;36m[2026-09-15 04:27:09][0m [33mWARNING [0m [2m[py.warnings:112, 0f8858c49d67, rank=0][0m /opt/conda/lib/python3.12/site-packages/olmo_core/nn/pooled_soft_token.py:298: UserWarning: called a synchronizing CUDA operation (Triggered internally at /pytorch/c10/cuda/CUDAFunctions.cpp:162.)
2026-09-15T04:27:09.283Z   soft_cols=torch.tensor(soft_cols, dtype=torch.long, device=device),
2026-09-15T04:27:09.283Z 
2026-09-15T04:27:09.283Z [2;36m[2026-09-15 04:27:09][0m [33mWARNING [0m [2m[py.warnings:112, 0f8858c49d67, rank=1][0m /opt/conda/lib/python3.12/site-packages/olmo_core/nn/transformer/model.py:1502: UserWarning: called a synchronizing CUDA operation (Triggered internally at /pytorch/c10/cuda/CUDAFunctions.cpp:162.)
2026-09-15T04:27:09.283Z   kv_grad_mask[cb.soft_rows, cb.soft_cols] = False
2026-09-15T04:27:09.283Z 
2026-09-15T04:27:09.284Z [2;36m[2026-09-15 04:27:09][0m [33mWARNING [0m [2m[py.warnings:112, 0f8858c49d67, rank=0][0m /opt/conda/lib/python3.12/site-packages/olmo_core/nn/pooled_soft_token.py:299: UserWarning: called a synchronizing CUDA operation (Triggered internally at /pytorch/c10/cuda/CUDAFunctions.cpp:162.)
2026-09-15T04:27:09.284Z   soft_docs=torch.tensor(soft_docs, dtype=torch.long, device=device),
2026-09-15T04:27:09.284Z 
2026-09-15T04:27:09.284Z [2;36m[2026-09-15 04:27:09][0m [33mWARNING [0m [2m[py.warnings:112, 0f8858c49d67, rank=0][0m /opt/conda/lib/python3.12/site-packages/olmo_core/nn/pooled_soft_token.py:301: UserWarning: called a synchronizing CUDA operation (Triggered internally at /pytorch/c10/cuda/CUDAFunctions.cpp:162.)
2026-09-15T04:27:09.284Z   soft_log_len=torch.tensor(soft_log_len, dtype=torch.float32, device=device),
2026-09-15T04:27:09.284Z 
2026-09-15T04:27:09.285Z [2;36m[2026-09-15 04:27:09][0m [33mWARNING [0m [2m[py.warnings:112, 0f8858c49d67, rank=0][0m /opt/conda/lib/python3.12/site-packages/olmo_core/nn/transformer/model.py:1502: UserWarning: called a synchronizing CUDA operation (Triggered internally at /pytorch/c10/cuda/CUDAFunctions.cpp:162.)
2026-09-15T04:27:09.285Z   kv_grad_mask[cb.soft_rows, cb.soft_cols] = False
2026-09-15T04:27:09.285Z 
2026-09-15T04:27:20.234Z [2;36m[2026-09-15 04:27:20][0m [33mWARNING [0m [2m[py.warnings:112, 0f8858c49d67, rank=1][0m /opt/conda/lib/python3.12/site-packages/liger_kernel/ops/fused_linear_cross_entropy.py:75: UserWarning: called a synchronizing CUDA operation (Triggered internally at /pytorch/c10/cuda/CUDAFunctions.cpp:162.)
2026-09-15T04:27:20.235Z   total_n_non_ignore = target_mask.sum().item()
2026-09-15T04:27:20.235Z 
2026-09-15T04:27:20.237Z [2;36m[2026-09-15 04:27:20][0m [33mWARNING [0m [2m[py.warnings:112, 0f8858c49d67, rank=0][0m /opt/conda/lib/python3.12/site-packages/liger_kernel/ops/fused_linear_cross_entropy.py:75: UserWarning: called a synchronizing CUDA operation (Triggered internally at /pytorch/c10/cuda/CUDAFunctions.cpp:162.)
2026-09-15T04:27:20.237Z   total_n_non_ignore = target_mask.sum().item()
2026-09-15T04:27:20.237Z 
2026-09-15T04:27:20.766Z [2;36m[2026-09-15 04:27:20][0m [33mWARNING [0m [2m[py.warnings:112, 0f8858c49d67, rank=0][0m /opt/conda/lib/python3.12/site-packages/liger_kernel/ops/fused_linear_cross_entropy.py:233: UserWarning: called a synchronizing CUDA operation (Triggered internally at /pytorch/c10/cuda/CUDAFunctions.cpp:162.)
2026-09-15T04:27:20.766Z   if not torch.equal(grad_output, torch.tensor(1.0, device=grad_output.device)):
2026-09-15T04:27:20.766Z 
2026-09-15T04:27:21.139Z [2;36m[2026-09-15 04:27:21][0m [33mWARNING [0m [2m[py.warnings:112, 0f8858c49d67, rank=1][0m /opt/conda/lib/python3.12/site-packages/liger_kernel/ops/fused_linear_cross_entropy.py:233: UserWarning: called a synchronizing CUDA operation (Triggered internally at /pytorch/c10/cuda/CUDAFunctions.cpp:162.)
2026-09-15T04:27:21.139Z   if not torch.equal(grad_output, torch.tensor(1.0, device=grad_output.device)):
2026-09-15T04:27:21.139Z 
2026-09-15T04:27:34.440Z [2;36m[2026-09-15 04:27:34][0m [33mWARNING [0m [2m[py.warnings:112, 0f8858c49d67, rank=0][0m /opt/conda/lib/python3.12/site-packages/torch/autograd/graph.py:841: UserWarning: called a synchronizing CUDA operation (Triggered internally at /pytorch/c10/cuda/CUDAFunctions.cpp:162.)
2026-09-15T04:27:34.440Z   return Variable._execution_engine.run_backward(  # Calls into the C++ engine to run the backward pass
2026-09-15T04:27:34.440Z 
2026-09-15T04:27:34.442Z [2;36m[2026-09-15 04:27:34][0m [33mWARNING [0m [2m[py.warnings:112, 0f8858c49d67, rank=0][0m /opt/conda/lib/python3.12/site-packages/torch/distributed/utils.py:106: UserWarning: called a synchronizing CUDA operation (Triggered internally at /pytorch/c10/cuda/CUDAFunctions.cpp:162.)
2026-09-15T04:27:34.442Z   return (obj.to(target_device),)
2026-09-15T04:27:34.442Z 
2026-09-15T04:27:34.451Z [2;36m[2026-09-15 04:27:34][0m [33mWARNING [0m [2m[py.warnings:112, 0f8858c49d67, rank=0][0m /opt/conda/lib/python3.12/site-packages/olmo_core/nn/transformer/model.py:777: UserWarning: called a synchronizing CUDA operation (Triggered internally at /pytorch/c10/cuda/CUDAFunctions.cpp:162.)
2026-09-15T04:27:34.451Z   n_docs = int(chunk_ids.max().item()) + 1
2026-09-15T04:27:34.451Z 
2026-09-15T04:27:34.460Z [2;36m[2026-09-15 04:27:34][0m [33mWARNING [0m [2m[py.warnings:112, 0f8858c49d67, rank=0][0m /opt/conda/lib/python3.12/site-packages/olmo_core/nn/transformer/model.py:834: UserWarning: called a synchronizing CUDA operation (Triggered internally at /pytorch/c10/cuda/CUDAFunctions.cpp:162.)
2026-09-15T04:27:34.460Z   flat = (torch.arange(B, device=emb.device)[:, None] * n_docs + cid.clamp(min=0)).reshape(
2026-09-15T04:27:34.460Z 
2026-09-15T04:27:34.461Z [2;36m[2026-09-15 04:27:34][0m [33mWARNING [0m [2m[py.warnings:112, 0f8858c49d67, rank=0][0m /opt/conda/lib/python3.12/site-packages/olmo_core/nn/transformer/model.py:838: UserWarning: called a synchronizing CUDA operation (Triggered internally at /pytorch/c10/cuda/CUDAFunctions.cpp:162.)
2026-09-15T04:27:34.461Z   0, flat, emb.reshape(B * T, D)[is_ctx.reshape(-1)]
2026-09-15T04:27:34.461Z 
2026-09-15T04:27:34.470Z [2;36m[2026-09-15 04:27:34][0m [33mWARNING [0m [2m[py.warnings:112, 0f8858c49d67, rank=0][0m /opt/conda/lib/python3.12/site-packages/olmo_core/nn/pooled_soft_token.py:173: UserWarning: called a synchronizing CUDA operation (Triggered internally at /pytorch/c10/cuda/CUDAFunctions.cpp:162.)
2026-09-15T04:27:34.470Z   kept_idx = kept_tok.nonzero(as_tuple=True)[0]
2026-09-15T04:27:34.470Z 
2026-09-15T04:27:34.470Z [2;36m[2026-09-15 04:27:34][0m [33mWARNING [0m [2m[py.warnings:112, 0f8858c49d67, rank=0][0m /opt/conda/lib/python3.12/site-packages/olmo_core/nn/pooled_soft_token.py:179: UserWarning: called a synchronizing CUDA operation (Triggered internally at /pytorch/c10/cuda/CUDAFunctions.cpp:162.)
2026-09-15T04:27:34.470Z   if is_ctx.any():
2026-09-15T04:27:34.470Z 
2026-09-15T04:27:34.471Z [2;36m[2026-09-15 04:27:34][0m [33mWARNING [0m [2m[py.warnings:112, 0f8858c49d67, rank=0][0m /opt/conda/lib/python3.12/site-packages/olmo_core/nn/pooled_soft_token.py:180: UserWarning: called a synchronizing CUDA operation (Triggered internally at /pytorch/c10/cuda/CUDAFunctions.cpp:162.)
2026-09-15T04:27:34.471Z   d_ix = c[is_ctx]
2026-09-15T04:27:34.471Z 
2026-09-15T04:27:34.471Z [2;36m[2026-09-15 04:27:34][0m [33mWARNING [0m [2m[py.warnings:112, 0f8858c49d67, rank=0][0m /opt/conda/lib/python3.12/site-packages/olmo_core/nn/pooled_soft_token.py:181: UserWarning: called a synchronizing CUDA operation (Triggered internally at /pytorch/c10/cuda/CUDAFunctions.cpp:162.)
2026-09-15T04:27:34.471Z   pos_ix = is_ctx.nonzero(as_tuple=True)[0]
2026-09-15T04:27:34.471Z 
2026-09-15T04:27:34.472Z [2;36m[2026-09-15 04:27:34][0m [33mWARNING [0m [2m[py.warnings:112, 0f8858c49d67, rank=0][0m /opt/conda/lib/python3.12/site-packages/olmo_core/nn/pooled_soft_token.py:186: UserWarning: called a synchronizing CUDA operation (Triggered internally at /pytorch/c10/cuda/CUDAFunctions.cpp:162.)
2026-09-15T04:27:34.472Z   pooled_docs = pooled.nonzero(as_tuple=True)[0]
2026-09-15T04:27:34.472Z 
2026-09-15T04:27:34.473Z [2;36m[2026-09-15 04:27:34][0m [33mWARNING [0m [2m[py.warnings:112, 0f8858c49d67, rank=0][0m /opt/conda/lib/python3.12/site-packages/olmo_core/nn/pooled_soft_token.py:217: UserWarning: called a synchronizing CUDA operation (Triggered internally at /pytorch/c10/cuda/CUDAFunctions.cpp:162.)
2026-09-15T04:27:34.473Z   doc_len = torch.bincount(c[is_ctx], minlength=n_docs) if is_ctx.any() else torch.zeros(n_docs, dtype=torch.long, device=device)
2026-09-15T04:27:34.473Z 
2026-09-15T04:27:34.473Z [2;36m[2026-09-15 04:27:34][0m [33mWARNING [0m [2m[py.warnings:112, 0f8858c49d67, rank=0][0m /opt/conda/lib/python3.12/site-packages/olmo_core/nn/pooled_soft_token.py:222: UserWarning: called a synchronizing CUDA operation (Triggered internally at /pytorch/c10/cuda/CUDAFunctions.cpp:162.)
2026-09-15T04:27:34.474Z   soft_cols_b = soft_mask.nonzero(as_tuple=True)[0]
2026-09-15T04:27:34.474Z 
2026-09-15T04:27:34.474Z [2;36m[2026-09-15 04:27:34][0m [33mWARNING [0m [2m[py.warnings:112, 0f8858c49d67, rank=0][0m /opt/conda/lib/python3.12/site-packages/olmo_core/nn/pooled_soft_token.py:226: UserWarning: called a synchronizing CUDA operation (Triggered internally at /pytorch/c10/cuda/CUDAFunctions.cpp:162.)
2026-09-15T04:27:34.474Z   cols_l = soft_cols_b.tolist()
2026-09-15T04:27:34.474Z 
2026-09-15T04:27:34.475Z [2;36m[2026-09-15 04:27:34][0m [33mWARNING [0m [2m[py.warnings:112, 0f8858c49d67, rank=0][0m /opt/conda/lib/python3.12/site-packages/olmo_core/nn/pooled_soft_token.py:229: UserWarning: called a synchronizing CUDA operation (Triggered internally at /pytorch/c10/cuda/CUDAFunctions.cpp:162.)
2026-09-15T04:27:34.475Z   soft_docs += docs_b.tolist()
2026-09-15T04:27:34.475Z 
2026-09-15T04:27:34.475Z [2;36m[2026-09-15 04:27:34][0m [33mWARNING [0m [2m[py.warnings:112, 0f8858c49d67, rank=0][0m /opt/conda/lib/python3.12/site-packages/olmo_core/nn/pooled_soft_token.py:230: UserWarning: called a synchronizing CUDA operation (Triggered internally at /pytorch/c10/cuda/CUDAFunctions.cpp:162.)
2026-09-15T04:27:34.475Z   soft_log_len += lens_b.tolist()
2026-09-15T04:27:34.475Z 
2026-09-15T04:27:34.477Z [2;36m[2026-09-15 04:27:34][0m [33mWARNING [0m [2m[py.warnings:112, 0f8858c49d67, rank=0][0m /opt/conda/lib/python3.12/site-packages/olmo_core/nn/pooled_soft_token.py:280: UserWarning: called a synchronizing CUDA operation (Triggered internally at /pytorch/c10/cuda/CUDAFunctions.cpp:162.)
2026-09-15T04:27:34.477Z   row_lens[b] = L
2026-09-15T04:27:34.477Z 
2026-09-15T04:27:34.478Z [2;36m[2026-09-15 04:27:34][0m [33mWARNING [0m [2m[py.warnings:112, 0f8858c49d67, rank=0][0m /opt/conda/lib/python3.12/site-packages/olmo_core/nn/pooled_soft_token.py:297: UserWarning: called a synchronizing CUDA operation (Triggered internally at /pytorch/c10/cuda/CUDAFunctions.cpp:162.)
2026-09-15T04:27:34.478Z   soft_rows=torch.tensor(soft_rows, dtype=torch.long, device=device),
2026-09-15T04:27:34.478Z 
2026-09-15T04:27:34.478Z [2;36m[2026-09-15 04:27:34][0m [33mWARNING [0m [2m[py.warnings:112, 0f8858c49d67, rank=0][0m /opt/conda/lib/python3.12/site-packages/olmo_core/nn/pooled_soft_token.py:298: UserWarning: called a synchronizing CUDA operation (Triggered internally at /pytorch/c10/cuda/CUDAFunctions.cpp:162.)
2026-09-15T04:27:34.478Z   soft_cols=torch.tensor(soft_cols, dtype=torch.long, device=device),
2026-09-15T04:27:34.478Z 
2026-09-15T04:27:34.479Z [2;36m[2026-09-15 04:27:34][0m [33mWARNING [0m [2m[py.warnings:112, 0f8858c49d67, rank=0][0m /opt/conda/lib/python3.12/site-packages/olmo_core/nn/pooled_soft_token.py:299: UserWarning: called a synchronizing CUDA operation (Triggered internally at /pytorch/c10/cuda/CUDAFunctions.cpp:162.)
2026-09-15T04:27:34.479Z   soft_docs=torch.tensor(soft_docs, dtype=torch.long, device=device),
2026-09-15T04:27:34.479Z 
2026-09-15T04:27:34.479Z [2;36m[2026-09-15 04:27:34][0m [33mWARNING [0m [2m[py.warnings:112, 0f8858c49d67, rank=0][0m /opt/conda/lib/python3.12/site-packages/olmo_core/nn/pooled_soft_token.py:301: UserWarning: called a synchronizing CUDA operation (Triggered internally at /pytorch/c10/cuda/CUDAFunctions.cpp:162.)
2026-09-15T04:27:34.479Z   soft_log_len=torch.tensor(soft_log_len, dtype=torch.float32, device=device),
2026-09-15T04:27:34.479Z 
2026-09-15T04:27:34.480Z [2;36m[2026-09-15 04:27:34][0m [33mWARNING [0m [2m[py.warnings:112, 0f8858c49d67, rank=0][0m /opt/conda/lib/python3.12/site-packages/olmo_core/nn/transformer/model.py:1502: UserWarning: called a synchronizing CUDA operation (Triggered internally at /pytorch/c10/cuda/CUDAFunctions.cpp:162.)
2026-09-15T04:27:34.480Z   kv_grad_mask[cb.soft_rows, cb.soft_cols] = False
2026-09-15T04:27:34.480Z 
2026-09-15T04:27:34.659Z [2;36m[2026-09-15 04:27:34][0m [33mWARNING [0m [2m[py.warnings:112, 0f8858c49d67, rank=0][0m /opt/conda/lib/python3.12/site-packages/liger_kernel/ops/fused_linear_cross_entropy.py:75: UserWarning: called a synchronizing CUDA operation (Triggered internally at /pytorch/c10/cuda/CUDAFunctions.cpp:162.)
2026-09-15T04:27:34.659Z   total_n_non_ignore = target_mask.sum().item()
2026-09-15T04:27:34.659Z 
2026-09-15T04:27:35.494Z [2;36m[2026-09-15 04:27:35][0m [33mWARNING [0m [2m[py.warnings:112, 0f8858c49d67, rank=0][0m /opt/conda/lib/python3.12/site-packages/liger_kernel/ops/fused_linear_cross_entropy.py:233: UserWarning: called a synchronizing CUDA operation (Triggered internally at /pytorch/c10/cuda/CUDAFunctions.cpp:162.)
2026-09-15T04:27:35.494Z   if not torch.equal(grad_output, torch.tensor(1.0, device=grad_output.device)):
2026-09-15T04:27:35.494Z 
2026-09-15T04:27:36.228Z [2;36m[2026-09-15 04:27:36][0m [33mWARNING [0m [2m[py.warnings:112, 0f8858c49d67, rank=1][0m /opt/conda/lib/python3.12/site-packages/torch/autograd/graph.py:841: UserWarning: called a synchronizing CUDA operation (Triggered internally at /pytorch/c10/cuda/CUDAFunctions.cpp:162.)
2026-09-15T04:27:36.228Z   return Variable._execution_engine.run_backward(  # Calls into the C++ engine to run the backward pass
2026-09-15T04:27:36.228Z 
2026-09-15T04:27:36.230Z [2;36m[2026-09-15 04:27:36][0m [33mWARNING [0m [2m[py.warnings:112, 0f8858c49d67, rank=1][0m /opt/conda/lib/python3.12/site-packages/torch/distributed/utils.py:106: UserWarning: called a synchronizing CUDA operation (Triggered internally at /pytorch/c10/cuda/CUDAFunctions.cpp:162.)
2026-09-15T04:27:36.230Z   return (obj.to(target_device),)
2026-09-15T04:27:36.230Z 
2026-09-15T04:27:36.240Z [2;36m[2026-09-15 04:27:36][0m [33mWARNING [0m [2m[py.warnings:112, 0f8858c49d67, rank=1][0m /opt/conda/lib/python3.12/site-packages/olmo_core/nn/transformer/model.py:777: UserWarning: called a synchronizing CUDA operation (Triggered internally at /pytorch/c10/cuda/CUDAFunctions.cpp:162.)
2026-09-15T04:27:36.240Z   n_docs = int(chunk_ids.max().item()) + 1
2026-09-15T04:27:36.240Z 
2026-09-15T04:27:36.249Z [2;36m[2026-09-15 04:27:36][0m [33mWARNING [0m [2m[py.warnings:112, 0f8858c49d67, rank=1][0m /opt/conda/lib/python3.12/site-packages/olmo_core/nn/transformer/model.py:834: UserWarning: called a synchronizing CUDA operation (Triggered internally at /pytorch/c10/cuda/CUDAFunctions.cpp:162.)
2026-09-15T04:27:36.249Z   flat = (torch.arange(B, device=emb.device)[:, None] * n_docs + cid.clamp(min=0)).reshape(
2026-09-15T04:27:36.249Z 
2026-09-15T04:27:36.249Z [2;36m[2026-09-15 04:27:36][0m [33mWARNING [0m [2m[py.warnings:112, 0f8858c49d67, rank=1][0m /opt/conda/lib/python3.12/site-packages/olmo_core/nn/transformer/model.py:838: UserWarning: called a synchronizing CUDA operation (Triggered internally at /pytorch/c10/cuda/CUDAFunctions.cpp:162.)
2026-09-15T04:27:36.249Z   0, flat, emb.reshape(B * T, D)[is_ctx.reshape(-1)]
2026-09-15T04:27:36.249Z 
2026-09-15T04:27:36.258Z [2;36m[2026-09-15 04:27:36][0m [33mWARNING [0m [2m[py.warnings:112, 0f8858c49d67, rank=1][0m /opt/conda/lib/python3.12/site-packages/olmo_core/nn/pooled_soft_token.py:173: UserWarning: called a synchronizing CUDA operation (Triggered internally at /pytorch/c10/cuda/CUDAFunctions.cpp:162.)
2026-09-15T04:27:36.258Z   kept_idx = kept_tok.nonzero(as_tuple=True)[0]
2026-09-15T04:27:36.258Z 
2026-09-15T04:27:36.258Z [2;36m[2026-09-15 04:27:36][0m [33mWARNING [0m [2m[py.warnings:112, 0f8858c49d67, rank=1][0m /opt/conda/lib/python3.12/site-packages/olmo_core/nn/pooled_soft_token.py:179: UserWarning: called a synchronizing CUDA operation (Triggered internally at /pytorch/c10/cuda/CUDAFunctions.cpp:162.)
2026-09-15T04:27:36.258Z   if is_ctx.any():
2026-09-15T04:27:36.258Z 
2026-09-15T04:27:36.259Z [2;36m[2026-09-15 04:27:36][0m [33mWARNING [0m [2m[py.warnings:112, 0f8858c49d67, rank=1][0m /opt/conda/lib/python3.12/site-packages/olmo_core/nn/pooled_soft_token.py:180: UserWarning: called a synchronizing CUDA operation (Triggered internally at /pytorch/c10/cuda/CUDAFunctions.cpp:162.)
2026-09-15T04:27:36.259Z   d_ix = c[is_ctx]
2026-09-15T04:27:36.259Z 
2026-09-15T04:27:36.259Z [2;36m[2026-09-15 04:27:36][0m [33mWARNING [0m [2m[py.warnings:112, 0f8858c49d67, rank=1][0m /opt/conda/lib/python3.12/site-packages/olmo_core/nn/pooled_soft_token.py:181: UserWarning: called a synchronizing CUDA operation (Triggered internally at /pytorch/c10/cuda/CUDAFunctions.cpp:162.)
2026-09-15T04:27:36.259Z   pos_ix = is_ctx.nonzero(as_tuple=True)[0]
2026-09-15T04:27:36.259Z 
2026-09-15T04:27:36.260Z [2;36m[2026-09-15 04:27:36][0m [33mWARNING [0m [2m[py.warnings:112, 0f8858c49d67, rank=1][0m /opt/conda/lib/python3.12/site-packages/olmo_core/nn/pooled_soft_token.py:186: UserWarning: called a synchronizing CUDA operation (Triggered internally at /pytorch/c10/cuda/CUDAFunctions.cpp:162.)
2026-09-15T04:27:36.260Z   pooled_docs = pooled.nonzero(as_tuple=True)[0]
2026-09-15T04:27:36.260Z 
2026-09-15T04:27:36.260Z [2;36m[2026-09-15 04:27:36][0m [33mWARNING [0m [2m[py.warnings:112, 0f8858c49d67, rank=1][0m /opt/conda/lib/python3.12/site-packages/olmo_core/nn/pooled_soft_token.py:217: UserWarning: called a synchronizing CUDA operation (Triggered internally at /pytorch/c10/cuda/CUDAFunctions.cpp:162.)
2026-09-15T04:27:36.260Z   doc_len = torch.bincount(c[is_ctx], minlength=n_docs) if is_ctx.any() else torch.zeros(n_docs, dtype=torch.long, device=device)
2026-09-15T04:27:36.260Z 
2026-09-15T04:27:36.261Z [2;36m[2026-09-15 04:27:36][0m [33mWARNING [0m [2m[py.warnings:112, 0f8858c49d67, rank=1][0m /opt/conda/lib/python3.12/site-packages/olmo_core/nn/pooled_soft_token.py:222: UserWarning: called a synchronizing CUDA operation (Triggered internally at /pytorch/c10/cuda/CUDAFunctions.cpp:162.)
2026-09-15T04:27:36.261Z   soft_cols_b = soft_mask.nonzero(as_tuple=True)[0]
2026-09-15T04:27:36.261Z 
2026-09-15T04:27:36.261Z [2;36m[2026-09-15 04:27:36][0m [33mWARNING [0m [2m[py.warnings:112, 0f8858c49d67, rank=1][0m /opt/conda/lib/python3.12/site-packages/olmo_core/nn/pooled_soft_token.py:226: UserWarning: called a synchronizing CUDA operation (Triggered internally at /pytorch/c10/cuda/CUDAFunctions.cpp:162.)
2026-09-15T04:27:36.261Z   cols_l = soft_cols_b.tolist()
2026-09-15T04:27:36.261Z 
2026-09-15T04:27:36.262Z [2;36m[2026-09-15 04:27:36][0m [33mWARNING [0m [2m[py.warnings:112, 0f8858c49d67, rank=1][0m /opt/conda/lib/python3.12/site-packages/olmo_core/nn/pooled_soft_token.py:229: UserWarning: called a synchronizing CUDA operation (Triggered internally at /pytorch/c10/cuda/CUDAFunctions.cpp:162.)
2026-09-15T04:27:36.262Z   soft_docs += docs_b.tolist()
2026-09-15T04:27:36.262Z 
2026-09-15T04:27:36.262Z [2;36m[2026-09-15 04:27:36][0m [33mWARNING [0m [2m[py.warnings:112, 0f8858c49d67, rank=1][0m /opt/conda/lib/python3.12/site-packages/olmo_core/nn/pooled_soft_token.py:230: UserWarning: called a synchronizing CUDA operation (Triggered internally at /pytorch/c10/cuda/CUDAFunctions.cpp:162.)
2026-09-15T04:27:36.262Z   soft_log_len += lens_b.tolist()
2026-09-15T04:27:36.262Z 
2026-09-15T04:27:36.264Z [2;36m[2026-09-15 04:27:36][0m [33mWARNING [0m [2m[py.warnings:112, 0f8858c49d67, rank=1][0m /opt/conda/lib/python3.12/site-packages/olmo_core/nn/pooled_soft_token.py:280: UserWarning: called a synchronizing CUDA operation (Triggered internally at /pytorch/c10/cuda/CUDAFunctions.cpp:162.)
2026-09-15T04:27:36.264Z   row_lens[b] = L
2026-09-15T04:27:36.264Z 
2026-09-15T04:27:36.264Z [2;36m[2026-09-15 04:27:36][0m [33mWARNING [0m [2m[py.warnings:112, 0f8858c49d67, rank=1][0m /opt/conda/lib/python3.12/site-packages/olmo_core/nn/pooled_soft_token.py:297: UserWarning: called a synchronizing CUDA operation (Triggered internally at /pytorch/c10/cuda/CUDAFunctions.cpp:162.)
2026-09-15T04:27:36.264Z   soft_rows=torch.tensor(soft_rows, dtype=torch.long, device=device),
2026-09-15T04:27:36.264Z 
2026-09-15T04:27:36.265Z [2;36m[2026-09-15 04:27:36][0m [33mWARNING [0m [2m[py.warnings:112, 0f8858c49d67, rank=1][0m /opt/conda/lib/python3.12/site-packages/olmo_core/nn/pooled_soft_token.py:298: UserWarning: called a synchronizing CUDA operation (Triggered internally at /pytorch/c10/cuda/CUDAFunctions.cpp:162.)
2026-09-15T04:27:36.265Z   soft_cols=torch.tensor(soft_cols, dtype=torch.long, device=device),
2026-09-15T04:27:36.265Z 
2026-09-15T04:27:36.265Z [2;36m[2026-09-15 04:27:36][0m [33mWARNING [0m [2m[py.warnings:112, 0f8858c49d67, rank=1][0m /opt/conda/lib/python3.12/site-packages/olmo_core/nn/pooled_soft_token.py:299: UserWarning: called a synchronizing CUDA operation (Triggered internally at /pytorch/c10/cuda/CUDAFunctions.cpp:162.)
2026-09-15T04:27:36.265Z   soft_docs=torch.tensor(soft_docs, dtype=torch.long, device=device),
2026-09-15T04:27:36.265Z 
2026-09-15T04:27:36.265Z [2;36m[2026-09-15 04:27:36][0m [33mWARNING [0m [2m[py.warnings:112, 0f8858c49d67, rank=1][0m /opt/conda/lib/python3.12/site-packages/olmo_core/nn/pooled_soft_token.py:301: UserWarning: called a synchronizing CUDA operation (Triggered internally at /pytorch/c10/cuda/CUDAFunctions.cpp:162.)
2026-09-15T04:27:36.265Z   soft_log_len=torch.tensor(soft_log_len, dtype=torch.float32, device=device),
2026-09-15T04:27:36.265Z 
2026-09-15T04:27:36.266Z [2;36m[2026-09-15 04:27:36][0m [33mWARNING [0m [2m[py.warnings:112, 0f8858c49d67, rank=1][0m /opt/conda/lib/python3.12/site-packages/olmo_core/nn/transformer/model.py:1502: UserWarning: called a synchronizing CUDA operation (Triggered internally at /pytorch/c10/cuda/CUDAFunctions.cpp:162.)
2026-09-15T04:27:36.266Z   kv_grad_mask[cb.soft_rows, cb.soft_cols] = False
2026-09-15T04:27:36.266Z 
2026-09-15T04:27:36.444Z [2;36m[2026-09-15 04:27:36][0m [33mWARNING [0m [2m[py.warnings:112, 0f8858c49d67, rank=1][0m /opt/conda/lib/python3.12/site-packages/liger_kernel/ops/fused_linear_cross_entropy.py:75: UserWarning: called a synchronizing CUDA operation (Triggered internally at /pytorch/c10/cuda/CUDAFunctions.cpp:162.)
2026-09-15T04:27:36.444Z   total_n_non_ignore = target_mask.sum().item()
2026-09-15T04:27:36.444Z 
2026-09-15T04:27:37.319Z [2;36m[2026-09-15 04:27:37][0m [33mWARNING [0m [2m[py.warnings:112, 0f8858c49d67, rank=1][0m /opt/conda/lib/python3.12/site-packages/liger_kernel/ops/fused_linear_cross_entropy.py:233: UserWarning: called a synchronizing CUDA operation (Triggered internally at /pytorch/c10/cuda/CUDAFunctions.cpp:162.)
2026-09-15T04:27:37.319Z   if not torch.equal(grad_output, torch.tensor(1.0, device=grad_output.device)):
2026-09-15T04:27:37.319Z 
2026-09-15T04:27:48.976Z [2;36m[2026-09-15 04:27:48][0m [33mWARNING [0m [2m[py.warnings:112, 0f8858c49d67, rank=0][0m /opt/conda/lib/python3.12/site-packages/liger_kernel/ops/fused_linear_cross_entropy.py:75: UserWarning: called a synchronizing CUDA operation (Triggered internally at /pytorch/c10/cuda/CUDAFunctions.cpp:162.)
2026-09-15T04:27:48.976Z   total_n_non_ignore = target_mask.sum().item()
2026-09-15T04:27:48.976Z 
2026-09-15T04:27:49.721Z [2;36m[2026-09-15 04:27:49][0m [33mWARNING [0m [2m[py.warnings:112, 0f8858c49d67, rank=0][0m /opt/conda/lib/python3.12/site-packages/liger_kernel/ops/fused_linear_cross_entropy.py:233: UserWarning: called a synchronizing CUDA operation (Triggered internally at /pytorch/c10/cuda/CUDAFunctions.cpp:162.)
2026-09-15T04:27:49.722Z   if not torch.equal(grad_output, torch.tensor(1.0, device=grad_output.device)):
2026-09-15T04:27:49.722Z 
2026-09-15T04:28:02.994Z [2;36m[2026-09-15 04:28:02][0m [33mWARNING [0m [2m[py.warnings:112, 0f8858c49d67, rank=0][0m /opt/conda/lib/python3.12/site-packages/torch/autograd/graph.py:841: UserWarning: called a synchronizing CUDA operation (Triggered internally at /pytorch/c10/cuda/CUDAFunctions.cpp:162.)
2026-09-15T04:28:02.994Z   return Variable._execution_engine.run_backward(  # Calls into the C++ engine to run the backward pass
2026-09-15T04:28:02.994Z 
2026-09-15T04:28:02.995Z [2;36m[2026-09-15 04:28:02][0m [33mWARNING [0m [2m[py.warnings:112, 0f8858c49d67, rank=0][0m /opt/conda/lib/python3.12/site-packages/torch/distributed/utils.py:106: UserWarning: called a synchronizing CUDA operation (Triggered internally at /pytorch/c10/cuda/CUDAFunctions.cpp:162.)
2026-09-15T04:28:02.995Z   return (obj.to(target_device),)
2026-09-15T04:28:02.995Z 
2026-09-15T04:28:03.005Z [2;36m[2026-09-15 04:28:03][0m [33mWARNING [0m [2m[py.warnings:112, 0f8858c49d67, rank=0][0m /opt/conda/lib/python3.12/site-packages/olmo_core/nn/transformer/model.py:777: UserWarning: called a synchronizing CUDA operation (Triggered internally at /pytorch/c10/cuda/CUDAFunctions.cpp:162.)
2026-09-15T04:28:03.005Z   n_docs = int(chunk_ids.max().item()) + 1
2026-09-15T04:28:03.005Z 
2026-09-15T04:28:03.014Z [2;36m[2026-09-15 04:28:03][0m [33mWARNING [0m [2m[py.warnings:112, 0f8858c49d67, rank=0][0m /opt/conda/lib/python3.12/site-packages/olmo_core/nn/transformer/model.py:834: UserWarning: called a synchronizing CUDA operation (Triggered internally at /pytorch/c10/cuda/CUDAFunctions.cpp:162.)
2026-09-15T04:28:03.014Z   flat = (torch.arange(B, device=emb.device)[:, None] * n_docs + cid.clamp(min=0)).reshape(
2026-09-15T04:28:03.014Z 
2026-09-15T04:28:03.015Z [2;36m[2026-09-15 04:28:03][0m [33mWARNING [0m [2m[py.warnings:112, 0f8858c49d67, rank=0][0m /opt/conda/lib/python3.12/site-packages/olmo_core/nn/transformer/model.py:838: UserWarning: called a synchronizing CUDA operation (Triggered internally at /pytorch/c10/cuda/CUDAFunctions.cpp:162.)
2026-09-15T04:28:03.015Z   0, flat, emb.reshape(B * T, D)[is_ctx.reshape(-1)]
2026-09-15T04:28:03.015Z 
2026-09-15T04:28:03.022Z [2;36m[2026-09-15 04:28:03][0m [33mWARNING [0m [2m[py.warnings:112, 0f8858c49d67, rank=0][0m /opt/conda/lib/python3.12/site-packages/olmo_core/nn/pooled_soft_token.py:173: UserWarning: called a synchronizing CUDA operation (Triggered internally at /pytorch/c10/cuda/CUDAFunctions.cpp:162.)
2026-09-15T04:28:03.022Z   kept_idx = kept_tok.nonzero(as_tuple=True)[0]
2026-09-15T04:28:03.022Z 
2026-09-15T04:28:03.022Z [2;36m[2026-09-15 04:28:03][0m [33mWARNING [0m [2m[py.warnings:112, 0f8858c49d67, rank=0][0m /opt/conda/lib/python3.12/site-packages/olmo_core/nn/pooled_soft_token.py:179: UserWarning: called a synchronizing CUDA operation (Triggered internally at /pytorch/c10/cuda/CUDAFunctions.cpp:162.)
2026-09-15T04:28:03.022Z   if is_ctx.any():
2026-09-15T04:28:03.022Z 
2026-09-15T04:28:03.023Z [2;36m[2026-09-15 04:28:03][0m [33mWARNING [0m [2m[py.warnings:112, 0f8858c49d67, rank=0][0m /opt/conda/lib/python3.12/site-packages/olmo_core/nn/pooled_soft_token.py:180: UserWarning: called a synchronizing CUDA operation (Triggered internally at /pytorch/c10/cuda/CUDAFunctions.cpp:162.)
2026-09-15T04:28:03.023Z   d_ix = c[is_ctx]
2026-09-15T04:28:03.023Z 
2026-09-15T04:28:03.023Z [2;36m[2026-09-15 04:28:03][0m [33mWARNING [0m [2m[py.warnings:112, 0f8858c49d67, rank=0][0m /opt/conda/lib/python3.12/site-packages/olmo_core/nn/pooled_soft_token.py:181: UserWarning: called a synchronizing CUDA operation (Triggered internally at /pytorch/c10/cuda/CUDAFunctions.cpp:162.)
2026-09-15T04:28:03.023Z   pos_ix = is_ctx.nonzero(as_tuple=True)[0]
2026-09-15T04:28:03.023Z 
2026-09-15T04:28:03.024Z [2;36m[2026-09-15 04:28:03][0m [33mWARNING [0m [2m[py.warnings:112, 0f8858c49d67, rank=0][0m /opt/conda/lib/python3.12/site-packages/olmo_core/nn/pooled_soft_token.py:186: UserWarning: called a synchronizing CUDA operation (Triggered internally at /pytorch/c10/cuda/CUDAFunctions.cpp:162.)
2026-09-15T04:28:03.024Z   pooled_docs = pooled.nonzero(as_tuple=True)[0]
2026-09-15T04:28:03.024Z 
2026-09-15T04:28:03.025Z [2;36m[2026-09-15 04:28:03][0m [33mWARNING [0m [2m[py.warnings:112, 0f8858c49d67, rank=0][0m /opt/conda/lib/python3.12/site-packages/olmo_core/nn/pooled_soft_token.py:217: UserWarning: called a synchronizing CUDA operation (Triggered internally at /pytorch/c10/cuda/CUDAFunctions.cpp:162.)
2026-09-15T04:28:03.025Z   doc_len = torch.bincount(c[is_ctx], minlength=n_docs) if is_ctx.any() else torch.zeros(n_docs, dtype=torch.long, device=device)
2026-09-15T04:28:03.025Z 
2026-09-15T04:28:03.026Z [2;36m[2026-09-15 04:28:03][0m [33mWARNING [0m [2m[py.warnings:112, 0f8858c49d67, rank=0][0m /opt/conda/lib/python3.12/site-packages/olmo_core/nn/pooled_soft_token.py:222: UserWarning: called a synchronizing CUDA operation (Triggered internally at /pytorch/c10/cuda/CUDAFunctions.cpp:162.)
2026-09-15T04:28:03.026Z   soft_cols_b = soft_mask.nonzero(as_tuple=True)[0]
2026-09-15T04:28:03.026Z 
2026-09-15T04:28:03.026Z [2;36m[2026-09-15 04:28:03][0m [33mWARNING [0m [2m[py.warnings:112, 0f8858c49d67, rank=0][0m /opt/conda/lib/python3.12/site-packages/olmo_core/nn/pooled_soft_token.py:226: UserWarning: called a synchronizing CUDA operation (Triggered internally at /pytorch/c10/cuda/CUDAFunctions.cpp:162.)
2026-09-15T04:28:03.026Z   cols_l = soft_cols_b.tolist()
2026-09-15T04:28:03.026Z 
2026-09-15T04:28:03.026Z [2;36m[2026-09-15 04:28:03][0m [33mWARNING [0m [2m[py.warnings:112, 0f8858c49d67, rank=0][0m /opt/conda/lib/python3.12/site-packages/olmo_core/nn/pooled_soft_token.py:229: UserWarning: called a synchronizing CUDA operation (Triggered internally at /pytorch/c10/cuda/CUDAFunctions.cpp:162.)
2026-09-15T04:28:03.026Z   soft_docs += docs_b.tolist()
2026-09-15T04:28:03.026Z 
2026-09-15T04:28:03.027Z [2;36m[2026-09-15 04:28:03][0m [33mWARNING [0m [2m[py.warnings:112, 0f8858c49d67, rank=0][0m /opt/conda/lib/python3.12/site-packages/olmo_core/nn/pooled_soft_token.py:230: UserWarning: called a synchronizing CUDA operation (Triggered internally at /pytorch/c10/cuda/CUDAFunctions.cpp:162.)
2026-09-15T04:28:03.027Z   soft_log_len += lens_b.tolist()
2026-09-15T04:28:03.027Z 
2026-09-15T04:28:03.029Z [2;36m[2026-09-15 04:28:03][0m [33mWARNING [0m [2m[py.warnings:112, 0f8858c49d67, rank=0][0m /opt/conda/lib/python3.12/site-packages/olmo_core/nn/pooled_soft_token.py:280: UserWarning: called a synchronizing CUDA operation (Triggered internally at /pytorch/c10/cuda/CUDAFunctions.cpp:162.)
2026-09-15T04:28:03.029Z   row_lens[b] = L
2026-09-15T04:28:03.029Z 
2026-09-15T04:28:03.030Z [2;36m[2026-09-15 04:28:03][0m [33mWARNING [0m [2m[py.warnings:112, 0f8858c49d67, rank=0][0m /opt/conda/lib/python3.12/site-packages/olmo_core/nn/pooled_soft_token.py:297: UserWarning: called a synchronizing CUDA operation (Triggered internally at /pytorch/c10/cuda/CUDAFunctions.cpp:162.)
2026-09-15T04:28:03.030Z   soft_rows=torch.tensor(soft_rows, dtype=torch.long, device=device),
2026-09-15T04:28:03.030Z 
2026-09-15T04:28:03.030Z [2;36m[2026-09-15 04:28:03][0m [33mWARNING [0m [2m[py.warnings:112, 0f8858c49d67, rank=0][0m /opt/conda/lib/python3.12/site-packages/olmo_core/nn/pooled_soft_token.py:298: UserWarning: called a synchronizing CUDA operation (Triggered internally at /pytorch/c10/cuda/CUDAFunctions.cpp:162.)
2026-09-15T04:28:03.030Z   soft_cols=torch.tensor(soft_cols, dtype=torch.long, device=device),
2026-09-15T04:28:03.030Z 
2026-09-15T04:28:03.031Z [2;36m[2026-09-15 04:28:03][0m [33mWARNING [0m [2m[py.warnings:112, 0f8858c49d67, rank=0][0m /opt/conda/lib/python3.12/site-packages/olmo_core/nn/pooled_soft_token.py:299: UserWarning: called a synchronizing CUDA operation (Triggered internally at /pytorch/c10/cuda/CUDAFunctions.cpp:162.)
2026-09-15T04:28:03.031Z   soft_docs=torch.tensor(soft_docs, dtype=torch.long, device=device),
2026-09-15T04:28:03.031Z 
2026-09-15T04:28:03.031Z [2;36m[2026-09-15 04:28:03][0m [33mWARNING [0m [2m[py.warnings:112, 0f8858c49d67, rank=0][0m /opt/conda/lib/python3.12/site-packages/olmo_core/nn/pooled_soft_token.py:301: UserWarning: called a synchronizing CUDA operation (Triggered internally at /pytorch/c10/cuda/CUDAFunctions.cpp:162.)
2026-09-15T04:28:03.031Z   soft_log_len=torch.tensor(soft_log_len, dtype=torch.float32, device=device),
2026-09-15T04:28:03.031Z 
2026-09-15T04:28:03.032Z [2;36m[2026-09-15 04:28:03][0m [33mWARNING [0m [2m[py.warnings:112, 0f8858c49d67, rank=0][0m /opt/conda/lib/python3.12/site-packages/olmo_core/nn/transformer/model.py:1502: UserWarning: called a synchronizing CUDA operation (Triggered internally at /pytorch/c10/cuda/CUDAFunctions.cpp:162.)
2026-09-15T04:28:03.032Z   kv_grad_mask[cb.soft_rows, cb.soft_cols] = False
2026-09-15T04:28:03.032Z 
2026-09-15T04:28:03.216Z [2;36m[2026-09-15 04:28:03][0m [33mWARNING [0m [2m[py.warnings:112, 0f8858c49d67, rank=0][0m /opt/conda/lib/python3.12/site-packages/liger_kernel/ops/fused_linear_cross_entropy.py:75: UserWarning: called a synchronizing CUDA operation (Triggered internally at /pytorch/c10/cuda/CUDAFunctions.cpp:162.)
2026-09-15T04:28:03.216Z   total_n_non_ignore = target_mask.sum().item()
2026-09-15T04:28:03.216Z 
2026-09-15T04:28:04.081Z [2;36m[2026-09-15 04:28:04][0m [33mWARNING [0m [2m[py.warnings:112, 0f8858c49d67, rank=0][0m /opt/conda/lib/python3.12/site-packages/liger_kernel/ops/fused_linear_cross_entropy.py:233: UserWarning: called a synchronizing CUDA operation (Triggered internally at /pytorch/c10/cuda/CUDAFunctions.cpp:162.)
2026-09-15T04:28:04.081Z   if not torch.equal(grad_output, torch.tensor(1.0, device=grad_output.device)):
2026-09-15T04:28:04.081Z 
2026-09-15T04:28:04.825Z [2;36m[2026-09-15 04:28:04][0m [34mINFO    [0m [2m[olmo_core.train.callbacks.console_logger:68, 0f8858c49d67, rank=0][0m [step=2/61,epoch=1,eta=2h10m]
2026-09-15T04:28:04.826Z     gpu_memory/GPU active mem (%)=76.00
2026-09-15T04:28:04.826Z     gpu_memory/GPU active mem (GiB)=60.23
2026-09-15T04:28:04.826Z     gpu_memory/GPU reserved mem (%)=81.32
2026-09-15T04:28:04.826Z     gpu_memory/GPU reserved mem (GiB)=64.45
2026-09-15T04:28:04.826Z     optim/LR (group 0)=5.00E-06
2026-09-15T04:28:04.826Z     optim/LR (group 1)=5.00E-06
2026-09-15T04:28:04.826Z     optim/step skipped=0.0
2026-09-15T04:28:04.826Z     optim/total grad norm=67.89
2026-09-15T04:28:04.826Z     throughput/chinchilla multiple=3.12E-06
2026-09-15T04:28:04.826Z     throughput/device/BPS=0.0075
2026-09-15T04:28:04.826Z     throughput/device/BPS (actual avg)=0.0075
2026-09-15T04:28:04.826Z     throughput/device/MFU=3.587
2026-09-15T04:28:04.826Z     throughput/device/MFU (actual avg)=3.587
2026-09-15T04:28:04.826Z     throughput/device/TPS=488.8
2026-09-15T04:28:04.826Z     throughput/device/TPS (actual avg)=488.8
2026-09-15T04:28:04.826Z     throughput/device/flopsPS=11.19T
2026-09-15T04:28:04.826Z     throughput/device/flopsPS (actual avg)=11.19T
2026-09-15T04:28:04.826Z     throughput/total petaflops=6.003
2026-09-15T04:28:04.826Z     throughput/total tokens=262,144
2026-09-15T04:28:04.826Z     train/CE loss=0.7087
2026-09-15T04:28:04.826Z     throughput/device/data loading (%)=0.0225
2026-09-15T04:28:04.826Z     throughput/device/data loading (s)=0.0301
2026-09-15T04:28:04.826Z     train/PPL=2.031
2026-09-15T04:28:06.461Z [2;36m[2026-09-15 04:28:06][0m [33mWARNING [0m [2m[py.warnings:112, 0f8858c49d67, rank=0][0m /opt/conda/lib/python3.12/site-packages/torch/autograd/graph.py:841: UserWarning: called a synchronizing CUDA operation (Triggered internally at /pytorch/c10/cuda/CUDAFunctions.cpp:162.)
2026-09-15T04:28:06.461Z   return Variable._execution_engine.run_backward(  # Calls into the C++ engine to run the backward pass
2026-09-15T04:28:06.461Z 
2026-09-15T04:28:06.478Z [2;36m[2026-09-15 04:28:06][0m [33mWARNING [0m [2m[py.warnings:112, 0f8858c49d67, rank=0][0m /opt/conda/lib/python3.12/site-packages/torch/distributed/utils.py:106: UserWarning: called a synchronizing CUDA operation (Triggered internally at /pytorch/c10/cuda/CUDAFunctions.cpp:162.)
2026-09-15T04:28:06.478Z   return (obj.to(target_device),)
2026-09-15T04:28:06.478Z 
2026-09-15T04:28:06.485Z [2;36m[2026-09-15 04:28:06][0m [33mWARNING [0m [2m[py.warnings:112, 0f8858c49d67, rank=0][0m /opt/conda/lib/python3.12/site-packages/olmo_core/nn/transformer/model.py:777: UserWarning: called a synchronizing CUDA operation (Triggered internally at /pytorch/c10/cuda/CUDAFunctions.cpp:162.)
2026-09-15T04:28:06.485Z   n_docs = int(chunk_ids.max().item()) + 1
2026-09-15T04:28:06.485Z 
2026-09-15T04:28:06.495Z [2;36m[2026-09-15 04:28:06][0m [33mWARNING [0m [2m[py.warnings:112, 0f8858c49d67, rank=0][0m /opt/conda/lib/python3.12/site-packages/olmo_core/nn/transformer/model.py:834: UserWarning: called a synchronizing CUDA operation (Triggered internally at /pytorch/c10/cuda/CUDAFunctions.cpp:162.)
2026-09-15T04:28:06.495Z   flat = (torch.arange(B, device=emb.device)[:, None] * n_docs + cid.clamp(min=0)).reshape(
2026-09-15T04:28:06.495Z 
2026-09-15T04:28:06.495Z [2;36m[2026-09-15 04:28:06][0m [33mWARNING [0m [2m[py.warnings:112, 0f8858c49d67, rank=0][0m /opt/conda/lib/python3.12/site-packages/olmo_core/nn/transformer/model.py:838: UserWarning: called a synchronizing CUDA operation (Triggered internally at /pytorch/c10/cuda/CUDAFunctions.cpp:162.)
2026-09-15T04:28:06.495Z   0, flat, emb.reshape(B * T, D)[is_ctx.reshape(-1)]
2026-09-15T04:28:06.495Z 
2026-09-15T04:28:06.504Z [2;36m[2026-09-15 04:28:06][0m [33mWARNING [0m [2m[py.warnings:112, 0f8858c49d67, rank=0][0m /opt/conda/lib/python3.12/site-packages/olmo_core/nn/pooled_soft_token.py:173: UserWarning: called a synchronizing CUDA operation (Triggered internally at /pytorch/c10/cuda/CUDAFunctions.cpp:162.)
2026-09-15T04:28:06.504Z   kept_idx = kept_tok.nonzero(as_tuple=True)[0]
2026-09-15T04:28:06.504Z 
2026-09-15T04:28:06.505Z [2;36m[2026-09-15 04:28:06][0m [33mWARNING [0m [2m[py.warnings:112, 0f8858c49d67, rank=0][0m /opt/conda/lib/python3.12/site-packages/olmo_core/nn/pooled_soft_token.py:179: UserWarning: called a synchronizing CUDA operation (Triggered internally at /pytorch/c10/cuda/CUDAFunctions.cpp:162.)
2026-09-15T04:28:06.505Z   if is_ctx.any():
2026-09-15T04:28:06.505Z 
2026-09-15T04:28:06.505Z [2;36m[2026-09-15 04:28:06][0m [33mWARNING [0m [2m[py.warnings:112, 0f8858c49d67, rank=0][0m /opt/conda/lib/python3.12/site-packages/olmo_core/nn/pooled_soft_token.py:180: UserWarning: called a synchronizing CUDA operation (Triggered internally at /pytorch/c10/cuda/CUDAFunctions.cpp:162.)
2026-09-15T04:28:06.505Z   d_ix = c[is_ctx]
2026-09-15T04:28:06.505Z 
2026-09-15T04:28:06.506Z [2;36m[2026-09-15 04:28:06][0m [33mWARNING [0m [2m[py.warnings:112, 0f8858c49d67, rank=0][0m /opt/conda/lib/python3.12/site-packages/olmo_core/nn/pooled_soft_token.py:181: UserWarning: called a synchronizing CUDA operation (Triggered internally at /pytorch/c10/cuda/CUDAFunctions.cpp:162.)
2026-09-15T04:28:06.506Z   pos_ix = is_ctx.nonzero(as_tuple=True)[0]
2026-09-15T04:28:06.506Z 
2026-09-15T04:28:06.506Z [2;36m[2026-09-15 04:28:06][0m [33mWARNING [0m [2m[py.warnings:112, 0f8858c49d67, rank=0][0m /opt/conda/lib/python3.12/site-packages/olmo_core/nn/pooled_soft_token.py:186: UserWarning: called a synchronizing CUDA operation (Triggered internally at /pytorch/c10/cuda/CUDAFunctions.cpp:162.)
2026-09-15T04:28:06.506Z   pooled_docs = pooled.nonzero(as_tuple=True)[0]
2026-09-15T04:28:06.506Z 
2026-09-15T04:28:06.508Z [2;36m[2026-09-15 04:28:06][0m [33mWARNING [0m [2m[py.warnings:112, 0f8858c49d67, rank=0][0m /opt/conda/lib/python3.12/site-packages/olmo_core/nn/pooled_soft_token.py:217: UserWarning: called a synchronizing CUDA operation (Triggered internally at /pytorch/c10/cuda/CUDAFunctions.cpp:162.)
2026-09-15T04:28:06.508Z   doc_len = torch.bincount(c[is_ctx], minlength=n_docs) if is_ctx.any() else torch.zeros(n_docs, dtype=torch.long, device=device)
2026-09-15T04:28:06.508Z 
2026-09-15T04:28:06.508Z [2;36m[2026-09-15 04:28:06][0m [33mWARNING [0m [2m[py.warnings:112, 0f8858c49d67, rank=0][0m /opt/conda/lib/python3.12/site-packages/olmo_core/nn/pooled_soft_token.py:222: UserWarning: called a synchronizing CUDA operation (Triggered internally at /pytorch/c10/cuda/CUDAFunctions.cpp:162.)
2026-09-15T04:28:06.508Z   soft_cols_b = soft_mask.nonzero(as_tuple=True)[0]
2026-09-15T04:28:06.508Z 
2026-09-15T04:28:06.509Z [2;36m[2026-09-15 04:28:06][0m [33mWARNING [0m [2m[py.warnings:112, 0f8858c49d67, rank=0][0m /opt/conda/lib/python3.12/site-packages/olmo_core/nn/pooled_soft_token.py:226: UserWarning: called a synchronizing CUDA operation (Triggered internally at /pytorch/c10/cuda/CUDAFunctions.cpp:162.)
2026-09-15T04:28:06.509Z   cols_l = soft_cols_b.tolist()
2026-09-15T04:28:06.509Z 
2026-09-15T04:28:06.509Z [2;36m[2026-09-15 04:28:06][0m [33mWARNING [0m [2m[py.warnings:112, 0f8858c49d67, rank=0][0m /opt/conda/lib/python3.12/site-packages/olmo_core/nn/pooled_soft_token.py:229: UserWarning: called a synchronizing CUDA operation (Triggered internally at /pytorch/c10/cuda/CUDAFunctions.cpp:162.)
2026-09-15T04:28:06.509Z   soft_docs += docs_b.tolist()
2026-09-15T04:28:06.509Z 
2026-09-15T04:28:06.510Z [2;36m[2026-09-15 04:28:06][0m [33mWARNING [0m [2m[py.warnings:112, 0f8858c49d67, rank=0][0m /opt/conda/lib/python3.12/site-packages/olmo_core/nn/pooled_soft_token.py:230: UserWarning: called a synchronizing CUDA operation (Triggered internally at /pytorch/c10/cuda/CUDAFunctions.cpp:162.)
2026-09-15T04:28:06.510Z   soft_log_len += lens_b.tolist()
2026-09-15T04:28:06.510Z 
2026-09-15T04:28:06.512Z [2;36m[2026-09-15 04:28:06][0m [33mWARNING [0m [2m[py.warnings:112, 0f8858c49d67, rank=0][0m /opt/conda/lib/python3.12/site-packages/olmo_core/nn/pooled_soft_token.py:280: UserWarning: called a synchronizing CUDA operation (Triggered internally at /pytorch/c10/cuda/CUDAFunctions.cpp:162.)
2026-09-15T04:28:06.512Z   row_lens[b] = L
2026-09-15T04:28:06.512Z 
2026-09-15T04:28:06.513Z [2;36m[2026-09-15 04:28:06][0m [33mWARNING [0m [2m[py.warnings:112, 0f8858c49d67, rank=0][0m /opt/conda/lib/python3.12/site-packages/olmo_core/nn/pooled_soft_token.py:297: UserWarning: called a synchronizing CUDA operation (Triggered internally at /pytorch/c10/cuda/CUDAFunctions.cpp:162.)
2026-09-15T04:28:06.513Z   soft_rows=torch.tensor(soft_rows, dtype=torch.long, device=device),
2026-09-15T04:28:06.513Z 
2026-09-15T04:28:06.513Z [2;36m[2026-09-15 04:28:06][0m [33mWARNING [0m [2m[py.warnings:112, 0f8858c49d67, rank=0][0m /opt/conda/lib/python3.12/site-packages/olmo_core/nn/pooled_soft_token.py:298: UserWarning: called a synchronizing CUDA operation (Triggered internally at /pytorch/c10/cuda/CUDAFunctions.cpp:162.)
2026-09-15T04:28:06.513Z   soft_cols=torch.tensor(soft_cols, dtype=torch.long, device=device),
2026-09-15T04:28:06.513Z 
2026-09-15T04:28:06.514Z [2;36m[2026-09-15 04:28:06][0m [33mWARNING [0m [2m[py.warnings:112, 0f8858c49d67, rank=0][0m /opt/conda/lib/python3.12/site-packages/olmo_core/nn/pooled_soft_token.py:299: UserWarning: called a synchronizing CUDA operation (Triggered internally at /pytorch/c10/cuda/CUDAFunctions.cpp:162.)
2026-09-15T04:28:06.514Z   soft_docs=torch.tensor(soft_docs, dtype=torch.long, device=device),
2026-09-15T04:28:06.514Z 
2026-09-15T04:28:06.514Z [2;36m[2026-09-15 04:28:06][0m [33mWARNING [0m [2m[py.warnings:112, 0f8858c49d67, rank=0][0m /opt/conda/lib/python3.12/site-packages/olmo_core/nn/pooled_soft_token.py:301: UserWarning: called a synchronizing CUDA operation (Triggered internally at /pytorch/c10/cuda/CUDAFunctions.cpp:162.)
2026-09-15T04:28:06.514Z   soft_log_len=torch.tensor(soft_log_len, dtype=torch.float32, device=device),
2026-09-15T04:28:06.514Z 
2026-09-15T04:28:06.515Z [2;36m[2026-09-15 04:28:06][0m [33mWARNING [0m [2m[py.warnings:112, 0f8858c49d67, rank=0][0m /opt/conda/lib/python3.12/site-packages/olmo_core/nn/transformer/model.py:1502: UserWarning: called a synchronizing CUDA operation (Triggered internally at /pytorch/c10/cuda/CUDAFunctions.cpp:162.)
2026-09-15T04:28:06.515Z   kv_grad_mask[cb.soft_rows, cb.soft_cols] = False
2026-09-15T04:28:06.515Z 
2026-09-15T04:28:06.709Z [2;36m[2026-09-15 04:28:06][0m [33mWARNING [0m [2m[py.warnings:112, 0f8858c49d67, rank=0][0m /opt/conda/lib/python3.12/site-packages/liger_kernel/ops/fused_linear_cross_entropy.py:75: UserWarning: called a synchronizing CUDA operation (Triggered internally at /pytorch/c10/cuda/CUDAFunctions.cpp:162.)
2026-09-15T04:28:06.709Z   total_n_non_ignore = target_mask.sum().item()
2026-09-15T04:28:06.709Z 
2026-09-15T04:28:07.685Z [2;36m[2026-09-15 04:28:07][0m [33mWARNING [0m [2m[py.warnings:112, 0f8858c49d67, rank=0][0m /opt/conda/lib/python3.12/site-packages/liger_kernel/ops/fused_linear_cross_entropy.py:233: UserWarning: called a synchronizing CUDA operation (Triggered internally at /pytorch/c10/cuda/CUDAFunctions.cpp:162.)
2026-09-15T04:28:07.685Z   if not torch.equal(grad_output, torch.tensor(1.0, device=grad_output.device)):
2026-09-15T04:28:07.685Z 
2026-09-15T04:28:11.690Z [2;36m[2026-09-15 04:28:11][0m [33mWARNING [0m [2m[py.warnings:112, 0f8858c49d67, rank=0][0m /opt/conda/lib/python3.12/site-packages/torch/autograd/graph.py:841: UserWarning: called a synchronizing CUDA operation (Triggered internally at /pytorch/c10/cuda/CUDAFunctions.cpp:162.)
2026-09-15T04:28:11.690Z   return Variable._execution_engine.run_backward(  # Calls into the C++ engine to run the backward pass
2026-09-15T04:28:11.690Z 
2026-09-15T04:28:11.693Z [2;36m[2026-09-15 04:28:11][0m [33mWARNING [0m [2m[py.warnings:112, 0f8858c49d67, rank=0][0m /opt/conda/lib/python3.12/site-packages/torch/distributed/utils.py:106: UserWarning: called a synchronizing CUDA operation (Triggered internally at /pytorch/c10/cuda/CUDAFunctions.cpp:162.)
2026-09-15T04:28:11.693Z   return (obj.to(target_device),)
2026-09-15T04:28:11.693Z 
2026-09-15T04:28:11.703Z [2;36m[2026-09-15 04:28:11][0m [33mWARNING [0m [2m[py.warnings:112, 0f8858c49d67, rank=0][0m /opt/conda/lib/python3.12/site-packages/olmo_core/nn/transformer/model.py:777: UserWarning: called a synchronizing CUDA operation (Triggered internally at /pytorch/c10/cuda/CUDAFunctions.cpp:162.)
2026-09-15T04:28:11.703Z   n_docs = int(chunk_ids.max().item()) + 1
2026-09-15T04:28:11.703Z 
2026-09-15T04:28:11.712Z [2;36m[2026-09-15 04:28:11][0m [33mWARNING [0m [2m[py.warnings:112, 0f8858c49d67, rank=0][0m /opt/conda/lib/python3.12/site-packages/olmo_core/nn/transformer/model.py:834: UserWarning: called a synchronizing CUDA operation (Triggered internally at /pytorch/c10/cuda/CUDAFunctions.cpp:162.)
2026-09-15T04:28:11.713Z   flat = (torch.arange(B, device=emb.device)[:, None] * n_docs + cid.clamp(min=0)).reshape(
2026-09-15T04:28:11.713Z 
2026-09-15T04:28:11.713Z [2;36m[2026-09-15 04:28:11][0m [33mWARNING [0m [2m[py.warnings:112, 0f8858c49d67, rank=0][0m /opt/conda/lib/python3.12/site-packages/olmo_core/nn/transformer/model.py:838: UserWarning: called a synchronizing CUDA operation (Triggered internally at /pytorch/c10/cuda/CUDAFunctions.cpp:162.)
2026-09-15T04:28:11.713Z   0, flat, emb.reshape(B * T, D)[is_ctx.reshape(-1)]
2026-09-15T04:28:11.713Z 
2026-09-15T04:28:11.721Z [2;36m[2026-09-15 04:28:11][0m [33mWARNING [0m [2m[py.warnings:112, 0f8858c49d67, rank=0][0m /opt/conda/lib/python3.12/site-packages/olmo_core/nn/pooled_soft_token.py:173: UserWarning: called a synchronizing CUDA operation (Triggered internally at /pytorch/c10/cuda/CUDAFunctions.cpp:162.)
2026-09-15T04:28:11.721Z   kept_idx = kept_tok.nonzero(as_tuple=True)[0]
2026-09-15T04:28:11.721Z 
2026-09-15T04:28:11.722Z [2;36m[2026-09-15 04:28:11][0m [33mWARNING [0m [2m[py.warnings:112, 0f8858c49d67, rank=0][0m /opt/conda/lib/python3.12/site-packages/olmo_core/nn/pooled_soft_token.py:179: UserWarning: called a synchronizing CUDA operation (Triggered internally at /pytorch/c10/cuda/CUDAFunctions.cpp:162.)
2026-09-15T04:28:11.722Z   if is_ctx.any():
2026-09-15T04:28:11.722Z 
2026-09-15T04:28:11.722Z [2;36m[2026-09-15 04:28:11][0m [33mWARNING [0m [2m[py.warnings:112, 0f8858c49d67, rank=0][0m /opt/conda/lib/python3.12/site-packages/olmo_core/nn/pooled_soft_token.py:180: UserWarning: called a synchronizing CUDA operation (Triggered internally at /pytorch/c10/cuda/CUDAFunctions.cpp:162.)
2026-09-15T04:28:11.722Z   d_ix = c[is_ctx]
2026-09-15T04:28:11.722Z 
2026-09-15T04:28:11.723Z [2;36m[2026-09-15 04:28:11][0m [33mWARNING [0m [2m[py.warnings:112, 0f8858c49d67, rank=0][0m /opt/conda/lib/python3.12/site-packages/olmo_core/nn/pooled_soft_token.py:181: UserWarning: called a synchronizing CUDA operation (Triggered internally at /pytorch/c10/cuda/CUDAFunctions.cpp:162.)
2026-09-15T04:28:11.723Z   pos_ix = is_ctx.nonzero(as_tuple=True)[0]
2026-09-15T04:28:11.723Z 
2026-09-15T04:28:11.723Z [2;36m[2026-09-15 04:28:11][0m [33mWARNING [0m [2m[py.warnings:112, 0f8858c49d67, rank=0][0m /opt/conda/lib/python3.12/site-packages/olmo_core/nn/pooled_soft_token.py:186: UserWarning: called a synchronizing CUDA operation (Triggered internally at /pytorch/c10/cuda/CUDAFunctions.cpp:162.)
2026-09-15T04:28:11.723Z   pooled_docs = pooled.nonzero(as_tuple=True)[0]
2026-09-15T04:28:11.723Z 
2026-09-15T04:28:11.724Z [2;36m[2026-09-15 04:28:11][0m [33mWARNING [0m [2m[py.warnings:112, 0f8858c49d67, rank=0][0m /opt/conda/lib/python3.12/site-packages/olmo_core/nn/pooled_soft_token.py:217: UserWarning: called a synchronizing CUDA operation (Triggered internally at /pytorch/c10/cuda/CUDAFunctions.cpp:162.)
2026-09-15T04:28:11.725Z   doc_len = torch.bincount(c[is_ctx], minlength=n_docs) if is_ctx.any() else torch.zeros(n_docs, dtype=torch.long, device=device)
2026-09-15T04:28:11.725Z 
2026-09-15T04:28:11.725Z [2;36m[2026-09-15 04:28:11][0m [33mWARNING [0m [2m[py.warnings:112, 0f8858c49d67, rank=0][0m /opt/conda/lib/python3.12/site-packages/olmo_core/nn/pooled_soft_token.py:222: UserWarning: called a synchronizing CUDA operation (Triggered internally at /pytorch/c10/cuda/CUDAFunctions.cpp:162.)
2026-09-15T04:28:11.725Z   soft_cols_b = soft_mask.nonzero(as_tuple=True)[0]
2026-09-15T04:28:11.725Z 
2026-09-15T04:28:11.726Z [2;36m[2026-09-15 04:28:11][0m [33mWARNING [0m [2m[py.warnings:112, 0f8858c49d67, rank=0][0m /opt/conda/lib/python3.12/site-packages/olmo_core/nn/pooled_soft_token.py:226: UserWarning: called a synchronizing CUDA operation (Triggered internally at /pytorch/c10/cuda/CUDAFunctions.cpp:162.)
2026-09-15T04:28:11.726Z   cols_l = soft_cols_b.tolist()
2026-09-15T04:28:11.726Z 
2026-09-15T04:28:11.726Z [2;36m[2026-09-15 04:28:11][0m [33mWARNING [0m [2m[py.warnings:112, 0f8858c49d67, rank=0][0m /opt/conda/lib/python3.12/site-packages/olmo_core/nn/pooled_soft_token.py:229: UserWarning: called a synchronizing CUDA operation (Triggered internally at /pytorch/c10/cuda/CUDAFunctions.cpp:162.)
2026-09-15T04:28:11.726Z   soft_docs += docs_b.tolist()
2026-09-15T04:28:11.726Z 
2026-09-15T04:28:11.727Z [2;36m[2026-09-15 04:28:11][0m [33mWARNING [0m [2m[py.warnings:112, 0f8858c49d67, rank=0][0m /opt/conda/lib/python3.12/site-packages/olmo_core/nn/pooled_soft_token.py:230: UserWarning: called a synchronizing CUDA operation (Triggered internally at /pytorch/c10/cuda/CUDAFunctions.cpp:162.)
2026-09-15T04:28:11.727Z   soft_log_len += lens_b.tolist()
2026-09-15T04:28:11.727Z 
2026-09-15T04:28:11.729Z [2;36m[2026-09-15 04:28:11][0m [33mWARNING [0m [2m[py.warnings:112, 0f8858c49d67, rank=0][0m /opt/conda/lib/python3.12/site-packages/olmo_core/nn/pooled_soft_token.py:280: UserWarning: called a synchronizing CUDA operation (Triggered internally at /pytorch/c10/cuda/CUDAFunctions.cpp:162.)
2026-09-15T04:28:11.729Z   row_lens[b] = L
2026-09-15T04:28:11.729Z 
2026-09-15T04:28:11.730Z [2;36m[2026-09-15 04:28:11][0m [33mWARNING [0m [2m[py.warnings:112, 0f8858c49d67, rank=0][0m /opt/conda/lib/python3.12/site-packages/olmo_core/nn/pooled_soft_token.py:297: UserWarning: called a synchronizing CUDA operation (Triggered internally at /pytorch/c10/cuda/CUDAFunctions.cpp:162.)
2026-09-15T04:28:11.730Z   soft_rows=torch.tensor(soft_rows, dtype=torch.long, device=device),
2026-09-15T04:28:11.730Z 
2026-09-15T04:28:11.730Z [2;36m[2026-09-15 04:28:11][0m [33mWARNING [0m [2m[py.warnings:112, 0f8858c49d67, rank=0][0m /opt/conda/lib/python3.12/site-packages/olmo_core/nn/pooled_soft_token.py:298: UserWarning: called a synchronizing CUDA operation (Triggered internally at /pytorch/c10/cuda/CUDAFunctions.cpp:162.)
2026-09-15T04:28:11.730Z   soft_cols=torch.tensor(soft_cols, dtype=torch.long, device=device),
2026-09-15T04:28:11.730Z 
2026-09-15T04:28:11.731Z [2;36m[2026-09-15 04:28:11][0m [33mWARNING [0m [2m[py.warnings:112, 0f8858c49d67, rank=0][0m /opt/conda/lib/python3.12/site-packages/olmo_core/nn/pooled_soft_token.py:299: UserWarning: called a synchronizing CUDA operation (Triggered internally at /pytorch/c10/cuda/CUDAFunctions.cpp:162.)
2026-09-15T04:28:11.731Z   soft_docs=torch.tensor(soft_docs, dtype=torch.long, device=device),
2026-09-15T04:28:11.731Z 
2026-09-15T04:28:11.732Z [2;36m[2026-09-15 04:28:11][0m [33mWARNING [0m [2m[py.warnings:112, 0f8858c49d67, rank=0][0m /opt/conda/lib/python3.12/site-packages/olmo_core/nn/pooled_soft_token.py:301: UserWarning: called a synchronizing CUDA operation (Triggered internally at /pytorch/c10/cuda/CUDAFunctions.cpp:162.)
2026-09-15T04:28:11.732Z   soft_log_len=torch.tensor(soft_log_len, dtype=torch.float32, device=device),
2026-09-15T04:28:11.732Z 
2026-09-15T04:28:11.732Z [2;36m[2026-09-15 04:28:11][0m [33mWARNING [0m [2m[py.warnings:112, 0f8858c49d67, rank=0][0m /opt/conda/lib/python3.12/site-packages/olmo_core/nn/transformer/model.py:1502: UserWarning: called a synchronizing CUDA operation (Triggered internally at /pytorch/c10/cuda/CUDAFunctions.cpp:162.)
2026-09-15T04:28:11.732Z   kv_grad_mask[cb.soft_rows, cb.soft_cols] = False
2026-09-15T04:28:11.732Z 
2026-09-15T04:28:11.946Z [2;36m[2026-09-15 04:28:11][0m [33mWARNING [0m [2m[py.warnings:112, 0f8858c49d67, rank=0][0m /opt/conda/lib/python3.12/site-packages/liger_kernel/ops/fused_linear_cross_entropy.py:75: UserWarning: called a synchronizing CUDA operation (Triggered internally at /pytorch/c10/cuda/CUDAFunctions.cpp:162.)
2026-09-15T04:28:11.947Z   total_n_non_ignore = target_mask.sum().item()
2026-09-15T04:28:11.947Z 
2026-09-15T04:28:12.517Z [2;36m[2026-09-15 04:28:12][0m [33mWARNING [0m [2m[py.warnings:112, 0f8858c49d67, rank=0][0m /opt/conda/lib/python3.12/site-packages/liger_kernel/ops/fused_linear_cross_entropy.py:233: UserWarning: called a synchronizing CUDA operation (Triggered internally at /pytorch/c10/cuda/CUDAFunctions.cpp:162.)
2026-09-15T04:28:12.517Z   if not torch.equal(grad_output, torch.tensor(1.0, device=grad_output.device)):
2026-09-15T04:28:12.517Z 
2026-09-15T04:28:15.341Z [2;36m[2026-09-15 04:28:15][0m [33mWARNING [0m [2m[py.warnings:112, 0f8858c49d67, rank=0][0m /opt/conda/lib/python3.12/site-packages/torch/autograd/graph.py:841: UserWarning: called a synchronizing CUDA operation (Triggered internally at /pytorch/c10/cuda/CUDAFunctions.cpp:162.)
2026-09-15T04:28:15.341Z   return Variable._execution_engine.run_backward(  # Calls into the C++ engine to run the backward pass
2026-09-15T04:28:15.341Z 
2026-09-15T04:28:15.344Z [2;36m[2026-09-15 04:28:15][0m [33mWARNING [0m [2m[py.warnings:112, 0f8858c49d67, rank=0][0m /opt/conda/lib/python3.12/site-packages/torch/distributed/utils.py:106: UserWarning: called a synchronizing CUDA operation (Triggered internally at /pytorch/c10/cuda/CUDAFunctions.cpp:162.)
2026-09-15T04:28:15.344Z   return (obj.to(target_device),)
2026-09-15T04:28:15.344Z 
2026-09-15T04:28:15.353Z [2;36m[2026-09-15 04:28:15][0m [33mWARNING [0m [2m[py.warnings:112, 0f8858c49d67, rank=0][0m /opt/conda/lib/python3.12/site-packages/olmo_core/nn/transformer/model.py:777: UserWarning: called a synchronizing CUDA operation (Triggered internally at /pytorch/c10/cuda/CUDAFunctions.cpp:162.)
2026-09-15T04:28:15.353Z   n_docs = int(chunk_ids.max().item()) + 1
2026-09-15T04:28:15.353Z 
2026-09-15T04:28:15.363Z [2;36m[2026-09-15 04:28:15][0m [33mWARNING [0m [2m[py.warnings:112, 0f8858c49d67, rank=0][0m /opt/conda/lib/python3.12/site-packages/olmo_core/nn/transformer/model.py:834: UserWarning: called a synchronizing CUDA operation (Triggered internally at /pytorch/c10/cuda/CUDAFunctions.cpp:162.)
2026-09-15T04:28:15.363Z   flat = (torch.arange(B, device=emb.device)[:, None] * n_docs + cid.clamp(min=0)).reshape(
2026-09-15T04:28:15.363Z 
2026-09-15T04:28:15.363Z [2;36m[2026-09-15 04:28:15][0m [33mWARNING [0m [2m[py.warnings:112, 0f8858c49d67, rank=0][0m /opt/conda/lib/python3.12/site-packages/olmo_core/nn/transformer/model.py:838: UserWarning: called a synchronizing CUDA operation (Triggered internally at /pytorch/c10/cuda/CUDAFunctions.cpp:162.)
2026-09-15T04:28:15.363Z   0, flat, emb.reshape(B * T, D)[is_ctx.reshape(-1)]
2026-09-15T04:28:15.363Z 
2026-09-15T04:28:15.372Z [2;36m[2026-09-15 04:28:15][0m [33mWARNING [0m [2m[py.warnings:112, 0f8858c49d67, rank=0][0m /opt/conda/lib/python3.12/site-packages/olmo_core/nn/pooled_soft_token.py:173: UserWarning: called a synchronizing CUDA operation (Triggered internally at /pytorch/c10/cuda/CUDAFunctions.cpp:162.)
2026-09-15T04:28:15.372Z   kept_idx = kept_tok.nonzero(as_tuple=True)[0]
2026-09-15T04:28:15.372Z 
2026-09-15T04:28:15.372Z [2;36m[2026-09-15 04:28:15][0m [33mWARNING [0m [2m[py.warnings:112, 0f8858c49d67, rank=0][0m /opt/conda/lib/python3.12/site-packages/olmo_core/nn/pooled_soft_token.py:179: UserWarning: called a synchronizing CUDA operation (Triggered internally at /pytorch/c10/cuda/CUDAFunctions.cpp:162.)
2026-09-15T04:28:15.372Z   if is_ctx.any():
2026-09-15T04:28:15.372Z 
2026-09-15T04:28:15.373Z [2;36m[2026-09-15 04:28:15][0m [33mWARNING [0m [2m[py.warnings:112, 0f8858c49d67, rank=0][0m /opt/conda/lib/python3.12/site-packages/olmo_core/nn/pooled_soft_token.py:180: UserWarning: called a synchronizing CUDA operation (Triggered internally at /pytorch/c10/cuda/CUDAFunctions.cpp:162.)
2026-09-15T04:28:15.373Z   d_ix = c[is_ctx]
2026-09-15T04:28:15.373Z 
2026-09-15T04:28:15.373Z [2;36m[2026-09-15 04:28:15][0m [33mWARNING [0m [2m[py.warnings:112, 0f8858c49d67, rank=0][0m /opt/conda/lib/python3.12/site-packages/olmo_core/nn/pooled_soft_token.py:181: UserWarning: called a synchronizing CUDA operation (Triggered internally at /pytorch/c10/cuda/CUDAFunctions.cpp:162.)
2026-09-15T04:28:15.373Z   pos_ix = is_ctx.nonzero(as_tuple=True)[0]
2026-09-15T04:28:15.373Z 
2026-09-15T04:28:15.374Z [2;36m[2026-09-15 04:28:15][0m [33mWARNING [0m [2m[py.warnings:112, 0f8858c49d67, rank=0][0m /opt/conda/lib/python3.12/site-packages/olmo_core/nn/pooled_soft_token.py:186: UserWarning: called a synchronizing CUDA operation (Triggered internally at /pytorch/c10/cuda/CUDAFunctions.cpp:162.)
2026-09-15T04:28:15.374Z   pooled_docs = pooled.nonzero(as_tuple=True)[0]
2026-09-15T04:28:15.374Z 
2026-09-15T04:28:15.375Z [2;36m[2026-09-15 04:28:15][0m [33mWARNING [0m [2m[py.warnings:112, 0f8858c49d67, rank=0][0m /opt/conda/lib/python3.12/site-packages/olmo_core/nn/pooled_soft_token.py:217: UserWarning: called a synchronizing CUDA operation (Triggered internally at /pytorch/c10/cuda/CUDAFunctions.cpp:162.)
2026-09-15T04:28:15.375Z   doc_len = torch.bincount(c[is_ctx], minlength=n_docs) if is_ctx.any() else torch.zeros(n_docs, dtype=torch.long, device=device)
2026-09-15T04:28:15.375Z 
2026-09-15T04:28:15.376Z [2;36m[2026-09-15 04:28:15][0m [33mWARNING [0m [2m[py.warnings:112, 0f8858c49d67, rank=0][0m /opt/conda/lib/python3.12/site-packages/olmo_core/nn/pooled_soft_token.py:222: UserWarning: called a synchronizing CUDA operation (Triggered internally at /pytorch/c10/cuda/CUDAFunctions.cpp:162.)
2026-09-15T04:28:15.376Z   soft_cols_b = soft_mask.nonzero(as_tuple=True)[0]
2026-09-15T04:28:15.376Z 
2026-09-15T04:28:15.376Z [2;36m[2026-09-15 04:28:15][0m [33mWARNING [0m [2m[py.warnings:112, 0f8858c49d67, rank=0][0m /opt/conda/lib/python3.12/site-packages/olmo_core/nn/pooled_soft_token.py:226: UserWarning: called a synchronizing CUDA operation (Triggered internally at /pytorch/c10/cuda/CUDAFunctions.cpp:162.)
2026-09-15T04:28:15.376Z   cols_l = soft_cols_b.tolist()
2026-09-15T04:28:15.376Z 
2026-09-15T04:28:15.377Z [2;36m[2026-09-15 04:28:15][0m [33mWARNING [0m [2m[py.warnings:112, 0f8858c49d67, rank=0][0m /opt/conda/lib/python3.12/site-packages/olmo_core/nn/pooled_soft_token.py:229: UserWarning: called a synchronizing CUDA operation (Triggered internally at /pytorch/c10/cuda/CUDAFunctions.cpp:162.)
2026-09-15T04:28:15.377Z   soft_docs += docs_b.tolist()
2026-09-15T04:28:15.377Z 
2026-09-15T04:28:15.377Z [2;36m[2026-09-15 04:28:15][0m [33mWARNING [0m [2m[py.warnings:112, 0f8858c49d67, rank=0][0m /opt/conda/lib/python3.12/site-packages/olmo_core/nn/pooled_soft_token.py:230: UserWarning: called a synchronizing CUDA operation (Triggered internally at /pytorch/c10/cuda/CUDAFunctions.cpp:162.)
2026-09-15T04:28:15.377Z   soft_log_len += lens_b.tolist()
2026-09-15T04:28:15.377Z 
2026-09-15T04:28:15.379Z [2;36m[2026-09-15 04:28:15][0m [33mWARNING [0m [2m[py.warnings:112, 0f8858c49d67, rank=0][0m /opt/conda/lib/python3.12/site-packages/olmo_core/nn/pooled_soft_token.py:280: UserWarning: called a synchronizing CUDA operation (Triggered internally at /pytorch/c10/cuda/CUDAFunctions.cpp:162.)
2026-09-15T04:28:15.379Z   row_lens[b] = L
2026-09-15T04:28:15.379Z 
2026-09-15T04:28:15.380Z [2;36m[2026-09-15 04:28:15][0m [33mWARNING [0m [2m[py.warnings:112, 0f8858c49d67, rank=0][0m /opt/conda/lib/python3.12/site-packages/olmo_core/nn/pooled_soft_token.py:297: UserWarning: called a synchronizing CUDA operation (Triggered internally at /pytorch/c10/cuda/CUDAFunctions.cpp:162.)
2026-09-15T04:28:15.380Z   soft_rows=torch.tensor(soft_rows, dtype=torch.long, device=device),
2026-09-15T04:28:15.380Z 
2026-09-15T04:28:15.380Z [2;36m[2026-09-15 04:28:15][0m [33mWARNING [0m [2m[py.warnings:112, 0f8858c49d67, rank=0][0m /opt/conda/lib/python3.12/site-packages/olmo_core/nn/pooled_soft_token.py:298: UserWarning: called a synchronizing CUDA operation (Triggered internally at /pytorch/c10/cuda/CUDAFunctions.cpp:162.)
2026-09-15T04:28:15.380Z   soft_cols=torch.tensor(soft_cols, dtype=torch.long, device=device),
2026-09-15T04:28:15.380Z 
2026-09-15T04:28:15.381Z [2;36m[2026-09-15 04:28:15][0m [33mWARNING [0m [2m[py.warnings:112, 0f8858c49d67, rank=0][0m /opt/conda/lib/python3.12/site-packages/olmo_core/nn/pooled_soft_token.py:299: UserWarning: called a synchronizing CUDA operation (Triggered internally at /pytorch/c10/cuda/CUDAFunctions.cpp:162.)
2026-09-15T04:28:15.381Z   soft_docs=torch.tensor(soft_docs, dtype=torch.long, device=device),
2026-09-15T04:28:15.381Z 
2026-09-15T04:28:15.381Z [2;36m[2026-09-15 04:28:15][0m [33mWARNING [0m [2m[py.warnings:112, 0f8858c49d67, rank=0][0m /opt/conda/lib/python3.12/site-packages/olmo_core/nn/pooled_soft_token.py:301: UserWarning: called a synchronizing CUDA operation (Triggered internally at /pytorch/c10/cuda/CUDAFunctions.cpp:162.)
2026-09-15T04:28:15.381Z   soft_log_len=torch.tensor(soft_log_len, dtype=torch.float32, device=device),
2026-09-15T04:28:15.381Z 
2026-09-15T04:28:15.382Z [2;36m[2026-09-15 04:28:15][0m [33mWARNING [0m [2m[py.warnings:112, 0f8858c49d67, rank=0][0m /opt/conda/lib/python3.12/site-packages/olmo_core/nn/transformer/model.py:1502: UserWarning: called a synchronizing CUDA operation (Triggered internally at /pytorch/c10/cuda/CUDAFunctions.cpp:162.)
2026-09-15T04:28:15.382Z   kv_grad_mask[cb.soft_rows, cb.soft_cols] = False
2026-09-15T04:28:15.382Z 
2026-09-15T04:28:26.359Z [2;36m[2026-09-15 04:28:26][0m [33mWARNING [0m [2m[py.warnings:112, 0f8858c49d67, rank=0][0m /opt/conda/lib/python3.12/site-packages/liger_kernel/ops/fused_linear_cross_entropy.py:75: UserWarning: called a synchronizing CUDA operation (Triggered internally at /pytorch/c10/cuda/CUDAFunctions.cpp:162.)
2026-09-15T04:28:26.359Z   total_n_non_ignore = target_mask.sum().item()
2026-09-15T04:28:26.359Z 
2026-09-15T04:28:26.363Z [2;36m[2026-09-15 04:28:26][0m [33mWARNING [0m [2m[py.warnings:112, 0f8858c49d67, rank=1][0m /opt/conda/lib/python3.12/site-packages/liger_kernel/ops/fused_linear_cross_entropy.py:75: UserWarning: called a synchronizing CUDA operation (Triggered internally at /pytorch/c10/cuda/CUDAFunctions.cpp:162.)
2026-09-15T04:28:26.363Z   total_n_non_ignore = target_mask.sum().item()
2026-09-15T04:28:26.363Z 
2026-09-15T04:28:26.902Z [2;36m[2026-09-15 04:28:26][0m [33mWARNING [0m [2m[py.warnings:112, 0f8858c49d67, rank=1][0m /opt/conda/lib/python3.12/site-packages/liger_kernel/ops/fused_linear_cross_entropy.py:233: UserWarning: called a synchronizing CUDA operation (Triggered internally at /pytorch/c10/cuda/CUDAFunctions.cpp:162.)
2026-09-15T04:28:26.902Z   if not torch.equal(grad_output, torch.tensor(1.0, device=grad_output.device)):
2026-09-15T04:28:26.902Z 
2026-09-15T04:28:27.184Z [2;36m[2026-09-15 04:28:27][0m [33mWARNING [0m [2m[py.warnings:112, 0f8858c49d67, rank=0][0m /opt/conda/lib/python3.12/site-packages/liger_kernel/ops/fused_linear_cross_entropy.py:233: UserWarning: called a synchronizing CUDA operation (Triggered internally at /pytorch/c10/cuda/CUDAFunctions.cpp:162.)
2026-09-15T04:28:27.184Z   if not torch.equal(grad_output, torch.tensor(1.0, device=grad_output.device)):
2026-09-15T04:28:27.184Z 
2026-09-15T04:28:40.338Z [2;36m[2026-09-15 04:28:40][0m [33mWARNING [0m [2m[py.warnings:112, 0f8858c49d67, rank=1][0m /opt/conda/lib/python3.12/site-packages/torch/autograd/graph.py:841: UserWarning: called a synchronizing CUDA operation (Triggered internally at /pytorch/c10/cuda/CUDAFunctions.cpp:162.)
2026-09-15T04:28:40.338Z   return Variable._execution_engine.run_backward(  # Calls into the C++ engine to run the backward pass
2026-09-15T04:28:40.338Z 
2026-09-15T04:28:40.340Z [2;36m[2026-09-15 04:28:40][0m [33mWARNING [0m [2m[py.warnings:112, 0f8858c49d67, rank=1][0m /opt/conda/lib/python3.12/site-packages/torch/distributed/utils.py:106: UserWarning: called a synchronizing CUDA operation (Triggered internally at /pytorch/c10/cuda/CUDAFunctions.cpp:162.)
2026-09-15T04:28:40.340Z   return (obj.to(target_device),)
2026-09-15T04:28:40.340Z 
2026-09-15T04:28:40.350Z [2;36m[2026-09-15 04:28:40][0m [33mWARNING [0m [2m[py.warnings:112, 0f8858c49d67, rank=1][0m /opt/conda/lib/python3.12/site-packages/olmo_core/nn/transformer/model.py:777: UserWarning: called a synchronizing CUDA operation (Triggered internally at /pytorch/c10/cuda/CUDAFunctions.cpp:162.)
2026-09-15T04:28:40.350Z   n_docs = int(chunk_ids.max().item()) + 1
2026-09-15T04:28:40.350Z 
2026-09-15T04:28:40.358Z [2;36m[2026-09-15 04:28:40][0m [33mWARNING [0m [2m[py.warnings:112, 0f8858c49d67, rank=1][0m /opt/conda/lib/python3.12/site-packages/olmo_core/nn/transformer/model.py:834: UserWarning: called a synchronizing CUDA operation (Triggered internally at /pytorch/c10/cuda/CUDAFunctions.cpp:162.)
2026-09-15T04:28:40.358Z   flat = (torch.arange(B, device=emb.device)[:, None] * n_docs + cid.clamp(min=0)).reshape(
2026-09-15T04:28:40.358Z 
2026-09-15T04:28:40.359Z [2;36m[2026-09-15 04:28:40][0m [33mWARNING [0m [2m[py.warnings:112, 0f8858c49d67, rank=1][0m /opt/conda/lib/python3.12/site-packages/olmo_core/nn/transformer/model.py:838: UserWarning: called a synchronizing CUDA operation (Triggered internally at /pytorch/c10/cuda/CUDAFunctions.cpp:162.)
2026-09-15T04:28:40.359Z   0, flat, emb.reshape(B * T, D)[is_ctx.reshape(-1)]
2026-09-15T04:28:40.359Z 
2026-09-15T04:28:40.366Z [2;36m[2026-09-15 04:28:40][0m [33mWARNING [0m [2m[py.warnings:112, 0f8858c49d67, rank=1][0m /opt/conda/lib/python3.12/site-packages/olmo_core/nn/pooled_soft_token.py:173: UserWarning: called a synchronizing CUDA operation (Triggered internally at /pytorch/c10/cuda/CUDAFunctions.cpp:162.)
2026-09-15T04:28:40.366Z   kept_idx = kept_tok.nonzero(as_tuple=True)[0]
2026-09-15T04:28:40.366Z 
2026-09-15T04:28:40.367Z [2;36m[2026-09-15 04:28:40][0m [33mWARNING [0m [2m[py.warnings:112, 0f8858c49d67, rank=1][0m /opt/conda/lib/python3.12/site-packages/olmo_core/nn/pooled_soft_token.py:179: UserWarning: called a synchronizing CUDA operation (Triggered internally at /pytorch/c10/cuda/CUDAFunctions.cpp:162.)
2026-09-15T04:28:40.367Z   if is_ctx.any():
2026-09-15T04:28:40.367Z 
2026-09-15T04:28:40.367Z [2;36m[2026-09-15 04:28:40][0m [33mWARNING [0m [2m[py.warnings:112, 0f8858c49d67, rank=1][0m /opt/conda/lib/python3.12/site-packages/olmo_core/nn/pooled_soft_token.py:180: UserWarning: called a synchronizing CUDA operation (Triggered internally at /pytorch/c10/cuda/CUDAFunctions.cpp:162.)
2026-09-15T04:28:40.367Z   d_ix = c[is_ctx]
2026-09-15T04:28:40.367Z 
2026-09-15T04:28:40.367Z [2;36m[2026-09-15 04:28:40][0m [33mWARNING [0m [2m[py.warnings:112, 0f8858c49d67, rank=1][0m /opt/conda/lib/python3.12/site-packages/olmo_core/nn/pooled_soft_token.py:181: UserWarning: called a synchronizing CUDA operation (Triggered internally at /pytorch/c10/cuda/CUDAFunctions.cpp:162.)
2026-09-15T04:28:40.367Z   pos_ix = is_ctx.nonzero(as_tuple=True)[0]
2026-09-15T04:28:40.367Z 
2026-09-15T04:28:40.368Z [2;36m[2026-09-15 04:28:40][0m [33mWARNING [0m [2m[py.warnings:112, 0f8858c49d67, rank=1][0m /opt/conda/lib/python3.12/site-packages/olmo_core/nn/pooled_soft_token.py:186: UserWarning: called a synchronizing CUDA operation (Triggered internally at /pytorch/c10/cuda/CUDAFunctions.cpp:162.)
2026-09-15T04:28:40.368Z   pooled_docs = pooled.nonzero(as_tuple=True)[0]
2026-09-15T04:28:40.368Z 
2026-09-15T04:28:40.369Z [2;36m[2026-09-15 04:28:40][0m [33mWARNING [0m [2m[py.warnings:112, 0f8858c49d67, rank=1][0m /opt/conda/lib/python3.12/site-packages/olmo_core/nn/pooled_soft_token.py:217: UserWarning: called a synchronizing CUDA operation (Triggered internally at /pytorch/c10/cuda/CUDAFunctions.cpp:162.)
2026-09-15T04:28:40.369Z   doc_len = torch.bincount(c[is_ctx], minlength=n_docs) if is_ctx.any() else torch.zeros(n_docs, dtype=torch.long, device=device)
2026-09-15T04:28:40.369Z 
2026-09-15T04:28:40.369Z [2;36m[2026-09-15 04:28:40][0m [33mWARNING [0m [2m[py.warnings:112, 0f8858c49d67, rank=1][0m /opt/conda/lib/python3.12/site-packages/olmo_core/nn/pooled_soft_token.py:222: UserWarning: called a synchronizing CUDA operation (Triggered internally at /pytorch/c10/cuda/CUDAFunctions.cpp:162.)
2026-09-15T04:28:40.369Z   soft_cols_b = soft_mask.nonzero(as_tuple=True)[0]
2026-09-15T04:28:40.369Z 
2026-09-15T04:28:40.370Z [2;36m[2026-09-15 04:28:40][0m [33mWARNING [0m [2m[py.warnings:112, 0f8858c49d67, rank=1][0m /opt/conda/lib/python3.12/site-packages/olmo_core/nn/pooled_soft_token.py:226: UserWarning: called a synchronizing CUDA operation (Triggered internally at /pytorch/c10/cuda/CUDAFunctions.cpp:162.)
2026-09-15T04:28:40.370Z   cols_l = soft_cols_b.tolist()
2026-09-15T04:28:40.370Z 
2026-09-15T04:28:40.370Z [2;36m[2026-09-15 04:28:40][0m [33mWARNING [0m [2m[py.warnings:112, 0f8858c49d67, rank=1][0m /opt/conda/lib/python3.12/site-packages/olmo_core/nn/pooled_soft_token.py:229: UserWarning: called a synchronizing CUDA operation (Triggered internally at /pytorch/c10/cuda/CUDAFunctions.cpp:162.)
2026-09-15T04:28:40.370Z   soft_docs += docs_b.tolist()
2026-09-15T04:28:40.370Z 
2026-09-15T04:28:40.370Z [2;36m[2026-09-15 04:28:40][0m [33mWARNING [0m [2m[py.warnings:112, 0f8858c49d67, rank=1][0m /opt/conda/lib/python3.12/site-packages/olmo_core/nn/pooled_soft_token.py:230: UserWarning: called a synchronizing CUDA operation (Triggered internally at /pytorch/c10/cuda/CUDAFunctions.cpp:162.)
2026-09-15T04:28:40.370Z   soft_log_len += lens_b.tolist()
2026-09-15T04:28:40.370Z 
2026-09-15T04:28:40.372Z [2;36m[2026-09-15 04:28:40][0m [33mWARNING [0m [2m[py.warnings:112, 0f8858c49d67, rank=1][0m /opt/conda/lib/python3.12/site-packages/olmo_core/nn/pooled_soft_token.py:280: UserWarning: called a synchronizing CUDA operation (Triggered internally at /pytorch/c10/cuda/CUDAFunctions.cpp:162.)
2026-09-15T04:28:40.372Z   row_lens[b] = L
2026-09-15T04:28:40.372Z 
2026-09-15T04:28:40.373Z [2;36m[2026-09-15 04:28:40][0m [33mWARNING [0m [2m[py.warnings:112, 0f8858c49d67, rank=1][0m /opt/conda/lib/python3.12/site-packages/olmo_core/nn/pooled_soft_token.py:297: UserWarning: called a synchronizing CUDA operation (Triggered internally at /pytorch/c10/cuda/CUDAFunctions.cpp:162.)
2026-09-15T04:28:40.373Z   soft_rows=torch.tensor(soft_rows, dtype=torch.long, device=device),
2026-09-15T04:28:40.373Z 
2026-09-15T04:28:40.373Z [2;36m[2026-09-15 04:28:40][0m [33mWARNING [0m [2m[py.warnings:112, 0f8858c49d67, rank=1][0m /opt/conda/lib/python3.12/site-packages/olmo_core/nn/pooled_soft_token.py:298: UserWarning: called a synchronizing CUDA operation (Triggered internally at /pytorch/c10/cuda/CUDAFunctions.cpp:162.)
2026-09-15T04:28:40.373Z   soft_cols=torch.tensor(soft_cols, dtype=torch.long, device=device),
2026-09-15T04:28:40.373Z 
2026-09-15T04:28:40.373Z [2;36m[2026-09-15 04:28:40][0m [33mWARNING [0m [2m[py.warnings:112, 0f8858c49d67, rank=1][0m /opt/conda/lib/python3.12/site-packages/olmo_core/nn/pooled_soft_token.py:299: UserWarning: called a synchronizing CUDA operation (Triggered internally at /pytorch/c10/cuda/CUDAFunctions.cpp:162.)
2026-09-15T04:28:40.373Z   soft_docs=torch.tensor(soft_docs, dtype=torch.long, device=device),
2026-09-15T04:28:40.373Z 
2026-09-15T04:28:40.374Z [2;36m[2026-09-15 04:28:40][0m [33mWARNING [0m [2m[py.warnings:112, 0f8858c49d67, rank=1][0m /opt/conda/lib/python3.12/site-packages/olmo_core/nn/pooled_soft_token.py:301: UserWarning: called a synchronizing CUDA operation (Triggered internally at /pytorch/c10/cuda/CUDAFunctions.cpp:162.)
2026-09-15T04:28:40.374Z   soft_log_len=torch.tensor(soft_log_len, dtype=torch.float32, device=device),
2026-09-15T04:28:40.374Z 
2026-09-15T04:28:40.374Z [2;36m[2026-09-15 04:28:40][0m [33mWARNING [0m [2m[py.warnings:112, 0f8858c49d67, rank=1][0m /opt/conda/lib/python3.12/site-packages/olmo_core/nn/transformer/model.py:1502: UserWarning: called a synchronizing CUDA operation (Triggered internally at /pytorch/c10/cuda/CUDAFunctions.cpp:162.)
2026-09-15T04:28:40.374Z   kv_grad_mask[cb.soft_rows, cb.soft_cols] = False
2026-09-15T04:28:40.374Z 
2026-09-15T04:28:40.558Z [2;36m[2026-09-15 04:28:40][0m [33mWARNING [0m [2m[py.warnings:112, 0f8858c49d67, rank=1][0m /opt/conda/lib/python3.12/site-packages/liger_kernel/ops/fused_linear_cross_entropy.py:75: UserWarning: called a synchronizing CUDA operation (Triggered internally at /pytorch/c10/cuda/CUDAFunctions.cpp:162.)
2026-09-15T04:28:40.558Z   total_n_non_ignore = target_mask.sum().item()
2026-09-15T04:28:40.558Z 
2026-09-15T04:28:41.493Z [2;36m[2026-09-15 04:28:41][0m [33mWARNING [0m [2m[py.warnings:112, 0f8858c49d67, rank=1][0m /opt/conda/lib/python3.12/site-packages/liger_kernel/ops/fused_linear_cross_entropy.py:233: UserWarning: called a synchronizing CUDA operation (Triggered internally at /pytorch/c10/cuda/CUDAFunctions.cpp:162.)
2026-09-15T04:28:41.493Z   if not torch.equal(grad_output, torch.tensor(1.0, device=grad_output.device)):
2026-09-15T04:28:41.493Z 
2026-09-15T04:28:42.254Z [2;36m[2026-09-15 04:28:42][0m [34mINFO    [0m [2m[olmo_core.train.callbacks.console_logger:68, 0f8858c49d67, rank=0][0m [step=3/61,epoch=1,eta=1h22m]
2026-09-15T04:28:42.254Z     gpu_memory/GPU active mem (%)=76.00
2026-09-15T04:28:42.254Z     gpu_memory/GPU active mem (GiB)=60.23
2026-09-15T04:28:42.254Z     gpu_memory/GPU reserved mem (%)=81.32
2026-09-15T04:28:42.254Z     gpu_memory/GPU reserved mem (GiB)=64.45
2026-09-15T04:28:42.254Z     optim/LR (group 0)=4.92E-06
2026-09-15T04:28:42.254Z     optim/LR (group 1)=4.92E-06
2026-09-15T04:28:42.254Z     optim/step skipped=0.0
2026-09-15T04:28:42.254Z     optim/total grad norm=15.54
2026-09-15T04:28:42.254Z     throughput/chinchilla multiple=4.67E-06
2026-09-15T04:28:42.254Z     throughput/device/BPS=0.0267
2026-09-15T04:28:42.254Z     throughput/device/BPS (actual avg)=0.0117
2026-09-15T04:28:42.254Z     throughput/device/MFU=12.85
2026-09-15T04:28:42.254Z     throughput/device/MFU (actual avg)=5.609
2026-09-15T04:28:42.254Z     throughput/device/TPS=1,750
2026-09-15T04:28:42.254Z     throughput/device/TPS (actual avg)=764.2
2026-09-15T04:28:42.254Z     throughput/device/flopsPS=40.10T
2026-09-15T04:28:42.254Z     throughput/device/flopsPS (actual avg)=17.50T
2026-09-15T04:28:42.254Z     throughput/total petaflops=9.004
2026-09-15T04:28:42.254Z     throughput/total tokens=393,216
2026-09-15T04:28:42.254Z     train/CE loss=0.5659
2026-09-15T04:28:42.254Z     throughput/device/data loading (%)=0.0070
2026-09-15T04:28:42.254Z     throughput/device/data loading (s)=0.0026
2026-09-15T04:28:42.254Z     train/PPL=1.761
2026-09-15T04:28:47.155Z [2;36m[2026-09-15 04:28:47][0m [33mWARNING [0m [2m[py.warnings:112, 0f8858c49d67, rank=1][0m /opt/conda/lib/python3.12/site-packages/torch/autograd/graph.py:841: UserWarning: called a synchronizing CUDA operation (Triggered internally at /pytorch/c10/cuda/CUDAFunctions.cpp:162.)
2026-09-15T04:28:47.155Z   return Variable._execution_engine.run_backward(  # Calls into the C++ engine to run the backward pass
2026-09-15T04:28:47.155Z 
2026-09-15T04:28:47.157Z [2;36m[2026-09-15 04:28:47][0m [33mWARNING [0m [2m[py.warnings:112, 0f8858c49d67, rank=1][0m /opt/conda/lib/python3.12/site-packages/torch/distributed/utils.py:106: UserWarning: called a synchronizing CUDA operation (Triggered internally at /pytorch/c10/cuda/CUDAFunctions.cpp:162.)
2026-09-15T04:28:47.157Z   return (obj.to(target_device),)
2026-09-15T04:28:47.157Z 
2026-09-15T04:28:47.168Z [2;36m[2026-09-15 04:28:47][0m [33mWARNING [0m [2m[py.warnings:112, 0f8858c49d67, rank=1][0m /opt/conda/lib/python3.12/site-packages/olmo_core/nn/transformer/model.py:777: UserWarning: called a synchronizing CUDA operation (Triggered internally at /pytorch/c10/cuda/CUDAFunctions.cpp:162.)
2026-09-15T04:28:47.168Z   n_docs = int(chunk_ids.max().item()) + 1
2026-09-15T04:28:47.168Z 
2026-09-15T04:28:47.177Z [2;36m[2026-09-15 04:28:47][0m [33mWARNING [0m [2m[py.warnings:112, 0f8858c49d67, rank=1][0m /opt/conda/lib/python3.12/site-packages/olmo_core/nn/transformer/model.py:834: UserWarning: called a synchronizing CUDA operation (Triggered internally at /pytorch/c10/cuda/CUDAFunctions.cpp:162.)
2026-09-15T04:28:47.177Z   flat = (torch.arange(B, device=emb.device)[:, None] * n_docs + cid.clamp(min=0)).reshape(
2026-09-15T04:28:47.177Z 
2026-09-15T04:28:47.177Z [2;36m[2026-09-15 04:28:47][0m [33mWARNING [0m [2m[py.warnings:112, 0f8858c49d67, rank=1][0m /opt/conda/lib/python3.12/site-packages/olmo_core/nn/transformer/model.py:838: UserWarning: called a synchronizing CUDA operation (Triggered internally at /pytorch/c10/cuda/CUDAFunctions.cpp:162.)
2026-09-15T04:28:47.177Z   0, flat, emb.reshape(B * T, D)[is_ctx.reshape(-1)]
2026-09-15T04:28:47.177Z 
2026-09-15T04:28:47.185Z [2;36m[2026-09-15 04:28:47][0m [33mWARNING [0m [2m[py.warnings:112, 0f8858c49d67, rank=1][0m /opt/conda/lib/python3.12/site-packages/olmo_core/nn/pooled_soft_token.py:173: UserWarning: called a synchronizing CUDA operation (Triggered internally at /pytorch/c10/cuda/CUDAFunctions.cpp:162.)
2026-09-15T04:28:47.185Z   kept_idx = kept_tok.nonzero(as_tuple=True)[0]
2026-09-15T04:28:47.185Z 
2026-09-15T04:28:47.185Z [2;36m[2026-09-15 04:28:47][0m [33mWARNING [0m [2m[py.warnings:112, 0f8858c49d67, rank=1][0m /opt/conda/lib/python3.12/site-packages/olmo_core/nn/pooled_soft_token.py:179: UserWarning: called a synchronizing CUDA operation (Triggered internally at /pytorch/c10/cuda/CUDAFunctions.cpp:162.)
2026-09-15T04:28:47.185Z   if is_ctx.any():
2026-09-15T04:28:47.185Z 
2026-09-15T04:28:47.185Z [2;36m[2026-09-15 04:28:47][0m [33mWARNING [0m [2m[py.warnings:112, 0f8858c49d67, rank=1][0m /opt/conda/lib/python3.12/site-packages/olmo_core/nn/pooled_soft_token.py:180: UserWarning: called a synchronizing CUDA operation (Triggered internally at /pytorch/c10/cuda/CUDAFunctions.cpp:162.)
2026-09-15T04:28:47.185Z   d_ix = c[is_ctx]
2026-09-15T04:28:47.185Z 
2026-09-15T04:28:47.186Z [2;36m[2026-09-15 04:28:47][0m [33mWARNING [0m [2m[py.warnings:112, 0f8858c49d67, rank=1][0m /opt/conda/lib/python3.12/site-packages/olmo_core/nn/pooled_soft_token.py:181: UserWarning: called a synchronizing CUDA operation (Triggered internally at /pytorch/c10/cuda/CUDAFunctions.cpp:162.)
2026-09-15T04:28:47.186Z   pos_ix = is_ctx.nonzero(as_tuple=True)[0]
2026-09-15T04:28:47.186Z 
2026-09-15T04:28:47.186Z [2;36m[2026-09-15 04:28:47][0m [33mWARNING [0m [2m[py.warnings:112, 0f8858c49d67, rank=1][0m /opt/conda/lib/python3.12/site-packages/olmo_core/nn/pooled_soft_token.py:186: UserWarning: called a synchronizing CUDA operation (Triggered internally at /pytorch/c10/cuda/CUDAFunctions.cpp:162.)
2026-09-15T04:28:47.186Z   pooled_docs = pooled.nonzero(as_tuple=True)[0]
2026-09-15T04:28:47.186Z 
2026-09-15T04:28:47.187Z [2;36m[2026-09-15 04:28:47][0m [33mWARNING [0m [2m[py.warnings:112, 0f8858c49d67, rank=1][0m /opt/conda/lib/python3.12/site-packages/olmo_core/nn/pooled_soft_token.py:217: UserWarning: called a synchronizing CUDA operation (Triggered internally at /pytorch/c10/cuda/CUDAFunctions.cpp:162.)
2026-09-15T04:28:47.187Z   doc_len = torch.bincount(c[is_ctx], minlength=n_docs) if is_ctx.any() else torch.zeros(n_docs, dtype=torch.long, device=device)
2026-09-15T04:28:47.187Z 
2026-09-15T04:28:47.188Z [2;36m[2026-09-15 04:28:47][0m [33mWARNING [0m [2m[py.warnings:112, 0f8858c49d67, rank=1][0m /opt/conda/lib/python3.12/site-packages/olmo_core/nn/pooled_soft_token.py:222: UserWarning: called a synchronizing CUDA operation (Triggered internally at /pytorch/c10/cuda/CUDAFunctions.cpp:162.)
2026-09-15T04:28:47.188Z   soft_cols_b = soft_mask.nonzero(as_tuple=True)[0]
2026-09-15T04:28:47.188Z 
2026-09-15T04:28:47.188Z [2;36m[2026-09-15 04:28:47][0m [33mWARNING [0m [2m[py.warnings:112, 0f8858c49d67, rank=1][0m /opt/conda/lib/python3.12/site-packages/olmo_core/nn/pooled_soft_token.py:226: UserWarning: called a synchronizing CUDA operation (Triggered internally at /pytorch/c10/cuda/CUDAFunctions.cpp:162.)
2026-09-15T04:28:47.188Z   cols_l = soft_cols_b.tolist()
2026-09-15T04:28:47.188Z 
2026-09-15T04:28:47.188Z [2;36m[2026-09-15 04:28:47][0m [33mWARNING [0m [2m[py.warnings:112, 0f8858c49d67, rank=1][0m /opt/conda/lib/python3.12/site-packages/olmo_core/nn/pooled_soft_token.py:229: UserWarning: called a synchronizing CUDA operation (Triggered internally at /pytorch/c10/cuda/CUDAFunctions.cpp:162.)
2026-09-15T04:28:47.188Z   soft_docs += docs_b.tolist()
2026-09-15T04:28:47.188Z 
2026-09-15T04:28:47.189Z [2;36m[2026-09-15 04:28:47][0m [33mWARNING [0m [2m[py.warnings:112, 0f8858c49d67, rank=1][0m /opt/conda/lib/python3.12/site-packages/olmo_core/nn/pooled_soft_token.py:230: UserWarning: called a synchronizing CUDA operation (Triggered internally at /pytorch/c10/cuda/CUDAFunctions.cpp:162.)
2026-09-15T04:28:47.189Z   soft_log_len += lens_b.tolist()
2026-09-15T04:28:47.189Z 
2026-09-15T04:28:47.190Z [2;36m[2026-09-15 04:28:47][0m [33mWARNING [0m [2m[py.warnings:112, 0f8858c49d67, rank=1][0m /opt/conda/lib/python3.12/site-packages/olmo_core/nn/pooled_soft_token.py:280: UserWarning: called a synchronizing CUDA operation (Triggered internally at /pytorch/c10/cuda/CUDAFunctions.cpp:162.)
2026-09-15T04:28:47.190Z   row_lens[b] = L
2026-09-15T04:28:47.190Z 
2026-09-15T04:28:47.191Z [2;36m[2026-09-15 04:28:47][0m [33mWARNING [0m [2m[py.warnings:112, 0f8858c49d67, rank=1][0m /opt/conda/lib/python3.12/site-packages/olmo_core/nn/pooled_soft_token.py:297: UserWarning: called a synchronizing CUDA operation (Triggered internally at /pytorch/c10/cuda/CUDAFunctions.cpp:162.)
2026-09-15T04:28:47.191Z   soft_rows=torch.tensor(soft_rows, dtype=torch.long, device=device),
2026-09-15T04:28:47.191Z 
2026-09-15T04:28:47.191Z [2;36m[2026-09-15 04:28:47][0m [33mWARNING [0m [2m[py.warnings:112, 0f8858c49d67, rank=1][0m /opt/conda/lib/python3.12/site-packages/olmo_core/nn/pooled_soft_token.py:298: UserWarning: called a synchronizing CUDA operation (Triggered internally at /pytorch/c10/cuda/CUDAFunctions.cpp:162.)
2026-09-15T04:28:47.191Z   soft_cols=torch.tensor(soft_cols, dtype=torch.long, device=device),
2026-09-15T04:28:47.191Z 
2026-09-15T04:28:47.192Z [2;36m[2026-09-15 04:28:47][0m [33mWARNING [0m [2m[py.warnings:112, 0f8858c49d67, rank=1][0m /opt/conda/lib/python3.12/site-packages/olmo_core/nn/pooled_soft_token.py:299: UserWarning: called a synchronizing CUDA operation (Triggered internally at /pytorch/c10/cuda/CUDAFunctions.cpp:162.)
2026-09-15T04:28:47.192Z   soft_docs=torch.tensor(soft_docs, dtype=torch.long, device=device),
2026-09-15T04:28:47.192Z 
2026-09-15T04:28:47.192Z [2;36m[2026-09-15 04:28:47][0m [33mWARNING [0m [2m[py.warnings:112, 0f8858c49d67, rank=1][0m /opt/conda/lib/python3.12/site-packages/olmo_core/nn/pooled_soft_token.py:301: UserWarning: called a synchronizing CUDA operation (Triggered internally at /pytorch/c10/cuda/CUDAFunctions.cpp:162.)
2026-09-15T04:28:47.192Z   soft_log_len=torch.tensor(soft_log_len, dtype=torch.float32, device=device),
2026-09-15T04:28:47.192Z 
2026-09-15T04:28:47.192Z [2;36m[2026-09-15 04:28:47][0m [33mWARNING [0m [2m[py.warnings:112, 0f8858c49d67, rank=1][0m /opt/conda/lib/python3.12/site-packages/olmo_core/nn/transformer/model.py:1502: UserWarning: called a synchronizing CUDA operation (Triggered internally at /pytorch/c10/cuda/CUDAFunctions.cpp:162.)
2026-09-15T04:28:47.192Z   kv_grad_mask[cb.soft_rows, cb.soft_cols] = False
2026-09-15T04:28:47.192Z 
2026-09-15T04:28:47.392Z [2;36m[2026-09-15 04:28:47][0m [33mWARNING [0m [2m[py.warnings:112, 0f8858c49d67, rank=1][0m /opt/conda/lib/python3.12/site-packages/liger_kernel/ops/fused_linear_cross_entropy.py:75: UserWarning: called a synchronizing CUDA operation (Triggered internally at /pytorch/c10/cuda/CUDAFunctions.cpp:162.)
2026-09-15T04:28:47.392Z   total_n_non_ignore = target_mask.sum().item()
2026-09-15T04:28:47.392Z 
2026-09-15T04:28:48.257Z [2;36m[2026-09-15 04:28:48][0m [33mWARNING [0m [2m[py.warnings:112, 0f8858c49d67, rank=1][0m /opt/conda/lib/python3.12/site-packages/liger_kernel/ops/fused_linear_cross_entropy.py:233: UserWarning: called a synchronizing CUDA operation (Triggered internally at /pytorch/c10/cuda/CUDAFunctions.cpp:162.)
2026-09-15T04:28:48.257Z   if not torch.equal(grad_output, torch.tensor(1.0, device=grad_output.device)):
2026-09-15T04:28:48.257Z 
2026-09-15T04:28:54.498Z [2;36m[2026-09-15 04:28:54][0m [33mWARNING [0m [2m[py.warnings:112, 0f8858c49d67, rank=0][0m /opt/conda/lib/python3.12/site-packages/liger_kernel/ops/fused_linear_cross_entropy.py:75: UserWarning: called a synchronizing CUDA operation (Triggered internally at /pytorch/c10/cuda/CUDAFunctions.cpp:162.)
2026-09-15T04:28:54.498Z   total_n_non_ignore = target_mask.sum().item()
2026-09-15T04:28:54.498Z 
2026-09-15T04:28:55.002Z [2;36m[2026-09-15 04:28:55][0m [33mWARNING [0m [2m[py.warnings:112, 0f8858c49d67, rank=0][0m /opt/conda/lib/python3.12/site-packages/liger_kernel/ops/fused_linear_cross_entropy.py:233: UserWarning: called a synchronizing CUDA operation (Triggered internally at /pytorch/c10/cuda/CUDAFunctions.cpp:162.)
2026-09-15T04:28:55.002Z   if not torch.equal(grad_output, torch.tensor(1.0, device=grad_output.device)):
2026-09-15T04:28:55.002Z 
2026-09-15T04:28:56.292Z [2;36m[2026-09-15 04:28:56][0m [33mWARNING [0m [2m[py.warnings:112, 0f8858c49d67, rank=0][0m /opt/conda/lib/python3.12/site-packages/torch/autograd/graph.py:841: UserWarning: called a synchronizing CUDA operation (Triggered internally at /pytorch/c10/cuda/CUDAFunctions.cpp:162.)
2026-09-15T04:28:56.292Z   return Variable._execution_engine.run_backward(  # Calls into the C++ engine to run the backward pass
2026-09-15T04:28:56.292Z 
2026-09-15T04:28:56.536Z [2;36m[2026-09-15 04:28:56][0m [34mINFO    [0m [2m[olmo_core.train.callbacks.console_logger:68, 0f8858c49d67, rank=0][0m [step=4/61,epoch=1,eta=58m]
2026-09-15T04:28:56.536Z     gpu_memory/GPU active mem (%)=76.00
2026-09-15T04:28:56.536Z     gpu_memory/GPU active mem (GiB)=60.23
2026-09-15T04:28:56.536Z     gpu_memory/GPU reserved mem (%)=81.32
2026-09-15T04:28:56.536Z     gpu_memory/GPU reserved mem (GiB)=64.45
2026-09-15T04:28:56.536Z     optim/LR (group 0)=4.83E-06
2026-09-15T04:28:56.536Z     optim/LR (group 1)=4.83E-06
2026-09-15T04:28:56.536Z     optim/step skipped=0.0
2026-09-15T04:28:56.536Z     optim/total grad norm=10.85
2026-09-15T04:28:56.536Z     throughput/chinchilla multiple=6.23E-06
2026-09-15T04:28:56.536Z     throughput/device/BPS=0.0700
2026-09-15T04:28:56.536Z     throughput/device/BPS (actual avg)=0.0161
2026-09-15T04:28:56.536Z     throughput/device/MFU=33.67
2026-09-15T04:28:56.536Z     throughput/device/MFU (actual avg)=7.767
2026-09-15T04:28:56.536Z     throughput/device/TPS=4,588
2026-09-15T04:28:56.536Z     throughput/device/TPS (actual avg)=1,058
2026-09-15T04:28:56.536Z     throughput/device/flopsPS=105.1T
2026-09-15T04:28:56.536Z     throughput/device/flopsPS (actual avg)=24.23T
2026-09-15T04:28:56.536Z     throughput/total petaflops=12.01
2026-09-15T04:28:56.536Z     throughput/total tokens=524,288
2026-09-15T04:28:56.536Z     train/CE loss=0.5266
2026-09-15T04:28:56.536Z     throughput/device/data loading (%)=0.0194
2026-09-15T04:28:56.536Z     throughput/device/data loading (s)=0.0028
2026-09-15T04:28:56.536Z     train/PPL=1.693
2026-09-15T04:28:56.538Z [2;36m[2026-09-15 04:28:56][0m [33mWARNING [0m [2m[py.warnings:112, 0f8858c49d67, rank=0][0m /opt/conda/lib/python3.12/site-packages/torch/distributed/utils.py:106: UserWarning: called a synchronizing CUDA operation (Triggered internally at /pytorch/c10/cuda/CUDAFunctions.cpp:162.)
2026-09-15T04:28:56.538Z   return (obj.to(target_device),)
2026-09-15T04:28:56.538Z 
2026-09-15T04:28:56.541Z [2;36m[2026-09-15 04:28:56][0m [33mWARNING [0m [2m[py.warnings:112, 0f8858c49d67, rank=0][0m /opt/conda/lib/python3.12/site-packages/olmo_core/nn/transformer/model.py:777: UserWarning: called a synchronizing CUDA operation (Triggered internally at /pytorch/c10/cuda/CUDAFunctions.cpp:162.)
2026-09-15T04:28:56.541Z   n_docs = int(chunk_ids.max().item()) + 1
2026-09-15T04:28:56.541Z 
2026-09-15T04:28:56.550Z [2;36m[2026-09-15 04:28:56][0m [33mWARNING [0m [2m[py.warnings:112, 0f8858c49d67, rank=0][0m /opt/conda/lib/python3.12/site-packages/olmo_core/nn/transformer/model.py:834: UserWarning: called a synchronizing CUDA operation (Triggered internally at /pytorch/c10/cuda/CUDAFunctions.cpp:162.)
2026-09-15T04:28:56.550Z   flat = (torch.arange(B, device=emb.device)[:, None] * n_docs + cid.clamp(min=0)).reshape(
2026-09-15T04:28:56.550Z 
2026-09-15T04:28:56.551Z [2;36m[2026-09-15 04:28:56][0m [33mWARNING [0m [2m[py.warnings:112, 0f8858c49d67, rank=0][0m /opt/conda/lib/python3.12/site-packages/olmo_core/nn/transformer/model.py:838: UserWarning: called a synchronizing CUDA operation (Triggered internally at /pytorch/c10/cuda/CUDAFunctions.cpp:162.)
2026-09-15T04:28:56.551Z   0, flat, emb.reshape(B * T, D)[is_ctx.reshape(-1)]
2026-09-15T04:28:56.551Z 
2026-09-15T04:28:56.560Z [2;36m[2026-09-15 04:28:56][0m [33mWARNING [0m [2m[py.warnings:112, 0f8858c49d67, rank=0][0m /opt/conda/lib/python3.12/site-packages/olmo_core/nn/pooled_soft_token.py:173: UserWarning: called a synchronizing CUDA operation (Triggered internally at /pytorch/c10/cuda/CUDAFunctions.cpp:162.)
2026-09-15T04:28:56.560Z   kept_idx = kept_tok.nonzero(as_tuple=True)[0]
2026-09-15T04:28:56.560Z 
2026-09-15T04:28:56.561Z [2;36m[2026-09-15 04:28:56][0m [33mWARNING [0m [2m[py.warnings:112, 0f8858c49d67, rank=0][0m /opt/conda/lib/python3.12/site-packages/olmo_core/nn/pooled_soft_token.py:179: UserWarning: called a synchronizing CUDA operation (Triggered internally at /pytorch/c10/cuda/CUDAFunctions.cpp:162.)
2026-09-15T04:28:56.561Z   if is_ctx.any():
2026-09-15T04:28:56.561Z 
2026-09-15T04:28:56.561Z [2;36m[2026-09-15 04:28:56][0m [33mWARNING [0m [2m[py.warnings:112, 0f8858c49d67, rank=0][0m /opt/conda/lib/python3.12/site-packages/olmo_core/nn/pooled_soft_token.py:180: UserWarning: called a synchronizing CUDA operation (Triggered internally at /pytorch/c10/cuda/CUDAFunctions.cpp:162.)
2026-09-15T04:28:56.561Z   d_ix = c[is_ctx]
2026-09-15T04:28:56.561Z 
2026-09-15T04:28:56.562Z [2;36m[2026-09-15 04:28:56][0m [33mWARNING [0m [2m[py.warnings:112, 0f8858c49d67, rank=0][0m /opt/conda/lib/python3.12/site-packages/olmo_core/nn/pooled_soft_token.py:181: UserWarning: called a synchronizing CUDA operation (Triggered internally at /pytorch/c10/cuda/CUDAFunctions.cpp:162.)
2026-09-15T04:28:56.562Z   pos_ix = is_ctx.nonzero(as_tuple=True)[0]
2026-09-15T04:28:56.562Z 
2026-09-15T04:28:56.562Z [2;36m[2026-09-15 04:28:56][0m [33mWARNING [0m [2m[py.warnings:112, 0f8858c49d67, rank=0][0m /opt/conda/lib/python3.12/site-packages/olmo_core/nn/pooled_soft_token.py:186: UserWarning: called a synchronizing CUDA operation (Triggered internally at /pytorch/c10/cuda/CUDAFunctions.cpp:162.)
2026-09-15T04:28:56.562Z   pooled_docs = pooled.nonzero(as_tuple=True)[0]
2026-09-15T04:28:56.562Z 
2026-09-15T04:28:56.563Z [2;36m[2026-09-15 04:28:56][0m [33mWARNING [0m [2m[py.warnings:112, 0f8858c49d67, rank=0][0m /opt/conda/lib/python3.12/site-packages/olmo_core/nn/pooled_soft_token.py:217: UserWarning: called a synchronizing CUDA operation (Triggered internally at /pytorch/c10/cuda/CUDAFunctions.cpp:162.)
2026-09-15T04:28:56.563Z   doc_len = torch.bincount(c[is_ctx], minlength=n_docs) if is_ctx.any() else torch.zeros(n_docs, dtype=torch.long, device=device)
2026-09-15T04:28:56.563Z 
2026-09-15T04:28:56.564Z [2;36m[2026-09-15 04:28:56][0m [33mWARNING [0m [2m[py.warnings:112, 0f8858c49d67, rank=0][0m /opt/conda/lib/python3.12/site-packages/olmo_core/nn/pooled_soft_token.py:222: UserWarning: called a synchronizing CUDA operation (Triggered internally at /pytorch/c10/cuda/CUDAFunctions.cpp:162.)
2026-09-15T04:28:56.564Z   soft_cols_b = soft_mask.nonzero(as_tuple=True)[0]
2026-09-15T04:28:56.564Z 
2026-09-15T04:28:56.564Z [2;36m[2026-09-15 04:28:56][0m [33mWARNING [0m [2m[py.warnings:112, 0f8858c49d67, rank=0][0m /opt/conda/lib/python3.12/site-packages/olmo_core/nn/pooled_soft_token.py:226: UserWarning: called a synchronizing CUDA operation (Triggered internally at /pytorch/c10/cuda/CUDAFunctions.cpp:162.)
2026-09-15T04:28:56.564Z   cols_l = soft_cols_b.tolist()
2026-09-15T04:28:56.564Z 
2026-09-15T04:28:56.565Z [2;36m[2026-09-15 04:28:56][0m [33mWARNING [0m [2m[py.warnings:112, 0f8858c49d67, rank=0][0m /opt/conda/lib/python3.12/site-packages/olmo_core/nn/pooled_soft_token.py:229: UserWarning: called a synchronizing CUDA operation (Triggered internally at /pytorch/c10/cuda/CUDAFunctions.cpp:162.)
2026-09-15T04:28:56.565Z   soft_docs += docs_b.tolist()
2026-09-15T04:28:56.565Z 
2026-09-15T04:28:56.566Z [2;36m[2026-09-15 04:28:56][0m [33mWARNING [0m [2m[py.warnings:112, 0f8858c49d67, rank=0][0m /opt/conda/lib/python3.12/site-packages/olmo_core/nn/pooled_soft_token.py:230: UserWarning: called a synchronizing CUDA operation (Triggered internally at /pytorch/c10/cuda/CUDAFunctions.cpp:162.)
2026-09-15T04:28:56.566Z   soft_log_len += lens_b.tolist()
2026-09-15T04:28:56.566Z 
2026-09-15T04:28:56.569Z [2;36m[2026-09-15 04:28:56][0m [33mWARNING [0m [2m[py.warnings:112, 0f8858c49d67, rank=0][0m /opt/conda/lib/python3.12/site-packages/olmo_core/nn/pooled_soft_token.py:280: UserWarning: called a synchronizing CUDA operation (Triggered internally at /pytorch/c10/cuda/CUDAFunctions.cpp:162.)
2026-09-15T04:28:56.569Z   row_lens[b] = L
2026-09-15T04:28:56.569Z 
2026-09-15T04:28:56.569Z [2;36m[2026-09-15 04:28:56][0m [33mWARNING [0m [2m[py.warnings:112, 0f8858c49d67, rank=0][0m /opt/conda/lib/python3.12/site-packages/olmo_core/nn/pooled_soft_token.py:297: UserWarning: called a synchronizing CUDA operation (Triggered internally at /pytorch/c10/cuda/CUDAFunctions.cpp:162.)
2026-09-15T04:28:56.569Z   soft_rows=torch.tensor(soft_rows, dtype=torch.long, device=device),
2026-09-15T04:28:56.569Z 
2026-09-15T04:28:56.570Z [2;36m[2026-09-15 04:28:56][0m [33mWARNING [0m [2m[py.warnings:112, 0f8858c49d67, rank=0][0m /opt/conda/lib/python3.12/site-packages/olmo_core/nn/pooled_soft_token.py:298: UserWarning: called a synchronizing CUDA operation (Triggered internally at /pytorch/c10/cuda/CUDAFunctions.cpp:162.)
2026-09-15T04:28:56.570Z   soft_cols=torch.tensor(soft_cols, dtype=torch.long, device=device),
2026-09-15T04:28:56.570Z 
2026-09-15T04:28:56.570Z [2;36m[2026-09-15 04:28:56][0m [33mWARNING [0m [2m[py.warnings:112, 0f8858c49d67, rank=0][0m /opt/conda/lib/python3.12/site-packages/olmo_core/nn/pooled_soft_token.py:299: UserWarning: called a synchronizing CUDA operation (Triggered internally at /pytorch/c10/cuda/CUDAFunctions.cpp:162.)
2026-09-15T04:28:56.570Z   soft_docs=torch.tensor(soft_docs, dtype=torch.long, device=device),
2026-09-15T04:28:56.570Z 
2026-09-15T04:28:56.571Z [2;36m[2026-09-15 04:28:56][0m [33mWARNING [0m [2m[py.warnings:112, 0f8858c49d67, rank=0][0m /opt/conda/lib/python3.12/site-packages/olmo_core/nn/pooled_soft_token.py:301: UserWarning: called a synchronizing CUDA operation (Triggered internally at /pytorch/c10/cuda/CUDAFunctions.cpp:162.)
2026-09-15T04:28:56.571Z   soft_log_len=torch.tensor(soft_log_len, dtype=torch.float32, device=device),
2026-09-15T04:28:56.571Z 
2026-09-15T04:28:56.571Z [2;36m[2026-09-15 04:28:56][0m [33mWARNING [0m [2m[py.warnings:112, 0f8858c49d67, rank=0][0m /opt/conda/lib/python3.12/site-packages/olmo_core/nn/transformer/model.py:1502: UserWarning: called a synchronizing CUDA operation (Triggered internally at /pytorch/c10/cuda/CUDAFunctions.cpp:162.)
2026-09-15T04:28:56.571Z   kv_grad_mask[cb.soft_rows, cb.soft_cols] = False
2026-09-15T04:28:56.571Z 
2026-09-15T04:28:56.759Z [2;36m[2026-09-15 04:28:56][0m [33mWARNING [0m [2m[py.warnings:112, 0f8858c49d67, rank=0][0m /opt/conda/lib/python3.12/site-packages/liger_kernel/ops/fused_linear_cross_entropy.py:75: UserWarning: called a synchronizing CUDA operation (Triggered internally at /pytorch/c10/cuda/CUDAFunctions.cpp:162.)
2026-09-15T04:28:56.759Z   total_n_non_ignore = target_mask.sum().item()
2026-09-15T04:28:56.759Z 
2026-09-15T04:28:57.704Z [2;36m[2026-09-15 04:28:57][0m [33mWARNING [0m [2m[py.warnings:112, 0f8858c49d67, rank=0][0m /opt/conda/lib/python3.12/site-packages/liger_kernel/ops/fused_linear_cross_entropy.py:233: UserWarning: called a synchronizing CUDA operation (Triggered internally at /pytorch/c10/cuda/CUDAFunctions.cpp:162.)
2026-09-15T04:28:57.704Z   if not torch.equal(grad_output, torch.tensor(1.0, device=grad_output.device)):
2026-09-15T04:28:57.704Z 
2026-09-15T04:29:09.721Z [2;36m[2026-09-15 04:29:09][0m [33mWARNING [0m [2m[py.warnings:112, 0f8858c49d67, rank=1][0m /opt/conda/lib/python3.12/site-packages/liger_kernel/ops/fused_linear_cross_entropy.py:75: UserWarning: called a synchronizing CUDA operation (Triggered internally at /pytorch/c10/cuda/CUDAFunctions.cpp:162.)
2026-09-15T04:29:09.721Z   total_n_non_ignore = target_mask.sum().item()
2026-09-15T04:29:09.721Z 
2026-09-15T04:29:10.271Z [2;36m[2026-09-15 04:29:10][0m [33mWARNING [0m [2m[py.warnings:112, 0f8858c49d67, rank=1][0m /opt/conda/lib/python3.12/site-packages/liger_kernel/ops/fused_linear_cross_entropy.py:233: UserWarning: called a synchronizing CUDA operation (Triggered internally at /pytorch/c10/cuda/CUDAFunctions.cpp:162.)
2026-09-15T04:29:10.271Z   if not torch.equal(grad_output, torch.tensor(1.0, device=grad_output.device)):
2026-09-15T04:29:10.271Z 
2026-09-15T04:29:25.111Z [2;36m[2026-09-15 04:29:25][0m [33mWARNING [0m [2m[py.warnings:112, 0f8858c49d67, rank=1][0m /opt/conda/lib/python3.12/site-packages/torch/autograd/graph.py:841: UserWarning: called a synchronizing CUDA operation (Triggered internally at /pytorch/c10/cuda/CUDAFunctions.cpp:162.)
2026-09-15T04:29:25.111Z   return Variable._execution_engine.run_backward(  # Calls into the C++ engine to run the backward pass
2026-09-15T04:29:25.111Z 
2026-09-15T04:29:25.112Z [2;36m[2026-09-15 04:29:25][0m [33mWARNING [0m [2m[py.warnings:112, 0f8858c49d67, rank=1][0m /opt/conda/lib/python3.12/site-packages/torch/distributed/utils.py:106: UserWarning: called a synchronizing CUDA operation (Triggered internally at /pytorch/c10/cuda/CUDAFunctions.cpp:162.)
2026-09-15T04:29:25.112Z   return (obj.to(target_device),)
2026-09-15T04:29:25.112Z 
2026-09-15T04:29:25.122Z [2;36m[2026-09-15 04:29:25][0m [33mWARNING [0m [2m[py.warnings:112, 0f8858c49d67, rank=1][0m /opt/conda/lib/python3.12/site-packages/olmo_core/nn/transformer/model.py:777: UserWarning: called a synchronizing CUDA operation (Triggered internally at /pytorch/c10/cuda/CUDAFunctions.cpp:162.)
2026-09-15T04:29:25.122Z   n_docs = int(chunk_ids.max().item()) + 1
2026-09-15T04:29:25.122Z 
2026-09-15T04:29:25.130Z [2;36m[2026-09-15 04:29:25][0m [33mWARNING [0m [2m[py.warnings:112, 0f8858c49d67, rank=1][0m /opt/conda/lib/python3.12/site-packages/olmo_core/nn/transformer/model.py:834: UserWarning: called a synchronizing CUDA operation (Triggered internally at /pytorch/c10/cuda/CUDAFunctions.cpp:162.)
2026-09-15T04:29:25.130Z   flat = (torch.arange(B, device=emb.device)[:, None] * n_docs + cid.clamp(min=0)).reshape(
2026-09-15T04:29:25.130Z 
2026-09-15T04:29:25.131Z [2;36m[2026-09-15 04:29:25][0m [33mWARNING [0m [2m[py.warnings:112, 0f8858c49d67, rank=1][0m /opt/conda/lib/python3.12/site-packages/olmo_core/nn/transformer/model.py:838: UserWarning: called a synchronizing CUDA operation (Triggered internally at /pytorch/c10/cuda/CUDAFunctions.cpp:162.)
2026-09-15T04:29:25.131Z   0, flat, emb.reshape(B * T, D)[is_ctx.reshape(-1)]
2026-09-15T04:29:25.131Z 
2026-09-15T04:29:25.139Z [2;36m[2026-09-15 04:29:25][0m [33mWARNING [0m [2m[py.warnings:112, 0f8858c49d67, rank=1][0m /opt/conda/lib/python3.12/site-packages/olmo_core/nn/pooled_soft_token.py:173: UserWarning: called a synchronizing CUDA operation (Triggered internally at /pytorch/c10/cuda/CUDAFunctions.cpp:162.)
2026-09-15T04:29:25.139Z   kept_idx = kept_tok.nonzero(as_tuple=True)[0]
2026-09-15T04:29:25.139Z 
2026-09-15T04:29:25.139Z [2;36m[2026-09-15 04:29:25][0m [33mWARNING [0m [2m[py.warnings:112, 0f8858c49d67, rank=1][0m /opt/conda/lib/python3.12/site-packages/olmo_core/nn/pooled_soft_token.py:179: UserWarning: called a synchronizing CUDA operation (Triggered internally at /pytorch/c10/cuda/CUDAFunctions.cpp:162.)
2026-09-15T04:29:25.139Z   if is_ctx.any():
2026-09-15T04:29:25.139Z 
2026-09-15T04:29:25.139Z [2;36m[2026-09-15 04:29:25][0m [33mWARNING [0m [2m[py.warnings:112, 0f8858c49d67, rank=1][0m /opt/conda/lib/python3.12/site-packages/olmo_core/nn/pooled_soft_token.py:180: UserWarning: called a synchronizing CUDA operation (Triggered internally at /pytorch/c10/cuda/CUDAFunctions.cpp:162.)
2026-09-15T04:29:25.139Z   d_ix = c[is_ctx]
2026-09-15T04:29:25.139Z 
2026-09-15T04:29:25.140Z [2;36m[2026-09-15 04:29:25][0m [33mWARNING [0m [2m[py.warnings:112, 0f8858c49d67, rank=1][0m /opt/conda/lib/python3.12/site-packages/olmo_core/nn/pooled_soft_token.py:181: UserWarning: called a synchronizing CUDA operation (Triggered internally at /pytorch/c10/cuda/CUDAFunctions.cpp:162.)
2026-09-15T04:29:25.140Z   pos_ix = is_ctx.nonzero(as_tuple=True)[0]
2026-09-15T04:29:25.140Z 
2026-09-15T04:29:25.140Z [2;36m[2026-09-15 04:29:25][0m [33mWARNING [0m [2m[py.warnings:112, 0f8858c49d67, rank=1][0m /opt/conda/lib/python3.12/site-packages/olmo_core/nn/pooled_soft_token.py:186: UserWarning: called a synchronizing CUDA operation (Triggered internally at /pytorch/c10/cuda/CUDAFunctions.cpp:162.)
2026-09-15T04:29:25.140Z   pooled_docs = pooled.nonzero(as_tuple=True)[0]
2026-09-15T04:29:25.140Z 
2026-09-15T04:29:25.141Z [2;36m[2026-09-15 04:29:25][0m [33mWARNING [0m [2m[py.warnings:112, 0f8858c49d67, rank=1][0m /opt/conda/lib/python3.12/site-packages/olmo_core/nn/pooled_soft_token.py:217: UserWarning: called a synchronizing CUDA operation (Triggered internally at /pytorch/c10/cuda/CUDAFunctions.cpp:162.)
2026-09-15T04:29:25.141Z   doc_len = torch.bincount(c[is_ctx], minlength=n_docs) if is_ctx.any() else torch.zeros(n_docs, dtype=torch.long, device=device)
2026-09-15T04:29:25.141Z 
2026-09-15T04:29:25.142Z [2;36m[2026-09-15 04:29:25][0m [33mWARNING [0m [2m[py.warnings:112, 0f8858c49d67, rank=1][0m /opt/conda/lib/python3.12/site-packages/olmo_core/nn/pooled_soft_token.py:222: UserWarning: called a synchronizing CUDA operation (Triggered internally at /pytorch/c10/cuda/CUDAFunctions.cpp:162.)
2026-09-15T04:29:25.142Z   soft_cols_b = soft_mask.nonzero(as_tuple=True)[0]
2026-09-15T04:29:25.142Z 
2026-09-15T04:29:25.142Z [2;36m[2026-09-15 04:29:25][0m [33mWARNING [0m [2m[py.warnings:112, 0f8858c49d67, rank=1][0m /opt/conda/lib/python3.12/site-packages/olmo_core/nn/pooled_soft_token.py:226: UserWarning: called a synchronizing CUDA operation (Triggered internally at /pytorch/c10/cuda/CUDAFunctions.cpp:162.)
2026-09-15T04:29:25.142Z   cols_l = soft_cols_b.tolist()
2026-09-15T04:29:25.142Z 
2026-09-15T04:29:25.142Z [2;36m[2026-09-15 04:29:25][0m [33mWARNING [0m [2m[py.warnings:112, 0f8858c49d67, rank=1][0m /opt/conda/lib/python3.12/site-packages/olmo_core/nn/pooled_soft_token.py:229: UserWarning: called a synchronizing CUDA operation (Triggered internally at /pytorch/c10/cuda/CUDAFunctions.cpp:162.)
2026-09-15T04:29:25.142Z   soft_docs += docs_b.tolist()
2026-09-15T04:29:25.142Z 
2026-09-15T04:29:25.143Z [2;36m[2026-09-15 04:29:25][0m [33mWARNING [0m [2m[py.warnings:112, 0f8858c49d67, rank=1][0m /opt/conda/lib/python3.12/site-packages/olmo_core/nn/pooled_soft_token.py:230: UserWarning: called a synchronizing CUDA operation (Triggered internally at /pytorch/c10/cuda/CUDAFunctions.cpp:162.)
2026-09-15T04:29:25.143Z   soft_log_len += lens_b.tolist()
2026-09-15T04:29:25.143Z 
2026-09-15T04:29:25.145Z [2;36m[2026-09-15 04:29:25][0m [33mWARNING [0m [2m[py.warnings:112, 0f8858c49d67, rank=1][0m /opt/conda/lib/python3.12/site-packages/olmo_core/nn/pooled_soft_token.py:280: UserWarning: called a synchronizing CUDA operation (Triggered internally at /pytorch/c10/cuda/CUDAFunctions.cpp:162.)
2026-09-15T04:29:25.145Z   row_lens[b] = L
2026-09-15T04:29:25.145Z 
2026-09-15T04:29:25.145Z [2;36m[2026-09-15 04:29:25][0m [33mWARNING [0m [2m[py.warnings:112, 0f8858c49d67, rank=1][0m /opt/conda/lib/python3.12/site-packages/olmo_core/nn/pooled_soft_token.py:297: UserWarning: called a synchronizing CUDA operation (Triggered internally at /pytorch/c10/cuda/CUDAFunctions.cpp:162.)
2026-09-15T04:29:25.145Z   soft_rows=torch.tensor(soft_rows, dtype=torch.long, device=device),
2026-09-15T04:29:25.145Z 
2026-09-15T04:29:25.146Z [2;36m[2026-09-15 04:29:25][0m [33mWARNING [0m [2m[py.warnings:112, 0f8858c49d67, rank=1][0m /opt/conda/lib/python3.12/site-packages/olmo_core/nn/pooled_soft_token.py:298: UserWarning: called a synchronizing CUDA operation (Triggered internally at /pytorch/c10/cuda/CUDAFunctions.cpp:162.)
2026-09-15T04:29:25.146Z   soft_cols=torch.tensor(soft_cols, dtype=torch.long, device=device),
2026-09-15T04:29:25.146Z 
2026-09-15T04:29:25.146Z [2;36m[2026-09-15 04:29:25][0m [33mWARNING [0m [2m[py.warnings:112, 0f8858c49d67, rank=1][0m /opt/conda/lib/python3.12/site-packages/olmo_core/nn/pooled_soft_token.py:299: UserWarning: called a synchronizing CUDA operation (Triggered internally at /pytorch/c10/cuda/CUDAFunctions.cpp:162.)
2026-09-15T04:29:25.146Z   soft_docs=torch.tensor(soft_docs, dtype=torch.long, device=device),
2026-09-15T04:29:25.146Z 
2026-09-15T04:29:25.146Z [2;36m[2026-09-15 04:29:25][0m [33mWARNING [0m [2m[py.warnings:112, 0f8858c49d67, rank=1][0m /opt/conda/lib/python3.12/site-packages/olmo_core/nn/pooled_soft_token.py:301: UserWarning: called a synchronizing CUDA operation (Triggered internally at /pytorch/c10/cuda/CUDAFunctions.cpp:162.)
2026-09-15T04:29:25.146Z   soft_log_len=torch.tensor(soft_log_len, dtype=torch.float32, device=device),
2026-09-15T04:29:25.146Z 
2026-09-15T04:29:25.147Z [2;36m[2026-09-15 04:29:25][0m [33mWARNING [0m [2m[py.warnings:112, 0f8858c49d67, rank=1][0m /opt/conda/lib/python3.12/site-packages/olmo_core/nn/transformer/model.py:1502: UserWarning: called a synchronizing CUDA operation (Triggered internally at /pytorch/c10/cuda/CUDAFunctions.cpp:162.)
2026-09-15T04:29:25.147Z   kv_grad_mask[cb.soft_rows, cb.soft_cols] = False
2026-09-15T04:29:25.147Z 
2026-09-15T04:29:25.334Z [2;36m[2026-09-15 04:29:25][0m [33mWARNING [0m [2m[py.warnings:112, 0f8858c49d67, rank=1][0m /opt/conda/lib/python3.12/site-packages/liger_kernel/ops/fused_linear_cross_entropy.py:75: UserWarning: called a synchronizing CUDA operation (Triggered internally at /pytorch/c10/cuda/CUDAFunctions.cpp:162.)
2026-09-15T04:29:25.334Z   total_n_non_ignore = target_mask.sum().item()
2026-09-15T04:29:25.334Z 
2026-09-15T04:29:26.299Z [2;36m[2026-09-15 04:29:26][0m [33mWARNING [0m [2m[py.warnings:112, 0f8858c49d67, rank=1][0m /opt/conda/lib/python3.12/site-packages/liger_kernel/ops/fused_linear_cross_entropy.py:233: UserWarning: called a synchronizing CUDA operation (Triggered internally at /pytorch/c10/cuda/CUDAFunctions.cpp:162.)
2026-09-15T04:29:26.299Z   if not torch.equal(grad_output, torch.tensor(1.0, device=grad_output.device)):
2026-09-15T04:29:26.299Z 
2026-09-15T04:29:27.320Z [2;36m[2026-09-15 04:29:27][0m [33mWARNING [0m [2m[py.warnings:112, 0f8858c49d67, rank=1][0m /opt/conda/lib/python3.12/site-packages/liger_kernel/ops/fused_linear_cross_entropy.py:75: UserWarning: called a synchronizing CUDA operation (Triggered internally at /pytorch/c10/cuda/CUDAFunctions.cpp:162.)
2026-09-15T04:29:27.320Z   total_n_non_ignore = target_mask.sum().item()
2026-09-15T04:29:27.320Z 
2026-09-15T04:29:28.184Z [2;36m[2026-09-15 04:29:28][0m [33mWARNING [0m [2m[py.warnings:112, 0f8858c49d67, rank=1][0m /opt/conda/lib/python3.12/site-packages/liger_kernel/ops/fused_linear_cross_entropy.py:233: UserWarning: called a synchronizing CUDA operation (Triggered internally at /pytorch/c10/cuda/CUDAFunctions.cpp:162.)
2026-09-15T04:29:28.184Z   if not torch.equal(grad_output, torch.tensor(1.0, device=grad_output.device)):
2026-09-15T04:29:28.184Z 
2026-09-15T04:29:28.914Z [2;36m[2026-09-15 04:29:28][0m [33mWARNING [0m [2m[py.warnings:112, 0f8858c49d67, rank=1][0m /opt/conda/lib/python3.12/site-packages/torch/autograd/graph.py:841: UserWarning: called a synchronizing CUDA operation (Triggered internally at /pytorch/c10/cuda/CUDAFunctions.cpp:162.)
2026-09-15T04:29:28.914Z   return Variable._execution_engine.run_backward(  # Calls into the C++ engine to run the backward pass
2026-09-15T04:29:28.914Z 
2026-09-15T04:29:28.918Z [2;36m[2026-09-15 04:29:28][0m [33mWARNING [0m [2m[py.warnings:112, 0f8858c49d67, rank=1][0m /opt/conda/lib/python3.12/site-packages/torch/distributed/utils.py:106: UserWarning: called a synchronizing CUDA operation (Triggered internally at /pytorch/c10/cuda/CUDAFunctions.cpp:162.)
2026-09-15T04:29:28.918Z   return (obj.to(target_device),)
2026-09-15T04:29:28.918Z 
2026-09-15T04:29:28.927Z [2;36m[2026-09-15 04:29:28][0m [33mWARNING [0m [2m[py.warnings:112, 0f8858c49d67, rank=1][0m /opt/conda/lib/python3.12/site-packages/olmo_core/nn/transformer/model.py:777: UserWarning: called a synchronizing CUDA operation (Triggered internally at /pytorch/c10/cuda/CUDAFunctions.cpp:162.)
2026-09-15T04:29:28.927Z   n_docs = int(chunk_ids.max().item()) + 1
2026-09-15T04:29:28.927Z 
2026-09-15T04:29:28.936Z [2;36m[2026-09-15 04:29:28][0m [33mWARNING [0m [2m[py.warnings:112, 0f8858c49d67, rank=1][0m /opt/conda/lib/python3.12/site-packages/olmo_core/nn/transformer/model.py:834: UserWarning: called a synchronizing CUDA operation (Triggered internally at /pytorch/c10/cuda/CUDAFunctions.cpp:162.)
2026-09-15T04:29:28.936Z   flat = (torch.arange(B, device=emb.device)[:, None] * n_docs + cid.clamp(min=0)).reshape(
2026-09-15T04:29:28.936Z 
2026-09-15T04:29:28.936Z [2;36m[2026-09-15 04:29:28][0m [33mWARNING [0m [2m[py.warnings:112, 0f8858c49d67, rank=1][0m /opt/conda/lib/python3.12/site-packages/olmo_core/nn/transformer/model.py:838: UserWarning: called a synchronizing CUDA operation (Triggered internally at /pytorch/c10/cuda/CUDAFunctions.cpp:162.)
2026-09-15T04:29:28.936Z   0, flat, emb.reshape(B * T, D)[is_ctx.reshape(-1)]
2026-09-15T04:29:28.936Z 
2026-09-15T04:29:28.944Z [2;36m[2026-09-15 04:29:28][0m [33mWARNING [0m [2m[py.warnings:112, 0f8858c49d67, rank=1][0m /opt/conda/lib/python3.12/site-packages/olmo_core/nn/pooled_soft_token.py:173: UserWarning: called a synchronizing CUDA operation (Triggered internally at /pytorch/c10/cuda/CUDAFunctions.cpp:162.)
2026-09-15T04:29:28.944Z   kept_idx = kept_tok.nonzero(as_tuple=True)[0]
2026-09-15T04:29:28.944Z 
2026-09-15T04:29:28.944Z [2;36m[2026-09-15 04:29:28][0m [33mWARNING [0m [2m[py.warnings:112, 0f8858c49d67, rank=1][0m /opt/conda/lib/python3.12/site-packages/olmo_core/nn/pooled_soft_token.py:179: UserWarning: called a synchronizing CUDA operation (Triggered internally at /pytorch/c10/cuda/CUDAFunctions.cpp:162.)
2026-09-15T04:29:28.944Z   if is_ctx.any():
2026-09-15T04:29:28.944Z 
2026-09-15T04:29:28.945Z [2;36m[2026-09-15 04:29:28][0m [33mWARNING [0m [2m[py.warnings:112, 0f8858c49d67, rank=1][0m /opt/conda/lib/python3.12/site-packages/olmo_core/nn/pooled_soft_token.py:180: UserWarning: called a synchronizing CUDA operation (Triggered internally at /pytorch/c10/cuda/CUDAFunctions.cpp:162.)
2026-09-15T04:29:28.945Z   d_ix = c[is_ctx]
2026-09-15T04:29:28.945Z 
2026-09-15T04:29:28.945Z [2;36m[2026-09-15 04:29:28][0m [33mWARNING [0m [2m[py.warnings:112, 0f8858c49d67, rank=1][0m /opt/conda/lib/python3.12/site-packages/olmo_core/nn/pooled_soft_token.py:181: UserWarning: called a synchronizing CUDA operation (Triggered internally at /pytorch/c10/cuda/CUDAFunctions.cpp:162.)
2026-09-15T04:29:28.945Z   pos_ix = is_ctx.nonzero(as_tuple=True)[0]
2026-09-15T04:29:28.945Z 
2026-09-15T04:29:28.945Z [2;36m[2026-09-15 04:29:28][0m [33mWARNING [0m [2m[py.warnings:112, 0f8858c49d67, rank=1][0m /opt/conda/lib/python3.12/site-packages/olmo_core/nn/pooled_soft_token.py:186: UserWarning: called a synchronizing CUDA operation (Triggered internally at /pytorch/c10/cuda/CUDAFunctions.cpp:162.)
2026-09-15T04:29:28.945Z   pooled_docs = pooled.nonzero(as_tuple=True)[0]
2026-09-15T04:29:28.945Z 
2026-09-15T04:29:28.946Z [2;36m[2026-09-15 04:29:28][0m [33mWARNING [0m [2m[py.warnings:112, 0f8858c49d67, rank=1][0m /opt/conda/lib/python3.12/site-packages/olmo_core/nn/pooled_soft_token.py:217: UserWarning: called a synchronizing CUDA operation (Triggered internally at /pytorch/c10/cuda/CUDAFunctions.cpp:162.)
2026-09-15T04:29:28.946Z   doc_len = torch.bincount(c[is_ctx], minlength=n_docs) if is_ctx.any() else torch.zeros(n_docs, dtype=torch.long, device=device)
2026-09-15T04:29:28.946Z 
2026-09-15T04:29:28.947Z [2;36m[2026-09-15 04:29:28][0m [33mWARNING [0m [2m[py.warnings:112, 0f8858c49d67, rank=1][0m /opt/conda/lib/python3.12/site-packages/olmo_core/nn/pooled_soft_token.py:222: UserWarning: called a synchronizing CUDA operation (Triggered internally at /pytorch/c10/cuda/CUDAFunctions.cpp:162.)
2026-09-15T04:29:28.947Z   soft_cols_b = soft_mask.nonzero(as_tuple=True)[0]
2026-09-15T04:29:28.947Z 
2026-09-15T04:29:28.947Z [2;36m[2026-09-15 04:29:28][0m [33mWARNING [0m [2m[py.warnings:112, 0f8858c49d67, rank=1][0m /opt/conda/lib/python3.12/site-packages/olmo_core/nn/pooled_soft_token.py:226: UserWarning: called a synchronizing CUDA operation (Triggered internally at /pytorch/c10/cuda/CUDAFunctions.cpp:162.)
2026-09-15T04:29:28.947Z   cols_l = soft_cols_b.tolist()
2026-09-15T04:29:28.947Z 
2026-09-15T04:29:28.948Z [2;36m[2026-09-15 04:29:28][0m [33mWARNING [0m [2m[py.warnings:112, 0f8858c49d67, rank=1][0m /opt/conda/lib/python3.12/site-packages/olmo_core/nn/pooled_soft_token.py:229: UserWarning: called a synchronizing CUDA operation (Triggered internally at /pytorch/c10/cuda/CUDAFunctions.cpp:162.)
2026-09-15T04:29:28.948Z   soft_docs += docs_b.tolist()
2026-09-15T04:29:28.948Z 
2026-09-15T04:29:28.948Z [2;36m[2026-09-15 04:29:28][0m [33mWARNING [0m [2m[py.warnings:112, 0f8858c49d67, rank=1][0m /opt/conda/lib/python3.12/site-packages/olmo_core/nn/pooled_soft_token.py:230: UserWarning: called a synchronizing CUDA operation (Triggered internally at /pytorch/c10/cuda/CUDAFunctions.cpp:162.)
2026-09-15T04:29:28.948Z   soft_log_len += lens_b.tolist()
2026-09-15T04:29:28.948Z 
2026-09-15T04:29:28.950Z [2;36m[2026-09-15 04:29:28][0m [33mWARNING [0m [2m[py.warnings:112, 0f8858c49d67, rank=1][0m /opt/conda/lib/python3.12/site-packages/olmo_core/nn/pooled_soft_token.py:280: UserWarning: called a synchronizing CUDA operation (Triggered internally at /pytorch/c10/cuda/CUDAFunctions.cpp:162.)
2026-09-15T04:29:28.950Z   row_lens[b] = L
2026-09-15T04:29:28.950Z 
2026-09-15T04:29:28.950Z [2;36m[2026-09-15 04:29:28][0m [33mWARNING [0m [2m[py.warnings:112, 0f8858c49d67, rank=1][0m /opt/conda/lib/python3.12/site-packages/olmo_core/nn/pooled_soft_token.py:297: UserWarning: called a synchronizing CUDA operation (Triggered internally at /pytorch/c10/cuda/CUDAFunctions.cpp:162.)
2026-09-15T04:29:28.950Z   soft_rows=torch.tensor(soft_rows, dtype=torch.long, device=device),
2026-09-15T04:29:28.950Z 
2026-09-15T04:29:28.950Z [2;36m[2026-09-15 04:29:28][0m [33mWARNING [0m [2m[py.warnings:112, 0f8858c49d67, rank=1][0m /opt/conda/lib/python3.12/site-packages/olmo_core/nn/pooled_soft_token.py:298: UserWarning: called a synchronizing CUDA operation (Triggered internally at /pytorch/c10/cuda/CUDAFunctions.cpp:162.)
2026-09-15T04:29:28.950Z   soft_cols=torch.tensor(soft_cols, dtype=torch.long, device=device),
2026-09-15T04:29:28.950Z 
2026-09-15T04:29:28.951Z [2;36m[2026-09-15 04:29:28][0m [33mWARNING [0m [2m[py.warnings:112, 0f8858c49d67, rank=1][0m /opt/conda/lib/python3.12/site-packages/olmo_core/nn/pooled_soft_token.py:299: UserWarning: called a synchronizing CUDA operation (Triggered internally at /pytorch/c10/cuda/CUDAFunctions.cpp:162.)
2026-09-15T04:29:28.951Z   soft_docs=torch.tensor(soft_docs, dtype=torch.long, device=device),
2026-09-15T04:29:28.951Z 
2026-09-15T04:29:28.951Z [2;36m[2026-09-15 04:29:28][0m [33mWARNING [0m [2m[py.warnings:112, 0f8858c49d67, rank=1][0m /opt/conda/lib/python3.12/site-packages/olmo_core/nn/pooled_soft_token.py:301: UserWarning: called a synchronizing CUDA operation (Triggered internally at /pytorch/c10/cuda/CUDAFunctions.cpp:162.)
2026-09-15T04:29:28.951Z   soft_log_len=torch.tensor(soft_log_len, dtype=torch.float32, device=device),
2026-09-15T04:29:28.951Z 
2026-09-15T04:29:28.952Z [2;36m[2026-09-15 04:29:28][0m [33mWARNING [0m [2m[py.warnings:112, 0f8858c49d67, rank=1][0m /opt/conda/lib/python3.12/site-packages/olmo_core/nn/transformer/model.py:1502: UserWarning: called a synchronizing CUDA operation (Triggered internally at /pytorch/c10/cuda/CUDAFunctions.cpp:162.)
2026-09-15T04:29:28.952Z   kv_grad_mask[cb.soft_rows, cb.soft_cols] = False
2026-09-15T04:29:28.952Z 
2026-09-15T04:29:29.161Z [2;36m[2026-09-15 04:29:29][0m [33mWARNING [0m [2m[py.warnings:112, 0f8858c49d67, rank=1][0m /opt/conda/lib/python3.12/site-packages/liger_kernel/ops/fused_linear_cross_entropy.py:75: UserWarning: called a synchronizing CUDA operation (Triggered internally at /pytorch/c10/cuda/CUDAFunctions.cpp:162.)
2026-09-15T04:29:29.161Z   total_n_non_ignore = target_mask.sum().item()
2026-09-15T04:29:29.161Z 
2026-09-15T04:29:29.741Z [2;36m[2026-09-15 04:29:29][0m [33mWARNING [0m [2m[py.warnings:112, 0f8858c49d67, rank=1][0m /opt/conda/lib/python3.12/site-packages/liger_kernel/ops/fused_linear_cross_entropy.py:233: UserWarning: called a synchronizing CUDA operation (Triggered internally at /pytorch/c10/cuda/CUDAFunctions.cpp:162.)
2026-09-15T04:29:29.741Z   if not torch.equal(grad_output, torch.tensor(1.0, device=grad_output.device)):
2026-09-15T04:29:29.741Z 
2026-09-15T04:29:32.201Z [2;36m[2026-09-15 04:29:32][0m [33mWARNING [0m [2m[py.warnings:112, 0f8858c49d67, rank=1][0m /opt/conda/lib/python3.12/site-packages/torch/autograd/graph.py:841: UserWarning: called a synchronizing CUDA operation (Triggered internally at /pytorch/c10/cuda/CUDAFunctions.cpp:162.)
2026-09-15T04:29:32.201Z   return Variable._execution_engine.run_backward(  # Calls into the C++ engine to run the backward pass
2026-09-15T04:29:32.201Z 
2026-09-15T04:29:32.203Z [2;36m[2026-09-15 04:29:32][0m [33mWARNING [0m [2m[py.warnings:112, 0f8858c49d67, rank=1][0m /opt/conda/lib/python3.12/site-packages/torch/distributed/utils.py:106: UserWarning: called a synchronizing CUDA operation (Triggered internally at /pytorch/c10/cuda/CUDAFunctions.cpp:162.)
2026-09-15T04:29:32.203Z   return (obj.to(target_device),)
2026-09-15T04:29:32.203Z 
2026-09-15T04:29:32.214Z [2;36m[2026-09-15 04:29:32][0m [33mWARNING [0m [2m[py.warnings:112, 0f8858c49d67, rank=1][0m /opt/conda/lib/python3.12/site-packages/olmo_core/nn/transformer/model.py:777: UserWarning: called a synchronizing CUDA operation (Triggered internally at /pytorch/c10/cuda/CUDAFunctions.cpp:162.)
2026-09-15T04:29:32.214Z   n_docs = int(chunk_ids.max().item()) + 1
2026-09-15T04:29:32.214Z 
2026-09-15T04:29:32.222Z [2;36m[2026-09-15 04:29:32][0m [33mWARNING [0m [2m[py.warnings:112, 0f8858c49d67, rank=1][0m /opt/conda/lib/python3.12/site-packages/olmo_core/nn/transformer/model.py:834: UserWarning: called a synchronizing CUDA operation (Triggered internally at /pytorch/c10/cuda/CUDAFunctions.cpp:162.)
2026-09-15T04:29:32.222Z   flat = (torch.arange(B, device=emb.device)[:, None] * n_docs + cid.clamp(min=0)).reshape(
2026-09-15T04:29:32.222Z 
2026-09-15T04:29:32.223Z [2;36m[2026-09-15 04:29:32][0m [33mWARNING [0m [2m[py.warnings:112, 0f8858c49d67, rank=1][0m /opt/conda/lib/python3.12/site-packages/olmo_core/nn/transformer/model.py:838: UserWarning: called a synchronizing CUDA operation (Triggered internally at /pytorch/c10/cuda/CUDAFunctions.cpp:162.)
2026-09-15T04:29:32.223Z   0, flat, emb.reshape(B * T, D)[is_ctx.reshape(-1)]
2026-09-15T04:29:32.223Z 
2026-09-15T04:29:32.231Z [2;36m[2026-09-15 04:29:32][0m [33mWARNING [0m [2m[py.warnings:112, 0f8858c49d67, rank=1][0m /opt/conda/lib/python3.12/site-packages/olmo_core/nn/pooled_soft_token.py:173: UserWarning: called a synchronizing CUDA operation (Triggered internally at /pytorch/c10/cuda/CUDAFunctions.cpp:162.)
2026-09-15T04:29:32.231Z   kept_idx = kept_tok.nonzero(as_tuple=True)[0]
2026-09-15T04:29:32.231Z 
2026-09-15T04:29:32.231Z [2;36m[2026-09-15 04:29:32][0m [33mWARNING [0m [2m[py.warnings:112, 0f8858c49d67, rank=1][0m /opt/conda/lib/python3.12/site-packages/olmo_core/nn/pooled_soft_token.py:179: UserWarning: called a synchronizing CUDA operation (Triggered internally at /pytorch/c10/cuda/CUDAFunctions.cpp:162.)
2026-09-15T04:29:32.231Z   if is_ctx.any():
2026-09-15T04:29:32.231Z 
2026-09-15T04:29:32.232Z [2;36m[2026-09-15 04:29:32][0m [33mWARNING [0m [2m[py.warnings:112, 0f8858c49d67, rank=1][0m /opt/conda/lib/python3.12/site-packages/olmo_core/nn/pooled_soft_token.py:180: UserWarning: called a synchronizing CUDA operation (Triggered internally at /pytorch/c10/cuda/CUDAFunctions.cpp:162.)
2026-09-15T04:29:32.232Z   d_ix = c[is_ctx]
2026-09-15T04:29:32.232Z 
2026-09-15T04:29:32.232Z [2;36m[2026-09-15 04:29:32][0m [33mWARNING [0m [2m[py.warnings:112, 0f8858c49d67, rank=1][0m /opt/conda/lib/python3.12/site-packages/olmo_core/nn/pooled_soft_token.py:181: UserWarning: called a synchronizing CUDA operation (Triggered internally at /pytorch/c10/cuda/CUDAFunctions.cpp:162.)
2026-09-15T04:29:32.232Z   pos_ix = is_ctx.nonzero(as_tuple=True)[0]
2026-09-15T04:29:32.232Z 
2026-09-15T04:29:32.233Z [2;36m[2026-09-15 04:29:32][0m [33mWARNING [0m [2m[py.warnings:112, 0f8858c49d67, rank=1][0m /opt/conda/lib/python3.12/site-packages/olmo_core/nn/pooled_soft_token.py:186: UserWarning: called a synchronizing CUDA operation (Triggered internally at /pytorch/c10/cuda/CUDAFunctions.cpp:162.)
2026-09-15T04:29:32.233Z   pooled_docs = pooled.nonzero(as_tuple=True)[0]
2026-09-15T04:29:32.233Z 
2026-09-15T04:29:32.233Z [2;36m[2026-09-15 04:29:32][0m [33mWARNING [0m [2m[py.warnings:112, 0f8858c49d67, rank=1][0m /opt/conda/lib/python3.12/site-packages/olmo_core/nn/pooled_soft_token.py:217: UserWarning: called a synchronizing CUDA operation (Triggered internally at /pytorch/c10/cuda/CUDAFunctions.cpp:162.)
2026-09-15T04:29:32.233Z   doc_len = torch.bincount(c[is_ctx], minlength=n_docs) if is_ctx.any() else torch.zeros(n_docs, dtype=torch.long, device=device)
2026-09-15T04:29:32.233Z 
2026-09-15T04:29:32.234Z [2;36m[2026-09-15 04:29:32][0m [33mWARNING [0m [2m[py.warnings:112, 0f8858c49d67, rank=1][0m /opt/conda/lib/python3.12/site-packages/olmo_core/nn/pooled_soft_token.py:222: UserWarning: called a synchronizing CUDA operation (Triggered internally at /pytorch/c10/cuda/CUDAFunctions.cpp:162.)
2026-09-15T04:29:32.234Z   soft_cols_b = soft_mask.nonzero(as_tuple=True)[0]
2026-09-15T04:29:32.234Z 
2026-09-15T04:29:32.234Z [2;36m[2026-09-15 04:29:32][0m [33mWARNING [0m [2m[py.warnings:112, 0f8858c49d67, rank=1][0m /opt/conda/lib/python3.12/site-packages/olmo_core/nn/pooled_soft_token.py:226: UserWarning: called a synchronizing CUDA operation (Triggered internally at /pytorch/c10/cuda/CUDAFunctions.cpp:162.)
2026-09-15T04:29:32.234Z   cols_l = soft_cols_b.tolist()
2026-09-15T04:29:32.234Z 
2026-09-15T04:29:32.235Z [2;36m[2026-09-15 04:29:32][0m [33mWARNING [0m [2m[py.warnings:112, 0f8858c49d67, rank=1][0m /opt/conda/lib/python3.12/site-packages/olmo_core/nn/pooled_soft_token.py:229: UserWarning: called a synchronizing CUDA operation (Triggered internally at /pytorch/c10/cuda/CUDAFunctions.cpp:162.)
2026-09-15T04:29:32.235Z   soft_docs += docs_b.tolist()
2026-09-15T04:29:32.235Z 
2026-09-15T04:29:32.235Z [2;36m[2026-09-15 04:29:32][0m [33mWARNING [0m [2m[py.warnings:112, 0f8858c49d67, rank=1][0m /opt/conda/lib/python3.12/site-packages/olmo_core/nn/pooled_soft_token.py:230: UserWarning: called a synchronizing CUDA operation (Triggered internally at /pytorch/c10/cuda/CUDAFunctions.cpp:162.)
2026-09-15T04:29:32.235Z   soft_log_len += lens_b.tolist()
2026-09-15T04:29:32.235Z 
2026-09-15T04:29:32.237Z [2;36m[2026-09-15 04:29:32][0m [33mWARNING [0m [2m[py.warnings:112, 0f8858c49d67, rank=1][0m /opt/conda/lib/python3.12/site-packages/olmo_core/nn/pooled_soft_token.py:280: UserWarning: called a synchronizing CUDA operation (Triggered internally at /pytorch/c10/cuda/CUDAFunctions.cpp:162.)
2026-09-15T04:29:32.237Z   row_lens[b] = L
2026-09-15T04:29:32.237Z 
2026-09-15T04:29:32.237Z [2;36m[2026-09-15 04:29:32][0m [33mWARNING [0m [2m[py.warnings:112, 0f8858c49d67, rank=1][0m /opt/conda/lib/python3.12/site-packages/olmo_core/nn/pooled_soft_token.py:297: UserWarning: called a synchronizing CUDA operation (Triggered internally at /pytorch/c10/cuda/CUDAFunctions.cpp:162.)
2026-09-15T04:29:32.237Z   soft_rows=torch.tensor(soft_rows, dtype=torch.long, device=device),
2026-09-15T04:29:32.237Z 
2026-09-15T04:29:32.238Z [2;36m[2026-09-15 04:29:32][0m [33mWARNING [0m [2m[py.warnings:112, 0f8858c49d67, rank=1][0m /opt/conda/lib/python3.12/site-packages/olmo_core/nn/pooled_soft_token.py:298: UserWarning: called a synchronizing CUDA operation (Triggered internally at /pytorch/c10/cuda/CUDAFunctions.cpp:162.)
2026-09-15T04:29:32.238Z   soft_cols=torch.tensor(soft_cols, dtype=torch.long, device=device),
2026-09-15T04:29:32.238Z 
2026-09-15T04:29:32.238Z [2;36m[2026-09-15 04:29:32][0m [33mWARNING [0m [2m[py.warnings:112, 0f8858c49d67, rank=1][0m /opt/conda/lib/python3.12/site-packages/olmo_core/nn/pooled_soft_token.py:299: UserWarning: called a synchronizing CUDA operation (Triggered internally at /pytorch/c10/cuda/CUDAFunctions.cpp:162.)
2026-09-15T04:29:32.238Z   soft_docs=torch.tensor(soft_docs, dtype=torch.long, device=device),
2026-09-15T04:29:32.238Z 
2026-09-15T04:29:32.238Z [2;36m[2026-09-15 04:29:32][0m [33mWARNING [0m [2m[py.warnings:112, 0f8858c49d67, rank=1][0m /opt/conda/lib/python3.12/site-packages/olmo_core/nn/pooled_soft_token.py:301: UserWarning: called a synchronizing CUDA operation (Triggered internally at /pytorch/c10/cuda/CUDAFunctions.cpp:162.)
2026-09-15T04:29:32.238Z   soft_log_len=torch.tensor(soft_log_len, dtype=torch.float32, device=device),
2026-09-15T04:29:32.238Z 
2026-09-15T04:29:32.239Z [2;36m[2026-09-15 04:29:32][0m [33mWARNING [0m [2m[py.warnings:112, 0f8858c49d67, rank=1][0m /opt/conda/lib/python3.12/site-packages/olmo_core/nn/transformer/model.py:1502: UserWarning: called a synchronizing CUDA operation (Triggered internally at /pytorch/c10/cuda/CUDAFunctions.cpp:162.)
2026-09-15T04:29:32.239Z   kv_grad_mask[cb.soft_rows, cb.soft_cols] = False
2026-09-15T04:29:32.239Z 
2026-09-15T04:29:32.423Z [2;36m[2026-09-15 04:29:32][0m [33mWARNING [0m [2m[py.warnings:112, 0f8858c49d67, rank=1][0m /opt/conda/lib/python3.12/site-packages/liger_kernel/ops/fused_linear_cross_entropy.py:75: UserWarning: called a synchronizing CUDA operation (Triggered internally at /pytorch/c10/cuda/CUDAFunctions.cpp:162.)
2026-09-15T04:29:32.423Z   total_n_non_ignore = target_mask.sum().item()
2026-09-15T04:29:32.423Z 
2026-09-15T04:29:33.278Z [2;36m[2026-09-15 04:29:33][0m [33mWARNING [0m [2m[py.warnings:112, 0f8858c49d67, rank=1][0m /opt/conda/lib/python3.12/site-packages/liger_kernel/ops/fused_linear_cross_entropy.py:233: UserWarning: called a synchronizing CUDA operation (Triggered internally at /pytorch/c10/cuda/CUDAFunctions.cpp:162.)
2026-09-15T04:29:33.278Z   if not torch.equal(grad_output, torch.tensor(1.0, device=grad_output.device)):
2026-09-15T04:29:33.278Z 
2026-09-15T04:29:44.904Z [2;36m[2026-09-15 04:29:44][0m [33mWARNING [0m [2m[py.warnings:112, 0f8858c49d67, rank=0][0m /opt/conda/lib/python3.12/site-packages/liger_kernel/ops/fused_linear_cross_entropy.py:75: UserWarning: called a synchronizing CUDA operation (Triggered internally at /pytorch/c10/cuda/CUDAFunctions.cpp:162.)
2026-09-15T04:29:44.904Z   total_n_non_ignore = target_mask.sum().item()
2026-09-15T04:29:44.904Z 
2026-09-15T04:29:45.556Z [2;36m[2026-09-15 04:29:45][0m [33mWARNING [0m [2m[py.warnings:112, 0f8858c49d67, rank=0][0m /opt/conda/lib/python3.12/site-packages/liger_kernel/ops/fused_linear_cross_entropy.py:233: UserWarning: called a synchronizing CUDA operation (Triggered internally at /pytorch/c10/cuda/CUDAFunctions.cpp:162.)
2026-09-15T04:29:45.556Z   if not torch.equal(grad_output, torch.tensor(1.0, device=grad_output.device)):
2026-09-15T04:29:45.556Z 
2026-09-15T04:29:59.077Z [2;36m[2026-09-15 04:29:59][0m [33mWARNING [0m [2m[py.warnings:112, 0f8858c49d67, rank=0][0m /opt/conda/lib/python3.12/site-packages/torch/autograd/graph.py:841: UserWarning: called a synchronizing CUDA operation (Triggered internally at /pytorch/c10/cuda/CUDAFunctions.cpp:162.)
2026-09-15T04:29:59.077Z   return Variable._execution_engine.run_backward(  # Calls into the C++ engine to run the backward pass
2026-09-15T04:29:59.077Z 
2026-09-15T04:29:59.318Z [2;36m[2026-09-15 04:29:59][0m [33mWARNING [0m [2m[py.warnings:112, 0f8858c49d67, rank=0][0m /opt/conda/lib/python3.12/site-packages/torch/distributed/utils.py:106: UserWarning: called a synchronizing CUDA operation (Triggered internally at /pytorch/c10/cuda/CUDAFunctions.cpp:162.)
2026-09-15T04:29:59.318Z   return (obj.to(target_device),)
2026-09-15T04:29:59.318Z 
2026-09-15T04:29:59.319Z [2;36m[2026-09-15 04:29:59][0m [34mINFO    [0m [2m[olmo_core.train.callbacks.console_logger:68, 0f8858c49d67, rank=0][0m [step=5/61,epoch=1,eta=57m]
2026-09-15T04:29:59.319Z     gpu_memory/GPU active mem (%)=76.00
2026-09-15T04:29:59.319Z     gpu_memory/GPU active mem (GiB)=60.23
2026-09-15T04:29:59.319Z     gpu_memory/GPU reserved mem (%)=81.32
2026-09-15T04:29:59.319Z     gpu_memory/GPU reserved mem (GiB)=64.45
2026-09-15T04:29:59.319Z     optim/LR (group 0)=4.75E-06
2026-09-15T04:29:59.319Z     optim/LR (group 1)=4.75E-06
2026-09-15T04:29:59.319Z     optim/step skipped=0.0
2026-09-15T04:29:59.319Z     optim/total grad norm=57.18
2026-09-15T04:29:59.319Z     throughput/chinchilla multiple=7.79E-06
2026-09-15T04:29:59.319Z     throughput/device/BPS=0.0159
2026-09-15T04:29:59.319Z     throughput/device/BPS (actual avg)=0.0161
2026-09-15T04:29:59.319Z     throughput/device/MFU=7.662
2026-09-15T04:29:59.319Z     throughput/device/MFU (actual avg)=7.740
2026-09-15T04:29:59.319Z     throughput/device/TPS=1,043
2026-09-15T04:29:59.319Z     throughput/device/TPS (actual avg)=1,054
2026-09-15T04:29:59.319Z     throughput/device/flopsPS=23.90T
2026-09-15T04:29:59.319Z     throughput/device/flopsPS (actual avg)=24.15T
2026-09-15T04:29:59.319Z     throughput/total petaflops=15.01
2026-09-15T04:29:59.320Z     throughput/total tokens=655,360
2026-09-15T04:29:59.320Z     train/CE loss=0.7693
2026-09-15T04:29:59.320Z     throughput/device/data loading (%)=0.0037
2026-09-15T04:29:59.320Z     throughput/device/data loading (s)=0.0023
2026-09-15T04:29:59.320Z     train/PPL=2.158
2026-09-15T04:29:59.322Z [2;36m[2026-09-15 04:29:59][0m [33mWARNING [0m [2m[py.warnings:112, 0f8858c49d67, rank=0][0m /opt/conda/lib/python3.12/site-packages/olmo_core/nn/transformer/model.py:777: UserWarning: called a synchronizing CUDA operation (Triggered internally at /pytorch/c10/cuda/CUDAFunctions.cpp:162.)
2026-09-15T04:29:59.323Z   n_docs = int(chunk_ids.max().item()) + 1
2026-09-15T04:29:59.323Z 
2026-09-15T04:29:59.332Z [2;36m[2026-09-15 04:29:59][0m [33mWARNING [0m [2m[py.warnings:112, 0f8858c49d67, rank=0][0m /opt/conda/lib/python3.12/site-packages/olmo_core/nn/transformer/model.py:834: UserWarning: called a synchronizing CUDA operation (Triggered internally at /pytorch/c10/cuda/CUDAFunctions.cpp:162.)
2026-09-15T04:29:59.332Z   flat = (torch.arange(B, device=emb.device)[:, None] * n_docs + cid.clamp(min=0)).reshape(
2026-09-15T04:29:59.332Z 
2026-09-15T04:29:59.333Z [2;36m[2026-09-15 04:29:59][0m [33mWARNING [0m [2m[py.warnings:112, 0f8858c49d67, rank=0][0m /opt/conda/lib/python3.12/site-packages/olmo_core/nn/transformer/model.py:838: UserWarning: called a synchronizing CUDA operation (Triggered internally at /pytorch/c10/cuda/CUDAFunctions.cpp:162.)
2026-09-15T04:29:59.333Z   0, flat, emb.reshape(B * T, D)[is_ctx.reshape(-1)]
2026-09-15T04:29:59.333Z 
2026-09-15T04:29:59.344Z [2;36m[2026-09-15 04:29:59][0m [33mWARNING [0m [2m[py.warnings:112, 0f8858c49d67, rank=0][0m /opt/conda/lib/python3.12/site-packages/olmo_core/nn/pooled_soft_token.py:173: UserWarning: called a synchronizing CUDA operation (Triggered internally at /pytorch/c10/cuda/CUDAFunctions.cpp:162.)
2026-09-15T04:29:59.344Z   kept_idx = kept_tok.nonzero(as_tuple=True)[0]
2026-09-15T04:29:59.344Z 
2026-09-15T04:29:59.345Z [2;36m[2026-09-15 04:29:59][0m [33mWARNING [0m [2m[py.warnings:112, 0f8858c49d67, rank=0][0m /opt/conda/lib/python3.12/site-packages/olmo_core/nn/pooled_soft_token.py:179: UserWarning: called a synchronizing CUDA operation (Triggered internally at /pytorch/c10/cuda/CUDAFunctions.cpp:162.)
2026-09-15T04:29:59.345Z   if is_ctx.any():
2026-09-15T04:29:59.345Z 
2026-09-15T04:29:59.345Z [2;36m[2026-09-15 04:29:59][0m [33mWARNING [0m [2m[py.warnings:112, 0f8858c49d67, rank=0][0m /opt/conda/lib/python3.12/site-packages/olmo_core/nn/pooled_soft_token.py:180: UserWarning: called a synchronizing CUDA operation (Triggered internally at /pytorch/c10/cuda/CUDAFunctions.cpp:162.)
2026-09-15T04:29:59.345Z   d_ix = c[is_ctx]
2026-09-15T04:29:59.345Z 
2026-09-15T04:29:59.346Z [2;36m[2026-09-15 04:29:59][0m [33mWARNING [0m [2m[py.warnings:112, 0f8858c49d67, rank=0][0m /opt/conda/lib/python3.12/site-packages/olmo_core/nn/pooled_soft_token.py:181: UserWarning: called a synchronizing CUDA operation (Triggered internally at /pytorch/c10/cuda/CUDAFunctions.cpp:162.)
2026-09-15T04:29:59.346Z   pos_ix = is_ctx.nonzero(as_tuple=True)[0]
2026-09-15T04:29:59.346Z 
2026-09-15T04:29:59.347Z [2;36m[2026-09-15 04:29:59][0m [33mWARNING [0m [2m[py.warnings:112, 0f8858c49d67, rank=0][0m /opt/conda/lib/python3.12/site-packages/olmo_core/nn/pooled_soft_token.py:186: UserWarning: called a synchronizing CUDA operation (Triggered internally at /pytorch/c10/cuda/CUDAFunctions.cpp:162.)
2026-09-15T04:29:59.347Z   pooled_docs = pooled.nonzero(as_tuple=True)[0]
2026-09-15T04:29:59.347Z 
2026-09-15T04:29:59.348Z [2;36m[2026-09-15 04:29:59][0m [33mWARNING [0m [2m[py.warnings:112, 0f8858c49d67, rank=0][0m /opt/conda/lib/python3.12/site-packages/olmo_core/nn/pooled_soft_token.py:217: UserWarning: called a synchronizing CUDA operation (Triggered internally at /pytorch/c10/cuda/CUDAFunctions.cpp:162.)
2026-09-15T04:29:59.348Z   doc_len = torch.bincount(c[is_ctx], minlength=n_docs) if is_ctx.any() else torch.zeros(n_docs, dtype=torch.long, device=device)
2026-09-15T04:29:59.348Z 
2026-09-15T04:29:59.349Z [2;36m[2026-09-15 04:29:59][0m [33mWARNING [0m [2m[py.warnings:112, 0f8858c49d67, rank=0][0m /opt/conda/lib/python3.12/site-packages/olmo_core/nn/pooled_soft_token.py:222: UserWarning: called a synchronizing CUDA operation (Triggered internally at /pytorch/c10/cuda/CUDAFunctions.cpp:162.)
2026-09-15T04:29:59.349Z   soft_cols_b = soft_mask.nonzero(as_tuple=True)[0]
2026-09-15T04:29:59.349Z 
2026-09-15T04:29:59.350Z [2;36m[2026-09-15 04:29:59][0m [33mWARNING [0m [2m[py.warnings:112, 0f8858c49d67, rank=0][0m /opt/conda/lib/python3.12/site-packages/olmo_core/nn/pooled_soft_token.py:226: UserWarning: called a synchronizing CUDA operation (Triggered internally at /pytorch/c10/cuda/CUDAFunctions.cpp:162.)
2026-09-15T04:29:59.350Z   cols_l = soft_cols_b.tolist()
2026-09-15T04:29:59.350Z 
2026-09-15T04:29:59.350Z [2;36m[2026-09-15 04:29:59][0m [33mWARNING [0m [2m[py.warnings:112, 0f8858c49d67, rank=0][0m /opt/conda/lib/python3.12/site-packages/olmo_core/nn/pooled_soft_token.py:229: UserWarning: called a synchronizing CUDA operation (Triggered internally at /pytorch/c10/cuda/CUDAFunctions.cpp:162.)
2026-09-15T04:29:59.350Z   soft_docs += docs_b.tolist()
2026-09-15T04:29:59.350Z 
2026-09-15T04:29:59.350Z [2;36m[2026-09-15 04:29:59][0m [33mWARNING [0m [2m[py.warnings:112, 0f8858c49d67, rank=0][0m /opt/conda/lib/python3.12/site-packages/olmo_core/nn/pooled_soft_token.py:230: UserWarning: called a synchronizing CUDA operation (Triggered internally at /pytorch/c10/cuda/CUDAFunctions.cpp:162.)
2026-09-15T04:29:59.350Z   soft_log_len += lens_b.tolist()
2026-09-15T04:29:59.350Z 
2026-09-15T04:29:59.353Z [2;36m[2026-09-15 04:29:59][0m [33mWARNING [0m [2m[py.warnings:112, 0f8858c49d67, rank=0][0m /opt/conda/lib/python3.12/site-packages/olmo_core/nn/pooled_soft_token.py:280: UserWarning: called a synchronizing CUDA operation (Triggered internally at /pytorch/c10/cuda/CUDAFunctions.cpp:162.)
2026-09-15T04:29:59.353Z   row_lens[b] = L
2026-09-15T04:29:59.353Z 
2026-09-15T04:29:59.353Z [2;36m[2026-09-15 04:29:59][0m [33mWARNING [0m [2m[py.warnings:112, 0f8858c49d67, rank=0][0m /opt/conda/lib/python3.12/site-packages/olmo_core/nn/pooled_soft_token.py:297: UserWarning: called a synchronizing CUDA operation (Triggered internally at /pytorch/c10/cuda/CUDAFunctions.cpp:162.)
2026-09-15T04:29:59.353Z   soft_rows=torch.tensor(soft_rows, dtype=torch.long, device=device),
2026-09-15T04:29:59.353Z 
2026-09-15T04:29:59.354Z [2;36m[2026-09-15 04:29:59][0m [33mWARNING [0m [2m[py.warnings:112, 0f8858c49d67, rank=0][0m /opt/conda/lib/python3.12/site-packages/olmo_core/nn/pooled_soft_token.py:298: UserWarning: called a synchronizing CUDA operation (Triggered internally at /pytorch/c10/cuda/CUDAFunctions.cpp:162.)
2026-09-15T04:29:59.354Z   soft_cols=torch.tensor(soft_cols, dtype=torch.long, device=device),
2026-09-15T04:29:59.354Z 
2026-09-15T04:29:59.354Z [2;36m[2026-09-15 04:29:59][0m [33mWARNING [0m [2m[py.warnings:112, 0f8858c49d67, rank=0][0m /opt/conda/lib/python3.12/site-packages/olmo_core/nn/pooled_soft_token.py:299: UserWarning: called a synchronizing CUDA operation (Triggered internally at /pytorch/c10/cuda/CUDAFunctions.cpp:162.)
2026-09-15T04:29:59.354Z   soft_docs=torch.tensor(soft_docs, dtype=torch.long, device=device),
2026-09-15T04:29:59.354Z 
2026-09-15T04:29:59.355Z [2;36m[2026-09-15 04:29:59][0m [33mWARNING [0m [2m[py.warnings:112, 0f8858c49d67, rank=0][0m /opt/conda/lib/python3.12/site-packages/olmo_core/nn/pooled_soft_token.py:301: UserWarning: called a synchronizing CUDA operation (Triggered internally at /pytorch/c10/cuda/CUDAFunctions.cpp:162.)
2026-09-15T04:29:59.355Z   soft_log_len=torch.tensor(soft_log_len, dtype=torch.float32, device=device),
2026-09-15T04:29:59.355Z 
2026-09-15T04:29:59.355Z [2;36m[2026-09-15 04:29:59][0m [33mWARNING [0m [2m[py.warnings:112, 0f8858c49d67, rank=0][0m /opt/conda/lib/python3.12/site-packages/olmo_core/nn/transformer/model.py:1502: UserWarning: called a synchronizing CUDA operation (Triggered internally at /pytorch/c10/cuda/CUDAFunctions.cpp:162.)
2026-09-15T04:29:59.355Z   kv_grad_mask[cb.soft_rows, cb.soft_cols] = False
2026-09-15T04:29:59.355Z 
2026-09-15T04:30:10.201Z [2;36m[2026-09-15 04:30:10][0m [33mWARNING [0m [2m[py.warnings:112, 0f8858c49d67, rank=0][0m /opt/conda/lib/python3.12/site-packages/liger_kernel/ops/fused_linear_cross_entropy.py:75: UserWarning: called a synchronizing CUDA operation (Triggered internally at /pytorch/c10/cuda/CUDAFunctions.cpp:162.)
2026-09-15T04:30:10.201Z   total_n_non_ignore = target_mask.sum().item()
2026-09-15T04:30:10.201Z 
2026-09-15T04:30:10.761Z [2;36m[2026-09-15 04:30:10][0m [33mWARNING [0m [2m[py.warnings:112, 0f8858c49d67, rank=0][0m /opt/conda/lib/python3.12/site-packages/liger_kernel/ops/fused_linear_cross_entropy.py:233: UserWarning: called a synchronizing CUDA operation (Triggered internally at /pytorch/c10/cuda/CUDAFunctions.cpp:162.)
2026-09-15T04:30:10.761Z   if not torch.equal(grad_output, torch.tensor(1.0, device=grad_output.device)):
2026-09-15T04:30:10.761Z 
2026-09-15T04:30:24.145Z [2;36m[2026-09-15 04:30:24][0m [33mWARNING [0m [2m[py.warnings:112, 0f8858c49d67, rank=0][0m /opt/conda/lib/python3.12/site-packages/torch/autograd/graph.py:841: UserWarning: called a synchronizing CUDA operation (Triggered internally at /pytorch/c10/cuda/CUDAFunctions.cpp:162.)
2026-09-15T04:30:24.145Z   return Variable._execution_engine.run_backward(  # Calls into the C++ engine to run the backward pass
2026-09-15T04:30:24.145Z 
2026-09-15T04:30:24.147Z [2;36m[2026-09-15 04:30:24][0m [33mWARNING [0m [2m[py.warnings:112, 0f8858c49d67, rank=0][0m /opt/conda/lib/python3.12/site-packages/torch/distributed/utils.py:106: UserWarning: called a synchronizing CUDA operation (Triggered internally at /pytorch/c10/cuda/CUDAFunctions.cpp:162.)
2026-09-15T04:30:24.147Z   return (obj.to(target_device),)
2026-09-15T04:30:24.147Z 
2026-09-15T04:30:24.154Z [2;36m[2026-09-15 04:30:24][0m [33mWARNING [0m [2m[py.warnings:112, 0f8858c49d67, rank=0][0m /opt/conda/lib/python3.12/site-packages/olmo_core/nn/transformer/model.py:777: UserWarning: called a synchronizing CUDA operation (Triggered internally at /pytorch/c10/cuda/CUDAFunctions.cpp:162.)
2026-09-15T04:30:24.154Z   n_docs = int(chunk_ids.max().item()) + 1
2026-09-15T04:30:24.154Z 
2026-09-15T04:30:24.163Z [2;36m[2026-09-15 04:30:24][0m [33mWARNING [0m [2m[py.warnings:112, 0f8858c49d67, rank=0][0m /opt/conda/lib/python3.12/site-packages/olmo_core/nn/transformer/model.py:834: UserWarning: called a synchronizing CUDA operation (Triggered internally at /pytorch/c10/cuda/CUDAFunctions.cpp:162.)
2026-09-15T04:30:24.163Z   flat = (torch.arange(B, device=emb.device)[:, None] * n_docs + cid.clamp(min=0)).reshape(
2026-09-15T04:30:24.163Z 
2026-09-15T04:30:24.164Z [2;36m[2026-09-15 04:30:24][0m [33mWARNING [0m [2m[py.warnings:112, 0f8858c49d67, rank=0][0m /opt/conda/lib/python3.12/site-packages/olmo_core/nn/transformer/model.py:838: UserWarning: called a synchronizing CUDA operation (Triggered internally at /pytorch/c10/cuda/CUDAFunctions.cpp:162.)
2026-09-15T04:30:24.164Z   0, flat, emb.reshape(B * T, D)[is_ctx.reshape(-1)]
2026-09-15T04:30:24.164Z 
2026-09-15T04:30:24.173Z [2;36m[2026-09-15 04:30:24][0m [33mWARNING [0m [2m[py.warnings:112, 0f8858c49d67, rank=0][0m /opt/conda/lib/python3.12/site-packages/olmo_core/nn/pooled_soft_token.py:173: UserWarning: called a synchronizing CUDA operation (Triggered internally at /pytorch/c10/cuda/CUDAFunctions.cpp:162.)
2026-09-15T04:30:24.173Z   kept_idx = kept_tok.nonzero(as_tuple=True)[0]
2026-09-15T04:30:24.173Z 
2026-09-15T04:30:24.174Z [2;36m[2026-09-15 04:30:24][0m [33mWARNING [0m [2m[py.warnings:112, 0f8858c49d67, rank=0][0m /opt/conda/lib/python3.12/site-packages/olmo_core/nn/pooled_soft_token.py:179: UserWarning: called a synchronizing CUDA operation (Triggered internally at /pytorch/c10/cuda/CUDAFunctions.cpp:162.)
2026-09-15T04:30:24.174Z   if is_ctx.any():
2026-09-15T04:30:24.174Z 
2026-09-15T04:30:24.174Z [2;36m[2026-09-15 04:30:24][0m [33mWARNING [0m [2m[py.warnings:112, 0f8858c49d67, rank=0][0m /opt/conda/lib/python3.12/site-packages/olmo_core/nn/pooled_soft_token.py:180: UserWarning: called a synchronizing CUDA operation (Triggered internally at /pytorch/c10/cuda/CUDAFunctions.cpp:162.)
2026-09-15T04:30:24.174Z   d_ix = c[is_ctx]
2026-09-15T04:30:24.174Z 
2026-09-15T04:30:24.174Z [2;36m[2026-09-15 04:30:24][0m [33mWARNING [0m [2m[py.warnings:112, 0f8858c49d67, rank=0][0m /opt/conda/lib/python3.12/site-packages/olmo_core/nn/pooled_soft_token.py:181: UserWarning: called a synchronizing CUDA operation (Triggered internally at /pytorch/c10/cuda/CUDAFunctions.cpp:162.)
2026-09-15T04:30:24.174Z   pos_ix = is_ctx.nonzero(as_tuple=True)[0]
2026-09-15T04:30:24.174Z 
2026-09-15T04:30:24.175Z [2;36m[2026-09-15 04:30:24][0m [33mWARNING [0m [2m[py.warnings:112, 0f8858c49d67, rank=0][0m /opt/conda/lib/python3.12/site-packages/olmo_core/nn/pooled_soft_token.py:186: UserWarning: called a synchronizing CUDA operation (Triggered internally at /pytorch/c10/cuda/CUDAFunctions.cpp:162.)
2026-09-15T04:30:24.175Z   pooled_docs = pooled.nonzero(as_tuple=True)[0]
2026-09-15T04:30:24.175Z 
2026-09-15T04:30:24.176Z [2;36m[2026-09-15 04:30:24][0m [33mWARNING [0m [2m[py.warnings:112, 0f8858c49d67, rank=0][0m /opt/conda/lib/python3.12/site-packages/olmo_core/nn/pooled_soft_token.py:217: UserWarning: called a synchronizing CUDA operation (Triggered internally at /pytorch/c10/cuda/CUDAFunctions.cpp:162.)
2026-09-15T04:30:24.176Z   doc_len = torch.bincount(c[is_ctx], minlength=n_docs) if is_ctx.any() else torch.zeros(n_docs, dtype=torch.long, device=device)
2026-09-15T04:30:24.176Z 
2026-09-15T04:30:24.177Z [2;36m[2026-09-15 04:30:24][0m [33mWARNING [0m [2m[py.warnings:112, 0f8858c49d67, rank=0][0m /opt/conda/lib/python3.12/site-packages/olmo_core/nn/pooled_soft_token.py:222: UserWarning: called a synchronizing CUDA operation (Triggered internally at /pytorch/c10/cuda/CUDAFunctions.cpp:162.)
2026-09-15T04:30:24.177Z   soft_cols_b = soft_mask.nonzero(as_tuple=True)[0]
2026-09-15T04:30:24.177Z 
2026-09-15T04:30:24.177Z [2;36m[2026-09-15 04:30:24][0m [33mWARNING [0m [2m[py.warnings:112, 0f8858c49d67, rank=0][0m /opt/conda/lib/python3.12/site-packages/olmo_core/nn/pooled_soft_token.py:226: UserWarning: called a synchronizing CUDA operation (Triggered internally at /pytorch/c10/cuda/CUDAFunctions.cpp:162.)
2026-09-15T04:30:24.177Z   cols_l = soft_cols_b.tolist()
2026-09-15T04:30:24.177Z 
2026-09-15T04:30:24.178Z [2;36m[2026-09-15 04:30:24][0m [33mWARNING [0m [2m[py.warnings:112, 0f8858c49d67, rank=0][0m /opt/conda/lib/python3.12/site-packages/olmo_core/nn/pooled_soft_token.py:229: UserWarning: called a synchronizing CUDA operation (Triggered internally at /pytorch/c10/cuda/CUDAFunctions.cpp:162.)
2026-09-15T04:30:24.178Z   soft_docs += docs_b.tolist()
2026-09-15T04:30:24.178Z 
2026-09-15T04:30:24.178Z [2;36m[2026-09-15 04:30:24][0m [33mWARNING [0m [2m[py.warnings:112, 0f8858c49d67, rank=0][0m /opt/conda/lib/python3.12/site-packages/olmo_core/nn/pooled_soft_token.py:230: UserWarning: called a synchronizing CUDA operation (Triggered internally at /pytorch/c10/cuda/CUDAFunctions.cpp:162.)
2026-09-15T04:30:24.178Z   soft_log_len += lens_b.tolist()
2026-09-15T04:30:24.178Z 
2026-09-15T04:30:24.180Z [2;36m[2026-09-15 04:30:24][0m [33mWARNING [0m [2m[py.warnings:112, 0f8858c49d67, rank=0][0m /opt/conda/lib/python3.12/site-packages/olmo_core/nn/pooled_soft_token.py:280: UserWarning: called a synchronizing CUDA operation (Triggered internally at /pytorch/c10/cuda/CUDAFunctions.cpp:162.)
2026-09-15T04:30:24.180Z   row_lens[b] = L
2026-09-15T04:30:24.180Z 
2026-09-15T04:30:24.181Z [2;36m[2026-09-15 04:30:24][0m [33mWARNING [0m [2m[py.warnings:112, 0f8858c49d67, rank=0][0m /opt/conda/lib/python3.12/site-packages/olmo_core/nn/pooled_soft_token.py:297: UserWarning: called a synchronizing CUDA operation (Triggered internally at /pytorch/c10/cuda/CUDAFunctions.cpp:162.)
2026-09-15T04:30:24.181Z   soft_rows=torch.tensor(soft_rows, dtype=torch.long, device=device),
2026-09-15T04:30:24.181Z 
2026-09-15T04:30:24.181Z [2;36m[2026-09-15 04:30:24][0m [33mWARNING [0m [2m[py.warnings:112, 0f8858c49d67, rank=0][0m /opt/conda/lib/python3.12/site-packages/olmo_core/nn/pooled_soft_token.py:298: UserWarning: called a synchronizing CUDA operation (Triggered internally at /pytorch/c10/cuda/CUDAFunctions.cpp:162.)
2026-09-15T04:30:24.181Z   soft_cols=torch.tensor(soft_cols, dtype=torch.long, device=device),
2026-09-15T04:30:24.181Z 
2026-09-15T04:30:24.182Z [2;36m[2026-09-15 04:30:24][0m [33mWARNING [0m [2m[py.warnings:112, 0f8858c49d67, rank=0][0m /opt/conda/lib/python3.12/site-packages/olmo_core/nn/pooled_soft_token.py:299: UserWarning: called a synchronizing CUDA operation (Triggered internally at /pytorch/c10/cuda/CUDAFunctions.cpp:162.)
2026-09-15T04:30:24.182Z   soft_docs=torch.tensor(soft_docs, dtype=torch.long, device=device),
2026-09-15T04:30:24.182Z 
2026-09-15T04:30:24.182Z [2;36m[2026-09-15 04:30:24][0m [33mWARNING [0m [2m[py.warnings:112, 0f8858c49d67, rank=0][0m /opt/conda/lib/python3.12/site-packages/olmo_core/nn/pooled_soft_token.py:301: UserWarning: called a synchronizing CUDA operation (Triggered internally at /pytorch/c10/cuda/CUDAFunctions.cpp:162.)
2026-09-15T04:30:24.182Z   soft_log_len=torch.tensor(soft_log_len, dtype=torch.float32, device=device),
2026-09-15T04:30:24.182Z 
2026-09-15T04:30:24.183Z [2;36m[2026-09-15 04:30:24][0m [33mWARNING [0m [2m[py.warnings:112, 0f8858c49d67, rank=0][0m /opt/conda/lib/python3.12/site-packages/olmo_core/nn/transformer/model.py:1502: UserWarning: called a synchronizing CUDA operation (Triggered internally at /pytorch/c10/cuda/CUDAFunctions.cpp:162.)
2026-09-15T04:30:24.183Z   kv_grad_mask[cb.soft_rows, cb.soft_cols] = False
2026-09-15T04:30:24.183Z 
2026-09-15T04:30:24.370Z [2;36m[2026-09-15 04:30:24][0m [33mWARNING [0m [2m[py.warnings:112, 0f8858c49d67, rank=0][0m /opt/conda/lib/python3.12/site-packages/liger_kernel/ops/fused_linear_cross_entropy.py:75: UserWarning: called a synchronizing CUDA operation (Triggered internally at /pytorch/c10/cuda/CUDAFunctions.cpp:162.)
2026-09-15T04:30:24.371Z   total_n_non_ignore = target_mask.sum().item()
2026-09-15T04:30:24.371Z 
2026-09-15T04:30:25.206Z [2;36m[2026-09-15 04:30:25][0m [33mWARNING [0m [2m[py.warnings:112, 0f8858c49d67, rank=0][0m /opt/conda/lib/python3.12/site-packages/liger_kernel/ops/fused_linear_cross_entropy.py:233: UserWarning: called a synchronizing CUDA operation (Triggered internally at /pytorch/c10/cuda/CUDAFunctions.cpp:162.)
2026-09-15T04:30:25.206Z   if not torch.equal(grad_output, torch.tensor(1.0, device=grad_output.device)):
2026-09-15T04:30:25.206Z 
2026-09-15T04:30:35.898Z [2;36m[2026-09-15 04:30:35][0m [33mWARNING [0m [2m[py.warnings:112, 0f8858c49d67, rank=0][0m /opt/conda/lib/python3.12/site-packages/torch/autograd/graph.py:841: UserWarning: called a synchronizing CUDA operation (Triggered internally at /pytorch/c10/cuda/CUDAFunctions.cpp:162.)
2026-09-15T04:30:35.898Z   return Variable._execution_engine.run_backward(  # Calls into the C++ engine to run the backward pass
2026-09-15T04:30:35.898Z 
2026-09-15T04:30:36.137Z [2;36m[2026-09-15 04:30:36][0m [33mWARNING [0m [2m[py.warnings:112, 0f8858c49d67, rank=0][0m /opt/conda/lib/python3.12/site-packages/torch/distributed/utils.py:106: UserWarning: called a synchronizing CUDA operation (Triggered internally at /pytorch/c10/cuda/CUDAFunctions.cpp:162.)
2026-09-15T04:30:36.137Z   return (obj.to(target_device),)
2026-09-15T04:30:36.137Z 
2026-09-15T04:30:36.139Z [2;36m[2026-09-15 04:30:36][0m [34mINFO    [0m [2m[olmo_core.train.callbacks.console_logger:68, 0f8858c49d67, rank=0][0m [step=6/61,epoch=1,eta=52m]
2026-09-15T04:30:36.139Z     gpu_memory/GPU active mem (%)=76.00
2026-09-15T04:30:36.139Z     gpu_memory/GPU active mem (GiB)=60.23
2026-09-15T04:30:36.139Z     gpu_memory/GPU reserved mem (%)=81.32
2026-09-15T04:30:36.139Z     gpu_memory/GPU reserved mem (GiB)=64.45
2026-09-15T04:30:36.139Z     optim/LR (group 0)=4.66E-06
2026-09-15T04:30:36.139Z     optim/LR (group 1)=4.66E-06
2026-09-15T04:30:36.139Z     optim/step skipped=0.0
2026-09-15T04:30:36.139Z     optim/total grad norm=10.35
2026-09-15T04:30:36.139Z     throughput/chinchilla multiple=9.35E-06
2026-09-15T04:30:36.139Z     throughput/device/BPS=0.0272
2026-09-15T04:30:36.139Z     throughput/device/BPS (actual avg)=0.0175
2026-09-15T04:30:36.139Z     throughput/device/MFU=13.06
2026-09-15T04:30:36.139Z     throughput/device/MFU (actual avg)=8.427
2026-09-15T04:30:36.139Z     throughput/device/TPS=1,779
2026-09-15T04:30:36.139Z     throughput/device/TPS (actual avg)=1,148
2026-09-15T04:30:36.139Z     throughput/device/flopsPS=40.76T
2026-09-15T04:30:36.139Z     throughput/device/flopsPS (actual avg)=26.29T
2026-09-15T04:30:36.139Z     throughput/total petaflops=18.01
2026-09-15T04:30:36.139Z     throughput/total tokens=786,432
2026-09-15T04:30:36.139Z     train/CE loss=0.4856
2026-09-15T04:30:36.139Z     throughput/device/data loading (%)=0.0075
2026-09-15T04:30:36.139Z     throughput/device/data loading (s)=0.0028
2026-09-15T04:30:36.139Z     train/PPL=1.625
2026-09-15T04:30:36.141Z [2;36m[2026-09-15 04:30:36][0m [33mWARNING [0m [2m[py.warnings:112, 0f8858c49d67, rank=0][0m /opt/conda/lib/python3.12/site-packages/olmo_core/nn/transformer/model.py:777: UserWarning: called a synchronizing CUDA operation (Triggered internally at /pytorch/c10/cuda/CUDAFunctions.cpp:162.)
2026-09-15T04:30:36.141Z   n_docs = int(chunk_ids.max().item()) + 1
2026-09-15T04:30:36.141Z 
2026-09-15T04:30:36.150Z [2;36m[2026-09-15 04:30:36][0m [33mWARNING [0m [2m[py.warnings:112, 0f8858c49d67, rank=0][0m /opt/conda/lib/python3.12/site-packages/olmo_core/nn/transformer/model.py:834: UserWarning: called a synchronizing CUDA operation (Triggered internally at /pytorch/c10/cuda/CUDAFunctions.cpp:162.)
2026-09-15T04:30:36.150Z   flat = (torch.arange(B, device=emb.device)[:, None] * n_docs + cid.clamp(min=0)).reshape(
2026-09-15T04:30:36.150Z 
2026-09-15T04:30:36.150Z [2;36m[2026-09-15 04:30:36][0m [33mWARNING [0m [2m[py.warnings:112, 0f8858c49d67, rank=0][0m /opt/conda/lib/python3.12/site-packages/olmo_core/nn/transformer/model.py:838: UserWarning: called a synchronizing CUDA operation (Triggered internally at /pytorch/c10/cuda/CUDAFunctions.cpp:162.)
2026-09-15T04:30:36.150Z   0, flat, emb.reshape(B * T, D)[is_ctx.reshape(-1)]
2026-09-15T04:30:36.150Z 
2026-09-15T04:30:36.160Z [2;36m[2026-09-15 04:30:36][0m [33mWARNING [0m [2m[py.warnings:112, 0f8858c49d67, rank=0][0m /opt/conda/lib/python3.12/site-packages/olmo_core/nn/pooled_soft_token.py:173: UserWarning: called a synchronizing CUDA operation (Triggered internally at /pytorch/c10/cuda/CUDAFunctions.cpp:162.)
2026-09-15T04:30:36.160Z   kept_idx = kept_tok.nonzero(as_tuple=True)[0]
2026-09-15T04:30:36.160Z 
2026-09-15T04:30:36.161Z [2;36m[2026-09-15 04:30:36][0m [33mWARNING [0m [2m[py.warnings:112, 0f8858c49d67, rank=0][0m /opt/conda/lib/python3.12/site-packages/olmo_core/nn/pooled_soft_token.py:179: UserWarning: called a synchronizing CUDA operation (Triggered internally at /pytorch/c10/cuda/CUDAFunctions.cpp:162.)
2026-09-15T04:30:36.161Z   if is_ctx.any():
2026-09-15T04:30:36.161Z 
2026-09-15T04:30:36.161Z [2;36m[2026-09-15 04:30:36][0m [33mWARNING [0m [2m[py.warnings:112, 0f8858c49d67, rank=0][0m /opt/conda/lib/python3.12/site-packages/olmo_core/nn/pooled_soft_token.py:180: UserWarning: called a synchronizing CUDA operation (Triggered internally at /pytorch/c10/cuda/CUDAFunctions.cpp:162.)
2026-09-15T04:30:36.161Z   d_ix = c[is_ctx]
2026-09-15T04:30:36.161Z 
2026-09-15T04:30:36.161Z [2;36m[2026-09-15 04:30:36][0m [33mWARNING [0m [2m[py.warnings:112, 0f8858c49d67, rank=0][0m /opt/conda/lib/python3.12/site-packages/olmo_core/nn/pooled_soft_token.py:181: UserWarning: called a synchronizing CUDA operation (Triggered internally at /pytorch/c10/cuda/CUDAFunctions.cpp:162.)
2026-09-15T04:30:36.161Z   pos_ix = is_ctx.nonzero(as_tuple=True)[0]
2026-09-15T04:30:36.161Z 
2026-09-15T04:30:36.162Z [2;36m[2026-09-15 04:30:36][0m [33mWARNING [0m [2m[py.warnings:112, 0f8858c49d67, rank=0][0m /opt/conda/lib/python3.12/site-packages/olmo_core/nn/pooled_soft_token.py:186: UserWarning: called a synchronizing CUDA operation (Triggered internally at /pytorch/c10/cuda/CUDAFunctions.cpp:162.)
2026-09-15T04:30:36.162Z   pooled_docs = pooled.nonzero(as_tuple=True)[0]
2026-09-15T04:30:36.162Z 
2026-09-15T04:30:36.163Z [2;36m[2026-09-15 04:30:36][0m [33mWARNING [0m [2m[py.warnings:112, 0f8858c49d67, rank=0][0m /opt/conda/lib/python3.12/site-packages/olmo_core/nn/pooled_soft_token.py:217: UserWarning: called a synchronizing CUDA operation (Triggered internally at /pytorch/c10/cuda/CUDAFunctions.cpp:162.)
2026-09-15T04:30:36.163Z   doc_len = torch.bincount(c[is_ctx], minlength=n_docs) if is_ctx.any() else torch.zeros(n_docs, dtype=torch.long, device=device)
2026-09-15T04:30:36.163Z 
2026-09-15T04:30:36.164Z [2;36m[2026-09-15 04:30:36][0m [33mWARNING [0m [2m[py.warnings:112, 0f8858c49d67, rank=0][0m /opt/conda/lib/python3.12/site-packages/olmo_core/nn/pooled_soft_token.py:222: UserWarning: called a synchronizing CUDA operation (Triggered internally at /pytorch/c10/cuda/CUDAFunctions.cpp:162.)
2026-09-15T04:30:36.164Z   soft_cols_b = soft_mask.nonzero(as_tuple=True)[0]
2026-09-15T04:30:36.164Z 
2026-09-15T04:30:36.164Z [2;36m[2026-09-15 04:30:36][0m [33mWARNING [0m [2m[py.warnings:112, 0f8858c49d67, rank=0][0m /opt/conda/lib/python3.12/site-packages/olmo_core/nn/pooled_soft_token.py:226: UserWarning: called a synchronizing CUDA operation (Triggered internally at /pytorch/c10/cuda/CUDAFunctions.cpp:162.)
2026-09-15T04:30:36.164Z   cols_l = soft_cols_b.tolist()
2026-09-15T04:30:36.164Z 
2026-09-15T04:30:36.165Z [2;36m[2026-09-15 04:30:36][0m [33mWARNING [0m [2m[py.warnings:112, 0f8858c49d67, rank=0][0m /opt/conda/lib/python3.12/site-packages/olmo_core/nn/pooled_soft_token.py:229: UserWarning: called a synchronizing CUDA operation (Triggered internally at /pytorch/c10/cuda/CUDAFunctions.cpp:162.)
2026-09-15T04:30:36.165Z   soft_docs += docs_b.tolist()
2026-09-15T04:30:36.165Z 
2026-09-15T04:30:36.165Z [2;36m[2026-09-15 04:30:36][0m [33mWARNING [0m [2m[py.warnings:112, 0f8858c49d67, rank=0][0m /opt/conda/lib/python3.12/site-packages/olmo_core/nn/pooled_soft_token.py:230: UserWarning: called a synchronizing CUDA operation (Triggered internally at /pytorch/c10/cuda/CUDAFunctions.cpp:162.)
2026-09-15T04:30:36.165Z   soft_log_len += lens_b.tolist()
2026-09-15T04:30:36.165Z 
2026-09-15T04:30:36.167Z [2;36m[2026-09-15 04:30:36][0m [33mWARNING [0m [2m[py.warnings:112, 0f8858c49d67, rank=0][0m /opt/conda/lib/python3.12/site-packages/olmo_core/nn/pooled_soft_token.py:280: UserWarning: called a synchronizing CUDA operation (Triggered internally at /pytorch/c10/cuda/CUDAFunctions.cpp:162.)
2026-09-15T04:30:36.167Z   row_lens[b] = L
2026-09-15T04:30:36.167Z 
2026-09-15T04:30:36.168Z [2;36m[2026-09-15 04:30:36][0m [33mWARNING [0m [2m[py.warnings:112, 0f8858c49d67, rank=0][0m /opt/conda/lib/python3.12/site-packages/olmo_core/nn/pooled_soft_token.py:297: UserWarning: called a synchronizing CUDA operation (Triggered internally at /pytorch/c10/cuda/CUDAFunctions.cpp:162.)
2026-09-15T04:30:36.168Z   soft_rows=torch.tensor(soft_rows, dtype=torch.long, device=device),
2026-09-15T04:30:36.168Z 
2026-09-15T04:30:36.168Z [2;36m[2026-09-15 04:30:36][0m [33mWARNING [0m [2m[py.warnings:112, 0f8858c49d67, rank=0][0m /opt/conda/lib/python3.12/site-packages/olmo_core/nn/pooled_soft_token.py:298: UserWarning: called a synchronizing CUDA operation (Triggered internally at /pytorch/c10/cuda/CUDAFunctions.cpp:162.)
2026-09-15T04:30:36.168Z   soft_cols=torch.tensor(soft_cols, dtype=torch.long, device=device),
2026-09-15T04:30:36.168Z 
2026-09-15T04:30:36.169Z [2;36m[2026-09-15 04:30:36][0m [33mWARNING [0m [2m[py.warnings:112, 0f8858c49d67, rank=0][0m /opt/conda/lib/python3.12/site-packages/olmo_core/nn/pooled_soft_token.py:299: UserWarning: called a synchronizing CUDA operation (Triggered internally at /pytorch/c10/cuda/CUDAFunctions.cpp:162.)
2026-09-15T04:30:36.169Z   soft_docs=torch.tensor(soft_docs, dtype=torch.long, device=device),
2026-09-15T04:30:36.169Z 
2026-09-15T04:30:36.169Z [2;36m[2026-09-15 04:30:36][0m [33mWARNING [0m [2m[py.warnings:112, 0f8858c49d67, rank=0][0m /opt/conda/lib/python3.12/site-packages/olmo_core/nn/pooled_soft_token.py:301: UserWarning: called a synchronizing CUDA operation (Triggered internally at /pytorch/c10/cuda/CUDAFunctions.cpp:162.)
2026-09-15T04:30:36.169Z   soft_log_len=torch.tensor(soft_log_len, dtype=torch.float32, device=device),
2026-09-15T04:30:36.169Z 
2026-09-15T04:30:36.170Z [2;36m[2026-09-15 04:30:36][0m [33mWARNING [0m [2m[py.warnings:112, 0f8858c49d67, rank=0][0m /opt/conda/lib/python3.12/site-packages/olmo_core/nn/transformer/model.py:1502: UserWarning: called a synchronizing CUDA operation (Triggered internally at /pytorch/c10/cuda/CUDAFunctions.cpp:162.)
2026-09-15T04:30:36.170Z   kv_grad_mask[cb.soft_rows, cb.soft_cols] = False
2026-09-15T04:30:36.171Z 
2026-09-15T04:30:36.367Z [2;36m[2026-09-15 04:30:36][0m [33mWARNING [0m [2m[py.warnings:112, 0f8858c49d67, rank=0][0m /opt/conda/lib/python3.12/site-packages/liger_kernel/ops/fused_linear_cross_entropy.py:75: UserWarning: called a synchronizing CUDA operation (Triggered internally at /pytorch/c10/cuda/CUDAFunctions.cpp:162.)
2026-09-15T04:30:36.367Z   total_n_non_ignore = target_mask.sum().item()
2026-09-15T04:30:36.367Z 
2026-09-15T04:30:37.162Z [2;36m[2026-09-15 04:30:37][0m [33mWARNING [0m [2m[py.warnings:112, 0f8858c49d67, rank=0][0m /opt/conda/lib/python3.12/site-packages/liger_kernel/ops/fused_linear_cross_entropy.py:233: UserWarning: called a synchronizing CUDA operation (Triggered internally at /pytorch/c10/cuda/CUDAFunctions.cpp:162.)
2026-09-15T04:30:37.162Z   if not torch.equal(grad_output, torch.tensor(1.0, device=grad_output.device)):
2026-09-15T04:30:37.162Z 
2026-09-15T04:30:41.074Z [2;36m[2026-09-15 04:30:41][0m [33mWARNING [0m [2m[py.warnings:112, 0f8858c49d67, rank=0][0m /opt/conda/lib/python3.12/site-packages/torch/autograd/graph.py:841: UserWarning: called a synchronizing CUDA operation (Triggered internally at /pytorch/c10/cuda/CUDAFunctions.cpp:162.)
2026-09-15T04:30:41.074Z   return Variable._execution_engine.run_backward(  # Calls into the C++ engine to run the backward pass
2026-09-15T04:30:41.074Z 
2026-09-15T04:30:41.076Z [2;36m[2026-09-15 04:30:41][0m [33mWARNING [0m [2m[py.warnings:112, 0f8858c49d67, rank=0][0m /opt/conda/lib/python3.12/site-packages/torch/distributed/utils.py:106: UserWarning: called a synchronizing CUDA operation (Triggered internally at /pytorch/c10/cuda/CUDAFunctions.cpp:162.)
2026-09-15T04:30:41.076Z   return (obj.to(target_device),)
2026-09-15T04:30:41.076Z 
2026-09-15T04:30:41.085Z [2;36m[2026-09-15 04:30:41][0m [33mWARNING [0m [2m[py.warnings:112, 0f8858c49d67, rank=0][0m /opt/conda/lib/python3.12/site-packages/olmo_core/nn/transformer/model.py:777: UserWarning: called a synchronizing CUDA operation (Triggered internally at /pytorch/c10/cuda/CUDAFunctions.cpp:162.)
2026-09-15T04:30:41.085Z   n_docs = int(chunk_ids.max().item()) + 1
2026-09-15T04:30:41.085Z 
2026-09-15T04:30:41.094Z [2;36m[2026-09-15 04:30:41][0m [33mWARNING [0m [2m[py.warnings:112, 0f8858c49d67, rank=0][0m /opt/conda/lib/python3.12/site-packages/olmo_core/nn/transformer/model.py:834: UserWarning: called a synchronizing CUDA operation (Triggered internally at /pytorch/c10/cuda/CUDAFunctions.cpp:162.)
2026-09-15T04:30:41.095Z   flat = (torch.arange(B, device=emb.device)[:, None] * n_docs + cid.clamp(min=0)).reshape(
2026-09-15T04:30:41.095Z 
2026-09-15T04:30:41.095Z [2;36m[2026-09-15 04:30:41][0m [33mWARNING [0m [2m[py.warnings:112, 0f8858c49d67, rank=0][0m /opt/conda/lib/python3.12/site-packages/olmo_core/nn/transformer/model.py:838: UserWarning: called a synchronizing CUDA operation (Triggered internally at /pytorch/c10/cuda/CUDAFunctions.cpp:162.)
2026-09-15T04:30:41.095Z   0, flat, emb.reshape(B * T, D)[is_ctx.reshape(-1)]
2026-09-15T04:30:41.095Z 
2026-09-15T04:30:41.103Z [2;36m[2026-09-15 04:30:41][0m [33mWARNING [0m [2m[py.warnings:112, 0f8858c49d67, rank=0][0m /opt/conda/lib/python3.12/site-packages/olmo_core/nn/pooled_soft_token.py:173: UserWarning: called a synchronizing CUDA operation (Triggered internally at /pytorch/c10/cuda/CUDAFunctions.cpp:162.)
2026-09-15T04:30:41.104Z   kept_idx = kept_tok.nonzero(as_tuple=True)[0]
2026-09-15T04:30:41.104Z 
2026-09-15T04:30:41.104Z [2;36m[2026-09-15 04:30:41][0m [33mWARNING [0m [2m[py.warnings:112, 0f8858c49d67, rank=0][0m /opt/conda/lib/python3.12/site-packages/olmo_core/nn/pooled_soft_token.py:179: UserWarning: called a synchronizing CUDA operation (Triggered internally at /pytorch/c10/cuda/CUDAFunctions.cpp:162.)
2026-09-15T04:30:41.104Z   if is_ctx.any():
2026-09-15T04:30:41.104Z 
2026-09-15T04:30:41.105Z [2;36m[2026-09-15 04:30:41][0m [33mWARNING [0m [2m[py.warnings:112, 0f8858c49d67, rank=0][0m /opt/conda/lib/python3.12/site-packages/olmo_core/nn/pooled_soft_token.py:180: UserWarning: called a synchronizing CUDA operation (Triggered internally at /pytorch/c10/cuda/CUDAFunctions.cpp:162.)
2026-09-15T04:30:41.105Z   d_ix = c[is_ctx]
2026-09-15T04:30:41.105Z 
2026-09-15T04:30:41.105Z [2;36m[2026-09-15 04:30:41][0m [33mWARNING [0m [2m[py.warnings:112, 0f8858c49d67, rank=0][0m /opt/conda/lib/python3.12/site-packages/olmo_core/nn/pooled_soft_token.py:181: UserWarning: called a synchronizing CUDA operation (Triggered internally at /pytorch/c10/cuda/CUDAFunctions.cpp:162.)
2026-09-15T04:30:41.105Z   pos_ix = is_ctx.nonzero(as_tuple=True)[0]
2026-09-15T04:30:41.105Z 
2026-09-15T04:30:41.106Z [2;36m[2026-09-15 04:30:41][0m [33mWARNING [0m [2m[py.warnings:112, 0f8858c49d67, rank=0][0m /opt/conda/lib/python3.12/site-packages/olmo_core/nn/pooled_soft_token.py:186: UserWarning: called a synchronizing CUDA operation (Triggered internally at /pytorch/c10/cuda/CUDAFunctions.cpp:162.)
2026-09-15T04:30:41.106Z   pooled_docs = pooled.nonzero(as_tuple=True)[0]
2026-09-15T04:30:41.106Z 
2026-09-15T04:30:41.107Z [2;36m[2026-09-15 04:30:41][0m [33mWARNING [0m [2m[py.warnings:112, 0f8858c49d67, rank=0][0m /opt/conda/lib/python3.12/site-packages/olmo_core/nn/pooled_soft_token.py:217: UserWarning: called a synchronizing CUDA operation (Triggered internally at /pytorch/c10/cuda/CUDAFunctions.cpp:162.)
2026-09-15T04:30:41.107Z   doc_len = torch.bincount(c[is_ctx], minlength=n_docs) if is_ctx.any() else torch.zeros(n_docs, dtype=torch.long, device=device)
2026-09-15T04:30:41.107Z 
2026-09-15T04:30:41.107Z [2;36m[2026-09-15 04:30:41][0m [33mWARNING [0m [2m[py.warnings:112, 0f8858c49d67, rank=0][0m /opt/conda/lib/python3.12/site-packages/olmo_core/nn/pooled_soft_token.py:222: UserWarning: called a synchronizing CUDA operation (Triggered internally at /pytorch/c10/cuda/CUDAFunctions.cpp:162.)
2026-09-15T04:30:41.107Z   soft_cols_b = soft_mask.nonzero(as_tuple=True)[0]
2026-09-15T04:30:41.107Z 
2026-09-15T04:30:41.108Z [2;36m[2026-09-15 04:30:41][0m [33mWARNING [0m [2m[py.warnings:112, 0f8858c49d67, rank=0][0m /opt/conda/lib/python3.12/site-packages/olmo_core/nn/pooled_soft_token.py:226: UserWarning: called a synchronizing CUDA operation (Triggered internally at /pytorch/c10/cuda/CUDAFunctions.cpp:162.)
2026-09-15T04:30:41.108Z   cols_l = soft_cols_b.tolist()
2026-09-15T04:30:41.108Z 
2026-09-15T04:30:41.108Z [2;36m[2026-09-15 04:30:41][0m [33mWARNING [0m [2m[py.warnings:112, 0f8858c49d67, rank=0][0m /opt/conda/lib/python3.12/site-packages/olmo_core/nn/pooled_soft_token.py:229: UserWarning: called a synchronizing CUDA operation (Triggered internally at /pytorch/c10/cuda/CUDAFunctions.cpp:162.)
2026-09-15T04:30:41.108Z   soft_docs += docs_b.tolist()
2026-09-15T04:30:41.108Z 
2026-09-15T04:30:41.109Z [2;36m[2026-09-15 04:30:41][0m [33mWARNING [0m [2m[py.warnings:112, 0f8858c49d67, rank=0][0m /opt/conda/lib/python3.12/site-packages/olmo_core/nn/pooled_soft_token.py:230: UserWarning: called a synchronizing CUDA operation (Triggered internally at /pytorch/c10/cuda/CUDAFunctions.cpp:162.)
2026-09-15T04:30:41.109Z   soft_log_len += lens_b.tolist()
2026-09-15T04:30:41.109Z 
2026-09-15T04:30:41.111Z [2;36m[2026-09-15 04:30:41][0m [33mWARNING [0m [2m[py.warnings:112, 0f8858c49d67, rank=0][0m /opt/conda/lib/python3.12/site-packages/olmo_core/nn/pooled_soft_token.py:280: UserWarning: called a synchronizing CUDA operation (Triggered internally at /pytorch/c10/cuda/CUDAFunctions.cpp:162.)
2026-09-15T04:30:41.111Z   row_lens[b] = L
2026-09-15T04:30:41.111Z 
2026-09-15T04:30:41.111Z [2;36m[2026-09-15 04:30:41][0m [33mWARNING [0m [2m[py.warnings:112, 0f8858c49d67, rank=0][0m /opt/conda/lib/python3.12/site-packages/olmo_core/nn/pooled_soft_token.py:297: UserWarning: called a synchronizing CUDA operation (Triggered internally at /pytorch/c10/cuda/CUDAFunctions.cpp:162.)
2026-09-15T04:30:41.111Z   soft_rows=torch.tensor(soft_rows, dtype=torch.long, device=device),
2026-09-15T04:30:41.111Z 
2026-09-15T04:30:41.112Z [2;36m[2026-09-15 04:30:41][0m [33mWARNING [0m [2m[py.warnings:112, 0f8858c49d67, rank=0][0m /opt/conda/lib/python3.12/site-packages/olmo_core/nn/pooled_soft_token.py:298: UserWarning: called a synchronizing CUDA operation (Triggered internally at /pytorch/c10/cuda/CUDAFunctions.cpp:162.)
2026-09-15T04:30:41.112Z   soft_cols=torch.tensor(soft_cols, dtype=torch.long, device=device),
2026-09-15T04:30:41.112Z 
2026-09-15T04:30:41.112Z [2;36m[2026-09-15 04:30:41][0m [33mWARNING [0m [2m[py.warnings:112, 0f8858c49d67, rank=0][0m /opt/conda/lib/python3.12/site-packages/olmo_core/nn/pooled_soft_token.py:299: UserWarning: called a synchronizing CUDA operation (Triggered internally at /pytorch/c10/cuda/CUDAFunctions.cpp:162.)
2026-09-15T04:30:41.112Z   soft_docs=torch.tensor(soft_docs, dtype=torch.long, device=device),
2026-09-15T04:30:41.112Z 
2026-09-15T04:30:41.113Z [2;36m[2026-09-15 04:30:41][0m [33mWARNING [0m [2m[py.warnings:112, 0f8858c49d67, rank=0][0m /opt/conda/lib/python3.12/site-packages/olmo_core/nn/pooled_soft_token.py:301: UserWarning: called a synchronizing CUDA operation (Triggered internally at /pytorch/c10/cuda/CUDAFunctions.cpp:162.)
2026-09-15T04:30:41.113Z   soft_log_len=torch.tensor(soft_log_len, dtype=torch.float32, device=device),
2026-09-15T04:30:41.113Z 
2026-09-15T04:30:41.113Z [2;36m[2026-09-15 04:30:41][0m [33mWARNING [0m [2m[py.warnings:112, 0f8858c49d67, rank=0][0m /opt/conda/lib/python3.12/site-packages/olmo_core/nn/transformer/model.py:1502: UserWarning: called a synchronizing CUDA operation (Triggered internally at /pytorch/c10/cuda/CUDAFunctions.cpp:162.)
2026-09-15T04:30:41.113Z   kv_grad_mask[cb.soft_rows, cb.soft_cols] = False
2026-09-15T04:30:41.113Z 
2026-09-15T04:30:41.297Z [2;36m[2026-09-15 04:30:41][0m [33mWARNING [0m [2m[py.warnings:112, 0f8858c49d67, rank=0][0m /opt/conda/lib/python3.12/site-packages/liger_kernel/ops/fused_linear_cross_entropy.py:75: UserWarning: called a synchronizing CUDA operation (Triggered internally at /pytorch/c10/cuda/CUDAFunctions.cpp:162.)
2026-09-15T04:30:41.297Z   total_n_non_ignore = target_mask.sum().item()
2026-09-15T04:30:41.297Z 
2026-09-15T04:30:42.143Z [2;36m[2026-09-15 04:30:42][0m [33mWARNING [0m [2m[py.warnings:112, 0f8858c49d67, rank=0][0m /opt/conda/lib/python3.12/site-packages/liger_kernel/ops/fused_linear_cross_entropy.py:233: UserWarning: called a synchronizing CUDA operation (Triggered internally at /pytorch/c10/cuda/CUDAFunctions.cpp:162.)
2026-09-15T04:30:42.143Z   if not torch.equal(grad_output, torch.tensor(1.0, device=grad_output.device)):
2026-09-15T04:30:42.143Z 
2026-09-15T04:30:49.234Z [2;36m[2026-09-15 04:30:49][0m [34mINFO    [0m [2m[olmo_core.train.callbacks.console_logger:68, 0f8858c49d67, rank=0][0m [step=7/61,epoch=1,eta=44m]
2026-09-15T04:30:49.234Z     gpu_memory/GPU active mem (%)=76.00
2026-09-15T04:30:49.234Z     gpu_memory/GPU active mem (GiB)=60.23
2026-09-15T04:30:49.234Z     gpu_memory/GPU reserved mem (%)=81.32
2026-09-15T04:30:49.234Z     gpu_memory/GPU reserved mem (GiB)=64.45
2026-09-15T04:30:49.234Z     optim/LR (group 0)=4.58E-06
2026-09-15T04:30:49.234Z     optim/LR (group 1)=4.58E-06
2026-09-15T04:30:49.234Z     optim/step skipped=0.0
2026-09-15T04:30:49.234Z     optim/total grad norm=5.111
2026-09-15T04:30:49.234Z     throughput/chinchilla multiple=1.09E-05
2026-09-15T04:30:49.234Z     throughput/device/BPS=0.0764
2026-09-15T04:30:49.234Z     throughput/device/BPS (actual avg)=0.0201
2026-09-15T04:30:49.234Z     throughput/device/MFU=36.73
2026-09-15T04:30:49.234Z     throughput/device/MFU (actual avg)=9.669
2026-09-15T04:30:49.234Z     throughput/device/TPS=5,004
2026-09-15T04:30:49.234Z     throughput/device/TPS (actual avg)=1,317
2026-09-15T04:30:49.234Z     throughput/device/flopsPS=114.6T
2026-09-15T04:30:49.234Z     throughput/device/flopsPS (actual avg)=30.17T
2026-09-15T04:30:49.234Z     throughput/total petaflops=21.01
2026-09-15T04:30:49.234Z     throughput/total tokens=917,504
2026-09-15T04:30:49.234Z     train/CE loss=0.4559
2026-09-15T04:30:49.234Z     throughput/device/data loading (%)=0.0183
2026-09-15T04:30:49.234Z     throughput/device/data loading (s)=0.0024
2026-09-15T04:30:49.234Z     train/PPL=1.578
2026-09-15T04:31:03.451Z [2;36m[2026-09-15 04:31:03][0m [33mWARNING [0m [2m[py.warnings:112, 0f8858c49d67, rank=0][0m /opt/conda/lib/python3.12/site-packages/liger_kernel/ops/fused_linear_cross_entropy.py:75: UserWarning: called a synchronizing CUDA operation (Triggered internally at /pytorch/c10/cuda/CUDAFunctions.cpp:162.)
2026-09-15T04:31:03.451Z   total_n_non_ignore = target_mask.sum().item()
2026-09-15T04:31:03.451Z 
2026-09-15T04:31:04.206Z [2;36m[2026-09-15 04:31:04][0m [33mWARNING [0m [2m[py.warnings:112, 0f8858c49d67, rank=0][0m /opt/conda/lib/python3.12/site-packages/liger_kernel/ops/fused_linear_cross_entropy.py:233: UserWarning: called a synchronizing CUDA operation (Triggered internally at /pytorch/c10/cuda/CUDAFunctions.cpp:162.)
2026-09-15T04:31:04.206Z   if not torch.equal(grad_output, torch.tensor(1.0, device=grad_output.device)):
2026-09-15T04:31:04.206Z 
2026-09-15T04:31:17.492Z [2;36m[2026-09-15 04:31:17][0m [33mWARNING [0m [2m[py.warnings:112, 0f8858c49d67, rank=0][0m /opt/conda/lib/python3.12/site-packages/torch/autograd/graph.py:841: UserWarning: called a synchronizing CUDA operation (Triggered internally at /pytorch/c10/cuda/CUDAFunctions.cpp:162.)
2026-09-15T04:31:17.493Z   return Variable._execution_engine.run_backward(  # Calls into the C++ engine to run the backward pass
2026-09-15T04:31:17.493Z 
2026-09-15T04:31:17.505Z [2;36m[2026-09-15 04:31:17][0m [33mWARNING [0m [2m[py.warnings:112, 0f8858c49d67, rank=0][0m /opt/conda/lib/python3.12/site-packages/torch/distributed/utils.py:106: UserWarning: called a synchronizing CUDA operation (Triggered internally at /pytorch/c10/cuda/CUDAFunctions.cpp:162.)
2026-09-15T04:31:17.505Z   return (obj.to(target_device),)
2026-09-15T04:31:17.505Z 
2026-09-15T04:31:17.514Z [2;36m[2026-09-15 04:31:17][0m [33mWARNING [0m [2m[py.warnings:112, 0f8858c49d67, rank=0][0m /opt/conda/lib/python3.12/site-packages/olmo_core/nn/transformer/model.py:777: UserWarning: called a synchronizing CUDA operation (Triggered internally at /pytorch/c10/cuda/CUDAFunctions.cpp:162.)
2026-09-15T04:31:17.514Z   n_docs = int(chunk_ids.max().item()) + 1
2026-09-15T04:31:17.514Z 
2026-09-15T04:31:17.524Z [2;36m[2026-09-15 04:31:17][0m [33mWARNING [0m [2m[py.warnings:112, 0f8858c49d67, rank=0][0m /opt/conda/lib/python3.12/site-packages/olmo_core/nn/transformer/model.py:834: UserWarning: called a synchronizing CUDA operation (Triggered internally at /pytorch/c10/cuda/CUDAFunctions.cpp:162.)
2026-09-15T04:31:17.524Z   flat = (torch.arange(B, device=emb.device)[:, None] * n_docs + cid.clamp(min=0)).reshape(
2026-09-15T04:31:17.524Z 
2026-09-15T04:31:17.524Z [2;36m[2026-09-15 04:31:17][0m [33mWARNING [0m [2m[py.warnings:112, 0f8858c49d67, rank=0][0m /opt/conda/lib/python3.12/site-packages/olmo_core/nn/transformer/model.py:838: UserWarning: called a synchronizing CUDA operation (Triggered internally at /pytorch/c10/cuda/CUDAFunctions.cpp:162.)
2026-09-15T04:31:17.524Z   0, flat, emb.reshape(B * T, D)[is_ctx.reshape(-1)]
2026-09-15T04:31:17.524Z 
2026-09-15T04:31:17.532Z [2;36m[2026-09-15 04:31:17][0m [33mWARNING [0m [2m[py.warnings:112, 0f8858c49d67, rank=0][0m /opt/conda/lib/python3.12/site-packages/olmo_core/nn/pooled_soft_token.py:173: UserWarning: called a synchronizing CUDA operation (Triggered internally at /pytorch/c10/cuda/CUDAFunctions.cpp:162.)
2026-09-15T04:31:17.532Z   kept_idx = kept_tok.nonzero(as_tuple=True)[0]
2026-09-15T04:31:17.532Z 
2026-09-15T04:31:17.533Z [2;36m[2026-09-15 04:31:17][0m [33mWARNING [0m [2m[py.warnings:112, 0f8858c49d67, rank=0][0m /opt/conda/lib/python3.12/site-packages/olmo_core/nn/pooled_soft_token.py:179: UserWarning: called a synchronizing CUDA operation (Triggered internally at /pytorch/c10/cuda/CUDAFunctions.cpp:162.)
2026-09-15T04:31:17.533Z   if is_ctx.any():
2026-09-15T04:31:17.533Z 
2026-09-15T04:31:17.533Z [2;36m[2026-09-15 04:31:17][0m [33mWARNING [0m [2m[py.warnings:112, 0f8858c49d67, rank=0][0m /opt/conda/lib/python3.12/site-packages/olmo_core/nn/pooled_soft_token.py:180: UserWarning: called a synchronizing CUDA operation (Triggered internally at /pytorch/c10/cuda/CUDAFunctions.cpp:162.)
2026-09-15T04:31:17.533Z   d_ix = c[is_ctx]
2026-09-15T04:31:17.533Z 
2026-09-15T04:31:17.534Z [2;36m[2026-09-15 04:31:17][0m [33mWARNING [0m [2m[py.warnings:112, 0f8858c49d67, rank=0][0m /opt/conda/lib/python3.12/site-packages/olmo_core/nn/pooled_soft_token.py:181: UserWarning: called a synchronizing CUDA operation (Triggered internally at /pytorch/c10/cuda/CUDAFunctions.cpp:162.)
2026-09-15T04:31:17.534Z   pos_ix = is_ctx.nonzero(as_tuple=True)[0]
2026-09-15T04:31:17.534Z 
2026-09-15T04:31:17.534Z [2;36m[2026-09-15 04:31:17][0m [33mWARNING [0m [2m[py.warnings:112, 0f8858c49d67, rank=0][0m /opt/conda/lib/python3.12/site-packages/olmo_core/nn/pooled_soft_token.py:186: UserWarning: called a synchronizing CUDA operation (Triggered internally at /pytorch/c10/cuda/CUDAFunctions.cpp:162.)
2026-09-15T04:31:17.534Z   pooled_docs = pooled.nonzero(as_tuple=True)[0]
2026-09-15T04:31:17.534Z 
2026-09-15T04:31:17.535Z [2;36m[2026-09-15 04:31:17][0m [33mWARNING [0m [2m[py.warnings:112, 0f8858c49d67, rank=0][0m /opt/conda/lib/python3.12/site-packages/olmo_core/nn/pooled_soft_token.py:217: UserWarning: called a synchronizing CUDA operation (Triggered internally at /pytorch/c10/cuda/CUDAFunctions.cpp:162.)
2026-09-15T04:31:17.535Z   doc_len = torch.bincount(c[is_ctx], minlength=n_docs) if is_ctx.any() else torch.zeros(n_docs, dtype=torch.long, device=device)
2026-09-15T04:31:17.535Z 
2026-09-15T04:31:17.536Z [2;36m[2026-09-15 04:31:17][0m [33mWARNING [0m [2m[py.warnings:112, 0f8858c49d67, rank=0][0m /opt/conda/lib/python3.12/site-packages/olmo_core/nn/pooled_soft_token.py:222: UserWarning: called a synchronizing CUDA operation (Triggered internally at /pytorch/c10/cuda/CUDAFunctions.cpp:162.)
2026-09-15T04:31:17.536Z   soft_cols_b = soft_mask.nonzero(as_tuple=True)[0]
2026-09-15T04:31:17.536Z 
2026-09-15T04:31:17.537Z [2;36m[2026-09-15 04:31:17][0m [33mWARNING [0m [2m[py.warnings:112, 0f8858c49d67, rank=0][0m /opt/conda/lib/python3.12/site-packages/olmo_core/nn/pooled_soft_token.py:226: UserWarning: called a synchronizing CUDA operation (Triggered internally at /pytorch/c10/cuda/CUDAFunctions.cpp:162.)
2026-09-15T04:31:17.537Z   cols_l = soft_cols_b.tolist()
2026-09-15T04:31:17.537Z 
2026-09-15T04:31:17.537Z [2;36m[2026-09-15 04:31:17][0m [33mWARNING [0m [2m[py.warnings:112, 0f8858c49d67, rank=0][0m /opt/conda/lib/python3.12/site-packages/olmo_core/nn/pooled_soft_token.py:229: UserWarning: called a synchronizing CUDA operation (Triggered internally at /pytorch/c10/cuda/CUDAFunctions.cpp:162.)
2026-09-15T04:31:17.537Z   soft_docs += docs_b.tolist()
2026-09-15T04:31:17.537Z 
2026-09-15T04:31:17.538Z [2;36m[2026-09-15 04:31:17][0m [33mWARNING [0m [2m[py.warnings:112, 0f8858c49d67, rank=0][0m /opt/conda/lib/python3.12/site-packages/olmo_core/nn/pooled_soft_token.py:230: UserWarning: called a synchronizing CUDA operation (Triggered internally at /pytorch/c10/cuda/CUDAFunctions.cpp:162.)
2026-09-15T04:31:17.538Z   soft_log_len += lens_b.tolist()
2026-09-15T04:31:17.538Z 
2026-09-15T04:31:17.540Z [2;36m[2026-09-15 04:31:17][0m [33mWARNING [0m [2m[py.warnings:112, 0f8858c49d67, rank=0][0m /opt/conda/lib/python3.12/site-packages/olmo_core/nn/pooled_soft_token.py:280: UserWarning: called a synchronizing CUDA operation (Triggered internally at /pytorch/c10/cuda/CUDAFunctions.cpp:162.)
2026-09-15T04:31:17.540Z   row_lens[b] = L
2026-09-15T04:31:17.540Z 
2026-09-15T04:31:17.540Z [2;36m[2026-09-15 04:31:17][0m [33mWARNING [0m [2m[py.warnings:112, 0f8858c49d67, rank=0][0m /opt/conda/lib/python3.12/site-packages/olmo_core/nn/pooled_soft_token.py:297: UserWarning: called a synchronizing CUDA operation (Triggered internally at /pytorch/c10/cuda/CUDAFunctions.cpp:162.)
2026-09-15T04:31:17.540Z   soft_rows=torch.tensor(soft_rows, dtype=torch.long, device=device),
2026-09-15T04:31:17.540Z 
2026-09-15T04:31:17.541Z [2;36m[2026-09-15 04:31:17][0m [33mWARNING [0m [2m[py.warnings:112, 0f8858c49d67, rank=0][0m /opt/conda/lib/python3.12/site-packages/olmo_core/nn/pooled_soft_token.py:298: UserWarning: called a synchronizing CUDA operation (Triggered internally at /pytorch/c10/cuda/CUDAFunctions.cpp:162.)
2026-09-15T04:31:17.541Z   soft_cols=torch.tensor(soft_cols, dtype=torch.long, device=device),
2026-09-15T04:31:17.541Z 
2026-09-15T04:31:17.541Z [2;36m[2026-09-15 04:31:17][0m [33mWARNING [0m [2m[py.warnings:112, 0f8858c49d67, rank=0][0m /opt/conda/lib/python3.12/site-packages/olmo_core/nn/pooled_soft_token.py:299: UserWarning: called a synchronizing CUDA operation (Triggered internally at /pytorch/c10/cuda/CUDAFunctions.cpp:162.)
2026-09-15T04:31:17.541Z   soft_docs=torch.tensor(soft_docs, dtype=torch.long, device=device),
2026-09-15T04:31:17.541Z 
2026-09-15T04:31:17.542Z [2;36m[2026-09-15 04:31:17][0m [33mWARNING [0m [2m[py.warnings:112, 0f8858c49d67, rank=0][0m /opt/conda/lib/python3.12/site-packages/olmo_core/nn/pooled_soft_token.py:301: UserWarning: called a synchronizing CUDA operation (Triggered internally at /pytorch/c10/cuda/CUDAFunctions.cpp:162.)
2026-09-15T04:31:17.542Z   soft_log_len=torch.tensor(soft_log_len, dtype=torch.float32, device=device),
2026-09-15T04:31:17.542Z 
2026-09-15T04:31:17.542Z [2;36m[2026-09-15 04:31:17][0m [33mWARNING [0m [2m[py.warnings:112, 0f8858c49d67, rank=0][0m /opt/conda/lib/python3.12/site-packages/olmo_core/nn/transformer/model.py:1502: UserWarning: called a synchronizing CUDA operation (Triggered internally at /pytorch/c10/cuda/CUDAFunctions.cpp:162.)
2026-09-15T04:31:17.542Z   kv_grad_mask[cb.soft_rows, cb.soft_cols] = False
2026-09-15T04:31:17.542Z 
2026-09-15T04:31:17.725Z [2;36m[2026-09-15 04:31:17][0m [33mWARNING [0m [2m[py.warnings:112, 0f8858c49d67, rank=0][0m /opt/conda/lib/python3.12/site-packages/liger_kernel/ops/fused_linear_cross_entropy.py:75: UserWarning: called a synchronizing CUDA operation (Triggered internally at /pytorch/c10/cuda/CUDAFunctions.cpp:162.)
2026-09-15T04:31:17.725Z   total_n_non_ignore = target_mask.sum().item()
2026-09-15T04:31:17.725Z 
2026-09-15T04:31:18.590Z [2;36m[2026-09-15 04:31:18][0m [33mWARNING [0m [2m[py.warnings:112, 0f8858c49d67, rank=0][0m /opt/conda/lib/python3.12/site-packages/liger_kernel/ops/fused_linear_cross_entropy.py:233: UserWarning: called a synchronizing CUDA operation (Triggered internally at /pytorch/c10/cuda/CUDAFunctions.cpp:162.)
2026-09-15T04:31:18.590Z   if not torch.equal(grad_output, torch.tensor(1.0, device=grad_output.device)):
2026-09-15T04:31:18.590Z 
2026-09-15T04:31:19.352Z [2;36m[2026-09-15 04:31:19][0m [33mWARNING [0m [2m[py.warnings:112, 0f8858c49d67, rank=1][0m /opt/conda/lib/python3.12/site-packages/torch/autograd/graph.py:841: UserWarning: called a synchronizing CUDA operation (Triggered internally at /pytorch/c10/cuda/CUDAFunctions.cpp:162.)
2026-09-15T04:31:19.352Z   return Variable._execution_engine.run_backward(  # Calls into the C++ engine to run the backward pass
2026-09-15T04:31:19.352Z 
2026-09-15T04:31:19.354Z [2;36m[2026-09-15 04:31:19][0m [33mWARNING [0m [2m[py.warnings:112, 0f8858c49d67, rank=1][0m /opt/conda/lib/python3.12/site-packages/torch/distributed/utils.py:106: UserWarning: called a synchronizing CUDA operation (Triggered internally at /pytorch/c10/cuda/CUDAFunctions.cpp:162.)
2026-09-15T04:31:19.354Z   return (obj.to(target_device),)
2026-09-15T04:31:19.354Z 
2026-09-15T04:31:19.364Z [2;36m[2026-09-15 04:31:19][0m [33mWARNING [0m [2m[py.warnings:112, 0f8858c49d67, rank=1][0m /opt/conda/lib/python3.12/site-packages/olmo_core/nn/transformer/model.py:777: UserWarning: called a synchronizing CUDA operation (Triggered internally at /pytorch/c10/cuda/CUDAFunctions.cpp:162.)
2026-09-15T04:31:19.364Z   n_docs = int(chunk_ids.max().item()) + 1
2026-09-15T04:31:19.364Z 
2026-09-15T04:31:19.372Z [2;36m[2026-09-15 04:31:19][0m [33mWARNING [0m [2m[py.warnings:112, 0f8858c49d67, rank=1][0m /opt/conda/lib/python3.12/site-packages/olmo_core/nn/transformer/model.py:834: UserWarning: called a synchronizing CUDA operation (Triggered internally at /pytorch/c10/cuda/CUDAFunctions.cpp:162.)
2026-09-15T04:31:19.372Z   flat = (torch.arange(B, device=emb.device)[:, None] * n_docs + cid.clamp(min=0)).reshape(
2026-09-15T04:31:19.372Z 
2026-09-15T04:31:19.373Z [2;36m[2026-09-15 04:31:19][0m [33mWARNING [0m [2m[py.warnings:112, 0f8858c49d67, rank=1][0m /opt/conda/lib/python3.12/site-packages/olmo_core/nn/transformer/model.py:838: UserWarning: called a synchronizing CUDA operation (Triggered internally at /pytorch/c10/cuda/CUDAFunctions.cpp:162.)
2026-09-15T04:31:19.373Z   0, flat, emb.reshape(B * T, D)[is_ctx.reshape(-1)]
2026-09-15T04:31:19.373Z 
2026-09-15T04:31:19.381Z [2;36m[2026-09-15 04:31:19][0m [33mWARNING [0m [2m[py.warnings:112, 0f8858c49d67, rank=1][0m /opt/conda/lib/python3.12/site-packages/olmo_core/nn/pooled_soft_token.py:173: UserWarning: called a synchronizing CUDA operation (Triggered internally at /pytorch/c10/cuda/CUDAFunctions.cpp:162.)
2026-09-15T04:31:19.381Z   kept_idx = kept_tok.nonzero(as_tuple=True)[0]
2026-09-15T04:31:19.381Z 
2026-09-15T04:31:19.382Z [2;36m[2026-09-15 04:31:19][0m [33mWARNING [0m [2m[py.warnings:112, 0f8858c49d67, rank=1][0m /opt/conda/lib/python3.12/site-packages/olmo_core/nn/pooled_soft_token.py:179: UserWarning: called a synchronizing CUDA operation (Triggered internally at /pytorch/c10/cuda/CUDAFunctions.cpp:162.)
2026-09-15T04:31:19.382Z   if is_ctx.any():
2026-09-15T04:31:19.382Z 
2026-09-15T04:31:19.382Z [2;36m[2026-09-15 04:31:19][0m [33mWARNING [0m [2m[py.warnings:112, 0f8858c49d67, rank=1][0m /opt/conda/lib/python3.12/site-packages/olmo_core/nn/pooled_soft_token.py:180: UserWarning: called a synchronizing CUDA operation (Triggered internally at /pytorch/c10/cuda/CUDAFunctions.cpp:162.)
2026-09-15T04:31:19.382Z   d_ix = c[is_ctx]
2026-09-15T04:31:19.382Z 
2026-09-15T04:31:19.382Z [2;36m[2026-09-15 04:31:19][0m [33mWARNING [0m [2m[py.warnings:112, 0f8858c49d67, rank=1][0m /opt/conda/lib/python3.12/site-packages/olmo_core/nn/pooled_soft_token.py:181: UserWarning: called a synchronizing CUDA operation (Triggered internally at /pytorch/c10/cuda/CUDAFunctions.cpp:162.)
2026-09-15T04:31:19.382Z   pos_ix = is_ctx.nonzero(as_tuple=True)[0]
2026-09-15T04:31:19.382Z 
2026-09-15T04:31:19.383Z [2;36m[2026-09-15 04:31:19][0m [33mWARNING [0m [2m[py.warnings:112, 0f8858c49d67, rank=1][0m /opt/conda/lib/python3.12/site-packages/olmo_core/nn/pooled_soft_token.py:186: UserWarning: called a synchronizing CUDA operation (Triggered internally at /pytorch/c10/cuda/CUDAFunctions.cpp:162.)
2026-09-15T04:31:19.383Z   pooled_docs = pooled.nonzero(as_tuple=True)[0]
2026-09-15T04:31:19.383Z 
2026-09-15T04:31:19.384Z [2;36m[2026-09-15 04:31:19][0m [33mWARNING [0m [2m[py.warnings:112, 0f8858c49d67, rank=1][0m /opt/conda/lib/python3.12/site-packages/olmo_core/nn/pooled_soft_token.py:217: UserWarning: called a synchronizing CUDA operation (Triggered internally at /pytorch/c10/cuda/CUDAFunctions.cpp:162.)
2026-09-15T04:31:19.384Z   doc_len = torch.bincount(c[is_ctx], minlength=n_docs) if is_ctx.any() else torch.zeros(n_docs, dtype=torch.long, device=device)
2026-09-15T04:31:19.384Z 
2026-09-15T04:31:19.384Z [2;36m[2026-09-15 04:31:19][0m [33mWARNING [0m [2m[py.warnings:112, 0f8858c49d67, rank=1][0m /opt/conda/lib/python3.12/site-packages/olmo_core/nn/pooled_soft_token.py:222: UserWarning: called a synchronizing CUDA operation (Triggered internally at /pytorch/c10/cuda/CUDAFunctions.cpp:162.)
2026-09-15T04:31:19.384Z   soft_cols_b = soft_mask.nonzero(as_tuple=True)[0]
2026-09-15T04:31:19.384Z 
2026-09-15T04:31:19.384Z [2;36m[2026-09-15 04:31:19][0m [33mWARNING [0m [2m[py.warnings:112, 0f8858c49d67, rank=1][0m /opt/conda/lib/python3.12/site-packages/olmo_core/nn/pooled_soft_token.py:226: UserWarning: called a synchronizing CUDA operation (Triggered internally at /pytorch/c10/cuda/CUDAFunctions.cpp:162.)
2026-09-15T04:31:19.385Z   cols_l = soft_cols_b.tolist()
2026-09-15T04:31:19.385Z 
2026-09-15T04:31:19.385Z [2;36m[2026-09-15 04:31:19][0m [33mWARNING [0m [2m[py.warnings:112, 0f8858c49d67, rank=1][0m /opt/conda/lib/python3.12/site-packages/olmo_core/nn/pooled_soft_token.py:229: UserWarning: called a synchronizing CUDA operation (Triggered internally at /pytorch/c10/cuda/CUDAFunctions.cpp:162.)
2026-09-15T04:31:19.385Z   soft_docs += docs_b.tolist()
2026-09-15T04:31:19.385Z 
2026-09-15T04:31:19.385Z [2;36m[2026-09-15 04:31:19][0m [33mWARNING [0m [2m[py.warnings:112, 0f8858c49d67, rank=1][0m /opt/conda/lib/python3.12/site-packages/olmo_core/nn/pooled_soft_token.py:230: UserWarning: called a synchronizing CUDA operation (Triggered internally at /pytorch/c10/cuda/CUDAFunctions.cpp:162.)
2026-09-15T04:31:19.385Z   soft_log_len += lens_b.tolist()
2026-09-15T04:31:19.385Z 
2026-09-15T04:31:19.387Z [2;36m[2026-09-15 04:31:19][0m [33mWARNING [0m [2m[py.warnings:112, 0f8858c49d67, rank=1][0m /opt/conda/lib/python3.12/site-packages/olmo_core/nn/pooled_soft_token.py:280: UserWarning: called a synchronizing CUDA operation (Triggered internally at /pytorch/c10/cuda/CUDAFunctions.cpp:162.)
2026-09-15T04:31:19.387Z   row_lens[b] = L
2026-09-15T04:31:19.387Z 
2026-09-15T04:31:19.387Z [2;36m[2026-09-15 04:31:19][0m [33mWARNING [0m [2m[py.warnings:112, 0f8858c49d67, rank=1][0m /opt/conda/lib/python3.12/site-packages/olmo_core/nn/pooled_soft_token.py:297: UserWarning: called a synchronizing CUDA operation (Triggered internally at /pytorch/c10/cuda/CUDAFunctions.cpp:162.)
2026-09-15T04:31:19.387Z   soft_rows=torch.tensor(soft_rows, dtype=torch.long, device=device),
2026-09-15T04:31:19.387Z 
2026-09-15T04:31:19.388Z [2;36m[2026-09-15 04:31:19][0m [33mWARNING [0m [2m[py.warnings:112, 0f8858c49d67, rank=1][0m /opt/conda/lib/python3.12/site-packages/olmo_core/nn/pooled_soft_token.py:298: UserWarning: called a synchronizing CUDA operation (Triggered internally at /pytorch/c10/cuda/CUDAFunctions.cpp:162.)
2026-09-15T04:31:19.388Z   soft_cols=torch.tensor(soft_cols, dtype=torch.long, device=device),
2026-09-15T04:31:19.388Z 
2026-09-15T04:31:19.388Z [2;36m[2026-09-15 04:31:19][0m [33mWARNING [0m [2m[py.warnings:112, 0f8858c49d67, rank=1][0m /opt/conda/lib/python3.12/site-packages/olmo_core/nn/pooled_soft_token.py:299: UserWarning: called a synchronizing CUDA operation (Triggered internally at /pytorch/c10/cuda/CUDAFunctions.cpp:162.)
2026-09-15T04:31:19.388Z   soft_docs=torch.tensor(soft_docs, dtype=torch.long, device=device),
2026-09-15T04:31:19.388Z 
2026-09-15T04:31:19.388Z [2;36m[2026-09-15 04:31:19][0m [33mWARNING [0m [2m[py.warnings:112, 0f8858c49d67, rank=1][0m /opt/conda/lib/python3.12/site-packages/olmo_core/nn/pooled_soft_token.py:301: UserWarning: called a synchronizing CUDA operation (Triggered internally at /pytorch/c10/cuda/CUDAFunctions.cpp:162.)
2026-09-15T04:31:19.388Z   soft_log_len=torch.tensor(soft_log_len, dtype=torch.float32, device=device),
2026-09-15T04:31:19.388Z 
2026-09-15T04:31:19.389Z [2;36m[2026-09-15 04:31:19][0m [33mWARNING [0m [2m[py.warnings:112, 0f8858c49d67, rank=1][0m /opt/conda/lib/python3.12/site-packages/olmo_core/nn/transformer/model.py:1502: UserWarning: called a synchronizing CUDA operation (Triggered internally at /pytorch/c10/cuda/CUDAFunctions.cpp:162.)
2026-09-15T04:31:19.389Z   kv_grad_mask[cb.soft_rows, cb.soft_cols] = False
2026-09-15T04:31:19.389Z 
2026-09-15T04:31:19.582Z [2;36m[2026-09-15 04:31:19][0m [33mWARNING [0m [2m[py.warnings:112, 0f8858c49d67, rank=1][0m /opt/conda/lib/python3.12/site-packages/liger_kernel/ops/fused_linear_cross_entropy.py:75: UserWarning: called a synchronizing CUDA operation (Triggered internally at /pytorch/c10/cuda/CUDAFunctions.cpp:162.)
2026-09-15T04:31:19.582Z   total_n_non_ignore = target_mask.sum().item()
2026-09-15T04:31:19.582Z 
2026-09-15T04:31:20.346Z [2;36m[2026-09-15 04:31:20][0m [33mWARNING [0m [2m[py.warnings:112, 0f8858c49d67, rank=1][0m /opt/conda/lib/python3.12/site-packages/liger_kernel/ops/fused_linear_cross_entropy.py:233: UserWarning: called a synchronizing CUDA operation (Triggered internally at /pytorch/c10/cuda/CUDAFunctions.cpp:162.)
2026-09-15T04:31:20.346Z   if not torch.equal(grad_output, torch.tensor(1.0, device=grad_output.device)):
2026-09-15T04:31:20.346Z 
2026-09-15T04:31:21.070Z [2;36m[2026-09-15 04:31:21][0m [33mWARNING [0m [2m[py.warnings:112, 0f8858c49d67, rank=1][0m /opt/conda/lib/python3.12/site-packages/torch/autograd/graph.py:841: UserWarning: called a synchronizing CUDA operation (Triggered internally at /pytorch/c10/cuda/CUDAFunctions.cpp:162.)
2026-09-15T04:31:21.070Z   return Variable._execution_engine.run_backward(  # Calls into the C++ engine to run the backward pass
2026-09-15T04:31:21.070Z 
2026-09-15T04:31:21.085Z [2;36m[2026-09-15 04:31:21][0m [33mWARNING [0m [2m[py.warnings:112, 0f8858c49d67, rank=1][0m /opt/conda/lib/python3.12/site-packages/torch/distributed/utils.py:106: UserWarning: called a synchronizing CUDA operation (Triggered internally at /pytorch/c10/cuda/CUDAFunctions.cpp:162.)
2026-09-15T04:31:21.085Z   return (obj.to(target_device),)
2026-09-15T04:31:21.085Z 
2026-09-15T04:31:21.095Z [2;36m[2026-09-15 04:31:21][0m [33mWARNING [0m [2m[py.warnings:112, 0f8858c49d67, rank=1][0m /opt/conda/lib/python3.12/site-packages/olmo_core/nn/transformer/model.py:777: UserWarning: called a synchronizing CUDA operation (Triggered internally at /pytorch/c10/cuda/CUDAFunctions.cpp:162.)
2026-09-15T04:31:21.095Z   n_docs = int(chunk_ids.max().item()) + 1
2026-09-15T04:31:21.095Z 
2026-09-15T04:31:21.104Z [2;36m[2026-09-15 04:31:21][0m [33mWARNING [0m [2m[py.warnings:112, 0f8858c49d67, rank=1][0m /opt/conda/lib/python3.12/site-packages/olmo_core/nn/transformer/model.py:834: UserWarning: called a synchronizing CUDA operation (Triggered internally at /pytorch/c10/cuda/CUDAFunctions.cpp:162.)
2026-09-15T04:31:21.104Z   flat = (torch.arange(B, device=emb.device)[:, None] * n_docs + cid.clamp(min=0)).reshape(
2026-09-15T04:31:21.104Z 
2026-09-15T04:31:21.104Z [2;36m[2026-09-15 04:31:21][0m [33mWARNING [0m [2m[py.warnings:112, 0f8858c49d67, rank=1][0m /opt/conda/lib/python3.12/site-packages/olmo_core/nn/transformer/model.py:838: UserWarning: called a synchronizing CUDA operation (Triggered internally at /pytorch/c10/cuda/CUDAFunctions.cpp:162.)
2026-09-15T04:31:21.104Z   0, flat, emb.reshape(B * T, D)[is_ctx.reshape(-1)]
2026-09-15T04:31:21.104Z 
2026-09-15T04:31:21.112Z [2;36m[2026-09-15 04:31:21][0m [33mWARNING [0m [2m[py.warnings:112, 0f8858c49d67, rank=1][0m /opt/conda/lib/python3.12/site-packages/olmo_core/nn/pooled_soft_token.py:173: UserWarning: called a synchronizing CUDA operation (Triggered internally at /pytorch/c10/cuda/CUDAFunctions.cpp:162.)
2026-09-15T04:31:21.112Z   kept_idx = kept_tok.nonzero(as_tuple=True)[0]
2026-09-15T04:31:21.112Z 
2026-09-15T04:31:21.112Z [2;36m[2026-09-15 04:31:21][0m [33mWARNING [0m [2m[py.warnings:112, 0f8858c49d67, rank=1][0m /opt/conda/lib/python3.12/site-packages/olmo_core/nn/pooled_soft_token.py:179: UserWarning: called a synchronizing CUDA operation (Triggered internally at /pytorch/c10/cuda/CUDAFunctions.cpp:162.)
2026-09-15T04:31:21.112Z   if is_ctx.any():
2026-09-15T04:31:21.112Z 
2026-09-15T04:31:21.113Z [2;36m[2026-09-15 04:31:21][0m [33mWARNING [0m [2m[py.warnings:112, 0f8858c49d67, rank=1][0m /opt/conda/lib/python3.12/site-packages/olmo_core/nn/pooled_soft_token.py:180: UserWarning: called a synchronizing CUDA operation (Triggered internally at /pytorch/c10/cuda/CUDAFunctions.cpp:162.)
2026-09-15T04:31:21.113Z   d_ix = c[is_ctx]
2026-09-15T04:31:21.113Z 
2026-09-15T04:31:21.113Z [2;36m[2026-09-15 04:31:21][0m [33mWARNING [0m [2m[py.warnings:112, 0f8858c49d67, rank=1][0m /opt/conda/lib/python3.12/site-packages/olmo_core/nn/pooled_soft_token.py:181: UserWarning: called a synchronizing CUDA operation (Triggered internally at /pytorch/c10/cuda/CUDAFunctions.cpp:162.)
2026-09-15T04:31:21.113Z   pos_ix = is_ctx.nonzero(as_tuple=True)[0]
2026-09-15T04:31:21.113Z 
2026-09-15T04:31:21.114Z [2;36m[2026-09-15 04:31:21][0m [33mWARNING [0m [2m[py.warnings:112, 0f8858c49d67, rank=1][0m /opt/conda/lib/python3.12/site-packages/olmo_core/nn/pooled_soft_token.py:186: UserWarning: called a synchronizing CUDA operation (Triggered internally at /pytorch/c10/cuda/CUDAFunctions.cpp:162.)
2026-09-15T04:31:21.114Z   pooled_docs = pooled.nonzero(as_tuple=True)[0]
2026-09-15T04:31:21.114Z 
2026-09-15T04:31:21.114Z [2;36m[2026-09-15 04:31:21][0m [33mWARNING [0m [2m[py.warnings:112, 0f8858c49d67, rank=1][0m /opt/conda/lib/python3.12/site-packages/olmo_core/nn/pooled_soft_token.py:217: UserWarning: called a synchronizing CUDA operation (Triggered internally at /pytorch/c10/cuda/CUDAFunctions.cpp:162.)
2026-09-15T04:31:21.114Z   doc_len = torch.bincount(c[is_ctx], minlength=n_docs) if is_ctx.any() else torch.zeros(n_docs, dtype=torch.long, device=device)
2026-09-15T04:31:21.114Z 
2026-09-15T04:31:21.115Z [2;36m[2026-09-15 04:31:21][0m [33mWARNING [0m [2m[py.warnings:112, 0f8858c49d67, rank=1][0m /opt/conda/lib/python3.12/site-packages/olmo_core/nn/pooled_soft_token.py:222: UserWarning: called a synchronizing CUDA operation (Triggered internally at /pytorch/c10/cuda/CUDAFunctions.cpp:162.)
2026-09-15T04:31:21.115Z   soft_cols_b = soft_mask.nonzero(as_tuple=True)[0]
2026-09-15T04:31:21.115Z 
2026-09-15T04:31:21.115Z [2;36m[2026-09-15 04:31:21][0m [33mWARNING [0m [2m[py.warnings:112, 0f8858c49d67, rank=1][0m /opt/conda/lib/python3.12/site-packages/olmo_core/nn/pooled_soft_token.py:226: UserWarning: called a synchronizing CUDA operation (Triggered internally at /pytorch/c10/cuda/CUDAFunctions.cpp:162.)
2026-09-15T04:31:21.115Z   cols_l = soft_cols_b.tolist()
2026-09-15T04:31:21.115Z 
2026-09-15T04:31:21.116Z [2;36m[2026-09-15 04:31:21][0m [33mWARNING [0m [2m[py.warnings:112, 0f8858c49d67, rank=1][0m /opt/conda/lib/python3.12/site-packages/olmo_core/nn/pooled_soft_token.py:229: UserWarning: called a synchronizing CUDA operation (Triggered internally at /pytorch/c10/cuda/CUDAFunctions.cpp:162.)
2026-09-15T04:31:21.116Z   soft_docs += docs_b.tolist()
2026-09-15T04:31:21.116Z 
2026-09-15T04:31:21.116Z [2;36m[2026-09-15 04:31:21][0m [33mWARNING [0m [2m[py.warnings:112, 0f8858c49d67, rank=1][0m /opt/conda/lib/python3.12/site-packages/olmo_core/nn/pooled_soft_token.py:230: UserWarning: called a synchronizing CUDA operation (Triggered internally at /pytorch/c10/cuda/CUDAFunctions.cpp:162.)
2026-09-15T04:31:21.116Z   soft_log_len += lens_b.tolist()
2026-09-15T04:31:21.116Z 
2026-09-15T04:31:21.118Z [2;36m[2026-09-15 04:31:21][0m [33mWARNING [0m [2m[py.warnings:112, 0f8858c49d67, rank=1][0m /opt/conda/lib/python3.12/site-packages/olmo_core/nn/pooled_soft_token.py:280: UserWarning: called a synchronizing CUDA operation (Triggered internally at /pytorch/c10/cuda/CUDAFunctions.cpp:162.)
2026-09-15T04:31:21.118Z   row_lens[b] = L
2026-09-15T04:31:21.118Z 
2026-09-15T04:31:21.118Z [2;36m[2026-09-15 04:31:21][0m [33mWARNING [0m [2m[py.warnings:112, 0f8858c49d67, rank=1][0m /opt/conda/lib/python3.12/site-packages/olmo_core/nn/pooled_soft_token.py:297: UserWarning: called a synchronizing CUDA operation (Triggered internally at /pytorch/c10/cuda/CUDAFunctions.cpp:162.)
2026-09-15T04:31:21.118Z   soft_rows=torch.tensor(soft_rows, dtype=torch.long, device=device),
2026-09-15T04:31:21.118Z 
2026-09-15T04:31:21.119Z [2;36m[2026-09-15 04:31:21][0m [33mWARNING [0m [2m[py.warnings:112, 0f8858c49d67, rank=1][0m /opt/conda/lib/python3.12/site-packages/olmo_core/nn/pooled_soft_token.py:298: UserWarning: called a synchronizing CUDA operation (Triggered internally at /pytorch/c10/cuda/CUDAFunctions.cpp:162.)
2026-09-15T04:31:21.119Z   soft_cols=torch.tensor(soft_cols, dtype=torch.long, device=device),
2026-09-15T04:31:21.119Z 
2026-09-15T04:31:21.119Z [2;36m[2026-09-15 04:31:21][0m [33mWARNING [0m [2m[py.warnings:112, 0f8858c49d67, rank=1][0m /opt/conda/lib/python3.12/site-packages/olmo_core/nn/pooled_soft_token.py:299: UserWarning: called a synchronizing CUDA operation (Triggered internally at /pytorch/c10/cuda/CUDAFunctions.cpp:162.)
2026-09-15T04:31:21.119Z   soft_docs=torch.tensor(soft_docs, dtype=torch.long, device=device),
2026-09-15T04:31:21.119Z 
2026-09-15T04:31:21.119Z [2;36m[2026-09-15 04:31:21][0m [33mWARNING [0m [2m[py.warnings:112, 0f8858c49d67, rank=1][0m /opt/conda/lib/python3.12/site-packages/olmo_core/nn/pooled_soft_token.py:301: UserWarning: called a synchronizing CUDA operation (Triggered internally at /pytorch/c10/cuda/CUDAFunctions.cpp:162.)
2026-09-15T04:31:21.119Z   soft_log_len=torch.tensor(soft_log_len, dtype=torch.float32, device=device),
2026-09-15T04:31:21.119Z 
2026-09-15T04:31:21.120Z [2;36m[2026-09-15 04:31:21][0m [33mWARNING [0m [2m[py.warnings:112, 0f8858c49d67, rank=1][0m /opt/conda/lib/python3.12/site-packages/olmo_core/nn/transformer/model.py:1502: UserWarning: called a synchronizing CUDA operation (Triggered internally at /pytorch/c10/cuda/CUDAFunctions.cpp:162.)
2026-09-15T04:31:21.120Z   kv_grad_mask[cb.soft_rows, cb.soft_cols] = False
2026-09-15T04:31:21.120Z 
2026-09-15T04:31:32.066Z [2;36m[2026-09-15 04:31:32][0m [33mWARNING [0m [2m[py.warnings:112, 0f8858c49d67, rank=1][0m /opt/conda/lib/python3.12/site-packages/liger_kernel/ops/fused_linear_cross_entropy.py:75: UserWarning: called a synchronizing CUDA operation (Triggered internally at /pytorch/c10/cuda/CUDAFunctions.cpp:162.)
2026-09-15T04:31:32.066Z   total_n_non_ignore = target_mask.sum().item()
2026-09-15T04:31:32.066Z 
2026-09-15T04:31:32.631Z [2;36m[2026-09-15 04:31:32][0m [33mWARNING [0m [2m[py.warnings:112, 0f8858c49d67, rank=1][0m /opt/conda/lib/python3.12/site-packages/liger_kernel/ops/fused_linear_cross_entropy.py:233: UserWarning: called a synchronizing CUDA operation (Triggered internally at /pytorch/c10/cuda/CUDAFunctions.cpp:162.)
2026-09-15T04:31:32.631Z   if not torch.equal(grad_output, torch.tensor(1.0, device=grad_output.device)):
2026-09-15T04:31:32.631Z 
2026-09-15T04:31:45.964Z [2;36m[2026-09-15 04:31:45][0m [33mWARNING [0m [2m[py.warnings:112, 0f8858c49d67, rank=1][0m /opt/conda/lib/python3.12/site-packages/torch/autograd/graph.py:841: UserWarning: called a synchronizing CUDA operation (Triggered internally at /pytorch/c10/cuda/CUDAFunctions.cpp:162.)
2026-09-15T04:31:45.964Z   return Variable._execution_engine.run_backward(  # Calls into the C++ engine to run the backward pass
2026-09-15T04:31:45.964Z 
2026-09-15T04:31:45.971Z [2;36m[2026-09-15 04:31:45][0m [33mWARNING [0m [2m[py.warnings:112, 0f8858c49d67, rank=1][0m /opt/conda/lib/python3.12/site-packages/torch/distributed/utils.py:106: UserWarning: called a synchronizing CUDA operation (Triggered internally at /pytorch/c10/cuda/CUDAFunctions.cpp:162.)
2026-09-15T04:31:45.971Z   return (obj.to(target_device),)
2026-09-15T04:31:45.971Z 
2026-09-15T04:31:45.980Z [2;36m[2026-09-15 04:31:45][0m [33mWARNING [0m [2m[py.warnings:112, 0f8858c49d67, rank=1][0m /opt/conda/lib/python3.12/site-packages/olmo_core/nn/transformer/model.py:777: UserWarning: called a synchronizing CUDA operation (Triggered internally at /pytorch/c10/cuda/CUDAFunctions.cpp:162.)
2026-09-15T04:31:45.980Z   n_docs = int(chunk_ids.max().item()) + 1
2026-09-15T04:31:45.980Z 
2026-09-15T04:31:45.989Z [2;36m[2026-09-15 04:31:45][0m [33mWARNING [0m [2m[py.warnings:112, 0f8858c49d67, rank=1][0m /opt/conda/lib/python3.12/site-packages/olmo_core/nn/transformer/model.py:834: UserWarning: called a synchronizing CUDA operation (Triggered internally at /pytorch/c10/cuda/CUDAFunctions.cpp:162.)
2026-09-15T04:31:45.989Z   flat = (torch.arange(B, device=emb.device)[:, None] * n_docs + cid.clamp(min=0)).reshape(
2026-09-15T04:31:45.989Z 
2026-09-15T04:31:45.989Z [2;36m[2026-09-15 04:31:45][0m [33mWARNING [0m [2m[py.warnings:112, 0f8858c49d67, rank=1][0m /opt/conda/lib/python3.12/site-packages/olmo_core/nn/transformer/model.py:838: UserWarning: called a synchronizing CUDA operation (Triggered internally at /pytorch/c10/cuda/CUDAFunctions.cpp:162.)
2026-09-15T04:31:45.989Z   0, flat, emb.reshape(B * T, D)[is_ctx.reshape(-1)]
2026-09-15T04:31:45.989Z 
2026-09-15T04:31:45.997Z [2;36m[2026-09-15 04:31:45][0m [33mWARNING [0m [2m[py.warnings:112, 0f8858c49d67, rank=1][0m /opt/conda/lib/python3.12/site-packages/olmo_core/nn/pooled_soft_token.py:173: UserWarning: called a synchronizing CUDA operation (Triggered internally at /pytorch/c10/cuda/CUDAFunctions.cpp:162.)
2026-09-15T04:31:45.997Z   kept_idx = kept_tok.nonzero(as_tuple=True)[0]
2026-09-15T04:31:45.997Z 
2026-09-15T04:31:45.997Z [2;36m[2026-09-15 04:31:45][0m [33mWARNING [0m [2m[py.warnings:112, 0f8858c49d67, rank=1][0m /opt/conda/lib/python3.12/site-packages/olmo_core/nn/pooled_soft_token.py:179: UserWarning: called a synchronizing CUDA operation (Triggered internally at /pytorch/c10/cuda/CUDAFunctions.cpp:162.)
2026-09-15T04:31:45.997Z   if is_ctx.any():
2026-09-15T04:31:45.997Z 
2026-09-15T04:31:45.998Z [2;36m[2026-09-15 04:31:45][0m [33mWARNING [0m [2m[py.warnings:112, 0f8858c49d67, rank=1][0m /opt/conda/lib/python3.12/site-packages/olmo_core/nn/pooled_soft_token.py:180: UserWarning: called a synchronizing CUDA operation (Triggered internally at /pytorch/c10/cuda/CUDAFunctions.cpp:162.)
2026-09-15T04:31:45.998Z   d_ix = c[is_ctx]
2026-09-15T04:31:45.998Z 
2026-09-15T04:31:45.998Z [2;36m[2026-09-15 04:31:45][0m [33mWARNING [0m [2m[py.warnings:112, 0f8858c49d67, rank=1][0m /opt/conda/lib/python3.12/site-packages/olmo_core/nn/pooled_soft_token.py:181: UserWarning: called a synchronizing CUDA operation (Triggered internally at /pytorch/c10/cuda/CUDAFunctions.cpp:162.)
2026-09-15T04:31:45.998Z   pos_ix = is_ctx.nonzero(as_tuple=True)[0]
2026-09-15T04:31:45.998Z 
2026-09-15T04:31:45.999Z [2;36m[2026-09-15 04:31:45][0m [33mWARNING [0m [2m[py.warnings:112, 0f8858c49d67, rank=1][0m /opt/conda/lib/python3.12/site-packages/olmo_core/nn/pooled_soft_token.py:186: UserWarning: called a synchronizing CUDA operation (Triggered internally at /pytorch/c10/cuda/CUDAFunctions.cpp:162.)
2026-09-15T04:31:45.999Z   pooled_docs = pooled.nonzero(as_tuple=True)[0]
2026-09-15T04:31:45.999Z 
2026-09-15T04:31:45.999Z [2;36m[2026-09-15 04:31:45][0m [33mWARNING [0m [2m[py.warnings:112, 0f8858c49d67, rank=1][0m /opt/conda/lib/python3.12/site-packages/olmo_core/nn/pooled_soft_token.py:217: UserWarning: called a synchronizing CUDA operation (Triggered internally at /pytorch/c10/cuda/CUDAFunctions.cpp:162.)
2026-09-15T04:31:45.999Z   doc_len = torch.bincount(c[is_ctx], minlength=n_docs) if is_ctx.any() else torch.zeros(n_docs, dtype=torch.long, device=device)
2026-09-15T04:31:45.999Z 
2026-09-15T04:31:46.000Z [2;36m[2026-09-15 04:31:45][0m [33mWARNING [0m [2m[py.warnings:112, 0f8858c49d67, rank=1][0m /opt/conda/lib/python3.12/site-packages/olmo_core/nn/pooled_soft_token.py:222: UserWarning: called a synchronizing CUDA operation (Triggered internally at /pytorch/c10/cuda/CUDAFunctions.cpp:162.)
2026-09-15T04:31:46.000Z   soft_cols_b = soft_mask.nonzero(as_tuple=True)[0]
2026-09-15T04:31:46.000Z 
2026-09-15T04:31:46.000Z [2;36m[2026-09-15 04:31:46][0m [33mWARNING [0m [2m[py.warnings:112, 0f8858c49d67, rank=1][0m /opt/conda/lib/python3.12/site-packages/olmo_core/nn/pooled_soft_token.py:226: UserWarning: called a synchronizing CUDA operation (Triggered internally at /pytorch/c10/cuda/CUDAFunctions.cpp:162.)
2026-09-15T04:31:46.000Z   cols_l = soft_cols_b.tolist()
2026-09-15T04:31:46.000Z 
2026-09-15T04:31:46.001Z [2;36m[2026-09-15 04:31:46][0m [33mWARNING [0m [2m[py.warnings:112, 0f8858c49d67, rank=1][0m /opt/conda/lib/python3.12/site-packages/olmo_core/nn/pooled_soft_token.py:229: UserWarning: called a synchronizing CUDA operation (Triggered internally at /pytorch/c10/cuda/CUDAFunctions.cpp:162.)
2026-09-15T04:31:46.001Z   soft_docs += docs_b.tolist()
2026-09-15T04:31:46.001Z 
2026-09-15T04:31:46.001Z [2;36m[2026-09-15 04:31:46][0m [33mWARNING [0m [2m[py.warnings:112, 0f8858c49d67, rank=1][0m /opt/conda/lib/python3.12/site-packages/olmo_core/nn/pooled_soft_token.py:230: UserWarning: called a synchronizing CUDA operation (Triggered internally at /pytorch/c10/cuda/CUDAFunctions.cpp:162.)
2026-09-15T04:31:46.001Z   soft_log_len += lens_b.tolist()
2026-09-15T04:31:46.001Z 
2026-09-15T04:31:46.003Z [2;36m[2026-09-15 04:31:46][0m [33mWARNING [0m [2m[py.warnings:112, 0f8858c49d67, rank=1][0m /opt/conda/lib/python3.12/site-packages/olmo_core/nn/pooled_soft_token.py:280: UserWarning: called a synchronizing CUDA operation (Triggered internally at /pytorch/c10/cuda/CUDAFunctions.cpp:162.)
2026-09-15T04:31:46.003Z   row_lens[b] = L
2026-09-15T04:31:46.003Z 
2026-09-15T04:31:46.003Z [2;36m[2026-09-15 04:31:46][0m [33mWARNING [0m [2m[py.warnings:112, 0f8858c49d67, rank=1][0m /opt/conda/lib/python3.12/site-packages/olmo_core/nn/pooled_soft_token.py:297: UserWarning: called a synchronizing CUDA operation (Triggered internally at /pytorch/c10/cuda/CUDAFunctions.cpp:162.)
2026-09-15T04:31:46.003Z   soft_rows=torch.tensor(soft_rows, dtype=torch.long, device=device),
2026-09-15T04:31:46.003Z 
2026-09-15T04:31:46.004Z [2;36m[2026-09-15 04:31:46][0m [33mWARNING [0m [2m[py.warnings:112, 0f8858c49d67, rank=1][0m /opt/conda/lib/python3.12/site-packages/olmo_core/nn/pooled_soft_token.py:298: UserWarning: called a synchronizing CUDA operation (Triggered internally at /pytorch/c10/cuda/CUDAFunctions.cpp:162.)
2026-09-15T04:31:46.004Z   soft_cols=torch.tensor(soft_cols, dtype=torch.long, device=device),
2026-09-15T04:31:46.004Z 
2026-09-15T04:31:46.004Z [2;36m[2026-09-15 04:31:46][0m [33mWARNING [0m [2m[py.warnings:112, 0f8858c49d67, rank=1][0m /opt/conda/lib/python3.12/site-packages/olmo_core/nn/pooled_soft_token.py:299: UserWarning: called a synchronizing CUDA operation (Triggered internally at /pytorch/c10/cuda/CUDAFunctions.cpp:162.)
2026-09-15T04:31:46.004Z   soft_docs=torch.tensor(soft_docs, dtype=torch.long, device=device),
2026-09-15T04:31:46.004Z 
2026-09-15T04:31:46.004Z [2;36m[2026-09-15 04:31:46][0m [33mWARNING [0m [2m[py.warnings:112, 0f8858c49d67, rank=1][0m /opt/conda/lib/python3.12/site-packages/olmo_core/nn/pooled_soft_token.py:301: UserWarning: called a synchronizing CUDA operation (Triggered internally at /pytorch/c10/cuda/CUDAFunctions.cpp:162.)
2026-09-15T04:31:46.004Z   soft_log_len=torch.tensor(soft_log_len, dtype=torch.float32, device=device),
2026-09-15T04:31:46.004Z 
2026-09-15T04:31:46.005Z [2;36m[2026-09-15 04:31:46][0m [33mWARNING [0m [2m[py.warnings:112, 0f8858c49d67, rank=1][0m /opt/conda/lib/python3.12/site-packages/olmo_core/nn/transformer/model.py:1502: UserWarning: called a synchronizing CUDA operation (Triggered internally at /pytorch/c10/cuda/CUDAFunctions.cpp:162.)
2026-09-15T04:31:46.005Z   kv_grad_mask[cb.soft_rows, cb.soft_cols] = False
2026-09-15T04:31:46.005Z 
2026-09-15T04:31:46.197Z [2;36m[2026-09-15 04:31:46][0m [33mWARNING [0m [2m[py.warnings:112, 0f8858c49d67, rank=1][0m /opt/conda/lib/python3.12/site-packages/liger_kernel/ops/fused_linear_cross_entropy.py:75: UserWarning: called a synchronizing CUDA operation (Triggered internally at /pytorch/c10/cuda/CUDAFunctions.cpp:162.)
2026-09-15T04:31:46.197Z   total_n_non_ignore = target_mask.sum().item()
2026-09-15T04:31:46.197Z 
2026-09-15T04:31:47.172Z [2;36m[2026-09-15 04:31:47][0m [33mWARNING [0m [2m[py.warnings:112, 0f8858c49d67, rank=1][0m /opt/conda/lib/python3.12/site-packages/liger_kernel/ops/fused_linear_cross_entropy.py:233: UserWarning: called a synchronizing CUDA operation (Triggered internally at /pytorch/c10/cuda/CUDAFunctions.cpp:162.)
2026-09-15T04:31:47.172Z   if not torch.equal(grad_output, torch.tensor(1.0, device=grad_output.device)):
2026-09-15T04:31:47.172Z 
2026-09-15T04:31:49.216Z [2;36m[2026-09-15 04:31:49][0m [33mWARNING [0m [2m[py.warnings:112, 0f8858c49d67, rank=1][0m /opt/conda/lib/python3.12/site-packages/torch/autograd/graph.py:841: UserWarning: called a synchronizing CUDA operation (Triggered internally at /pytorch/c10/cuda/CUDAFunctions.cpp:162.)
2026-09-15T04:31:49.216Z   return Variable._execution_engine.run_backward(  # Calls into the C++ engine to run the backward pass
2026-09-15T04:31:49.216Z 
2026-09-15T04:31:49.463Z [2;36m[2026-09-15 04:31:49][0m [33mWARNING [0m [2m[py.warnings:112, 0f8858c49d67, rank=1][0m /opt/conda/lib/python3.12/site-packages/torch/distributed/utils.py:106: UserWarning: called a synchronizing CUDA operation (Triggered internally at /pytorch/c10/cuda/CUDAFunctions.cpp:162.)
2026-09-15T04:31:49.463Z   return (obj.to(target_device),)
2026-09-15T04:31:49.463Z 
2026-09-15T04:31:49.464Z [2;36m[2026-09-15 04:31:49][0m [34mINFO    [0m [2m[olmo_core.train.callbacks.console_logger:68, 0f8858c49d67, rank=0][0m [step=8/61,epoch=1,eta=45m]
2026-09-15T04:31:49.464Z     gpu_memory/GPU active mem (%)=76.00
2026-09-15T04:31:49.464Z     gpu_memory/GPU active mem (GiB)=60.23
2026-09-15T04:31:49.464Z     gpu_memory/GPU reserved mem (%)=81.32
2026-09-15T04:31:49.464Z     gpu_memory/GPU reserved mem (GiB)=64.45
2026-09-15T04:31:49.464Z     optim/LR (group 0)=4.49E-06
2026-09-15T04:31:49.464Z     optim/LR (group 1)=4.49E-06
2026-09-15T04:31:49.464Z     optim/step skipped=0.0
2026-09-15T04:31:49.464Z     optim/total grad norm=3.230
2026-09-15T04:31:49.464Z     throughput/chinchilla multiple=1.25E-05
2026-09-15T04:31:49.464Z     throughput/device/BPS=0.0166
2026-09-15T04:31:49.464Z     throughput/device/BPS (actual avg)=0.0195
2026-09-15T04:31:49.464Z     throughput/device/MFU=7.986
2026-09-15T04:31:49.464Z     throughput/device/MFU (actual avg)=9.386
2026-09-15T04:31:49.464Z     throughput/device/TPS=1,088
2026-09-15T04:31:49.464Z     throughput/device/TPS (actual avg)=1,278
2026-09-15T04:31:49.464Z     throughput/device/flopsPS=24.92T
2026-09-15T04:31:49.464Z     throughput/device/flopsPS (actual avg)=29.28T
2026-09-15T04:31:49.464Z     throughput/total petaflops=24.01
2026-09-15T04:31:49.464Z     throughput/total tokens=1,048,576
2026-09-15T04:31:49.464Z     train/CE loss=0.4296
2026-09-15T04:31:49.464Z     throughput/device/data loading (%)=0.0032
2026-09-15T04:31:49.464Z     throughput/device/data loading (s)=0.0019
2026-09-15T04:31:49.464Z     train/PPL=1.537
2026-09-15T04:31:49.474Z [2;36m[2026-09-15 04:31:49][0m [33mWARNING [0m [2m[py.warnings:112, 0f8858c49d67, rank=1][0m /opt/conda/lib/python3.12/site-packages/olmo_core/nn/transformer/model.py:834: UserWarning: called a synchronizing CUDA operation (Triggered internally at /pytorch/c10/cuda/CUDAFunctions.cpp:162.)
2026-09-15T04:31:49.474Z   flat = (torch.arange(B, device=emb.device)[:, None] * n_docs + cid.clamp(min=0)).reshape(
2026-09-15T04:31:49.474Z 
2026-09-15T04:31:49.475Z [2;36m[2026-09-15 04:31:49][0m [33mWARNING [0m [2m[py.warnings:112, 0f8858c49d67, rank=1][0m /opt/conda/lib/python3.12/site-packages/olmo_core/nn/transformer/model.py:838: UserWarning: called a synchronizing CUDA operation (Triggered internally at /pytorch/c10/cuda/CUDAFunctions.cpp:162.)
2026-09-15T04:31:49.475Z   0, flat, emb.reshape(B * T, D)[is_ctx.reshape(-1)]
2026-09-15T04:31:49.475Z 
2026-09-15T04:31:49.483Z [2;36m[2026-09-15 04:31:49][0m [33mWARNING [0m [2m[py.warnings:112, 0f8858c49d67, rank=1][0m /opt/conda/lib/python3.12/site-packages/olmo_core/nn/pooled_soft_token.py:173: UserWarning: called a synchronizing CUDA operation (Triggered internally at /pytorch/c10/cuda/CUDAFunctions.cpp:162.)
2026-09-15T04:31:49.483Z   kept_idx = kept_tok.nonzero(as_tuple=True)[0]
2026-09-15T04:31:49.483Z 
2026-09-15T04:31:49.483Z [2;36m[2026-09-15 04:31:49][0m [33mWARNING [0m [2m[py.warnings:112, 0f8858c49d67, rank=1][0m /opt/conda/lib/python3.12/site-packages/olmo_core/nn/pooled_soft_token.py:179: UserWarning: called a synchronizing CUDA operation (Triggered internally at /pytorch/c10/cuda/CUDAFunctions.cpp:162.)
2026-09-15T04:31:49.483Z   if is_ctx.any():
2026-09-15T04:31:49.483Z 
2026-09-15T04:31:49.484Z [2;36m[2026-09-15 04:31:49][0m [33mWARNING [0m [2m[py.warnings:112, 0f8858c49d67, rank=1][0m /opt/conda/lib/python3.12/site-packages/olmo_core/nn/pooled_soft_token.py:180: UserWarning: called a synchronizing CUDA operation (Triggered internally at /pytorch/c10/cuda/CUDAFunctions.cpp:162.)
2026-09-15T04:31:49.484Z   d_ix = c[is_ctx]
2026-09-15T04:31:49.484Z 
2026-09-15T04:31:49.484Z [2;36m[2026-09-15 04:31:49][0m [33mWARNING [0m [2m[py.warnings:112, 0f8858c49d67, rank=1][0m /opt/conda/lib/python3.12/site-packages/olmo_core/nn/pooled_soft_token.py:181: UserWarning: called a synchronizing CUDA operation (Triggered internally at /pytorch/c10/cuda/CUDAFunctions.cpp:162.)
2026-09-15T04:31:49.484Z   pos_ix = is_ctx.nonzero(as_tuple=True)[0]
2026-09-15T04:31:49.484Z 
2026-09-15T04:31:49.485Z [2;36m[2026-09-15 04:31:49][0m [33mWARNING [0m [2m[py.warnings:112, 0f8858c49d67, rank=1][0m /opt/conda/lib/python3.12/site-packages/olmo_core/nn/pooled_soft_token.py:186: UserWarning: called a synchronizing CUDA operation (Triggered internally at /pytorch/c10/cuda/CUDAFunctions.cpp:162.)
2026-09-15T04:31:49.485Z   pooled_docs = pooled.nonzero(as_tuple=True)[0]
2026-09-15T04:31:49.485Z 
2026-09-15T04:31:49.485Z [2;36m[2026-09-15 04:31:49][0m [33mWARNING [0m [2m[py.warnings:112, 0f8858c49d67, rank=1][0m /opt/conda/lib/python3.12/site-packages/olmo_core/nn/pooled_soft_token.py:217: UserWarning: called a synchronizing CUDA operation (Triggered internally at /pytorch/c10/cuda/CUDAFunctions.cpp:162.)
2026-09-15T04:31:49.485Z   doc_len = torch.bincount(c[is_ctx], minlength=n_docs) if is_ctx.any() else torch.zeros(n_docs, dtype=torch.long, device=device)
2026-09-15T04:31:49.485Z 
2026-09-15T04:31:49.486Z [2;36m[2026-09-15 04:31:49][0m [33mWARNING [0m [2m[py.warnings:112, 0f8858c49d67, rank=1][0m /opt/conda/lib/python3.12/site-packages/olmo_core/nn/pooled_soft_token.py:222: UserWarning: called a synchronizing CUDA operation (Triggered internally at /pytorch/c10/cuda/CUDAFunctions.cpp:162.)
2026-09-15T04:31:49.486Z   soft_cols_b = soft_mask.nonzero(as_tuple=True)[0]
2026-09-15T04:31:49.486Z 
2026-09-15T04:31:49.487Z [2;36m[2026-09-15 04:31:49][0m [33mWARNING [0m [2m[py.warnings:112, 0f8858c49d67, rank=1][0m /opt/conda/lib/python3.12/site-packages/olmo_core/nn/pooled_soft_token.py:226: UserWarning: called a synchronizing CUDA operation (Triggered internally at /pytorch/c10/cuda/CUDAFunctions.cpp:162.)
2026-09-15T04:31:49.487Z   cols_l = soft_cols_b.tolist()
2026-09-15T04:31:49.487Z 
2026-09-15T04:31:49.487Z [2;36m[2026-09-15 04:31:49][0m [33mWARNING [0m [2m[py.warnings:112, 0f8858c49d67, rank=1][0m /opt/conda/lib/python3.12/site-packages/olmo_core/nn/pooled_soft_token.py:229: UserWarning: called a synchronizing CUDA operation (Triggered internally at /pytorch/c10/cuda/CUDAFunctions.cpp:162.)
2026-09-15T04:31:49.487Z   soft_docs += docs_b.tolist()
2026-09-15T04:31:49.487Z 
2026-09-15T04:31:49.487Z [2;36m[2026-09-15 04:31:49][0m [33mWARNING [0m [2m[py.warnings:112, 0f8858c49d67, rank=1][0m /opt/conda/lib/python3.12/site-packages/olmo_core/nn/pooled_soft_token.py:230: UserWarning: called a synchronizing CUDA operation (Triggered internally at /pytorch/c10/cuda/CUDAFunctions.cpp:162.)
2026-09-15T04:31:49.487Z   soft_log_len += lens_b.tolist()
2026-09-15T04:31:49.487Z 
2026-09-15T04:31:49.490Z [2;36m[2026-09-15 04:31:49][0m [33mWARNING [0m [2m[py.warnings:112, 0f8858c49d67, rank=1][0m /opt/conda/lib/python3.12/site-packages/olmo_core/nn/pooled_soft_token.py:280: UserWarning: called a synchronizing CUDA operation (Triggered internally at /pytorch/c10/cuda/CUDAFunctions.cpp:162.)
2026-09-15T04:31:49.490Z   row_lens[b] = L
2026-09-15T04:31:49.490Z 
2026-09-15T04:31:49.490Z [2;36m[2026-09-15 04:31:49][0m [33mWARNING [0m [2m[py.warnings:112, 0f8858c49d67, rank=1][0m /opt/conda/lib/python3.12/site-packages/olmo_core/nn/pooled_soft_token.py:297: UserWarning: called a synchronizing CUDA operation (Triggered internally at /pytorch/c10/cuda/CUDAFunctions.cpp:162.)
2026-09-15T04:31:49.490Z   soft_rows=torch.tensor(soft_rows, dtype=torch.long, device=device),
2026-09-15T04:31:49.490Z 
2026-09-15T04:31:49.491Z [2;36m[2026-09-15 04:31:49][0m [33mWARNING [0m [2m[py.warnings:112, 0f8858c49d67, rank=1][0m /opt/conda/lib/python3.12/site-packages/olmo_core/nn/pooled_soft_token.py:298: UserWarning: called a synchronizing CUDA operation (Triggered internally at /pytorch/c10/cuda/CUDAFunctions.cpp:162.)
2026-09-15T04:31:49.491Z   soft_cols=torch.tensor(soft_cols, dtype=torch.long, device=device),
2026-09-15T04:31:49.491Z 
2026-09-15T04:31:49.491Z [2;36m[2026-09-15 04:31:49][0m [33mWARNING [0m [2m[py.warnings:112, 0f8858c49d67, rank=1][0m /opt/conda/lib/python3.12/site-packages/olmo_core/nn/pooled_soft_token.py:299: UserWarning: called a synchronizing CUDA operation (Triggered internally at /pytorch/c10/cuda/CUDAFunctions.cpp:162.)
2026-09-15T04:31:49.491Z   soft_docs=torch.tensor(soft_docs, dtype=torch.long, device=device),
2026-09-15T04:31:49.491Z 
2026-09-15T04:31:49.491Z [2;36m[2026-09-15 04:31:49][0m [33mWARNING [0m [2m[py.warnings:112, 0f8858c49d67, rank=1][0m /opt/conda/lib/python3.12/site-packages/olmo_core/nn/pooled_soft_token.py:301: UserWarning: called a synchronizing CUDA operation (Triggered internally at /pytorch/c10/cuda/CUDAFunctions.cpp:162.)
2026-09-15T04:31:49.491Z   soft_log_len=torch.tensor(soft_log_len, dtype=torch.float32, device=device),
2026-09-15T04:31:49.491Z 
2026-09-15T04:31:49.492Z [2;36m[2026-09-15 04:31:49][0m [33mWARNING [0m [2m[py.warnings:112, 0f8858c49d67, rank=1][0m /opt/conda/lib/python3.12/site-packages/olmo_core/nn/transformer/model.py:1502: UserWarning: called a synchronizing CUDA operation (Triggered internally at /pytorch/c10/cuda/CUDAFunctions.cpp:162.)
2026-09-15T04:31:49.492Z   kv_grad_mask[cb.soft_rows, cb.soft_cols] = False
2026-09-15T04:31:49.492Z 
2026-09-15T04:31:49.669Z [2;36m[2026-09-15 04:31:49][0m [33mWARNING [0m [2m[py.warnings:112, 0f8858c49d67, rank=1][0m /opt/conda/lib/python3.12/site-packages/liger_kernel/ops/fused_linear_cross_entropy.py:75: UserWarning: called a synchronizing CUDA operation (Triggered internally at /pytorch/c10/cuda/CUDAFunctions.cpp:162.)
2026-09-15T04:31:49.669Z   total_n_non_ignore = target_mask.sum().item()
2026-09-15T04:31:49.669Z 
2026-09-15T04:31:50.325Z [2;36m[2026-09-15 04:31:50][0m [33mWARNING [0m [2m[py.warnings:112, 0f8858c49d67, rank=1][0m /opt/conda/lib/python3.12/site-packages/liger_kernel/ops/fused_linear_cross_entropy.py:233: UserWarning: called a synchronizing CUDA operation (Triggered internally at /pytorch/c10/cuda/CUDAFunctions.cpp:162.)
2026-09-15T04:31:50.325Z   if not torch.equal(grad_output, torch.tensor(1.0, device=grad_output.device)):
2026-09-15T04:31:50.325Z 
2026-09-15T04:31:51.104Z [2;36m[2026-09-15 04:31:51][0m [33mWARNING [0m [2m[py.warnings:112, 0f8858c49d67, rank=1][0m /opt/conda/lib/python3.12/site-packages/olmo_core/nn/transformer/model.py:777: UserWarning: called a synchronizing CUDA operation (Triggered internally at /pytorch/c10/cuda/CUDAFunctions.cpp:162.)
2026-09-15T04:31:51.104Z   n_docs = int(chunk_ids.max().item()) + 1
2026-09-15T04:31:51.104Z 
2026-09-15T04:32:02.678Z [2;36m[2026-09-15 04:32:02][0m [34mINFO    [0m [2m[olmo_core.train.callbacks.console_logger:68, 0f8858c49d67, rank=0][0m [step=9/61,epoch=1,eta=40m]
2026-09-15T04:32:02.678Z     gpu_memory/GPU active mem (%)=76.00
2026-09-15T04:32:02.678Z     gpu_memory/GPU active mem (GiB)=60.23
2026-09-15T04:32:02.678Z     gpu_memory/GPU reserved mem (%)=81.32
2026-09-15T04:32:02.678Z     gpu_memory/GPU reserved mem (GiB)=64.45
2026-09-15T04:32:02.678Z     optim/LR (group 0)=4.41E-06
2026-09-15T04:32:02.678Z     optim/LR (group 1)=4.41E-06
2026-09-15T04:32:02.678Z     optim/step skipped=0.0
2026-09-15T04:32:02.678Z     optim/total grad norm=5.773
2026-09-15T04:32:02.678Z     throughput/chinchilla multiple=1.40E-05
2026-09-15T04:32:02.678Z     throughput/device/BPS=0.0757
2026-09-15T04:32:02.678Z     throughput/device/BPS (actual avg)=0.0215
2026-09-15T04:32:02.678Z     throughput/device/MFU=36.40
2026-09-15T04:32:02.678Z     throughput/device/MFU (actual avg)=10.35
2026-09-15T04:32:02.678Z     throughput/device/TPS=4,960
2026-09-15T04:32:02.678Z     throughput/device/TPS (actual avg)=1,409
2026-09-15T04:32:02.678Z     throughput/device/flopsPS=113.6T
2026-09-15T04:32:02.678Z     throughput/device/flopsPS (actual avg)=32.28T
2026-09-15T04:32:02.678Z     throughput/total petaflops=27.01
2026-09-15T04:32:02.678Z     throughput/total tokens=1,179,648
2026-09-15T04:32:02.678Z     train/CE loss=0.4217
2026-09-15T04:32:02.678Z     throughput/device/data loading (%)=0.0141
2026-09-15T04:32:02.678Z     throughput/device/data loading (s)=0.0019
2026-09-15T04:32:02.678Z     train/PPL=1.525
2026-09-15T04:32:24.162Z [2;36m[2026-09-15 04:32:24][0m [33mWARNING [0m [2m[py.warnings:112, 0f8858c49d67, rank=1][0m /opt/conda/lib/python3.12/site-packages/liger_kernel/ops/fused_linear_cross_entropy.py:75: UserWarning: called a synchronizing CUDA operation (Triggered internally at /pytorch/c10/cuda/CUDAFunctions.cpp:162.)
2026-09-15T04:32:24.162Z   total_n_non_ignore = target_mask.sum().item()
2026-09-15T04:32:24.162Z 
2026-09-15T04:32:24.927Z [2;36m[2026-09-15 04:32:24][0m [33mWARNING [0m [2m[py.warnings:112, 0f8858c49d67, rank=1][0m /opt/conda/lib/python3.12/site-packages/liger_kernel/ops/fused_linear_cross_entropy.py:233: UserWarning: called a synchronizing CUDA operation (Triggered internally at /pytorch/c10/cuda/CUDAFunctions.cpp:162.)
2026-09-15T04:32:24.927Z   if not torch.equal(grad_output, torch.tensor(1.0, device=grad_output.device)):
2026-09-15T04:32:24.927Z 
2026-09-15T04:32:58.480Z [2;36m[2026-09-15 04:32:58][0m [33mWARNING [0m [2m[py.warnings:112, 0f8858c49d67, rank=1][0m /opt/conda/lib/python3.12/site-packages/torch/autograd/graph.py:841: UserWarning: called a synchronizing CUDA operation (Triggered internally at /pytorch/c10/cuda/CUDAFunctions.cpp:162.)
2026-09-15T04:32:58.480Z   return Variable._execution_engine.run_backward(  # Calls into the C++ engine to run the backward pass
2026-09-15T04:32:58.480Z 
2026-09-15T04:32:58.481Z [2;36m[2026-09-15 04:32:58][0m [33mWARNING [0m [2m[py.warnings:112, 0f8858c49d67, rank=1][0m /opt/conda/lib/python3.12/site-packages/torch/distributed/utils.py:106: UserWarning: called a synchronizing CUDA operation (Triggered internally at /pytorch/c10/cuda/CUDAFunctions.cpp:162.)
2026-09-15T04:32:58.481Z   return (obj.to(target_device),)
2026-09-15T04:32:58.481Z 
2026-09-15T04:32:58.489Z [2;36m[2026-09-15 04:32:58][0m [33mWARNING [0m [2m[py.warnings:112, 0f8858c49d67, rank=1][0m /opt/conda/lib/python3.12/site-packages/olmo_core/nn/transformer/model.py:777: UserWarning: called a synchronizing CUDA operation (Triggered internally at /pytorch/c10/cuda/CUDAFunctions.cpp:162.)
2026-09-15T04:32:58.489Z   n_docs = int(chunk_ids.max().item()) + 1
2026-09-15T04:32:58.489Z 
2026-09-15T04:32:58.498Z [2;36m[2026-09-15 04:32:58][0m [33mWARNING [0m [2m[py.warnings:112, 0f8858c49d67, rank=1][0m /opt/conda/lib/python3.12/site-packages/olmo_core/nn/transformer/model.py:834: UserWarning: called a synchronizing CUDA operation (Triggered internally at /pytorch/c10/cuda/CUDAFunctions.cpp:162.)
2026-09-15T04:32:58.498Z   flat = (torch.arange(B, device=emb.device)[:, None] * n_docs + cid.clamp(min=0)).reshape(
2026-09-15T04:32:58.498Z 
2026-09-15T04:32:58.498Z [2;36m[2026-09-15 04:32:58][0m [33mWARNING [0m [2m[py.warnings:112, 0f8858c49d67, rank=1][0m /opt/conda/lib/python3.12/site-packages/olmo_core/nn/transformer/model.py:838: UserWarning: called a synchronizing CUDA operation (Triggered internally at /pytorch/c10/cuda/CUDAFunctions.cpp:162.)
2026-09-15T04:32:58.498Z   0, flat, emb.reshape(B * T, D)[is_ctx.reshape(-1)]
2026-09-15T04:32:58.498Z 
2026-09-15T04:32:58.506Z [2;36m[2026-09-15 04:32:58][0m [33mWARNING [0m [2m[py.warnings:112, 0f8858c49d67, rank=1][0m /opt/conda/lib/python3.12/site-packages/olmo_core/nn/pooled_soft_token.py:173: UserWarning: called a synchronizing CUDA operation (Triggered internally at /pytorch/c10/cuda/CUDAFunctions.cpp:162.)
2026-09-15T04:32:58.507Z   kept_idx = kept_tok.nonzero(as_tuple=True)[0]
2026-09-15T04:32:58.507Z 
2026-09-15T04:32:58.507Z [2;36m[2026-09-15 04:32:58][0m [33mWARNING [0m [2m[py.warnings:112, 0f8858c49d67, rank=1][0m /opt/conda/lib/python3.12/site-packages/olmo_core/nn/pooled_soft_token.py:179: UserWarning: called a synchronizing CUDA operation (Triggered internally at /pytorch/c10/cuda/CUDAFunctions.cpp:162.)
2026-09-15T04:32:58.507Z   if is_ctx.any():
2026-09-15T04:32:58.507Z 
2026-09-15T04:32:58.507Z [2;36m[2026-09-15 04:32:58][0m [33mWARNING [0m [2m[py.warnings:112, 0f8858c49d67, rank=1][0m /opt/conda/lib/python3.12/site-packages/olmo_core/nn/pooled_soft_token.py:180: UserWarning: called a synchronizing CUDA operation (Triggered internally at /pytorch/c10/cuda/CUDAFunctions.cpp:162.)
2026-09-15T04:32:58.507Z   d_ix = c[is_ctx]
2026-09-15T04:32:58.507Z 
2026-09-15T04:32:58.508Z [2;36m[2026-09-15 04:32:58][0m [33mWARNING [0m [2m[py.warnings:112, 0f8858c49d67, rank=1][0m /opt/conda/lib/python3.12/site-packages/olmo_core/nn/pooled_soft_token.py:181: UserWarning: called a synchronizing CUDA operation (Triggered internally at /pytorch/c10/cuda/CUDAFunctions.cpp:162.)
2026-09-15T04:32:58.508Z   pos_ix = is_ctx.nonzero(as_tuple=True)[0]
2026-09-15T04:32:58.508Z 
2026-09-15T04:32:58.508Z [2;36m[2026-09-15 04:32:58][0m [33mWARNING [0m [2m[py.warnings:112, 0f8858c49d67, rank=1][0m /opt/conda/lib/python3.12/site-packages/olmo_core/nn/pooled_soft_token.py:186: UserWarning: called a synchronizing CUDA operation (Triggered internally at /pytorch/c10/cuda/CUDAFunctions.cpp:162.)
2026-09-15T04:32:58.508Z   pooled_docs = pooled.nonzero(as_tuple=True)[0]
2026-09-15T04:32:58.508Z 
2026-09-15T04:32:58.509Z [2;36m[2026-09-15 04:32:58][0m [33mWARNING [0m [2m[py.warnings:112, 0f8858c49d67, rank=1][0m /opt/conda/lib/python3.12/site-packages/olmo_core/nn/pooled_soft_token.py:217: UserWarning: called a synchronizing CUDA operation (Triggered internally at /pytorch/c10/cuda/CUDAFunctions.cpp:162.)
2026-09-15T04:32:58.509Z   doc_len = torch.bincount(c[is_ctx], minlength=n_docs) if is_ctx.any() else torch.zeros(n_docs, dtype=torch.long, device=device)
2026-09-15T04:32:58.509Z 
2026-09-15T04:32:58.510Z [2;36m[2026-09-15 04:32:58][0m [33mWARNING [0m [2m[py.warnings:112, 0f8858c49d67, rank=1][0m /opt/conda/lib/python3.12/site-packages/olmo_core/nn/pooled_soft_token.py:222: UserWarning: called a synchronizing CUDA operation (Triggered internally at /pytorch/c10/cuda/CUDAFunctions.cpp:162.)
2026-09-15T04:32:58.510Z   soft_cols_b = soft_mask.nonzero(as_tuple=True)[0]
2026-09-15T04:32:58.510Z 
2026-09-15T04:32:58.510Z [2;36m[2026-09-15 04:32:58][0m [33mWARNING [0m [2m[py.warnings:112, 0f8858c49d67, rank=1][0m /opt/conda/lib/python3.12/site-packages/olmo_core/nn/pooled_soft_token.py:226: UserWarning: called a synchronizing CUDA operation (Triggered internally at /pytorch/c10/cuda/CUDAFunctions.cpp:162.)
2026-09-15T04:32:58.510Z   cols_l = soft_cols_b.tolist()
2026-09-15T04:32:58.510Z 
2026-09-15T04:32:58.510Z [2;36m[2026-09-15 04:32:58][0m [33mWARNING [0m [2m[py.warnings:112, 0f8858c49d67, rank=1][0m /opt/conda/lib/python3.12/site-packages/olmo_core/nn/pooled_soft_token.py:229: UserWarning: called a synchronizing CUDA operation (Triggered internally at /pytorch/c10/cuda/CUDAFunctions.cpp:162.)
2026-09-15T04:32:58.510Z   soft_docs += docs_b.tolist()
2026-09-15T04:32:58.510Z 
2026-09-15T04:32:58.511Z [2;36m[2026-09-15 04:32:58][0m [33mWARNING [0m [2m[py.warnings:112, 0f8858c49d67, rank=1][0m /opt/conda/lib/python3.12/site-packages/olmo_core/nn/pooled_soft_token.py:230: UserWarning: called a synchronizing CUDA operation (Triggered internally at /pytorch/c10/cuda/CUDAFunctions.cpp:162.)
2026-09-15T04:32:58.511Z   soft_log_len += lens_b.tolist()
2026-09-15T04:32:58.511Z 
2026-09-15T04:32:58.512Z [2;36m[2026-09-15 04:32:58][0m [33mWARNING [0m [2m[py.warnings:112, 0f8858c49d67, rank=1][0m /opt/conda/lib/python3.12/site-packages/olmo_core/nn/pooled_soft_token.py:280: UserWarning: called a synchronizing CUDA operation (Triggered internally at /pytorch/c10/cuda/CUDAFunctions.cpp:162.)
2026-09-15T04:32:58.512Z   row_lens[b] = L
2026-09-15T04:32:58.512Z 
2026-09-15T04:32:58.513Z [2;36m[2026-09-15 04:32:58][0m [33mWARNING [0m [2m[py.warnings:112, 0f8858c49d67, rank=1][0m /opt/conda/lib/python3.12/site-packages/olmo_core/nn/pooled_soft_token.py:297: UserWarning: called a synchronizing CUDA operation (Triggered internally at /pytorch/c10/cuda/CUDAFunctions.cpp:162.)
2026-09-15T04:32:58.513Z   soft_rows=torch.tensor(soft_rows, dtype=torch.long, device=device),
2026-09-15T04:32:58.513Z 
2026-09-15T04:32:58.513Z [2;36m[2026-09-15 04:32:58][0m [33mWARNING [0m [2m[py.warnings:112, 0f8858c49d67, rank=1][0m /opt/conda/lib/python3.12/site-packages/olmo_core/nn/pooled_soft_token.py:298: UserWarning: called a synchronizing CUDA operation (Triggered internally at /pytorch/c10/cuda/CUDAFunctions.cpp:162.)
2026-09-15T04:32:58.513Z   soft_cols=torch.tensor(soft_cols, dtype=torch.long, device=device),
2026-09-15T04:32:58.513Z 
2026-09-15T04:32:58.514Z [2;36m[2026-09-15 04:32:58][0m [33mWARNING [0m [2m[py.warnings:112, 0f8858c49d67, rank=1][0m /opt/conda/lib/python3.12/site-packages/olmo_core/nn/pooled_soft_token.py:299: UserWarning: called a synchronizing CUDA operation (Triggered internally at /pytorch/c10/cuda/CUDAFunctions.cpp:162.)
2026-09-15T04:32:58.514Z   soft_docs=torch.tensor(soft_docs, dtype=torch.long, device=device),
2026-09-15T04:32:58.514Z 
2026-09-15T04:32:58.514Z [2;36m[2026-09-15 04:32:58][0m [33mWARNING [0m [2m[py.warnings:112, 0f8858c49d67, rank=1][0m /opt/conda/lib/python3.12/site-packages/olmo_core/nn/pooled_soft_token.py:301: UserWarning: called a synchronizing CUDA operation (Triggered internally at /pytorch/c10/cuda/CUDAFunctions.cpp:162.)
2026-09-15T04:32:58.514Z   soft_log_len=torch.tensor(soft_log_len, dtype=torch.float32, device=device),
2026-09-15T04:32:58.514Z 
2026-09-15T04:32:58.514Z [2;36m[2026-09-15 04:32:58][0m [33mWARNING [0m [2m[py.warnings:112, 0f8858c49d67, rank=1][0m /opt/conda/lib/python3.12/site-packages/olmo_core/nn/transformer/model.py:1502: UserWarning: called a synchronizing CUDA operation (Triggered internally at /pytorch/c10/cuda/CUDAFunctions.cpp:162.)
2026-09-15T04:32:58.514Z   kv_grad_mask[cb.soft_rows, cb.soft_cols] = False
2026-09-15T04:32:58.514Z 
2026-09-15T04:32:58.723Z [2;36m[2026-09-15 04:32:58][0m [33mWARNING [0m [2m[py.warnings:112, 0f8858c49d67, rank=1][0m /opt/conda/lib/python3.12/site-packages/liger_kernel/ops/fused_linear_cross_entropy.py:75: UserWarning: called a synchronizing CUDA operation (Triggered internally at /pytorch/c10/cuda/CUDAFunctions.cpp:162.)
2026-09-15T04:32:58.723Z   total_n_non_ignore = target_mask.sum().item()
2026-09-15T04:32:58.723Z 
2026-09-15T04:32:59.292Z [2;36m[2026-09-15 04:32:59][0m [33mWARNING [0m [2m[py.warnings:112, 0f8858c49d67, rank=1][0m /opt/conda/lib/python3.12/site-packages/liger_kernel/ops/fused_linear_cross_entropy.py:233: UserWarning: called a synchronizing CUDA operation (Triggered internally at /pytorch/c10/cuda/CUDAFunctions.cpp:162.)
2026-09-15T04:32:59.292Z   if not torch.equal(grad_output, torch.tensor(1.0, device=grad_output.device)):
2026-09-15T04:32:59.292Z 
2026-09-15T04:33:09.755Z [2;36m[2026-09-15 04:33:09][0m [34mINFO    [0m [2m[olmo_core.train.callbacks.console_logger:68, 0f8858c49d67, rank=0][0m [step=10/61,epoch=1,eta=41m]
2026-09-15T04:33:09.755Z     gpu_memory/GPU active mem (%)=76.00
2026-09-15T04:33:09.755Z     gpu_memory/GPU active mem (GiB)=60.23
2026-09-15T04:33:09.755Z     gpu_memory/GPU reserved mem (%)=81.32
2026-09-15T04:33:09.755Z     gpu_memory/GPU reserved mem (GiB)=64.45
2026-09-15T04:33:09.755Z     optim/LR (group 0)=4.32E-06
2026-09-15T04:33:09.755Z     optim/LR (group 1)=4.32E-06
2026-09-15T04:33:09.755Z     optim/step skipped=0.0
2026-09-15T04:33:09.755Z     optim/total grad norm=16.45
2026-09-15T04:33:09.755Z     throughput/chinchilla multiple=1.56E-05
2026-09-15T04:33:09.755Z     throughput/device/BPS=0.0149
2026-09-15T04:33:09.755Z     throughput/device/BPS (actual avg)=0.0205
2026-09-15T04:33:09.755Z     throughput/device/MFU=7.171
2026-09-15T04:33:09.755Z     throughput/device/MFU (actual avg)=9.861
2026-09-15T04:33:09.755Z     throughput/device/TPS=977.0
2026-09-15T04:33:09.755Z     throughput/device/TPS (actual avg)=1,343
2026-09-15T04:33:09.755Z     throughput/device/flopsPS=22.37T
2026-09-15T04:33:09.755Z     throughput/device/flopsPS (actual avg)=30.77T
2026-09-15T04:33:09.755Z     throughput/total petaflops=30.01
2026-09-15T04:33:09.755Z     throughput/total tokens=1,310,720
2026-09-15T04:33:09.755Z     train/CE loss=0.3865
2026-09-15T04:33:09.755Z     throughput/device/data loading (%)=0.0067
2026-09-15T04:33:09.755Z     throughput/device/data loading (s)=0.0045
2026-09-15T04:33:09.755Z     train/PPL=1.472
2026-09-15T04:33:20.738Z [2;36m[2026-09-15 04:33:20][0m [33mWARNING [0m [2m[py.warnings:112, 0f8858c49d67, rank=0][0m /opt/conda/lib/python3.12/site-packages/liger_kernel/ops/fused_linear_cross_entropy.py:75: UserWarning: called a synchronizing CUDA operation (Triggered internally at /pytorch/c10/cuda/CUDAFunctions.cpp:162.)
2026-09-15T04:33:20.738Z   total_n_non_ignore = target_mask.sum().item()
2026-09-15T04:33:20.738Z 
2026-09-15T04:33:21.263Z [2;36m[2026-09-15 04:33:21][0m [33mWARNING [0m [2m[py.warnings:112, 0f8858c49d67, rank=0][0m /opt/conda/lib/python3.12/site-packages/liger_kernel/ops/fused_linear_cross_entropy.py:233: UserWarning: called a synchronizing CUDA operation (Triggered internally at /pytorch/c10/cuda/CUDAFunctions.cpp:162.)
2026-09-15T04:33:21.263Z   if not torch.equal(grad_output, torch.tensor(1.0, device=grad_output.device)):
2026-09-15T04:33:21.263Z 
2026-09-15T04:33:34.475Z [2;36m[2026-09-15 04:33:34][0m [33mWARNING [0m [2m[py.warnings:112, 0f8858c49d67, rank=0][0m /opt/conda/lib/python3.12/site-packages/torch/autograd/graph.py:841: UserWarning: called a synchronizing CUDA operation (Triggered internally at /pytorch/c10/cuda/CUDAFunctions.cpp:162.)
2026-09-15T04:33:34.475Z   return Variable._execution_engine.run_backward(  # Calls into the C++ engine to run the backward pass
2026-09-15T04:33:34.475Z 
2026-09-15T04:33:34.490Z [2;36m[2026-09-15 04:33:34][0m [33mWARNING [0m [2m[py.warnings:112, 0f8858c49d67, rank=0][0m /opt/conda/lib/python3.12/site-packages/torch/distributed/utils.py:106: UserWarning: called a synchronizing CUDA operation (Triggered internally at /pytorch/c10/cuda/CUDAFunctions.cpp:162.)
2026-09-15T04:33:34.490Z   return (obj.to(target_device),)
2026-09-15T04:33:34.490Z 
2026-09-15T04:33:34.497Z [2;36m[2026-09-15 04:33:34][0m [33mWARNING [0m [2m[py.warnings:112, 0f8858c49d67, rank=0][0m /opt/conda/lib/python3.12/site-packages/olmo_core/nn/transformer/model.py:777: UserWarning: called a synchronizing CUDA operation (Triggered internally at /pytorch/c10/cuda/CUDAFunctions.cpp:162.)
2026-09-15T04:33:34.497Z   n_docs = int(chunk_ids.max().item()) + 1
2026-09-15T04:33:34.497Z 
2026-09-15T04:33:34.506Z [2;36m[2026-09-15 04:33:34][0m [33mWARNING [0m [2m[py.warnings:112, 0f8858c49d67, rank=0][0m /opt/conda/lib/python3.12/site-packages/olmo_core/nn/transformer/model.py:834: UserWarning: called a synchronizing CUDA operation (Triggered internally at /pytorch/c10/cuda/CUDAFunctions.cpp:162.)
2026-09-15T04:33:34.506Z   flat = (torch.arange(B, device=emb.device)[:, None] * n_docs + cid.clamp(min=0)).reshape(
2026-09-15T04:33:34.506Z 
2026-09-15T04:33:34.507Z [2;36m[2026-09-15 04:33:34][0m [33mWARNING [0m [2m[py.warnings:112, 0f8858c49d67, rank=0][0m /opt/conda/lib/python3.12/site-packages/olmo_core/nn/transformer/model.py:838: UserWarning: called a synchronizing CUDA operation (Triggered internally at /pytorch/c10/cuda/CUDAFunctions.cpp:162.)
2026-09-15T04:33:34.507Z   0, flat, emb.reshape(B * T, D)[is_ctx.reshape(-1)]
2026-09-15T04:33:34.507Z 
2026-09-15T04:33:34.517Z [2;36m[2026-09-15 04:33:34][0m [33mWARNING [0m [2m[py.warnings:112, 0f8858c49d67, rank=0][0m /opt/conda/lib/python3.12/site-packages/olmo_core/nn/pooled_soft_token.py:173: UserWarning: called a synchronizing CUDA operation (Triggered internally at /pytorch/c10/cuda/CUDAFunctions.cpp:162.)
2026-09-15T04:33:34.517Z   kept_idx = kept_tok.nonzero(as_tuple=True)[0]
2026-09-15T04:33:34.517Z 
2026-09-15T04:33:34.517Z [2;36m[2026-09-15 04:33:34][0m [33mWARNING [0m [2m[py.warnings:112, 0f8858c49d67, rank=0][0m /opt/conda/lib/python3.12/site-packages/olmo_core/nn/pooled_soft_token.py:179: UserWarning: called a synchronizing CUDA operation (Triggered internally at /pytorch/c10/cuda/CUDAFunctions.cpp:162.)
2026-09-15T04:33:34.517Z   if is_ctx.any():
2026-09-15T04:33:34.517Z 
2026-09-15T04:33:34.518Z [2;36m[2026-09-15 04:33:34][0m [33mWARNING [0m [2m[py.warnings:112, 0f8858c49d67, rank=0][0m /opt/conda/lib/python3.12/site-packages/olmo_core/nn/pooled_soft_token.py:180: UserWarning: called a synchronizing CUDA operation (Triggered internally at /pytorch/c10/cuda/CUDAFunctions.cpp:162.)
2026-09-15T04:33:34.518Z   d_ix = c[is_ctx]
2026-09-15T04:33:34.518Z 
2026-09-15T04:33:34.518Z [2;36m[2026-09-15 04:33:34][0m [33mWARNING [0m [2m[py.warnings:112, 0f8858c49d67, rank=0][0m /opt/conda/lib/python3.12/site-packages/olmo_core/nn/pooled_soft_token.py:181: UserWarning: called a synchronizing CUDA operation (Triggered internally at /pytorch/c10/cuda/CUDAFunctions.cpp:162.)
2026-09-15T04:33:34.518Z   pos_ix = is_ctx.nonzero(as_tuple=True)[0]
2026-09-15T04:33:34.518Z 
2026-09-15T04:33:34.519Z [2;36m[2026-09-15 04:33:34][0m [33mWARNING [0m [2m[py.warnings:112, 0f8858c49d67, rank=0][0m /opt/conda/lib/python3.12/site-packages/olmo_core/nn/pooled_soft_token.py:186: UserWarning: called a synchronizing CUDA operation (Triggered internally at /pytorch/c10/cuda/CUDAFunctions.cpp:162.)
2026-09-15T04:33:34.519Z   pooled_docs = pooled.nonzero(as_tuple=True)[0]
2026-09-15T04:33:34.519Z 
2026-09-15T04:33:34.520Z [2;36m[2026-09-15 04:33:34][0m [33mWARNING [0m [2m[py.warnings:112, 0f8858c49d67, rank=0][0m /opt/conda/lib/python3.12/site-packages/olmo_core/nn/pooled_soft_token.py:217: UserWarning: called a synchronizing CUDA operation (Triggered internally at /pytorch/c10/cuda/CUDAFunctions.cpp:162.)
2026-09-15T04:33:34.520Z   doc_len = torch.bincount(c[is_ctx], minlength=n_docs) if is_ctx.any() else torch.zeros(n_docs, dtype=torch.long, device=device)
2026-09-15T04:33:34.520Z 
2026-09-15T04:33:34.521Z [2;36m[2026-09-15 04:33:34][0m [33mWARNING [0m [2m[py.warnings:112, 0f8858c49d67, rank=0][0m /opt/conda/lib/python3.12/site-packages/olmo_core/nn/pooled_soft_token.py:222: UserWarning: called a synchronizing CUDA operation (Triggered internally at /pytorch/c10/cuda/CUDAFunctions.cpp:162.)
2026-09-15T04:33:34.521Z   soft_cols_b = soft_mask.nonzero(as_tuple=True)[0]
2026-09-15T04:33:34.521Z 
2026-09-15T04:33:34.521Z [2;36m[2026-09-15 04:33:34][0m [33mWARNING [0m [2m[py.warnings:112, 0f8858c49d67, rank=0][0m /opt/conda/lib/python3.12/site-packages/olmo_core/nn/pooled_soft_token.py:226: UserWarning: called a synchronizing CUDA operation (Triggered internally at /pytorch/c10/cuda/CUDAFunctions.cpp:162.)
2026-09-15T04:33:34.521Z   cols_l = soft_cols_b.tolist()
2026-09-15T04:33:34.521Z 
2026-09-15T04:33:34.522Z [2;36m[2026-09-15 04:33:34][0m [33mWARNING [0m [2m[py.warnings:112, 0f8858c49d67, rank=0][0m /opt/conda/lib/python3.12/site-packages/olmo_core/nn/pooled_soft_token.py:229: UserWarning: called a synchronizing CUDA operation (Triggered internally at /pytorch/c10/cuda/CUDAFunctions.cpp:162.)
2026-09-15T04:33:34.522Z   soft_docs += docs_b.tolist()
2026-09-15T04:33:34.522Z 
2026-09-15T04:33:34.522Z [2;36m[2026-09-15 04:33:34][0m [33mWARNING [0m [2m[py.warnings:112, 0f8858c49d67, rank=0][0m /opt/conda/lib/python3.12/site-packages/olmo_core/nn/pooled_soft_token.py:230: UserWarning: called a synchronizing CUDA operation (Triggered internally at /pytorch/c10/cuda/CUDAFunctions.cpp:162.)
2026-09-15T04:33:34.522Z   soft_log_len += lens_b.tolist()
2026-09-15T04:33:34.522Z 
2026-09-15T04:33:34.524Z [2;36m[2026-09-15 04:33:34][0m [33mWARNING [0m [2m[py.warnings:112, 0f8858c49d67, rank=0][0m /opt/conda/lib/python3.12/site-packages/olmo_core/nn/pooled_soft_token.py:280: UserWarning: called a synchronizing CUDA operation (Triggered internally at /pytorch/c10/cuda/CUDAFunctions.cpp:162.)
2026-09-15T04:33:34.524Z   row_lens[b] = L
2026-09-15T04:33:34.524Z 
2026-09-15T04:33:34.525Z [2;36m[2026-09-15 04:33:34][0m [33mWARNING [0m [2m[py.warnings:112, 0f8858c49d67, rank=0][0m /opt/conda/lib/python3.12/site-packages/olmo_core/nn/pooled_soft_token.py:297: UserWarning: called a synchronizing CUDA operation (Triggered internally at /pytorch/c10/cuda/CUDAFunctions.cpp:162.)
2026-09-15T04:33:34.525Z   soft_rows=torch.tensor(soft_rows, dtype=torch.long, device=device),
2026-09-15T04:33:34.525Z 
2026-09-15T04:33:34.526Z [2;36m[2026-09-15 04:33:34][0m [33mWARNING [0m [2m[py.warnings:112, 0f8858c49d67, rank=0][0m /opt/conda/lib/python3.12/site-packages/olmo_core/nn/pooled_soft_token.py:298: UserWarning: called a synchronizing CUDA operation (Triggered internally at /pytorch/c10/cuda/CUDAFunctions.cpp:162.)
2026-09-15T04:33:34.526Z   soft_cols=torch.tensor(soft_cols, dtype=torch.long, device=device),
2026-09-15T04:33:34.526Z 
2026-09-15T04:33:34.526Z [2;36m[2026-09-15 04:33:34][0m [33mWARNING [0m [2m[py.warnings:112, 0f8858c49d67, rank=0][0m /opt/conda/lib/python3.12/site-packages/olmo_core/nn/pooled_soft_token.py:299: UserWarning: called a synchronizing CUDA operation (Triggered internally at /pytorch/c10/cuda/CUDAFunctions.cpp:162.)
2026-09-15T04:33:34.526Z   soft_docs=torch.tensor(soft_docs, dtype=torch.long, device=device),
2026-09-15T04:33:34.526Z 
2026-09-15T04:33:34.527Z [2;36m[2026-09-15 04:33:34][0m [33mWARNING [0m [2m[py.warnings:112, 0f8858c49d67, rank=0][0m /opt/conda/lib/python3.12/site-packages/olmo_core/nn/pooled_soft_token.py:301: UserWarning: called a synchronizing CUDA operation (Triggered internally at /pytorch/c10/cuda/CUDAFunctions.cpp:162.)
2026-09-15T04:33:34.527Z   soft_log_len=torch.tensor(soft_log_len, dtype=torch.float32, device=device),
2026-09-15T04:33:34.527Z 
2026-09-15T04:33:34.527Z [2;36m[2026-09-15 04:33:34][0m [33mWARNING [0m [2m[py.warnings:112, 0f8858c49d67, rank=0][0m /opt/conda/lib/python3.12/site-packages/olmo_core/nn/transformer/model.py:1502: UserWarning: called a synchronizing CUDA operation (Triggered internally at /pytorch/c10/cuda/CUDAFunctions.cpp:162.)
2026-09-15T04:33:34.527Z   kv_grad_mask[cb.soft_rows, cb.soft_cols] = False
2026-09-15T04:33:34.527Z 
2026-09-15T04:33:34.722Z [2;36m[2026-09-15 04:33:34][0m [33mWARNING [0m [2m[py.warnings:112, 0f8858c49d67, rank=0][0m /opt/conda/lib/python3.12/site-packages/liger_kernel/ops/fused_linear_cross_entropy.py:75: UserWarning: called a synchronizing CUDA operation (Triggered internally at /pytorch/c10/cuda/CUDAFunctions.cpp:162.)
2026-09-15T04:33:34.722Z   total_n_non_ignore = target_mask.sum().item()
2026-09-15T04:33:34.722Z 
2026-09-15T04:33:35.251Z [2;36m[2026-09-15 04:33:35][0m [33mWARNING [0m [2m[py.warnings:112, 0f8858c49d67, rank=0][0m /opt/conda/lib/python3.12/site-packages/liger_kernel/ops/fused_linear_cross_entropy.py:233: UserWarning: called a synchronizing CUDA operation (Triggered internally at /pytorch/c10/cuda/CUDAFunctions.cpp:162.)
2026-09-15T04:33:35.251Z   if not torch.equal(grad_output, torch.tensor(1.0, device=grad_output.device)):
2026-09-15T04:33:35.251Z 
2026-09-15T04:33:45.865Z [2;36m[2026-09-15 04:33:45][0m [34mINFO    [0m [2m[olmo_core.train.callbacks.console_logger:68, 0f8858c49d67, rank=0][0m [step=11/61,epoch=1,eta=39m]
2026-09-15T04:33:45.865Z     gpu_memory/GPU active mem (%)=76.00
2026-09-15T04:33:45.865Z     gpu_memory/GPU active mem (GiB)=60.23
2026-09-15T04:33:45.865Z     gpu_memory/GPU reserved mem (%)=81.32
2026-09-15T04:33:45.865Z     gpu_memory/GPU reserved mem (GiB)=64.45
2026-09-15T04:33:45.865Z     optim/LR (group 0)=4.24E-06
2026-09-15T04:33:45.865Z     optim/LR (group 1)=4.24E-06
2026-09-15T04:33:45.865Z     optim/step skipped=0.0
2026-09-15T04:33:45.865Z     optim/total grad norm=10.83
2026-09-15T04:33:45.865Z     throughput/chinchilla multiple=1.71E-05
2026-09-15T04:33:45.865Z     throughput/device/BPS=0.0277
2026-09-15T04:33:45.865Z     throughput/device/BPS (actual avg)=0.0210
2026-09-15T04:33:45.865Z     throughput/device/MFU=13.32
2026-09-15T04:33:45.865Z     throughput/device/MFU (actual avg)=10.12
2026-09-15T04:33:45.865Z     throughput/device/TPS=1,814
2026-09-15T04:33:45.865Z     throughput/device/TPS (actual avg)=1,379
2026-09-15T04:33:45.865Z     throughput/device/flopsPS=41.56T
2026-09-15T04:33:45.865Z     throughput/device/flopsPS (actual avg)=31.59T
2026-09-15T04:33:45.865Z     throughput/total petaflops=33.02
2026-09-15T04:33:45.865Z     throughput/total tokens=1,441,792
2026-09-15T04:33:45.865Z     train/CE loss=0.3818
2026-09-15T04:33:45.865Z     throughput/device/data loading (%)=0.0069
2026-09-15T04:33:45.865Z     throughput/device/data loading (s)=0.0025
2026-09-15T04:33:45.865Z     train/PPL=1.465
2026-09-15T04:33:50.667Z [2;36m[2026-09-15 04:33:50][0m [33mWARNING [0m [2m[py.warnings:112, 0f8858c49d67, rank=0][0m /opt/conda/lib/python3.12/site-packages/torch/autograd/graph.py:841: UserWarning: called a synchronizing CUDA operation (Triggered internally at /pytorch/c10/cuda/CUDAFunctions.cpp:162.)
2026-09-15T04:33:50.667Z   return Variable._execution_engine.run_backward(  # Calls into the C++ engine to run the backward pass
2026-09-15T04:33:50.667Z 
2026-09-15T04:33:50.671Z [2;36m[2026-09-15 04:33:50][0m [33mWARNING [0m [2m[py.warnings:112, 0f8858c49d67, rank=0][0m /opt/conda/lib/python3.12/site-packages/torch/distributed/utils.py:106: UserWarning: called a synchronizing CUDA operation (Triggered internally at /pytorch/c10/cuda/CUDAFunctions.cpp:162.)
2026-09-15T04:33:50.671Z   return (obj.to(target_device),)
2026-09-15T04:33:50.671Z 
2026-09-15T04:33:50.680Z [2;36m[2026-09-15 04:33:50][0m [33mWARNING [0m [2m[py.warnings:112, 0f8858c49d67, rank=0][0m /opt/conda/lib/python3.12/site-packages/olmo_core/nn/transformer/model.py:777: UserWarning: called a synchronizing CUDA operation (Triggered internally at /pytorch/c10/cuda/CUDAFunctions.cpp:162.)
2026-09-15T04:33:50.680Z   n_docs = int(chunk_ids.max().item()) + 1
2026-09-15T04:33:50.680Z 
2026-09-15T04:33:50.689Z [2;36m[2026-09-15 04:33:50][0m [33mWARNING [0m [2m[py.warnings:112, 0f8858c49d67, rank=0][0m /opt/conda/lib/python3.12/site-packages/olmo_core/nn/transformer/model.py:834: UserWarning: called a synchronizing CUDA operation (Triggered internally at /pytorch/c10/cuda/CUDAFunctions.cpp:162.)
2026-09-15T04:33:50.689Z   flat = (torch.arange(B, device=emb.device)[:, None] * n_docs + cid.clamp(min=0)).reshape(
2026-09-15T04:33:50.689Z 
2026-09-15T04:33:50.690Z [2;36m[2026-09-15 04:33:50][0m [33mWARNING [0m [2m[py.warnings:112, 0f8858c49d67, rank=0][0m /opt/conda/lib/python3.12/site-packages/olmo_core/nn/transformer/model.py:838: UserWarning: called a synchronizing CUDA operation (Triggered internally at /pytorch/c10/cuda/CUDAFunctions.cpp:162.)
2026-09-15T04:33:50.690Z   0, flat, emb.reshape(B * T, D)[is_ctx.reshape(-1)]
2026-09-15T04:33:50.690Z 
2026-09-15T04:33:50.697Z [2;36m[2026-09-15 04:33:50][0m [33mWARNING [0m [2m[py.warnings:112, 0f8858c49d67, rank=0][0m /opt/conda/lib/python3.12/site-packages/olmo_core/nn/pooled_soft_token.py:173: UserWarning: called a synchronizing CUDA operation (Triggered internally at /pytorch/c10/cuda/CUDAFunctions.cpp:162.)
2026-09-15T04:33:50.697Z   kept_idx = kept_tok.nonzero(as_tuple=True)[0]
2026-09-15T04:33:50.697Z 
2026-09-15T04:33:50.697Z [2;36m[2026-09-15 04:33:50][0m [33mWARNING [0m [2m[py.warnings:112, 0f8858c49d67, rank=0][0m /opt/conda/lib/python3.12/site-packages/olmo_core/nn/pooled_soft_token.py:179: UserWarning: called a synchronizing CUDA operation (Triggered internally at /pytorch/c10/cuda/CUDAFunctions.cpp:162.)
2026-09-15T04:33:50.697Z   if is_ctx.any():
2026-09-15T04:33:50.698Z 
2026-09-15T04:33:50.698Z [2;36m[2026-09-15 04:33:50][0m [33mWARNING [0m [2m[py.warnings:112, 0f8858c49d67, rank=0][0m /opt/conda/lib/python3.12/site-packages/olmo_core/nn/pooled_soft_token.py:180: UserWarning: called a synchronizing CUDA operation (Triggered internally at /pytorch/c10/cuda/CUDAFunctions.cpp:162.)
2026-09-15T04:33:50.698Z   d_ix = c[is_ctx]
2026-09-15T04:33:50.698Z 
2026-09-15T04:33:50.698Z [2;36m[2026-09-15 04:33:50][0m [33mWARNING [0m [2m[py.warnings:112, 0f8858c49d67, rank=0][0m /opt/conda/lib/python3.12/site-packages/olmo_core/nn/pooled_soft_token.py:181: UserWarning: called a synchronizing CUDA operation (Triggered internally at /pytorch/c10/cuda/CUDAFunctions.cpp:162.)
2026-09-15T04:33:50.698Z   pos_ix = is_ctx.nonzero(as_tuple=True)[0]
2026-09-15T04:33:50.698Z 
2026-09-15T04:33:50.699Z [2;36m[2026-09-15 04:33:50][0m [33mWARNING [0m [2m[py.warnings:112, 0f8858c49d67, rank=0][0m /opt/conda/lib/python3.12/site-packages/olmo_core/nn/pooled_soft_token.py:186: UserWarning: called a synchronizing CUDA operation (Triggered internally at /pytorch/c10/cuda/CUDAFunctions.cpp:162.)
2026-09-15T04:33:50.699Z   pooled_docs = pooled.nonzero(as_tuple=True)[0]
2026-09-15T04:33:50.699Z 
2026-09-15T04:33:50.700Z [2;36m[2026-09-15 04:33:50][0m [33mWARNING [0m [2m[py.warnings:112, 0f8858c49d67, rank=0][0m /opt/conda/lib/python3.12/site-packages/olmo_core/nn/pooled_soft_token.py:217: UserWarning: called a synchronizing CUDA operation (Triggered internally at /pytorch/c10/cuda/CUDAFunctions.cpp:162.)
2026-09-15T04:33:50.700Z   doc_len = torch.bincount(c[is_ctx], minlength=n_docs) if is_ctx.any() else torch.zeros(n_docs, dtype=torch.long, device=device)
2026-09-15T04:33:50.700Z 
2026-09-15T04:33:50.701Z [2;36m[2026-09-15 04:33:50][0m [33mWARNING [0m [2m[py.warnings:112, 0f8858c49d67, rank=0][0m /opt/conda/lib/python3.12/site-packages/olmo_core/nn/pooled_soft_token.py:222: UserWarning: called a synchronizing CUDA operation (Triggered internally at /pytorch/c10/cuda/CUDAFunctions.cpp:162.)
2026-09-15T04:33:50.701Z   soft_cols_b = soft_mask.nonzero(as_tuple=True)[0]
2026-09-15T04:33:50.701Z 
2026-09-15T04:33:50.701Z [2;36m[2026-09-15 04:33:50][0m [33mWARNING [0m [2m[py.warnings:112, 0f8858c49d67, rank=0][0m /opt/conda/lib/python3.12/site-packages/olmo_core/nn/pooled_soft_token.py:226: UserWarning: called a synchronizing CUDA operation (Triggered internally at /pytorch/c10/cuda/CUDAFunctions.cpp:162.)
2026-09-15T04:33:50.701Z   cols_l = soft_cols_b.tolist()
2026-09-15T04:33:50.701Z 
2026-09-15T04:33:50.701Z [2;36m[2026-09-15 04:33:50][0m [33mWARNING [0m [2m[py.warnings:112, 0f8858c49d67, rank=0][0m /opt/conda/lib/python3.12/site-packages/olmo_core/nn/pooled_soft_token.py:229: UserWarning: called a synchronizing CUDA operation (Triggered internally at /pytorch/c10/cuda/CUDAFunctions.cpp:162.)
2026-09-15T04:33:50.701Z   soft_docs += docs_b.tolist()
2026-09-15T04:33:50.701Z 
2026-09-15T04:33:50.702Z [2;36m[2026-09-15 04:33:50][0m [33mWARNING [0m [2m[py.warnings:112, 0f8858c49d67, rank=0][0m /opt/conda/lib/python3.12/site-packages/olmo_core/nn/pooled_soft_token.py:230: UserWarning: called a synchronizing CUDA operation (Triggered internally at /pytorch/c10/cuda/CUDAFunctions.cpp:162.)
2026-09-15T04:33:50.702Z   soft_log_len += lens_b.tolist()
2026-09-15T04:33:50.702Z 
2026-09-15T04:33:50.704Z [2;36m[2026-09-15 04:33:50][0m [33mWARNING [0m [2m[py.warnings:112, 0f8858c49d67, rank=0][0m /opt/conda/lib/python3.12/site-packages/olmo_core/nn/pooled_soft_token.py:280: UserWarning: called a synchronizing CUDA operation (Triggered internally at /pytorch/c10/cuda/CUDAFunctions.cpp:162.)
2026-09-15T04:33:50.704Z   row_lens[b] = L
2026-09-15T04:33:50.704Z 
2026-09-15T04:33:50.705Z [2;36m[2026-09-15 04:33:50][0m [33mWARNING [0m [2m[py.warnings:112, 0f8858c49d67, rank=0][0m /opt/conda/lib/python3.12/site-packages/olmo_core/nn/pooled_soft_token.py:297: UserWarning: called a synchronizing CUDA operation (Triggered internally at /pytorch/c10/cuda/CUDAFunctions.cpp:162.)
2026-09-15T04:33:50.705Z   soft_rows=torch.tensor(soft_rows, dtype=torch.long, device=device),
2026-09-15T04:33:50.705Z 
2026-09-15T04:33:50.705Z [2;36m[2026-09-15 04:33:50][0m [33mWARNING [0m [2m[py.warnings:112, 0f8858c49d67, rank=0][0m /opt/conda/lib/python3.12/site-packages/olmo_core/nn/pooled_soft_token.py:298: UserWarning: called a synchronizing CUDA operation (Triggered internally at /pytorch/c10/cuda/CUDAFunctions.cpp:162.)
2026-09-15T04:33:50.705Z   soft_cols=torch.tensor(soft_cols, dtype=torch.long, device=device),
2026-09-15T04:33:50.705Z 
2026-09-15T04:33:50.705Z [2;36m[2026-09-15 04:33:50][0m [33mWARNING [0m [2m[py.warnings:112, 0f8858c49d67, rank=0][0m /opt/conda/lib/python3.12/site-packages/olmo_core/nn/pooled_soft_token.py:299: UserWarning: called a synchronizing CUDA operation (Triggered internally at /pytorch/c10/cuda/CUDAFunctions.cpp:162.)
2026-09-15T04:33:50.705Z   soft_docs=torch.tensor(soft_docs, dtype=torch.long, device=device),
2026-09-15T04:33:50.705Z 
2026-09-15T04:33:50.706Z [2;36m[2026-09-15 04:33:50][0m [33mWARNING [0m [2m[py.warnings:112, 0f8858c49d67, rank=0][0m /opt/conda/lib/python3.12/site-packages/olmo_core/nn/pooled_soft_token.py:301: UserWarning: called a synchronizing CUDA operation (Triggered internally at /pytorch/c10/cuda/CUDAFunctions.cpp:162.)
2026-09-15T04:33:50.706Z   soft_log_len=torch.tensor(soft_log_len, dtype=torch.float32, device=device),
2026-09-15T04:33:50.706Z 
2026-09-15T04:33:50.707Z [2;36m[2026-09-15 04:33:50][0m [33mWARNING [0m [2m[py.warnings:112, 0f8858c49d67, rank=0][0m /opt/conda/lib/python3.12/site-packages/olmo_core/nn/transformer/model.py:1502: UserWarning: called a synchronizing CUDA operation (Triggered internally at /pytorch/c10/cuda/CUDAFunctions.cpp:162.)
2026-09-15T04:33:50.707Z   kv_grad_mask[cb.soft_rows, cb.soft_cols] = False
2026-09-15T04:33:50.707Z 
2026-09-15T04:33:50.901Z [2;36m[2026-09-15 04:33:50][0m [33mWARNING [0m [2m[py.warnings:112, 0f8858c49d67, rank=0][0m /opt/conda/lib/python3.12/site-packages/liger_kernel/ops/fused_linear_cross_entropy.py:75: UserWarning: called a synchronizing CUDA operation (Triggered internally at /pytorch/c10/cuda/CUDAFunctions.cpp:162.)
2026-09-15T04:33:50.901Z   total_n_non_ignore = target_mask.sum().item()
2026-09-15T04:33:50.901Z 
2026-09-15T04:33:51.430Z [2;36m[2026-09-15 04:33:51][0m [33mWARNING [0m [2m[py.warnings:112, 0f8858c49d67, rank=0][0m /opt/conda/lib/python3.12/site-packages/liger_kernel/ops/fused_linear_cross_entropy.py:233: UserWarning: called a synchronizing CUDA operation (Triggered internally at /pytorch/c10/cuda/CUDAFunctions.cpp:162.)
2026-09-15T04:33:51.430Z   if not torch.equal(grad_output, torch.tensor(1.0, device=grad_output.device)):
2026-09-15T04:33:51.430Z 
2026-09-15T04:33:54.008Z [2;36m[2026-09-15 04:33:54][0m [33mWARNING [0m [2m[py.warnings:112, 0f8858c49d67, rank=0][0m /opt/conda/lib/python3.12/site-packages/torch/autograd/graph.py:841: UserWarning: called a synchronizing CUDA operation (Triggered internally at /pytorch/c10/cuda/CUDAFunctions.cpp:162.)
2026-09-15T04:33:54.008Z   return Variable._execution_engine.run_backward(  # Calls into the C++ engine to run the backward pass
2026-09-15T04:33:54.008Z 
2026-09-15T04:33:54.019Z [2;36m[2026-09-15 04:33:54][0m [33mWARNING [0m [2m[py.warnings:112, 0f8858c49d67, rank=0][0m /opt/conda/lib/python3.12/site-packages/torch/distributed/utils.py:106: UserWarning: called a synchronizing CUDA operation (Triggered internally at /pytorch/c10/cuda/CUDAFunctions.cpp:162.)
2026-09-15T04:33:54.019Z   return (obj.to(target_device),)
2026-09-15T04:33:54.019Z 
2026-09-15T04:33:54.028Z [2;36m[2026-09-15 04:33:54][0m [33mWARNING [0m [2m[py.warnings:112, 0f8858c49d67, rank=0][0m /opt/conda/lib/python3.12/site-packages/olmo_core/nn/transformer/model.py:777: UserWarning: called a synchronizing CUDA operation (Triggered internally at /pytorch/c10/cuda/CUDAFunctions.cpp:162.)
2026-09-15T04:33:54.028Z   n_docs = int(chunk_ids.max().item()) + 1
2026-09-15T04:33:54.029Z 
2026-09-15T04:33:54.038Z [2;36m[2026-09-15 04:33:54][0m [33mWARNING [0m [2m[py.warnings:112, 0f8858c49d67, rank=0][0m /opt/conda/lib/python3.12/site-packages/olmo_core/nn/transformer/model.py:834: UserWarning: called a synchronizing CUDA operation (Triggered internally at /pytorch/c10/cuda/CUDAFunctions.cpp:162.)
2026-09-15T04:33:54.038Z   flat = (torch.arange(B, device=emb.device)[:, None] * n_docs + cid.clamp(min=0)).reshape(
2026-09-15T04:33:54.038Z 
2026-09-15T04:33:54.038Z [2;36m[2026-09-15 04:33:54][0m [33mWARNING [0m [2m[py.warnings:112, 0f8858c49d67, rank=0][0m /opt/conda/lib/python3.12/site-packages/olmo_core/nn/transformer/model.py:838: UserWarning: called a synchronizing CUDA operation (Triggered internally at /pytorch/c10/cuda/CUDAFunctions.cpp:162.)
2026-09-15T04:33:54.038Z   0, flat, emb.reshape(B * T, D)[is_ctx.reshape(-1)]
2026-09-15T04:33:54.038Z 
2026-09-15T04:33:54.046Z [2;36m[2026-09-15 04:33:54][0m [33mWARNING [0m [2m[py.warnings:112, 0f8858c49d67, rank=0][0m /opt/conda/lib/python3.12/site-packages/olmo_core/nn/pooled_soft_token.py:173: UserWarning: called a synchronizing CUDA operation (Triggered internally at /pytorch/c10/cuda/CUDAFunctions.cpp:162.)
2026-09-15T04:33:54.046Z   kept_idx = kept_tok.nonzero(as_tuple=True)[0]
2026-09-15T04:33:54.046Z 
2026-09-15T04:33:54.047Z [2;36m[2026-09-15 04:33:54][0m [33mWARNING [0m [2m[py.warnings:112, 0f8858c49d67, rank=0][0m /opt/conda/lib/python3.12/site-packages/olmo_core/nn/pooled_soft_token.py:179: UserWarning: called a synchronizing CUDA operation (Triggered internally at /pytorch/c10/cuda/CUDAFunctions.cpp:162.)
2026-09-15T04:33:54.047Z   if is_ctx.any():
2026-09-15T04:33:54.047Z 
2026-09-15T04:33:54.047Z [2;36m[2026-09-15 04:33:54][0m [33mWARNING [0m [2m[py.warnings:112, 0f8858c49d67, rank=0][0m /opt/conda/lib/python3.12/site-packages/olmo_core/nn/pooled_soft_token.py:180: UserWarning: called a synchronizing CUDA operation (Triggered internally at /pytorch/c10/cuda/CUDAFunctions.cpp:162.)
2026-09-15T04:33:54.047Z   d_ix = c[is_ctx]
2026-09-15T04:33:54.047Z 
2026-09-15T04:33:54.048Z [2;36m[2026-09-15 04:33:54][0m [33mWARNING [0m [2m[py.warnings:112, 0f8858c49d67, rank=0][0m /opt/conda/lib/python3.12/site-packages/olmo_core/nn/pooled_soft_token.py:181: UserWarning: called a synchronizing CUDA operation (Triggered internally at /pytorch/c10/cuda/CUDAFunctions.cpp:162.)
2026-09-15T04:33:54.048Z   pos_ix = is_ctx.nonzero(as_tuple=True)[0]
2026-09-15T04:33:54.048Z 
2026-09-15T04:33:54.048Z [2;36m[2026-09-15 04:33:54][0m [33mWARNING [0m [2m[py.warnings:112, 0f8858c49d67, rank=0][0m /opt/conda/lib/python3.12/site-packages/olmo_core/nn/pooled_soft_token.py:186: UserWarning: called a synchronizing CUDA operation (Triggered internally at /pytorch/c10/cuda/CUDAFunctions.cpp:162.)
2026-09-15T04:33:54.048Z   pooled_docs = pooled.nonzero(as_tuple=True)[0]
2026-09-15T04:33:54.048Z 
2026-09-15T04:33:54.049Z [2;36m[2026-09-15 04:33:54][0m [33mWARNING [0m [2m[py.warnings:112, 0f8858c49d67, rank=0][0m /opt/conda/lib/python3.12/site-packages/olmo_core/nn/pooled_soft_token.py:217: UserWarning: called a synchronizing CUDA operation (Triggered internally at /pytorch/c10/cuda/CUDAFunctions.cpp:162.)
2026-09-15T04:33:54.049Z   doc_len = torch.bincount(c[is_ctx], minlength=n_docs) if is_ctx.any() else torch.zeros(n_docs, dtype=torch.long, device=device)
2026-09-15T04:33:54.049Z 
2026-09-15T04:33:54.050Z [2;36m[2026-09-15 04:33:54][0m [33mWARNING [0m [2m[py.warnings:112, 0f8858c49d67, rank=0][0m /opt/conda/lib/python3.12/site-packages/olmo_core/nn/pooled_soft_token.py:222: UserWarning: called a synchronizing CUDA operation (Triggered internally at /pytorch/c10/cuda/CUDAFunctions.cpp:162.)
2026-09-15T04:33:54.050Z   soft_cols_b = soft_mask.nonzero(as_tuple=True)[0]
2026-09-15T04:33:54.050Z 
2026-09-15T04:33:54.051Z [2;36m[2026-09-15 04:33:54][0m [33mWARNING [0m [2m[py.warnings:112, 0f8858c49d67, rank=0][0m /opt/conda/lib/python3.12/site-packages/olmo_core/nn/pooled_soft_token.py:226: UserWarning: called a synchronizing CUDA operation (Triggered internally at /pytorch/c10/cuda/CUDAFunctions.cpp:162.)
2026-09-15T04:33:54.051Z   cols_l = soft_cols_b.tolist()
2026-09-15T04:33:54.051Z 
2026-09-15T04:33:54.051Z [2;36m[2026-09-15 04:33:54][0m [33mWARNING [0m [2m[py.warnings:112, 0f8858c49d67, rank=0][0m /opt/conda/lib/python3.12/site-packages/olmo_core/nn/pooled_soft_token.py:229: UserWarning: called a synchronizing CUDA operation (Triggered internally at /pytorch/c10/cuda/CUDAFunctions.cpp:162.)
2026-09-15T04:33:54.051Z   soft_docs += docs_b.tolist()
2026-09-15T04:33:54.051Z 
2026-09-15T04:33:54.052Z [2;36m[2026-09-15 04:33:54][0m [33mWARNING [0m [2m[py.warnings:112, 0f8858c49d67, rank=0][0m /opt/conda/lib/python3.12/site-packages/olmo_core/nn/pooled_soft_token.py:230: UserWarning: called a synchronizing CUDA operation (Triggered internally at /pytorch/c10/cuda/CUDAFunctions.cpp:162.)
2026-09-15T04:33:54.052Z   soft_log_len += lens_b.tolist()
2026-09-15T04:33:54.052Z 
2026-09-15T04:33:54.054Z [2;36m[2026-09-15 04:33:54][0m [33mWARNING [0m [2m[py.warnings:112, 0f8858c49d67, rank=0][0m /opt/conda/lib/python3.12/site-packages/olmo_core/nn/pooled_soft_token.py:280: UserWarning: called a synchronizing CUDA operation (Triggered internally at /pytorch/c10/cuda/CUDAFunctions.cpp:162.)
2026-09-15T04:33:54.054Z   row_lens[b] = L
2026-09-15T04:33:54.054Z 
2026-09-15T04:33:54.055Z [2;36m[2026-09-15 04:33:54][0m [33mWARNING [0m [2m[py.warnings:112, 0f8858c49d67, rank=0][0m /opt/conda/lib/python3.12/site-packages/olmo_core/nn/pooled_soft_token.py:297: UserWarning: called a synchronizing CUDA operation (Triggered internally at /pytorch/c10/cuda/CUDAFunctions.cpp:162.)
2026-09-15T04:33:54.055Z   soft_rows=torch.tensor(soft_rows, dtype=torch.long, device=device),
2026-09-15T04:33:54.055Z 
2026-09-15T04:33:54.055Z [2;36m[2026-09-15 04:33:54][0m [33mWARNING [0m [2m[py.warnings:112, 0f8858c49d67, rank=0][0m /opt/conda/lib/python3.12/site-packages/olmo_core/nn/pooled_soft_token.py:298: UserWarning: called a synchronizing CUDA operation (Triggered internally at /pytorch/c10/cuda/CUDAFunctions.cpp:162.)
2026-09-15T04:33:54.055Z   soft_cols=torch.tensor(soft_cols, dtype=torch.long, device=device),
2026-09-15T04:33:54.055Z 
2026-09-15T04:33:54.055Z [2;36m[2026-09-15 04:33:54][0m [33mWARNING [0m [2m[py.warnings:112, 0f8858c49d67, rank=0][0m /opt/conda/lib/python3.12/site-packages/olmo_core/nn/pooled_soft_token.py:299: UserWarning: called a synchronizing CUDA operation (Triggered internally at /pytorch/c10/cuda/CUDAFunctions.cpp:162.)
2026-09-15T04:33:54.055Z   soft_docs=torch.tensor(soft_docs, dtype=torch.long, device=device),
2026-09-15T04:33:54.055Z 
2026-09-15T04:33:54.056Z [2;36m[2026-09-15 04:33:54][0m [33mWARNING [0m [2m[py.warnings:112, 0f8858c49d67, rank=0][0m /opt/conda/lib/python3.12/site-packages/olmo_core/nn/pooled_soft_token.py:301: UserWarning: called a synchronizing CUDA operation (Triggered internally at /pytorch/c10/cuda/CUDAFunctions.cpp:162.)
2026-09-15T04:33:54.056Z   soft_log_len=torch.tensor(soft_log_len, dtype=torch.float32, device=device),
2026-09-15T04:33:54.056Z 
2026-09-15T04:33:54.057Z [2;36m[2026-09-15 04:33:54][0m [33mWARNING [0m [2m[py.warnings:112, 0f8858c49d67, rank=0][0m /opt/conda/lib/python3.12/site-packages/olmo_core/nn/transformer/model.py:1502: UserWarning: called a synchronizing CUDA operation (Triggered internally at /pytorch/c10/cuda/CUDAFunctions.cpp:162.)
2026-09-15T04:33:54.057Z   kv_grad_mask[cb.soft_rows, cb.soft_cols] = False
2026-09-15T04:33:54.057Z 
2026-09-15T04:34:05.049Z [2;36m[2026-09-15 04:34:05][0m [33mWARNING [0m [2m[py.warnings:112, 0f8858c49d67, rank=0][0m /opt/conda/lib/python3.12/site-packages/liger_kernel/ops/fused_linear_cross_entropy.py:75: UserWarning: called a synchronizing CUDA operation (Triggered internally at /pytorch/c10/cuda/CUDAFunctions.cpp:162.)
2026-09-15T04:34:05.049Z   total_n_non_ignore = target_mask.sum().item()
2026-09-15T04:34:05.050Z 
2026-09-15T04:34:05.651Z [2;36m[2026-09-15 04:34:05][0m [33mWARNING [0m [2m[py.warnings:112, 0f8858c49d67, rank=0][0m /opt/conda/lib/python3.12/site-packages/liger_kernel/ops/fused_linear_cross_entropy.py:233: UserWarning: called a synchronizing CUDA operation (Triggered internally at /pytorch/c10/cuda/CUDAFunctions.cpp:162.)
2026-09-15T04:34:05.651Z   if not torch.equal(grad_output, torch.tensor(1.0, device=grad_output.device)):
2026-09-15T04:34:05.651Z 
2026-09-15T04:34:19.159Z [2;36m[2026-09-15 04:34:19][0m [33mWARNING [0m [2m[py.warnings:112, 0f8858c49d67, rank=0][0m /opt/conda/lib/python3.12/site-packages/torch/autograd/graph.py:841: UserWarning: called a synchronizing CUDA operation (Triggered internally at /pytorch/c10/cuda/CUDAFunctions.cpp:162.)
2026-09-15T04:34:19.159Z   return Variable._execution_engine.run_backward(  # Calls into the C++ engine to run the backward pass
2026-09-15T04:34:19.159Z 
2026-09-15T04:34:19.161Z [2;36m[2026-09-15 04:34:19][0m [33mWARNING [0m [2m[py.warnings:112, 0f8858c49d67, rank=0][0m /opt/conda/lib/python3.12/site-packages/torch/distributed/utils.py:106: UserWarning: called a synchronizing CUDA operation (Triggered internally at /pytorch/c10/cuda/CUDAFunctions.cpp:162.)
2026-09-15T04:34:19.161Z   return (obj.to(target_device),)
2026-09-15T04:34:19.161Z 
2026-09-15T04:34:19.170Z [2;36m[2026-09-15 04:34:19][0m [33mWARNING [0m [2m[py.warnings:112, 0f8858c49d67, rank=0][0m /opt/conda/lib/python3.12/site-packages/olmo_core/nn/transformer/model.py:777: UserWarning: called a synchronizing CUDA operation (Triggered internally at /pytorch/c10/cuda/CUDAFunctions.cpp:162.)
2026-09-15T04:34:19.170Z   n_docs = int(chunk_ids.max().item()) + 1
2026-09-15T04:34:19.170Z 
2026-09-15T04:34:19.179Z [2;36m[2026-09-15 04:34:19][0m [33mWARNING [0m [2m[py.warnings:112, 0f8858c49d67, rank=0][0m /opt/conda/lib/python3.12/site-packages/olmo_core/nn/transformer/model.py:834: UserWarning: called a synchronizing CUDA operation (Triggered internally at /pytorch/c10/cuda/CUDAFunctions.cpp:162.)
2026-09-15T04:34:19.179Z   flat = (torch.arange(B, device=emb.device)[:, None] * n_docs + cid.clamp(min=0)).reshape(
2026-09-15T04:34:19.179Z 
2026-09-15T04:34:19.180Z [2;36m[2026-09-15 04:34:19][0m [33mWARNING [0m [2m[py.warnings:112, 0f8858c49d67, rank=0][0m /opt/conda/lib/python3.12/site-packages/olmo_core/nn/transformer/model.py:838: UserWarning: called a synchronizing CUDA operation (Triggered internally at /pytorch/c10/cuda/CUDAFunctions.cpp:162.)
2026-09-15T04:34:19.180Z   0, flat, emb.reshape(B * T, D)[is_ctx.reshape(-1)]
2026-09-15T04:34:19.180Z 
2026-09-15T04:34:19.188Z [2;36m[2026-09-15 04:34:19][0m [33mWARNING [0m [2m[py.warnings:112, 0f8858c49d67, rank=0][0m /opt/conda/lib/python3.12/site-packages/olmo_core/nn/pooled_soft_token.py:173: UserWarning: called a synchronizing CUDA operation (Triggered internally at /pytorch/c10/cuda/CUDAFunctions.cpp:162.)
2026-09-15T04:34:19.188Z   kept_idx = kept_tok.nonzero(as_tuple=True)[0]
2026-09-15T04:34:19.188Z 
2026-09-15T04:34:19.189Z [2;36m[2026-09-15 04:34:19][0m [33mWARNING [0m [2m[py.warnings:112, 0f8858c49d67, rank=0][0m /opt/conda/lib/python3.12/site-packages/olmo_core/nn/pooled_soft_token.py:179: UserWarning: called a synchronizing CUDA operation (Triggered internally at /pytorch/c10/cuda/CUDAFunctions.cpp:162.)
2026-09-15T04:34:19.189Z   if is_ctx.any():
2026-09-15T04:34:19.189Z 
2026-09-15T04:34:19.189Z [2;36m[2026-09-15 04:34:19][0m [33mWARNING [0m [2m[py.warnings:112, 0f8858c49d67, rank=0][0m /opt/conda/lib/python3.12/site-packages/olmo_core/nn/pooled_soft_token.py:180: UserWarning: called a synchronizing CUDA operation (Triggered internally at /pytorch/c10/cuda/CUDAFunctions.cpp:162.)
2026-09-15T04:34:19.189Z   d_ix = c[is_ctx]
2026-09-15T04:34:19.189Z 
2026-09-15T04:34:19.189Z [2;36m[2026-09-15 04:34:19][0m [33mWARNING [0m [2m[py.warnings:112, 0f8858c49d67, rank=0][0m /opt/conda/lib/python3.12/site-packages/olmo_core/nn/pooled_soft_token.py:181: UserWarning: called a synchronizing CUDA operation (Triggered internally at /pytorch/c10/cuda/CUDAFunctions.cpp:162.)
2026-09-15T04:34:19.189Z   pos_ix = is_ctx.nonzero(as_tuple=True)[0]
2026-09-15T04:34:19.189Z 
2026-09-15T04:34:19.190Z [2;36m[2026-09-15 04:34:19][0m [33mWARNING [0m [2m[py.warnings:112, 0f8858c49d67, rank=0][0m /opt/conda/lib/python3.12/site-packages/olmo_core/nn/pooled_soft_token.py:186: UserWarning: called a synchronizing CUDA operation (Triggered internally at /pytorch/c10/cuda/CUDAFunctions.cpp:162.)
2026-09-15T04:34:19.190Z   pooled_docs = pooled.nonzero(as_tuple=True)[0]
2026-09-15T04:34:19.190Z 
2026-09-15T04:34:19.191Z [2;36m[2026-09-15 04:34:19][0m [33mWARNING [0m [2m[py.warnings:112, 0f8858c49d67, rank=0][0m /opt/conda/lib/python3.12/site-packages/olmo_core/nn/pooled_soft_token.py:217: UserWarning: called a synchronizing CUDA operation (Triggered internally at /pytorch/c10/cuda/CUDAFunctions.cpp:162.)
2026-09-15T04:34:19.191Z   doc_len = torch.bincount(c[is_ctx], minlength=n_docs) if is_ctx.any() else torch.zeros(n_docs, dtype=torch.long, device=device)
2026-09-15T04:34:19.191Z 
2026-09-15T04:34:19.192Z [2;36m[2026-09-15 04:34:19][0m [33mWARNING [0m [2m[py.warnings:112, 0f8858c49d67, rank=0][0m /opt/conda/lib/python3.12/site-packages/olmo_core/nn/pooled_soft_token.py:222: UserWarning: called a synchronizing CUDA operation (Triggered internally at /pytorch/c10/cuda/CUDAFunctions.cpp:162.)
2026-09-15T04:34:19.192Z   soft_cols_b = soft_mask.nonzero(as_tuple=True)[0]
2026-09-15T04:34:19.192Z 
2026-09-15T04:34:19.192Z [2;36m[2026-09-15 04:34:19][0m [33mWARNING [0m [2m[py.warnings:112, 0f8858c49d67, rank=0][0m /opt/conda/lib/python3.12/site-packages/olmo_core/nn/pooled_soft_token.py:226: UserWarning: called a synchronizing CUDA operation (Triggered internally at /pytorch/c10/cuda/CUDAFunctions.cpp:162.)
2026-09-15T04:34:19.192Z   cols_l = soft_cols_b.tolist()
2026-09-15T04:34:19.192Z 
2026-09-15T04:34:19.193Z [2;36m[2026-09-15 04:34:19][0m [33mWARNING [0m [2m[py.warnings:112, 0f8858c49d67, rank=0][0m /opt/conda/lib/python3.12/site-packages/olmo_core/nn/pooled_soft_token.py:229: UserWarning: called a synchronizing CUDA operation (Triggered internally at /pytorch/c10/cuda/CUDAFunctions.cpp:162.)
2026-09-15T04:34:19.193Z   soft_docs += docs_b.tolist()
2026-09-15T04:34:19.193Z 
2026-09-15T04:34:19.193Z [2;36m[2026-09-15 04:34:19][0m [33mWARNING [0m [2m[py.warnings:112, 0f8858c49d67, rank=0][0m /opt/conda/lib/python3.12/site-packages/olmo_core/nn/pooled_soft_token.py:230: UserWarning: called a synchronizing CUDA operation (Triggered internally at /pytorch/c10/cuda/CUDAFunctions.cpp:162.)
2026-09-15T04:34:19.193Z   soft_log_len += lens_b.tolist()
2026-09-15T04:34:19.193Z 
2026-09-15T04:34:19.195Z [2;36m[2026-09-15 04:34:19][0m [33mWARNING [0m [2m[py.warnings:112, 0f8858c49d67, rank=0][0m /opt/conda/lib/python3.12/site-packages/olmo_core/nn/pooled_soft_token.py:280: UserWarning: called a synchronizing CUDA operation (Triggered internally at /pytorch/c10/cuda/CUDAFunctions.cpp:162.)
2026-09-15T04:34:19.195Z   row_lens[b] = L
2026-09-15T04:34:19.195Z 
2026-09-15T04:34:19.196Z [2;36m[2026-09-15 04:34:19][0m [33mWARNING [0m [2m[py.warnings:112, 0f8858c49d67, rank=0][0m /opt/conda/lib/python3.12/site-packages/olmo_core/nn/pooled_soft_token.py:297: UserWarning: called a synchronizing CUDA operation (Triggered internally at /pytorch/c10/cuda/CUDAFunctions.cpp:162.)
2026-09-15T04:34:19.196Z   soft_rows=torch.tensor(soft_rows, dtype=torch.long, device=device),
2026-09-15T04:34:19.196Z 
2026-09-15T04:34:19.196Z [2;36m[2026-09-15 04:34:19][0m [33mWARNING [0m [2m[py.warnings:112, 0f8858c49d67, rank=0][0m /opt/conda/lib/python3.12/site-packages/olmo_core/nn/pooled_soft_token.py:298: UserWarning: called a synchronizing CUDA operation (Triggered internally at /pytorch/c10/cuda/CUDAFunctions.cpp:162.)
2026-09-15T04:34:19.196Z   soft_cols=torch.tensor(soft_cols, dtype=torch.long, device=device),
2026-09-15T04:34:19.196Z 
2026-09-15T04:34:19.197Z [2;36m[2026-09-15 04:34:19][0m [33mWARNING [0m [2m[py.warnings:112, 0f8858c49d67, rank=0][0m /opt/conda/lib/python3.12/site-packages/olmo_core/nn/pooled_soft_token.py:299: UserWarning: called a synchronizing CUDA operation (Triggered internally at /pytorch/c10/cuda/CUDAFunctions.cpp:162.)
2026-09-15T04:34:19.197Z   soft_docs=torch.tensor(soft_docs, dtype=torch.long, device=device),
2026-09-15T04:34:19.197Z 
2026-09-15T04:34:19.197Z [2;36m[2026-09-15 04:34:19][0m [33mWARNING [0m [2m[py.warnings:112, 0f8858c49d67, rank=0][0m /opt/conda/lib/python3.12/site-packages/olmo_core/nn/pooled_soft_token.py:301: UserWarning: called a synchronizing CUDA operation (Triggered internally at /pytorch/c10/cuda/CUDAFunctions.cpp:162.)
2026-09-15T04:34:19.197Z   soft_log_len=torch.tensor(soft_log_len, dtype=torch.float32, device=device),
2026-09-15T04:34:19.197Z 
2026-09-15T04:34:19.198Z [2;36m[2026-09-15 04:34:19][0m [33mWARNING [0m [2m[py.warnings:112, 0f8858c49d67, rank=0][0m /opt/conda/lib/python3.12/site-packages/olmo_core/nn/transformer/model.py:1502: UserWarning: called a synchronizing CUDA operation (Triggered internally at /pytorch/c10/cuda/CUDAFunctions.cpp:162.)
2026-09-15T04:34:19.198Z   kv_grad_mask[cb.soft_rows, cb.soft_cols] = False
2026-09-15T04:34:19.198Z 
2026-09-15T04:34:30.059Z [2;36m[2026-09-15 04:34:30][0m [33mWARNING [0m [2m[py.warnings:112, 0f8858c49d67, rank=1][0m /opt/conda/lib/python3.12/site-packages/liger_kernel/ops/fused_linear_cross_entropy.py:75: UserWarning: called a synchronizing CUDA operation (Triggered internally at /pytorch/c10/cuda/CUDAFunctions.cpp:162.)
2026-09-15T04:34:30.059Z   total_n_non_ignore = target_mask.sum().item()
2026-09-15T04:34:30.059Z 
2026-09-15T04:34:30.063Z [2;36m[2026-09-15 04:34:30][0m [33mWARNING [0m [2m[py.warnings:112, 0f8858c49d67, rank=0][0m /opt/conda/lib/python3.12/site-packages/liger_kernel/ops/fused_linear_cross_entropy.py:75: UserWarning: called a synchronizing CUDA operation (Triggered internally at /pytorch/c10/cuda/CUDAFunctions.cpp:162.)
2026-09-15T04:34:30.063Z   total_n_non_ignore = target_mask.sum().item()
2026-09-15T04:34:30.063Z 
2026-09-15T04:34:30.644Z [2;36m[2026-09-15 04:34:30][0m [33mWARNING [0m [2m[py.warnings:112, 0f8858c49d67, rank=1][0m /opt/conda/lib/python3.12/site-packages/liger_kernel/ops/fused_linear_cross_entropy.py:233: UserWarning: called a synchronizing CUDA operation (Triggered internally at /pytorch/c10/cuda/CUDAFunctions.cpp:162.)
2026-09-15T04:34:30.644Z   if not torch.equal(grad_output, torch.tensor(1.0, device=grad_output.device)):
2026-09-15T04:34:30.644Z 
2026-09-15T04:34:30.898Z [2;36m[2026-09-15 04:34:30][0m [33mWARNING [0m [2m[py.warnings:112, 0f8858c49d67, rank=0][0m /opt/conda/lib/python3.12/site-packages/liger_kernel/ops/fused_linear_cross_entropy.py:233: UserWarning: called a synchronizing CUDA operation (Triggered internally at /pytorch/c10/cuda/CUDAFunctions.cpp:162.)
2026-09-15T04:34:30.898Z   if not torch.equal(grad_output, torch.tensor(1.0, device=grad_output.device)):
2026-09-15T04:34:30.898Z 
2026-09-15T04:34:43.933Z [2;36m[2026-09-15 04:34:43][0m [33mWARNING [0m [2m[py.warnings:112, 0f8858c49d67, rank=1][0m /opt/conda/lib/python3.12/site-packages/torch/autograd/graph.py:841: UserWarning: called a synchronizing CUDA operation (Triggered internally at /pytorch/c10/cuda/CUDAFunctions.cpp:162.)
2026-09-15T04:34:43.933Z   return Variable._execution_engine.run_backward(  # Calls into the C++ engine to run the backward pass
2026-09-15T04:34:43.933Z 
2026-09-15T04:34:43.945Z [2;36m[2026-09-15 04:34:43][0m [33mWARNING [0m [2m[py.warnings:112, 0f8858c49d67, rank=1][0m /opt/conda/lib/python3.12/site-packages/torch/distributed/utils.py:106: UserWarning: called a synchronizing CUDA operation (Triggered internally at /pytorch/c10/cuda/CUDAFunctions.cpp:162.)
2026-09-15T04:34:43.945Z   return (obj.to(target_device),)
2026-09-15T04:34:43.945Z 
2026-09-15T04:34:43.954Z [2;36m[2026-09-15 04:34:43][0m [33mWARNING [0m [2m[py.warnings:112, 0f8858c49d67, rank=1][0m /opt/conda/lib/python3.12/site-packages/olmo_core/nn/transformer/model.py:777: UserWarning: called a synchronizing CUDA operation (Triggered internally at /pytorch/c10/cuda/CUDAFunctions.cpp:162.)
2026-09-15T04:34:43.954Z   n_docs = int(chunk_ids.max().item()) + 1
2026-09-15T04:34:43.954Z 
2026-09-15T04:34:43.963Z [2;36m[2026-09-15 04:34:43][0m [33mWARNING [0m [2m[py.warnings:112, 0f8858c49d67, rank=1][0m /opt/conda/lib/python3.12/site-packages/olmo_core/nn/transformer/model.py:834: UserWarning: called a synchronizing CUDA operation (Triggered internally at /pytorch/c10/cuda/CUDAFunctions.cpp:162.)
2026-09-15T04:34:43.963Z   flat = (torch.arange(B, device=emb.device)[:, None] * n_docs + cid.clamp(min=0)).reshape(
2026-09-15T04:34:43.963Z 
2026-09-15T04:34:43.963Z [2;36m[2026-09-15 04:34:43][0m [33mWARNING [0m [2m[py.warnings:112, 0f8858c49d67, rank=1][0m /opt/conda/lib/python3.12/site-packages/olmo_core/nn/transformer/model.py:838: UserWarning: called a synchronizing CUDA operation (Triggered internally at /pytorch/c10/cuda/CUDAFunctions.cpp:162.)
2026-09-15T04:34:43.963Z   0, flat, emb.reshape(B * T, D)[is_ctx.reshape(-1)]
2026-09-15T04:34:43.963Z 
2026-09-15T04:34:43.970Z [2;36m[2026-09-15 04:34:43][0m [33mWARNING [0m [2m[py.warnings:112, 0f8858c49d67, rank=1][0m /opt/conda/lib/python3.12/site-packages/olmo_core/nn/pooled_soft_token.py:173: UserWarning: called a synchronizing CUDA operation (Triggered internally at /pytorch/c10/cuda/CUDAFunctions.cpp:162.)
2026-09-15T04:34:43.970Z   kept_idx = kept_tok.nonzero(as_tuple=True)[0]
2026-09-15T04:34:43.970Z 
2026-09-15T04:34:43.971Z [2;36m[2026-09-15 04:34:43][0m [33mWARNING [0m [2m[py.warnings:112, 0f8858c49d67, rank=1][0m /opt/conda/lib/python3.12/site-packages/olmo_core/nn/pooled_soft_token.py:179: UserWarning: called a synchronizing CUDA operation (Triggered internally at /pytorch/c10/cuda/CUDAFunctions.cpp:162.)
2026-09-15T04:34:43.971Z   if is_ctx.any():
2026-09-15T04:34:43.971Z 
2026-09-15T04:34:43.971Z [2;36m[2026-09-15 04:34:43][0m [33mWARNING [0m [2m[py.warnings:112, 0f8858c49d67, rank=1][0m /opt/conda/lib/python3.12/site-packages/olmo_core/nn/pooled_soft_token.py:180: UserWarning: called a synchronizing CUDA operation (Triggered internally at /pytorch/c10/cuda/CUDAFunctions.cpp:162.)
2026-09-15T04:34:43.971Z   d_ix = c[is_ctx]
2026-09-15T04:34:43.971Z 
2026-09-15T04:34:43.971Z [2;36m[2026-09-15 04:34:43][0m [33mWARNING [0m [2m[py.warnings:112, 0f8858c49d67, rank=1][0m /opt/conda/lib/python3.12/site-packages/olmo_core/nn/pooled_soft_token.py:181: UserWarning: called a synchronizing CUDA operation (Triggered internally at /pytorch/c10/cuda/CUDAFunctions.cpp:162.)
2026-09-15T04:34:43.971Z   pos_ix = is_ctx.nonzero(as_tuple=True)[0]
2026-09-15T04:34:43.971Z 
2026-09-15T04:34:43.972Z [2;36m[2026-09-15 04:34:43][0m [33mWARNING [0m [2m[py.warnings:112, 0f8858c49d67, rank=1][0m /opt/conda/lib/python3.12/site-packages/olmo_core/nn/pooled_soft_token.py:186: UserWarning: called a synchronizing CUDA operation (Triggered internally at /pytorch/c10/cuda/CUDAFunctions.cpp:162.)
2026-09-15T04:34:43.972Z   pooled_docs = pooled.nonzero(as_tuple=True)[0]
2026-09-15T04:34:43.972Z 
2026-09-15T04:34:43.973Z [2;36m[2026-09-15 04:34:43][0m [33mWARNING [0m [2m[py.warnings:112, 0f8858c49d67, rank=1][0m /opt/conda/lib/python3.12/site-packages/olmo_core/nn/pooled_soft_token.py:217: UserWarning: called a synchronizing CUDA operation (Triggered internally at /pytorch/c10/cuda/CUDAFunctions.cpp:162.)
2026-09-15T04:34:43.973Z   doc_len = torch.bincount(c[is_ctx], minlength=n_docs) if is_ctx.any() else torch.zeros(n_docs, dtype=torch.long, device=device)
2026-09-15T04:34:43.973Z 
2026-09-15T04:34:43.973Z [2;36m[2026-09-15 04:34:43][0m [33mWARNING [0m [2m[py.warnings:112, 0f8858c49d67, rank=1][0m /opt/conda/lib/python3.12/site-packages/olmo_core/nn/pooled_soft_token.py:222: UserWarning: called a synchronizing CUDA operation (Triggered internally at /pytorch/c10/cuda/CUDAFunctions.cpp:162.)
2026-09-15T04:34:43.973Z   soft_cols_b = soft_mask.nonzero(as_tuple=True)[0]
2026-09-15T04:34:43.973Z 
2026-09-15T04:34:43.974Z [2;36m[2026-09-15 04:34:43][0m [33mWARNING [0m [2m[py.warnings:112, 0f8858c49d67, rank=1][0m /opt/conda/lib/python3.12/site-packages/olmo_core/nn/pooled_soft_token.py:226: UserWarning: called a synchronizing CUDA operation (Triggered internally at /pytorch/c10/cuda/CUDAFunctions.cpp:162.)
2026-09-15T04:34:43.974Z   cols_l = soft_cols_b.tolist()
2026-09-15T04:34:43.974Z 
2026-09-15T04:34:43.974Z [2;36m[2026-09-15 04:34:43][0m [33mWARNING [0m [2m[py.warnings:112, 0f8858c49d67, rank=1][0m /opt/conda/lib/python3.12/site-packages/olmo_core/nn/pooled_soft_token.py:229: UserWarning: called a synchronizing CUDA operation (Triggered internally at /pytorch/c10/cuda/CUDAFunctions.cpp:162.)
2026-09-15T04:34:43.974Z   soft_docs += docs_b.tolist()
2026-09-15T04:34:43.974Z 
2026-09-15T04:34:43.974Z [2;36m[2026-09-15 04:34:43][0m [33mWARNING [0m [2m[py.warnings:112, 0f8858c49d67, rank=1][0m /opt/conda/lib/python3.12/site-packages/olmo_core/nn/pooled_soft_token.py:230: UserWarning: called a synchronizing CUDA operation (Triggered internally at /pytorch/c10/cuda/CUDAFunctions.cpp:162.)
2026-09-15T04:34:43.974Z   soft_log_len += lens_b.tolist()
2026-09-15T04:34:43.974Z 
2026-09-15T04:34:43.976Z [2;36m[2026-09-15 04:34:43][0m [33mWARNING [0m [2m[py.warnings:112, 0f8858c49d67, rank=1][0m /opt/conda/lib/python3.12/site-packages/olmo_core/nn/pooled_soft_token.py:280: UserWarning: called a synchronizing CUDA operation (Triggered internally at /pytorch/c10/cuda/CUDAFunctions.cpp:162.)
2026-09-15T04:34:43.976Z   row_lens[b] = L
2026-09-15T04:34:43.976Z 
2026-09-15T04:34:43.977Z [2;36m[2026-09-15 04:34:43][0m [33mWARNING [0m [2m[py.warnings:112, 0f8858c49d67, rank=1][0m /opt/conda/lib/python3.12/site-packages/olmo_core/nn/pooled_soft_token.py:297: UserWarning: called a synchronizing CUDA operation (Triggered internally at /pytorch/c10/cuda/CUDAFunctions.cpp:162.)
2026-09-15T04:34:43.977Z   soft_rows=torch.tensor(soft_rows, dtype=torch.long, device=device),
2026-09-15T04:34:43.977Z 
2026-09-15T04:34:43.977Z [2;36m[2026-09-15 04:34:43][0m [33mWARNING [0m [2m[py.warnings:112, 0f8858c49d67, rank=1][0m /opt/conda/lib/python3.12/site-packages/olmo_core/nn/pooled_soft_token.py:298: UserWarning: called a synchronizing CUDA operation (Triggered internally at /pytorch/c10/cuda/CUDAFunctions.cpp:162.)
2026-09-15T04:34:43.977Z   soft_cols=torch.tensor(soft_cols, dtype=torch.long, device=device),
2026-09-15T04:34:43.977Z 
2026-09-15T04:34:43.977Z [2;36m[2026-09-15 04:34:43][0m [33mWARNING [0m [2m[py.warnings:112, 0f8858c49d67, rank=1][0m /opt/conda/lib/python3.12/site-packages/olmo_core/nn/pooled_soft_token.py:299: UserWarning: called a synchronizing CUDA operation (Triggered internally at /pytorch/c10/cuda/CUDAFunctions.cpp:162.)
2026-09-15T04:34:43.977Z   soft_docs=torch.tensor(soft_docs, dtype=torch.long, device=device),
2026-09-15T04:34:43.977Z 
2026-09-15T04:34:43.978Z [2;36m[2026-09-15 04:34:43][0m [33mWARNING [0m [2m[py.warnings:112, 0f8858c49d67, rank=1][0m /opt/conda/lib/python3.12/site-packages/olmo_core/nn/pooled_soft_token.py:301: UserWarning: called a synchronizing CUDA operation (Triggered internally at /pytorch/c10/cuda/CUDAFunctions.cpp:162.)
2026-09-15T04:34:43.978Z   soft_log_len=torch.tensor(soft_log_len, dtype=torch.float32, device=device),
2026-09-15T04:34:43.978Z 
2026-09-15T04:34:43.978Z [2;36m[2026-09-15 04:34:43][0m [33mWARNING [0m [2m[py.warnings:112, 0f8858c49d67, rank=1][0m /opt/conda/lib/python3.12/site-packages/olmo_core/nn/transformer/model.py:1502: UserWarning: called a synchronizing CUDA operation (Triggered internally at /pytorch/c10/cuda/CUDAFunctions.cpp:162.)
2026-09-15T04:34:43.978Z   kv_grad_mask[cb.soft_rows, cb.soft_cols] = False
2026-09-15T04:34:43.978Z 
2026-09-15T04:34:44.170Z [2;36m[2026-09-15 04:34:44][0m [33mWARNING [0m [2m[py.warnings:112, 0f8858c49d67, rank=1][0m /opt/conda/lib/python3.12/site-packages/liger_kernel/ops/fused_linear_cross_entropy.py:75: UserWarning: called a synchronizing CUDA operation (Triggered internally at /pytorch/c10/cuda/CUDAFunctions.cpp:162.)
2026-09-15T04:34:44.170Z   total_n_non_ignore = target_mask.sum().item()
2026-09-15T04:34:44.170Z 
2026-09-15T04:34:44.678Z [2;36m[2026-09-15 04:34:44][0m [33mWARNING [0m [2m[py.warnings:112, 0f8858c49d67, rank=1][0m /opt/conda/lib/python3.12/site-packages/liger_kernel/ops/fused_linear_cross_entropy.py:233: UserWarning: called a synchronizing CUDA operation (Triggered internally at /pytorch/c10/cuda/CUDAFunctions.cpp:162.)
2026-09-15T04:34:44.678Z   if not torch.equal(grad_output, torch.tensor(1.0, device=grad_output.device)):
2026-09-15T04:34:44.678Z 
2026-09-15T04:34:45.463Z [2;36m[2026-09-15 04:34:45][0m [34mINFO    [0m [2m[olmo_core.train.callbacks.console_logger:68, 0f8858c49d67, rank=0][0m [step=12/61,epoch=1,eta=39m]
2026-09-15T04:34:45.463Z     gpu_memory/GPU active mem (%)=76.00
2026-09-15T04:34:45.463Z     gpu_memory/GPU active mem (GiB)=60.23
2026-09-15T04:34:45.463Z     gpu_memory/GPU reserved mem (%)=81.32
2026-09-15T04:34:45.463Z     gpu_memory/GPU reserved mem (GiB)=64.45
2026-09-15T04:34:45.463Z     optim/LR (group 0)=4.15E-06
2026-09-15T04:34:45.463Z     optim/LR (group 1)=4.15E-06
2026-09-15T04:34:45.463Z     optim/step skipped=0.0
2026-09-15T04:34:45.463Z     optim/total grad norm=8.898
2026-09-15T04:34:45.463Z     throughput/chinchilla multiple=1.87E-05
2026-09-15T04:34:45.463Z     throughput/device/BPS=0.0168
2026-09-15T04:34:45.463Z     throughput/device/BPS (actual avg)=0.0206
2026-09-15T04:34:45.463Z     throughput/device/MFU=8.071
2026-09-15T04:34:45.463Z     throughput/device/MFU (actual avg)=9.895
2026-09-15T04:34:45.463Z     throughput/device/TPS=1,099
2026-09-15T04:34:45.463Z     throughput/device/TPS (actual avg)=1,348
2026-09-15T04:34:45.463Z     throughput/device/flopsPS=25.18T
2026-09-15T04:34:45.463Z     throughput/device/flopsPS (actual avg)=30.87T
2026-09-15T04:34:45.463Z     throughput/total petaflops=36.02
2026-09-15T04:34:45.463Z     throughput/total tokens=1,572,864
2026-09-15T04:34:45.463Z     train/CE loss=0.3748
2026-09-15T04:34:45.463Z     throughput/device/data loading (%)=0.0027
2026-09-15T04:34:45.464Z     throughput/device/data loading (s)=0.0016
2026-09-15T04:34:45.464Z     train/PPL=1.455
2026-09-15T04:35:02.861Z [2;36m[2026-09-15 04:35:02][0m [33mWARNING [0m [2m[py.warnings:112, 0f8858c49d67, rank=0][0m /opt/conda/lib/python3.12/site-packages/liger_kernel/ops/fused_linear_cross_entropy.py:75: UserWarning: called a synchronizing CUDA operation (Triggered internally at /pytorch/c10/cuda/CUDAFunctions.cpp:162.)
2026-09-15T04:35:02.862Z   total_n_non_ignore = target_mask.sum().item()
2026-09-15T04:35:02.862Z 
2026-09-15T04:35:03.484Z [2;36m[2026-09-15 04:35:03][0m [33mWARNING [0m [2m[py.warnings:112, 0f8858c49d67, rank=0][0m /opt/conda/lib/python3.12/site-packages/liger_kernel/ops/fused_linear_cross_entropy.py:233: UserWarning: called a synchronizing CUDA operation (Triggered internally at /pytorch/c10/cuda/CUDAFunctions.cpp:162.)
2026-09-15T04:35:03.484Z   if not torch.equal(grad_output, torch.tensor(1.0, device=grad_output.device)):
2026-09-15T04:35:03.484Z 
2026-09-15T04:35:17.020Z [2;36m[2026-09-15 04:35:17][0m [33mWARNING [0m [2m[py.warnings:112, 0f8858c49d67, rank=0][0m /opt/conda/lib/python3.12/site-packages/torch/autograd/graph.py:841: UserWarning: called a synchronizing CUDA operation (Triggered internally at /pytorch/c10/cuda/CUDAFunctions.cpp:162.)
2026-09-15T04:35:17.020Z   return Variable._execution_engine.run_backward(  # Calls into the C++ engine to run the backward pass
2026-09-15T04:35:17.020Z 
2026-09-15T04:35:17.022Z [2;36m[2026-09-15 04:35:17][0m [33mWARNING [0m [2m[py.warnings:112, 0f8858c49d67, rank=0][0m /opt/conda/lib/python3.12/site-packages/torch/distributed/utils.py:106: UserWarning: called a synchronizing CUDA operation (Triggered internally at /pytorch/c10/cuda/CUDAFunctions.cpp:162.)
2026-09-15T04:35:17.022Z   return (obj.to(target_device),)
2026-09-15T04:35:17.022Z 
2026-09-15T04:35:17.031Z [2;36m[2026-09-15 04:35:17][0m [33mWARNING [0m [2m[py.warnings:112, 0f8858c49d67, rank=0][0m /opt/conda/lib/python3.12/site-packages/olmo_core/nn/transformer/model.py:777: UserWarning: called a synchronizing CUDA operation (Triggered internally at /pytorch/c10/cuda/CUDAFunctions.cpp:162.)
2026-09-15T04:35:17.032Z   n_docs = int(chunk_ids.max().item()) + 1
2026-09-15T04:35:17.032Z 
2026-09-15T04:35:17.040Z [2;36m[2026-09-15 04:35:17][0m [33mWARNING [0m [2m[py.warnings:112, 0f8858c49d67, rank=0][0m /opt/conda/lib/python3.12/site-packages/olmo_core/nn/transformer/model.py:834: UserWarning: called a synchronizing CUDA operation (Triggered internally at /pytorch/c10/cuda/CUDAFunctions.cpp:162.)
2026-09-15T04:35:17.040Z   flat = (torch.arange(B, device=emb.device)[:, None] * n_docs + cid.clamp(min=0)).reshape(
2026-09-15T04:35:17.040Z 
2026-09-15T04:35:17.041Z [2;36m[2026-09-15 04:35:17][0m [33mWARNING [0m [2m[py.warnings:112, 0f8858c49d67, rank=0][0m /opt/conda/lib/python3.12/site-packages/olmo_core/nn/transformer/model.py:838: UserWarning: called a synchronizing CUDA operation (Triggered internally at /pytorch/c10/cuda/CUDAFunctions.cpp:162.)
2026-09-15T04:35:17.041Z   0, flat, emb.reshape(B * T, D)[is_ctx.reshape(-1)]
2026-09-15T04:35:17.041Z 
2026-09-15T04:35:17.049Z [2;36m[2026-09-15 04:35:17][0m [33mWARNING [0m [2m[py.warnings:112, 0f8858c49d67, rank=0][0m /opt/conda/lib/python3.12/site-packages/olmo_core/nn/pooled_soft_token.py:173: UserWarning: called a synchronizing CUDA operation (Triggered internally at /pytorch/c10/cuda/CUDAFunctions.cpp:162.)
2026-09-15T04:35:17.049Z   kept_idx = kept_tok.nonzero(as_tuple=True)[0]
2026-09-15T04:35:17.049Z 
2026-09-15T04:35:17.049Z [2;36m[2026-09-15 04:35:17][0m [33mWARNING [0m [2m[py.warnings:112, 0f8858c49d67, rank=0][0m /opt/conda/lib/python3.12/site-packages/olmo_core/nn/pooled_soft_token.py:179: UserWarning: called a synchronizing CUDA operation (Triggered internally at /pytorch/c10/cuda/CUDAFunctions.cpp:162.)
2026-09-15T04:35:17.049Z   if is_ctx.any():
2026-09-15T04:35:17.049Z 
2026-09-15T04:35:17.050Z [2;36m[2026-09-15 04:35:17][0m [33mWARNING [0m [2m[py.warnings:112, 0f8858c49d67, rank=0][0m /opt/conda/lib/python3.12/site-packages/olmo_core/nn/pooled_soft_token.py:180: UserWarning: called a synchronizing CUDA operation (Triggered internally at /pytorch/c10/cuda/CUDAFunctions.cpp:162.)
2026-09-15T04:35:17.050Z   d_ix = c[is_ctx]
2026-09-15T04:35:17.050Z 
2026-09-15T04:35:17.050Z [2;36m[2026-09-15 04:35:17][0m [33mWARNING [0m [2m[py.warnings:112, 0f8858c49d67, rank=0][0m /opt/conda/lib/python3.12/site-packages/olmo_core/nn/pooled_soft_token.py:181: UserWarning: called a synchronizing CUDA operation (Triggered internally at /pytorch/c10/cuda/CUDAFunctions.cpp:162.)
2026-09-15T04:35:17.050Z   pos_ix = is_ctx.nonzero(as_tuple=True)[0]
2026-09-15T04:35:17.050Z 
2026-09-15T04:35:17.051Z [2;36m[2026-09-15 04:35:17][0m [33mWARNING [0m [2m[py.warnings:112, 0f8858c49d67, rank=0][0m /opt/conda/lib/python3.12/site-packages/olmo_core/nn/pooled_soft_token.py:186: UserWarning: called a synchronizing CUDA operation (Triggered internally at /pytorch/c10/cuda/CUDAFunctions.cpp:162.)
2026-09-15T04:35:17.051Z   pooled_docs = pooled.nonzero(as_tuple=True)[0]
2026-09-15T04:35:17.051Z 
2026-09-15T04:35:17.052Z [2;36m[2026-09-15 04:35:17][0m [33mWARNING [0m [2m[py.warnings:112, 0f8858c49d67, rank=0][0m /opt/conda/lib/python3.12/site-packages/olmo_core/nn/pooled_soft_token.py:217: UserWarning: called a synchronizing CUDA operation (Triggered internally at /pytorch/c10/cuda/CUDAFunctions.cpp:162.)
2026-09-15T04:35:17.052Z   doc_len = torch.bincount(c[is_ctx], minlength=n_docs) if is_ctx.any() else torch.zeros(n_docs, dtype=torch.long, device=device)
2026-09-15T04:35:17.052Z 
2026-09-15T04:35:17.052Z [2;36m[2026-09-15 04:35:17][0m [33mWARNING [0m [2m[py.warnings:112, 0f8858c49d67, rank=0][0m /opt/conda/lib/python3.12/site-packages/olmo_core/nn/pooled_soft_token.py:222: UserWarning: called a synchronizing CUDA operation (Triggered internally at /pytorch/c10/cuda/CUDAFunctions.cpp:162.)
2026-09-15T04:35:17.052Z   soft_cols_b = soft_mask.nonzero(as_tuple=True)[0]
2026-09-15T04:35:17.052Z 
2026-09-15T04:35:17.053Z [2;36m[2026-09-15 04:35:17][0m [33mWARNING [0m [2m[py.warnings:112, 0f8858c49d67, rank=0][0m /opt/conda/lib/python3.12/site-packages/olmo_core/nn/pooled_soft_token.py:226: UserWarning: called a synchronizing CUDA operation (Triggered internally at /pytorch/c10/cuda/CUDAFunctions.cpp:162.)
2026-09-15T04:35:17.053Z   cols_l = soft_cols_b.tolist()
2026-09-15T04:35:17.053Z 
2026-09-15T04:35:17.053Z [2;36m[2026-09-15 04:35:17][0m [33mWARNING [0m [2m[py.warnings:112, 0f8858c49d67, rank=0][0m /opt/conda/lib/python3.12/site-packages/olmo_core/nn/pooled_soft_token.py:229: UserWarning: called a synchronizing CUDA operation (Triggered internally at /pytorch/c10/cuda/CUDAFunctions.cpp:162.)
2026-09-15T04:35:17.053Z   soft_docs += docs_b.tolist()
2026-09-15T04:35:17.053Z 
2026-09-15T04:35:17.054Z [2;36m[2026-09-15 04:35:17][0m [33mWARNING [0m [2m[py.warnings:112, 0f8858c49d67, rank=0][0m /opt/conda/lib/python3.12/site-packages/olmo_core/nn/pooled_soft_token.py:230: UserWarning: called a synchronizing CUDA operation (Triggered internally at /pytorch/c10/cuda/CUDAFunctions.cpp:162.)
2026-09-15T04:35:17.054Z   soft_log_len += lens_b.tolist()
2026-09-15T04:35:17.054Z 
2026-09-15T04:35:17.056Z [2;36m[2026-09-15 04:35:17][0m [33mWARNING [0m [2m[py.warnings:112, 0f8858c49d67, rank=0][0m /opt/conda/lib/python3.12/site-packages/olmo_core/nn/pooled_soft_token.py:280: UserWarning: called a synchronizing CUDA operation (Triggered internally at /pytorch/c10/cuda/CUDAFunctions.cpp:162.)
2026-09-15T04:35:17.056Z   row_lens[b] = L
2026-09-15T04:35:17.056Z 
2026-09-15T04:35:17.056Z [2;36m[2026-09-15 04:35:17][0m [33mWARNING [0m [2m[py.warnings:112, 0f8858c49d67, rank=0][0m /opt/conda/lib/python3.12/site-packages/olmo_core/nn/pooled_soft_token.py:297: UserWarning: called a synchronizing CUDA operation (Triggered internally at /pytorch/c10/cuda/CUDAFunctions.cpp:162.)
2026-09-15T04:35:17.056Z   soft_rows=torch.tensor(soft_rows, dtype=torch.long, device=device),
2026-09-15T04:35:17.056Z 
2026-09-15T04:35:17.057Z [2;36m[2026-09-15 04:35:17][0m [33mWARNING [0m [2m[py.warnings:112, 0f8858c49d67, rank=0][0m /opt/conda/lib/python3.12/site-packages/olmo_core/nn/pooled_soft_token.py:298: UserWarning: called a synchronizing CUDA operation (Triggered internally at /pytorch/c10/cuda/CUDAFunctions.cpp:162.)
2026-09-15T04:35:17.057Z   soft_cols=torch.tensor(soft_cols, dtype=torch.long, device=device),
2026-09-15T04:35:17.057Z 
2026-09-15T04:35:17.057Z [2;36m[2026-09-15 04:35:17][0m [33mWARNING [0m [2m[py.warnings:112, 0f8858c49d67, rank=0][0m /opt/conda/lib/python3.12/site-packages/olmo_core/nn/pooled_soft_token.py:299: UserWarning: called a synchronizing CUDA operation (Triggered internally at /pytorch/c10/cuda/CUDAFunctions.cpp:162.)
2026-09-15T04:35:17.057Z   soft_docs=torch.tensor(soft_docs, dtype=torch.long, device=device),
2026-09-15T04:35:17.057Z 
2026-09-15T04:35:17.058Z [2;36m[2026-09-15 04:35:17][0m [33mWARNING [0m [2m[py.warnings:112, 0f8858c49d67, rank=0][0m /opt/conda/lib/python3.12/site-packages/olmo_core/nn/pooled_soft_token.py:301: UserWarning: called a synchronizing CUDA operation (Triggered internally at /pytorch/c10/cuda/CUDAFunctions.cpp:162.)
2026-09-15T04:35:17.058Z   soft_log_len=torch.tensor(soft_log_len, dtype=torch.float32, device=device),
2026-09-15T04:35:17.058Z 
2026-09-15T04:35:17.058Z [2;36m[2026-09-15 04:35:17][0m [33mWARNING [0m [2m[py.warnings:112, 0f8858c49d67, rank=0][0m /opt/conda/lib/python3.12/site-packages/olmo_core/nn/transformer/model.py:1502: UserWarning: called a synchronizing CUDA operation (Triggered internally at /pytorch/c10/cuda/CUDAFunctions.cpp:162.)
2026-09-15T04:35:17.058Z   kv_grad_mask[cb.soft_rows, cb.soft_cols] = False
2026-09-15T04:35:17.058Z 
2026-09-15T04:35:17.254Z [2;36m[2026-09-15 04:35:17][0m [33mWARNING [0m [2m[py.warnings:112, 0f8858c49d67, rank=0][0m /opt/conda/lib/python3.12/site-packages/liger_kernel/ops/fused_linear_cross_entropy.py:75: UserWarning: called a synchronizing CUDA operation (Triggered internally at /pytorch/c10/cuda/CUDAFunctions.cpp:162.)
2026-09-15T04:35:17.254Z   total_n_non_ignore = target_mask.sum().item()
2026-09-15T04:35:17.254Z 
2026-09-15T04:35:17.793Z [2;36m[2026-09-15 04:35:17][0m [33mWARNING [0m [2m[py.warnings:112, 0f8858c49d67, rank=0][0m /opt/conda/lib/python3.12/site-packages/liger_kernel/ops/fused_linear_cross_entropy.py:233: UserWarning: called a synchronizing CUDA operation (Triggered internally at /pytorch/c10/cuda/CUDAFunctions.cpp:162.)
2026-09-15T04:35:17.793Z   if not torch.equal(grad_output, torch.tensor(1.0, device=grad_output.device)):
2026-09-15T04:35:17.793Z 
2026-09-15T04:35:21.939Z [2;36m[2026-09-15 04:35:21][0m [34mINFO    [0m [2m[olmo_core.train.callbacks.console_logger:68, 0f8858c49d67, rank=0][0m [step=13/61,epoch=1,eta=38m]
2026-09-15T04:35:21.939Z     gpu_memory/GPU active mem (%)=76.00
2026-09-15T04:35:21.939Z     gpu_memory/GPU active mem (GiB)=60.23
2026-09-15T04:35:21.939Z     gpu_memory/GPU reserved mem (%)=81.32
2026-09-15T04:35:21.939Z     gpu_memory/GPU reserved mem (GiB)=64.45
2026-09-15T04:35:21.939Z     optim/LR (group 0)=4.07E-06
2026-09-15T04:35:21.939Z     optim/LR (group 1)=4.07E-06
2026-09-15T04:35:21.939Z     optim/step skipped=0.0
2026-09-15T04:35:21.939Z     optim/total grad norm=10.14
2026-09-15T04:35:21.939Z     throughput/chinchilla multiple=2.03E-05
2026-09-15T04:35:21.939Z     throughput/device/BPS=0.0274
2026-09-15T04:35:21.939Z     throughput/device/BPS (actual avg)=0.0210
2026-09-15T04:35:21.939Z     throughput/device/MFU=13.19
2026-09-15T04:35:21.939Z     throughput/device/MFU (actual avg)=10.11
2026-09-15T04:35:21.939Z     throughput/device/TPS=1,796
2026-09-15T04:35:21.939Z     throughput/device/TPS (actual avg)=1,376
2026-09-15T04:35:21.939Z     throughput/device/flopsPS=41.14T
2026-09-15T04:35:21.939Z     throughput/device/flopsPS (actual avg)=31.53T
2026-09-15T04:35:21.939Z     throughput/total petaflops=39.02
2026-09-15T04:35:21.939Z     throughput/total tokens=1,703,936
2026-09-15T04:35:21.939Z     train/CE loss=0.3463
2026-09-15T04:35:21.939Z     throughput/device/data loading (%)=0.0073
2026-09-15T04:35:21.939Z     throughput/device/data loading (s)=0.0027
2026-09-15T04:35:21.939Z     train/PPL=1.414
2026-09-15T04:35:42.777Z [2;36m[2026-09-15 04:35:42][0m [33mWARNING [0m [2m[py.warnings:112, 0f8858c49d67, rank=1][0m /opt/conda/lib/python3.12/site-packages/liger_kernel/ops/fused_linear_cross_entropy.py:75: UserWarning: called a synchronizing CUDA operation (Triggered internally at /pytorch/c10/cuda/CUDAFunctions.cpp:162.)
2026-09-15T04:35:42.777Z   total_n_non_ignore = target_mask.sum().item()
2026-09-15T04:35:42.777Z 
2026-09-15T04:35:43.716Z [2;36m[2026-09-15 04:35:43][0m [33mWARNING [0m [2m[py.warnings:112, 0f8858c49d67, rank=1][0m /opt/conda/lib/python3.12/site-packages/liger_kernel/ops/fused_linear_cross_entropy.py:233: UserWarning: called a synchronizing CUDA operation (Triggered internally at /pytorch/c10/cuda/CUDAFunctions.cpp:162.)
2026-09-15T04:35:43.716Z   if not torch.equal(grad_output, torch.tensor(1.0, device=grad_output.device)):
2026-09-15T04:35:43.716Z 
2026-09-15T04:35:57.016Z [2;36m[2026-09-15 04:35:57][0m [33mWARNING [0m [2m[py.warnings:112, 0f8858c49d67, rank=1][0m /opt/conda/lib/python3.12/site-packages/torch/autograd/graph.py:841: UserWarning: called a synchronizing CUDA operation (Triggered internally at /pytorch/c10/cuda/CUDAFunctions.cpp:162.)
2026-09-15T04:35:57.016Z   return Variable._execution_engine.run_backward(  # Calls into the C++ engine to run the backward pass
2026-09-15T04:35:57.016Z 
2026-09-15T04:35:57.027Z [2;36m[2026-09-15 04:35:57][0m [33mWARNING [0m [2m[py.warnings:112, 0f8858c49d67, rank=1][0m /opt/conda/lib/python3.12/site-packages/torch/distributed/utils.py:106: UserWarning: called a synchronizing CUDA operation (Triggered internally at /pytorch/c10/cuda/CUDAFunctions.cpp:162.)
2026-09-15T04:35:57.027Z   return (obj.to(target_device),)
2026-09-15T04:35:57.027Z 
2026-09-15T04:35:57.036Z [2;36m[2026-09-15 04:35:57][0m [33mWARNING [0m [2m[py.warnings:112, 0f8858c49d67, rank=1][0m /opt/conda/lib/python3.12/site-packages/olmo_core/nn/transformer/model.py:777: UserWarning: called a synchronizing CUDA operation (Triggered internally at /pytorch/c10/cuda/CUDAFunctions.cpp:162.)
2026-09-15T04:35:57.036Z   n_docs = int(chunk_ids.max().item()) + 1
2026-09-15T04:35:57.036Z 
2026-09-15T04:35:57.045Z [2;36m[2026-09-15 04:35:57][0m [33mWARNING [0m [2m[py.warnings:112, 0f8858c49d67, rank=1][0m /opt/conda/lib/python3.12/site-packages/olmo_core/nn/transformer/model.py:834: UserWarning: called a synchronizing CUDA operation (Triggered internally at /pytorch/c10/cuda/CUDAFunctions.cpp:162.)
2026-09-15T04:35:57.045Z   flat = (torch.arange(B, device=emb.device)[:, None] * n_docs + cid.clamp(min=0)).reshape(
2026-09-15T04:35:57.045Z 
2026-09-15T04:35:57.045Z [2;36m[2026-09-15 04:35:57][0m [33mWARNING [0m [2m[py.warnings:112, 0f8858c49d67, rank=1][0m /opt/conda/lib/python3.12/site-packages/olmo_core/nn/transformer/model.py:838: UserWarning: called a synchronizing CUDA operation (Triggered internally at /pytorch/c10/cuda/CUDAFunctions.cpp:162.)
2026-09-15T04:35:57.045Z   0, flat, emb.reshape(B * T, D)[is_ctx.reshape(-1)]
2026-09-15T04:35:57.045Z 
2026-09-15T04:35:57.053Z [2;36m[2026-09-15 04:35:57][0m [33mWARNING [0m [2m[py.warnings:112, 0f8858c49d67, rank=1][0m /opt/conda/lib/python3.12/site-packages/olmo_core/nn/pooled_soft_token.py:173: UserWarning: called a synchronizing CUDA operation (Triggered internally at /pytorch/c10/cuda/CUDAFunctions.cpp:162.)
2026-09-15T04:35:57.053Z   kept_idx = kept_tok.nonzero(as_tuple=True)[0]
2026-09-15T04:35:57.053Z 
2026-09-15T04:35:57.054Z [2;36m[2026-09-15 04:35:57][0m [33mWARNING [0m [2m[py.warnings:112, 0f8858c49d67, rank=1][0m /opt/conda/lib/python3.12/site-packages/olmo_core/nn/pooled_soft_token.py:179: UserWarning: called a synchronizing CUDA operation (Triggered internally at /pytorch/c10/cuda/CUDAFunctions.cpp:162.)
2026-09-15T04:35:57.054Z   if is_ctx.any():
2026-09-15T04:35:57.054Z 
2026-09-15T04:35:57.054Z [2;36m[2026-09-15 04:35:57][0m [33mWARNING [0m [2m[py.warnings:112, 0f8858c49d67, rank=1][0m /opt/conda/lib/python3.12/site-packages/olmo_core/nn/pooled_soft_token.py:180: UserWarning: called a synchronizing CUDA operation (Triggered internally at /pytorch/c10/cuda/CUDAFunctions.cpp:162.)
2026-09-15T04:35:57.054Z   d_ix = c[is_ctx]
2026-09-15T04:35:57.054Z 
2026-09-15T04:35:57.055Z [2;36m[2026-09-15 04:35:57][0m [33mWARNING [0m [2m[py.warnings:112, 0f8858c49d67, rank=1][0m /opt/conda/lib/python3.12/site-packages/olmo_core/nn/pooled_soft_token.py:181: UserWarning: called a synchronizing CUDA operation (Triggered internally at /pytorch/c10/cuda/CUDAFunctions.cpp:162.)
2026-09-15T04:35:57.055Z   pos_ix = is_ctx.nonzero(as_tuple=True)[0]
2026-09-15T04:35:57.055Z 
2026-09-15T04:35:57.055Z [2;36m[2026-09-15 04:35:57][0m [33mWARNING [0m [2m[py.warnings:112, 0f8858c49d67, rank=1][0m /opt/conda/lib/python3.12/site-packages/olmo_core/nn/pooled_soft_token.py:186: UserWarning: called a synchronizing CUDA operation (Triggered internally at /pytorch/c10/cuda/CUDAFunctions.cpp:162.)
2026-09-15T04:35:57.055Z   pooled_docs = pooled.nonzero(as_tuple=True)[0]
2026-09-15T04:35:57.055Z 
2026-09-15T04:35:57.056Z [2;36m[2026-09-15 04:35:57][0m [33mWARNING [0m [2m[py.warnings:112, 0f8858c49d67, rank=1][0m /opt/conda/lib/python3.12/site-packages/olmo_core/nn/pooled_soft_token.py:217: UserWarning: called a synchronizing CUDA operation (Triggered internally at /pytorch/c10/cuda/CUDAFunctions.cpp:162.)
2026-09-15T04:35:57.056Z   doc_len = torch.bincount(c[is_ctx], minlength=n_docs) if is_ctx.any() else torch.zeros(n_docs, dtype=torch.long, device=device)
2026-09-15T04:35:57.056Z 
2026-09-15T04:35:57.057Z [2;36m[2026-09-15 04:35:57][0m [33mWARNING [0m [2m[py.warnings:112, 0f8858c49d67, rank=1][0m /opt/conda/lib/python3.12/site-packages/olmo_core/nn/pooled_soft_token.py:222: UserWarning: called a synchronizing CUDA operation (Triggered internally at /pytorch/c10/cuda/CUDAFunctions.cpp:162.)
2026-09-15T04:35:57.057Z   soft_cols_b = soft_mask.nonzero(as_tuple=True)[0]
2026-09-15T04:35:57.057Z 
2026-09-15T04:35:57.057Z [2;36m[2026-09-15 04:35:57][0m [33mWARNING [0m [2m[py.warnings:112, 0f8858c49d67, rank=1][0m /opt/conda/lib/python3.12/site-packages/olmo_core/nn/pooled_soft_token.py:226: UserWarning: called a synchronizing CUDA operation (Triggered internally at /pytorch/c10/cuda/CUDAFunctions.cpp:162.)
2026-09-15T04:35:57.057Z   cols_l = soft_cols_b.tolist()
2026-09-15T04:35:57.057Z 
2026-09-15T04:35:57.057Z [2;36m[2026-09-15 04:35:57][0m [33mWARNING [0m [2m[py.warnings:112, 0f8858c49d67, rank=1][0m /opt/conda/lib/python3.12/site-packages/olmo_core/nn/pooled_soft_token.py:229: UserWarning: called a synchronizing CUDA operation (Triggered internally at /pytorch/c10/cuda/CUDAFunctions.cpp:162.)
2026-09-15T04:35:57.057Z   soft_docs += docs_b.tolist()
2026-09-15T04:35:57.057Z 
2026-09-15T04:35:57.058Z [2;36m[2026-09-15 04:35:57][0m [33mWARNING [0m [2m[py.warnings:112, 0f8858c49d67, rank=1][0m /opt/conda/lib/python3.12/site-packages/olmo_core/nn/pooled_soft_token.py:230: UserWarning: called a synchronizing CUDA operation (Triggered internally at /pytorch/c10/cuda/CUDAFunctions.cpp:162.)
2026-09-15T04:35:57.058Z   soft_log_len += lens_b.tolist()
2026-09-15T04:35:57.058Z 
2026-09-15T04:35:57.060Z [2;36m[2026-09-15 04:35:57][0m [33mWARNING [0m [2m[py.warnings:112, 0f8858c49d67, rank=1][0m /opt/conda/lib/python3.12/site-packages/olmo_core/nn/pooled_soft_token.py:280: UserWarning: called a synchronizing CUDA operation (Triggered internally at /pytorch/c10/cuda/CUDAFunctions.cpp:162.)
2026-09-15T04:35:57.060Z   row_lens[b] = L
2026-09-15T04:35:57.060Z 
2026-09-15T04:35:57.060Z [2;36m[2026-09-15 04:35:57][0m [33mWARNING [0m [2m[py.warnings:112, 0f8858c49d67, rank=1][0m /opt/conda/lib/python3.12/site-packages/olmo_core/nn/pooled_soft_token.py:297: UserWarning: called a synchronizing CUDA operation (Triggered internally at /pytorch/c10/cuda/CUDAFunctions.cpp:162.)
2026-09-15T04:35:57.060Z   soft_rows=torch.tensor(soft_rows, dtype=torch.long, device=device),
2026-09-15T04:35:57.060Z 
2026-09-15T04:35:57.060Z [2;36m[2026-09-15 04:35:57][0m [33mWARNING [0m [2m[py.warnings:112, 0f8858c49d67, rank=1][0m /opt/conda/lib/python3.12/site-packages/olmo_core/nn/pooled_soft_token.py:298: UserWarning: called a synchronizing CUDA operation (Triggered internally at /pytorch/c10/cuda/CUDAFunctions.cpp:162.)
2026-09-15T04:35:57.060Z   soft_cols=torch.tensor(soft_cols, dtype=torch.long, device=device),
2026-09-15T04:35:57.060Z 
2026-09-15T04:35:57.061Z [2;36m[2026-09-15 04:35:57][0m [33mWARNING [0m [2m[py.warnings:112, 0f8858c49d67, rank=1][0m /opt/conda/lib/python3.12/site-packages/olmo_core/nn/pooled_soft_token.py:299: UserWarning: called a synchronizing CUDA operation (Triggered internally at /pytorch/c10/cuda/CUDAFunctions.cpp:162.)
2026-09-15T04:35:57.061Z   soft_docs=torch.tensor(soft_docs, dtype=torch.long, device=device),
2026-09-15T04:35:57.061Z 
2026-09-15T04:35:57.061Z [2;36m[2026-09-15 04:35:57][0m [33mWARNING [0m [2m[py.warnings:112, 0f8858c49d67, rank=1][0m /opt/conda/lib/python3.12/site-packages/olmo_core/nn/pooled_soft_token.py:301: UserWarning: called a synchronizing CUDA operation (Triggered internally at /pytorch/c10/cuda/CUDAFunctions.cpp:162.)
2026-09-15T04:35:57.061Z   soft_log_len=torch.tensor(soft_log_len, dtype=torch.float32, device=device),
2026-09-15T04:35:57.061Z 
2026-09-15T04:35:57.062Z [2;36m[2026-09-15 04:35:57][0m [33mWARNING [0m [2m[py.warnings:112, 0f8858c49d67, rank=1][0m /opt/conda/lib/python3.12/site-packages/olmo_core/nn/transformer/model.py:1502: UserWarning: called a synchronizing CUDA operation (Triggered internally at /pytorch/c10/cuda/CUDAFunctions.cpp:162.)
2026-09-15T04:35:57.062Z   kv_grad_mask[cb.soft_rows, cb.soft_cols] = False
2026-09-15T04:35:57.062Z 
2026-09-15T04:35:57.216Z [2;36m[2026-09-15 04:35:57][0m [33mWARNING [0m [2m[py.warnings:112, 0f8858c49d67, rank=1][0m /opt/conda/lib/python3.12/site-packages/liger_kernel/ops/fused_linear_cross_entropy.py:75: UserWarning: called a synchronizing CUDA operation (Triggered internally at /pytorch/c10/cuda/CUDAFunctions.cpp:162.)
2026-09-15T04:35:57.216Z   total_n_non_ignore = target_mask.sum().item()
2026-09-15T04:35:57.216Z 
2026-09-15T04:35:57.940Z [2;36m[2026-09-15 04:35:57][0m [33mWARNING [0m [2m[py.warnings:112, 0f8858c49d67, rank=1][0m /opt/conda/lib/python3.12/site-packages/liger_kernel/ops/fused_linear_cross_entropy.py:233: UserWarning: called a synchronizing CUDA operation (Triggered internally at /pytorch/c10/cuda/CUDAFunctions.cpp:162.)
2026-09-15T04:35:57.940Z   if not torch.equal(grad_output, torch.tensor(1.0, device=grad_output.device)):
2026-09-15T04:35:57.940Z 
2026-09-15T04:35:58.607Z [2;36m[2026-09-15 04:35:58][0m [34mINFO    [0m [2m[olmo_core.train.callbacks.console_logger:68, 0f8858c49d67, rank=0][0m [step=14/61,epoch=1,eta=36m]
2026-09-15T04:35:58.607Z     gpu_memory/GPU active mem (%)=76.00
2026-09-15T04:35:58.607Z     gpu_memory/GPU active mem (GiB)=60.23
2026-09-15T04:35:58.607Z     gpu_memory/GPU reserved mem (%)=81.32
2026-09-15T04:35:58.607Z     gpu_memory/GPU reserved mem (GiB)=64.45
2026-09-15T04:35:58.607Z     optim/LR (group 0)=3.98E-06
2026-09-15T04:35:58.607Z     optim/LR (group 1)=3.98E-06
2026-09-15T04:35:58.607Z     optim/step skipped=0.0
2026-09-15T04:35:58.607Z     optim/total grad norm=8.618
2026-09-15T04:35:58.607Z     throughput/chinchilla multiple=2.18E-05
2026-09-15T04:35:58.607Z     throughput/device/BPS=0.0273
2026-09-15T04:35:58.607Z     throughput/device/BPS (actual avg)=0.0214
2026-09-15T04:35:58.607Z     throughput/device/MFU=13.12
2026-09-15T04:35:58.607Z     throughput/device/MFU (actual avg)=10.29
2026-09-15T04:35:58.607Z     throughput/device/TPS=1,787
2026-09-15T04:35:58.607Z     throughput/device/TPS (actual avg)=1,401
2026-09-15T04:35:58.607Z     throughput/device/flopsPS=40.93T
2026-09-15T04:35:58.607Z     throughput/device/flopsPS (actual avg)=32.10T
2026-09-15T04:35:58.607Z     throughput/total petaflops=42.02
2026-09-15T04:35:58.607Z     throughput/total tokens=1,835,008
2026-09-15T04:35:58.607Z     train/CE loss=0.3520
2026-09-15T04:35:58.607Z     throughput/device/data loading (%)=0.0079
2026-09-15T04:35:58.607Z     throughput/device/data loading (s)=0.0029
2026-09-15T04:35:58.607Z     train/PPL=1.422
2026-09-15T04:36:06.881Z [2;36m[2026-09-15 04:36:06][0m [33mWARNING [0m [2m[py.warnings:112, 0f8858c49d67, rank=0][0m /opt/conda/lib/python3.12/site-packages/torch/autograd/graph.py:841: UserWarning: called a synchronizing CUDA operation (Triggered internally at /pytorch/c10/cuda/CUDAFunctions.cpp:162.)
2026-09-15T04:36:06.881Z   return Variable._execution_engine.run_backward(  # Calls into the C++ engine to run the backward pass
2026-09-15T04:36:06.881Z 
2026-09-15T04:36:06.898Z [2;36m[2026-09-15 04:36:06][0m [33mWARNING [0m [2m[py.warnings:112, 0f8858c49d67, rank=0][0m /opt/conda/lib/python3.12/site-packages/torch/distributed/utils.py:106: UserWarning: called a synchronizing CUDA operation (Triggered internally at /pytorch/c10/cuda/CUDAFunctions.cpp:162.)
2026-09-15T04:36:06.898Z   return (obj.to(target_device),)
2026-09-15T04:36:06.898Z 
2026-09-15T04:36:06.908Z [2;36m[2026-09-15 04:36:06][0m [33mWARNING [0m [2m[py.warnings:112, 0f8858c49d67, rank=0][0m /opt/conda/lib/python3.12/site-packages/olmo_core/nn/transformer/model.py:777: UserWarning: called a synchronizing CUDA operation (Triggered internally at /pytorch/c10/cuda/CUDAFunctions.cpp:162.)
2026-09-15T04:36:06.908Z   n_docs = int(chunk_ids.max().item()) + 1
2026-09-15T04:36:06.908Z 
2026-09-15T04:36:06.916Z [2;36m[2026-09-15 04:36:06][0m [33mWARNING [0m [2m[py.warnings:112, 0f8858c49d67, rank=0][0m /opt/conda/lib/python3.12/site-packages/olmo_core/nn/transformer/model.py:834: UserWarning: called a synchronizing CUDA operation (Triggered internally at /pytorch/c10/cuda/CUDAFunctions.cpp:162.)
2026-09-15T04:36:06.916Z   flat = (torch.arange(B, device=emb.device)[:, None] * n_docs + cid.clamp(min=0)).reshape(
2026-09-15T04:36:06.917Z 
2026-09-15T04:36:06.917Z [2;36m[2026-09-15 04:36:06][0m [33mWARNING [0m [2m[py.warnings:112, 0f8858c49d67, rank=0][0m /opt/conda/lib/python3.12/site-packages/olmo_core/nn/transformer/model.py:838: UserWarning: called a synchronizing CUDA operation (Triggered internally at /pytorch/c10/cuda/CUDAFunctions.cpp:162.)
2026-09-15T04:36:06.917Z   0, flat, emb.reshape(B * T, D)[is_ctx.reshape(-1)]
2026-09-15T04:36:06.917Z 
2026-09-15T04:36:06.924Z [2;36m[2026-09-15 04:36:06][0m [33mWARNING [0m [2m[py.warnings:112, 0f8858c49d67, rank=0][0m /opt/conda/lib/python3.12/site-packages/olmo_core/nn/pooled_soft_token.py:173: UserWarning: called a synchronizing CUDA operation (Triggered internally at /pytorch/c10/cuda/CUDAFunctions.cpp:162.)
2026-09-15T04:36:06.924Z   kept_idx = kept_tok.nonzero(as_tuple=True)[0]
2026-09-15T04:36:06.924Z 
2026-09-15T04:36:06.925Z [2;36m[2026-09-15 04:36:06][0m [33mWARNING [0m [2m[py.warnings:112, 0f8858c49d67, rank=0][0m /opt/conda/lib/python3.12/site-packages/olmo_core/nn/pooled_soft_token.py:179: UserWarning: called a synchronizing CUDA operation (Triggered internally at /pytorch/c10/cuda/CUDAFunctions.cpp:162.)
2026-09-15T04:36:06.925Z   if is_ctx.any():
2026-09-15T04:36:06.925Z 
2026-09-15T04:36:06.925Z [2;36m[2026-09-15 04:36:06][0m [33mWARNING [0m [2m[py.warnings:112, 0f8858c49d67, rank=0][0m /opt/conda/lib/python3.12/site-packages/olmo_core/nn/pooled_soft_token.py:180: UserWarning: called a synchronizing CUDA operation (Triggered internally at /pytorch/c10/cuda/CUDAFunctions.cpp:162.)
2026-09-15T04:36:06.925Z   d_ix = c[is_ctx]
2026-09-15T04:36:06.925Z 
2026-09-15T04:36:06.926Z [2;36m[2026-09-15 04:36:06][0m [33mWARNING [0m [2m[py.warnings:112, 0f8858c49d67, rank=0][0m /opt/conda/lib/python3.12/site-packages/olmo_core/nn/pooled_soft_token.py:181: UserWarning: called a synchronizing CUDA operation (Triggered internally at /pytorch/c10/cuda/CUDAFunctions.cpp:162.)
2026-09-15T04:36:06.926Z   pos_ix = is_ctx.nonzero(as_tuple=True)[0]
2026-09-15T04:36:06.926Z 
2026-09-15T04:36:06.926Z [2;36m[2026-09-15 04:36:06][0m [33mWARNING [0m [2m[py.warnings:112, 0f8858c49d67, rank=0][0m /opt/conda/lib/python3.12/site-packages/olmo_core/nn/pooled_soft_token.py:186: UserWarning: called a synchronizing CUDA operation (Triggered internally at /pytorch/c10/cuda/CUDAFunctions.cpp:162.)
2026-09-15T04:36:06.926Z   pooled_docs = pooled.nonzero(as_tuple=True)[0]
2026-09-15T04:36:06.926Z 
2026-09-15T04:36:06.927Z [2;36m[2026-09-15 04:36:06][0m [33mWARNING [0m [2m[py.warnings:112, 0f8858c49d67, rank=0][0m /opt/conda/lib/python3.12/site-packages/olmo_core/nn/pooled_soft_token.py:217: UserWarning: called a synchronizing CUDA operation (Triggered internally at /pytorch/c10/cuda/CUDAFunctions.cpp:162.)
2026-09-15T04:36:06.927Z   doc_len = torch.bincount(c[is_ctx], minlength=n_docs) if is_ctx.any() else torch.zeros(n_docs, dtype=torch.long, device=device)
2026-09-15T04:36:06.927Z 
2026-09-15T04:36:06.928Z [2;36m[2026-09-15 04:36:06][0m [33mWARNING [0m [2m[py.warnings:112, 0f8858c49d67, rank=0][0m /opt/conda/lib/python3.12/site-packages/olmo_core/nn/pooled_soft_token.py:222: UserWarning: called a synchronizing CUDA operation (Triggered internally at /pytorch/c10/cuda/CUDAFunctions.cpp:162.)
2026-09-15T04:36:06.928Z   soft_cols_b = soft_mask.nonzero(as_tuple=True)[0]
2026-09-15T04:36:06.928Z 
2026-09-15T04:36:06.928Z [2;36m[2026-09-15 04:36:06][0m [33mWARNING [0m [2m[py.warnings:112, 0f8858c49d67, rank=0][0m /opt/conda/lib/python3.12/site-packages/olmo_core/nn/pooled_soft_token.py:226: UserWarning: called a synchronizing CUDA operation (Triggered internally at /pytorch/c10/cuda/CUDAFunctions.cpp:162.)
2026-09-15T04:36:06.928Z   cols_l = soft_cols_b.tolist()
2026-09-15T04:36:06.928Z 
2026-09-15T04:36:06.929Z [2;36m[2026-09-15 04:36:06][0m [33mWARNING [0m [2m[py.warnings:112, 0f8858c49d67, rank=0][0m /opt/conda/lib/python3.12/site-packages/olmo_core/nn/pooled_soft_token.py:229: UserWarning: called a synchronizing CUDA operation (Triggered internally at /pytorch/c10/cuda/CUDAFunctions.cpp:162.)
2026-09-15T04:36:06.929Z   soft_docs += docs_b.tolist()
2026-09-15T04:36:06.929Z 
2026-09-15T04:36:06.929Z [2;36m[2026-09-15 04:36:06][0m [33mWARNING [0m [2m[py.warnings:112, 0f8858c49d67, rank=0][0m /opt/conda/lib/python3.12/site-packages/olmo_core/nn/pooled_soft_token.py:230: UserWarning: called a synchronizing CUDA operation (Triggered internally at /pytorch/c10/cuda/CUDAFunctions.cpp:162.)
2026-09-15T04:36:06.929Z   soft_log_len += lens_b.tolist()
2026-09-15T04:36:06.929Z 
2026-09-15T04:36:06.931Z [2;36m[2026-09-15 04:36:06][0m [33mWARNING [0m [2m[py.warnings:112, 0f8858c49d67, rank=0][0m /opt/conda/lib/python3.12/site-packages/olmo_core/nn/pooled_soft_token.py:280: UserWarning: called a synchronizing CUDA operation (Triggered internally at /pytorch/c10/cuda/CUDAFunctions.cpp:162.)
2026-09-15T04:36:06.931Z   row_lens[b] = L
2026-09-15T04:36:06.931Z 
2026-09-15T04:36:06.932Z [2;36m[2026-09-15 04:36:06][0m [33mWARNING [0m [2m[py.warnings:112, 0f8858c49d67, rank=0][0m /opt/conda/lib/python3.12/site-packages/olmo_core/nn/pooled_soft_token.py:297: UserWarning: called a synchronizing CUDA operation (Triggered internally at /pytorch/c10/cuda/CUDAFunctions.cpp:162.)
2026-09-15T04:36:06.932Z   soft_rows=torch.tensor(soft_rows, dtype=torch.long, device=device),
2026-09-15T04:36:06.932Z 
2026-09-15T04:36:06.932Z [2;36m[2026-09-15 04:36:06][0m [33mWARNING [0m [2m[py.warnings:112, 0f8858c49d67, rank=0][0m /opt/conda/lib/python3.12/site-packages/olmo_core/nn/pooled_soft_token.py:298: UserWarning: called a synchronizing CUDA operation (Triggered internally at /pytorch/c10/cuda/CUDAFunctions.cpp:162.)
2026-09-15T04:36:06.932Z   soft_cols=torch.tensor(soft_cols, dtype=torch.long, device=device),
2026-09-15T04:36:06.932Z 
2026-09-15T04:36:06.933Z [2;36m[2026-09-15 04:36:06][0m [33mWARNING [0m [2m[py.warnings:112, 0f8858c49d67, rank=0][0m /opt/conda/lib/python3.12/site-packages/olmo_core/nn/pooled_soft_token.py:299: UserWarning: called a synchronizing CUDA operation (Triggered internally at /pytorch/c10/cuda/CUDAFunctions.cpp:162.)
2026-09-15T04:36:06.933Z   soft_docs=torch.tensor(soft_docs, dtype=torch.long, device=device),
2026-09-15T04:36:06.933Z 
2026-09-15T04:36:06.933Z [2;36m[2026-09-15 04:36:06][0m [33mWARNING [0m [2m[py.warnings:112, 0f8858c49d67, rank=0][0m /opt/conda/lib/python3.12/site-packages/olmo_core/nn/pooled_soft_token.py:301: UserWarning: called a synchronizing CUDA operation (Triggered internally at /pytorch/c10/cuda/CUDAFunctions.cpp:162.)
2026-09-15T04:36:06.933Z   soft_log_len=torch.tensor(soft_log_len, dtype=torch.float32, device=device),
2026-09-15T04:36:06.933Z 
2026-09-15T04:36:06.934Z [2;36m[2026-09-15 04:36:06][0m [33mWARNING [0m [2m[py.warnings:112, 0f8858c49d67, rank=0][0m /opt/conda/lib/python3.12/site-packages/olmo_core/nn/transformer/model.py:1502: UserWarning: called a synchronizing CUDA operation (Triggered internally at /pytorch/c10/cuda/CUDAFunctions.cpp:162.)
2026-09-15T04:36:06.934Z   kv_grad_mask[cb.soft_rows, cb.soft_cols] = False
2026-09-15T04:36:06.934Z 
2026-09-15T04:36:07.100Z [2;36m[2026-09-15 04:36:07][0m [33mWARNING [0m [2m[py.warnings:112, 0f8858c49d67, rank=0][0m /opt/conda/lib/python3.12/site-packages/liger_kernel/ops/fused_linear_cross_entropy.py:75: UserWarning: called a synchronizing CUDA operation (Triggered internally at /pytorch/c10/cuda/CUDAFunctions.cpp:162.)
2026-09-15T04:36:07.100Z   total_n_non_ignore = target_mask.sum().item()
2026-09-15T04:36:07.100Z 
2026-09-15T04:36:07.935Z [2;36m[2026-09-15 04:36:07][0m [33mWARNING [0m [2m[py.warnings:112, 0f8858c49d67, rank=0][0m /opt/conda/lib/python3.12/site-packages/liger_kernel/ops/fused_linear_cross_entropy.py:233: UserWarning: called a synchronizing CUDA operation (Triggered internally at /pytorch/c10/cuda/CUDAFunctions.cpp:162.)
2026-09-15T04:36:07.935Z   if not torch.equal(grad_output, torch.tensor(1.0, device=grad_output.device)):
2026-09-15T04:36:07.935Z 
2026-09-15T04:36:11.751Z [2;36m[2026-09-15 04:36:11][0m [34mINFO    [0m [2m[olmo_core.train.callbacks.console_logger:68, 0f8858c49d67, rank=0][0m [step=15/61,epoch=1,eta=34m]
2026-09-15T04:36:11.751Z     gpu_memory/GPU active mem (%)=76.00
2026-09-15T04:36:11.751Z     gpu_memory/GPU active mem (GiB)=60.23
2026-09-15T04:36:11.751Z     gpu_memory/GPU reserved mem (%)=81.32
2026-09-15T04:36:11.751Z     gpu_memory/GPU reserved mem (GiB)=64.45
2026-09-15T04:36:11.751Z     optim/LR (group 0)=3.90E-06
2026-09-15T04:36:11.751Z     optim/LR (group 1)=3.90E-06
2026-09-15T04:36:11.751Z     optim/step skipped=0.0
2026-09-15T04:36:11.751Z     optim/total grad norm=7.223
2026-09-15T04:36:11.751Z     throughput/chinchilla multiple=2.34E-05
2026-09-15T04:36:11.751Z     throughput/device/BPS=0.0761
2026-09-15T04:36:11.751Z     throughput/device/BPS (actual avg)=0.0225
2026-09-15T04:36:11.751Z     throughput/device/MFU=36.59
2026-09-15T04:36:11.751Z     throughput/device/MFU (actual avg)=10.84
2026-09-15T04:36:11.751Z     throughput/device/TPS=4,985
2026-09-15T04:36:11.751Z     throughput/device/TPS (actual avg)=1,477
2026-09-15T04:36:11.752Z     throughput/device/flopsPS=114.2T
2026-09-15T04:36:11.752Z     throughput/device/flopsPS (actual avg)=33.83T
2026-09-15T04:36:11.752Z     throughput/total petaflops=45.02
2026-09-15T04:36:11.752Z     throughput/total tokens=1,966,080
2026-09-15T04:36:11.752Z     train/CE loss=0.3444
2026-09-15T04:36:11.752Z     throughput/device/data loading (%)=0.0200
2026-09-15T04:36:11.752Z     throughput/device/data loading (s)=0.0026
2026-09-15T04:36:11.752Z     train/PPL=1.411
2026-09-15T04:36:24.405Z [2;36m[2026-09-15 04:36:24][0m [33mWARNING [0m [2m[py.warnings:112, 0f8858c49d67, rank=1][0m /opt/conda/lib/python3.12/site-packages/liger_kernel/ops/fused_linear_cross_entropy.py:75: UserWarning: called a synchronizing CUDA operation (Triggered internally at /pytorch/c10/cuda/CUDAFunctions.cpp:162.)
2026-09-15T04:36:24.405Z   total_n_non_ignore = target_mask.sum().item()
2026-09-15T04:36:24.405Z 
2026-09-15T04:36:24.999Z [2;36m[2026-09-15 04:36:24][0m [33mWARNING [0m [2m[py.warnings:112, 0f8858c49d67, rank=1][0m /opt/conda/lib/python3.12/site-packages/liger_kernel/ops/fused_linear_cross_entropy.py:233: UserWarning: called a synchronizing CUDA operation (Triggered internally at /pytorch/c10/cuda/CUDAFunctions.cpp:162.)
2026-09-15T04:36:24.999Z   if not torch.equal(grad_output, torch.tensor(1.0, device=grad_output.device)):
2026-09-15T04:36:24.999Z 
2026-09-15T04:36:38.576Z [2;36m[2026-09-15 04:36:38][0m [33mWARNING [0m [2m[py.warnings:112, 0f8858c49d67, rank=1][0m /opt/conda/lib/python3.12/site-packages/torch/autograd/graph.py:841: UserWarning: called a synchronizing CUDA operation (Triggered internally at /pytorch/c10/cuda/CUDAFunctions.cpp:162.)
2026-09-15T04:36:38.576Z   return Variable._execution_engine.run_backward(  # Calls into the C++ engine to run the backward pass
2026-09-15T04:36:38.576Z 
2026-09-15T04:36:38.590Z [2;36m[2026-09-15 04:36:38][0m [33mWARNING [0m [2m[py.warnings:112, 0f8858c49d67, rank=1][0m /opt/conda/lib/python3.12/site-packages/torch/distributed/utils.py:106: UserWarning: called a synchronizing CUDA operation (Triggered internally at /pytorch/c10/cuda/CUDAFunctions.cpp:162.)
2026-09-15T04:36:38.590Z   return (obj.to(target_device),)
2026-09-15T04:36:38.590Z 
2026-09-15T04:36:38.600Z [2;36m[2026-09-15 04:36:38][0m [33mWARNING [0m [2m[py.warnings:112, 0f8858c49d67, rank=1][0m /opt/conda/lib/python3.12/site-packages/olmo_core/nn/transformer/model.py:777: UserWarning: called a synchronizing CUDA operation (Triggered internally at /pytorch/c10/cuda/CUDAFunctions.cpp:162.)
2026-09-15T04:36:38.600Z   n_docs = int(chunk_ids.max().item()) + 1
2026-09-15T04:36:38.600Z 
2026-09-15T04:36:38.609Z [2;36m[2026-09-15 04:36:38][0m [33mWARNING [0m [2m[py.warnings:112, 0f8858c49d67, rank=1][0m /opt/conda/lib/python3.12/site-packages/olmo_core/nn/transformer/model.py:834: UserWarning: called a synchronizing CUDA operation (Triggered internally at /pytorch/c10/cuda/CUDAFunctions.cpp:162.)
2026-09-15T04:36:38.609Z   flat = (torch.arange(B, device=emb.device)[:, None] * n_docs + cid.clamp(min=0)).reshape(
2026-09-15T04:36:38.609Z 
2026-09-15T04:36:38.609Z [2;36m[2026-09-15 04:36:38][0m [33mWARNING [0m [2m[py.warnings:112, 0f8858c49d67, rank=1][0m /opt/conda/lib/python3.12/site-packages/olmo_core/nn/transformer/model.py:838: UserWarning: called a synchronizing CUDA operation (Triggered internally at /pytorch/c10/cuda/CUDAFunctions.cpp:162.)
2026-09-15T04:36:38.610Z   0, flat, emb.reshape(B * T, D)[is_ctx.reshape(-1)]
2026-09-15T04:36:38.610Z 
2026-09-15T04:36:38.617Z [2;36m[2026-09-15 04:36:38][0m [33mWARNING [0m [2m[py.warnings:112, 0f8858c49d67, rank=1][0m /opt/conda/lib/python3.12/site-packages/olmo_core/nn/pooled_soft_token.py:173: UserWarning: called a synchronizing CUDA operation (Triggered internally at /pytorch/c10/cuda/CUDAFunctions.cpp:162.)
2026-09-15T04:36:38.617Z   kept_idx = kept_tok.nonzero(as_tuple=True)[0]
2026-09-15T04:36:38.617Z 
2026-09-15T04:36:38.618Z [2;36m[2026-09-15 04:36:38][0m [33mWARNING [0m [2m[py.warnings:112, 0f8858c49d67, rank=1][0m /opt/conda/lib/python3.12/site-packages/olmo_core/nn/pooled_soft_token.py:179: UserWarning: called a synchronizing CUDA operation (Triggered internally at /pytorch/c10/cuda/CUDAFunctions.cpp:162.)
2026-09-15T04:36:38.618Z   if is_ctx.any():
2026-09-15T04:36:38.618Z 
2026-09-15T04:36:38.618Z [2;36m[2026-09-15 04:36:38][0m [33mWARNING [0m [2m[py.warnings:112, 0f8858c49d67, rank=1][0m /opt/conda/lib/python3.12/site-packages/olmo_core/nn/pooled_soft_token.py:180: UserWarning: called a synchronizing CUDA operation (Triggered internally at /pytorch/c10/cuda/CUDAFunctions.cpp:162.)
2026-09-15T04:36:38.618Z   d_ix = c[is_ctx]
2026-09-15T04:36:38.618Z 
2026-09-15T04:36:38.618Z [2;36m[2026-09-15 04:36:38][0m [33mWARNING [0m [2m[py.warnings:112, 0f8858c49d67, rank=1][0m /opt/conda/lib/python3.12/site-packages/olmo_core/nn/pooled_soft_token.py:181: UserWarning: called a synchronizing CUDA operation (Triggered internally at /pytorch/c10/cuda/CUDAFunctions.cpp:162.)
2026-09-15T04:36:38.618Z   pos_ix = is_ctx.nonzero(as_tuple=True)[0]
2026-09-15T04:36:38.618Z 
2026-09-15T04:36:38.619Z [2;36m[2026-09-15 04:36:38][0m [33mWARNING [0m [2m[py.warnings:112, 0f8858c49d67, rank=1][0m /opt/conda/lib/python3.12/site-packages/olmo_core/nn/pooled_soft_token.py:186: UserWarning: called a synchronizing CUDA operation (Triggered internally at /pytorch/c10/cuda/CUDAFunctions.cpp:162.)
2026-09-15T04:36:38.619Z   pooled_docs = pooled.nonzero(as_tuple=True)[0]
2026-09-15T04:36:38.619Z 
2026-09-15T04:36:38.619Z [2;36m[2026-09-15 04:36:38][0m [33mWARNING [0m [2m[py.warnings:112, 0f8858c49d67, rank=1][0m /opt/conda/lib/python3.12/site-packages/olmo_core/nn/pooled_soft_token.py:217: UserWarning: called a synchronizing CUDA operation (Triggered internally at /pytorch/c10/cuda/CUDAFunctions.cpp:162.)
2026-09-15T04:36:38.619Z   doc_len = torch.bincount(c[is_ctx], minlength=n_docs) if is_ctx.any() else torch.zeros(n_docs, dtype=torch.long, device=device)
2026-09-15T04:36:38.619Z 
2026-09-15T04:36:38.620Z [2;36m[2026-09-15 04:36:38][0m [33mWARNING [0m [2m[py.warnings:112, 0f8858c49d67, rank=1][0m /opt/conda/lib/python3.12/site-packages/olmo_core/nn/pooled_soft_token.py:222: UserWarning: called a synchronizing CUDA operation (Triggered internally at /pytorch/c10/cuda/CUDAFunctions.cpp:162.)
2026-09-15T04:36:38.620Z   soft_cols_b = soft_mask.nonzero(as_tuple=True)[0]
2026-09-15T04:36:38.620Z 
2026-09-15T04:36:38.620Z [2;36m[2026-09-15 04:36:38][0m [33mWARNING [0m [2m[py.warnings:112, 0f8858c49d67, rank=1][0m /opt/conda/lib/python3.12/site-packages/olmo_core/nn/pooled_soft_token.py:226: UserWarning: called a synchronizing CUDA operation (Triggered internally at /pytorch/c10/cuda/CUDAFunctions.cpp:162.)
2026-09-15T04:36:38.620Z   cols_l = soft_cols_b.tolist()
2026-09-15T04:36:38.620Z 
2026-09-15T04:36:38.621Z [2;36m[2026-09-15 04:36:38][0m [33mWARNING [0m [2m[py.warnings:112, 0f8858c49d67, rank=1][0m /opt/conda/lib/python3.12/site-packages/olmo_core/nn/pooled_soft_token.py:229: UserWarning: called a synchronizing CUDA operation (Triggered internally at /pytorch/c10/cuda/CUDAFunctions.cpp:162.)
2026-09-15T04:36:38.621Z   soft_docs += docs_b.tolist()
2026-09-15T04:36:38.621Z 
2026-09-15T04:36:38.621Z [2;36m[2026-09-15 04:36:38][0m [33mWARNING [0m [2m[py.warnings:112, 0f8858c49d67, rank=1][0m /opt/conda/lib/python3.12/site-packages/olmo_core/nn/pooled_soft_token.py:230: UserWarning: called a synchronizing CUDA operation (Triggered internally at /pytorch/c10/cuda/CUDAFunctions.cpp:162.)
2026-09-15T04:36:38.621Z   soft_log_len += lens_b.tolist()
2026-09-15T04:36:38.621Z 
2026-09-15T04:36:38.623Z [2;36m[2026-09-15 04:36:38][0m [33mWARNING [0m [2m[py.warnings:112, 0f8858c49d67, rank=1][0m /opt/conda/lib/python3.12/site-packages/olmo_core/nn/pooled_soft_token.py:280: UserWarning: called a synchronizing CUDA operation (Triggered internally at /pytorch/c10/cuda/CUDAFunctions.cpp:162.)
2026-09-15T04:36:38.623Z   row_lens[b] = L
2026-09-15T04:36:38.623Z 
2026-09-15T04:36:38.623Z [2;36m[2026-09-15 04:36:38][0m [33mWARNING [0m [2m[py.warnings:112, 0f8858c49d67, rank=1][0m /opt/conda/lib/python3.12/site-packages/olmo_core/nn/pooled_soft_token.py:297: UserWarning: called a synchronizing CUDA operation (Triggered internally at /pytorch/c10/cuda/CUDAFunctions.cpp:162.)
2026-09-15T04:36:38.623Z   soft_rows=torch.tensor(soft_rows, dtype=torch.long, device=device),
2026-09-15T04:36:38.623Z 
2026-09-15T04:36:38.624Z [2;36m[2026-09-15 04:36:38][0m [33mWARNING [0m [2m[py.warnings:112, 0f8858c49d67, rank=1][0m /opt/conda/lib/python3.12/site-packages/olmo_core/nn/pooled_soft_token.py:298: UserWarning: called a synchronizing CUDA operation (Triggered internally at /pytorch/c10/cuda/CUDAFunctions.cpp:162.)
2026-09-15T04:36:38.624Z   soft_cols=torch.tensor(soft_cols, dtype=torch.long, device=device),
2026-09-15T04:36:38.624Z 
2026-09-15T04:36:38.624Z [2;36m[2026-09-15 04:36:38][0m [33mWARNING [0m [2m[py.warnings:112, 0f8858c49d67, rank=1][0m /opt/conda/lib/python3.12/site-packages/olmo_core/nn/pooled_soft_token.py:299: UserWarning: called a synchronizing CUDA operation (Triggered internally at /pytorch/c10/cuda/CUDAFunctions.cpp:162.)
2026-09-15T04:36:38.624Z   soft_docs=torch.tensor(soft_docs, dtype=torch.long, device=device),
2026-09-15T04:36:38.624Z 
2026-09-15T04:36:38.624Z [2;36m[2026-09-15 04:36:38][0m [33mWARNING [0m [2m[py.warnings:112, 0f8858c49d67, rank=1][0m /opt/conda/lib/python3.12/site-packages/olmo_core/nn/pooled_soft_token.py:301: UserWarning: called a synchronizing CUDA operation (Triggered internally at /pytorch/c10/cuda/CUDAFunctions.cpp:162.)
2026-09-15T04:36:38.624Z   soft_log_len=torch.tensor(soft_log_len, dtype=torch.float32, device=device),
2026-09-15T04:36:38.624Z 
2026-09-15T04:36:38.625Z [2;36m[2026-09-15 04:36:38][0m [33mWARNING [0m [2m[py.warnings:112, 0f8858c49d67, rank=1][0m /opt/conda/lib/python3.12/site-packages/olmo_core/nn/transformer/model.py:1502: UserWarning: called a synchronizing CUDA operation (Triggered internally at /pytorch/c10/cuda/CUDAFunctions.cpp:162.)
2026-09-15T04:36:38.625Z   kv_grad_mask[cb.soft_rows, cb.soft_cols] = False
2026-09-15T04:36:38.625Z 
2026-09-15T04:36:38.787Z [2;36m[2026-09-15 04:36:38][0m [33mWARNING [0m [2m[py.warnings:112, 0f8858c49d67, rank=1][0m /opt/conda/lib/python3.12/site-packages/liger_kernel/ops/fused_linear_cross_entropy.py:75: UserWarning: called a synchronizing CUDA operation (Triggered internally at /pytorch/c10/cuda/CUDAFunctions.cpp:162.)
2026-09-15T04:36:38.788Z   total_n_non_ignore = target_mask.sum().item()
2026-09-15T04:36:38.788Z 
2026-09-15T04:36:39.462Z [2;36m[2026-09-15 04:36:39][0m [33mWARNING [0m [2m[py.warnings:112, 0f8858c49d67, rank=1][0m /opt/conda/lib/python3.12/site-packages/liger_kernel/ops/fused_linear_cross_entropy.py:233: UserWarning: called a synchronizing CUDA operation (Triggered internally at /pytorch/c10/cuda/CUDAFunctions.cpp:162.)
2026-09-15T04:36:39.462Z   if not torch.equal(grad_output, torch.tensor(1.0, device=grad_output.device)):
2026-09-15T04:36:39.462Z 
2026-09-15T04:36:40.836Z [2;36m[2026-09-15 04:36:40][0m [33mWARNING [0m [2m[py.warnings:112, 0f8858c49d67, rank=1][0m /opt/conda/lib/python3.12/site-packages/liger_kernel/ops/fused_linear_cross_entropy.py:75: UserWarning: called a synchronizing CUDA operation (Triggered internally at /pytorch/c10/cuda/CUDAFunctions.cpp:162.)
2026-09-15T04:36:40.836Z   total_n_non_ignore = target_mask.sum().item()
2026-09-15T04:36:40.836Z 
2026-09-15T04:36:41.421Z [2;36m[2026-09-15 04:36:41][0m [33mWARNING [0m [2m[py.warnings:112, 0f8858c49d67, rank=1][0m /opt/conda/lib/python3.12/site-packages/liger_kernel/ops/fused_linear_cross_entropy.py:233: UserWarning: called a synchronizing CUDA operation (Triggered internally at /pytorch/c10/cuda/CUDAFunctions.cpp:162.)
2026-09-15T04:36:41.421Z   if not torch.equal(grad_output, torch.tensor(1.0, device=grad_output.device)):
2026-09-15T04:36:41.421Z 
2026-09-15T04:36:43.175Z [2;36m[2026-09-15 04:36:43][0m [33mWARNING [0m [2m[py.warnings:112, 0f8858c49d67, rank=1][0m /opt/conda/lib/python3.12/site-packages/torch/autograd/graph.py:841: UserWarning: called a synchronizing CUDA operation (Triggered internally at /pytorch/c10/cuda/CUDAFunctions.cpp:162.)
2026-09-15T04:36:43.175Z   return Variable._execution_engine.run_backward(  # Calls into the C++ engine to run the backward pass
2026-09-15T04:36:43.175Z 
2026-09-15T04:36:43.188Z [2;36m[2026-09-15 04:36:43][0m [33mWARNING [0m [2m[py.warnings:112, 0f8858c49d67, rank=1][0m /opt/conda/lib/python3.12/site-packages/torch/distributed/utils.py:106: UserWarning: called a synchronizing CUDA operation (Triggered internally at /pytorch/c10/cuda/CUDAFunctions.cpp:162.)
2026-09-15T04:36:43.188Z   return (obj.to(target_device),)
2026-09-15T04:36:43.188Z 
2026-09-15T04:36:43.198Z [2;36m[2026-09-15 04:36:43][0m [33mWARNING [0m [2m[py.warnings:112, 0f8858c49d67, rank=1][0m /opt/conda/lib/python3.12/site-packages/olmo_core/nn/transformer/model.py:777: UserWarning: called a synchronizing CUDA operation (Triggered internally at /pytorch/c10/cuda/CUDAFunctions.cpp:162.)
2026-09-15T04:36:43.198Z   n_docs = int(chunk_ids.max().item()) + 1
2026-09-15T04:36:43.198Z 
2026-09-15T04:36:43.207Z [2;36m[2026-09-15 04:36:43][0m [33mWARNING [0m [2m[py.warnings:112, 0f8858c49d67, rank=1][0m /opt/conda/lib/python3.12/site-packages/olmo_core/nn/transformer/model.py:834: UserWarning: called a synchronizing CUDA operation (Triggered internally at /pytorch/c10/cuda/CUDAFunctions.cpp:162.)
2026-09-15T04:36:43.207Z   flat = (torch.arange(B, device=emb.device)[:, None] * n_docs + cid.clamp(min=0)).reshape(
2026-09-15T04:36:43.207Z 
2026-09-15T04:36:43.208Z [2;36m[2026-09-15 04:36:43][0m [33mWARNING [0m [2m[py.warnings:112, 0f8858c49d67, rank=1][0m /opt/conda/lib/python3.12/site-packages/olmo_core/nn/transformer/model.py:838: UserWarning: called a synchronizing CUDA operation (Triggered internally at /pytorch/c10/cuda/CUDAFunctions.cpp:162.)
2026-09-15T04:36:43.208Z   0, flat, emb.reshape(B * T, D)[is_ctx.reshape(-1)]
2026-09-15T04:36:43.208Z 
2026-09-15T04:36:43.215Z [2;36m[2026-09-15 04:36:43][0m [33mWARNING [0m [2m[py.warnings:112, 0f8858c49d67, rank=1][0m /opt/conda/lib/python3.12/site-packages/olmo_core/nn/pooled_soft_token.py:173: UserWarning: called a synchronizing CUDA operation (Triggered internally at /pytorch/c10/cuda/CUDAFunctions.cpp:162.)
2026-09-15T04:36:43.215Z   kept_idx = kept_tok.nonzero(as_tuple=True)[0]
2026-09-15T04:36:43.215Z 
2026-09-15T04:36:43.216Z [2;36m[2026-09-15 04:36:43][0m [33mWARNING [0m [2m[py.warnings:112, 0f8858c49d67, rank=1][0m /opt/conda/lib/python3.12/site-packages/olmo_core/nn/pooled_soft_token.py:179: UserWarning: called a synchronizing CUDA operation (Triggered internally at /pytorch/c10/cuda/CUDAFunctions.cpp:162.)
2026-09-15T04:36:43.216Z   if is_ctx.any():
2026-09-15T04:36:43.216Z 
2026-09-15T04:36:43.216Z [2;36m[2026-09-15 04:36:43][0m [33mWARNING [0m [2m[py.warnings:112, 0f8858c49d67, rank=1][0m /opt/conda/lib/python3.12/site-packages/olmo_core/nn/pooled_soft_token.py:180: UserWarning: called a synchronizing CUDA operation (Triggered internally at /pytorch/c10/cuda/CUDAFunctions.cpp:162.)
2026-09-15T04:36:43.216Z   d_ix = c[is_ctx]
2026-09-15T04:36:43.216Z 
2026-09-15T04:36:43.216Z [2;36m[2026-09-15 04:36:43][0m [33mWARNING [0m [2m[py.warnings:112, 0f8858c49d67, rank=1][0m /opt/conda/lib/python3.12/site-packages/olmo_core/nn/pooled_soft_token.py:181: UserWarning: called a synchronizing CUDA operation (Triggered internally at /pytorch/c10/cuda/CUDAFunctions.cpp:162.)
2026-09-15T04:36:43.216Z   pos_ix = is_ctx.nonzero(as_tuple=True)[0]
2026-09-15T04:36:43.216Z 
2026-09-15T04:36:43.217Z [2;36m[2026-09-15 04:36:43][0m [33mWARNING [0m [2m[py.warnings:112, 0f8858c49d67, rank=1][0m /opt/conda/lib/python3.12/site-packages/olmo_core/nn/pooled_soft_token.py:186: UserWarning: called a synchronizing CUDA operation (Triggered internally at /pytorch/c10/cuda/CUDAFunctions.cpp:162.)
2026-09-15T04:36:43.217Z   pooled_docs = pooled.nonzero(as_tuple=True)[0]
2026-09-15T04:36:43.217Z 
2026-09-15T04:36:43.218Z [2;36m[2026-09-15 04:36:43][0m [33mWARNING [0m [2m[py.warnings:112, 0f8858c49d67, rank=1][0m /opt/conda/lib/python3.12/site-packages/olmo_core/nn/pooled_soft_token.py:217: UserWarning: called a synchronizing CUDA operation (Triggered internally at /pytorch/c10/cuda/CUDAFunctions.cpp:162.)
2026-09-15T04:36:43.218Z   doc_len = torch.bincount(c[is_ctx], minlength=n_docs) if is_ctx.any() else torch.zeros(n_docs, dtype=torch.long, device=device)
2026-09-15T04:36:43.218Z 
2026-09-15T04:36:43.218Z [2;36m[2026-09-15 04:36:43][0m [33mWARNING [0m [2m[py.warnings:112, 0f8858c49d67, rank=1][0m /opt/conda/lib/python3.12/site-packages/olmo_core/nn/pooled_soft_token.py:222: UserWarning: called a synchronizing CUDA operation (Triggered internally at /pytorch/c10/cuda/CUDAFunctions.cpp:162.)
2026-09-15T04:36:43.218Z   soft_cols_b = soft_mask.nonzero(as_tuple=True)[0]
2026-09-15T04:36:43.218Z 
2026-09-15T04:36:43.219Z [2;36m[2026-09-15 04:36:43][0m [33mWARNING [0m [2m[py.warnings:112, 0f8858c49d67, rank=1][0m /opt/conda/lib/python3.12/site-packages/olmo_core/nn/pooled_soft_token.py:226: UserWarning: called a synchronizing CUDA operation (Triggered internally at /pytorch/c10/cuda/CUDAFunctions.cpp:162.)
2026-09-15T04:36:43.219Z   cols_l = soft_cols_b.tolist()
2026-09-15T04:36:43.219Z 
2026-09-15T04:36:43.219Z [2;36m[2026-09-15 04:36:43][0m [33mWARNING [0m [2m[py.warnings:112, 0f8858c49d67, rank=1][0m /opt/conda/lib/python3.12/site-packages/olmo_core/nn/pooled_soft_token.py:229: UserWarning: called a synchronizing CUDA operation (Triggered internally at /pytorch/c10/cuda/CUDAFunctions.cpp:162.)
2026-09-15T04:36:43.219Z   soft_docs += docs_b.tolist()
2026-09-15T04:36:43.219Z 
2026-09-15T04:36:43.219Z [2;36m[2026-09-15 04:36:43][0m [33mWARNING [0m [2m[py.warnings:112, 0f8858c49d67, rank=1][0m /opt/conda/lib/python3.12/site-packages/olmo_core/nn/pooled_soft_token.py:230: UserWarning: called a synchronizing CUDA operation (Triggered internally at /pytorch/c10/cuda/CUDAFunctions.cpp:162.)
2026-09-15T04:36:43.219Z   soft_log_len += lens_b.tolist()
2026-09-15T04:36:43.219Z 
2026-09-15T04:36:43.221Z [2;36m[2026-09-15 04:36:43][0m [33mWARNING [0m [2m[py.warnings:112, 0f8858c49d67, rank=1][0m /opt/conda/lib/python3.12/site-packages/olmo_core/nn/pooled_soft_token.py:280: UserWarning: called a synchronizing CUDA operation (Triggered internally at /pytorch/c10/cuda/CUDAFunctions.cpp:162.)
2026-09-15T04:36:43.221Z   row_lens[b] = L
2026-09-15T04:36:43.221Z 
2026-09-15T04:36:43.221Z [2;36m[2026-09-15 04:36:43][0m [33mWARNING [0m [2m[py.warnings:112, 0f8858c49d67, rank=1][0m /opt/conda/lib/python3.12/site-packages/olmo_core/nn/pooled_soft_token.py:297: UserWarning: called a synchronizing CUDA operation (Triggered internally at /pytorch/c10/cuda/CUDAFunctions.cpp:162.)
2026-09-15T04:36:43.221Z   soft_rows=torch.tensor(soft_rows, dtype=torch.long, device=device),
2026-09-15T04:36:43.221Z 
2026-09-15T04:36:43.222Z [2;36m[2026-09-15 04:36:43][0m [33mWARNING [0m [2m[py.warnings:112, 0f8858c49d67, rank=1][0m /opt/conda/lib/python3.12/site-packages/olmo_core/nn/pooled_soft_token.py:298: UserWarning: called a synchronizing CUDA operation (Triggered internally at /pytorch/c10/cuda/CUDAFunctions.cpp:162.)
2026-09-15T04:36:43.222Z   soft_cols=torch.tensor(soft_cols, dtype=torch.long, device=device),
2026-09-15T04:36:43.222Z 
2026-09-15T04:36:43.222Z [2;36m[2026-09-15 04:36:43][0m [33mWARNING [0m [2m[py.warnings:112, 0f8858c49d67, rank=1][0m /opt/conda/lib/python3.12/site-packages/olmo_core/nn/pooled_soft_token.py:299: UserWarning: called a synchronizing CUDA operation (Triggered internally at /pytorch/c10/cuda/CUDAFunctions.cpp:162.)
2026-09-15T04:36:43.222Z   soft_docs=torch.tensor(soft_docs, dtype=torch.long, device=device),
2026-09-15T04:36:43.222Z 
2026-09-15T04:36:43.222Z [2;36m[2026-09-15 04:36:43][0m [33mWARNING [0m [2m[py.warnings:112, 0f8858c49d67, rank=1][0m /opt/conda/lib/python3.12/site-packages/olmo_core/nn/pooled_soft_token.py:301: UserWarning: called a synchronizing CUDA operation (Triggered internally at /pytorch/c10/cuda/CUDAFunctions.cpp:162.)
2026-09-15T04:36:43.222Z   soft_log_len=torch.tensor(soft_log_len, dtype=torch.float32, device=device),
2026-09-15T04:36:43.222Z 
2026-09-15T04:36:43.223Z [2;36m[2026-09-15 04:36:43][0m [33mWARNING [0m [2m[py.warnings:112, 0f8858c49d67, rank=1][0m /opt/conda/lib/python3.12/site-packages/olmo_core/nn/transformer/model.py:1502: UserWarning: called a synchronizing CUDA operation (Triggered internally at /pytorch/c10/cuda/CUDAFunctions.cpp:162.)
2026-09-15T04:36:43.223Z   kv_grad_mask[cb.soft_rows, cb.soft_cols] = False
2026-09-15T04:36:43.223Z 
2026-09-15T04:36:43.387Z [2;36m[2026-09-15 04:36:43][0m [33mWARNING [0m [2m[py.warnings:112, 0f8858c49d67, rank=1][0m /opt/conda/lib/python3.12/site-packages/liger_kernel/ops/fused_linear_cross_entropy.py:75: UserWarning: called a synchronizing CUDA operation (Triggered internally at /pytorch/c10/cuda/CUDAFunctions.cpp:162.)
2026-09-15T04:36:43.387Z   total_n_non_ignore = target_mask.sum().item()
2026-09-15T04:36:43.387Z 
2026-09-15T04:36:44.232Z [2;36m[2026-09-15 04:36:44][0m [33mWARNING [0m [2m[py.warnings:112, 0f8858c49d67, rank=1][0m /opt/conda/lib/python3.12/site-packages/liger_kernel/ops/fused_linear_cross_entropy.py:233: UserWarning: called a synchronizing CUDA operation (Triggered internally at /pytorch/c10/cuda/CUDAFunctions.cpp:162.)
2026-09-15T04:36:44.232Z   if not torch.equal(grad_output, torch.tensor(1.0, device=grad_output.device)):
2026-09-15T04:36:44.232Z 
2026-09-15T04:36:49.867Z [2;36m[2026-09-15 04:36:49][0m [34mINFO    [0m [2m[olmo_core.train.callbacks.console_logger:68, 0f8858c49d67, rank=0][0m [step=16/61,epoch=1,eta=33m]
2026-09-15T04:36:49.867Z     gpu_memory/GPU active mem (%)=76.00
2026-09-15T04:36:49.867Z     gpu_memory/GPU active mem (GiB)=60.23
2026-09-15T04:36:49.867Z     gpu_memory/GPU reserved mem (%)=81.32
2026-09-15T04:36:49.867Z     gpu_memory/GPU reserved mem (GiB)=64.45
2026-09-15T04:36:49.867Z     optim/LR (group 0)=3.81E-06
2026-09-15T04:36:49.867Z     optim/LR (group 1)=3.81E-06
2026-09-15T04:36:49.867Z     optim/step skipped=0.0
2026-09-15T04:36:49.867Z     optim/total grad norm=5.067
2026-09-15T04:36:49.867Z     throughput/chinchilla multiple=2.49E-05
2026-09-15T04:36:49.867Z     throughput/device/BPS=0.0262
2026-09-15T04:36:49.867Z     throughput/device/BPS (actual avg)=0.0228
2026-09-15T04:36:49.867Z     throughput/device/MFU=12.62
2026-09-15T04:36:49.867Z     throughput/device/MFU (actual avg)=10.95
2026-09-15T04:36:49.867Z     throughput/device/TPS=1,719
2026-09-15T04:36:49.867Z     throughput/device/TPS (actual avg)=1,491
2026-09-15T04:36:49.867Z     throughput/device/flopsPS=39.37T
2026-09-15T04:36:49.867Z     throughput/device/flopsPS (actual avg)=34.15T
2026-09-15T04:36:49.867Z     throughput/total petaflops=48.02
2026-09-15T04:36:49.867Z     throughput/total tokens=2,097,152
2026-09-15T04:36:49.867Z     train/CE loss=0.3266
2026-09-15T04:36:49.867Z     throughput/device/data loading (%)=0.0054
2026-09-15T04:36:49.867Z     throughput/device/data loading (s)=0.0021
2026-09-15T04:36:49.867Z     train/PPL=1.386
2026-09-15T04:37:02.234Z [2;36m[2026-09-15 04:37:02][0m [34mINFO    [0m [2m[olmo_core.train.callbacks.console_logger:68, 0f8858c49d67, rank=0][0m [step=17/61,epoch=1,eta=31m]
2026-09-15T04:37:02.234Z     gpu_memory/GPU active mem (%)=76.00
2026-09-15T04:37:02.234Z     gpu_memory/GPU active mem (GiB)=60.23
2026-09-15T04:37:02.234Z     gpu_memory/GPU reserved mem (%)=81.32
2026-09-15T04:37:02.234Z     gpu_memory/GPU reserved mem (GiB)=64.45
2026-09-15T04:37:02.234Z     optim/LR (group 0)=3.73E-06
2026-09-15T04:37:02.234Z     optim/LR (group 1)=3.73E-06
2026-09-15T04:37:02.234Z     optim/step skipped=0.0
2026-09-15T04:37:02.234Z     optim/total grad norm=5.500
2026-09-15T04:37:02.234Z     throughput/chinchilla multiple=2.65E-05
2026-09-15T04:37:02.234Z     throughput/device/BPS=0.0809
2026-09-15T04:37:02.234Z     throughput/device/BPS (actual avg)=0.0238
2026-09-15T04:37:02.234Z     throughput/device/MFU=38.89
2026-09-15T04:37:02.234Z     throughput/device/MFU (actual avg)=11.46
2026-09-15T04:37:02.234Z     throughput/device/TPS=5,299
2026-09-15T04:37:02.234Z     throughput/device/TPS (actual avg)=1,561
2026-09-15T04:37:02.234Z     throughput/device/flopsPS=121.4T
2026-09-15T04:37:02.234Z     throughput/device/flopsPS (actual avg)=35.76T
2026-09-15T04:37:02.234Z     throughput/total petaflops=51.02
2026-09-15T04:37:02.234Z     throughput/total tokens=2,228,224
2026-09-15T04:37:02.234Z     train/CE loss=0.3518
2026-09-15T04:37:02.234Z     throughput/device/data loading (%)=0.0192
2026-09-15T04:37:02.234Z     throughput/device/data loading (s)=0.0024
2026-09-15T04:37:02.234Z     train/PPL=1.422
2026-09-15T04:37:15.007Z [2;36m[2026-09-15 04:37:15][0m [34mINFO    [0m [2m[olmo_core.train.callbacks.console_logger:68, 0f8858c49d67, rank=0][0m [step=18/61,epoch=1,eta=29m]
2026-09-15T04:37:15.007Z     gpu_memory/GPU active mem (%)=76.00
2026-09-15T04:37:15.007Z     gpu_memory/GPU active mem (GiB)=60.23
2026-09-15T04:37:15.007Z     gpu_memory/GPU reserved mem (%)=81.32
2026-09-15T04:37:15.007Z     gpu_memory/GPU reserved mem (GiB)=64.45
2026-09-15T04:37:15.007Z     optim/LR (group 0)=3.64E-06
2026-09-15T04:37:15.007Z     optim/LR (group 1)=3.64E-06
2026-09-15T04:37:15.007Z     optim/step skipped=0.0
2026-09-15T04:37:15.007Z     optim/total grad norm=5.025
2026-09-15T04:37:15.007Z     throughput/chinchilla multiple=2.80E-05
2026-09-15T04:37:15.007Z     throughput/device/BPS=0.0783
2026-09-15T04:37:15.007Z     throughput/device/BPS (actual avg)=0.0248
2026-09-15T04:37:15.007Z     throughput/device/MFU=37.66
2026-09-15T04:37:15.007Z     throughput/device/MFU (actual avg)=11.95
2026-09-15T04:37:15.007Z     throughput/device/TPS=5,131
2026-09-15T04:37:15.007Z     throughput/device/TPS (actual avg)=1,628
2026-09-15T04:37:15.007Z     throughput/device/flopsPS=117.5T
2026-09-15T04:37:15.007Z     throughput/device/flopsPS (actual avg)=37.28T
2026-09-15T04:37:15.007Z     throughput/total petaflops=54.03
2026-09-15T04:37:15.007Z     throughput/total tokens=2,359,296
2026-09-15T04:37:15.007Z     train/CE loss=0.3186
2026-09-15T04:37:15.007Z     throughput/device/data loading (%)=0.0182
2026-09-15T04:37:15.007Z     throughput/device/data loading (s)=0.0023
2026-09-15T04:37:15.007Z     train/PPL=1.375
2026-09-15T04:37:28.070Z [2;36m[2026-09-15 04:37:28][0m [33mWARNING [0m [2m[py.warnings:112, 0f8858c49d67, rank=1][0m /opt/conda/lib/python3.12/site-packages/liger_kernel/ops/fused_linear_cross_entropy.py:75: UserWarning: called a synchronizing CUDA operation (Triggered internally at /pytorch/c10/cuda/CUDAFunctions.cpp:162.)
2026-09-15T04:37:28.070Z   total_n_non_ignore = target_mask.sum().item()
2026-09-15T04:37:28.070Z 
2026-09-15T04:37:28.753Z [2;36m[2026-09-15 04:37:28][0m [33mWARNING [0m [2m[py.warnings:112, 0f8858c49d67, rank=1][0m /opt/conda/lib/python3.12/site-packages/liger_kernel/ops/fused_linear_cross_entropy.py:233: UserWarning: called a synchronizing CUDA operation (Triggered internally at /pytorch/c10/cuda/CUDAFunctions.cpp:162.)
2026-09-15T04:37:28.753Z   if not torch.equal(grad_output, torch.tensor(1.0, device=grad_output.device)):
2026-09-15T04:37:28.753Z 
2026-09-15T04:37:42.465Z [2;36m[2026-09-15 04:37:42][0m [33mWARNING [0m [2m[py.warnings:112, 0f8858c49d67, rank=1][0m /opt/conda/lib/python3.12/site-packages/torch/autograd/graph.py:841: UserWarning: called a synchronizing CUDA operation (Triggered internally at /pytorch/c10/cuda/CUDAFunctions.cpp:162.)
2026-09-15T04:37:42.465Z   return Variable._execution_engine.run_backward(  # Calls into the C++ engine to run the backward pass
2026-09-15T04:37:42.465Z 
2026-09-15T04:37:42.466Z [2;36m[2026-09-15 04:37:42][0m [33mWARNING [0m [2m[py.warnings:112, 0f8858c49d67, rank=1][0m /opt/conda/lib/python3.12/site-packages/torch/distributed/utils.py:106: UserWarning: called a synchronizing CUDA operation (Triggered internally at /pytorch/c10/cuda/CUDAFunctions.cpp:162.)
2026-09-15T04:37:42.466Z   return (obj.to(target_device),)
2026-09-15T04:37:42.466Z 
2026-09-15T04:37:42.476Z [2;36m[2026-09-15 04:37:42][0m [33mWARNING [0m [2m[py.warnings:112, 0f8858c49d67, rank=1][0m /opt/conda/lib/python3.12/site-packages/olmo_core/nn/transformer/model.py:777: UserWarning: called a synchronizing CUDA operation (Triggered internally at /pytorch/c10/cuda/CUDAFunctions.cpp:162.)
2026-09-15T04:37:42.476Z   n_docs = int(chunk_ids.max().item()) + 1
2026-09-15T04:37:42.476Z 
2026-09-15T04:37:42.484Z [2;36m[2026-09-15 04:37:42][0m [33mWARNING [0m [2m[py.warnings:112, 0f8858c49d67, rank=1][0m /opt/conda/lib/python3.12/site-packages/olmo_core/nn/transformer/model.py:834: UserWarning: called a synchronizing CUDA operation (Triggered internally at /pytorch/c10/cuda/CUDAFunctions.cpp:162.)
2026-09-15T04:37:42.484Z   flat = (torch.arange(B, device=emb.device)[:, None] * n_docs + cid.clamp(min=0)).reshape(
2026-09-15T04:37:42.484Z 
2026-09-15T04:37:42.485Z [2;36m[2026-09-15 04:37:42][0m [33mWARNING [0m [2m[py.warnings:112, 0f8858c49d67, rank=1][0m /opt/conda/lib/python3.12/site-packages/olmo_core/nn/transformer/model.py:838: UserWarning: called a synchronizing CUDA operation (Triggered internally at /pytorch/c10/cuda/CUDAFunctions.cpp:162.)
2026-09-15T04:37:42.485Z   0, flat, emb.reshape(B * T, D)[is_ctx.reshape(-1)]
2026-09-15T04:37:42.485Z 
2026-09-15T04:37:42.492Z [2;36m[2026-09-15 04:37:42][0m [33mWARNING [0m [2m[py.warnings:112, 0f8858c49d67, rank=1][0m /opt/conda/lib/python3.12/site-packages/olmo_core/nn/pooled_soft_token.py:173: UserWarning: called a synchronizing CUDA operation (Triggered internally at /pytorch/c10/cuda/CUDAFunctions.cpp:162.)
2026-09-15T04:37:42.492Z   kept_idx = kept_tok.nonzero(as_tuple=True)[0]
2026-09-15T04:37:42.492Z 
2026-09-15T04:37:42.492Z [2;36m[2026-09-15 04:37:42][0m [33mWARNING [0m [2m[py.warnings:112, 0f8858c49d67, rank=1][0m /opt/conda/lib/python3.12/site-packages/olmo_core/nn/pooled_soft_token.py:179: UserWarning: called a synchronizing CUDA operation (Triggered internally at /pytorch/c10/cuda/CUDAFunctions.cpp:162.)
2026-09-15T04:37:42.492Z   if is_ctx.any():
2026-09-15T04:37:42.492Z 
2026-09-15T04:37:42.492Z [2;36m[2026-09-15 04:37:42][0m [33mWARNING [0m [2m[py.warnings:112, 0f8858c49d67, rank=1][0m /opt/conda/lib/python3.12/site-packages/olmo_core/nn/pooled_soft_token.py:180: UserWarning: called a synchronizing CUDA operation (Triggered internally at /pytorch/c10/cuda/CUDAFunctions.cpp:162.)
2026-09-15T04:37:42.492Z   d_ix = c[is_ctx]
2026-09-15T04:37:42.492Z 
2026-09-15T04:37:42.493Z [2;36m[2026-09-15 04:37:42][0m [33mWARNING [0m [2m[py.warnings:112, 0f8858c49d67, rank=1][0m /opt/conda/lib/python3.12/site-packages/olmo_core/nn/pooled_soft_token.py:181: UserWarning: called a synchronizing CUDA operation (Triggered internally at /pytorch/c10/cuda/CUDAFunctions.cpp:162.)
2026-09-15T04:37:42.493Z   pos_ix = is_ctx.nonzero(as_tuple=True)[0]
2026-09-15T04:37:42.493Z 
2026-09-15T04:37:42.493Z [2;36m[2026-09-15 04:37:42][0m [33mWARNING [0m [2m[py.warnings:112, 0f8858c49d67, rank=1][0m /opt/conda/lib/python3.12/site-packages/olmo_core/nn/pooled_soft_token.py:186: UserWarning: called a synchronizing CUDA operation (Triggered internally at /pytorch/c10/cuda/CUDAFunctions.cpp:162.)
2026-09-15T04:37:42.493Z   pooled_docs = pooled.nonzero(as_tuple=True)[0]
2026-09-15T04:37:42.493Z 
2026-09-15T04:37:42.494Z [2;36m[2026-09-15 04:37:42][0m [33mWARNING [0m [2m[py.warnings:112, 0f8858c49d67, rank=1][0m /opt/conda/lib/python3.12/site-packages/olmo_core/nn/pooled_soft_token.py:217: UserWarning: called a synchronizing CUDA operation (Triggered internally at /pytorch/c10/cuda/CUDAFunctions.cpp:162.)
2026-09-15T04:37:42.494Z   doc_len = torch.bincount(c[is_ctx], minlength=n_docs) if is_ctx.any() else torch.zeros(n_docs, dtype=torch.long, device=device)
2026-09-15T04:37:42.494Z 
2026-09-15T04:37:42.495Z [2;36m[2026-09-15 04:37:42][0m [33mWARNING [0m [2m[py.warnings:112, 0f8858c49d67, rank=1][0m /opt/conda/lib/python3.12/site-packages/olmo_core/nn/pooled_soft_token.py:222: UserWarning: called a synchronizing CUDA operation (Triggered internally at /pytorch/c10/cuda/CUDAFunctions.cpp:162.)
2026-09-15T04:37:42.495Z   soft_cols_b = soft_mask.nonzero(as_tuple=True)[0]
2026-09-15T04:37:42.495Z 
2026-09-15T04:37:42.495Z [2;36m[2026-09-15 04:37:42][0m [33mWARNING [0m [2m[py.warnings:112, 0f8858c49d67, rank=1][0m /opt/conda/lib/python3.12/site-packages/olmo_core/nn/pooled_soft_token.py:226: UserWarning: called a synchronizing CUDA operation (Triggered internally at /pytorch/c10/cuda/CUDAFunctions.cpp:162.)
2026-09-15T04:37:42.495Z   cols_l = soft_cols_b.tolist()
2026-09-15T04:37:42.495Z 
2026-09-15T04:37:42.495Z [2;36m[2026-09-15 04:37:42][0m [33mWARNING [0m [2m[py.warnings:112, 0f8858c49d67, rank=1][0m /opt/conda/lib/python3.12/site-packages/olmo_core/nn/pooled_soft_token.py:229: UserWarning: called a synchronizing CUDA operation (Triggered internally at /pytorch/c10/cuda/CUDAFunctions.cpp:162.)
2026-09-15T04:37:42.495Z   soft_docs += docs_b.tolist()
2026-09-15T04:37:42.495Z 
2026-09-15T04:37:42.496Z [2;36m[2026-09-15 04:37:42][0m [33mWARNING [0m [2m[py.warnings:112, 0f8858c49d67, rank=1][0m /opt/conda/lib/python3.12/site-packages/olmo_core/nn/pooled_soft_token.py:230: UserWarning: called a synchronizing CUDA operation (Triggered internally at /pytorch/c10/cuda/CUDAFunctions.cpp:162.)
2026-09-15T04:37:42.496Z   soft_log_len += lens_b.tolist()
2026-09-15T04:37:42.496Z 
2026-09-15T04:37:42.498Z [2;36m[2026-09-15 04:37:42][0m [33mWARNING [0m [2m[py.warnings:112, 0f8858c49d67, rank=1][0m /opt/conda/lib/python3.12/site-packages/olmo_core/nn/pooled_soft_token.py:280: UserWarning: called a synchronizing CUDA operation (Triggered internally at /pytorch/c10/cuda/CUDAFunctions.cpp:162.)
2026-09-15T04:37:42.498Z   row_lens[b] = L
2026-09-15T04:37:42.498Z 
2026-09-15T04:37:42.498Z [2;36m[2026-09-15 04:37:42][0m [33mWARNING [0m [2m[py.warnings:112, 0f8858c49d67, rank=1][0m /opt/conda/lib/python3.12/site-packages/olmo_core/nn/pooled_soft_token.py:297: UserWarning: called a synchronizing CUDA operation (Triggered internally at /pytorch/c10/cuda/CUDAFunctions.cpp:162.)
2026-09-15T04:37:42.498Z   soft_rows=torch.tensor(soft_rows, dtype=torch.long, device=device),
2026-09-15T04:37:42.498Z 
2026-09-15T04:37:42.498Z [2;36m[2026-09-15 04:37:42][0m [33mWARNING [0m [2m[py.warnings:112, 0f8858c49d67, rank=1][0m /opt/conda/lib/python3.12/site-packages/olmo_core/nn/pooled_soft_token.py:298: UserWarning: called a synchronizing CUDA operation (Triggered internally at /pytorch/c10/cuda/CUDAFunctions.cpp:162.)
2026-09-15T04:37:42.498Z   soft_cols=torch.tensor(soft_cols, dtype=torch.long, device=device),
2026-09-15T04:37:42.498Z 
2026-09-15T04:37:42.499Z [2;36m[2026-09-15 04:37:42][0m [33mWARNING [0m [2m[py.warnings:112, 0f8858c49d67, rank=1][0m /opt/conda/lib/python3.12/site-packages/olmo_core/nn/pooled_soft_token.py:299: UserWarning: called a synchronizing CUDA operation (Triggered internally at /pytorch/c10/cuda/CUDAFunctions.cpp:162.)
2026-09-15T04:37:42.499Z   soft_docs=torch.tensor(soft_docs, dtype=torch.long, device=device),
2026-09-15T04:37:42.499Z 
2026-09-15T04:37:42.499Z [2;36m[2026-09-15 04:37:42][0m [33mWARNING [0m [2m[py.warnings:112, 0f8858c49d67, rank=1][0m /opt/conda/lib/python3.12/site-packages/olmo_core/nn/pooled_soft_token.py:301: UserWarning: called a synchronizing CUDA operation (Triggered internally at /pytorch/c10/cuda/CUDAFunctions.cpp:162.)
2026-09-15T04:37:42.499Z   soft_log_len=torch.tensor(soft_log_len, dtype=torch.float32, device=device),
2026-09-15T04:37:42.499Z 
2026-09-15T04:37:42.500Z [2;36m[2026-09-15 04:37:42][0m [33mWARNING [0m [2m[py.warnings:112, 0f8858c49d67, rank=1][0m /opt/conda/lib/python3.12/site-packages/olmo_core/nn/transformer/model.py:1502: UserWarning: called a synchronizing CUDA operation (Triggered internally at /pytorch/c10/cuda/CUDAFunctions.cpp:162.)
2026-09-15T04:37:42.500Z   kv_grad_mask[cb.soft_rows, cb.soft_cols] = False
2026-09-15T04:37:42.500Z 
2026-09-15T04:37:42.684Z [2;36m[2026-09-15 04:37:42][0m [33mWARNING [0m [2m[py.warnings:112, 0f8858c49d67, rank=1][0m /opt/conda/lib/python3.12/site-packages/liger_kernel/ops/fused_linear_cross_entropy.py:75: UserWarning: called a synchronizing CUDA operation (Triggered internally at /pytorch/c10/cuda/CUDAFunctions.cpp:162.)
2026-09-15T04:37:42.684Z   total_n_non_ignore = target_mask.sum().item()
2026-09-15T04:37:42.684Z 
2026-09-15T04:37:43.448Z [2;36m[2026-09-15 04:37:43][0m [33mWARNING [0m [2m[py.warnings:112, 0f8858c49d67, rank=1][0m /opt/conda/lib/python3.12/site-packages/liger_kernel/ops/fused_linear_cross_entropy.py:233: UserWarning: called a synchronizing CUDA operation (Triggered internally at /pytorch/c10/cuda/CUDAFunctions.cpp:162.)
2026-09-15T04:37:43.449Z   if not torch.equal(grad_output, torch.tensor(1.0, device=grad_output.device)):
2026-09-15T04:37:43.449Z 
2026-09-15T04:37:52.352Z [2;36m[2026-09-15 04:37:52][0m [34mINFO    [0m [2m[olmo_core.train.callbacks.console_logger:68, 0f8858c49d67, rank=0][0m [step=19/61,epoch=1,eta=28m]
2026-09-15T04:37:52.352Z     gpu_memory/GPU active mem (%)=76.00
2026-09-15T04:37:52.352Z     gpu_memory/GPU active mem (GiB)=60.23
2026-09-15T04:37:52.352Z     gpu_memory/GPU reserved mem (%)=81.32
2026-09-15T04:37:52.352Z     gpu_memory/GPU reserved mem (GiB)=64.45
2026-09-15T04:37:52.352Z     optim/LR (group 0)=3.56E-06
2026-09-15T04:37:52.352Z     optim/LR (group 1)=3.56E-06
2026-09-15T04:37:52.352Z     optim/step skipped=0.0
2026-09-15T04:37:52.352Z     optim/total grad norm=9.639
2026-09-15T04:37:52.352Z     throughput/chinchilla multiple=2.96E-05
2026-09-15T04:37:52.352Z     throughput/device/BPS=0.0268
2026-09-15T04:37:52.352Z     throughput/device/BPS (actual avg)=0.0249
2026-09-15T04:37:52.352Z     throughput/device/MFU=12.88
2026-09-15T04:37:52.352Z     throughput/device/MFU (actual avg)=12.00
2026-09-15T04:37:52.352Z     throughput/device/TPS=1,754
2026-09-15T04:37:52.352Z     throughput/device/TPS (actual avg)=1,634
2026-09-15T04:37:52.352Z     throughput/device/flopsPS=40.19T
2026-09-15T04:37:52.352Z     throughput/device/flopsPS (actual avg)=37.43T
2026-09-15T04:37:52.352Z     throughput/total petaflops=57.03
2026-09-15T04:37:52.352Z     throughput/total tokens=2,490,368
2026-09-15T04:37:52.352Z     train/CE loss=0.3096
2026-09-15T04:37:52.352Z     throughput/device/data loading (%)=0.0060
2026-09-15T04:37:52.352Z     throughput/device/data loading (s)=0.0022
2026-09-15T04:37:52.352Z     train/PPL=1.363
2026-09-15T04:38:04.752Z [2;36m[2026-09-15 04:38:04][0m [34mINFO    [0m [2m[olmo_core.train.callbacks.console_logger:68, 0f8858c49d67, rank=0][0m [step=20/61,epoch=1,eta=26m]
2026-09-15T04:38:04.752Z     gpu_memory/GPU active mem (%)=76.00
2026-09-15T04:38:04.752Z     gpu_memory/GPU active mem (GiB)=60.23
2026-09-15T04:38:04.752Z     gpu_memory/GPU reserved mem (%)=81.32
2026-09-15T04:38:04.752Z     gpu_memory/GPU reserved mem (GiB)=64.45
2026-09-15T04:38:04.752Z     optim/LR (group 0)=3.47E-06
2026-09-15T04:38:04.752Z     optim/LR (group 1)=3.47E-06
2026-09-15T04:38:04.752Z     optim/step skipped=0.0
2026-09-15T04:38:04.752Z     optim/total grad norm=4.944
2026-09-15T04:38:04.752Z     throughput/chinchilla multiple=3.12E-05
2026-09-15T04:38:04.752Z     throughput/device/BPS=0.0806
2026-09-15T04:38:04.752Z     throughput/device/BPS (actual avg)=0.0259
2026-09-15T04:38:04.752Z     throughput/device/MFU=38.79
2026-09-15T04:38:04.752Z     throughput/device/MFU (actual avg)=12.45
2026-09-15T04:38:04.752Z     throughput/device/TPS=5,284
2026-09-15T04:38:04.752Z     throughput/device/TPS (actual avg)=1,696
2026-09-15T04:38:04.752Z     throughput/device/flopsPS=121.0T
2026-09-15T04:38:04.752Z     throughput/device/flopsPS (actual avg)=38.85T
2026-09-15T04:38:04.752Z     throughput/total petaflops=60.03
2026-09-15T04:38:04.752Z     throughput/total tokens=2,621,440
2026-09-15T04:38:04.752Z     train/CE loss=0.3201
2026-09-15T04:38:04.752Z     throughput/device/data loading (%)=0.0193
2026-09-15T04:38:04.752Z     throughput/device/data loading (s)=0.0024
2026-09-15T04:38:04.752Z     train/PPL=1.377
2026-09-15T04:38:13.037Z [2;36m[2026-09-15 04:38:13][0m [33mWARNING [0m [2m[py.warnings:112, 0f8858c49d67, rank=0][0m /opt/conda/lib/python3.12/site-packages/torch/autograd/graph.py:841: UserWarning: called a synchronizing CUDA operation (Triggered internally at /pytorch/c10/cuda/CUDAFunctions.cpp:162.)
2026-09-15T04:38:13.037Z   return Variable._execution_engine.run_backward(  # Calls into the C++ engine to run the backward pass
2026-09-15T04:38:13.037Z 
2026-09-15T04:38:13.044Z [2;36m[2026-09-15 04:38:13][0m [33mWARNING [0m [2m[py.warnings:112, 0f8858c49d67, rank=0][0m /opt/conda/lib/python3.12/site-packages/torch/distributed/utils.py:106: UserWarning: called a synchronizing CUDA operation (Triggered internally at /pytorch/c10/cuda/CUDAFunctions.cpp:162.)
2026-09-15T04:38:13.044Z   return (obj.to(target_device),)
2026-09-15T04:38:13.044Z 
2026-09-15T04:38:13.054Z [2;36m[2026-09-15 04:38:13][0m [33mWARNING [0m [2m[py.warnings:112, 0f8858c49d67, rank=0][0m /opt/conda/lib/python3.12/site-packages/olmo_core/nn/transformer/model.py:777: UserWarning: called a synchronizing CUDA operation (Triggered internally at /pytorch/c10/cuda/CUDAFunctions.cpp:162.)
2026-09-15T04:38:13.054Z   n_docs = int(chunk_ids.max().item()) + 1
2026-09-15T04:38:13.054Z 
2026-09-15T04:38:13.063Z [2;36m[2026-09-15 04:38:13][0m [33mWARNING [0m [2m[py.warnings:112, 0f8858c49d67, rank=0][0m /opt/conda/lib/python3.12/site-packages/olmo_core/nn/transformer/model.py:834: UserWarning: called a synchronizing CUDA operation (Triggered internally at /pytorch/c10/cuda/CUDAFunctions.cpp:162.)
2026-09-15T04:38:13.063Z   flat = (torch.arange(B, device=emb.device)[:, None] * n_docs + cid.clamp(min=0)).reshape(
2026-09-15T04:38:13.063Z 
2026-09-15T04:38:13.063Z [2;36m[2026-09-15 04:38:13][0m [33mWARNING [0m [2m[py.warnings:112, 0f8858c49d67, rank=0][0m /opt/conda/lib/python3.12/site-packages/olmo_core/nn/transformer/model.py:838: UserWarning: called a synchronizing CUDA operation (Triggered internally at /pytorch/c10/cuda/CUDAFunctions.cpp:162.)
2026-09-15T04:38:13.063Z   0, flat, emb.reshape(B * T, D)[is_ctx.reshape(-1)]
2026-09-15T04:38:13.063Z 
2026-09-15T04:38:13.071Z [2;36m[2026-09-15 04:38:13][0m [33mWARNING [0m [2m[py.warnings:112, 0f8858c49d67, rank=0][0m /opt/conda/lib/python3.12/site-packages/olmo_core/nn/pooled_soft_token.py:173: UserWarning: called a synchronizing CUDA operation (Triggered internally at /pytorch/c10/cuda/CUDAFunctions.cpp:162.)
2026-09-15T04:38:13.071Z   kept_idx = kept_tok.nonzero(as_tuple=True)[0]
2026-09-15T04:38:13.071Z 
2026-09-15T04:38:13.072Z [2;36m[2026-09-15 04:38:13][0m [33mWARNING [0m [2m[py.warnings:112, 0f8858c49d67, rank=0][0m /opt/conda/lib/python3.12/site-packages/olmo_core/nn/pooled_soft_token.py:179: UserWarning: called a synchronizing CUDA operation (Triggered internally at /pytorch/c10/cuda/CUDAFunctions.cpp:162.)
2026-09-15T04:38:13.072Z   if is_ctx.any():
2026-09-15T04:38:13.072Z 
2026-09-15T04:38:13.072Z [2;36m[2026-09-15 04:38:13][0m [33mWARNING [0m [2m[py.warnings:112, 0f8858c49d67, rank=0][0m /opt/conda/lib/python3.12/site-packages/olmo_core/nn/pooled_soft_token.py:180: UserWarning: called a synchronizing CUDA operation (Triggered internally at /pytorch/c10/cuda/CUDAFunctions.cpp:162.)
2026-09-15T04:38:13.072Z   d_ix = c[is_ctx]
2026-09-15T04:38:13.072Z 
2026-09-15T04:38:13.073Z [2;36m[2026-09-15 04:38:13][0m [33mWARNING [0m [2m[py.warnings:112, 0f8858c49d67, rank=0][0m /opt/conda/lib/python3.12/site-packages/olmo_core/nn/pooled_soft_token.py:181: UserWarning: called a synchronizing CUDA operation (Triggered internally at /pytorch/c10/cuda/CUDAFunctions.cpp:162.)
2026-09-15T04:38:13.073Z   pos_ix = is_ctx.nonzero(as_tuple=True)[0]
2026-09-15T04:38:13.073Z 
2026-09-15T04:38:13.074Z [2;36m[2026-09-15 04:38:13][0m [33mWARNING [0m [2m[py.warnings:112, 0f8858c49d67, rank=0][0m /opt/conda/lib/python3.12/site-packages/olmo_core/nn/pooled_soft_token.py:186: UserWarning: called a synchronizing CUDA operation (Triggered internally at /pytorch/c10/cuda/CUDAFunctions.cpp:162.)
2026-09-15T04:38:13.074Z   pooled_docs = pooled.nonzero(as_tuple=True)[0]
2026-09-15T04:38:13.074Z 
2026-09-15T04:38:13.075Z [2;36m[2026-09-15 04:38:13][0m [33mWARNING [0m [2m[py.warnings:112, 0f8858c49d67, rank=0][0m /opt/conda/lib/python3.12/site-packages/olmo_core/nn/pooled_soft_token.py:217: UserWarning: called a synchronizing CUDA operation (Triggered internally at /pytorch/c10/cuda/CUDAFunctions.cpp:162.)
2026-09-15T04:38:13.075Z   doc_len = torch.bincount(c[is_ctx], minlength=n_docs) if is_ctx.any() else torch.zeros(n_docs, dtype=torch.long, device=device)
2026-09-15T04:38:13.075Z 
2026-09-15T04:38:13.075Z [2;36m[2026-09-15 04:38:13][0m [33mWARNING [0m [2m[py.warnings:112, 0f8858c49d67, rank=0][0m /opt/conda/lib/python3.12/site-packages/olmo_core/nn/pooled_soft_token.py:222: UserWarning: called a synchronizing CUDA operation (Triggered internally at /pytorch/c10/cuda/CUDAFunctions.cpp:162.)
2026-09-15T04:38:13.075Z   soft_cols_b = soft_mask.nonzero(as_tuple=True)[0]
2026-09-15T04:38:13.075Z 
2026-09-15T04:38:13.076Z [2;36m[2026-09-15 04:38:13][0m [33mWARNING [0m [2m[py.warnings:112, 0f8858c49d67, rank=0][0m /opt/conda/lib/python3.12/site-packages/olmo_core/nn/pooled_soft_token.py:226: UserWarning: called a synchronizing CUDA operation (Triggered internally at /pytorch/c10/cuda/CUDAFunctions.cpp:162.)
2026-09-15T04:38:13.076Z   cols_l = soft_cols_b.tolist()
2026-09-15T04:38:13.076Z 
2026-09-15T04:38:13.076Z [2;36m[2026-09-15 04:38:13][0m [33mWARNING [0m [2m[py.warnings:112, 0f8858c49d67, rank=0][0m /opt/conda/lib/python3.12/site-packages/olmo_core/nn/pooled_soft_token.py:229: UserWarning: called a synchronizing CUDA operation (Triggered internally at /pytorch/c10/cuda/CUDAFunctions.cpp:162.)
2026-09-15T04:38:13.076Z   soft_docs += docs_b.tolist()
2026-09-15T04:38:13.076Z 
2026-09-15T04:38:13.077Z [2;36m[2026-09-15 04:38:13][0m [33mWARNING [0m [2m[py.warnings:112, 0f8858c49d67, rank=0][0m /opt/conda/lib/python3.12/site-packages/olmo_core/nn/pooled_soft_token.py:230: UserWarning: called a synchronizing CUDA operation (Triggered internally at /pytorch/c10/cuda/CUDAFunctions.cpp:162.)
2026-09-15T04:38:13.077Z   soft_log_len += lens_b.tolist()
2026-09-15T04:38:13.077Z 
2026-09-15T04:38:13.079Z [2;36m[2026-09-15 04:38:13][0m [33mWARNING [0m [2m[py.warnings:112, 0f8858c49d67, rank=0][0m /opt/conda/lib/python3.12/site-packages/olmo_core/nn/pooled_soft_token.py:280: UserWarning: called a synchronizing CUDA operation (Triggered internally at /pytorch/c10/cuda/CUDAFunctions.cpp:162.)
2026-09-15T04:38:13.079Z   row_lens[b] = L
2026-09-15T04:38:13.079Z 
2026-09-15T04:38:13.080Z [2;36m[2026-09-15 04:38:13][0m [33mWARNING [0m [2m[py.warnings:112, 0f8858c49d67, rank=0][0m /opt/conda/lib/python3.12/site-packages/olmo_core/nn/pooled_soft_token.py:297: UserWarning: called a synchronizing CUDA operation (Triggered internally at /pytorch/c10/cuda/CUDAFunctions.cpp:162.)
2026-09-15T04:38:13.080Z   soft_rows=torch.tensor(soft_rows, dtype=torch.long, device=device),
2026-09-15T04:38:13.080Z 
2026-09-15T04:38:13.080Z [2;36m[2026-09-15 04:38:13][0m [33mWARNING [0m [2m[py.warnings:112, 0f8858c49d67, rank=0][0m /opt/conda/lib/python3.12/site-packages/olmo_core/nn/pooled_soft_token.py:298: UserWarning: called a synchronizing CUDA operation (Triggered internally at /pytorch/c10/cuda/CUDAFunctions.cpp:162.)
2026-09-15T04:38:13.080Z   soft_cols=torch.tensor(soft_cols, dtype=torch.long, device=device),
2026-09-15T04:38:13.080Z 
2026-09-15T04:38:13.081Z [2;36m[2026-09-15 04:38:13][0m [33mWARNING [0m [2m[py.warnings:112, 0f8858c49d67, rank=0][0m /opt/conda/lib/python3.12/site-packages/olmo_core/nn/pooled_soft_token.py:299: UserWarning: called a synchronizing CUDA operation (Triggered internally at /pytorch/c10/cuda/CUDAFunctions.cpp:162.)
2026-09-15T04:38:13.081Z   soft_docs=torch.tensor(soft_docs, dtype=torch.long, device=device),
2026-09-15T04:38:13.081Z 
2026-09-15T04:38:13.081Z [2;36m[2026-09-15 04:38:13][0m [33mWARNING [0m [2m[py.warnings:112, 0f8858c49d67, rank=0][0m /opt/conda/lib/python3.12/site-packages/olmo_core/nn/pooled_soft_token.py:301: UserWarning: called a synchronizing CUDA operation (Triggered internally at /pytorch/c10/cuda/CUDAFunctions.cpp:162.)
2026-09-15T04:38:13.081Z   soft_log_len=torch.tensor(soft_log_len, dtype=torch.float32, device=device),
2026-09-15T04:38:13.081Z 
2026-09-15T04:38:13.082Z [2;36m[2026-09-15 04:38:13][0m [33mWARNING [0m [2m[py.warnings:112, 0f8858c49d67, rank=0][0m /opt/conda/lib/python3.12/site-packages/olmo_core/nn/transformer/model.py:1502: UserWarning: called a synchronizing CUDA operation (Triggered internally at /pytorch/c10/cuda/CUDAFunctions.cpp:162.)
2026-09-15T04:38:13.082Z   kv_grad_mask[cb.soft_rows, cb.soft_cols] = False
2026-09-15T04:38:13.082Z 
2026-09-15T04:38:13.246Z [2;36m[2026-09-15 04:38:13][0m [33mWARNING [0m [2m[py.warnings:112, 0f8858c49d67, rank=0][0m /opt/conda/lib/python3.12/site-packages/liger_kernel/ops/fused_linear_cross_entropy.py:75: UserWarning: called a synchronizing CUDA operation (Triggered internally at /pytorch/c10/cuda/CUDAFunctions.cpp:162.)
2026-09-15T04:38:13.246Z   total_n_non_ignore = target_mask.sum().item()
2026-09-15T04:38:13.246Z 
2026-09-15T04:38:13.901Z [2;36m[2026-09-15 04:38:13][0m [33mWARNING [0m [2m[py.warnings:112, 0f8858c49d67, rank=0][0m /opt/conda/lib/python3.12/site-packages/liger_kernel/ops/fused_linear_cross_entropy.py:233: UserWarning: called a synchronizing CUDA operation (Triggered internally at /pytorch/c10/cuda/CUDAFunctions.cpp:162.)
2026-09-15T04:38:13.901Z   if not torch.equal(grad_output, torch.tensor(1.0, device=grad_output.device)):
2026-09-15T04:38:13.901Z 
2026-09-15T04:38:17.917Z [2;36m[2026-09-15 04:38:17][0m [34mINFO    [0m [2m[olmo_core.train.callbacks.console_logger:68, 0f8858c49d67, rank=0][0m [step=21/61,epoch=1,eta=25m]
2026-09-15T04:38:17.917Z     gpu_memory/GPU active mem (%)=76.00
2026-09-15T04:38:17.917Z     gpu_memory/GPU active mem (GiB)=60.23
2026-09-15T04:38:17.917Z     gpu_memory/GPU reserved mem (%)=81.32
2026-09-15T04:38:17.917Z     gpu_memory/GPU reserved mem (GiB)=64.45
2026-09-15T04:38:17.917Z     optim/LR (group 0)=3.39E-06
2026-09-15T04:38:17.917Z     optim/LR (group 1)=3.39E-06
2026-09-15T04:38:17.917Z     optim/step skipped=0.0
2026-09-15T04:38:17.917Z     optim/total grad norm=5.014
2026-09-15T04:38:17.917Z     throughput/chinchilla multiple=3.27E-05
2026-09-15T04:38:17.917Z     throughput/device/BPS=0.0760
2026-09-15T04:38:17.917Z     throughput/device/BPS (actual avg)=0.0268
2026-09-15T04:38:17.917Z     throughput/device/MFU=36.54
2026-09-15T04:38:17.917Z     throughput/device/MFU (actual avg)=12.88
2026-09-15T04:38:17.917Z     throughput/device/TPS=4,978
2026-09-15T04:38:17.917Z     throughput/device/TPS (actual avg)=1,754
2026-09-15T04:38:17.917Z     throughput/device/flopsPS=114.0T
2026-09-15T04:38:17.917Z     throughput/device/flopsPS (actual avg)=40.17T
2026-09-15T04:38:17.917Z     throughput/total petaflops=63.03
2026-09-15T04:38:17.917Z     throughput/total tokens=2,752,512
2026-09-15T04:38:17.917Z     train/CE loss=0.3187
2026-09-15T04:38:17.917Z     throughput/device/data loading (%)=0.0185
2026-09-15T04:38:17.917Z     throughput/device/data loading (s)=0.0024
2026-09-15T04:38:17.917Z     train/PPL=1.375
2026-09-15T04:38:31.186Z [2;36m[2026-09-15 04:38:31][0m [34mINFO    [0m [2m[olmo_core.train.callbacks.console_logger:68, 0f8858c49d67, rank=0][0m [step=22/61,epoch=1,eta=23m]
2026-09-15T04:38:31.187Z     gpu_memory/GPU active mem (%)=76.00
2026-09-15T04:38:31.187Z     gpu_memory/GPU active mem (GiB)=60.23
2026-09-15T04:38:31.187Z     gpu_memory/GPU reserved mem (%)=81.32
2026-09-15T04:38:31.187Z     gpu_memory/GPU reserved mem (GiB)=64.45
2026-09-15T04:38:31.187Z     optim/LR (group 0)=3.31E-06
2026-09-15T04:38:31.187Z     optim/LR (group 1)=3.31E-06
2026-09-15T04:38:31.187Z     optim/step skipped=0.0
2026-09-15T04:38:31.187Z     optim/total grad norm=4.666
2026-09-15T04:38:31.187Z     throughput/chinchilla multiple=3.43E-05
2026-09-15T04:38:31.187Z     throughput/device/BPS=0.0753
2026-09-15T04:38:31.187Z     throughput/device/BPS (actual avg)=0.0276
2026-09-15T04:38:31.187Z     throughput/device/MFU=36.24
2026-09-15T04:38:31.187Z     throughput/device/MFU (actual avg)=13.28
2026-09-15T04:38:31.187Z     throughput/device/TPS=4,937
2026-09-15T04:38:31.187Z     throughput/device/TPS (actual avg)=1,809
2026-09-15T04:38:31.187Z     throughput/device/flopsPS=113.1T
2026-09-15T04:38:31.187Z     throughput/device/flopsPS (actual avg)=41.44T
2026-09-15T04:38:31.187Z     throughput/total petaflops=66.03
2026-09-15T04:38:31.187Z     throughput/total tokens=2,883,584
2026-09-15T04:38:31.187Z     train/CE loss=0.3084
2026-09-15T04:38:31.187Z     throughput/device/data loading (%)=0.0198
2026-09-15T04:38:31.187Z     throughput/device/data loading (s)=0.0026
2026-09-15T04:38:31.187Z     train/PPL=1.361
2026-09-15T04:38:43.635Z [2;36m[2026-09-15 04:38:43][0m [34mINFO    [0m [2m[olmo_core.train.callbacks.console_logger:68, 0f8858c49d67, rank=0][0m [step=23/61,epoch=1,eta=22m]
2026-09-15T04:38:43.635Z     gpu_memory/GPU active mem (%)=76.00
2026-09-15T04:38:43.635Z     gpu_memory/GPU active mem (GiB)=60.23
2026-09-15T04:38:43.635Z     gpu_memory/GPU reserved mem (%)=81.32
2026-09-15T04:38:43.635Z     gpu_memory/GPU reserved mem (GiB)=64.45
2026-09-15T04:38:43.635Z     optim/LR (group 0)=3.22E-06
2026-09-15T04:38:43.635Z     optim/LR (group 1)=3.22E-06
2026-09-15T04:38:43.635Z     optim/step skipped=0.0
2026-09-15T04:38:43.635Z     optim/total grad norm=5.186
2026-09-15T04:38:43.635Z     throughput/chinchilla multiple=3.58E-05
2026-09-15T04:38:43.635Z     throughput/device/BPS=0.0803
2026-09-15T04:38:43.635Z     throughput/device/BPS (actual avg)=0.0285
2026-09-15T04:38:43.635Z     throughput/device/MFU=38.65
2026-09-15T04:38:43.635Z     throughput/device/MFU (actual avg)=13.69
2026-09-15T04:38:43.635Z     throughput/device/TPS=5,265
2026-09-15T04:38:43.635Z     throughput/device/TPS (actual avg)=1,865
2026-09-15T04:38:43.635Z     throughput/device/flopsPS=120.6T
2026-09-15T04:38:43.635Z     throughput/device/flopsPS (actual avg)=42.72T
2026-09-15T04:38:43.635Z     throughput/total petaflops=69.03
2026-09-15T04:38:43.635Z     throughput/total tokens=3,014,656
2026-09-15T04:38:43.635Z     train/CE loss=0.3094
2026-09-15T04:38:43.635Z     throughput/device/data loading (%)=0.0139
2026-09-15T04:38:43.635Z     throughput/device/data loading (s)=0.0017
2026-09-15T04:38:43.635Z     train/PPL=1.363
2026-09-15T04:38:48.541Z [2;36m[2026-09-15 04:38:48][0m [33mWARNING [0m [2m[py.warnings:112, 0f8858c49d67, rank=1][0m /opt/conda/lib/python3.12/site-packages/torch/autograd/graph.py:841: UserWarning: called a synchronizing CUDA operation (Triggered internally at /pytorch/c10/cuda/CUDAFunctions.cpp:162.)
2026-09-15T04:38:48.541Z   return Variable._execution_engine.run_backward(  # Calls into the C++ engine to run the backward pass
2026-09-15T04:38:48.541Z 
2026-09-15T04:38:48.545Z [2;36m[2026-09-15 04:38:48][0m [33mWARNING [0m [2m[py.warnings:112, 0f8858c49d67, rank=1][0m /opt/conda/lib/python3.12/site-packages/torch/distributed/utils.py:106: UserWarning: called a synchronizing CUDA operation (Triggered internally at /pytorch/c10/cuda/CUDAFunctions.cpp:162.)
2026-09-15T04:38:48.545Z   return (obj.to(target_device),)
2026-09-15T04:38:48.545Z 
2026-09-15T04:38:48.555Z [2;36m[2026-09-15 04:38:48][0m [33mWARNING [0m [2m[py.warnings:112, 0f8858c49d67, rank=1][0m /opt/conda/lib/python3.12/site-packages/olmo_core/nn/transformer/model.py:777: UserWarning: called a synchronizing CUDA operation (Triggered internally at /pytorch/c10/cuda/CUDAFunctions.cpp:162.)
2026-09-15T04:38:48.555Z   n_docs = int(chunk_ids.max().item()) + 1
2026-09-15T04:38:48.555Z 
2026-09-15T04:38:48.564Z [2;36m[2026-09-15 04:38:48][0m [33mWARNING [0m [2m[py.warnings:112, 0f8858c49d67, rank=1][0m /opt/conda/lib/python3.12/site-packages/olmo_core/nn/transformer/model.py:834: UserWarning: called a synchronizing CUDA operation (Triggered internally at /pytorch/c10/cuda/CUDAFunctions.cpp:162.)
2026-09-15T04:38:48.564Z   flat = (torch.arange(B, device=emb.device)[:, None] * n_docs + cid.clamp(min=0)).reshape(
2026-09-15T04:38:48.564Z 
2026-09-15T04:38:48.564Z [2;36m[2026-09-15 04:38:48][0m [33mWARNING [0m [2m[py.warnings:112, 0f8858c49d67, rank=1][0m /opt/conda/lib/python3.12/site-packages/olmo_core/nn/transformer/model.py:838: UserWarning: called a synchronizing CUDA operation (Triggered internally at /pytorch/c10/cuda/CUDAFunctions.cpp:162.)
2026-09-15T04:38:48.564Z   0, flat, emb.reshape(B * T, D)[is_ctx.reshape(-1)]
2026-09-15T04:38:48.564Z 
2026-09-15T04:38:48.572Z [2;36m[2026-09-15 04:38:48][0m [33mWARNING [0m [2m[py.warnings:112, 0f8858c49d67, rank=1][0m /opt/conda/lib/python3.12/site-packages/olmo_core/nn/pooled_soft_token.py:173: UserWarning: called a synchronizing CUDA operation (Triggered internally at /pytorch/c10/cuda/CUDAFunctions.cpp:162.)
2026-09-15T04:38:48.572Z   kept_idx = kept_tok.nonzero(as_tuple=True)[0]
2026-09-15T04:38:48.572Z 
2026-09-15T04:38:48.573Z [2;36m[2026-09-15 04:38:48][0m [33mWARNING [0m [2m[py.warnings:112, 0f8858c49d67, rank=1][0m /opt/conda/lib/python3.12/site-packages/olmo_core/nn/pooled_soft_token.py:179: UserWarning: called a synchronizing CUDA operation (Triggered internally at /pytorch/c10/cuda/CUDAFunctions.cpp:162.)
2026-09-15T04:38:48.573Z   if is_ctx.any():
2026-09-15T04:38:48.573Z 
2026-09-15T04:38:48.573Z [2;36m[2026-09-15 04:38:48][0m [33mWARNING [0m [2m[py.warnings:112, 0f8858c49d67, rank=1][0m /opt/conda/lib/python3.12/site-packages/olmo_core/nn/pooled_soft_token.py:180: UserWarning: called a synchronizing CUDA operation (Triggered internally at /pytorch/c10/cuda/CUDAFunctions.cpp:162.)
2026-09-15T04:38:48.573Z   d_ix = c[is_ctx]
2026-09-15T04:38:48.573Z 
2026-09-15T04:38:48.573Z [2;36m[2026-09-15 04:38:48][0m [33mWARNING [0m [2m[py.warnings:112, 0f8858c49d67, rank=1][0m /opt/conda/lib/python3.12/site-packages/olmo_core/nn/pooled_soft_token.py:181: UserWarning: called a synchronizing CUDA operation (Triggered internally at /pytorch/c10/cuda/CUDAFunctions.cpp:162.)
2026-09-15T04:38:48.573Z   pos_ix = is_ctx.nonzero(as_tuple=True)[0]
2026-09-15T04:38:48.573Z 
2026-09-15T04:38:48.574Z [2;36m[2026-09-15 04:38:48][0m [33mWARNING [0m [2m[py.warnings:112, 0f8858c49d67, rank=1][0m /opt/conda/lib/python3.12/site-packages/olmo_core/nn/pooled_soft_token.py:186: UserWarning: called a synchronizing CUDA operation (Triggered internally at /pytorch/c10/cuda/CUDAFunctions.cpp:162.)
2026-09-15T04:38:48.574Z   pooled_docs = pooled.nonzero(as_tuple=True)[0]
2026-09-15T04:38:48.574Z 
2026-09-15T04:38:48.575Z [2;36m[2026-09-15 04:38:48][0m [33mWARNING [0m [2m[py.warnings:112, 0f8858c49d67, rank=1][0m /opt/conda/lib/python3.12/site-packages/olmo_core/nn/pooled_soft_token.py:217: UserWarning: called a synchronizing CUDA operation (Triggered internally at /pytorch/c10/cuda/CUDAFunctions.cpp:162.)
2026-09-15T04:38:48.575Z   doc_len = torch.bincount(c[is_ctx], minlength=n_docs) if is_ctx.any() else torch.zeros(n_docs, dtype=torch.long, device=device)
2026-09-15T04:38:48.575Z 
2026-09-15T04:38:48.575Z [2;36m[2026-09-15 04:38:48][0m [33mWARNING [0m [2m[py.warnings:112, 0f8858c49d67, rank=1][0m /opt/conda/lib/python3.12/site-packages/olmo_core/nn/pooled_soft_token.py:222: UserWarning: called a synchronizing CUDA operation (Triggered internally at /pytorch/c10/cuda/CUDAFunctions.cpp:162.)
2026-09-15T04:38:48.575Z   soft_cols_b = soft_mask.nonzero(as_tuple=True)[0]
2026-09-15T04:38:48.575Z 
2026-09-15T04:38:48.576Z [2;36m[2026-09-15 04:38:48][0m [33mWARNING [0m [2m[py.warnings:112, 0f8858c49d67, rank=1][0m /opt/conda/lib/python3.12/site-packages/olmo_core/nn/pooled_soft_token.py:226: UserWarning: called a synchronizing CUDA operation (Triggered internally at /pytorch/c10/cuda/CUDAFunctions.cpp:162.)
2026-09-15T04:38:48.576Z   cols_l = soft_cols_b.tolist()
2026-09-15T04:38:48.576Z 
2026-09-15T04:38:48.576Z [2;36m[2026-09-15 04:38:48][0m [33mWARNING [0m [2m[py.warnings:112, 0f8858c49d67, rank=1][0m /opt/conda/lib/python3.12/site-packages/olmo_core/nn/pooled_soft_token.py:229: UserWarning: called a synchronizing CUDA operation (Triggered internally at /pytorch/c10/cuda/CUDAFunctions.cpp:162.)
2026-09-15T04:38:48.576Z   soft_docs += docs_b.tolist()
2026-09-15T04:38:48.576Z 
2026-09-15T04:38:48.576Z [2;36m[2026-09-15 04:38:48][0m [33mWARNING [0m [2m[py.warnings:112, 0f8858c49d67, rank=1][0m /opt/conda/lib/python3.12/site-packages/olmo_core/nn/pooled_soft_token.py:230: UserWarning: called a synchronizing CUDA operation (Triggered internally at /pytorch/c10/cuda/CUDAFunctions.cpp:162.)
2026-09-15T04:38:48.576Z   soft_log_len += lens_b.tolist()
2026-09-15T04:38:48.576Z 
2026-09-15T04:38:48.578Z [2;36m[2026-09-15 04:38:48][0m [33mWARNING [0m [2m[py.warnings:112, 0f8858c49d67, rank=1][0m /opt/conda/lib/python3.12/site-packages/olmo_core/nn/pooled_soft_token.py:280: UserWarning: called a synchronizing CUDA operation (Triggered internally at /pytorch/c10/cuda/CUDAFunctions.cpp:162.)
2026-09-15T04:38:48.578Z   row_lens[b] = L
2026-09-15T04:38:48.578Z 
2026-09-15T04:38:48.579Z [2;36m[2026-09-15 04:38:48][0m [33mWARNING [0m [2m[py.warnings:112, 0f8858c49d67, rank=1][0m /opt/conda/lib/python3.12/site-packages/olmo_core/nn/pooled_soft_token.py:297: UserWarning: called a synchronizing CUDA operation (Triggered internally at /pytorch/c10/cuda/CUDAFunctions.cpp:162.)
2026-09-15T04:38:48.579Z   soft_rows=torch.tensor(soft_rows, dtype=torch.long, device=device),
2026-09-15T04:38:48.579Z 
2026-09-15T04:38:48.579Z [2;36m[2026-09-15 04:38:48][0m [33mWARNING [0m [2m[py.warnings:112, 0f8858c49d67, rank=1][0m /opt/conda/lib/python3.12/site-packages/olmo_core/nn/pooled_soft_token.py:298: UserWarning: called a synchronizing CUDA operation (Triggered internally at /pytorch/c10/cuda/CUDAFunctions.cpp:162.)
2026-09-15T04:38:48.579Z   soft_cols=torch.tensor(soft_cols, dtype=torch.long, device=device),
2026-09-15T04:38:48.579Z 
2026-09-15T04:38:48.579Z [2;36m[2026-09-15 04:38:48][0m [33mWARNING [0m [2m[py.warnings:112, 0f8858c49d67, rank=1][0m /opt/conda/lib/python3.12/site-packages/olmo_core/nn/pooled_soft_token.py:299: UserWarning: called a synchronizing CUDA operation (Triggered internally at /pytorch/c10/cuda/CUDAFunctions.cpp:162.)
2026-09-15T04:38:48.579Z   soft_docs=torch.tensor(soft_docs, dtype=torch.long, device=device),
2026-09-15T04:38:48.579Z 
2026-09-15T04:38:48.580Z [2;36m[2026-09-15 04:38:48][0m [33mWARNING [0m [2m[py.warnings:112, 0f8858c49d67, rank=1][0m /opt/conda/lib/python3.12/site-packages/olmo_core/nn/pooled_soft_token.py:301: UserWarning: called a synchronizing CUDA operation (Triggered internally at /pytorch/c10/cuda/CUDAFunctions.cpp:162.)
2026-09-15T04:38:48.580Z   soft_log_len=torch.tensor(soft_log_len, dtype=torch.float32, device=device),
2026-09-15T04:38:48.580Z 
2026-09-15T04:38:48.580Z [2;36m[2026-09-15 04:38:48][0m [33mWARNING [0m [2m[py.warnings:112, 0f8858c49d67, rank=1][0m /opt/conda/lib/python3.12/site-packages/olmo_core/nn/transformer/model.py:1502: UserWarning: called a synchronizing CUDA operation (Triggered internally at /pytorch/c10/cuda/CUDAFunctions.cpp:162.)
2026-09-15T04:38:48.580Z   kv_grad_mask[cb.soft_rows, cb.soft_cols] = False
2026-09-15T04:38:48.580Z 
2026-09-15T04:38:48.740Z [2;36m[2026-09-15 04:38:48][0m [33mWARNING [0m [2m[py.warnings:112, 0f8858c49d67, rank=1][0m /opt/conda/lib/python3.12/site-packages/liger_kernel/ops/fused_linear_cross_entropy.py:75: UserWarning: called a synchronizing CUDA operation (Triggered internally at /pytorch/c10/cuda/CUDAFunctions.cpp:162.)
2026-09-15T04:38:48.740Z   total_n_non_ignore = target_mask.sum().item()
2026-09-15T04:38:48.740Z 
2026-09-15T04:38:49.505Z [2;36m[2026-09-15 04:38:49][0m [33mWARNING [0m [2m[py.warnings:112, 0f8858c49d67, rank=1][0m /opt/conda/lib/python3.12/site-packages/liger_kernel/ops/fused_linear_cross_entropy.py:233: UserWarning: called a synchronizing CUDA operation (Triggered internally at /pytorch/c10/cuda/CUDAFunctions.cpp:162.)
2026-09-15T04:38:49.505Z   if not torch.equal(grad_output, torch.tensor(1.0, device=grad_output.device)):
2026-09-15T04:38:49.505Z 
2026-09-15T04:38:55.941Z [2;36m[2026-09-15 04:38:55][0m [34mINFO    [0m [2m[olmo_core.train.callbacks.console_logger:68, 0f8858c49d67, rank=0][0m [step=24/61,epoch=1,eta=21m]
2026-09-15T04:38:55.941Z     gpu_memory/GPU active mem (%)=76.00
2026-09-15T04:38:55.941Z     gpu_memory/GPU active mem (GiB)=60.23
2026-09-15T04:38:55.941Z     gpu_memory/GPU reserved mem (%)=81.32
2026-09-15T04:38:55.941Z     gpu_memory/GPU reserved mem (GiB)=64.45
2026-09-15T04:38:55.941Z     optim/LR (group 0)=3.14E-06
2026-09-15T04:38:55.941Z     optim/LR (group 1)=3.14E-06
2026-09-15T04:38:55.941Z     optim/step skipped=0.0
2026-09-15T04:38:55.941Z     optim/total grad norm=4.456
2026-09-15T04:38:55.941Z     throughput/chinchilla multiple=3.74E-05
2026-09-15T04:38:55.941Z     throughput/device/BPS=0.0813
2026-09-15T04:38:55.941Z     throughput/device/BPS (actual avg)=0.0293
2026-09-15T04:38:55.941Z     throughput/device/MFU=39.09
2026-09-15T04:38:55.941Z     throughput/device/MFU (actual avg)=14.09
2026-09-15T04:38:55.941Z     throughput/device/TPS=5,325
2026-09-15T04:38:55.941Z     throughput/device/TPS (actual avg)=1,919
2026-09-15T04:38:55.941Z     throughput/device/flopsPS=121.9T
2026-09-15T04:38:55.941Z     throughput/device/flopsPS (actual avg)=43.96T
2026-09-15T04:38:55.941Z     throughput/total petaflops=72.04
2026-09-15T04:38:55.941Z     throughput/total tokens=3,145,728
2026-09-15T04:38:55.941Z     train/CE loss=0.3239
2026-09-15T04:38:55.941Z     throughput/device/data loading (%)=0.0176
2026-09-15T04:38:55.941Z     throughput/device/data loading (s)=0.0022
2026-09-15T04:38:55.941Z     train/PPL=1.383
2026-09-15T04:39:08.731Z [2;36m[2026-09-15 04:39:08][0m [34mINFO    [0m [2m[olmo_core.train.callbacks.console_logger:68, 0f8858c49d67, rank=0][0m [step=25/61,epoch=1,eta=20m]
2026-09-15T04:39:08.731Z     gpu_memory/GPU active mem (%)=76.00
2026-09-15T04:39:08.731Z     gpu_memory/GPU active mem (GiB)=60.23
2026-09-15T04:39:08.731Z     gpu_memory/GPU reserved mem (%)=81.32
2026-09-15T04:39:08.731Z     gpu_memory/GPU reserved mem (GiB)=64.45
2026-09-15T04:39:08.731Z     optim/LR (group 0)=3.05E-06
2026-09-15T04:39:08.731Z     optim/LR (group 1)=3.05E-06
2026-09-15T04:39:08.731Z     optim/step skipped=0.0
2026-09-15T04:39:08.731Z     optim/total grad norm=4.869
2026-09-15T04:39:08.731Z     throughput/chinchilla multiple=3.90E-05
2026-09-15T04:39:08.731Z     throughput/device/BPS=0.0782
2026-09-15T04:39:08.731Z     throughput/device/BPS (actual avg)=0.0301
2026-09-15T04:39:08.731Z     throughput/device/MFU=37.61
2026-09-15T04:39:08.731Z     throughput/device/MFU (actual avg)=14.47
2026-09-15T04:39:08.731Z     throughput/device/TPS=5,124
2026-09-15T04:39:08.731Z     throughput/device/TPS (actual avg)=1,971
2026-09-15T04:39:08.731Z     throughput/device/flopsPS=117.3T
2026-09-15T04:39:08.731Z     throughput/device/flopsPS (actual avg)=45.14T
2026-09-15T04:39:08.731Z     throughput/total petaflops=75.04
2026-09-15T04:39:08.731Z     throughput/total tokens=3,276,800
2026-09-15T04:39:08.731Z     train/CE loss=0.3006
2026-09-15T04:39:08.731Z     throughput/device/data loading (%)=0.0179
2026-09-15T04:39:08.731Z     throughput/device/data loading (s)=0.0023
2026-09-15T04:39:08.731Z     train/PPL=1.351
2026-09-15T04:39:21.501Z [2;36m[2026-09-15 04:39:21][0m [34mINFO    [0m [2m[olmo_core.train.callbacks.console_logger:68, 0f8858c49d67, rank=0][0m [step=26/61,epoch=1,eta=19m]
2026-09-15T04:39:21.501Z     gpu_memory/GPU active mem (%)=76.00
2026-09-15T04:39:21.501Z     gpu_memory/GPU active mem (GiB)=60.23
2026-09-15T04:39:21.501Z     gpu_memory/GPU reserved mem (%)=81.32
2026-09-15T04:39:21.501Z     gpu_memory/GPU reserved mem (GiB)=64.45
2026-09-15T04:39:21.501Z     optim/LR (group 0)=2.97E-06
2026-09-15T04:39:21.501Z     optim/LR (group 1)=2.97E-06
2026-09-15T04:39:21.501Z     optim/step skipped=0.0
2026-09-15T04:39:21.501Z     optim/total grad norm=4.952
2026-09-15T04:39:21.501Z     throughput/chinchilla multiple=4.05E-05
2026-09-15T04:39:21.501Z     throughput/device/BPS=0.0783
2026-09-15T04:39:21.501Z     throughput/device/BPS (actual avg)=0.0308
2026-09-15T04:39:21.501Z     throughput/device/MFU=37.67
2026-09-15T04:39:21.501Z     throughput/device/MFU (actual avg)=14.83
2026-09-15T04:39:21.501Z     throughput/device/TPS=5,132
2026-09-15T04:39:21.501Z     throughput/device/TPS (actual avg)=2,020
2026-09-15T04:39:21.501Z     throughput/device/flopsPS=117.5T
2026-09-15T04:39:21.501Z     throughput/device/flopsPS (actual avg)=46.28T
2026-09-15T04:39:21.501Z     throughput/total petaflops=78.04
2026-09-15T04:39:21.501Z     throughput/total tokens=3,407,872
2026-09-15T04:39:21.501Z     train/CE loss=0.3048
2026-09-15T04:39:21.501Z     throughput/device/data loading (%)=0.0159
2026-09-15T04:39:21.501Z     throughput/device/data loading (s)=0.0020
2026-09-15T04:39:21.501Z     train/PPL=1.356
2026-09-15T04:39:34.142Z [2;36m[2026-09-15 04:39:34][0m [34mINFO    [0m [2m[olmo_core.train.callbacks.console_logger:68, 0f8858c49d67, rank=0][0m [step=27/61,epoch=1,eta=18m]
2026-09-15T04:39:34.142Z     gpu_memory/GPU active mem (%)=76.00
2026-09-15T04:39:34.142Z     gpu_memory/GPU active mem (GiB)=60.23
2026-09-15T04:39:34.142Z     gpu_memory/GPU reserved mem (%)=81.32
2026-09-15T04:39:34.142Z     gpu_memory/GPU reserved mem (GiB)=64.45
2026-09-15T04:39:34.142Z     optim/LR (group 0)=2.88E-06
2026-09-15T04:39:34.143Z     optim/LR (group 1)=2.88E-06
2026-09-15T04:39:34.143Z     optim/step skipped=0.0
2026-09-15T04:39:34.143Z     optim/total grad norm=4.803
2026-09-15T04:39:34.143Z     throughput/chinchilla multiple=4.21E-05
2026-09-15T04:39:34.143Z     throughput/device/BPS=0.0791
2026-09-15T04:39:34.143Z     throughput/device/BPS (actual avg)=0.0316
2026-09-15T04:39:34.143Z     throughput/device/MFU=38.05
2026-09-15T04:39:34.143Z     throughput/device/MFU (actual avg)=15.19
2026-09-15T04:39:34.143Z     throughput/device/TPS=5,183
2026-09-15T04:39:34.143Z     throughput/device/TPS (actual avg)=2,069
2026-09-15T04:39:34.143Z     throughput/device/flopsPS=118.7T
2026-09-15T04:39:34.143Z     throughput/device/flopsPS (actual avg)=47.39T
2026-09-15T04:39:34.143Z     throughput/total petaflops=81.04
2026-09-15T04:39:34.143Z     throughput/total tokens=3,538,944
2026-09-15T04:39:34.143Z     train/CE loss=0.2837
2026-09-15T04:39:34.143Z     throughput/device/data loading (%)=0.0194
2026-09-15T04:39:34.143Z     throughput/device/data loading (s)=0.0024
2026-09-15T04:39:34.143Z     train/PPL=1.328
2026-09-15T04:39:56.430Z [2;36m[2026-09-15 04:39:56][0m [33mWARNING [0m [2m[py.warnings:112, 0f8858c49d67, rank=0][0m /opt/conda/lib/python3.12/site-packages/liger_kernel/ops/fused_linear_cross_entropy.py:75: UserWarning: called a synchronizing CUDA operation (Triggered internally at /pytorch/c10/cuda/CUDAFunctions.cpp:162.)
2026-09-15T04:39:56.431Z   total_n_non_ignore = target_mask.sum().item()
2026-09-15T04:39:56.431Z 
2026-09-15T04:39:57.330Z [2;36m[2026-09-15 04:39:57][0m [33mWARNING [0m [2m[py.warnings:112, 0f8858c49d67, rank=0][0m /opt/conda/lib/python3.12/site-packages/liger_kernel/ops/fused_linear_cross_entropy.py:233: UserWarning: called a synchronizing CUDA operation (Triggered internally at /pytorch/c10/cuda/CUDAFunctions.cpp:162.)
2026-09-15T04:39:57.330Z   if not torch.equal(grad_output, torch.tensor(1.0, device=grad_output.device)):
2026-09-15T04:39:57.330Z 
2026-09-15T04:40:10.654Z [2;36m[2026-09-15 04:40:10][0m [33mWARNING [0m [2m[py.warnings:112, 0f8858c49d67, rank=0][0m /opt/conda/lib/python3.12/site-packages/torch/autograd/graph.py:841: UserWarning: called a synchronizing CUDA operation (Triggered internally at /pytorch/c10/cuda/CUDAFunctions.cpp:162.)
2026-09-15T04:40:10.654Z   return Variable._execution_engine.run_backward(  # Calls into the C++ engine to run the backward pass
2026-09-15T04:40:10.654Z 
2026-09-15T04:40:10.904Z [2;36m[2026-09-15 04:40:10][0m [33mWARNING [0m [2m[py.warnings:112, 0f8858c49d67, rank=0][0m /opt/conda/lib/python3.12/site-packages/torch/distributed/utils.py:106: UserWarning: called a synchronizing CUDA operation (Triggered internally at /pytorch/c10/cuda/CUDAFunctions.cpp:162.)
2026-09-15T04:40:10.904Z   return (obj.to(target_device),)
2026-09-15T04:40:10.904Z 
2026-09-15T04:40:10.906Z [2;36m[2026-09-15 04:40:10][0m [34mINFO    [0m [2m[olmo_core.train.callbacks.console_logger:68, 0f8858c49d67, rank=0][0m [step=28/61,epoch=1,eta=17m]
2026-09-15T04:40:10.906Z     gpu_memory/GPU active mem (%)=76.00
2026-09-15T04:40:10.906Z     gpu_memory/GPU active mem (GiB)=60.23
2026-09-15T04:40:10.906Z     gpu_memory/GPU reserved mem (%)=81.32
2026-09-15T04:40:10.906Z     gpu_memory/GPU reserved mem (GiB)=64.45
2026-09-15T04:40:10.906Z     optim/LR (group 0)=2.80E-06
2026-09-15T04:40:10.906Z     optim/LR (group 1)=2.80E-06
2026-09-15T04:40:10.906Z     optim/step skipped=0.0
2026-09-15T04:40:10.906Z     optim/total grad norm=6.393
2026-09-15T04:40:10.906Z     throughput/chinchilla multiple=4.36E-05
2026-09-15T04:40:10.906Z     throughput/device/BPS=0.0272
2026-09-15T04:40:10.906Z     throughput/device/BPS (actual avg)=0.0314
2026-09-15T04:40:10.906Z     throughput/device/MFU=13.08
2026-09-15T04:40:10.906Z     throughput/device/MFU (actual avg)=15.10
2026-09-15T04:40:10.906Z     throughput/device/TPS=1,782
2026-09-15T04:40:10.906Z     throughput/device/TPS (actual avg)=2,057
2026-09-15T04:40:10.906Z     throughput/device/flopsPS=40.82T
2026-09-15T04:40:10.906Z     throughput/device/flopsPS (actual avg)=47.11T
2026-09-15T04:40:10.906Z     throughput/total petaflops=84.04
2026-09-15T04:40:10.906Z     throughput/total tokens=3,670,016
2026-09-15T04:40:10.906Z     train/CE loss=0.3300
2026-09-15T04:40:10.906Z     throughput/device/data loading (%)=0.0047
2026-09-15T04:40:10.906Z     throughput/device/data loading (s)=0.0017
2026-09-15T04:40:10.906Z     train/PPL=1.391
2026-09-15T04:40:10.908Z [2;36m[2026-09-15 04:40:10][0m [33mWARNING [0m [2m[py.warnings:112, 0f8858c49d67, rank=0][0m /opt/conda/lib/python3.12/site-packages/olmo_core/nn/transformer/model.py:777: UserWarning: called a synchronizing CUDA operation (Triggered internally at /pytorch/c10/cuda/CUDAFunctions.cpp:162.)
2026-09-15T04:40:10.908Z   n_docs = int(chunk_ids.max().item()) + 1
2026-09-15T04:40:10.908Z 
2026-09-15T04:40:10.917Z [2;36m[2026-09-15 04:40:10][0m [33mWARNING [0m [2m[py.warnings:112, 0f8858c49d67, rank=0][0m /opt/conda/lib/python3.12/site-packages/olmo_core/nn/transformer/model.py:834: UserWarning: called a synchronizing CUDA operation (Triggered internally at /pytorch/c10/cuda/CUDAFunctions.cpp:162.)
2026-09-15T04:40:10.917Z   flat = (torch.arange(B, device=emb.device)[:, None] * n_docs + cid.clamp(min=0)).reshape(
2026-09-15T04:40:10.917Z 
2026-09-15T04:40:10.918Z [2;36m[2026-09-15 04:40:10][0m [33mWARNING [0m [2m[py.warnings:112, 0f8858c49d67, rank=0][0m /opt/conda/lib/python3.12/site-packages/olmo_core/nn/transformer/model.py:838: UserWarning: called a synchronizing CUDA operation (Triggered internally at /pytorch/c10/cuda/CUDAFunctions.cpp:162.)
2026-09-15T04:40:10.918Z   0, flat, emb.reshape(B * T, D)[is_ctx.reshape(-1)]
2026-09-15T04:40:10.918Z 
2026-09-15T04:40:10.926Z [2;36m[2026-09-15 04:40:10][0m [33mWARNING [0m [2m[py.warnings:112, 0f8858c49d67, rank=0][0m /opt/conda/lib/python3.12/site-packages/olmo_core/nn/pooled_soft_token.py:173: UserWarning: called a synchronizing CUDA operation (Triggered internally at /pytorch/c10/cuda/CUDAFunctions.cpp:162.)
2026-09-15T04:40:10.926Z   kept_idx = kept_tok.nonzero(as_tuple=True)[0]
2026-09-15T04:40:10.926Z 
2026-09-15T04:40:10.926Z [2;36m[2026-09-15 04:40:10][0m [33mWARNING [0m [2m[py.warnings:112, 0f8858c49d67, rank=0][0m /opt/conda/lib/python3.12/site-packages/olmo_core/nn/pooled_soft_token.py:179: UserWarning: called a synchronizing CUDA operation (Triggered internally at /pytorch/c10/cuda/CUDAFunctions.cpp:162.)
2026-09-15T04:40:10.926Z   if is_ctx.any():
2026-09-15T04:40:10.926Z 
2026-09-15T04:40:10.927Z [2;36m[2026-09-15 04:40:10][0m [33mWARNING [0m [2m[py.warnings:112, 0f8858c49d67, rank=0][0m /opt/conda/lib/python3.12/site-packages/olmo_core/nn/pooled_soft_token.py:180: UserWarning: called a synchronizing CUDA operation (Triggered internally at /pytorch/c10/cuda/CUDAFunctions.cpp:162.)
2026-09-15T04:40:10.927Z   d_ix = c[is_ctx]
2026-09-15T04:40:10.927Z 
2026-09-15T04:40:10.927Z [2;36m[2026-09-15 04:40:10][0m [33mWARNING [0m [2m[py.warnings:112, 0f8858c49d67, rank=0][0m /opt/conda/lib/python3.12/site-packages/olmo_core/nn/pooled_soft_token.py:181: UserWarning: called a synchronizing CUDA operation (Triggered internally at /pytorch/c10/cuda/CUDAFunctions.cpp:162.)
2026-09-15T04:40:10.927Z   pos_ix = is_ctx.nonzero(as_tuple=True)[0]
2026-09-15T04:40:10.927Z 
2026-09-15T04:40:10.928Z [2;36m[2026-09-15 04:40:10][0m [33mWARNING [0m [2m[py.warnings:112, 0f8858c49d67, rank=0][0m /opt/conda/lib/python3.12/site-packages/olmo_core/nn/pooled_soft_token.py:186: UserWarning: called a synchronizing CUDA operation (Triggered internally at /pytorch/c10/cuda/CUDAFunctions.cpp:162.)
2026-09-15T04:40:10.928Z   pooled_docs = pooled.nonzero(as_tuple=True)[0]
2026-09-15T04:40:10.928Z 
2026-09-15T04:40:10.929Z [2;36m[2026-09-15 04:40:10][0m [33mWARNING [0m [2m[py.warnings:112, 0f8858c49d67, rank=0][0m /opt/conda/lib/python3.12/site-packages/olmo_core/nn/pooled_soft_token.py:217: UserWarning: called a synchronizing CUDA operation (Triggered internally at /pytorch/c10/cuda/CUDAFunctions.cpp:162.)
2026-09-15T04:40:10.929Z   doc_len = torch.bincount(c[is_ctx], minlength=n_docs) if is_ctx.any() else torch.zeros(n_docs, dtype=torch.long, device=device)
2026-09-15T04:40:10.929Z 
2026-09-15T04:40:10.929Z [2;36m[2026-09-15 04:40:10][0m [33mWARNING [0m [2m[py.warnings:112, 0f8858c49d67, rank=0][0m /opt/conda/lib/python3.12/site-packages/olmo_core/nn/pooled_soft_token.py:222: UserWarning: called a synchronizing CUDA operation (Triggered internally at /pytorch/c10/cuda/CUDAFunctions.cpp:162.)
2026-09-15T04:40:10.929Z   soft_cols_b = soft_mask.nonzero(as_tuple=True)[0]
2026-09-15T04:40:10.929Z 
2026-09-15T04:40:10.930Z [2;36m[2026-09-15 04:40:10][0m [33mWARNING [0m [2m[py.warnings:112, 0f8858c49d67, rank=0][0m /opt/conda/lib/python3.12/site-packages/olmo_core/nn/pooled_soft_token.py:226: UserWarning: called a synchronizing CUDA operation (Triggered internally at /pytorch/c10/cuda/CUDAFunctions.cpp:162.)
2026-09-15T04:40:10.930Z   cols_l = soft_cols_b.tolist()
2026-09-15T04:40:10.930Z 
2026-09-15T04:40:10.930Z [2;36m[2026-09-15 04:40:10][0m [33mWARNING [0m [2m[py.warnings:112, 0f8858c49d67, rank=0][0m /opt/conda/lib/python3.12/site-packages/olmo_core/nn/pooled_soft_token.py:229: UserWarning: called a synchronizing CUDA operation (Triggered internally at /pytorch/c10/cuda/CUDAFunctions.cpp:162.)
2026-09-15T04:40:10.930Z   soft_docs += docs_b.tolist()
2026-09-15T04:40:10.930Z 
2026-09-15T04:40:10.931Z [2;36m[2026-09-15 04:40:10][0m [33mWARNING [0m [2m[py.warnings:112, 0f8858c49d67, rank=0][0m /opt/conda/lib/python3.12/site-packages/olmo_core/nn/pooled_soft_token.py:230: UserWarning: called a synchronizing CUDA operation (Triggered internally at /pytorch/c10/cuda/CUDAFunctions.cpp:162.)
2026-09-15T04:40:10.931Z   soft_log_len += lens_b.tolist()
2026-09-15T04:40:10.931Z 
2026-09-15T04:40:10.933Z [2;36m[2026-09-15 04:40:10][0m [33mWARNING [0m [2m[py.warnings:112, 0f8858c49d67, rank=0][0m /opt/conda/lib/python3.12/site-packages/olmo_core/nn/pooled_soft_token.py:280: UserWarning: called a synchronizing CUDA operation (Triggered internally at /pytorch/c10/cuda/CUDAFunctions.cpp:162.)
2026-09-15T04:40:10.933Z   row_lens[b] = L
2026-09-15T04:40:10.933Z 
2026-09-15T04:40:10.933Z [2;36m[2026-09-15 04:40:10][0m [33mWARNING [0m [2m[py.warnings:112, 0f8858c49d67, rank=0][0m /opt/conda/lib/python3.12/site-packages/olmo_core/nn/pooled_soft_token.py:297: UserWarning: called a synchronizing CUDA operation (Triggered internally at /pytorch/c10/cuda/CUDAFunctions.cpp:162.)
2026-09-15T04:40:10.933Z   soft_rows=torch.tensor(soft_rows, dtype=torch.long, device=device),
2026-09-15T04:40:10.934Z 
2026-09-15T04:40:10.934Z [2;36m[2026-09-15 04:40:10][0m [33mWARNING [0m [2m[py.warnings:112, 0f8858c49d67, rank=0][0m /opt/conda/lib/python3.12/site-packages/olmo_core/nn/pooled_soft_token.py:298: UserWarning: called a synchronizing CUDA operation (Triggered internally at /pytorch/c10/cuda/CUDAFunctions.cpp:162.)
2026-09-15T04:40:10.934Z   soft_cols=torch.tensor(soft_cols, dtype=torch.long, device=device),
2026-09-15T04:40:10.934Z 
2026-09-15T04:40:10.934Z [2;36m[2026-09-15 04:40:10][0m [33mWARNING [0m [2m[py.warnings:112, 0f8858c49d67, rank=0][0m /opt/conda/lib/python3.12/site-packages/olmo_core/nn/pooled_soft_token.py:299: UserWarning: called a synchronizing CUDA operation (Triggered internally at /pytorch/c10/cuda/CUDAFunctions.cpp:162.)
2026-09-15T04:40:10.934Z   soft_docs=torch.tensor(soft_docs, dtype=torch.long, device=device),
2026-09-15T04:40:10.934Z 
2026-09-15T04:40:10.935Z [2;36m[2026-09-15 04:40:10][0m [33mWARNING [0m [2m[py.warnings:112, 0f8858c49d67, rank=0][0m /opt/conda/lib/python3.12/site-packages/olmo_core/nn/pooled_soft_token.py:301: UserWarning: called a synchronizing CUDA operation (Triggered internally at /pytorch/c10/cuda/CUDAFunctions.cpp:162.)
2026-09-15T04:40:10.935Z   soft_log_len=torch.tensor(soft_log_len, dtype=torch.float32, device=device),
2026-09-15T04:40:10.935Z 
2026-09-15T04:40:10.936Z [2;36m[2026-09-15 04:40:10][0m [33mWARNING [0m [2m[py.warnings:112, 0f8858c49d67, rank=0][0m /opt/conda/lib/python3.12/site-packages/olmo_core/nn/transformer/model.py:1502: UserWarning: called a synchronizing CUDA operation (Triggered internally at /pytorch/c10/cuda/CUDAFunctions.cpp:162.)
2026-09-15T04:40:10.936Z   kv_grad_mask[cb.soft_rows, cb.soft_cols] = False
2026-09-15T04:40:10.936Z 
2026-09-15T04:40:11.126Z [2;36m[2026-09-15 04:40:11][0m [33mWARNING [0m [2m[py.warnings:112, 0f8858c49d67, rank=0][0m /opt/conda/lib/python3.12/site-packages/liger_kernel/ops/fused_linear_cross_entropy.py:75: UserWarning: called a synchronizing CUDA operation (Triggered internally at /pytorch/c10/cuda/CUDAFunctions.cpp:162.)
2026-09-15T04:40:11.126Z   total_n_non_ignore = target_mask.sum().item()
2026-09-15T04:40:11.126Z 
2026-09-15T04:40:12.052Z [2;36m[2026-09-15 04:40:12][0m [33mWARNING [0m [2m[py.warnings:112, 0f8858c49d67, rank=0][0m /opt/conda/lib/python3.12/site-packages/liger_kernel/ops/fused_linear_cross_entropy.py:233: UserWarning: called a synchronizing CUDA operation (Triggered internally at /pytorch/c10/cuda/CUDAFunctions.cpp:162.)
2026-09-15T04:40:12.052Z   if not torch.equal(grad_output, torch.tensor(1.0, device=grad_output.device)):
2026-09-15T04:40:12.052Z 
2026-09-15T04:40:32.999Z [2;36m[2026-09-15 04:40:32][0m [33mWARNING [0m [2m[py.warnings:112, 0f8858c49d67, rank=1][0m /opt/conda/lib/python3.12/site-packages/liger_kernel/ops/fused_linear_cross_entropy.py:75: UserWarning: called a synchronizing CUDA operation (Triggered internally at /pytorch/c10/cuda/CUDAFunctions.cpp:162.)
2026-09-15T04:40:32.999Z   total_n_non_ignore = target_mask.sum().item()
2026-09-15T04:40:32.999Z 
2026-09-15T04:40:33.543Z [2;36m[2026-09-15 04:40:33][0m [33mWARNING [0m [2m[py.warnings:112, 0f8858c49d67, rank=1][0m /opt/conda/lib/python3.12/site-packages/liger_kernel/ops/fused_linear_cross_entropy.py:233: UserWarning: called a synchronizing CUDA operation (Triggered internally at /pytorch/c10/cuda/CUDAFunctions.cpp:162.)
2026-09-15T04:40:33.543Z   if not torch.equal(grad_output, torch.tensor(1.0, device=grad_output.device)):
2026-09-15T04:40:33.543Z 
2026-09-15T04:40:47.012Z [2;36m[2026-09-15 04:40:47][0m [33mWARNING [0m [2m[py.warnings:112, 0f8858c49d67, rank=1][0m /opt/conda/lib/python3.12/site-packages/torch/autograd/graph.py:841: UserWarning: called a synchronizing CUDA operation (Triggered internally at /pytorch/c10/cuda/CUDAFunctions.cpp:162.)
2026-09-15T04:40:47.012Z   return Variable._execution_engine.run_backward(  # Calls into the C++ engine to run the backward pass
2026-09-15T04:40:47.012Z 
2026-09-15T04:40:47.264Z [2;36m[2026-09-15 04:40:47][0m [33mWARNING [0m [2m[py.warnings:112, 0f8858c49d67, rank=1][0m /opt/conda/lib/python3.12/site-packages/torch/distributed/utils.py:106: UserWarning: called a synchronizing CUDA operation (Triggered internally at /pytorch/c10/cuda/CUDAFunctions.cpp:162.)
2026-09-15T04:40:47.264Z   return (obj.to(target_device),)
2026-09-15T04:40:47.264Z 
2026-09-15T04:40:47.265Z [2;36m[2026-09-15 04:40:47][0m [34mINFO    [0m [2m[olmo_core.train.callbacks.console_logger:68, 0f8858c49d67, rank=0][0m [step=29/61,epoch=1,eta=17m]
2026-09-15T04:40:47.265Z     gpu_memory/GPU active mem (%)=76.00
2026-09-15T04:40:47.265Z     gpu_memory/GPU active mem (GiB)=60.23
2026-09-15T04:40:47.265Z     gpu_memory/GPU reserved mem (%)=81.32
2026-09-15T04:40:47.265Z     gpu_memory/GPU reserved mem (GiB)=64.45
2026-09-15T04:40:47.265Z     optim/LR (group 0)=2.71E-06
2026-09-15T04:40:47.265Z     optim/LR (group 1)=2.71E-06
2026-09-15T04:40:47.265Z     optim/step skipped=0.0
2026-09-15T04:40:47.265Z     optim/total grad norm=15.72
2026-09-15T04:40:47.265Z     throughput/chinchilla multiple=4.52E-05
2026-09-15T04:40:47.265Z     throughput/device/BPS=0.0275
2026-09-15T04:40:47.265Z     throughput/device/BPS (actual avg)=0.0312
2026-09-15T04:40:47.265Z     throughput/device/MFU=13.23
2026-09-15T04:40:47.265Z     throughput/device/MFU (actual avg)=15.02
2026-09-15T04:40:47.265Z     throughput/device/TPS=1,802
2026-09-15T04:40:47.265Z     throughput/device/TPS (actual avg)=2,046
2026-09-15T04:40:47.265Z     throughput/device/flopsPS=41.27T
2026-09-15T04:40:47.265Z     throughput/device/flopsPS (actual avg)=46.87T
2026-09-15T04:40:47.265Z     throughput/total petaflops=87.04
2026-09-15T04:40:47.265Z     throughput/total tokens=3,801,088
2026-09-15T04:40:47.265Z     train/CE loss=0.3046
2026-09-15T04:40:47.265Z     throughput/device/data loading (%)=0.0064
2026-09-15T04:40:47.265Z     throughput/device/data loading (s)=0.0023
2026-09-15T04:40:47.265Z     train/PPL=1.356
2026-09-15T04:40:47.276Z [2;36m[2026-09-15 04:40:47][0m [33mWARNING [0m [2m[py.warnings:112, 0f8858c49d67, rank=1][0m /opt/conda/lib/python3.12/site-packages/olmo_core/nn/transformer/model.py:834: UserWarning: called a synchronizing CUDA operation (Triggered internally at /pytorch/c10/cuda/CUDAFunctions.cpp:162.)
2026-09-15T04:40:47.276Z   flat = (torch.arange(B, device=emb.device)[:, None] * n_docs + cid.clamp(min=0)).reshape(
2026-09-15T04:40:47.276Z 
2026-09-15T04:40:47.277Z [2;36m[2026-09-15 04:40:47][0m [33mWARNING [0m [2m[py.warnings:112, 0f8858c49d67, rank=1][0m /opt/conda/lib/python3.12/site-packages/olmo_core/nn/transformer/model.py:838: UserWarning: called a synchronizing CUDA operation (Triggered internally at /pytorch/c10/cuda/CUDAFunctions.cpp:162.)
2026-09-15T04:40:47.277Z   0, flat, emb.reshape(B * T, D)[is_ctx.reshape(-1)]
2026-09-15T04:40:47.277Z 
2026-09-15T04:40:47.286Z [2;36m[2026-09-15 04:40:47][0m [33mWARNING [0m [2m[py.warnings:112, 0f8858c49d67, rank=1][0m /opt/conda/lib/python3.12/site-packages/olmo_core/nn/pooled_soft_token.py:173: UserWarning: called a synchronizing CUDA operation (Triggered internally at /pytorch/c10/cuda/CUDAFunctions.cpp:162.)
2026-09-15T04:40:47.286Z   kept_idx = kept_tok.nonzero(as_tuple=True)[0]
2026-09-15T04:40:47.286Z 
2026-09-15T04:40:47.286Z [2;36m[2026-09-15 04:40:47][0m [33mWARNING [0m [2m[py.warnings:112, 0f8858c49d67, rank=1][0m /opt/conda/lib/python3.12/site-packages/olmo_core/nn/pooled_soft_token.py:179: UserWarning: called a synchronizing CUDA operation (Triggered internally at /pytorch/c10/cuda/CUDAFunctions.cpp:162.)
2026-09-15T04:40:47.286Z   if is_ctx.any():
2026-09-15T04:40:47.286Z 
2026-09-15T04:40:47.287Z [2;36m[2026-09-15 04:40:47][0m [33mWARNING [0m [2m[py.warnings:112, 0f8858c49d67, rank=1][0m /opt/conda/lib/python3.12/site-packages/olmo_core/nn/pooled_soft_token.py:180: UserWarning: called a synchronizing CUDA operation (Triggered internally at /pytorch/c10/cuda/CUDAFunctions.cpp:162.)
2026-09-15T04:40:47.287Z   d_ix = c[is_ctx]
2026-09-15T04:40:47.287Z 
2026-09-15T04:40:47.287Z [2;36m[2026-09-15 04:40:47][0m [33mWARNING [0m [2m[py.warnings:112, 0f8858c49d67, rank=1][0m /opt/conda/lib/python3.12/site-packages/olmo_core/nn/pooled_soft_token.py:181: UserWarning: called a synchronizing CUDA operation (Triggered internally at /pytorch/c10/cuda/CUDAFunctions.cpp:162.)
2026-09-15T04:40:47.287Z   pos_ix = is_ctx.nonzero(as_tuple=True)[0]
2026-09-15T04:40:47.287Z 
2026-09-15T04:40:47.288Z [2;36m[2026-09-15 04:40:47][0m [33mWARNING [0m [2m[py.warnings:112, 0f8858c49d67, rank=1][0m /opt/conda/lib/python3.12/site-packages/olmo_core/nn/pooled_soft_token.py:186: UserWarning: called a synchronizing CUDA operation (Triggered internally at /pytorch/c10/cuda/CUDAFunctions.cpp:162.)
2026-09-15T04:40:47.288Z   pooled_docs = pooled.nonzero(as_tuple=True)[0]
2026-09-15T04:40:47.288Z 
2026-09-15T04:40:47.289Z [2;36m[2026-09-15 04:40:47][0m [33mWARNING [0m [2m[py.warnings:112, 0f8858c49d67, rank=1][0m /opt/conda/lib/python3.12/site-packages/olmo_core/nn/pooled_soft_token.py:217: UserWarning: called a synchronizing CUDA operation (Triggered internally at /pytorch/c10/cuda/CUDAFunctions.cpp:162.)
2026-09-15T04:40:47.289Z   doc_len = torch.bincount(c[is_ctx], minlength=n_docs) if is_ctx.any() else torch.zeros(n_docs, dtype=torch.long, device=device)
2026-09-15T04:40:47.289Z 
2026-09-15T04:40:47.290Z [2;36m[2026-09-15 04:40:47][0m [33mWARNING [0m [2m[py.warnings:112, 0f8858c49d67, rank=1][0m /opt/conda/lib/python3.12/site-packages/olmo_core/nn/pooled_soft_token.py:222: UserWarning: called a synchronizing CUDA operation (Triggered internally at /pytorch/c10/cuda/CUDAFunctions.cpp:162.)
2026-09-15T04:40:47.290Z   soft_cols_b = soft_mask.nonzero(as_tuple=True)[0]
2026-09-15T04:40:47.290Z 
2026-09-15T04:40:47.290Z [2;36m[2026-09-15 04:40:47][0m [33mWARNING [0m [2m[py.warnings:112, 0f8858c49d67, rank=1][0m /opt/conda/lib/python3.12/site-packages/olmo_core/nn/pooled_soft_token.py:226: UserWarning: called a synchronizing CUDA operation (Triggered internally at /pytorch/c10/cuda/CUDAFunctions.cpp:162.)
2026-09-15T04:40:47.290Z   cols_l = soft_cols_b.tolist()
2026-09-15T04:40:47.290Z 
2026-09-15T04:40:47.291Z [2;36m[2026-09-15 04:40:47][0m [33mWARNING [0m [2m[py.warnings:112, 0f8858c49d67, rank=1][0m /opt/conda/lib/python3.12/site-packages/olmo_core/nn/pooled_soft_token.py:229: UserWarning: called a synchronizing CUDA operation (Triggered internally at /pytorch/c10/cuda/CUDAFunctions.cpp:162.)
2026-09-15T04:40:47.291Z   soft_docs += docs_b.tolist()
2026-09-15T04:40:47.291Z 
2026-09-15T04:40:47.291Z [2;36m[2026-09-15 04:40:47][0m [33mWARNING [0m [2m[py.warnings:112, 0f8858c49d67, rank=1][0m /opt/conda/lib/python3.12/site-packages/olmo_core/nn/pooled_soft_token.py:230: UserWarning: called a synchronizing CUDA operation (Triggered internally at /pytorch/c10/cuda/CUDAFunctions.cpp:162.)
2026-09-15T04:40:47.291Z   soft_log_len += lens_b.tolist()
2026-09-15T04:40:47.291Z 
2026-09-15T04:40:47.293Z [2;36m[2026-09-15 04:40:47][0m [33mWARNING [0m [2m[py.warnings:112, 0f8858c49d67, rank=1][0m /opt/conda/lib/python3.12/site-packages/olmo_core/nn/pooled_soft_token.py:280: UserWarning: called a synchronizing CUDA operation (Triggered internally at /pytorch/c10/cuda/CUDAFunctions.cpp:162.)
2026-09-15T04:40:47.293Z   row_lens[b] = L
2026-09-15T04:40:47.293Z 
2026-09-15T04:40:47.293Z [2;36m[2026-09-15 04:40:47][0m [33mWARNING [0m [2m[py.warnings:112, 0f8858c49d67, rank=1][0m /opt/conda/lib/python3.12/site-packages/olmo_core/nn/pooled_soft_token.py:297: UserWarning: called a synchronizing CUDA operation (Triggered internally at /pytorch/c10/cuda/CUDAFunctions.cpp:162.)
2026-09-15T04:40:47.293Z   soft_rows=torch.tensor(soft_rows, dtype=torch.long, device=device),
2026-09-15T04:40:47.293Z 
2026-09-15T04:40:47.294Z [2;36m[2026-09-15 04:40:47][0m [33mWARNING [0m [2m[py.warnings:112, 0f8858c49d67, rank=1][0m /opt/conda/lib/python3.12/site-packages/olmo_core/nn/pooled_soft_token.py:298: UserWarning: called a synchronizing CUDA operation (Triggered internally at /pytorch/c10/cuda/CUDAFunctions.cpp:162.)
2026-09-15T04:40:47.294Z   soft_cols=torch.tensor(soft_cols, dtype=torch.long, device=device),
2026-09-15T04:40:47.294Z 
2026-09-15T04:40:47.294Z [2;36m[2026-09-15 04:40:47][0m [33mWARNING [0m [2m[py.warnings:112, 0f8858c49d67, rank=1][0m /opt/conda/lib/python3.12/site-packages/olmo_core/nn/pooled_soft_token.py:299: UserWarning: called a synchronizing CUDA operation (Triggered internally at /pytorch/c10/cuda/CUDAFunctions.cpp:162.)
2026-09-15T04:40:47.294Z   soft_docs=torch.tensor(soft_docs, dtype=torch.long, device=device),
2026-09-15T04:40:47.294Z 
2026-09-15T04:40:47.294Z [2;36m[2026-09-15 04:40:47][0m [33mWARNING [0m [2m[py.warnings:112, 0f8858c49d67, rank=1][0m /opt/conda/lib/python3.12/site-packages/olmo_core/nn/pooled_soft_token.py:301: UserWarning: called a synchronizing CUDA operation (Triggered internally at /pytorch/c10/cuda/CUDAFunctions.cpp:162.)
2026-09-15T04:40:47.294Z   soft_log_len=torch.tensor(soft_log_len, dtype=torch.float32, device=device),
2026-09-15T04:40:47.294Z 
2026-09-15T04:40:47.295Z [2;36m[2026-09-15 04:40:47][0m [33mWARNING [0m [2m[py.warnings:112, 0f8858c49d67, rank=1][0m /opt/conda/lib/python3.12/site-packages/olmo_core/nn/transformer/model.py:1502: UserWarning: called a synchronizing CUDA operation (Triggered internally at /pytorch/c10/cuda/CUDAFunctions.cpp:162.)
2026-09-15T04:40:47.295Z   kv_grad_mask[cb.soft_rows, cb.soft_cols] = False
2026-09-15T04:40:47.295Z 
2026-09-15T04:40:47.461Z [2;36m[2026-09-15 04:40:47][0m [33mWARNING [0m [2m[py.warnings:112, 0f8858c49d67, rank=1][0m /opt/conda/lib/python3.12/site-packages/liger_kernel/ops/fused_linear_cross_entropy.py:75: UserWarning: called a synchronizing CUDA operation (Triggered internally at /pytorch/c10/cuda/CUDAFunctions.cpp:162.)
2026-09-15T04:40:47.461Z   total_n_non_ignore = target_mask.sum().item()
2026-09-15T04:40:47.461Z 
2026-09-15T04:40:48.296Z [2;36m[2026-09-15 04:40:48][0m [33mWARNING [0m [2m[py.warnings:112, 0f8858c49d67, rank=1][0m /opt/conda/lib/python3.12/site-packages/liger_kernel/ops/fused_linear_cross_entropy.py:233: UserWarning: called a synchronizing CUDA operation (Triggered internally at /pytorch/c10/cuda/CUDAFunctions.cpp:162.)
2026-09-15T04:40:48.296Z   if not torch.equal(grad_output, torch.tensor(1.0, device=grad_output.device)):
2026-09-15T04:40:48.296Z 
2026-09-15T04:40:48.764Z [2;36m[2026-09-15 04:40:48][0m [33mWARNING [0m [2m[py.warnings:112, 0f8858c49d67, rank=1][0m /opt/conda/lib/python3.12/site-packages/olmo_core/nn/transformer/model.py:777: UserWarning: called a synchronizing CUDA operation (Triggered internally at /pytorch/c10/cuda/CUDAFunctions.cpp:162.)
2026-09-15T04:40:48.764Z   n_docs = int(chunk_ids.max().item()) + 1
2026-09-15T04:40:48.764Z 
2026-09-15T04:40:58.503Z [2;36m[2026-09-15 04:40:58][0m [33mWARNING [0m [2m[py.warnings:112, 0f8858c49d67, rank=1][0m /opt/conda/lib/python3.12/site-packages/torch/autograd/graph.py:841: UserWarning: called a synchronizing CUDA operation (Triggered internally at /pytorch/c10/cuda/CUDAFunctions.cpp:162.)
2026-09-15T04:40:58.503Z   return Variable._execution_engine.run_backward(  # Calls into the C++ engine to run the backward pass
2026-09-15T04:40:58.503Z 
2026-09-15T04:40:58.519Z [2;36m[2026-09-15 04:40:58][0m [33mWARNING [0m [2m[py.warnings:112, 0f8858c49d67, rank=1][0m /opt/conda/lib/python3.12/site-packages/torch/distributed/utils.py:106: UserWarning: called a synchronizing CUDA operation (Triggered internally at /pytorch/c10/cuda/CUDAFunctions.cpp:162.)
2026-09-15T04:40:58.519Z   return (obj.to(target_device),)
2026-09-15T04:40:58.519Z 
2026-09-15T04:40:58.529Z [2;36m[2026-09-15 04:40:58][0m [33mWARNING [0m [2m[py.warnings:112, 0f8858c49d67, rank=1][0m /opt/conda/lib/python3.12/site-packages/olmo_core/nn/transformer/model.py:777: UserWarning: called a synchronizing CUDA operation (Triggered internally at /pytorch/c10/cuda/CUDAFunctions.cpp:162.)
2026-09-15T04:40:58.529Z   n_docs = int(chunk_ids.max().item()) + 1
2026-09-15T04:40:58.529Z 
2026-09-15T04:40:58.538Z [2;36m[2026-09-15 04:40:58][0m [33mWARNING [0m [2m[py.warnings:112, 0f8858c49d67, rank=1][0m /opt/conda/lib/python3.12/site-packages/olmo_core/nn/transformer/model.py:834: UserWarning: called a synchronizing CUDA operation (Triggered internally at /pytorch/c10/cuda/CUDAFunctions.cpp:162.)
2026-09-15T04:40:58.538Z   flat = (torch.arange(B, device=emb.device)[:, None] * n_docs + cid.clamp(min=0)).reshape(
2026-09-15T04:40:58.538Z 
2026-09-15T04:40:58.538Z [2;36m[2026-09-15 04:40:58][0m [33mWARNING [0m [2m[py.warnings:112, 0f8858c49d67, rank=1][0m /opt/conda/lib/python3.12/site-packages/olmo_core/nn/transformer/model.py:838: UserWarning: called a synchronizing CUDA operation (Triggered internally at /pytorch/c10/cuda/CUDAFunctions.cpp:162.)
2026-09-15T04:40:58.538Z   0, flat, emb.reshape(B * T, D)[is_ctx.reshape(-1)]
2026-09-15T04:40:58.538Z 
2026-09-15T04:40:58.545Z [2;36m[2026-09-15 04:40:58][0m [33mWARNING [0m [2m[py.warnings:112, 0f8858c49d67, rank=1][0m /opt/conda/lib/python3.12/site-packages/olmo_core/nn/pooled_soft_token.py:173: UserWarning: called a synchronizing CUDA operation (Triggered internally at /pytorch/c10/cuda/CUDAFunctions.cpp:162.)
2026-09-15T04:40:58.545Z   kept_idx = kept_tok.nonzero(as_tuple=True)[0]
2026-09-15T04:40:58.545Z 
2026-09-15T04:40:58.546Z [2;36m[2026-09-15 04:40:58][0m [33mWARNING [0m [2m[py.warnings:112, 0f8858c49d67, rank=1][0m /opt/conda/lib/python3.12/site-packages/olmo_core/nn/pooled_soft_token.py:179: UserWarning: called a synchronizing CUDA operation (Triggered internally at /pytorch/c10/cuda/CUDAFunctions.cpp:162.)
2026-09-15T04:40:58.546Z   if is_ctx.any():
2026-09-15T04:40:58.546Z 
2026-09-15T04:40:58.546Z [2;36m[2026-09-15 04:40:58][0m [33mWARNING [0m [2m[py.warnings:112, 0f8858c49d67, rank=1][0m /opt/conda/lib/python3.12/site-packages/olmo_core/nn/pooled_soft_token.py:180: UserWarning: called a synchronizing CUDA operation (Triggered internally at /pytorch/c10/cuda/CUDAFunctions.cpp:162.)
2026-09-15T04:40:58.546Z   d_ix = c[is_ctx]
2026-09-15T04:40:58.546Z 
2026-09-15T04:40:58.546Z [2;36m[2026-09-15 04:40:58][0m [33mWARNING [0m [2m[py.warnings:112, 0f8858c49d67, rank=1][0m /opt/conda/lib/python3.12/site-packages/olmo_core/nn/pooled_soft_token.py:181: UserWarning: called a synchronizing CUDA operation (Triggered internally at /pytorch/c10/cuda/CUDAFunctions.cpp:162.)
2026-09-15T04:40:58.546Z   pos_ix = is_ctx.nonzero(as_tuple=True)[0]
2026-09-15T04:40:58.546Z 
2026-09-15T04:40:58.547Z [2;36m[2026-09-15 04:40:58][0m [33mWARNING [0m [2m[py.warnings:112, 0f8858c49d67, rank=1][0m /opt/conda/lib/python3.12/site-packages/olmo_core/nn/pooled_soft_token.py:186: UserWarning: called a synchronizing CUDA operation (Triggered internally at /pytorch/c10/cuda/CUDAFunctions.cpp:162.)
2026-09-15T04:40:58.547Z   pooled_docs = pooled.nonzero(as_tuple=True)[0]
2026-09-15T04:40:58.547Z 
2026-09-15T04:40:58.548Z [2;36m[2026-09-15 04:40:58][0m [33mWARNING [0m [2m[py.warnings:112, 0f8858c49d67, rank=1][0m /opt/conda/lib/python3.12/site-packages/olmo_core/nn/pooled_soft_token.py:217: UserWarning: called a synchronizing CUDA operation (Triggered internally at /pytorch/c10/cuda/CUDAFunctions.cpp:162.)
2026-09-15T04:40:58.548Z   doc_len = torch.bincount(c[is_ctx], minlength=n_docs) if is_ctx.any() else torch.zeros(n_docs, dtype=torch.long, device=device)
2026-09-15T04:40:58.548Z 
2026-09-15T04:40:58.548Z [2;36m[2026-09-15 04:40:58][0m [33mWARNING [0m [2m[py.warnings:112, 0f8858c49d67, rank=1][0m /opt/conda/lib/python3.12/site-packages/olmo_core/nn/pooled_soft_token.py:222: UserWarning: called a synchronizing CUDA operation (Triggered internally at /pytorch/c10/cuda/CUDAFunctions.cpp:162.)
2026-09-15T04:40:58.548Z   soft_cols_b = soft_mask.nonzero(as_tuple=True)[0]
2026-09-15T04:40:58.548Z 
2026-09-15T04:40:58.549Z [2;36m[2026-09-15 04:40:58][0m [33mWARNING [0m [2m[py.warnings:112, 0f8858c49d67, rank=1][0m /opt/conda/lib/python3.12/site-packages/olmo_core/nn/pooled_soft_token.py:226: UserWarning: called a synchronizing CUDA operation (Triggered internally at /pytorch/c10/cuda/CUDAFunctions.cpp:162.)
2026-09-15T04:40:58.549Z   cols_l = soft_cols_b.tolist()
2026-09-15T04:40:58.549Z 
2026-09-15T04:40:58.549Z [2;36m[2026-09-15 04:40:58][0m [33mWARNING [0m [2m[py.warnings:112, 0f8858c49d67, rank=1][0m /opt/conda/lib/python3.12/site-packages/olmo_core/nn/pooled_soft_token.py:229: UserWarning: called a synchronizing CUDA operation (Triggered internally at /pytorch/c10/cuda/CUDAFunctions.cpp:162.)
2026-09-15T04:40:58.549Z   soft_docs += docs_b.tolist()
2026-09-15T04:40:58.549Z 
2026-09-15T04:40:58.549Z [2;36m[2026-09-15 04:40:58][0m [33mWARNING [0m [2m[py.warnings:112, 0f8858c49d67, rank=1][0m /opt/conda/lib/python3.12/site-packages/olmo_core/nn/pooled_soft_token.py:230: UserWarning: called a synchronizing CUDA operation (Triggered internally at /pytorch/c10/cuda/CUDAFunctions.cpp:162.)
2026-09-15T04:40:58.549Z   soft_log_len += lens_b.tolist()
2026-09-15T04:40:58.549Z 
2026-09-15T04:40:58.551Z [2;36m[2026-09-15 04:40:58][0m [33mWARNING [0m [2m[py.warnings:112, 0f8858c49d67, rank=1][0m /opt/conda/lib/python3.12/site-packages/olmo_core/nn/pooled_soft_token.py:280: UserWarning: called a synchronizing CUDA operation (Triggered internally at /pytorch/c10/cuda/CUDAFunctions.cpp:162.)
2026-09-15T04:40:58.551Z   row_lens[b] = L
2026-09-15T04:40:58.551Z 
2026-09-15T04:40:58.551Z [2;36m[2026-09-15 04:40:58][0m [33mWARNING [0m [2m[py.warnings:112, 0f8858c49d67, rank=1][0m /opt/conda/lib/python3.12/site-packages/olmo_core/nn/pooled_soft_token.py:297: UserWarning: called a synchronizing CUDA operation (Triggered internally at /pytorch/c10/cuda/CUDAFunctions.cpp:162.)
2026-09-15T04:40:58.551Z   soft_rows=torch.tensor(soft_rows, dtype=torch.long, device=device),
2026-09-15T04:40:58.551Z 
2026-09-15T04:40:58.552Z [2;36m[2026-09-15 04:40:58][0m [33mWARNING [0m [2m[py.warnings:112, 0f8858c49d67, rank=1][0m /opt/conda/lib/python3.12/site-packages/olmo_core/nn/pooled_soft_token.py:298: UserWarning: called a synchronizing CUDA operation (Triggered internally at /pytorch/c10/cuda/CUDAFunctions.cpp:162.)
2026-09-15T04:40:58.552Z   soft_cols=torch.tensor(soft_cols, dtype=torch.long, device=device),
2026-09-15T04:40:58.552Z 
2026-09-15T04:40:58.552Z [2;36m[2026-09-15 04:40:58][0m [33mWARNING [0m [2m[py.warnings:112, 0f8858c49d67, rank=1][0m /opt/conda/lib/python3.12/site-packages/olmo_core/nn/pooled_soft_token.py:299: UserWarning: called a synchronizing CUDA operation (Triggered internally at /pytorch/c10/cuda/CUDAFunctions.cpp:162.)
2026-09-15T04:40:58.552Z   soft_docs=torch.tensor(soft_docs, dtype=torch.long, device=device),
2026-09-15T04:40:58.552Z 
2026-09-15T04:40:58.552Z [2;36m[2026-09-15 04:40:58][0m [33mWARNING [0m [2m[py.warnings:112, 0f8858c49d67, rank=1][0m /opt/conda/lib/python3.12/site-packages/olmo_core/nn/pooled_soft_token.py:301: UserWarning: called a synchronizing CUDA operation (Triggered internally at /pytorch/c10/cuda/CUDAFunctions.cpp:162.)
2026-09-15T04:40:58.552Z   soft_log_len=torch.tensor(soft_log_len, dtype=torch.float32, device=device),
2026-09-15T04:40:58.552Z 
2026-09-15T04:40:58.553Z [2;36m[2026-09-15 04:40:58][0m [33mWARNING [0m [2m[py.warnings:112, 0f8858c49d67, rank=1][0m /opt/conda/lib/python3.12/site-packages/olmo_core/nn/transformer/model.py:1502: UserWarning: called a synchronizing CUDA operation (Triggered internally at /pytorch/c10/cuda/CUDAFunctions.cpp:162.)
2026-09-15T04:40:58.553Z   kv_grad_mask[cb.soft_rows, cb.soft_cols] = False
2026-09-15T04:40:58.553Z 
2026-09-15T04:40:58.736Z [2;36m[2026-09-15 04:40:58][0m [33mWARNING [0m [2m[py.warnings:112, 0f8858c49d67, rank=1][0m /opt/conda/lib/python3.12/site-packages/liger_kernel/ops/fused_linear_cross_entropy.py:75: UserWarning: called a synchronizing CUDA operation (Triggered internally at /pytorch/c10/cuda/CUDAFunctions.cpp:162.)
2026-09-15T04:40:58.736Z   total_n_non_ignore = target_mask.sum().item()
2026-09-15T04:40:58.736Z 
2026-09-15T04:40:59.601Z [2;36m[2026-09-15 04:40:59][0m [33mWARNING [0m [2m[py.warnings:112, 0f8858c49d67, rank=1][0m /opt/conda/lib/python3.12/site-packages/liger_kernel/ops/fused_linear_cross_entropy.py:233: UserWarning: called a synchronizing CUDA operation (Triggered internally at /pytorch/c10/cuda/CUDAFunctions.cpp:162.)
2026-09-15T04:40:59.601Z   if not torch.equal(grad_output, torch.tensor(1.0, device=grad_output.device)):
2026-09-15T04:40:59.601Z 
2026-09-15T04:41:00.338Z [2;36m[2026-09-15 04:41:00][0m [34mINFO    [0m [2m[olmo_core.train.callbacks.console_logger:68, 0f8858c49d67, rank=0][0m [step=30/61,epoch=1,eta=16m]
2026-09-15T04:41:00.338Z     gpu_memory/GPU active mem (%)=76.00
2026-09-15T04:41:00.338Z     gpu_memory/GPU active mem (GiB)=60.23
2026-09-15T04:41:00.338Z     gpu_memory/GPU reserved mem (%)=81.32
2026-09-15T04:41:00.338Z     gpu_memory/GPU reserved mem (GiB)=64.45
2026-09-15T04:41:00.338Z     optim/LR (group 0)=2.63E-06
2026-09-15T04:41:00.338Z     optim/LR (group 1)=2.63E-06
2026-09-15T04:41:00.338Z     optim/step skipped=0.0
2026-09-15T04:41:00.338Z     optim/total grad norm=5.716
2026-09-15T04:41:00.338Z     throughput/chinchilla multiple=4.67E-05
2026-09-15T04:41:00.338Z     throughput/device/BPS=0.0765
2026-09-15T04:41:00.338Z     throughput/device/BPS (actual avg)=0.0319
2026-09-15T04:41:00.338Z     throughput/device/MFU=36.79
2026-09-15T04:41:00.338Z     throughput/device/MFU (actual avg)=15.34
2026-09-15T04:41:00.338Z     throughput/device/TPS=5,012
2026-09-15T04:41:00.338Z     throughput/device/TPS (actual avg)=2,089
2026-09-15T04:41:00.338Z     throughput/device/flopsPS=114.8T
2026-09-15T04:41:00.338Z     throughput/device/flopsPS (actual avg)=47.85T
2026-09-15T04:41:00.338Z     throughput/total petaflops=90.04
2026-09-15T04:41:00.338Z     throughput/total tokens=3,932,160
2026-09-15T04:41:00.338Z     train/CE loss=0.2819
2026-09-15T04:41:00.338Z     throughput/device/data loading (%)=0.0150
2026-09-15T04:41:00.338Z     throughput/device/data loading (s)=0.0020
2026-09-15T04:41:00.338Z     train/PPL=1.326
2026-09-15T04:41:13.522Z [2;36m[2026-09-15 04:41:13][0m [34mINFO    [0m [2m[olmo_core.train.callbacks.console_logger:68, 0f8858c49d67, rank=0][0m [step=31/61,epoch=1,eta=15m]
2026-09-15T04:41:13.522Z     gpu_memory/GPU active mem (%)=76.00
2026-09-15T04:41:13.522Z     gpu_memory/GPU active mem (GiB)=60.23
2026-09-15T04:41:13.522Z     gpu_memory/GPU reserved mem (%)=81.32
2026-09-15T04:41:13.522Z     gpu_memory/GPU reserved mem (GiB)=64.45
2026-09-15T04:41:13.522Z     optim/LR (group 0)=2.54E-06
2026-09-15T04:41:13.522Z     optim/LR (group 1)=2.54E-06
2026-09-15T04:41:13.522Z     optim/step skipped=0.0
2026-09-15T04:41:13.522Z     optim/total grad norm=6.458
2026-09-15T04:41:13.522Z     throughput/chinchilla multiple=4.83E-05
2026-09-15T04:41:13.522Z     throughput/device/BPS=0.0758
2026-09-15T04:41:13.522Z     throughput/device/BPS (actual avg)=0.0325
2026-09-15T04:41:13.522Z     throughput/device/MFU=36.48
2026-09-15T04:41:13.522Z     throughput/device/MFU (actual avg)=15.64
2026-09-15T04:41:13.522Z     throughput/device/TPS=4,970
2026-09-15T04:41:13.522Z     throughput/device/TPS (actual avg)=2,130
2026-09-15T04:41:13.522Z     throughput/device/flopsPS=113.8T
2026-09-15T04:41:13.522Z     throughput/device/flopsPS (actual avg)=48.79T
2026-09-15T04:41:13.522Z     throughput/total petaflops=93.05
2026-09-15T04:41:13.522Z     throughput/total tokens=4,063,232
2026-09-15T04:41:13.522Z     train/CE loss=0.3245
2026-09-15T04:41:13.522Z     throughput/device/data loading (%)=0.0164
2026-09-15T04:41:13.522Z     throughput/device/data loading (s)=0.0022
2026-09-15T04:41:13.522Z     train/PPL=1.383
2026-09-15T04:41:26.226Z [2;36m[2026-09-15 04:41:26][0m [34mINFO    [0m [2m[olmo_core.train.callbacks.console_logger:68, 0f8858c49d67, rank=0][0m [step=32/61,epoch=1,eta=15m]
2026-09-15T04:41:26.226Z     gpu_memory/GPU active mem (%)=76.00
2026-09-15T04:41:26.226Z     gpu_memory/GPU active mem (GiB)=60.23
2026-09-15T04:41:26.226Z     gpu_memory/GPU reserved mem (%)=81.32
2026-09-15T04:41:26.226Z     gpu_memory/GPU reserved mem (GiB)=64.45
2026-09-15T04:41:26.226Z     optim/LR (group 0)=2.46E-06
2026-09-15T04:41:26.226Z     optim/LR (group 1)=2.46E-06
2026-09-15T04:41:26.226Z     optim/step skipped=0.0
2026-09-15T04:41:26.226Z     optim/total grad norm=4.688
2026-09-15T04:41:26.226Z     throughput/chinchilla multiple=4.99E-05
2026-09-15T04:41:26.226Z     throughput/device/BPS=0.0787
2026-09-15T04:41:26.226Z     throughput/device/BPS (actual avg)=0.0331
2026-09-15T04:41:26.226Z     throughput/device/MFU=37.87
2026-09-15T04:41:26.226Z     throughput/device/MFU (actual avg)=15.94
2026-09-15T04:41:26.226Z     throughput/device/TPS=5,159
2026-09-15T04:41:26.226Z     throughput/device/TPS (actual avg)=2,171
2026-09-15T04:41:26.226Z     throughput/device/flopsPS=118.1T
2026-09-15T04:41:26.226Z     throughput/device/flopsPS (actual avg)=49.73T
2026-09-15T04:41:26.226Z     throughput/total petaflops=96.05
2026-09-15T04:41:26.226Z     throughput/total tokens=4,194,304
2026-09-15T04:41:26.226Z     train/CE loss=0.3274
2026-09-15T04:41:26.226Z     throughput/device/data loading (%)=0.0156
2026-09-15T04:41:26.226Z     throughput/device/data loading (s)=0.0020
2026-09-15T04:41:26.226Z     train/PPL=1.387
2026-09-15T04:41:46.444Z [2;36m[2026-09-15 04:41:46][0m [33mWARNING [0m [2m[py.warnings:112, 0f8858c49d67, rank=0][0m /opt/conda/lib/python3.12/site-packages/liger_kernel/ops/fused_linear_cross_entropy.py:75: UserWarning: called a synchronizing CUDA operation (Triggered internally at /pytorch/c10/cuda/CUDAFunctions.cpp:162.)
2026-09-15T04:41:46.444Z   total_n_non_ignore = target_mask.sum().item()
2026-09-15T04:41:46.444Z 
2026-09-15T04:41:47.225Z [2;36m[2026-09-15 04:41:47][0m [33mWARNING [0m [2m[py.warnings:112, 0f8858c49d67, rank=0][0m /opt/conda/lib/python3.12/site-packages/liger_kernel/ops/fused_linear_cross_entropy.py:233: UserWarning: called a synchronizing CUDA operation (Triggered internally at /pytorch/c10/cuda/CUDAFunctions.cpp:162.)
2026-09-15T04:41:47.225Z   if not torch.equal(grad_output, torch.tensor(1.0, device=grad_output.device)):
2026-09-15T04:41:47.225Z 
2026-09-15T04:42:00.543Z [2;36m[2026-09-15 04:42:00][0m [33mWARNING [0m [2m[py.warnings:112, 0f8858c49d67, rank=0][0m /opt/conda/lib/python3.12/site-packages/torch/autograd/graph.py:841: UserWarning: called a synchronizing CUDA operation (Triggered internally at /pytorch/c10/cuda/CUDAFunctions.cpp:162.)
2026-09-15T04:42:00.543Z   return Variable._execution_engine.run_backward(  # Calls into the C++ engine to run the backward pass
2026-09-15T04:42:00.543Z 
2026-09-15T04:42:00.553Z [2;36m[2026-09-15 04:42:00][0m [33mWARNING [0m [2m[py.warnings:112, 0f8858c49d67, rank=0][0m /opt/conda/lib/python3.12/site-packages/torch/distributed/utils.py:106: UserWarning: called a synchronizing CUDA operation (Triggered internally at /pytorch/c10/cuda/CUDAFunctions.cpp:162.)
2026-09-15T04:42:00.553Z   return (obj.to(target_device),)
2026-09-15T04:42:00.553Z 
2026-09-15T04:42:00.562Z [2;36m[2026-09-15 04:42:00][0m [33mWARNING [0m [2m[py.warnings:112, 0f8858c49d67, rank=0][0m /opt/conda/lib/python3.12/site-packages/olmo_core/nn/transformer/model.py:777: UserWarning: called a synchronizing CUDA operation (Triggered internally at /pytorch/c10/cuda/CUDAFunctions.cpp:162.)
2026-09-15T04:42:00.562Z   n_docs = int(chunk_ids.max().item()) + 1
2026-09-15T04:42:00.562Z 
2026-09-15T04:42:00.571Z [2;36m[2026-09-15 04:42:00][0m [33mWARNING [0m [2m[py.warnings:112, 0f8858c49d67, rank=0][0m /opt/conda/lib/python3.12/site-packages/olmo_core/nn/transformer/model.py:834: UserWarning: called a synchronizing CUDA operation (Triggered internally at /pytorch/c10/cuda/CUDAFunctions.cpp:162.)
2026-09-15T04:42:00.571Z   flat = (torch.arange(B, device=emb.device)[:, None] * n_docs + cid.clamp(min=0)).reshape(
2026-09-15T04:42:00.571Z 
2026-09-15T04:42:00.572Z [2;36m[2026-09-15 04:42:00][0m [33mWARNING [0m [2m[py.warnings:112, 0f8858c49d67, rank=0][0m /opt/conda/lib/python3.12/site-packages/olmo_core/nn/transformer/model.py:838: UserWarning: called a synchronizing CUDA operation (Triggered internally at /pytorch/c10/cuda/CUDAFunctions.cpp:162.)
2026-09-15T04:42:00.572Z   0, flat, emb.reshape(B * T, D)[is_ctx.reshape(-1)]
2026-09-15T04:42:00.572Z 
2026-09-15T04:42:00.579Z [2;36m[2026-09-15 04:42:00][0m [33mWARNING [0m [2m[py.warnings:112, 0f8858c49d67, rank=0][0m /opt/conda/lib/python3.12/site-packages/olmo_core/nn/pooled_soft_token.py:173: UserWarning: called a synchronizing CUDA operation (Triggered internally at /pytorch/c10/cuda/CUDAFunctions.cpp:162.)
2026-09-15T04:42:00.579Z   kept_idx = kept_tok.nonzero(as_tuple=True)[0]
2026-09-15T04:42:00.579Z 
2026-09-15T04:42:00.580Z [2;36m[2026-09-15 04:42:00][0m [33mWARNING [0m [2m[py.warnings:112, 0f8858c49d67, rank=0][0m /opt/conda/lib/python3.12/site-packages/olmo_core/nn/pooled_soft_token.py:179: UserWarning: called a synchronizing CUDA operation (Triggered internally at /pytorch/c10/cuda/CUDAFunctions.cpp:162.)
2026-09-15T04:42:00.580Z   if is_ctx.any():
2026-09-15T04:42:00.580Z 
2026-09-15T04:42:00.580Z [2;36m[2026-09-15 04:42:00][0m [33mWARNING [0m [2m[py.warnings:112, 0f8858c49d67, rank=0][0m /opt/conda/lib/python3.12/site-packages/olmo_core/nn/pooled_soft_token.py:180: UserWarning: called a synchronizing CUDA operation (Triggered internally at /pytorch/c10/cuda/CUDAFunctions.cpp:162.)
2026-09-15T04:42:00.580Z   d_ix = c[is_ctx]
2026-09-15T04:42:00.580Z 
2026-09-15T04:42:00.581Z [2;36m[2026-09-15 04:42:00][0m [33mWARNING [0m [2m[py.warnings:112, 0f8858c49d67, rank=0][0m /opt/conda/lib/python3.12/site-packages/olmo_core/nn/pooled_soft_token.py:181: UserWarning: called a synchronizing CUDA operation (Triggered internally at /pytorch/c10/cuda/CUDAFunctions.cpp:162.)
2026-09-15T04:42:00.581Z   pos_ix = is_ctx.nonzero(as_tuple=True)[0]
2026-09-15T04:42:00.581Z 
2026-09-15T04:42:00.581Z [2;36m[2026-09-15 04:42:00][0m [33mWARNING [0m [2m[py.warnings:112, 0f8858c49d67, rank=0][0m /opt/conda/lib/python3.12/site-packages/olmo_core/nn/pooled_soft_token.py:186: UserWarning: called a synchronizing CUDA operation (Triggered internally at /pytorch/c10/cuda/CUDAFunctions.cpp:162.)
2026-09-15T04:42:00.581Z   pooled_docs = pooled.nonzero(as_tuple=True)[0]
2026-09-15T04:42:00.581Z 
2026-09-15T04:42:00.582Z [2;36m[2026-09-15 04:42:00][0m [33mWARNING [0m [2m[py.warnings:112, 0f8858c49d67, rank=0][0m /opt/conda/lib/python3.12/site-packages/olmo_core/nn/pooled_soft_token.py:217: UserWarning: called a synchronizing CUDA operation (Triggered internally at /pytorch/c10/cuda/CUDAFunctions.cpp:162.)
2026-09-15T04:42:00.582Z   doc_len = torch.bincount(c[is_ctx], minlength=n_docs) if is_ctx.any() else torch.zeros(n_docs, dtype=torch.long, device=device)
2026-09-15T04:42:00.582Z 
2026-09-15T04:42:00.583Z [2;36m[2026-09-15 04:42:00][0m [33mWARNING [0m [2m[py.warnings:112, 0f8858c49d67, rank=0][0m /opt/conda/lib/python3.12/site-packages/olmo_core/nn/pooled_soft_token.py:222: UserWarning: called a synchronizing CUDA operation (Triggered internally at /pytorch/c10/cuda/CUDAFunctions.cpp:162.)
2026-09-15T04:42:00.583Z   soft_cols_b = soft_mask.nonzero(as_tuple=True)[0]
2026-09-15T04:42:00.583Z 
2026-09-15T04:42:00.584Z [2;36m[2026-09-15 04:42:00][0m [33mWARNING [0m [2m[py.warnings:112, 0f8858c49d67, rank=0][0m /opt/conda/lib/python3.12/site-packages/olmo_core/nn/pooled_soft_token.py:226: UserWarning: called a synchronizing CUDA operation (Triggered internally at /pytorch/c10/cuda/CUDAFunctions.cpp:162.)
2026-09-15T04:42:00.584Z   cols_l = soft_cols_b.tolist()
2026-09-15T04:42:00.584Z 
2026-09-15T04:42:00.584Z [2;36m[2026-09-15 04:42:00][0m [33mWARNING [0m [2m[py.warnings:112, 0f8858c49d67, rank=0][0m /opt/conda/lib/python3.12/site-packages/olmo_core/nn/pooled_soft_token.py:229: UserWarning: called a synchronizing CUDA operation (Triggered internally at /pytorch/c10/cuda/CUDAFunctions.cpp:162.)
2026-09-15T04:42:00.584Z   soft_docs += docs_b.tolist()
2026-09-15T04:42:00.584Z 
2026-09-15T04:42:00.584Z [2;36m[2026-09-15 04:42:00][0m [33mWARNING [0m [2m[py.warnings:112, 0f8858c49d67, rank=0][0m /opt/conda/lib/python3.12/site-packages/olmo_core/nn/pooled_soft_token.py:230: UserWarning: called a synchronizing CUDA operation (Triggered internally at /pytorch/c10/cuda/CUDAFunctions.cpp:162.)
2026-09-15T04:42:00.584Z   soft_log_len += lens_b.tolist()
2026-09-15T04:42:00.584Z 
2026-09-15T04:42:00.586Z [2;36m[2026-09-15 04:42:00][0m [33mWARNING [0m [2m[py.warnings:112, 0f8858c49d67, rank=0][0m /opt/conda/lib/python3.12/site-packages/olmo_core/nn/pooled_soft_token.py:280: UserWarning: called a synchronizing CUDA operation (Triggered internally at /pytorch/c10/cuda/CUDAFunctions.cpp:162.)
2026-09-15T04:42:00.586Z   row_lens[b] = L
2026-09-15T04:42:00.586Z 
2026-09-15T04:42:00.587Z [2;36m[2026-09-15 04:42:00][0m [33mWARNING [0m [2m[py.warnings:112, 0f8858c49d67, rank=0][0m /opt/conda/lib/python3.12/site-packages/olmo_core/nn/pooled_soft_token.py:297: UserWarning: called a synchronizing CUDA operation (Triggered internally at /pytorch/c10/cuda/CUDAFunctions.cpp:162.)
2026-09-15T04:42:00.587Z   soft_rows=torch.tensor(soft_rows, dtype=torch.long, device=device),
2026-09-15T04:42:00.587Z 
2026-09-15T04:42:00.587Z [2;36m[2026-09-15 04:42:00][0m [33mWARNING [0m [2m[py.warnings:112, 0f8858c49d67, rank=0][0m /opt/conda/lib/python3.12/site-packages/olmo_core/nn/pooled_soft_token.py:298: UserWarning: called a synchronizing CUDA operation (Triggered internally at /pytorch/c10/cuda/CUDAFunctions.cpp:162.)
2026-09-15T04:42:00.587Z   soft_cols=torch.tensor(soft_cols, dtype=torch.long, device=device),
2026-09-15T04:42:00.587Z 
2026-09-15T04:42:00.588Z [2;36m[2026-09-15 04:42:00][0m [33mWARNING [0m [2m[py.warnings:112, 0f8858c49d67, rank=0][0m /opt/conda/lib/python3.12/site-packages/olmo_core/nn/pooled_soft_token.py:299: UserWarning: called a synchronizing CUDA operation (Triggered internally at /pytorch/c10/cuda/CUDAFunctions.cpp:162.)
2026-09-15T04:42:00.588Z   soft_docs=torch.tensor(soft_docs, dtype=torch.long, device=device),
2026-09-15T04:42:00.588Z 
2026-09-15T04:42:00.588Z [2;36m[2026-09-15 04:42:00][0m [33mWARNING [0m [2m[py.warnings:112, 0f8858c49d67, rank=0][0m /opt/conda/lib/python3.12/site-packages/olmo_core/nn/pooled_soft_token.py:301: UserWarning: called a synchronizing CUDA operation (Triggered internally at /pytorch/c10/cuda/CUDAFunctions.cpp:162.)
2026-09-15T04:42:00.588Z   soft_log_len=torch.tensor(soft_log_len, dtype=torch.float32, device=device),
2026-09-15T04:42:00.588Z 
2026-09-15T04:42:00.589Z [2;36m[2026-09-15 04:42:00][0m [33mWARNING [0m [2m[py.warnings:112, 0f8858c49d67, rank=0][0m /opt/conda/lib/python3.12/site-packages/olmo_core/nn/transformer/model.py:1502: UserWarning: called a synchronizing CUDA operation (Triggered internally at /pytorch/c10/cuda/CUDAFunctions.cpp:162.)
2026-09-15T04:42:00.589Z   kv_grad_mask[cb.soft_rows, cb.soft_cols] = False
2026-09-15T04:42:00.589Z 
2026-09-15T04:42:00.750Z [2;36m[2026-09-15 04:42:00][0m [33mWARNING [0m [2m[py.warnings:112, 0f8858c49d67, rank=0][0m /opt/conda/lib/python3.12/site-packages/liger_kernel/ops/fused_linear_cross_entropy.py:75: UserWarning: called a synchronizing CUDA operation (Triggered internally at /pytorch/c10/cuda/CUDAFunctions.cpp:162.)
2026-09-15T04:42:00.751Z   total_n_non_ignore = target_mask.sum().item()
2026-09-15T04:42:00.751Z 
2026-09-15T04:42:01.556Z [2;36m[2026-09-15 04:42:01][0m [33mWARNING [0m [2m[py.warnings:112, 0f8858c49d67, rank=0][0m /opt/conda/lib/python3.12/site-packages/liger_kernel/ops/fused_linear_cross_entropy.py:233: UserWarning: called a synchronizing CUDA operation (Triggered internally at /pytorch/c10/cuda/CUDAFunctions.cpp:162.)
2026-09-15T04:42:01.556Z   if not torch.equal(grad_output, torch.tensor(1.0, device=grad_output.device)):
2026-09-15T04:42:01.556Z 
2026-09-15T04:42:02.253Z [2;36m[2026-09-15 04:42:02][0m [34mINFO    [0m [2m[olmo_core.train.callbacks.console_logger:68, 0f8858c49d67, rank=0][0m [step=33/61,epoch=1,eta=14m]
2026-09-15T04:42:02.253Z     gpu_memory/GPU active mem (%)=76.00
2026-09-15T04:42:02.253Z     gpu_memory/GPU active mem (GiB)=60.23
2026-09-15T04:42:02.253Z     gpu_memory/GPU reserved mem (%)=81.32
2026-09-15T04:42:02.253Z     gpu_memory/GPU reserved mem (GiB)=64.45
2026-09-15T04:42:02.253Z     optim/LR (group 0)=2.37E-06
2026-09-15T04:42:02.253Z     optim/LR (group 1)=2.37E-06
2026-09-15T04:42:02.253Z     optim/step skipped=0.0
2026-09-15T04:42:02.253Z     optim/total grad norm=4.290
2026-09-15T04:42:02.253Z     throughput/chinchilla multiple=5.14E-05
2026-09-15T04:42:02.253Z     throughput/device/BPS=0.0278
2026-09-15T04:42:02.253Z     throughput/device/BPS (actual avg)=0.0329
2026-09-15T04:42:02.253Z     throughput/device/MFU=13.35
2026-09-15T04:42:02.253Z     throughput/device/MFU (actual avg)=15.84
2026-09-15T04:42:02.253Z     throughput/device/TPS=1,819
2026-09-15T04:42:02.253Z     throughput/device/TPS (actual avg)=2,158
2026-09-15T04:42:02.253Z     throughput/device/flopsPS=41.66T
2026-09-15T04:42:02.253Z     throughput/device/flopsPS (actual avg)=49.43T
2026-09-15T04:42:02.253Z     throughput/total petaflops=99.05
2026-09-15T04:42:02.253Z     throughput/total tokens=4,325,376
2026-09-15T04:42:02.253Z     train/CE loss=0.2842
2026-09-15T04:42:02.253Z     throughput/device/data loading (%)=0.0059
2026-09-15T04:42:02.253Z     throughput/device/data loading (s)=0.0021
2026-09-15T04:42:02.253Z     train/PPL=1.329
2026-09-15T04:42:21.132Z [2;36m[2026-09-15 04:42:21][0m [33mWARNING [0m [2m[py.warnings:112, 0f8858c49d67, rank=0][0m /opt/conda/lib/python3.12/site-packages/liger_kernel/ops/fused_linear_cross_entropy.py:75: UserWarning: called a synchronizing CUDA operation (Triggered internally at /pytorch/c10/cuda/CUDAFunctions.cpp:162.)
2026-09-15T04:42:21.132Z   total_n_non_ignore = target_mask.sum().item()
2026-09-15T04:42:21.132Z 
2026-09-15T04:42:21.982Z [2;36m[2026-09-15 04:42:21][0m [33mWARNING [0m [2m[py.warnings:112, 0f8858c49d67, rank=0][0m /opt/conda/lib/python3.12/site-packages/liger_kernel/ops/fused_linear_cross_entropy.py:233: UserWarning: called a synchronizing CUDA operation (Triggered internally at /pytorch/c10/cuda/CUDAFunctions.cpp:162.)
2026-09-15T04:42:21.982Z   if not torch.equal(grad_output, torch.tensor(1.0, device=grad_output.device)):
2026-09-15T04:42:21.982Z 
2026-09-15T04:42:35.239Z [2;36m[2026-09-15 04:42:35][0m [33mWARNING [0m [2m[py.warnings:112, 0f8858c49d67, rank=0][0m /opt/conda/lib/python3.12/site-packages/torch/autograd/graph.py:841: UserWarning: called a synchronizing CUDA operation (Triggered internally at /pytorch/c10/cuda/CUDAFunctions.cpp:162.)
2026-09-15T04:42:35.242Z   return Variable._execution_engine.run_backward(  # Calls into the C++ engine to run the backward pass
2026-09-15T04:42:35.242Z 
2026-09-15T04:42:35.248Z [2;36m[2026-09-15 04:42:35][0m [33mWARNING [0m [2m[py.warnings:112, 0f8858c49d67, rank=0][0m /opt/conda/lib/python3.12/site-packages/torch/distributed/utils.py:106: UserWarning: called a synchronizing CUDA operation (Triggered internally at /pytorch/c10/cuda/CUDAFunctions.cpp:162.)
2026-09-15T04:42:35.248Z   return (obj.to(target_device),)
2026-09-15T04:42:35.248Z 
2026-09-15T04:42:35.258Z [2;36m[2026-09-15 04:42:35][0m [33mWARNING [0m [2m[py.warnings:112, 0f8858c49d67, rank=0][0m /opt/conda/lib/python3.12/site-packages/olmo_core/nn/transformer/model.py:777: UserWarning: called a synchronizing CUDA operation (Triggered internally at /pytorch/c10/cuda/CUDAFunctions.cpp:162.)
2026-09-15T04:42:35.258Z   n_docs = int(chunk_ids.max().item()) + 1
2026-09-15T04:42:35.258Z 
2026-09-15T04:42:35.267Z [2;36m[2026-09-15 04:42:35][0m [33mWARNING [0m [2m[py.warnings:112, 0f8858c49d67, rank=0][0m /opt/conda/lib/python3.12/site-packages/olmo_core/nn/transformer/model.py:834: UserWarning: called a synchronizing CUDA operation (Triggered internally at /pytorch/c10/cuda/CUDAFunctions.cpp:162.)
2026-09-15T04:42:35.267Z   flat = (torch.arange(B, device=emb.device)[:, None] * n_docs + cid.clamp(min=0)).reshape(
2026-09-15T04:42:35.267Z 
2026-09-15T04:42:35.268Z [2;36m[2026-09-15 04:42:35][0m [33mWARNING [0m [2m[py.warnings:112, 0f8858c49d67, rank=0][0m /opt/conda/lib/python3.12/site-packages/olmo_core/nn/transformer/model.py:838: UserWarning: called a synchronizing CUDA operation (Triggered internally at /pytorch/c10/cuda/CUDAFunctions.cpp:162.)
2026-09-15T04:42:35.268Z   0, flat, emb.reshape(B * T, D)[is_ctx.reshape(-1)]
2026-09-15T04:42:35.268Z 
2026-09-15T04:42:35.275Z [2;36m[2026-09-15 04:42:35][0m [33mWARNING [0m [2m[py.warnings:112, 0f8858c49d67, rank=0][0m /opt/conda/lib/python3.12/site-packages/olmo_core/nn/pooled_soft_token.py:173: UserWarning: called a synchronizing CUDA operation (Triggered internally at /pytorch/c10/cuda/CUDAFunctions.cpp:162.)
2026-09-15T04:42:35.275Z   kept_idx = kept_tok.nonzero(as_tuple=True)[0]
2026-09-15T04:42:35.275Z 
2026-09-15T04:42:35.276Z [2;36m[2026-09-15 04:42:35][0m [33mWARNING [0m [2m[py.warnings:112, 0f8858c49d67, rank=0][0m /opt/conda/lib/python3.12/site-packages/olmo_core/nn/pooled_soft_token.py:179: UserWarning: called a synchronizing CUDA operation (Triggered internally at /pytorch/c10/cuda/CUDAFunctions.cpp:162.)
2026-09-15T04:42:35.276Z   if is_ctx.any():
2026-09-15T04:42:35.276Z 
2026-09-15T04:42:35.276Z [2;36m[2026-09-15 04:42:35][0m [33mWARNING [0m [2m[py.warnings:112, 0f8858c49d67, rank=0][0m /opt/conda/lib/python3.12/site-packages/olmo_core/nn/pooled_soft_token.py:180: UserWarning: called a synchronizing CUDA operation (Triggered internally at /pytorch/c10/cuda/CUDAFunctions.cpp:162.)
2026-09-15T04:42:35.276Z   d_ix = c[is_ctx]
2026-09-15T04:42:35.276Z 
2026-09-15T04:42:35.277Z [2;36m[2026-09-15 04:42:35][0m [33mWARNING [0m [2m[py.warnings:112, 0f8858c49d67, rank=0][0m /opt/conda/lib/python3.12/site-packages/olmo_core/nn/pooled_soft_token.py:181: UserWarning: called a synchronizing CUDA operation (Triggered internally at /pytorch/c10/cuda/CUDAFunctions.cpp:162.)
2026-09-15T04:42:35.277Z   pos_ix = is_ctx.nonzero(as_tuple=True)[0]
2026-09-15T04:42:35.277Z 
2026-09-15T04:42:35.277Z [2;36m[2026-09-15 04:42:35][0m [33mWARNING [0m [2m[py.warnings:112, 0f8858c49d67, rank=0][0m /opt/conda/lib/python3.12/site-packages/olmo_core/nn/pooled_soft_token.py:186: UserWarning: called a synchronizing CUDA operation (Triggered internally at /pytorch/c10/cuda/CUDAFunctions.cpp:162.)
2026-09-15T04:42:35.277Z   pooled_docs = pooled.nonzero(as_tuple=True)[0]
2026-09-15T04:42:35.277Z 
2026-09-15T04:42:35.278Z [2;36m[2026-09-15 04:42:35][0m [33mWARNING [0m [2m[py.warnings:112, 0f8858c49d67, rank=0][0m /opt/conda/lib/python3.12/site-packages/olmo_core/nn/pooled_soft_token.py:217: UserWarning: called a synchronizing CUDA operation (Triggered internally at /pytorch/c10/cuda/CUDAFunctions.cpp:162.)
2026-09-15T04:42:35.278Z   doc_len = torch.bincount(c[is_ctx], minlength=n_docs) if is_ctx.any() else torch.zeros(n_docs, dtype=torch.long, device=device)
2026-09-15T04:42:35.278Z 
2026-09-15T04:42:35.279Z [2;36m[2026-09-15 04:42:35][0m [33mWARNING [0m [2m[py.warnings:112, 0f8858c49d67, rank=0][0m /opt/conda/lib/python3.12/site-packages/olmo_core/nn/pooled_soft_token.py:222: UserWarning: called a synchronizing CUDA operation (Triggered internally at /pytorch/c10/cuda/CUDAFunctions.cpp:162.)
2026-09-15T04:42:35.279Z   soft_cols_b = soft_mask.nonzero(as_tuple=True)[0]
2026-09-15T04:42:35.279Z 
2026-09-15T04:42:35.280Z [2;36m[2026-09-15 04:42:35][0m [33mWARNING [0m [2m[py.warnings:112, 0f8858c49d67, rank=0][0m /opt/conda/lib/python3.12/site-packages/olmo_core/nn/pooled_soft_token.py:226: UserWarning: called a synchronizing CUDA operation (Triggered internally at /pytorch/c10/cuda/CUDAFunctions.cpp:162.)
2026-09-15T04:42:35.280Z   cols_l = soft_cols_b.tolist()
2026-09-15T04:42:35.280Z 
2026-09-15T04:42:35.280Z [2;36m[2026-09-15 04:42:35][0m [33mWARNING [0m [2m[py.warnings:112, 0f8858c49d67, rank=0][0m /opt/conda/lib/python3.12/site-packages/olmo_core/nn/pooled_soft_token.py:229: UserWarning: called a synchronizing CUDA operation (Triggered internally at /pytorch/c10/cuda/CUDAFunctions.cpp:162.)
2026-09-15T04:42:35.280Z   soft_docs += docs_b.tolist()
2026-09-15T04:42:35.280Z 
2026-09-15T04:42:35.281Z [2;36m[2026-09-15 04:42:35][0m [33mWARNING [0m [2m[py.warnings:112, 0f8858c49d67, rank=0][0m /opt/conda/lib/python3.12/site-packages/olmo_core/nn/pooled_soft_token.py:230: UserWarning: called a synchronizing CUDA operation (Triggered internally at /pytorch/c10/cuda/CUDAFunctions.cpp:162.)
2026-09-15T04:42:35.281Z   soft_log_len += lens_b.tolist()
2026-09-15T04:42:35.281Z 
2026-09-15T04:42:35.283Z [2;36m[2026-09-15 04:42:35][0m [33mWARNING [0m [2m[py.warnings:112, 0f8858c49d67, rank=0][0m /opt/conda/lib/python3.12/site-packages/olmo_core/nn/pooled_soft_token.py:280: UserWarning: called a synchronizing CUDA operation (Triggered internally at /pytorch/c10/cuda/CUDAFunctions.cpp:162.)
2026-09-15T04:42:35.283Z   row_lens[b] = L
2026-09-15T04:42:35.283Z 
2026-09-15T04:42:35.283Z [2;36m[2026-09-15 04:42:35][0m [33mWARNING [0m [2m[py.warnings:112, 0f8858c49d67, rank=0][0m /opt/conda/lib/python3.12/site-packages/olmo_core/nn/pooled_soft_token.py:297: UserWarning: called a synchronizing CUDA operation (Triggered internally at /pytorch/c10/cuda/CUDAFunctions.cpp:162.)
2026-09-15T04:42:35.283Z   soft_rows=torch.tensor(soft_rows, dtype=torch.long, device=device),
2026-09-15T04:42:35.283Z 
2026-09-15T04:42:35.284Z [2;36m[2026-09-15 04:42:35][0m [33mWARNING [0m [2m[py.warnings:112, 0f8858c49d67, rank=0][0m /opt/conda/lib/python3.12/site-packages/olmo_core/nn/pooled_soft_token.py:298: UserWarning: called a synchronizing CUDA operation (Triggered internally at /pytorch/c10/cuda/CUDAFunctions.cpp:162.)
2026-09-15T04:42:35.284Z   soft_cols=torch.tensor(soft_cols, dtype=torch.long, device=device),
2026-09-15T04:42:35.284Z 
2026-09-15T04:42:35.284Z [2;36m[2026-09-15 04:42:35][0m [33mWARNING [0m [2m[py.warnings:112, 0f8858c49d67, rank=0][0m /opt/conda/lib/python3.12/site-packages/olmo_core/nn/pooled_soft_token.py:299: UserWarning: called a synchronizing CUDA operation (Triggered internally at /pytorch/c10/cuda/CUDAFunctions.cpp:162.)
2026-09-15T04:42:35.284Z   soft_docs=torch.tensor(soft_docs, dtype=torch.long, device=device),
2026-09-15T04:42:35.284Z 
2026-09-15T04:42:35.285Z [2;36m[2026-09-15 04:42:35][0m [33mWARNING [0m [2m[py.warnings:112, 0f8858c49d67, rank=0][0m /opt/conda/lib/python3.12/site-packages/olmo_core/nn/pooled_soft_token.py:301: UserWarning: called a synchronizing CUDA operation (Triggered internally at /pytorch/c10/cuda/CUDAFunctions.cpp:162.)
2026-09-15T04:42:35.285Z   soft_log_len=torch.tensor(soft_log_len, dtype=torch.float32, device=device),
2026-09-15T04:42:35.285Z 
2026-09-15T04:42:35.286Z [2;36m[2026-09-15 04:42:35][0m [33mWARNING [0m [2m[py.warnings:112, 0f8858c49d67, rank=0][0m /opt/conda/lib/python3.12/site-packages/olmo_core/nn/transformer/model.py:1502: UserWarning: called a synchronizing CUDA operation (Triggered internally at /pytorch/c10/cuda/CUDAFunctions.cpp:162.)
2026-09-15T04:42:35.286Z   kv_grad_mask[cb.soft_rows, cb.soft_cols] = False
2026-09-15T04:42:35.286Z 
2026-09-15T04:42:35.468Z [2;36m[2026-09-15 04:42:35][0m [33mWARNING [0m [2m[py.warnings:112, 0f8858c49d67, rank=0][0m /opt/conda/lib/python3.12/site-packages/liger_kernel/ops/fused_linear_cross_entropy.py:75: UserWarning: called a synchronizing CUDA operation (Triggered internally at /pytorch/c10/cuda/CUDAFunctions.cpp:162.)
2026-09-15T04:42:35.468Z   total_n_non_ignore = target_mask.sum().item()
2026-09-15T04:42:35.468Z 
2026-09-15T04:42:36.352Z [2;36m[2026-09-15 04:42:36][0m [33mWARNING [0m [2m[py.warnings:112, 0f8858c49d67, rank=0][0m /opt/conda/lib/python3.12/site-packages/liger_kernel/ops/fused_linear_cross_entropy.py:233: UserWarning: called a synchronizing CUDA operation (Triggered internally at /pytorch/c10/cuda/CUDAFunctions.cpp:162.)
2026-09-15T04:42:36.352Z   if not torch.equal(grad_output, torch.tensor(1.0, device=grad_output.device)):
2026-09-15T04:42:36.352Z 
2026-09-15T04:42:38.753Z [2;36m[2026-09-15 04:42:38][0m [34mINFO    [0m [2m[olmo_core.train.callbacks.console_logger:68, 0f8858c49d67, rank=0][0m [step=34/61,epoch=1,eta=14m]
2026-09-15T04:42:38.753Z     gpu_memory/GPU active mem (%)=76.00
2026-09-15T04:42:38.753Z     gpu_memory/GPU active mem (GiB)=60.23
2026-09-15T04:42:38.753Z     gpu_memory/GPU reserved mem (%)=81.32
2026-09-15T04:42:38.753Z     gpu_memory/GPU reserved mem (GiB)=64.45
2026-09-15T04:42:38.753Z     optim/LR (group 0)=2.29E-06
2026-09-15T04:42:38.753Z     optim/LR (group 1)=2.29E-06
2026-09-15T04:42:38.753Z     optim/step skipped=0.0
2026-09-15T04:42:38.753Z     optim/total grad norm=6.351
2026-09-15T04:42:38.753Z     throughput/chinchilla multiple=5.30E-05
2026-09-15T04:42:38.753Z     throughput/device/BPS=0.0274
2026-09-15T04:42:38.753Z     throughput/device/BPS (actual avg)=0.0327
2026-09-15T04:42:38.753Z     throughput/device/MFU=13.18
2026-09-15T04:42:38.753Z     throughput/device/MFU (actual avg)=15.75
2026-09-15T04:42:38.754Z     throughput/device/TPS=1,795
2026-09-15T04:42:38.754Z     throughput/device/TPS (actual avg)=2,145
2026-09-15T04:42:38.754Z     throughput/device/flopsPS=41.12T
2026-09-15T04:42:38.754Z     throughput/device/flopsPS (actual avg)=49.13T
2026-09-15T04:42:38.754Z     throughput/total petaflops=102.0
2026-09-15T04:42:38.754Z     throughput/total tokens=4,456,448
2026-09-15T04:42:38.754Z     train/CE loss=0.3058
2026-09-15T04:42:38.754Z     throughput/device/data loading (%)=0.0067
2026-09-15T04:42:38.754Z     throughput/device/data loading (s)=0.0024
2026-09-15T04:42:38.754Z     train/PPL=1.358
2026-09-15T04:42:51.146Z [2;36m[2026-09-15 04:42:51][0m [34mINFO    [0m [2m[olmo_core.train.callbacks.console_logger:68, 0f8858c49d67, rank=0][0m [step=35/61,epoch=1,eta=13m]
2026-09-15T04:42:51.146Z     gpu_memory/GPU active mem (%)=76.00
2026-09-15T04:42:51.146Z     gpu_memory/GPU active mem (GiB)=60.23
2026-09-15T04:42:51.146Z     gpu_memory/GPU reserved mem (%)=81.32
2026-09-15T04:42:51.146Z     gpu_memory/GPU reserved mem (GiB)=64.45
2026-09-15T04:42:51.146Z     optim/LR (group 0)=2.20E-06
2026-09-15T04:42:51.146Z     optim/LR (group 1)=2.20E-06
2026-09-15T04:42:51.147Z     optim/step skipped=0.0
2026-09-15T04:42:51.147Z     optim/total grad norm=3.869
2026-09-15T04:42:51.147Z     throughput/chinchilla multiple=5.45E-05
2026-09-15T04:42:51.147Z     throughput/device/BPS=0.0807
2026-09-15T04:42:51.147Z     throughput/device/BPS (actual avg)=0.0333
2026-09-15T04:42:51.147Z     throughput/device/MFU=38.81
2026-09-15T04:42:51.147Z     throughput/device/MFU (actual avg)=16.03
2026-09-15T04:42:51.147Z     throughput/device/TPS=5,287
2026-09-15T04:42:51.147Z     throughput/device/TPS (actual avg)=2,183
2026-09-15T04:42:51.147Z     throughput/device/flopsPS=121.1T
2026-09-15T04:42:51.147Z     throughput/device/flopsPS (actual avg)=50.00T
2026-09-15T04:42:51.147Z     throughput/total petaflops=105.1
2026-09-15T04:42:51.147Z     throughput/total tokens=4,587,520
2026-09-15T04:42:51.147Z     train/CE loss=0.3013
2026-09-15T04:42:51.147Z     throughput/device/data loading (%)=0.0219
2026-09-15T04:42:51.147Z     throughput/device/data loading (s)=0.0027
2026-09-15T04:42:51.147Z     train/PPL=1.352
2026-09-15T04:42:54.286Z [2;36m[2026-09-15 04:42:54][0m [33mWARNING [0m [2m[py.warnings:112, 0f8858c49d67, rank=0][0m /opt/conda/lib/python3.12/site-packages/torch/autograd/graph.py:841: UserWarning: called a synchronizing CUDA operation (Triggered internally at /pytorch/c10/cuda/CUDAFunctions.cpp:162.)
2026-09-15T04:42:54.286Z   return Variable._execution_engine.run_backward(  # Calls into the C++ engine to run the backward pass
2026-09-15T04:42:54.286Z 
2026-09-15T04:42:54.288Z [2;36m[2026-09-15 04:42:54][0m [33mWARNING [0m [2m[py.warnings:112, 0f8858c49d67, rank=0][0m /opt/conda/lib/python3.12/site-packages/torch/distributed/utils.py:106: UserWarning: called a synchronizing CUDA operation (Triggered internally at /pytorch/c10/cuda/CUDAFunctions.cpp:162.)
2026-09-15T04:42:54.288Z   return (obj.to(target_device),)
2026-09-15T04:42:54.288Z 
2026-09-15T04:42:54.298Z [2;36m[2026-09-15 04:42:54][0m [33mWARNING [0m [2m[py.warnings:112, 0f8858c49d67, rank=0][0m /opt/conda/lib/python3.12/site-packages/olmo_core/nn/transformer/model.py:777: UserWarning: called a synchronizing CUDA operation (Triggered internally at /pytorch/c10/cuda/CUDAFunctions.cpp:162.)
2026-09-15T04:42:54.298Z   n_docs = int(chunk_ids.max().item()) + 1
2026-09-15T04:42:54.298Z 
2026-09-15T04:42:54.307Z [2;36m[2026-09-15 04:42:54][0m [33mWARNING [0m [2m[py.warnings:112, 0f8858c49d67, rank=0][0m /opt/conda/lib/python3.12/site-packages/olmo_core/nn/transformer/model.py:834: UserWarning: called a synchronizing CUDA operation (Triggered internally at /pytorch/c10/cuda/CUDAFunctions.cpp:162.)
2026-09-15T04:42:54.307Z   flat = (torch.arange(B, device=emb.device)[:, None] * n_docs + cid.clamp(min=0)).reshape(
2026-09-15T04:42:54.307Z 
2026-09-15T04:42:54.307Z [2;36m[2026-09-15 04:42:54][0m [33mWARNING [0m [2m[py.warnings:112, 0f8858c49d67, rank=0][0m /opt/conda/lib/python3.12/site-packages/olmo_core/nn/transformer/model.py:838: UserWarning: called a synchronizing CUDA operation (Triggered internally at /pytorch/c10/cuda/CUDAFunctions.cpp:162.)
2026-09-15T04:42:54.307Z   0, flat, emb.reshape(B * T, D)[is_ctx.reshape(-1)]
2026-09-15T04:42:54.307Z 
2026-09-15T04:42:54.315Z [2;36m[2026-09-15 04:42:54][0m [33mWARNING [0m [2m[py.warnings:112, 0f8858c49d67, rank=0][0m /opt/conda/lib/python3.12/site-packages/olmo_core/nn/pooled_soft_token.py:173: UserWarning: called a synchronizing CUDA operation (Triggered internally at /pytorch/c10/cuda/CUDAFunctions.cpp:162.)
2026-09-15T04:42:54.315Z   kept_idx = kept_tok.nonzero(as_tuple=True)[0]
2026-09-15T04:42:54.315Z 
2026-09-15T04:42:54.316Z [2;36m[2026-09-15 04:42:54][0m [33mWARNING [0m [2m[py.warnings:112, 0f8858c49d67, rank=0][0m /opt/conda/lib/python3.12/site-packages/olmo_core/nn/pooled_soft_token.py:179: UserWarning: called a synchronizing CUDA operation (Triggered internally at /pytorch/c10/cuda/CUDAFunctions.cpp:162.)
2026-09-15T04:42:54.316Z   if is_ctx.any():
2026-09-15T04:42:54.316Z 
2026-09-15T04:42:54.316Z [2;36m[2026-09-15 04:42:54][0m [33mWARNING [0m [2m[py.warnings:112, 0f8858c49d67, rank=0][0m /opt/conda/lib/python3.12/site-packages/olmo_core/nn/pooled_soft_token.py:180: UserWarning: called a synchronizing CUDA operation (Triggered internally at /pytorch/c10/cuda/CUDAFunctions.cpp:162.)
2026-09-15T04:42:54.316Z   d_ix = c[is_ctx]
2026-09-15T04:42:54.316Z 
2026-09-15T04:42:54.317Z [2;36m[2026-09-15 04:42:54][0m [33mWARNING [0m [2m[py.warnings:112, 0f8858c49d67, rank=0][0m /opt/conda/lib/python3.12/site-packages/olmo_core/nn/pooled_soft_token.py:181: UserWarning: called a synchronizing CUDA operation (Triggered internally at /pytorch/c10/cuda/CUDAFunctions.cpp:162.)
2026-09-15T04:42:54.317Z   pos_ix = is_ctx.nonzero(as_tuple=True)[0]
2026-09-15T04:42:54.317Z 
2026-09-15T04:42:54.318Z [2;36m[2026-09-15 04:42:54][0m [33mWARNING [0m [2m[py.warnings:112, 0f8858c49d67, rank=0][0m /opt/conda/lib/python3.12/site-packages/olmo_core/nn/pooled_soft_token.py:186: UserWarning: called a synchronizing CUDA operation (Triggered internally at /pytorch/c10/cuda/CUDAFunctions.cpp:162.)
2026-09-15T04:42:54.318Z   pooled_docs = pooled.nonzero(as_tuple=True)[0]
2026-09-15T04:42:54.318Z 
2026-09-15T04:42:54.319Z [2;36m[2026-09-15 04:42:54][0m [33mWARNING [0m [2m[py.warnings:112, 0f8858c49d67, rank=0][0m /opt/conda/lib/python3.12/site-packages/olmo_core/nn/pooled_soft_token.py:217: UserWarning: called a synchronizing CUDA operation (Triggered internally at /pytorch/c10/cuda/CUDAFunctions.cpp:162.)
2026-09-15T04:42:54.319Z   doc_len = torch.bincount(c[is_ctx], minlength=n_docs) if is_ctx.any() else torch.zeros(n_docs, dtype=torch.long, device=device)
2026-09-15T04:42:54.319Z 
2026-09-15T04:42:54.319Z [2;36m[2026-09-15 04:42:54][0m [33mWARNING [0m [2m[py.warnings:112, 0f8858c49d67, rank=0][0m /opt/conda/lib/python3.12/site-packages/olmo_core/nn/pooled_soft_token.py:222: UserWarning: called a synchronizing CUDA operation (Triggered internally at /pytorch/c10/cuda/CUDAFunctions.cpp:162.)
2026-09-15T04:42:54.319Z   soft_cols_b = soft_mask.nonzero(as_tuple=True)[0]
2026-09-15T04:42:54.319Z 
2026-09-15T04:42:54.320Z [2;36m[2026-09-15 04:42:54][0m [33mWARNING [0m [2m[py.warnings:112, 0f8858c49d67, rank=0][0m /opt/conda/lib/python3.12/site-packages/olmo_core/nn/pooled_soft_token.py:226: UserWarning: called a synchronizing CUDA operation (Triggered internally at /pytorch/c10/cuda/CUDAFunctions.cpp:162.)
2026-09-15T04:42:54.320Z   cols_l = soft_cols_b.tolist()
2026-09-15T04:42:54.320Z 
2026-09-15T04:42:54.320Z [2;36m[2026-09-15 04:42:54][0m [33mWARNING [0m [2m[py.warnings:112, 0f8858c49d67, rank=0][0m /opt/conda/lib/python3.12/site-packages/olmo_core/nn/pooled_soft_token.py:229: UserWarning: called a synchronizing CUDA operation (Triggered internally at /pytorch/c10/cuda/CUDAFunctions.cpp:162.)
2026-09-15T04:42:54.320Z   soft_docs += docs_b.tolist()
2026-09-15T04:42:54.320Z 
2026-09-15T04:42:54.321Z [2;36m[2026-09-15 04:42:54][0m [33mWARNING [0m [2m[py.warnings:112, 0f8858c49d67, rank=0][0m /opt/conda/lib/python3.12/site-packages/olmo_core/nn/pooled_soft_token.py:230: UserWarning: called a synchronizing CUDA operation (Triggered internally at /pytorch/c10/cuda/CUDAFunctions.cpp:162.)
2026-09-15T04:42:54.321Z   soft_log_len += lens_b.tolist()
2026-09-15T04:42:54.321Z 
2026-09-15T04:42:54.323Z [2;36m[2026-09-15 04:42:54][0m [33mWARNING [0m [2m[py.warnings:112, 0f8858c49d67, rank=0][0m /opt/conda/lib/python3.12/site-packages/olmo_core/nn/pooled_soft_token.py:280: UserWarning: called a synchronizing CUDA operation (Triggered internally at /pytorch/c10/cuda/CUDAFunctions.cpp:162.)
2026-09-15T04:42:54.323Z   row_lens[b] = L
2026-09-15T04:42:54.323Z 
2026-09-15T04:42:54.323Z [2;36m[2026-09-15 04:42:54][0m [33mWARNING [0m [2m[py.warnings:112, 0f8858c49d67, rank=0][0m /opt/conda/lib/python3.12/site-packages/olmo_core/nn/pooled_soft_token.py:297: UserWarning: called a synchronizing CUDA operation (Triggered internally at /pytorch/c10/cuda/CUDAFunctions.cpp:162.)
2026-09-15T04:42:54.323Z   soft_rows=torch.tensor(soft_rows, dtype=torch.long, device=device),
2026-09-15T04:42:54.323Z 
2026-09-15T04:42:54.324Z [2;36m[2026-09-15 04:42:54][0m [33mWARNING [0m [2m[py.warnings:112, 0f8858c49d67, rank=0][0m /opt/conda/lib/python3.12/site-packages/olmo_core/nn/pooled_soft_token.py:298: UserWarning: called a synchronizing CUDA operation (Triggered internally at /pytorch/c10/cuda/CUDAFunctions.cpp:162.)
2026-09-15T04:42:54.324Z   soft_cols=torch.tensor(soft_cols, dtype=torch.long, device=device),
2026-09-15T04:42:54.324Z 
2026-09-15T04:42:54.324Z [2;36m[2026-09-15 04:42:54][0m [33mWARNING [0m [2m[py.warnings:112, 0f8858c49d67, rank=0][0m /opt/conda/lib/python3.12/site-packages/olmo_core/nn/pooled_soft_token.py:299: UserWarning: called a synchronizing CUDA operation (Triggered internally at /pytorch/c10/cuda/CUDAFunctions.cpp:162.)
2026-09-15T04:42:54.324Z   soft_docs=torch.tensor(soft_docs, dtype=torch.long, device=device),
2026-09-15T04:42:54.324Z 
2026-09-15T04:42:54.325Z [2;36m[2026-09-15 04:42:54][0m [33mWARNING [0m [2m[py.warnings:112, 0f8858c49d67, rank=0][0m /opt/conda/lib/python3.12/site-packages/olmo_core/nn/pooled_soft_token.py:301: UserWarning: called a synchronizing CUDA operation (Triggered internally at /pytorch/c10/cuda/CUDAFunctions.cpp:162.)
2026-09-15T04:42:54.325Z   soft_log_len=torch.tensor(soft_log_len, dtype=torch.float32, device=device),
2026-09-15T04:42:54.325Z 
2026-09-15T04:42:54.325Z [2;36m[2026-09-15 04:42:54][0m [33mWARNING [0m [2m[py.warnings:112, 0f8858c49d67, rank=0][0m /opt/conda/lib/python3.12/site-packages/olmo_core/nn/transformer/model.py:1502: UserWarning: called a synchronizing CUDA operation (Triggered internally at /pytorch/c10/cuda/CUDAFunctions.cpp:162.)
2026-09-15T04:42:54.325Z   kv_grad_mask[cb.soft_rows, cb.soft_cols] = False
2026-09-15T04:42:54.325Z 
2026-09-15T04:42:54.541Z [2;36m[2026-09-15 04:42:54][0m [33mWARNING [0m [2m[py.warnings:112, 0f8858c49d67, rank=0][0m /opt/conda/lib/python3.12/site-packages/liger_kernel/ops/fused_linear_cross_entropy.py:75: UserWarning: called a synchronizing CUDA operation (Triggered internally at /pytorch/c10/cuda/CUDAFunctions.cpp:162.)
2026-09-15T04:42:54.541Z   total_n_non_ignore = target_mask.sum().item()
2026-09-15T04:42:54.541Z 
2026-09-15T04:42:55.121Z [2;36m[2026-09-15 04:42:55][0m [33mWARNING [0m [2m[py.warnings:112, 0f8858c49d67, rank=0][0m /opt/conda/lib/python3.12/site-packages/liger_kernel/ops/fused_linear_cross_entropy.py:233: UserWarning: called a synchronizing CUDA operation (Triggered internally at /pytorch/c10/cuda/CUDAFunctions.cpp:162.)
2026-09-15T04:42:55.121Z   if not torch.equal(grad_output, torch.tensor(1.0, device=grad_output.device)):
2026-09-15T04:42:55.121Z 
2026-09-15T04:43:03.780Z [2;36m[2026-09-15 04:43:03][0m [34mINFO    [0m [2m[olmo_core.train.callbacks.console_logger:68, 0f8858c49d67, rank=0][0m [step=36/61,epoch=1,eta=12m]
2026-09-15T04:43:03.780Z     gpu_memory/GPU active mem (%)=76.00
2026-09-15T04:43:03.780Z     gpu_memory/GPU active mem (GiB)=60.23
2026-09-15T04:43:03.780Z     gpu_memory/GPU reserved mem (%)=81.32
2026-09-15T04:43:03.780Z     gpu_memory/GPU reserved mem (GiB)=64.45
2026-09-15T04:43:03.780Z     optim/LR (group 0)=2.12E-06
2026-09-15T04:43:03.780Z     optim/LR (group 1)=2.12E-06
2026-09-15T04:43:03.780Z     optim/step skipped=0.0
2026-09-15T04:43:03.780Z     optim/total grad norm=3.836
2026-09-15T04:43:03.780Z     throughput/chinchilla multiple=5.61E-05
2026-09-15T04:43:03.780Z     throughput/device/BPS=0.0792
2026-09-15T04:43:03.780Z     throughput/device/BPS (actual avg)=0.0339
2026-09-15T04:43:03.780Z     throughput/device/MFU=38.07
2026-09-15T04:43:03.780Z     throughput/device/MFU (actual avg)=16.30
2026-09-15T04:43:03.780Z     throughput/device/TPS=5,187
2026-09-15T04:43:03.780Z     throughput/device/TPS (actual avg)=2,220
2026-09-15T04:43:03.780Z     throughput/device/flopsPS=118.8T
2026-09-15T04:43:03.780Z     throughput/device/flopsPS (actual avg)=50.85T
2026-09-15T04:43:03.780Z     throughput/total petaflops=108.1
2026-09-15T04:43:03.780Z     throughput/total tokens=4,718,592
2026-09-15T04:43:03.780Z     train/CE loss=0.2518
2026-09-15T04:43:03.780Z     throughput/device/data loading (%)=0.0182
2026-09-15T04:43:03.780Z     throughput/device/data loading (s)=0.0023
2026-09-15T04:43:03.780Z     train/PPL=1.286
2026-09-15T04:43:15.383Z [2;36m[2026-09-15 04:43:15][0m [33mWARNING [0m [2m[py.warnings:112, 0f8858c49d67, rank=1][0m /opt/conda/lib/python3.12/site-packages/torch/autograd/graph.py:841: UserWarning: called a synchronizing CUDA operation (Triggered internally at /pytorch/c10/cuda/CUDAFunctions.cpp:162.)
2026-09-15T04:43:15.383Z   return Variable._execution_engine.run_backward(  # Calls into the C++ engine to run the backward pass
2026-09-15T04:43:15.383Z 
2026-09-15T04:43:15.385Z [2;36m[2026-09-15 04:43:15][0m [33mWARNING [0m [2m[py.warnings:112, 0f8858c49d67, rank=1][0m /opt/conda/lib/python3.12/site-packages/torch/distributed/utils.py:106: UserWarning: called a synchronizing CUDA operation (Triggered internally at /pytorch/c10/cuda/CUDAFunctions.cpp:162.)
2026-09-15T04:43:15.385Z   return (obj.to(target_device),)
2026-09-15T04:43:15.385Z 
2026-09-15T04:43:15.394Z [2;36m[2026-09-15 04:43:15][0m [33mWARNING [0m [2m[py.warnings:112, 0f8858c49d67, rank=1][0m /opt/conda/lib/python3.12/site-packages/olmo_core/nn/transformer/model.py:777: UserWarning: called a synchronizing CUDA operation (Triggered internally at /pytorch/c10/cuda/CUDAFunctions.cpp:162.)
2026-09-15T04:43:15.394Z   n_docs = int(chunk_ids.max().item()) + 1
2026-09-15T04:43:15.394Z 
2026-09-15T04:43:15.403Z [2;36m[2026-09-15 04:43:15][0m [33mWARNING [0m [2m[py.warnings:112, 0f8858c49d67, rank=1][0m /opt/conda/lib/python3.12/site-packages/olmo_core/nn/transformer/model.py:834: UserWarning: called a synchronizing CUDA operation (Triggered internally at /pytorch/c10/cuda/CUDAFunctions.cpp:162.)
2026-09-15T04:43:15.403Z   flat = (torch.arange(B, device=emb.device)[:, None] * n_docs + cid.clamp(min=0)).reshape(
2026-09-15T04:43:15.403Z 
2026-09-15T04:43:15.403Z [2;36m[2026-09-15 04:43:15][0m [33mWARNING [0m [2m[py.warnings:112, 0f8858c49d67, rank=1][0m /opt/conda/lib/python3.12/site-packages/olmo_core/nn/transformer/model.py:838: UserWarning: called a synchronizing CUDA operation (Triggered internally at /pytorch/c10/cuda/CUDAFunctions.cpp:162.)
2026-09-15T04:43:15.403Z   0, flat, emb.reshape(B * T, D)[is_ctx.reshape(-1)]
2026-09-15T04:43:15.403Z 
2026-09-15T04:43:15.411Z [2;36m[2026-09-15 04:43:15][0m [33mWARNING [0m [2m[py.warnings:112, 0f8858c49d67, rank=1][0m /opt/conda/lib/python3.12/site-packages/olmo_core/nn/pooled_soft_token.py:173: UserWarning: called a synchronizing CUDA operation (Triggered internally at /pytorch/c10/cuda/CUDAFunctions.cpp:162.)
2026-09-15T04:43:15.411Z   kept_idx = kept_tok.nonzero(as_tuple=True)[0]
2026-09-15T04:43:15.411Z 
2026-09-15T04:43:15.411Z [2;36m[2026-09-15 04:43:15][0m [33mWARNING [0m [2m[py.warnings:112, 0f8858c49d67, rank=1][0m /opt/conda/lib/python3.12/site-packages/olmo_core/nn/pooled_soft_token.py:179: UserWarning: called a synchronizing CUDA operation (Triggered internally at /pytorch/c10/cuda/CUDAFunctions.cpp:162.)
2026-09-15T04:43:15.411Z   if is_ctx.any():
2026-09-15T04:43:15.411Z 
2026-09-15T04:43:15.412Z [2;36m[2026-09-15 04:43:15][0m [33mWARNING [0m [2m[py.warnings:112, 0f8858c49d67, rank=1][0m /opt/conda/lib/python3.12/site-packages/olmo_core/nn/pooled_soft_token.py:180: UserWarning: called a synchronizing CUDA operation (Triggered internally at /pytorch/c10/cuda/CUDAFunctions.cpp:162.)
2026-09-15T04:43:15.412Z   d_ix = c[is_ctx]
2026-09-15T04:43:15.412Z 
2026-09-15T04:43:15.412Z [2;36m[2026-09-15 04:43:15][0m [33mWARNING [0m [2m[py.warnings:112, 0f8858c49d67, rank=1][0m /opt/conda/lib/python3.12/site-packages/olmo_core/nn/pooled_soft_token.py:181: UserWarning: called a synchronizing CUDA operation (Triggered internally at /pytorch/c10/cuda/CUDAFunctions.cpp:162.)
2026-09-15T04:43:15.412Z   pos_ix = is_ctx.nonzero(as_tuple=True)[0]
2026-09-15T04:43:15.412Z 
2026-09-15T04:43:15.413Z [2;36m[2026-09-15 04:43:15][0m [33mWARNING [0m [2m[py.warnings:112, 0f8858c49d67, rank=1][0m /opt/conda/lib/python3.12/site-packages/olmo_core/nn/pooled_soft_token.py:186: UserWarning: called a synchronizing CUDA operation (Triggered internally at /pytorch/c10/cuda/CUDAFunctions.cpp:162.)
2026-09-15T04:43:15.413Z   pooled_docs = pooled.nonzero(as_tuple=True)[0]
2026-09-15T04:43:15.413Z 
2026-09-15T04:43:15.414Z [2;36m[2026-09-15 04:43:15][0m [33mWARNING [0m [2m[py.warnings:112, 0f8858c49d67, rank=1][0m /opt/conda/lib/python3.12/site-packages/olmo_core/nn/pooled_soft_token.py:217: UserWarning: called a synchronizing CUDA operation (Triggered internally at /pytorch/c10/cuda/CUDAFunctions.cpp:162.)
2026-09-15T04:43:15.414Z   doc_len = torch.bincount(c[is_ctx], minlength=n_docs) if is_ctx.any() else torch.zeros(n_docs, dtype=torch.long, device=device)
2026-09-15T04:43:15.414Z 
2026-09-15T04:43:15.414Z [2;36m[2026-09-15 04:43:15][0m [33mWARNING [0m [2m[py.warnings:112, 0f8858c49d67, rank=1][0m /opt/conda/lib/python3.12/site-packages/olmo_core/nn/pooled_soft_token.py:222: UserWarning: called a synchronizing CUDA operation (Triggered internally at /pytorch/c10/cuda/CUDAFunctions.cpp:162.)
2026-09-15T04:43:15.414Z   soft_cols_b = soft_mask.nonzero(as_tuple=True)[0]
2026-09-15T04:43:15.414Z 
2026-09-15T04:43:15.414Z [2;36m[2026-09-15 04:43:15][0m [33mWARNING [0m [2m[py.warnings:112, 0f8858c49d67, rank=1][0m /opt/conda/lib/python3.12/site-packages/olmo_core/nn/pooled_soft_token.py:226: UserWarning: called a synchronizing CUDA operation (Triggered internally at /pytorch/c10/cuda/CUDAFunctions.cpp:162.)
2026-09-15T04:43:15.414Z   cols_l = soft_cols_b.tolist()
2026-09-15T04:43:15.414Z 
2026-09-15T04:43:15.415Z [2;36m[2026-09-15 04:43:15][0m [33mWARNING [0m [2m[py.warnings:112, 0f8858c49d67, rank=1][0m /opt/conda/lib/python3.12/site-packages/olmo_core/nn/pooled_soft_token.py:229: UserWarning: called a synchronizing CUDA operation (Triggered internally at /pytorch/c10/cuda/CUDAFunctions.cpp:162.)
2026-09-15T04:43:15.415Z   soft_docs += docs_b.tolist()
2026-09-15T04:43:15.415Z 
2026-09-15T04:43:15.415Z [2;36m[2026-09-15 04:43:15][0m [33mWARNING [0m [2m[py.warnings:112, 0f8858c49d67, rank=1][0m /opt/conda/lib/python3.12/site-packages/olmo_core/nn/pooled_soft_token.py:230: UserWarning: called a synchronizing CUDA operation (Triggered internally at /pytorch/c10/cuda/CUDAFunctions.cpp:162.)
2026-09-15T04:43:15.415Z   soft_log_len += lens_b.tolist()
2026-09-15T04:43:15.415Z 
2026-09-15T04:43:15.417Z [2;36m[2026-09-15 04:43:15][0m [33mWARNING [0m [2m[py.warnings:112, 0f8858c49d67, rank=1][0m /opt/conda/lib/python3.12/site-packages/olmo_core/nn/pooled_soft_token.py:280: UserWarning: called a synchronizing CUDA operation (Triggered internally at /pytorch/c10/cuda/CUDAFunctions.cpp:162.)
2026-09-15T04:43:15.417Z   row_lens[b] = L
2026-09-15T04:43:15.417Z 
2026-09-15T04:43:15.417Z [2;36m[2026-09-15 04:43:15][0m [33mWARNING [0m [2m[py.warnings:112, 0f8858c49d67, rank=1][0m /opt/conda/lib/python3.12/site-packages/olmo_core/nn/pooled_soft_token.py:297: UserWarning: called a synchronizing CUDA operation (Triggered internally at /pytorch/c10/cuda/CUDAFunctions.cpp:162.)
2026-09-15T04:43:15.417Z   soft_rows=torch.tensor(soft_rows, dtype=torch.long, device=device),
2026-09-15T04:43:15.417Z 
2026-09-15T04:43:15.418Z [2;36m[2026-09-15 04:43:15][0m [33mWARNING [0m [2m[py.warnings:112, 0f8858c49d67, rank=1][0m /opt/conda/lib/python3.12/site-packages/olmo_core/nn/pooled_soft_token.py:298: UserWarning: called a synchronizing CUDA operation (Triggered internally at /pytorch/c10/cuda/CUDAFunctions.cpp:162.)
2026-09-15T04:43:15.418Z   soft_cols=torch.tensor(soft_cols, dtype=torch.long, device=device),
2026-09-15T04:43:15.418Z 
2026-09-15T04:43:15.418Z [2;36m[2026-09-15 04:43:15][0m [33mWARNING [0m [2m[py.warnings:112, 0f8858c49d67, rank=1][0m /opt/conda/lib/python3.12/site-packages/olmo_core/nn/pooled_soft_token.py:299: UserWarning: called a synchronizing CUDA operation (Triggered internally at /pytorch/c10/cuda/CUDAFunctions.cpp:162.)
2026-09-15T04:43:15.418Z   soft_docs=torch.tensor(soft_docs, dtype=torch.long, device=device),
2026-09-15T04:43:15.418Z 
2026-09-15T04:43:15.418Z [2;36m[2026-09-15 04:43:15][0m [33mWARNING [0m [2m[py.warnings:112, 0f8858c49d67, rank=1][0m /opt/conda/lib/python3.12/site-packages/olmo_core/nn/pooled_soft_token.py:301: UserWarning: called a synchronizing CUDA operation (Triggered internally at /pytorch/c10/cuda/CUDAFunctions.cpp:162.)
2026-09-15T04:43:15.418Z   soft_log_len=torch.tensor(soft_log_len, dtype=torch.float32, device=device),
2026-09-15T04:43:15.418Z 
2026-09-15T04:43:15.419Z [2;36m[2026-09-15 04:43:15][0m [33mWARNING [0m [2m[py.warnings:112, 0f8858c49d67, rank=1][0m /opt/conda/lib/python3.12/site-packages/olmo_core/nn/transformer/model.py:1502: UserWarning: called a synchronizing CUDA operation (Triggered internally at /pytorch/c10/cuda/CUDAFunctions.cpp:162.)
2026-09-15T04:43:15.419Z   kv_grad_mask[cb.soft_rows, cb.soft_cols] = False
2026-09-15T04:43:15.419Z 
2026-09-15T04:43:15.610Z [2;36m[2026-09-15 04:43:15][0m [33mWARNING [0m [2m[py.warnings:112, 0f8858c49d67, rank=1][0m /opt/conda/lib/python3.12/site-packages/liger_kernel/ops/fused_linear_cross_entropy.py:75: UserWarning: called a synchronizing CUDA operation (Triggered internally at /pytorch/c10/cuda/CUDAFunctions.cpp:162.)
2026-09-15T04:43:15.610Z   total_n_non_ignore = target_mask.sum().item()
2026-09-15T04:43:15.610Z 
2026-09-15T04:43:16.585Z [2;36m[2026-09-15 04:43:16][0m [33mWARNING [0m [2m[py.warnings:112, 0f8858c49d67, rank=1][0m /opt/conda/lib/python3.12/site-packages/liger_kernel/ops/fused_linear_cross_entropy.py:233: UserWarning: called a synchronizing CUDA operation (Triggered internally at /pytorch/c10/cuda/CUDAFunctions.cpp:162.)
2026-09-15T04:43:16.585Z   if not torch.equal(grad_output, torch.tensor(1.0, device=grad_output.device)):
2026-09-15T04:43:16.585Z 
2026-09-15T04:43:17.363Z [2;36m[2026-09-15 04:43:17][0m [34mINFO    [0m [2m[olmo_core.train.callbacks.console_logger:68, 0f8858c49d67, rank=0][0m [step=37/61,epoch=1,eta=12m]
2026-09-15T04:43:17.363Z     gpu_memory/GPU active mem (%)=76.00
2026-09-15T04:43:17.363Z     gpu_memory/GPU active mem (GiB)=60.23
2026-09-15T04:43:17.363Z     gpu_memory/GPU reserved mem (%)=81.32
2026-09-15T04:43:17.363Z     gpu_memory/GPU reserved mem (GiB)=64.45
2026-09-15T04:43:17.363Z     optim/LR (group 0)=2.03E-06
2026-09-15T04:43:17.363Z     optim/LR (group 1)=2.03E-06
2026-09-15T04:43:17.363Z     optim/step skipped=0.0
2026-09-15T04:43:17.363Z     optim/total grad norm=4.015
2026-09-15T04:43:17.363Z     throughput/chinchilla multiple=5.77E-05
2026-09-15T04:43:17.363Z     throughput/device/BPS=0.0736
2026-09-15T04:43:17.363Z     throughput/device/BPS (actual avg)=0.0344
2026-09-15T04:43:17.363Z     throughput/device/MFU=35.42
2026-09-15T04:43:17.363Z     throughput/device/MFU (actual avg)=16.54
2026-09-15T04:43:17.363Z     throughput/device/TPS=4,825
2026-09-15T04:43:17.363Z     throughput/device/TPS (actual avg)=2,254
2026-09-15T04:43:17.363Z     throughput/device/flopsPS=110.5T
2026-09-15T04:43:17.363Z     throughput/device/flopsPS (actual avg)=51.62T
2026-09-15T04:43:17.363Z     throughput/total petaflops=111.1
2026-09-15T04:43:17.363Z     throughput/total tokens=4,849,664
2026-09-15T04:43:17.363Z     train/CE loss=0.2424
2026-09-15T04:43:17.363Z     throughput/device/data loading (%)=0.0123
2026-09-15T04:43:17.363Z     throughput/device/data loading (s)=0.0017
2026-09-15T04:43:17.363Z     train/PPL=1.274
2026-09-15T04:43:30.055Z [2;36m[2026-09-15 04:43:30][0m [34mINFO    [0m [2m[olmo_core.train.callbacks.console_logger:68, 0f8858c49d67, rank=0][0m [step=38/61,epoch=1,eta=11m]
2026-09-15T04:43:30.055Z     gpu_memory/GPU active mem (%)=76.00
2026-09-15T04:43:30.055Z     gpu_memory/GPU active mem (GiB)=60.23
2026-09-15T04:43:30.055Z     gpu_memory/GPU reserved mem (%)=81.32
2026-09-15T04:43:30.055Z     gpu_memory/GPU reserved mem (GiB)=64.45
2026-09-15T04:43:30.055Z     optim/LR (group 0)=1.95E-06
2026-09-15T04:43:30.055Z     optim/LR (group 1)=1.95E-06
2026-09-15T04:43:30.055Z     optim/step skipped=0.0
2026-09-15T04:43:30.055Z     optim/total grad norm=5.284
2026-09-15T04:43:30.055Z     throughput/chinchilla multiple=5.92E-05
2026-09-15T04:43:30.055Z     throughput/device/BPS=0.0788
2026-09-15T04:43:30.055Z     throughput/device/BPS (actual avg)=0.0349
2026-09-15T04:43:30.055Z     throughput/device/MFU=37.90
2026-09-15T04:43:30.055Z     throughput/device/MFU (actual avg)=16.80
2026-09-15T04:43:30.055Z     throughput/device/TPS=5,163
2026-09-15T04:43:30.055Z     throughput/device/TPS (actual avg)=2,289
2026-09-15T04:43:30.055Z     throughput/device/flopsPS=118.2T
2026-09-15T04:43:30.055Z     throughput/device/flopsPS (actual avg)=52.42T
2026-09-15T04:43:30.055Z     throughput/total petaflops=114.1
2026-09-15T04:43:30.055Z     throughput/total tokens=4,980,736
2026-09-15T04:43:30.055Z     train/CE loss=0.2730
2026-09-15T04:43:30.055Z     throughput/device/data loading (%)=0.0146
2026-09-15T04:43:30.055Z     throughput/device/data loading (s)=0.0019
2026-09-15T04:43:30.055Z     train/PPL=1.314
2026-09-15T04:43:42.674Z [2;36m[2026-09-15 04:43:42][0m [34mINFO    [0m [2m[olmo_core.train.callbacks.console_logger:68, 0f8858c49d67, rank=0][0m [step=39/61,epoch=1,eta=10m]
2026-09-15T04:43:42.674Z     gpu_memory/GPU active mem (%)=76.00
2026-09-15T04:43:42.674Z     gpu_memory/GPU active mem (GiB)=60.23
2026-09-15T04:43:42.674Z     gpu_memory/GPU reserved mem (%)=81.32
2026-09-15T04:43:42.674Z     gpu_memory/GPU reserved mem (GiB)=64.45
2026-09-15T04:43:42.674Z     optim/LR (group 0)=1.86E-06
2026-09-15T04:43:42.674Z     optim/LR (group 1)=1.86E-06
2026-09-15T04:43:42.674Z     optim/step skipped=0.0
2026-09-15T04:43:42.674Z     optim/total grad norm=8.357
2026-09-15T04:43:42.674Z     throughput/chinchilla multiple=6.08E-05
2026-09-15T04:43:42.674Z     throughput/device/BPS=0.0792
2026-09-15T04:43:42.674Z     throughput/device/BPS (actual avg)=0.0354
2026-09-15T04:43:42.674Z     throughput/device/MFU=38.12
2026-09-15T04:43:42.674Z     throughput/device/MFU (actual avg)=17.05
2026-09-15T04:43:42.674Z     throughput/device/TPS=5,193
2026-09-15T04:43:42.674Z     throughput/device/TPS (actual avg)=2,323
2026-09-15T04:43:42.674Z     throughput/device/flopsPS=118.9T
2026-09-15T04:43:42.674Z     throughput/device/flopsPS (actual avg)=53.20T
2026-09-15T04:43:42.674Z     throughput/total petaflops=117.1
2026-09-15T04:43:42.674Z     throughput/total tokens=5,111,808
2026-09-15T04:43:42.674Z     train/CE loss=0.2697
2026-09-15T04:43:42.674Z     throughput/device/data loading (%)=0.0163
2026-09-15T04:43:42.674Z     throughput/device/data loading (s)=0.0021
2026-09-15T04:43:42.674Z     train/PPL=1.310
2026-09-15T04:43:54.811Z [2;36m[2026-09-15 04:43:54][0m [34mINFO    [0m [2m[olmo_core.train.callbacks.console_logger:68, 0f8858c49d67, rank=0][0m [step=40/61,epoch=1,eta=10m]
2026-09-15T04:43:54.812Z     gpu_memory/GPU active mem (%)=76.00
2026-09-15T04:43:54.812Z     gpu_memory/GPU active mem (GiB)=60.23
2026-09-15T04:43:54.812Z     gpu_memory/GPU reserved mem (%)=81.32
2026-09-15T04:43:54.812Z     gpu_memory/GPU reserved mem (GiB)=64.45
2026-09-15T04:43:54.812Z     optim/LR (group 0)=1.78E-06
2026-09-15T04:43:54.812Z     optim/LR (group 1)=1.78E-06
2026-09-15T04:43:54.812Z     optim/step skipped=0.0
2026-09-15T04:43:54.812Z     optim/total grad norm=6.074
2026-09-15T04:43:54.812Z     throughput/chinchilla multiple=6.23E-05
2026-09-15T04:43:54.812Z     throughput/device/BPS=0.0824
2026-09-15T04:43:54.812Z     throughput/device/BPS (actual avg)=0.0360
2026-09-15T04:43:54.812Z     throughput/device/MFU=39.62
2026-09-15T04:43:54.812Z     throughput/device/MFU (actual avg)=17.30
2026-09-15T04:43:54.812Z     throughput/device/TPS=5,398
2026-09-15T04:43:54.812Z     throughput/device/TPS (actual avg)=2,357
2026-09-15T04:43:54.812Z     throughput/device/flopsPS=123.6T
2026-09-15T04:43:54.812Z     throughput/device/flopsPS (actual avg)=53.99T
2026-09-15T04:43:54.812Z     throughput/total petaflops=120.1
2026-09-15T04:43:54.812Z     throughput/total tokens=5,242,880
2026-09-15T04:43:54.812Z     train/CE loss=0.3032
2026-09-15T04:43:54.812Z     throughput/device/data loading (%)=0.0221
2026-09-15T04:43:54.812Z     throughput/device/data loading (s)=0.0027
2026-09-15T04:43:54.812Z     train/PPL=1.354
2026-09-15T04:44:07.994Z [2;36m[2026-09-15 04:44:07][0m [34mINFO    [0m [2m[olmo_core.train.callbacks.console_logger:68, 0f8858c49d67, rank=0][0m [step=41/61,epoch=1,eta=9m]
2026-09-15T04:44:07.994Z     gpu_memory/GPU active mem (%)=76.00
2026-09-15T04:44:07.994Z     gpu_memory/GPU active mem (GiB)=60.23
2026-09-15T04:44:07.994Z     gpu_memory/GPU reserved mem (%)=81.32
2026-09-15T04:44:07.994Z     gpu_memory/GPU reserved mem (GiB)=64.45
2026-09-15T04:44:07.994Z     optim/LR (group 0)=1.69E-06
2026-09-15T04:44:07.994Z     optim/LR (group 1)=1.69E-06
2026-09-15T04:44:07.994Z     optim/step skipped=0.0
2026-09-15T04:44:07.994Z     optim/total grad norm=4.765
2026-09-15T04:44:07.994Z     throughput/chinchilla multiple=6.39E-05
2026-09-15T04:44:07.994Z     throughput/device/BPS=0.0759
2026-09-15T04:44:07.994Z     throughput/device/BPS (actual avg)=0.0365
2026-09-15T04:44:07.994Z     throughput/device/MFU=36.49
2026-09-15T04:44:07.994Z     throughput/device/MFU (actual avg)=17.53
2026-09-15T04:44:07.994Z     throughput/device/TPS=4,971
2026-09-15T04:44:07.994Z     throughput/device/TPS (actual avg)=2,389
2026-09-15T04:44:07.994Z     throughput/device/flopsPS=113.8T
2026-09-15T04:44:07.994Z     throughput/device/flopsPS (actual avg)=54.71T
2026-09-15T04:44:07.994Z     throughput/total petaflops=123.1
2026-09-15T04:44:07.994Z     throughput/total tokens=5,373,952
2026-09-15T04:44:07.994Z     train/CE loss=0.2904
2026-09-15T04:44:07.994Z     throughput/device/data loading (%)=0.0152
2026-09-15T04:44:07.994Z     throughput/device/data loading (s)=0.0020
2026-09-15T04:44:07.994Z     train/PPL=1.337
2026-09-15T04:44:20.389Z [2;36m[2026-09-15 04:44:20][0m [34mINFO    [0m [2m[olmo_core.train.callbacks.console_logger:68, 0f8858c49d67, rank=0][0m [step=42/61,epoch=1,eta=9m]
2026-09-15T04:44:20.389Z     gpu_memory/GPU active mem (%)=76.00
2026-09-15T04:44:20.389Z     gpu_memory/GPU active mem (GiB)=60.23
2026-09-15T04:44:20.389Z     gpu_memory/GPU reserved mem (%)=81.32
2026-09-15T04:44:20.389Z     gpu_memory/GPU reserved mem (GiB)=64.45
2026-09-15T04:44:20.389Z     optim/LR (group 0)=1.61E-06
2026-09-15T04:44:20.389Z     optim/LR (group 1)=1.61E-06
2026-09-15T04:44:20.389Z     optim/step skipped=0.0
2026-09-15T04:44:20.389Z     optim/total grad norm=4.242
2026-09-15T04:44:20.389Z     throughput/chinchilla multiple=6.54E-05
2026-09-15T04:44:20.389Z     throughput/device/BPS=0.0807
2026-09-15T04:44:20.389Z     throughput/device/BPS (actual avg)=0.0369
2026-09-15T04:44:20.389Z     throughput/device/MFU=38.81
2026-09-15T04:44:20.389Z     throughput/device/MFU (actual avg)=17.77
2026-09-15T04:44:20.389Z     throughput/device/TPS=5,288
2026-09-15T04:44:20.389Z     throughput/device/TPS (actual avg)=2,421
2026-09-15T04:44:20.389Z     throughput/device/flopsPS=121.1T
2026-09-15T04:44:20.389Z     throughput/device/flopsPS (actual avg)=55.45T
2026-09-15T04:44:20.389Z     throughput/total petaflops=126.1
2026-09-15T04:44:20.389Z     throughput/total tokens=5,505,024
2026-09-15T04:44:20.389Z     train/CE loss=0.2938
2026-09-15T04:44:20.389Z     throughput/device/data loading (%)=0.0174
2026-09-15T04:44:20.389Z     throughput/device/data loading (s)=0.0022
2026-09-15T04:44:20.389Z     train/PPL=1.342
2026-09-15T04:44:32.947Z [2;36m[2026-09-15 04:44:32][0m [34mINFO    [0m [2m[olmo_core.train.callbacks.console_logger:68, 0f8858c49d67, rank=0][0m [step=43/61,epoch=1,eta=8m]
2026-09-15T04:44:32.947Z     gpu_memory/GPU active mem (%)=76.00
2026-09-15T04:44:32.947Z     gpu_memory/GPU active mem (GiB)=60.23
2026-09-15T04:44:32.947Z     gpu_memory/GPU reserved mem (%)=81.32
2026-09-15T04:44:32.947Z     gpu_memory/GPU reserved mem (GiB)=64.45
2026-09-15T04:44:32.947Z     optim/LR (group 0)=1.53E-06
2026-09-15T04:44:32.947Z     optim/LR (group 1)=1.53E-06
2026-09-15T04:44:32.947Z     optim/step skipped=0.0
2026-09-15T04:44:32.947Z     optim/total grad norm=4.405
2026-09-15T04:44:32.947Z     throughput/chinchilla multiple=6.70E-05
2026-09-15T04:44:32.947Z     throughput/device/BPS=0.0796
2026-09-15T04:44:32.947Z     throughput/device/BPS (actual avg)=0.0374
2026-09-15T04:44:32.947Z     throughput/device/MFU=38.30
2026-09-15T04:44:32.947Z     throughput/device/MFU (actual avg)=18.00
2026-09-15T04:44:32.947Z     throughput/device/TPS=5,218
2026-09-15T04:44:32.947Z     throughput/device/TPS (actual avg)=2,452
2026-09-15T04:44:32.947Z     throughput/device/flopsPS=119.5T
2026-09-15T04:44:32.947Z     throughput/device/flopsPS (actual avg)=56.17T
2026-09-15T04:44:32.947Z     throughput/total petaflops=129.1
2026-09-15T04:44:32.947Z     throughput/total tokens=5,636,096
2026-09-15T04:44:32.947Z     train/CE loss=0.3123
2026-09-15T04:44:32.947Z     throughput/device/data loading (%)=0.0152
2026-09-15T04:44:32.947Z     throughput/device/data loading (s)=0.0019
2026-09-15T04:44:32.947Z     train/PPL=1.367
2026-09-15T04:44:42.274Z [2;36m[2026-09-15 04:44:42][0m [33mWARNING [0m [2m[py.warnings:112, 0f8858c49d67, rank=1][0m /opt/conda/lib/python3.12/site-packages/torch/autograd/graph.py:841: UserWarning: called a synchronizing CUDA operation (Triggered internally at /pytorch/c10/cuda/CUDAFunctions.cpp:162.)
2026-09-15T04:44:42.274Z   return Variable._execution_engine.run_backward(  # Calls into the C++ engine to run the backward pass
2026-09-15T04:44:42.274Z 
2026-09-15T04:44:42.276Z [2;36m[2026-09-15 04:44:42][0m [33mWARNING [0m [2m[py.warnings:112, 0f8858c49d67, rank=1][0m /opt/conda/lib/python3.12/site-packages/torch/distributed/utils.py:106: UserWarning: called a synchronizing CUDA operation (Triggered internally at /pytorch/c10/cuda/CUDAFunctions.cpp:162.)
2026-09-15T04:44:42.276Z   return (obj.to(target_device),)
2026-09-15T04:44:42.276Z 
2026-09-15T04:44:42.287Z [2;36m[2026-09-15 04:44:42][0m [33mWARNING [0m [2m[py.warnings:112, 0f8858c49d67, rank=1][0m /opt/conda/lib/python3.12/site-packages/olmo_core/nn/transformer/model.py:777: UserWarning: called a synchronizing CUDA operation (Triggered internally at /pytorch/c10/cuda/CUDAFunctions.cpp:162.)
2026-09-15T04:44:42.287Z   n_docs = int(chunk_ids.max().item()) + 1
2026-09-15T04:44:42.287Z 
2026-09-15T04:44:42.295Z [2;36m[2026-09-15 04:44:42][0m [33mWARNING [0m [2m[py.warnings:112, 0f8858c49d67, rank=1][0m /opt/conda/lib/python3.12/site-packages/olmo_core/nn/transformer/model.py:834: UserWarning: called a synchronizing CUDA operation (Triggered internally at /pytorch/c10/cuda/CUDAFunctions.cpp:162.)
2026-09-15T04:44:42.295Z   flat = (torch.arange(B, device=emb.device)[:, None] * n_docs + cid.clamp(min=0)).reshape(
2026-09-15T04:44:42.295Z 
2026-09-15T04:44:42.296Z [2;36m[2026-09-15 04:44:42][0m [33mWARNING [0m [2m[py.warnings:112, 0f8858c49d67, rank=1][0m /opt/conda/lib/python3.12/site-packages/olmo_core/nn/transformer/model.py:838: UserWarning: called a synchronizing CUDA operation (Triggered internally at /pytorch/c10/cuda/CUDAFunctions.cpp:162.)
2026-09-15T04:44:42.296Z   0, flat, emb.reshape(B * T, D)[is_ctx.reshape(-1)]
2026-09-15T04:44:42.296Z 
2026-09-15T04:44:42.304Z [2;36m[2026-09-15 04:44:42][0m [33mWARNING [0m [2m[py.warnings:112, 0f8858c49d67, rank=1][0m /opt/conda/lib/python3.12/site-packages/olmo_core/nn/pooled_soft_token.py:173: UserWarning: called a synchronizing CUDA operation (Triggered internally at /pytorch/c10/cuda/CUDAFunctions.cpp:162.)
2026-09-15T04:44:42.304Z   kept_idx = kept_tok.nonzero(as_tuple=True)[0]
2026-09-15T04:44:42.304Z 
2026-09-15T04:44:42.305Z [2;36m[2026-09-15 04:44:42][0m [33mWARNING [0m [2m[py.warnings:112, 0f8858c49d67, rank=1][0m /opt/conda/lib/python3.12/site-packages/olmo_core/nn/pooled_soft_token.py:179: UserWarning: called a synchronizing CUDA operation (Triggered internally at /pytorch/c10/cuda/CUDAFunctions.cpp:162.)
2026-09-15T04:44:42.305Z   if is_ctx.any():
2026-09-15T04:44:42.305Z 
2026-09-15T04:44:42.305Z [2;36m[2026-09-15 04:44:42][0m [33mWARNING [0m [2m[py.warnings:112, 0f8858c49d67, rank=1][0m /opt/conda/lib/python3.12/site-packages/olmo_core/nn/pooled_soft_token.py:180: UserWarning: called a synchronizing CUDA operation (Triggered internally at /pytorch/c10/cuda/CUDAFunctions.cpp:162.)
2026-09-15T04:44:42.305Z   d_ix = c[is_ctx]
2026-09-15T04:44:42.305Z 
2026-09-15T04:44:42.305Z [2;36m[2026-09-15 04:44:42][0m [33mWARNING [0m [2m[py.warnings:112, 0f8858c49d67, rank=1][0m /opt/conda/lib/python3.12/site-packages/olmo_core/nn/pooled_soft_token.py:181: UserWarning: called a synchronizing CUDA operation (Triggered internally at /pytorch/c10/cuda/CUDAFunctions.cpp:162.)
2026-09-15T04:44:42.305Z   pos_ix = is_ctx.nonzero(as_tuple=True)[0]
2026-09-15T04:44:42.305Z 
2026-09-15T04:44:42.306Z [2;36m[2026-09-15 04:44:42][0m [33mWARNING [0m [2m[py.warnings:112, 0f8858c49d67, rank=1][0m /opt/conda/lib/python3.12/site-packages/olmo_core/nn/pooled_soft_token.py:186: UserWarning: called a synchronizing CUDA operation (Triggered internally at /pytorch/c10/cuda/CUDAFunctions.cpp:162.)
2026-09-15T04:44:42.306Z   pooled_docs = pooled.nonzero(as_tuple=True)[0]
2026-09-15T04:44:42.306Z 
2026-09-15T04:44:42.307Z [2;36m[2026-09-15 04:44:42][0m [33mWARNING [0m [2m[py.warnings:112, 0f8858c49d67, rank=1][0m /opt/conda/lib/python3.12/site-packages/olmo_core/nn/pooled_soft_token.py:217: UserWarning: called a synchronizing CUDA operation (Triggered internally at /pytorch/c10/cuda/CUDAFunctions.cpp:162.)
2026-09-15T04:44:42.307Z   doc_len = torch.bincount(c[is_ctx], minlength=n_docs) if is_ctx.any() else torch.zeros(n_docs, dtype=torch.long, device=device)
2026-09-15T04:44:42.307Z 
2026-09-15T04:44:42.307Z [2;36m[2026-09-15 04:44:42][0m [33mWARNING [0m [2m[py.warnings:112, 0f8858c49d67, rank=1][0m /opt/conda/lib/python3.12/site-packages/olmo_core/nn/pooled_soft_token.py:222: UserWarning: called a synchronizing CUDA operation (Triggered internally at /pytorch/c10/cuda/CUDAFunctions.cpp:162.)
2026-09-15T04:44:42.307Z   soft_cols_b = soft_mask.nonzero(as_tuple=True)[0]
2026-09-15T04:44:42.307Z 
2026-09-15T04:44:42.308Z [2;36m[2026-09-15 04:44:42][0m [33mWARNING [0m [2m[py.warnings:112, 0f8858c49d67, rank=1][0m /opt/conda/lib/python3.12/site-packages/olmo_core/nn/pooled_soft_token.py:226: UserWarning: called a synchronizing CUDA operation (Triggered internally at /pytorch/c10/cuda/CUDAFunctions.cpp:162.)
2026-09-15T04:44:42.308Z   cols_l = soft_cols_b.tolist()
2026-09-15T04:44:42.308Z 
2026-09-15T04:44:42.308Z [2;36m[2026-09-15 04:44:42][0m [33mWARNING [0m [2m[py.warnings:112, 0f8858c49d67, rank=1][0m /opt/conda/lib/python3.12/site-packages/olmo_core/nn/pooled_soft_token.py:229: UserWarning: called a synchronizing CUDA operation (Triggered internally at /pytorch/c10/cuda/CUDAFunctions.cpp:162.)
2026-09-15T04:44:42.308Z   soft_docs += docs_b.tolist()
2026-09-15T04:44:42.308Z 
2026-09-15T04:44:42.308Z [2;36m[2026-09-15 04:44:42][0m [33mWARNING [0m [2m[py.warnings:112, 0f8858c49d67, rank=1][0m /opt/conda/lib/python3.12/site-packages/olmo_core/nn/pooled_soft_token.py:230: UserWarning: called a synchronizing CUDA operation (Triggered internally at /pytorch/c10/cuda/CUDAFunctions.cpp:162.)
2026-09-15T04:44:42.308Z   soft_log_len += lens_b.tolist()
2026-09-15T04:44:42.308Z 
2026-09-15T04:44:42.310Z [2;36m[2026-09-15 04:44:42][0m [33mWARNING [0m [2m[py.warnings:112, 0f8858c49d67, rank=1][0m /opt/conda/lib/python3.12/site-packages/olmo_core/nn/pooled_soft_token.py:280: UserWarning: called a synchronizing CUDA operation (Triggered internally at /pytorch/c10/cuda/CUDAFunctions.cpp:162.)
2026-09-15T04:44:42.310Z   row_lens[b] = L
2026-09-15T04:44:42.310Z 
2026-09-15T04:44:42.311Z [2;36m[2026-09-15 04:44:42][0m [33mWARNING [0m [2m[py.warnings:112, 0f8858c49d67, rank=1][0m /opt/conda/lib/python3.12/site-packages/olmo_core/nn/pooled_soft_token.py:297: UserWarning: called a synchronizing CUDA operation (Triggered internally at /pytorch/c10/cuda/CUDAFunctions.cpp:162.)
2026-09-15T04:44:42.311Z   soft_rows=torch.tensor(soft_rows, dtype=torch.long, device=device),
2026-09-15T04:44:42.311Z 
2026-09-15T04:44:42.311Z [2;36m[2026-09-15 04:44:42][0m [33mWARNING [0m [2m[py.warnings:112, 0f8858c49d67, rank=1][0m /opt/conda/lib/python3.12/site-packages/olmo_core/nn/pooled_soft_token.py:298: UserWarning: called a synchronizing CUDA operation (Triggered internally at /pytorch/c10/cuda/CUDAFunctions.cpp:162.)
2026-09-15T04:44:42.311Z   soft_cols=torch.tensor(soft_cols, dtype=torch.long, device=device),
2026-09-15T04:44:42.311Z 
2026-09-15T04:44:42.311Z [2;36m[2026-09-15 04:44:42][0m [33mWARNING [0m [2m[py.warnings:112, 0f8858c49d67, rank=1][0m /opt/conda/lib/python3.12/site-packages/olmo_core/nn/pooled_soft_token.py:299: UserWarning: called a synchronizing CUDA operation (Triggered internally at /pytorch/c10/cuda/CUDAFunctions.cpp:162.)
2026-09-15T04:44:42.311Z   soft_docs=torch.tensor(soft_docs, dtype=torch.long, device=device),
2026-09-15T04:44:42.311Z 
2026-09-15T04:44:42.312Z [2;36m[2026-09-15 04:44:42][0m [33mWARNING [0m [2m[py.warnings:112, 0f8858c49d67, rank=1][0m /opt/conda/lib/python3.12/site-packages/olmo_core/nn/pooled_soft_token.py:301: UserWarning: called a synchronizing CUDA operation (Triggered internally at /pytorch/c10/cuda/CUDAFunctions.cpp:162.)
2026-09-15T04:44:42.312Z   soft_log_len=torch.tensor(soft_log_len, dtype=torch.float32, device=device),
2026-09-15T04:44:42.312Z 
2026-09-15T04:44:42.312Z [2;36m[2026-09-15 04:44:42][0m [33mWARNING [0m [2m[py.warnings:112, 0f8858c49d67, rank=1][0m /opt/conda/lib/python3.12/site-packages/olmo_core/nn/transformer/model.py:1502: UserWarning: called a synchronizing CUDA operation (Triggered internally at /pytorch/c10/cuda/CUDAFunctions.cpp:162.)
2026-09-15T04:44:42.312Z   kv_grad_mask[cb.soft_rows, cb.soft_cols] = False
2026-09-15T04:44:42.312Z 
2026-09-15T04:44:42.502Z [2;36m[2026-09-15 04:44:42][0m [33mWARNING [0m [2m[py.warnings:112, 0f8858c49d67, rank=1][0m /opt/conda/lib/python3.12/site-packages/liger_kernel/ops/fused_linear_cross_entropy.py:75: UserWarning: called a synchronizing CUDA operation (Triggered internally at /pytorch/c10/cuda/CUDAFunctions.cpp:162.)
2026-09-15T04:44:42.502Z   total_n_non_ignore = target_mask.sum().item()
2026-09-15T04:44:42.502Z 
2026-09-15T04:44:43.257Z [2;36m[2026-09-15 04:44:43][0m [33mWARNING [0m [2m[py.warnings:112, 0f8858c49d67, rank=1][0m /opt/conda/lib/python3.12/site-packages/liger_kernel/ops/fused_linear_cross_entropy.py:233: UserWarning: called a synchronizing CUDA operation (Triggered internally at /pytorch/c10/cuda/CUDAFunctions.cpp:162.)
2026-09-15T04:44:43.257Z   if not torch.equal(grad_output, torch.tensor(1.0, device=grad_output.device)):
2026-09-15T04:44:43.257Z 
2026-09-15T04:44:45.797Z [2;36m[2026-09-15 04:44:45][0m [34mINFO    [0m [2m[olmo_core.train.callbacks.console_logger:68, 0f8858c49d67, rank=0][0m [step=44/61,epoch=1,eta=8m]
2026-09-15T04:44:45.797Z     gpu_memory/GPU active mem (%)=76.00
2026-09-15T04:44:45.797Z     gpu_memory/GPU active mem (GiB)=60.23
2026-09-15T04:44:45.797Z     gpu_memory/GPU reserved mem (%)=81.32
2026-09-15T04:44:45.797Z     gpu_memory/GPU reserved mem (GiB)=64.45
2026-09-15T04:44:45.797Z     optim/LR (group 0)=1.44E-06
2026-09-15T04:44:45.797Z     optim/LR (group 1)=1.44E-06
2026-09-15T04:44:45.797Z     optim/step skipped=0.0
2026-09-15T04:44:45.797Z     optim/total grad norm=4.140
2026-09-15T04:44:45.797Z     throughput/chinchilla multiple=6.86E-05
2026-09-15T04:44:45.797Z     throughput/device/BPS=0.0778
2026-09-15T04:44:45.797Z     throughput/device/BPS (actual avg)=0.0379
2026-09-15T04:44:45.797Z     throughput/device/MFU=37.43
2026-09-15T04:44:45.797Z     throughput/device/MFU (actual avg)=18.22
2026-09-15T04:44:45.797Z     throughput/device/TPS=5,099
2026-09-15T04:44:45.797Z     throughput/device/TPS (actual avg)=2,482
2026-09-15T04:44:45.797Z     throughput/device/flopsPS=116.8T
2026-09-15T04:44:45.797Z     throughput/device/flopsPS (actual avg)=56.85T
2026-09-15T04:44:45.797Z     throughput/total petaflops=132.1
2026-09-15T04:44:45.797Z     throughput/total tokens=5,767,168
2026-09-15T04:44:45.797Z     train/CE loss=0.2711
2026-09-15T04:44:45.797Z     throughput/device/data loading (%)=0.0148
2026-09-15T04:44:45.797Z     throughput/device/data loading (s)=0.0019
2026-09-15T04:44:45.797Z     train/PPL=1.311
2026-09-15T04:44:58.289Z [2;36m[2026-09-15 04:44:58][0m [34mINFO    [0m [2m[olmo_core.train.callbacks.console_logger:68, 0f8858c49d67, rank=0][0m [step=45/61,epoch=1,eta=7m]
2026-09-15T04:44:58.289Z     gpu_memory/GPU active mem (%)=76.00
2026-09-15T04:44:58.289Z     gpu_memory/GPU active mem (GiB)=60.23
2026-09-15T04:44:58.289Z     gpu_memory/GPU reserved mem (%)=81.32
2026-09-15T04:44:58.289Z     gpu_memory/GPU reserved mem (GiB)=64.45
2026-09-15T04:44:58.289Z     optim/LR (group 0)=1.36E-06
2026-09-15T04:44:58.289Z     optim/LR (group 1)=1.36E-06
2026-09-15T04:44:58.289Z     optim/step skipped=0.0
2026-09-15T04:44:58.289Z     optim/total grad norm=4.707
2026-09-15T04:44:58.289Z     throughput/chinchilla multiple=7.01E-05
2026-09-15T04:44:58.289Z     throughput/device/BPS=0.0800
2026-09-15T04:44:58.289Z     throughput/device/BPS (actual avg)=0.0383
2026-09-15T04:44:58.289Z     throughput/device/MFU=38.50
2026-09-15T04:44:58.289Z     throughput/device/MFU (actual avg)=18.44
2026-09-15T04:44:58.289Z     throughput/device/TPS=5,245
2026-09-15T04:44:58.289Z     throughput/device/TPS (actual avg)=2,512
2026-09-15T04:44:58.289Z     throughput/device/flopsPS=120.1T
2026-09-15T04:44:58.289Z     throughput/device/flopsPS (actual avg)=57.54T
2026-09-15T04:44:58.289Z     throughput/total petaflops=135.1
2026-09-15T04:44:58.289Z     throughput/total tokens=5,898,240
2026-09-15T04:44:58.289Z     train/CE loss=0.3189
2026-09-15T04:44:58.289Z     throughput/device/data loading (%)=0.0199
2026-09-15T04:44:58.289Z     throughput/device/data loading (s)=0.0025
2026-09-15T04:44:58.289Z     train/PPL=1.376
2026-09-15T04:45:11.461Z [2;36m[2026-09-15 04:45:11][0m [34mINFO    [0m [2m[olmo_core.train.callbacks.console_logger:68, 0f8858c49d67, rank=0][0m [step=46/61,epoch=1,eta=7m]
2026-09-15T04:45:11.461Z     gpu_memory/GPU active mem (%)=76.00
2026-09-15T04:45:11.461Z     gpu_memory/GPU active mem (GiB)=60.23
2026-09-15T04:45:11.461Z     gpu_memory/GPU reserved mem (%)=81.32
2026-09-15T04:45:11.461Z     gpu_memory/GPU reserved mem (GiB)=64.45
2026-09-15T04:45:11.461Z     optim/LR (group 0)=1.27E-06
2026-09-15T04:45:11.461Z     optim/LR (group 1)=1.27E-06
2026-09-15T04:45:11.461Z     optim/step skipped=0.0
2026-09-15T04:45:11.461Z     optim/total grad norm=4.105
2026-09-15T04:45:11.461Z     throughput/chinchilla multiple=7.17E-05
2026-09-15T04:45:11.461Z     throughput/device/BPS=0.0759
2026-09-15T04:45:11.461Z     throughput/device/BPS (actual avg)=0.0388
2026-09-15T04:45:11.461Z     throughput/device/MFU=36.51
2026-09-15T04:45:11.461Z     throughput/device/MFU (actual avg)=18.65
2026-09-15T04:45:11.461Z     throughput/device/TPS=4,974
2026-09-15T04:45:11.461Z     throughput/device/TPS (actual avg)=2,540
2026-09-15T04:45:11.461Z     throughput/device/flopsPS=113.9T
2026-09-15T04:45:11.461Z     throughput/device/flopsPS (actual avg)=58.18T
2026-09-15T04:45:11.461Z     throughput/total petaflops=138.1
2026-09-15T04:45:11.461Z     throughput/total tokens=6,029,312
2026-09-15T04:45:11.461Z     train/CE loss=0.3079
2026-09-15T04:45:11.461Z     throughput/device/data loading (%)=0.0189
2026-09-15T04:45:11.461Z     throughput/device/data loading (s)=0.0025
2026-09-15T04:45:11.461Z     train/PPL=1.361
2026-09-15T04:45:25.178Z [2;36m[2026-09-15 04:45:25][0m [34mINFO    [0m [2m[olmo_core.train.callbacks.console_logger:68, 0f8858c49d67, rank=0][0m [step=47/61,epoch=1,eta=6m]
2026-09-15T04:45:25.178Z     gpu_memory/GPU active mem (%)=76.00
2026-09-15T04:45:25.178Z     gpu_memory/GPU active mem (GiB)=60.23
2026-09-15T04:45:25.178Z     gpu_memory/GPU reserved mem (%)=81.32
2026-09-15T04:45:25.178Z     gpu_memory/GPU reserved mem (GiB)=64.45
2026-09-15T04:45:25.178Z     optim/LR (group 0)=1.19E-06
2026-09-15T04:45:25.178Z     optim/LR (group 1)=1.19E-06
2026-09-15T04:45:25.178Z     optim/step skipped=0.0
2026-09-15T04:45:25.178Z     optim/total grad norm=8.369
2026-09-15T04:45:25.178Z     throughput/chinchilla multiple=7.32E-05
2026-09-15T04:45:25.178Z     throughput/device/BPS=0.0729
2026-09-15T04:45:25.178Z     throughput/device/BPS (actual avg)=0.0392
2026-09-15T04:45:25.178Z     throughput/device/MFU=35.07
2026-09-15T04:45:25.178Z     throughput/device/MFU (actual avg)=18.84
2026-09-15T04:45:25.178Z     throughput/device/TPS=4,778
2026-09-15T04:45:25.178Z     throughput/device/TPS (actual avg)=2,566
2026-09-15T04:45:25.178Z     throughput/device/flopsPS=109.4T
2026-09-15T04:45:25.178Z     throughput/device/flopsPS (actual avg)=58.78T
2026-09-15T04:45:25.178Z     throughput/total petaflops=141.1
2026-09-15T04:45:25.178Z     throughput/total tokens=6,160,384
2026-09-15T04:45:25.178Z     train/CE loss=0.2948
2026-09-15T04:45:25.178Z     throughput/device/data loading (%)=0.0139
2026-09-15T04:45:25.178Z     throughput/device/data loading (s)=0.0019
2026-09-15T04:45:25.178Z     train/PPL=1.343
2026-09-15T04:45:38.074Z [2;36m[2026-09-15 04:45:38][0m [34mINFO    [0m [2m[olmo_core.train.callbacks.console_logger:68, 0f8858c49d67, rank=0][0m [step=48/61,epoch=1,eta=6m]
2026-09-15T04:45:38.074Z     gpu_memory/GPU active mem (%)=76.00
2026-09-15T04:45:38.074Z     gpu_memory/GPU active mem (GiB)=60.23
2026-09-15T04:45:38.074Z     gpu_memory/GPU reserved mem (%)=81.32
2026-09-15T04:45:38.074Z     gpu_memory/GPU reserved mem (GiB)=64.45
2026-09-15T04:45:38.074Z     optim/LR (group 0)=1.10E-06
2026-09-15T04:45:38.074Z     optim/LR (group 1)=1.10E-06
2026-09-15T04:45:38.074Z     optim/step skipped=0.0
2026-09-15T04:45:38.074Z     optim/total grad norm=5.756
2026-09-15T04:45:38.074Z     throughput/chinchilla multiple=7.48E-05
2026-09-15T04:45:38.074Z     throughput/device/BPS=0.0775
2026-09-15T04:45:38.074Z     throughput/device/BPS (actual avg)=0.0396
2026-09-15T04:45:38.074Z     throughput/device/MFU=37.30
2026-09-15T04:45:38.074Z     throughput/device/MFU (actual avg)=19.04
2026-09-15T04:45:38.074Z     throughput/device/TPS=5,082
2026-09-15T04:45:38.074Z     throughput/device/TPS (actual avg)=2,594
2026-09-15T04:45:38.074Z     throughput/device/flopsPS=116.4T
2026-09-15T04:45:38.074Z     throughput/device/flopsPS (actual avg)=59.41T
2026-09-15T04:45:38.074Z     throughput/total petaflops=144.1
2026-09-15T04:45:38.074Z     throughput/total tokens=6,291,456
2026-09-15T04:45:38.074Z     train/CE loss=0.2996
2026-09-15T04:45:38.074Z     throughput/device/data loading (%)=0.0137
2026-09-15T04:45:38.074Z     throughput/device/data loading (s)=0.0018
2026-09-15T04:45:38.074Z     train/PPL=1.349
2026-09-15T04:45:50.155Z [2;36m[2026-09-15 04:45:50][0m [34mINFO    [0m [2m[olmo_core.train.callbacks.console_logger:68, 0f8858c49d67, rank=0][0m [step=49/61,epoch=1,eta=5m]
2026-09-15T04:45:50.155Z     gpu_memory/GPU active mem (%)=76.00
2026-09-15T04:45:50.155Z     gpu_memory/GPU active mem (GiB)=60.23
2026-09-15T04:45:50.155Z     gpu_memory/GPU reserved mem (%)=81.32
2026-09-15T04:45:50.155Z     gpu_memory/GPU reserved mem (GiB)=64.45
2026-09-15T04:45:50.155Z     optim/LR (group 0)=1.02E-06
2026-09-15T04:45:50.155Z     optim/LR (group 1)=1.02E-06
2026-09-15T04:45:50.155Z     optim/step skipped=0.0
2026-09-15T04:45:50.155Z     optim/total grad norm=4.664
2026-09-15T04:45:50.155Z     throughput/chinchilla multiple=7.64E-05
2026-09-15T04:45:50.155Z     throughput/device/BPS=0.0828
2026-09-15T04:45:50.155Z     throughput/device/BPS (actual avg)=0.0400
2026-09-15T04:45:50.155Z     throughput/device/MFU=39.81
2026-09-15T04:45:50.155Z     throughput/device/MFU (actual avg)=19.25
2026-09-15T04:45:50.155Z     throughput/device/TPS=5,424
2026-09-15T04:45:50.155Z     throughput/device/TPS (actual avg)=2,622
2026-09-15T04:45:50.155Z     throughput/device/flopsPS=124.2T
2026-09-15T04:45:50.155Z     throughput/device/flopsPS (actual avg)=60.06T
2026-09-15T04:45:50.155Z     throughput/total petaflops=147.1
2026-09-15T04:45:50.155Z     throughput/total tokens=6,422,528
2026-09-15T04:45:50.155Z     train/CE loss=0.2958
2026-09-15T04:45:50.155Z     throughput/device/data loading (%)=0.0186
2026-09-15T04:45:50.155Z     throughput/device/data loading (s)=0.0022
2026-09-15T04:45:50.155Z     train/PPL=1.344
2026-09-15T04:45:59.504Z [2;36m[2026-09-15 04:45:59][0m [33mWARNING [0m [2m[py.warnings:112, 0f8858c49d67, rank=0][0m /opt/conda/lib/python3.12/site-packages/torch/autograd/graph.py:841: UserWarning: called a synchronizing CUDA operation (Triggered internally at /pytorch/c10/cuda/CUDAFunctions.cpp:162.)
2026-09-15T04:45:59.504Z   return Variable._execution_engine.run_backward(  # Calls into the C++ engine to run the backward pass
2026-09-15T04:45:59.504Z 
2026-09-15T04:45:59.511Z [2;36m[2026-09-15 04:45:59][0m [33mWARNING [0m [2m[py.warnings:112, 0f8858c49d67, rank=0][0m /opt/conda/lib/python3.12/site-packages/torch/distributed/utils.py:106: UserWarning: called a synchronizing CUDA operation (Triggered internally at /pytorch/c10/cuda/CUDAFunctions.cpp:162.)
2026-09-15T04:45:59.511Z   return (obj.to(target_device),)
2026-09-15T04:45:59.511Z 
2026-09-15T04:45:59.520Z [2;36m[2026-09-15 04:45:59][0m [33mWARNING [0m [2m[py.warnings:112, 0f8858c49d67, rank=0][0m /opt/conda/lib/python3.12/site-packages/olmo_core/nn/transformer/model.py:777: UserWarning: called a synchronizing CUDA operation (Triggered internally at /pytorch/c10/cuda/CUDAFunctions.cpp:162.)
2026-09-15T04:45:59.520Z   n_docs = int(chunk_ids.max().item()) + 1
2026-09-15T04:45:59.520Z 
2026-09-15T04:45:59.529Z [2;36m[2026-09-15 04:45:59][0m [33mWARNING [0m [2m[py.warnings:112, 0f8858c49d67, rank=0][0m /opt/conda/lib/python3.12/site-packages/olmo_core/nn/transformer/model.py:834: UserWarning: called a synchronizing CUDA operation (Triggered internally at /pytorch/c10/cuda/CUDAFunctions.cpp:162.)
2026-09-15T04:45:59.529Z   flat = (torch.arange(B, device=emb.device)[:, None] * n_docs + cid.clamp(min=0)).reshape(
2026-09-15T04:45:59.529Z 
2026-09-15T04:45:59.529Z [2;36m[2026-09-15 04:45:59][0m [33mWARNING [0m [2m[py.warnings:112, 0f8858c49d67, rank=0][0m /opt/conda/lib/python3.12/site-packages/olmo_core/nn/transformer/model.py:838: UserWarning: called a synchronizing CUDA operation (Triggered internally at /pytorch/c10/cuda/CUDAFunctions.cpp:162.)
2026-09-15T04:45:59.529Z   0, flat, emb.reshape(B * T, D)[is_ctx.reshape(-1)]
2026-09-15T04:45:59.529Z 
2026-09-15T04:45:59.536Z [2;36m[2026-09-15 04:45:59][0m [33mWARNING [0m [2m[py.warnings:112, 0f8858c49d67, rank=0][0m /opt/conda/lib/python3.12/site-packages/olmo_core/nn/pooled_soft_token.py:173: UserWarning: called a synchronizing CUDA operation (Triggered internally at /pytorch/c10/cuda/CUDAFunctions.cpp:162.)
2026-09-15T04:45:59.536Z   kept_idx = kept_tok.nonzero(as_tuple=True)[0]
2026-09-15T04:45:59.536Z 
2026-09-15T04:45:59.537Z [2;36m[2026-09-15 04:45:59][0m [33mWARNING [0m [2m[py.warnings:112, 0f8858c49d67, rank=0][0m /opt/conda/lib/python3.12/site-packages/olmo_core/nn/pooled_soft_token.py:179: UserWarning: called a synchronizing CUDA operation (Triggered internally at /pytorch/c10/cuda/CUDAFunctions.cpp:162.)
2026-09-15T04:45:59.537Z   if is_ctx.any():
2026-09-15T04:45:59.537Z 
2026-09-15T04:45:59.537Z [2;36m[2026-09-15 04:45:59][0m [33mWARNING [0m [2m[py.warnings:112, 0f8858c49d67, rank=0][0m /opt/conda/lib/python3.12/site-packages/olmo_core/nn/pooled_soft_token.py:180: UserWarning: called a synchronizing CUDA operation (Triggered internally at /pytorch/c10/cuda/CUDAFunctions.cpp:162.)
2026-09-15T04:45:59.537Z   d_ix = c[is_ctx]
2026-09-15T04:45:59.537Z 
2026-09-15T04:45:59.538Z [2;36m[2026-09-15 04:45:59][0m [33mWARNING [0m [2m[py.warnings:112, 0f8858c49d67, rank=0][0m /opt/conda/lib/python3.12/site-packages/olmo_core/nn/pooled_soft_token.py:181: UserWarning: called a synchronizing CUDA operation (Triggered internally at /pytorch/c10/cuda/CUDAFunctions.cpp:162.)
2026-09-15T04:45:59.538Z   pos_ix = is_ctx.nonzero(as_tuple=True)[0]
2026-09-15T04:45:59.538Z 
2026-09-15T04:45:59.538Z [2;36m[2026-09-15 04:45:59][0m [33mWARNING [0m [2m[py.warnings:112, 0f8858c49d67, rank=0][0m /opt/conda/lib/python3.12/site-packages/olmo_core/nn/pooled_soft_token.py:186: UserWarning: called a synchronizing CUDA operation (Triggered internally at /pytorch/c10/cuda/CUDAFunctions.cpp:162.)
2026-09-15T04:45:59.538Z   pooled_docs = pooled.nonzero(as_tuple=True)[0]
2026-09-15T04:45:59.538Z 
2026-09-15T04:45:59.539Z [2;36m[2026-09-15 04:45:59][0m [33mWARNING [0m [2m[py.warnings:112, 0f8858c49d67, rank=0][0m /opt/conda/lib/python3.12/site-packages/olmo_core/nn/pooled_soft_token.py:217: UserWarning: called a synchronizing CUDA operation (Triggered internally at /pytorch/c10/cuda/CUDAFunctions.cpp:162.)
2026-09-15T04:45:59.539Z   doc_len = torch.bincount(c[is_ctx], minlength=n_docs) if is_ctx.any() else torch.zeros(n_docs, dtype=torch.long, device=device)
2026-09-15T04:45:59.539Z 
2026-09-15T04:45:59.540Z [2;36m[2026-09-15 04:45:59][0m [33mWARNING [0m [2m[py.warnings:112, 0f8858c49d67, rank=0][0m /opt/conda/lib/python3.12/site-packages/olmo_core/nn/pooled_soft_token.py:222: UserWarning: called a synchronizing CUDA operation (Triggered internally at /pytorch/c10/cuda/CUDAFunctions.cpp:162.)
2026-09-15T04:45:59.540Z   soft_cols_b = soft_mask.nonzero(as_tuple=True)[0]
2026-09-15T04:45:59.540Z 
2026-09-15T04:45:59.540Z [2;36m[2026-09-15 04:45:59][0m [33mWARNING [0m [2m[py.warnings:112, 0f8858c49d67, rank=0][0m /opt/conda/lib/python3.12/site-packages/olmo_core/nn/pooled_soft_token.py:226: UserWarning: called a synchronizing CUDA operation (Triggered internally at /pytorch/c10/cuda/CUDAFunctions.cpp:162.)
2026-09-15T04:45:59.540Z   cols_l = soft_cols_b.tolist()
2026-09-15T04:45:59.540Z 
2026-09-15T04:45:59.541Z [2;36m[2026-09-15 04:45:59][0m [33mWARNING [0m [2m[py.warnings:112, 0f8858c49d67, rank=0][0m /opt/conda/lib/python3.12/site-packages/olmo_core/nn/pooled_soft_token.py:229: UserWarning: called a synchronizing CUDA operation (Triggered internally at /pytorch/c10/cuda/CUDAFunctions.cpp:162.)
2026-09-15T04:45:59.541Z   soft_docs += docs_b.tolist()
2026-09-15T04:45:59.541Z 
2026-09-15T04:45:59.541Z [2;36m[2026-09-15 04:45:59][0m [33mWARNING [0m [2m[py.warnings:112, 0f8858c49d67, rank=0][0m /opt/conda/lib/python3.12/site-packages/olmo_core/nn/pooled_soft_token.py:230: UserWarning: called a synchronizing CUDA operation (Triggered internally at /pytorch/c10/cuda/CUDAFunctions.cpp:162.)
2026-09-15T04:45:59.541Z   soft_log_len += lens_b.tolist()
2026-09-15T04:45:59.541Z 
2026-09-15T04:45:59.543Z [2;36m[2026-09-15 04:45:59][0m [33mWARNING [0m [2m[py.warnings:112, 0f8858c49d67, rank=0][0m /opt/conda/lib/python3.12/site-packages/olmo_core/nn/pooled_soft_token.py:280: UserWarning: called a synchronizing CUDA operation (Triggered internally at /pytorch/c10/cuda/CUDAFunctions.cpp:162.)
2026-09-15T04:45:59.543Z   row_lens[b] = L
2026-09-15T04:45:59.543Z 
2026-09-15T04:45:59.544Z [2;36m[2026-09-15 04:45:59][0m [33mWARNING [0m [2m[py.warnings:112, 0f8858c49d67, rank=0][0m /opt/conda/lib/python3.12/site-packages/olmo_core/nn/pooled_soft_token.py:297: UserWarning: called a synchronizing CUDA operation (Triggered internally at /pytorch/c10/cuda/CUDAFunctions.cpp:162.)
2026-09-15T04:45:59.544Z   soft_rows=torch.tensor(soft_rows, dtype=torch.long, device=device),
2026-09-15T04:45:59.544Z 
2026-09-15T04:45:59.544Z [2;36m[2026-09-15 04:45:59][0m [33mWARNING [0m [2m[py.warnings:112, 0f8858c49d67, rank=0][0m /opt/conda/lib/python3.12/site-packages/olmo_core/nn/pooled_soft_token.py:298: UserWarning: called a synchronizing CUDA operation (Triggered internally at /pytorch/c10/cuda/CUDAFunctions.cpp:162.)
2026-09-15T04:45:59.544Z   soft_cols=torch.tensor(soft_cols, dtype=torch.long, device=device),
2026-09-15T04:45:59.544Z 
2026-09-15T04:45:59.545Z [2;36m[2026-09-15 04:45:59][0m [33mWARNING [0m [2m[py.warnings:112, 0f8858c49d67, rank=0][0m /opt/conda/lib/python3.12/site-packages/olmo_core/nn/pooled_soft_token.py:299: UserWarning: called a synchronizing CUDA operation (Triggered internally at /pytorch/c10/cuda/CUDAFunctions.cpp:162.)
2026-09-15T04:45:59.545Z   soft_docs=torch.tensor(soft_docs, dtype=torch.long, device=device),
2026-09-15T04:45:59.545Z 
2026-09-15T04:45:59.545Z [2;36m[2026-09-15 04:45:59][0m [33mWARNING [0m [2m[py.warnings:112, 0f8858c49d67, rank=0][0m /opt/conda/lib/python3.12/site-packages/olmo_core/nn/pooled_soft_token.py:301: UserWarning: called a synchronizing CUDA operation (Triggered internally at /pytorch/c10/cuda/CUDAFunctions.cpp:162.)
2026-09-15T04:45:59.545Z   soft_log_len=torch.tensor(soft_log_len, dtype=torch.float32, device=device),
2026-09-15T04:45:59.545Z 
2026-09-15T04:45:59.546Z [2;36m[2026-09-15 04:45:59][0m [33mWARNING [0m [2m[py.warnings:112, 0f8858c49d67, rank=0][0m /opt/conda/lib/python3.12/site-packages/olmo_core/nn/transformer/model.py:1502: UserWarning: called a synchronizing CUDA operation (Triggered internally at /pytorch/c10/cuda/CUDAFunctions.cpp:162.)
2026-09-15T04:45:59.546Z   kv_grad_mask[cb.soft_rows, cb.soft_cols] = False
2026-09-15T04:45:59.546Z 
2026-09-15T04:45:59.710Z [2;36m[2026-09-15 04:45:59][0m [33mWARNING [0m [2m[py.warnings:112, 0f8858c49d67, rank=0][0m /opt/conda/lib/python3.12/site-packages/liger_kernel/ops/fused_linear_cross_entropy.py:75: UserWarning: called a synchronizing CUDA operation (Triggered internally at /pytorch/c10/cuda/CUDAFunctions.cpp:162.)
2026-09-15T04:45:59.710Z   total_n_non_ignore = target_mask.sum().item()
2026-09-15T04:45:59.710Z 
2026-09-15T04:46:00.526Z [2;36m[2026-09-15 04:46:00][0m [33mWARNING [0m [2m[py.warnings:112, 0f8858c49d67, rank=0][0m /opt/conda/lib/python3.12/site-packages/liger_kernel/ops/fused_linear_cross_entropy.py:233: UserWarning: called a synchronizing CUDA operation (Triggered internally at /pytorch/c10/cuda/CUDAFunctions.cpp:162.)
2026-09-15T04:46:00.526Z   if not torch.equal(grad_output, torch.tensor(1.0, device=grad_output.device)):
2026-09-15T04:46:00.526Z 
2026-09-15T04:46:02.478Z [2;36m[2026-09-15 04:46:02][0m [34mINFO    [0m [2m[olmo_core.train.callbacks.flop_meter:165, 0f8858c49d67, rank=0][0m [flop-meter] step 50: actual 47.18 PF, dense-equivalent 80.65 PF (ratio 0.585), tokens 3.5M
2026-09-15T04:46:02.540Z [2;36m[2026-09-15 04:46:02][0m [34mINFO    [0m [2m[olmo_core.train.callbacks.console_logger:68, 0f8858c49d67, rank=0][0m [step=50/61,epoch=1,eta=5m]
2026-09-15T04:46:02.540Z     gpu_memory/GPU active mem (%)=76.00
2026-09-15T04:46:02.540Z     gpu_memory/GPU active mem (GiB)=60.23
2026-09-15T04:46:02.540Z     gpu_memory/GPU reserved mem (%)=81.32
2026-09-15T04:46:02.540Z     gpu_memory/GPU reserved mem (GiB)=64.45
2026-09-15T04:46:02.540Z     optim/LR (group 0)=9.32E-07
2026-09-15T04:46:02.540Z     optim/LR (group 1)=9.32E-07
2026-09-15T04:46:02.540Z     optim/step skipped=0.0
2026-09-15T04:46:02.540Z     optim/total grad norm=3.616
2026-09-15T04:46:02.540Z     throughput/chinchilla multiple=7.79E-05
2026-09-15T04:46:02.540Z     throughput/device/BPS=0.0807
2026-09-15T04:46:02.540Z     throughput/device/BPS (actual avg)=0.0404
2026-09-15T04:46:02.540Z     throughput/device/MFU=38.83
2026-09-15T04:46:02.540Z     throughput/device/MFU (actual avg)=19.45
2026-09-15T04:46:02.540Z     throughput/device/TPS=5,290
2026-09-15T04:46:02.540Z     throughput/device/TPS (actual avg)=2,649
2026-09-15T04:46:02.540Z     throughput/device/flopsPS=121.2T
2026-09-15T04:46:02.540Z     throughput/device/flopsPS (actual avg)=60.68T
2026-09-15T04:46:02.540Z     throughput/total petaflops=150.1
2026-09-15T04:46:02.540Z     throughput/total tokens=6,553,600
2026-09-15T04:46:02.540Z     train/CE loss=0.2882
2026-09-15T04:46:02.540Z     throughput/device/data loading (%)=0.0123
2026-09-15T04:46:02.540Z     throughput/device/data loading (s)=0.0015
2026-09-15T04:46:02.540Z     train/PPL=1.334
2026-09-15T04:46:15.284Z [2;36m[2026-09-15 04:46:15][0m [34mINFO    [0m [2m[olmo_core.train.callbacks.console_logger:68, 0f8858c49d67, rank=0][0m [step=51/61,epoch=1,eta=4m]
2026-09-15T04:46:15.284Z     gpu_memory/GPU active mem (%)=76.00
2026-09-15T04:46:15.284Z     gpu_memory/GPU active mem (GiB)=60.23
2026-09-15T04:46:15.284Z     gpu_memory/GPU reserved mem (%)=81.32
2026-09-15T04:46:15.284Z     gpu_memory/GPU reserved mem (GiB)=64.45
2026-09-15T04:46:15.284Z     optim/LR (group 0)=8.47E-07
2026-09-15T04:46:15.284Z     optim/LR (group 1)=8.47E-07
2026-09-15T04:46:15.284Z     optim/step skipped=0.0
2026-09-15T04:46:15.284Z     optim/total grad norm=3.901
2026-09-15T04:46:15.284Z     throughput/chinchilla multiple=7.95E-05
2026-09-15T04:46:15.284Z     throughput/device/BPS=0.0785
2026-09-15T04:46:15.284Z     throughput/device/BPS (actual avg)=0.0408
2026-09-15T04:46:15.284Z     throughput/device/MFU=37.75
2026-09-15T04:46:15.284Z     throughput/device/MFU (actual avg)=19.64
2026-09-15T04:46:15.284Z     throughput/device/TPS=5,142
2026-09-15T04:46:15.284Z     throughput/device/TPS (actual avg)=2,675
2026-09-15T04:46:15.284Z     throughput/device/flopsPS=117.8T
2026-09-15T04:46:15.284Z     throughput/device/flopsPS (actual avg)=61.28T
2026-09-15T04:46:15.284Z     throughput/total petaflops=153.1
2026-09-15T04:46:15.284Z     throughput/total tokens=6,684,672
2026-09-15T04:46:15.284Z     train/CE loss=0.2977
2026-09-15T04:46:15.284Z     throughput/device/data loading (%)=0.0211
2026-09-15T04:46:15.284Z     throughput/device/data loading (s)=0.0027
2026-09-15T04:46:15.284Z     train/PPL=1.347
2026-09-15T04:46:28.373Z [2;36m[2026-09-15 04:46:28][0m [34mINFO    [0m [2m[olmo_core.train.callbacks.console_logger:68, 0f8858c49d67, rank=0][0m [step=52/61,epoch=1,eta=4m]
2026-09-15T04:46:28.373Z     gpu_memory/GPU active mem (%)=76.00
2026-09-15T04:46:28.373Z     gpu_memory/GPU active mem (GiB)=60.23
2026-09-15T04:46:28.373Z     gpu_memory/GPU reserved mem (%)=81.32
2026-09-15T04:46:28.373Z     gpu_memory/GPU reserved mem (GiB)=64.45
2026-09-15T04:46:28.373Z     optim/LR (group 0)=7.63E-07
2026-09-15T04:46:28.373Z     optim/LR (group 1)=7.63E-07
2026-09-15T04:46:28.373Z     optim/step skipped=0.0
2026-09-15T04:46:28.373Z     optim/total grad norm=3.073
2026-09-15T04:46:28.373Z     throughput/chinchilla multiple=8.10E-05
2026-09-15T04:46:28.373Z     throughput/device/BPS=0.0764
2026-09-15T04:46:28.373Z     throughput/device/BPS (actual avg)=0.0412
2026-09-15T04:46:28.373Z     throughput/device/MFU=36.76
2026-09-15T04:46:28.373Z     throughput/device/MFU (actual avg)=19.82
2026-09-15T04:46:28.373Z     throughput/device/TPS=5,008
2026-09-15T04:46:28.373Z     throughput/device/TPS (actual avg)=2,700
2026-09-15T04:46:28.373Z     throughput/device/flopsPS=114.7T
2026-09-15T04:46:28.373Z     throughput/device/flopsPS (actual avg)=61.84T
2026-09-15T04:46:28.373Z     throughput/total petaflops=156.1
2026-09-15T04:46:28.373Z     throughput/total tokens=6,815,744
2026-09-15T04:46:28.373Z     train/CE loss=0.2722
2026-09-15T04:46:28.373Z     throughput/device/data loading (%)=0.0140
2026-09-15T04:46:28.373Z     throughput/device/data loading (s)=0.0018
2026-09-15T04:46:28.373Z     train/PPL=1.313
2026-09-15T04:46:40.753Z [2;36m[2026-09-15 04:46:40][0m [34mINFO    [0m [2m[olmo_core.train.callbacks.console_logger:68, 0f8858c49d67, rank=0][0m [step=53/61,epoch=1,eta=3m]
2026-09-15T04:46:40.753Z     gpu_memory/GPU active mem (%)=76.00
2026-09-15T04:46:40.753Z     gpu_memory/GPU active mem (GiB)=60.23
2026-09-15T04:46:40.753Z     gpu_memory/GPU reserved mem (%)=81.32
2026-09-15T04:46:40.753Z     gpu_memory/GPU reserved mem (GiB)=64.45
2026-09-15T04:46:40.753Z     optim/LR (group 0)=6.78E-07
2026-09-15T04:46:40.753Z     optim/LR (group 1)=6.78E-07
2026-09-15T04:46:40.753Z     optim/step skipped=0.0
2026-09-15T04:46:40.753Z     optim/total grad norm=3.809
2026-09-15T04:46:40.753Z     throughput/chinchilla multiple=8.26E-05
2026-09-15T04:46:40.753Z     throughput/device/BPS=0.0807
2026-09-15T04:46:40.753Z     throughput/device/BPS (actual avg)=0.0416
2026-09-15T04:46:40.753Z     throughput/device/MFU=38.84
2026-09-15T04:46:40.753Z     throughput/device/MFU (actual avg)=20.01
2026-09-15T04:46:40.753Z     throughput/device/TPS=5,291
2026-09-15T04:46:40.753Z     throughput/device/TPS (actual avg)=2,726
2026-09-15T04:46:40.753Z     throughput/device/flopsPS=121.2T
2026-09-15T04:46:40.753Z     throughput/device/flopsPS (actual avg)=62.43T
2026-09-15T04:46:40.753Z     throughput/total petaflops=159.1
2026-09-15T04:46:40.753Z     throughput/total tokens=6,946,816
2026-09-15T04:46:40.753Z     train/CE loss=0.2863
2026-09-15T04:46:40.753Z     throughput/device/data loading (%)=0.0624
2026-09-15T04:46:40.753Z     throughput/device/data loading (s)=0.0077
2026-09-15T04:46:40.753Z     train/PPL=1.332
2026-09-15T04:46:53.145Z [2;36m[2026-09-15 04:46:53][0m [34mINFO    [0m [2m[olmo_core.train.callbacks.console_logger:68, 0f8858c49d67, rank=0][0m [step=54/61,epoch=1,eta=3m]
2026-09-15T04:46:53.145Z     gpu_memory/GPU active mem (%)=76.00
2026-09-15T04:46:53.145Z     gpu_memory/GPU active mem (GiB)=60.23
2026-09-15T04:46:53.145Z     gpu_memory/GPU reserved mem (%)=81.32
2026-09-15T04:46:53.145Z     gpu_memory/GPU reserved mem (GiB)=64.45
2026-09-15T04:46:53.145Z     optim/LR (group 0)=5.93E-07
2026-09-15T04:46:53.145Z     optim/LR (group 1)=5.93E-07
2026-09-15T04:46:53.145Z     optim/step skipped=0.0
2026-09-15T04:46:53.145Z     optim/total grad norm=3.644
2026-09-15T04:46:53.145Z     throughput/chinchilla multiple=8.41E-05
2026-09-15T04:46:53.145Z     throughput/device/BPS=0.0807
2026-09-15T04:46:53.145Z     throughput/device/BPS (actual avg)=0.0420
2026-09-15T04:46:53.145Z     throughput/device/MFU=38.82
2026-09-15T04:46:53.145Z     throughput/device/MFU (actual avg)=20.19
2026-09-15T04:46:53.145Z     throughput/device/TPS=5,289
2026-09-15T04:46:53.145Z     throughput/device/TPS (actual avg)=2,751
2026-09-15T04:46:53.145Z     throughput/device/flopsPS=121.1T
2026-09-15T04:46:53.145Z     throughput/device/flopsPS (actual avg)=63.01T
2026-09-15T04:46:53.145Z     throughput/total petaflops=162.1
2026-09-15T04:46:53.145Z     throughput/total tokens=7,077,888
2026-09-15T04:46:53.145Z     train/CE loss=0.2670
2026-09-15T04:46:53.145Z     throughput/device/data loading (%)=0.0143
2026-09-15T04:46:53.145Z     throughput/device/data loading (s)=0.0018
2026-09-15T04:46:53.145Z     train/PPL=1.306
2026-09-15T04:47:05.753Z [2;36m[2026-09-15 04:47:05][0m [34mINFO    [0m [2m[olmo_core.train.callbacks.console_logger:68, 0f8858c49d67, rank=0][0m [step=55/61,epoch=1,eta=2m]
2026-09-15T04:47:05.753Z     gpu_memory/GPU active mem (%)=76.00
2026-09-15T04:47:05.753Z     gpu_memory/GPU active mem (GiB)=60.23
2026-09-15T04:47:05.753Z     gpu_memory/GPU reserved mem (%)=81.32
2026-09-15T04:47:05.753Z     gpu_memory/GPU reserved mem (GiB)=64.45
2026-09-15T04:47:05.753Z     optim/LR (group 0)=5.08E-07
2026-09-15T04:47:05.753Z     optim/LR (group 1)=5.08E-07
2026-09-15T04:47:05.753Z     optim/step skipped=0.0
2026-09-15T04:47:05.753Z     optim/total grad norm=4.332
2026-09-15T04:47:05.753Z     throughput/chinchilla multiple=8.57E-05
2026-09-15T04:47:05.753Z     throughput/device/BPS=0.0793
2026-09-15T04:47:05.753Z     throughput/device/BPS (actual avg)=0.0424
2026-09-15T04:47:05.754Z     throughput/device/MFU=38.16
2026-09-15T04:47:05.754Z     throughput/device/MFU (actual avg)=20.37
2026-09-15T04:47:05.754Z     throughput/device/TPS=5,198
2026-09-15T04:47:05.754Z     throughput/device/TPS (actual avg)=2,775
2026-09-15T04:47:05.754Z     throughput/device/flopsPS=119.0T
2026-09-15T04:47:05.754Z     throughput/device/flopsPS (actual avg)=63.56T
2026-09-15T04:47:05.754Z     throughput/total petaflops=165.1
2026-09-15T04:47:05.754Z     throughput/total tokens=7,208,960
2026-09-15T04:47:05.754Z     train/CE loss=0.3010
2026-09-15T04:47:05.754Z     throughput/device/data loading (%)=0.0156
2026-09-15T04:47:05.754Z     throughput/device/data loading (s)=0.0020
2026-09-15T04:47:05.754Z     train/PPL=1.351
2026-09-15T04:47:18.803Z [2;36m[2026-09-15 04:47:18][0m [34mINFO    [0m [2m[olmo_core.train.callbacks.console_logger:68, 0f8858c49d67, rank=0][0m [step=56/61,epoch=1,eta=2m]
2026-09-15T04:47:18.803Z     gpu_memory/GPU active mem (%)=76.00
2026-09-15T04:47:18.803Z     gpu_memory/GPU active mem (GiB)=60.23
2026-09-15T04:47:18.803Z     gpu_memory/GPU reserved mem (%)=81.32
2026-09-15T04:47:18.803Z     gpu_memory/GPU reserved mem (GiB)=64.45
2026-09-15T04:47:18.803Z     optim/LR (group 0)=4.24E-07
2026-09-15T04:47:18.803Z     optim/LR (group 1)=4.24E-07
2026-09-15T04:47:18.803Z     optim/step skipped=0.0
2026-09-15T04:47:18.803Z     optim/total grad norm=3.362
2026-09-15T04:47:18.803Z     throughput/chinchilla multiple=8.73E-05
2026-09-15T04:47:18.803Z     throughput/device/BPS=0.0766
2026-09-15T04:47:18.803Z     throughput/device/BPS (actual avg)=0.0427
2026-09-15T04:47:18.803Z     throughput/device/MFU=36.85
2026-09-15T04:47:18.803Z     throughput/device/MFU (actual avg)=20.54
2026-09-15T04:47:18.803Z     throughput/device/TPS=5,021
2026-09-15T04:47:18.803Z     throughput/device/TPS (actual avg)=2,798
2026-09-15T04:47:18.803Z     throughput/device/flopsPS=115.0T
2026-09-15T04:47:18.803Z     throughput/device/flopsPS (actual avg)=64.08T
2026-09-15T04:47:18.803Z     throughput/total petaflops=168.1
2026-09-15T04:47:18.803Z     throughput/total tokens=7,340,032
2026-09-15T04:47:18.803Z     train/CE loss=0.2592
2026-09-15T04:47:18.803Z     throughput/device/data loading (%)=0.0207
2026-09-15T04:47:18.803Z     throughput/device/data loading (s)=0.0027
2026-09-15T04:47:18.803Z     train/PPL=1.296
2026-09-15T04:47:31.645Z [2;36m[2026-09-15 04:47:31][0m [34mINFO    [0m [2m[olmo_core.train.callbacks.console_logger:68, 0f8858c49d67, rank=0][0m [step=57/61,epoch=1,eta=2m]
2026-09-15T04:47:31.645Z     gpu_memory/GPU active mem (%)=76.00
2026-09-15T04:47:31.645Z     gpu_memory/GPU active mem (GiB)=60.23
2026-09-15T04:47:31.645Z     gpu_memory/GPU reserved mem (%)=81.32
2026-09-15T04:47:31.645Z     gpu_memory/GPU reserved mem (GiB)=64.45
2026-09-15T04:47:31.645Z     optim/LR (group 0)=3.39E-07
2026-09-15T04:47:31.645Z     optim/LR (group 1)=3.39E-07
2026-09-15T04:47:31.645Z     optim/step skipped=0.0
2026-09-15T04:47:31.645Z     optim/total grad norm=4.919
2026-09-15T04:47:31.645Z     throughput/chinchilla multiple=8.88E-05
2026-09-15T04:47:31.645Z     throughput/device/BPS=0.0779
2026-09-15T04:47:31.645Z     throughput/device/BPS (actual avg)=0.0430
2026-09-15T04:47:31.645Z     throughput/device/MFU=37.45
2026-09-15T04:47:31.645Z     throughput/device/MFU (actual avg)=20.71
2026-09-15T04:47:31.645Z     throughput/device/TPS=5,103
2026-09-15T04:47:31.645Z     throughput/device/TPS (actual avg)=2,821
2026-09-15T04:47:31.645Z     throughput/device/flopsPS=116.9T
2026-09-15T04:47:31.645Z     throughput/device/flopsPS (actual avg)=64.60T
2026-09-15T04:47:31.645Z     throughput/total petaflops=171.1
2026-09-15T04:47:31.645Z     throughput/total tokens=7,471,104
2026-09-15T04:47:31.645Z     train/CE loss=0.3088
2026-09-15T04:47:31.645Z     throughput/device/data loading (%)=0.0151
2026-09-15T04:47:31.645Z     throughput/device/data loading (s)=0.0019
2026-09-15T04:47:31.645Z     train/PPL=1.362
2026-09-15T04:47:44.693Z [2;36m[2026-09-15 04:47:44][0m [34mINFO    [0m [2m[olmo_core.train.callbacks.console_logger:68, 0f8858c49d67, rank=0][0m [step=58/61,epoch=1,eta=1m]
2026-09-15T04:47:44.693Z     gpu_memory/GPU active mem (%)=76.00
2026-09-15T04:47:44.693Z     gpu_memory/GPU active mem (GiB)=60.23
2026-09-15T04:47:44.693Z     gpu_memory/GPU reserved mem (%)=81.32
2026-09-15T04:47:44.693Z     gpu_memory/GPU reserved mem (GiB)=64.45
2026-09-15T04:47:44.693Z     optim/LR (group 0)=2.54E-07
2026-09-15T04:47:44.693Z     optim/LR (group 1)=2.54E-07
2026-09-15T04:47:44.693Z     optim/step skipped=0.0
2026-09-15T04:47:44.693Z     optim/total grad norm=3.114
2026-09-15T04:47:44.693Z     throughput/chinchilla multiple=9.04E-05
2026-09-15T04:47:44.693Z     throughput/device/BPS=0.0766
2026-09-15T04:47:44.693Z     throughput/device/BPS (actual avg)=0.0434
2026-09-15T04:47:44.693Z     throughput/device/MFU=36.87
2026-09-15T04:47:44.693Z     throughput/device/MFU (actual avg)=20.87
2026-09-15T04:47:44.693Z     throughput/device/TPS=5,022
2026-09-15T04:47:44.693Z     throughput/device/TPS (actual avg)=2,842
2026-09-15T04:47:44.693Z     throughput/device/flopsPS=115.0T
2026-09-15T04:47:44.693Z     throughput/device/flopsPS (actual avg)=65.10T
2026-09-15T04:47:44.693Z     throughput/total petaflops=174.1
2026-09-15T04:47:44.693Z     throughput/total tokens=7,602,176
2026-09-15T04:47:44.693Z     train/CE loss=0.2855
2026-09-15T04:47:44.693Z     throughput/device/data loading (%)=0.0200
2026-09-15T04:47:44.693Z     throughput/device/data loading (s)=0.0026
2026-09-15T04:47:44.693Z     train/PPL=1.330
2026-09-15T04:47:57.090Z [2;36m[2026-09-15 04:47:57][0m [34mINFO    [0m [2m[olmo_core.train.callbacks.console_logger:68, 0f8858c49d67, rank=0][0m [step=59/61,epoch=1,eta=1m]
2026-09-15T04:47:57.090Z     gpu_memory/GPU active mem (%)=76.00
2026-09-15T04:47:57.090Z     gpu_memory/GPU active mem (GiB)=60.23
2026-09-15T04:47:57.090Z     gpu_memory/GPU reserved mem (%)=81.32
2026-09-15T04:47:57.090Z     gpu_memory/GPU reserved mem (GiB)=64.45
2026-09-15T04:47:57.090Z     optim/LR (group 0)=1.69E-07
2026-09-15T04:47:57.090Z     optim/LR (group 1)=1.69E-07
2026-09-15T04:47:57.090Z     optim/step skipped=0.0
2026-09-15T04:47:57.090Z     optim/total grad norm=3.868
2026-09-15T04:47:57.090Z     throughput/chinchilla multiple=9.19E-05
2026-09-15T04:47:57.090Z     throughput/device/BPS=0.0807
2026-09-15T04:47:57.090Z     throughput/device/BPS (actual avg)=0.0437
2026-09-15T04:47:57.090Z     throughput/device/MFU=38.80
2026-09-15T04:47:57.090Z     throughput/device/MFU (actual avg)=21.03
2026-09-15T04:47:57.090Z     throughput/device/TPS=5,286
2026-09-15T04:47:57.090Z     throughput/device/TPS (actual avg)=2,865
2026-09-15T04:47:57.090Z     throughput/device/flopsPS=121.1T
2026-09-15T04:47:57.090Z     throughput/device/flopsPS (actual avg)=65.63T
2026-09-15T04:47:57.090Z     throughput/total petaflops=177.1
2026-09-15T04:47:57.090Z     throughput/total tokens=7,733,248
2026-09-15T04:47:57.090Z     train/CE loss=0.2895
2026-09-15T04:47:57.090Z     throughput/device/data loading (%)=0.0213
2026-09-15T04:47:57.090Z     throughput/device/data loading (s)=0.0026
2026-09-15T04:47:57.090Z     train/PPL=1.336
2026-09-15T04:48:09.418Z [2;36m[2026-09-15 04:48:09][0m [34mINFO    [0m [2m[olmo_core.train.callbacks.console_logger:68, 0f8858c49d67, rank=0][0m [step=60/61,epoch=1]
2026-09-15T04:48:09.418Z     gpu_memory/GPU active mem (%)=76.00
2026-09-15T04:48:09.418Z     gpu_memory/GPU active mem (GiB)=60.23
2026-09-15T04:48:09.418Z     gpu_memory/GPU reserved mem (%)=81.32
2026-09-15T04:48:09.418Z     gpu_memory/GPU reserved mem (GiB)=64.45
2026-09-15T04:48:09.418Z     optim/LR (group 0)=8.47E-08
2026-09-15T04:48:09.418Z     optim/LR (group 1)=8.47E-08
2026-09-15T04:48:09.418Z     optim/step skipped=0.0
2026-09-15T04:48:09.418Z     optim/total grad norm=3.335
2026-09-15T04:48:09.418Z     throughput/chinchilla multiple=9.35E-05
2026-09-15T04:48:09.418Z     throughput/device/BPS=0.0811
2026-09-15T04:48:09.418Z     throughput/device/BPS (actual avg)=0.0441
2026-09-15T04:48:09.418Z     throughput/device/MFU=39.02
2026-09-15T04:48:09.418Z     throughput/device/MFU (actual avg)=21.20
2026-09-15T04:48:09.418Z     throughput/device/TPS=5,316
2026-09-15T04:48:09.418Z     throughput/device/TPS (actual avg)=2,888
2026-09-15T04:48:09.418Z     throughput/device/flopsPS=121.7T
2026-09-15T04:48:09.418Z     throughput/device/flopsPS (actual avg)=66.14T
2026-09-15T04:48:09.418Z     throughput/total petaflops=180.1
2026-09-15T04:48:09.418Z     throughput/total tokens=7,864,320
2026-09-15T04:48:09.418Z     train/CE loss=0.2682
2026-09-15T04:48:09.418Z     throughput/device/data loading (%)=0.0216
2026-09-15T04:48:09.418Z     throughput/device/data loading (s)=0.0027
2026-09-15T04:48:09.418Z     train/PPL=1.308
2026-09-15T04:48:20.894Z [2;36m[2026-09-15 04:48:20][0m [33mWARNING [0m [2m[py.warnings:112, 0f8858c49d67, rank=0][0m /opt/conda/lib/python3.12/site-packages/liger_kernel/ops/fused_linear_cross_entropy.py:75: UserWarning: called a synchronizing CUDA operation (Triggered internally at /pytorch/c10/cuda/CUDAFunctions.cpp:162.)
2026-09-15T04:48:20.894Z   total_n_non_ignore = target_mask.sum().item()
2026-09-15T04:48:20.894Z 
2026-09-15T04:48:21.597Z [2;36m[2026-09-15 04:48:21][0m [33mWARNING [0m [2m[py.warnings:112, 0f8858c49d67, rank=0][0m /opt/conda/lib/python3.12/site-packages/liger_kernel/ops/fused_linear_cross_entropy.py:233: UserWarning: called a synchronizing CUDA operation (Triggered internally at /pytorch/c10/cuda/CUDAFunctions.cpp:162.)
2026-09-15T04:48:21.597Z   if not torch.equal(grad_output, torch.tensor(1.0, device=grad_output.device)):
2026-09-15T04:48:21.597Z 
2026-09-15T04:48:36.420Z [2;36m[2026-09-15 04:48:36][0m [33mWARNING [0m [2m[py.warnings:112, 0f8858c49d67, rank=0][0m /opt/conda/lib/python3.12/site-packages/torch/autograd/graph.py:841: UserWarning: called a synchronizing CUDA operation (Triggered internally at /pytorch/c10/cuda/CUDAFunctions.cpp:162.)
2026-09-15T04:48:36.420Z   return Variable._execution_engine.run_backward(  # Calls into the C++ engine to run the backward pass
2026-09-15T04:48:36.420Z 
2026-09-15T04:48:36.422Z [2;36m[2026-09-15 04:48:36][0m [33mWARNING [0m [2m[py.warnings:112, 0f8858c49d67, rank=0][0m /opt/conda/lib/python3.12/site-packages/torch/distributed/utils.py:106: UserWarning: called a synchronizing CUDA operation (Triggered internally at /pytorch/c10/cuda/CUDAFunctions.cpp:162.)
2026-09-15T04:48:36.422Z   return (obj.to(target_device),)
2026-09-15T04:48:36.422Z 
2026-09-15T04:48:36.430Z [2;36m[2026-09-15 04:48:36][0m [33mWARNING [0m [2m[py.warnings:112, 0f8858c49d67, rank=0][0m /opt/conda/lib/python3.12/site-packages/olmo_core/nn/transformer/model.py:777: UserWarning: called a synchronizing CUDA operation (Triggered internally at /pytorch/c10/cuda/CUDAFunctions.cpp:162.)
2026-09-15T04:48:36.430Z   n_docs = int(chunk_ids.max().item()) + 1
2026-09-15T04:48:36.430Z 
2026-09-15T04:48:36.440Z [2;36m[2026-09-15 04:48:36][0m [33mWARNING [0m [2m[py.warnings:112, 0f8858c49d67, rank=0][0m /opt/conda/lib/python3.12/site-packages/olmo_core/nn/transformer/model.py:834: UserWarning: called a synchronizing CUDA operation (Triggered internally at /pytorch/c10/cuda/CUDAFunctions.cpp:162.)
2026-09-15T04:48:36.440Z   flat = (torch.arange(B, device=emb.device)[:, None] * n_docs + cid.clamp(min=0)).reshape(
2026-09-15T04:48:36.440Z 
2026-09-15T04:48:36.441Z [2;36m[2026-09-15 04:48:36][0m [33mWARNING [0m [2m[py.warnings:112, 0f8858c49d67, rank=0][0m /opt/conda/lib/python3.12/site-packages/olmo_core/nn/transformer/model.py:838: UserWarning: called a synchronizing CUDA operation (Triggered internally at /pytorch/c10/cuda/CUDAFunctions.cpp:162.)
2026-09-15T04:48:36.441Z   0, flat, emb.reshape(B * T, D)[is_ctx.reshape(-1)]
2026-09-15T04:48:36.441Z 
2026-09-15T04:48:36.449Z [2;36m[2026-09-15 04:48:36][0m [33mWARNING [0m [2m[py.warnings:112, 0f8858c49d67, rank=0][0m /opt/conda/lib/python3.12/site-packages/olmo_core/nn/pooled_soft_token.py:173: UserWarning: called a synchronizing CUDA operation (Triggered internally at /pytorch/c10/cuda/CUDAFunctions.cpp:162.)
2026-09-15T04:48:36.449Z   kept_idx = kept_tok.nonzero(as_tuple=True)[0]
2026-09-15T04:48:36.449Z 
2026-09-15T04:48:36.449Z [2;36m[2026-09-15 04:48:36][0m [33mWARNING [0m [2m[py.warnings:112, 0f8858c49d67, rank=0][0m /opt/conda/lib/python3.12/site-packages/olmo_core/nn/pooled_soft_token.py:179: UserWarning: called a synchronizing CUDA operation (Triggered internally at /pytorch/c10/cuda/CUDAFunctions.cpp:162.)
2026-09-15T04:48:36.449Z   if is_ctx.any():
2026-09-15T04:48:36.449Z 
2026-09-15T04:48:36.450Z [2;36m[2026-09-15 04:48:36][0m [33mWARNING [0m [2m[py.warnings:112, 0f8858c49d67, rank=0][0m /opt/conda/lib/python3.12/site-packages/olmo_core/nn/pooled_soft_token.py:180: UserWarning: called a synchronizing CUDA operation (Triggered internally at /pytorch/c10/cuda/CUDAFunctions.cpp:162.)
2026-09-15T04:48:36.450Z   d_ix = c[is_ctx]
2026-09-15T04:48:36.450Z 
2026-09-15T04:48:36.450Z [2;36m[2026-09-15 04:48:36][0m [33mWARNING [0m [2m[py.warnings:112, 0f8858c49d67, rank=0][0m /opt/conda/lib/python3.12/site-packages/olmo_core/nn/pooled_soft_token.py:181: UserWarning: called a synchronizing CUDA operation (Triggered internally at /pytorch/c10/cuda/CUDAFunctions.cpp:162.)
2026-09-15T04:48:36.450Z   pos_ix = is_ctx.nonzero(as_tuple=True)[0]
2026-09-15T04:48:36.450Z 
2026-09-15T04:48:36.451Z [2;36m[2026-09-15 04:48:36][0m [33mWARNING [0m [2m[py.warnings:112, 0f8858c49d67, rank=0][0m /opt/conda/lib/python3.12/site-packages/olmo_core/nn/pooled_soft_token.py:186: UserWarning: called a synchronizing CUDA operation (Triggered internally at /pytorch/c10/cuda/CUDAFunctions.cpp:162.)
2026-09-15T04:48:36.451Z   pooled_docs = pooled.nonzero(as_tuple=True)[0]
2026-09-15T04:48:36.451Z 
2026-09-15T04:48:36.452Z [2;36m[2026-09-15 04:48:36][0m [33mWARNING [0m [2m[py.warnings:112, 0f8858c49d67, rank=0][0m /opt/conda/lib/python3.12/site-packages/olmo_core/nn/pooled_soft_token.py:217: UserWarning: called a synchronizing CUDA operation (Triggered internally at /pytorch/c10/cuda/CUDAFunctions.cpp:162.)
2026-09-15T04:48:36.452Z   doc_len = torch.bincount(c[is_ctx], minlength=n_docs) if is_ctx.any() else torch.zeros(n_docs, dtype=torch.long, device=device)
2026-09-15T04:48:36.452Z 
2026-09-15T04:48:36.453Z [2;36m[2026-09-15 04:48:36][0m [33mWARNING [0m [2m[py.warnings:112, 0f8858c49d67, rank=0][0m /opt/conda/lib/python3.12/site-packages/olmo_core/nn/pooled_soft_token.py:222: UserWarning: called a synchronizing CUDA operation (Triggered internally at /pytorch/c10/cuda/CUDAFunctions.cpp:162.)
2026-09-15T04:48:36.453Z   soft_cols_b = soft_mask.nonzero(as_tuple=True)[0]
2026-09-15T04:48:36.453Z 
2026-09-15T04:48:36.454Z [2;36m[2026-09-15 04:48:36][0m [33mWARNING [0m [2m[py.warnings:112, 0f8858c49d67, rank=0][0m /opt/conda/lib/python3.12/site-packages/olmo_core/nn/pooled_soft_token.py:226: UserWarning: called a synchronizing CUDA operation (Triggered internally at /pytorch/c10/cuda/CUDAFunctions.cpp:162.)
2026-09-15T04:48:36.454Z   cols_l = soft_cols_b.tolist()
2026-09-15T04:48:36.454Z 
2026-09-15T04:48:36.454Z [2;36m[2026-09-15 04:48:36][0m [33mWARNING [0m [2m[py.warnings:112, 0f8858c49d67, rank=0][0m /opt/conda/lib/python3.12/site-packages/olmo_core/nn/pooled_soft_token.py:229: UserWarning: called a synchronizing CUDA operation (Triggered internally at /pytorch/c10/cuda/CUDAFunctions.cpp:162.)
2026-09-15T04:48:36.454Z   soft_docs += docs_b.tolist()
2026-09-15T04:48:36.454Z 
2026-09-15T04:48:36.455Z [2;36m[2026-09-15 04:48:36][0m [33mWARNING [0m [2m[py.warnings:112, 0f8858c49d67, rank=0][0m /opt/conda/lib/python3.12/site-packages/olmo_core/nn/pooled_soft_token.py:230: UserWarning: called a synchronizing CUDA operation (Triggered internally at /pytorch/c10/cuda/CUDAFunctions.cpp:162.)
2026-09-15T04:48:36.455Z   soft_log_len += lens_b.tolist()
2026-09-15T04:48:36.455Z 
2026-09-15T04:48:36.457Z [2;36m[2026-09-15 04:48:36][0m [33mWARNING [0m [2m[py.warnings:112, 0f8858c49d67, rank=0][0m /opt/conda/lib/python3.12/site-packages/olmo_core/nn/pooled_soft_token.py:280: UserWarning: called a synchronizing CUDA operation (Triggered internally at /pytorch/c10/cuda/CUDAFunctions.cpp:162.)
2026-09-15T04:48:36.458Z   row_lens[b] = L
2026-09-15T04:48:36.458Z 
2026-09-15T04:48:36.458Z [2;36m[2026-09-15 04:48:36][0m [33mWARNING [0m [2m[py.warnings:112, 0f8858c49d67, rank=0][0m /opt/conda/lib/python3.12/site-packages/olmo_core/nn/pooled_soft_token.py:297: UserWarning: called a synchronizing CUDA operation (Triggered internally at /pytorch/c10/cuda/CUDAFunctions.cpp:162.)
2026-09-15T04:48:36.458Z   soft_rows=torch.tensor(soft_rows, dtype=torch.long, device=device),
2026-09-15T04:48:36.458Z 
2026-09-15T04:48:36.459Z [2;36m[2026-09-15 04:48:36][0m [33mWARNING [0m [2m[py.warnings:112, 0f8858c49d67, rank=0][0m /opt/conda/lib/python3.12/site-packages/olmo_core/nn/pooled_soft_token.py:298: UserWarning: called a synchronizing CUDA operation (Triggered internally at /pytorch/c10/cuda/CUDAFunctions.cpp:162.)
2026-09-15T04:48:36.459Z   soft_cols=torch.tensor(soft_cols, dtype=torch.long, device=device),
2026-09-15T04:48:36.459Z 
2026-09-15T04:48:36.459Z [2;36m[2026-09-15 04:48:36][0m [33mWARNING [0m [2m[py.warnings:112, 0f8858c49d67, rank=0][0m /opt/conda/lib/python3.12/site-packages/olmo_core/nn/pooled_soft_token.py:299: UserWarning: called a synchronizing CUDA operation (Triggered internally at /pytorch/c10/cuda/CUDAFunctions.cpp:162.)
2026-09-15T04:48:36.459Z   soft_docs=torch.tensor(soft_docs, dtype=torch.long, device=device),
2026-09-15T04:48:36.459Z 
2026-09-15T04:48:36.460Z [2;36m[2026-09-15 04:48:36][0m [33mWARNING [0m [2m[py.warnings:112, 0f8858c49d67, rank=0][0m /opt/conda/lib/python3.12/site-packages/olmo_core/nn/pooled_soft_token.py:301: UserWarning: called a synchronizing CUDA operation (Triggered internally at /pytorch/c10/cuda/CUDAFunctions.cpp:162.)
2026-09-15T04:48:36.460Z   soft_log_len=torch.tensor(soft_log_len, dtype=torch.float32, device=device),
2026-09-15T04:48:36.460Z 
2026-09-15T04:48:36.461Z [2;36m[2026-09-15 04:48:36][0m [33mWARNING [0m [2m[py.warnings:112, 0f8858c49d67, rank=0][0m /opt/conda/lib/python3.12/site-packages/olmo_core/nn/transformer/model.py:1502: UserWarning: called a synchronizing CUDA operation (Triggered internally at /pytorch/c10/cuda/CUDAFunctions.cpp:162.)
2026-09-15T04:48:36.461Z   kv_grad_mask[cb.soft_rows, cb.soft_cols] = False
2026-09-15T04:48:36.461Z 
2026-09-15T04:48:36.625Z [2;36m[2026-09-15 04:48:36][0m [33mWARNING [0m [2m[py.warnings:112, 0f8858c49d67, rank=0][0m /opt/conda/lib/python3.12/site-packages/liger_kernel/ops/fused_linear_cross_entropy.py:75: UserWarning: called a synchronizing CUDA operation (Triggered internally at /pytorch/c10/cuda/CUDAFunctions.cpp:162.)
2026-09-15T04:48:36.625Z   total_n_non_ignore = target_mask.sum().item()
2026-09-15T04:48:36.625Z 
2026-09-15T04:48:37.341Z [2;36m[2026-09-15 04:48:37][0m [33mWARNING [0m [2m[py.warnings:112, 0f8858c49d67, rank=0][0m /opt/conda/lib/python3.12/site-packages/liger_kernel/ops/fused_linear_cross_entropy.py:233: UserWarning: called a synchronizing CUDA operation (Triggered internally at /pytorch/c10/cuda/CUDAFunctions.cpp:162.)
2026-09-15T04:48:37.341Z   if not torch.equal(grad_output, torch.tensor(1.0, device=grad_output.device)):
2026-09-15T04:48:37.341Z 
2026-09-15T04:48:47.831Z [2;36m[2026-09-15 04:48:47][0m [34mINFO    [0m [2m[olmo_core.train.callbacks.console_logger:68, 0f8858c49d67, rank=0][0m [step=61/61,epoch=1]
2026-09-15T04:48:47.831Z     gpu_memory/GPU active mem (%)=76.00
2026-09-15T04:48:47.831Z     gpu_memory/GPU active mem (GiB)=60.23
2026-09-15T04:48:47.831Z     gpu_memory/GPU reserved mem (%)=81.32
2026-09-15T04:48:47.831Z     gpu_memory/GPU reserved mem (GiB)=64.45
2026-09-15T04:48:47.831Z     optim/LR (group 0)=0.0
2026-09-15T04:48:47.831Z     optim/LR (group 1)=0.0
2026-09-15T04:48:47.831Z     optim/step skipped=0.0
2026-09-15T04:48:47.831Z     optim/total grad norm=3.253
2026-09-15T04:48:47.831Z     throughput/chinchilla multiple=9.51E-05
2026-09-15T04:48:47.831Z     throughput/device/BPS=0.0260
2026-09-15T04:48:47.831Z     throughput/device/BPS (actual avg)=0.0436
2026-09-15T04:48:47.831Z     throughput/device/MFU=12.52
2026-09-15T04:48:47.831Z     throughput/device/MFU (actual avg)=20.96
2026-09-15T04:48:47.831Z     throughput/device/TPS=1,706
2026-09-15T04:48:47.831Z     throughput/device/TPS (actual avg)=2,855
2026-09-15T04:48:47.831Z     throughput/device/flopsPS=39.07T
2026-09-15T04:48:47.831Z     throughput/device/flopsPS (actual avg)=65.39T
2026-09-15T04:48:47.831Z     throughput/total petaflops=183.1
2026-09-15T04:48:47.831Z     throughput/total tokens=7,995,392
2026-09-15T04:48:47.831Z     train/CE loss=0.2746
2026-09-15T04:48:47.831Z     throughput/device/data loading (%)=0.0066
2026-09-15T04:48:47.831Z     throughput/device/data loading (s)=0.0025
2026-09-15T04:48:47.831Z     train/PPL=1.316
2026-09-15T04:48:48.746Z [W915 04:48:48.360809282 AllocatorConfig.cpp:28] Warning: PYTORCH_CUDA_ALLOC_CONF is deprecated, use PYTORCH_ALLOC_CONF instead (function operator())
2026-09-15T04:48:48.812Z [W915 04:48:48.426860069 AllocatorConfig.cpp:28] Warning: PYTORCH_CUDA_ALLOC_CONF is deprecated, use PYTORCH_ALLOC_CONF instead (function operator())
2026-09-15T04:48:48.939Z [W915 04:48:48.553542274 AllocatorConfig.cpp:28] Warning: PYTORCH_CUDA_ALLOC_CONF is deprecated, use PYTORCH_ALLOC_CONF instead (function operator())
2026-09-15T04:48:49.159Z [W915 04:48:49.773264669 AllocatorConfig.cpp:28] Warning: PYTORCH_CUDA_ALLOC_CONF is deprecated, use PYTORCH_ALLOC_CONF instead (function operator())
2026-09-15T04:48:49.381Z [2;36m[2026-09-15 04:48:49][0m [34mINFO    [0m [2m[olmo_core.train.trainer:1520, 0f8858c49d67, rank=0][0m Epoch complete
2026-09-15T04:48:49.384Z [2;36m[2026-09-15 04:48:49][0m [34mINFO    [0m [2m[olmo_core.train.callbacks.flop_meter:200, 0f8858c49d67, rank=0][0m [flop-meter] wrote /weka/oe-training-default/ai2-llm/checkpoints/prasanns/ctc_suite/ckpts/f2k-outlier-xhdr50-4M/flops.json: {'actual_pflops': 57.37519238020915, 'dense_equivalent_pflops': 98.44318758760858, 'actual_over_dense': 0.5828254223193317, 'tokens_processed': 4298948, 'tokens_are_real': True, 'ffn_cost_frac': None, 'block_skip_keep_frac': None, 'kv_route_keep_frac': None, 'steps': 61, 'seq_len': 4096}
2026-09-15T04:48:49.384Z [2;36m[2026-09-15 04:48:49][0m [34mINFO    [0m [2m[olmo_core.train.trainer:1361, 0f8858c49d67, rank=0][0m Waiting for bookkeeping ops to finish: 'reduce_metrics' (1 ops)...
2026-09-15T04:48:49.385Z [2;36m[2026-09-15 04:48:49][0m [34mINFO    [0m [2m[olmo_core.train.trainer:1366, 0f8858c49d67, rank=0][0m All bookkeeping ops complete
2026-09-15T04:48:49.386Z [2;36m[2026-09-15 04:48:49][0m [34mINFO    [0m [2m[olmo_core.train.callbacks.wandb:116, 0f8858c49d67, rank=0][0m Finalizing successful W&B run...
2026-09-15T04:48:49.387Z wandb: WARNING The `quiet` argument to `wandb.run.finish()` is deprecated, use `wandb.Settings(quiet=...)` to set this instead.
2026-09-15T04:48:49.489Z wandb: updating run metadata
2026-09-15T04:48:49.891Z wandb: uploading history steps 60-61, summary, console lines 3425-3455
2026-09-15T04:48:50.270Z wandb: 
2026-09-15T04:48:50.270Z wandb: Run history:
2026-09-15T04:48:50.270Z wandb:      flop_meter/actual_over_dense ▁▇▇▇▆▇▇███▇▇█▇▇▇▇▇▇▇▆▆▆▆▆▆▆▆▆▆▆▆▆▅▅▅▅▅▅▅
2026-09-15T04:48:50.271Z wandb:          flop_meter/actual_pflops ▁▁▁▁▂▂▂▂▂▂▃▃▃▃▃▄▄▄▄▄▄▅▅▅▅▅▅▆▆▆▆▆▆▇▇▇▇███
2026-09-15T04:48:50.271Z wandb:       flop_meter/compaction_ratio ▆▂▅▃▅▃▄▁▅▅▂▁▅▅▂█▃▄▅▅▅▄▄▆▆▃▃▄▃▃▅▆▄▆▅▆▅▅▅▃
2026-09-15T04:48:50.271Z wandb:           flop_meter/dense_pflops ▁▁▁▁▂▂▂▂▃▃▃▃▃▃▄▄▄▄▄▄▅▅▅▅▅▆▆▆▆▆▆▇▇▇▇▇████
2026-09-15T04:48:50.271Z wandb:     gpu_memory/GPU active mem (%) ▁▁▁▁▂▂▂▂▃▃▃▃▃▃▃▃▃▄▄▄▅▅▅▆▆▆▆▆▆▆▆▇▇▇▇▇████
2026-09-15T04:48:50.271Z wandb:   gpu_memory/GPU active mem (GiB) ▁▁▁▁▁▁▂▂▂▂▂▂▃▃▃▃▃▃▄▄▄▅▅▅▅▆▆▆▆▆▆▇▇▇▇▇▇███
2026-09-15T04:48:50.271Z wandb:   gpu_memory/GPU reserved mem (%) ▁▁▁▁▁▁▁▁▁▁▁▁▁▁▁▁▁▁▁▁▁▁▁▁▁▁▁▁▁▁▁▁▁▁▁▁▁▁▁▁
2026-09-15T04:48:50.271Z wandb: gpu_memory/GPU reserved mem (GiB) ▁▁▁▁▁▁▁▁▁▁▁▁▁▁▁▁▁▁▁▁▁▁▁▁▁▁▁▁▁▁▁▁▁▁▁▁▁▁▁▁
2026-09-15T04:48:50.271Z wandb:                optim/LR (group 0) ▅████▇▇▇▇▇▆▆▆▆▆▆▅▅▅▅▄▄▄▄▄▃▃▃▃▃▃▃▂▂▂▂▁▁▁▁
2026-09-15T04:48:50.271Z wandb:                optim/LR (group 1) ▅████▇▇▇▇▇▇▇▆▆▆▅▅▅▅▅▅▄▄▄▄▄▄▃▃▃▃▃▂▂▂▂▁▁▁▁
2026-09-15T04:48:50.271Z wandb:                               +18 ...
2026-09-15T04:48:50.271Z wandb: 
2026-09-15T04:48:50.271Z wandb: Run summary:
2026-09-15T04:48:50.271Z wandb:      flop_meter/actual_over_dense 0.58283
2026-09-15T04:48:50.271Z wandb:          flop_meter/actual_pflops 57.37519
2026-09-15T04:48:50.271Z wandb:       flop_meter/compaction_ratio 2.96597
2026-09-15T04:48:50.271Z wandb:           flop_meter/dense_pflops 98.44318
2026-09-15T04:48:50.271Z wandb:     gpu_memory/GPU active mem (%) 76.00372
2026-09-15T04:48:50.271Z wandb:   gpu_memory/GPU active mem (GiB) 60.23425
2026-09-15T04:48:50.271Z wandb:   gpu_memory/GPU reserved mem (%) 81.32218
2026-09-15T04:48:50.271Z wandb: gpu_memory/GPU reserved mem (GiB) 64.44922
2026-09-15T04:48:50.271Z wandb:                optim/LR (group 0) 0
2026-09-15T04:48:50.271Z wandb:                optim/LR (group 1) 0
2026-09-15T04:48:50.271Z wandb:                               +18 ...
2026-09-15T04:48:50.271Z wandb: 
2026-09-15T04:48:50.271Z wandb: 🚀 View run f2k-outlier-xhdr50-4M at: https://wandb.ai/prasanns-allen-institute-for-ai/memory-networks/runs/10ds615k
2026-09-15T04:48:50.271Z wandb: ⭐️ View project at: https://wandb.ai/prasanns-allen-institute-for-ai/memory-networks
2026-09-15T04:48:50.271Z wandb: Synced 5 W&B file(s), 0 media file(s), 0 artifact file(s) and 0 other file(s)
2026-09-15T04:48:50.271Z wandb: Find logs at: /weka/oe-training-default/ai2-llm/checkpoints/prasanns/ctc_suite/ckpts/f2k-outlier-xhdr50-4M/wandb/wandb/run-20260915_041722-10ds615k/logs
2026-09-15T04:48:54.785Z [2;36m[2026-09-15 04:48:54][0m [34mINFO    [0m [2m[olmo_core.train.trainer:763, 0f8858c49d67, rank=0][0m Training complete
2026-09-15T04:48:55.697Z [2;36m[2026-09-15 04:48:55][0m [33mWARNING [0m [2m[py.warnings:112, 0f8858c49d67, rank=0][0m /opt/conda/lib/python3.12/site-packages/torch/distributed/_state_dict_utils.py:183: UserWarning: called a synchronizing CUDA operation (Triggered internally at /pytorch/c10/cuda/CUDAFunctions.cpp:162.)
2026-09-15T04:48:55.697Z   ret = ret.to(cpu_device)
2026-09-15T04:48:55.697Z 
2026-09-15T04:48:56.130Z [2;36m[2026-09-15 04:48:56][0m [33mWARNING [0m [2m[py.warnings:112, 0f8858c49d67, rank=1][0m /opt/conda/lib/python3.12/site-packages/torch/distributed/_state_dict_utils.py:183: UserWarning: called a synchronizing CUDA operation (Triggered internally at /pytorch/c10/cuda/CUDAFunctions.cpp:162.)
2026-09-15T04:48:56.130Z   ret = ret.to(cpu_device)
2026-09-15T04:48:56.130Z 
2026-09-15T04:49:07.570Z [ctc-suite] saved model-only checkpoint -> /weka/oe-training-default/ai2-llm/checkpoints/prasanns/ctc_suite/ckpts/f2k-outlier-xhdr50-4M
2026-09-15T04:49:10.045Z [W915 04:49:10.659547078 AllocatorConfig.cpp:28] Warning: PYTORCH_CUDA_ALLOC_CONF is deprecated, use PYTORCH_ALLOC_CONF instead (function operator())
2026-09-15T04:49:10.559Z [W915 04:49:10.173138848 AllocatorConfig.cpp:28] Warning: PYTORCH_CUDA_ALLOC_CONF is deprecated, use PYTORCH_ALLOC_CONF instead (function operator())
2026-09-15T04:49:11.982Z [W915 04:49:11.596930377 AllocatorConfig.cpp:28] Warning: PYTORCH_CUDA_ALLOC_CONF is deprecated, use PYTORCH_ALLOC_CONF instead (function operator())
