task,rung,checkpoint,source,probe,rows,construction,keep,G,bias,ceiling_only,answer_ce,full_ce,delta_ce,top1_agree,kl,exact_answer,compaction,train_speedup_x,act_memory_saving_pct,raw_name
contradiction,32k,dense 56M (ladder),beaker,slot,24,full attention,1.0,1,,0,0.042,0.042,0.0,1.0,0.0,0.67,1.0,1.0,0.0,full
contradiction,32k,dense 56M (ladder),beaker,slot,24,soft token (mean embedding),0.333,1,no-bias,0,0.109,0.042,0.067,0.966,0.082,0.33,0.357,2.801120448179272,64.3,soft k=0.333 no-bias
contradiction,32k,dense 56M (ladder),beaker,slot,24,soft token (mean embedding),0.333,1,+logL,0,0.192,0.042,0.15,0.949,0.153,0.25,0.357,2.801120448179272,64.3,soft k=0.333 +logL
contradiction,32k,dense 56M (ladder),beaker,slot,24,soft token (mean embedding),0.333,1,+logL-2,0,0.125,0.042,0.08299999999999999,0.961,0.096,0.33,0.357,2.801120448179272,64.3,soft k=0.333 +logL-2
contradiction,32k,dense 56M (ladder),beaker,slot,24,soft token (mean embedding),0.333,1,+logL-1,0,0.148,0.042,0.10599999999999998,0.962,0.115,0.33,0.357,2.801120448179272,64.3,soft k=0.333 +logL-1
contradiction,32k,dense 56M (ladder),beaker,slot,24,soft token (mean embedding),0.333,1,+logL+1,0,0.299,0.042,0.257,0.91,0.252,0.12,0.357,2.801120448179272,64.3,soft k=0.333 +logL+1
contradiction,32k,dense 56M (ladder),beaker,slot,24,soft token (mean embedding),0.333,1,+logL+2,0,0.626,0.042,0.584,0.815,0.574,0.0,0.357,2.801120448179272,64.3,soft k=0.333 +logL+2
contradiction,32k,dense 56M (ladder),beaker,slot,24,soft token (mean embedding),0.333,1,const=mean logL,0,0.198,0.042,0.156,0.946,0.158,0.25,0.357,2.801120448179272,64.3,soft k=0.333 const=mean logL
contradiction,32k,dense 56M (ladder),beaker,slot,24,soft token (mean embedding),0.333,1,const-4,0,0.104,0.042,0.06199999999999999,0.969,0.083,0.29,0.357,2.801120448179272,64.3,soft k=0.333 const-4
contradiction,32k,dense 56M (ladder),beaker,slot,24,soft token (mean embedding),0.333,1,const-2,0,0.106,0.042,0.064,0.973,0.08,0.33,0.357,2.801120448179272,64.3,soft k=0.333 const-2
contradiction,32k,dense 56M (ladder),beaker,slot,24,soft token (mean embedding),0.333,1,const-1,0,0.105,0.042,0.063,0.972,0.079,0.33,0.357,2.801120448179272,64.3,soft k=0.333 const-1
contradiction,32k,dense 56M (ladder),beaker,slot,24,soft token (mean embedding),0.333,1,const+1,0,0.114,0.042,0.07200000000000001,0.964,0.086,0.29,0.357,2.801120448179272,64.3,soft k=0.333 const+1
contradiction,32k,dense 56M (ladder),beaker,slot,24,soft token (mean embedding),0.167,1,no-bias,0,0.16,0.042,0.118,0.95,0.145,0.12,0.196,5.1020408163265305,80.4,soft k=0.167 no-bias
contradiction,32k,dense 56M (ladder),beaker,slot,24,soft token (mean embedding),0.167,1,+logL,0,0.388,0.042,0.34600000000000003,0.887,0.334,0.0,0.196,5.1020408163265305,80.4,soft k=0.167 +logL
contradiction,32k,dense 56M (ladder),beaker,slot,24,soft token (mean embedding),0.167,1,+logL-2,0,0.202,0.042,0.16,0.937,0.178,0.08,0.196,5.1020408163265305,80.4,soft k=0.167 +logL-2
contradiction,32k,dense 56M (ladder),beaker,slot,24,soft token (mean embedding),0.167,1,+logL-1,0,0.266,0.042,0.224,0.921,0.228,0.04,0.196,5.1020408163265305,80.4,soft k=0.167 +logL-1
contradiction,32k,dense 56M (ladder),beaker,slot,24,soft token (mean embedding),0.167,1,+logL+1,0,0.647,0.042,0.605,0.803,0.592,0.0,0.196,5.1020408163265305,80.4,soft k=0.167 +logL+1
contradiction,32k,dense 56M (ladder),beaker,slot,24,soft token (mean embedding),0.167,1,+logL+2,0,0.978,0.042,0.9359999999999999,0.68,0.927,0.0,0.196,5.1020408163265305,80.4,soft k=0.167 +logL+2
contradiction,32k,dense 56M (ladder),beaker,slot,24,soft token (mean embedding),0.167,1,const=mean logL,0,0.405,0.042,0.36300000000000004,0.877,0.352,0.0,0.196,5.1020408163265305,80.4,soft k=0.167 const=mean logL
contradiction,32k,dense 56M (ladder),beaker,slot,24,soft token (mean embedding),0.167,1,const-4,0,0.164,0.042,0.122,0.952,0.154,0.12,0.196,5.1020408163265305,80.4,soft k=0.167 const-4
contradiction,32k,dense 56M (ladder),beaker,slot,24,soft token (mean embedding),0.167,1,const-2,0,0.161,0.042,0.119,0.95,0.149,0.17,0.196,5.1020408163265305,80.4,soft k=0.167 const-2
contradiction,32k,dense 56M (ladder),beaker,slot,24,soft token (mean embedding),0.167,1,const-1,0,0.159,0.042,0.11699999999999999,0.952,0.145,0.17,0.196,5.1020408163265305,80.4,soft k=0.167 const-1
contradiction,32k,dense 56M (ladder),beaker,slot,24,soft token (mean embedding),0.167,1,const+1,0,0.171,0.042,0.129,0.945,0.154,0.08,0.196,5.1020408163265305,80.4,soft k=0.167 const+1
contradiction,32k,dense 56M (ladder),beaker,slot,24,soft token (mean embedding),0.083,1,no-bias,0,0.377,0.042,0.335,0.894,0.35,0.04,0.116,8.620689655172413,88.4,soft k=0.083 no-bias
contradiction,32k,dense 56M (ladder),beaker,slot,24,soft token (mean embedding),0.083,1,+logL,0,0.791,0.042,0.749,0.77,0.717,0.0,0.116,8.620689655172413,88.4,soft k=0.083 +logL
contradiction,32k,dense 56M (ladder),beaker,slot,24,soft token (mean embedding),0.083,1,+logL-2,0,0.445,0.042,0.403,0.869,0.408,0.04,0.116,8.620689655172413,88.4,soft k=0.083 +logL-2
contradiction,32k,dense 56M (ladder),beaker,slot,24,soft token (mean embedding),0.083,1,+logL-1,0,0.588,0.042,0.5459999999999999,0.822,0.532,0.0,0.116,8.620689655172413,88.4,soft k=0.083 +logL-1
contradiction,32k,dense 56M (ladder),beaker,slot,24,soft token (mean embedding),0.083,1,+logL+1,0,0.984,0.042,0.942,0.678,0.924,0.0,0.116,8.620689655172413,88.4,soft k=0.083 +logL+1
contradiction,32k,dense 56M (ladder),beaker,slot,24,soft token (mean embedding),0.083,1,+logL+2,0,1.116,0.042,1.074,0.619,1.068,0.0,0.116,8.620689655172413,88.4,soft k=0.083 +logL+2
contradiction,32k,dense 56M (ladder),beaker,slot,24,soft token (mean embedding),0.083,1,const=mean logL,0,0.827,0.042,0.7849999999999999,0.756,0.752,0.0,0.116,8.620689655172413,88.4,soft k=0.083 const=mean logL
contradiction,32k,dense 56M (ladder),beaker,slot,24,soft token (mean embedding),0.083,1,const-4,0,0.381,0.042,0.339,0.901,0.356,0.04,0.116,8.620689655172413,88.4,soft k=0.083 const-4
contradiction,32k,dense 56M (ladder),beaker,slot,24,soft token (mean embedding),0.083,1,const-2,0,0.372,0.042,0.33,0.893,0.348,0.04,0.116,8.620689655172413,88.4,soft k=0.083 const-2
contradiction,32k,dense 56M (ladder),beaker,slot,24,soft token (mean embedding),0.083,1,const-1,0,0.369,0.042,0.327,0.896,0.344,0.04,0.116,8.620689655172413,88.4,soft k=0.083 const-1
contradiction,32k,dense 56M (ladder),beaker,slot,24,soft token (mean embedding),0.083,1,const+1,0,0.404,0.042,0.36200000000000004,0.877,0.375,0.04,0.116,8.620689655172413,88.4,soft k=0.083 const+1
contradiction,32k,dense 56M (ladder),beaker,slot,24,soft token (mean embedding),0.0,1,no-bias,0,0.426,0.042,0.384,0.866,0.414,0.0,0.036,27.77777777777778,96.39999999999999,soft k=0.000 no-bias
contradiction,32k,dense 56M (ladder),beaker,slot,24,soft token (mean embedding),0.0,1,+logL,0,0.796,0.042,0.754,0.766,0.754,0.0,0.036,27.77777777777778,96.39999999999999,soft k=0.000 +logL
contradiction,32k,dense 56M (ladder),beaker,slot,24,soft token (mean embedding),0.0,1,+logL-2,0,0.564,0.042,0.5219999999999999,0.836,0.542,0.0,0.036,27.77777777777778,96.39999999999999,soft k=0.000 +logL-2
contradiction,32k,dense 56M (ladder),beaker,slot,24,soft token (mean embedding),0.0,1,+logL-1,0,0.729,0.042,0.6869999999999999,0.79,0.696,0.0,0.036,27.77777777777778,96.39999999999999,soft k=0.000 +logL-1
contradiction,32k,dense 56M (ladder),beaker,slot,24,soft token (mean embedding),0.0,1,+logL+1,0,0.986,0.042,0.944,0.687,0.941,0.0,0.036,27.77777777777778,96.39999999999999,soft k=0.000 +logL+1
contradiction,32k,dense 56M (ladder),beaker,slot,24,soft token (mean embedding),0.0,1,+logL+2,0,1.199,0.042,1.157,0.602,1.149,0.0,0.036,27.77777777777778,96.39999999999999,soft k=0.000 +logL+2
contradiction,32k,dense 56M (ladder),beaker,slot,24,soft token (mean embedding),0.0,1,const=mean logL,0,0.8,0.042,0.758,0.757,0.757,0.0,0.036,27.77777777777778,96.39999999999999,soft k=0.000 const=mean logL
contradiction,32k,dense 56M (ladder),beaker,slot,24,soft token (mean embedding),0.0,1,const-4,0,0.434,0.042,0.392,0.862,0.426,0.0,0.036,27.77777777777778,96.39999999999999,soft k=0.000 const-4
contradiction,32k,dense 56M (ladder),beaker,slot,24,soft token (mean embedding),0.0,1,const-2,0,0.407,0.042,0.365,0.863,0.399,0.0,0.036,27.77777777777778,96.39999999999999,soft k=0.000 const-2
contradiction,32k,dense 56M (ladder),beaker,slot,24,soft token (mean embedding),0.0,1,const-1,0,0.404,0.042,0.36200000000000004,0.867,0.394,0.04,0.036,27.77777777777778,96.39999999999999,soft k=0.000 const-1
contradiction,32k,dense 56M (ladder),beaker,slot,24,soft token (mean embedding),0.0,1,const+1,0,0.475,0.042,0.433,0.855,0.457,0.0,0.036,27.77777777777778,96.39999999999999,soft k=0.000 const+1
oolong,32k,dense 80M (ladder),beaker,slot,24,full attention,1.0,1,,0,0.466,0.466,0.0,1.0,0.0,0.42,1.0,1.0,0.0,full
oolong,32k,dense 80M (ladder),beaker,slot,24,soft token (mean embedding),0.333,1,no-bias,0,0.613,0.466,0.14699999999999996,0.799,0.253,0.38,0.355,2.8169014084507045,64.5,soft k=0.333 no-bias
oolong,32k,dense 80M (ladder),beaker,slot,24,soft token (mean embedding),0.333,1,+logL,0,0.59,0.466,0.12399999999999994,0.799,0.214,0.38,0.355,2.8169014084507045,64.5,soft k=0.333 +logL
oolong,32k,dense 80M (ladder),beaker,slot,24,soft token (mean embedding),0.333,1,+logL-2,0,0.604,0.466,0.13799999999999996,0.789,0.239,0.38,0.355,2.8169014084507045,64.5,soft k=0.333 +logL-2
oolong,32k,dense 80M (ladder),beaker,slot,24,soft token (mean embedding),0.333,1,+logL-1,0,0.6,0.466,0.13399999999999995,0.789,0.228,0.38,0.355,2.8169014084507045,64.5,soft k=0.333 +logL-1
oolong,32k,dense 80M (ladder),beaker,slot,24,soft token (mean embedding),0.333,1,+logL+1,0,0.574,0.466,0.10799999999999993,0.806,0.2,0.42,0.355,2.8169014084507045,64.5,soft k=0.333 +logL+1
oolong,32k,dense 80M (ladder),beaker,slot,24,soft token (mean embedding),0.333,1,+logL+2,0,0.564,0.466,0.09799999999999992,0.806,0.181,0.38,0.355,2.8169014084507045,64.5,soft k=0.333 +logL+2
oolong,32k,dense 80M (ladder),beaker,slot,24,soft token (mean embedding),0.333,1,const=mean logL,0,0.593,0.466,0.12699999999999995,0.789,0.226,0.38,0.355,2.8169014084507045,64.5,soft k=0.333 const=mean logL
oolong,32k,dense 80M (ladder),beaker,slot,24,soft token (mean embedding),0.333,1,const-4,0,0.61,0.466,0.14399999999999996,0.797,0.26,0.38,0.355,2.8169014084507045,64.5,soft k=0.333 const-4
oolong,32k,dense 80M (ladder),beaker,slot,24,soft token (mean embedding),0.333,1,const-2,0,0.611,0.466,0.14499999999999996,0.789,0.258,0.38,0.355,2.8169014084507045,64.5,soft k=0.333 const-2
oolong,32k,dense 80M (ladder),beaker,slot,24,soft token (mean embedding),0.333,1,const-1,0,0.613,0.466,0.14699999999999996,0.789,0.258,0.38,0.355,2.8169014084507045,64.5,soft k=0.333 const-1
oolong,32k,dense 80M (ladder),beaker,slot,24,soft token (mean embedding),0.333,1,const+1,0,0.607,0.466,0.14099999999999996,0.789,0.245,0.38,0.355,2.8169014084507045,64.5,soft k=0.333 const+1
oolong,32k,dense 80M (ladder),beaker,slot,24,soft token (mean embedding),0.167,1,no-bias,0,0.847,0.466,0.38099999999999995,0.752,0.362,0.33,0.188,5.319148936170213,81.2,soft k=0.167 no-bias
oolong,32k,dense 80M (ladder),beaker,slot,24,soft token (mean embedding),0.167,1,+logL,0,0.777,0.466,0.311,0.75,0.287,0.42,0.188,5.319148936170213,81.2,soft k=0.167 +logL
oolong,32k,dense 80M (ladder),beaker,slot,24,soft token (mean embedding),0.167,1,+logL-2,0,0.79,0.466,0.324,0.752,0.307,0.38,0.188,5.319148936170213,81.2,soft k=0.167 +logL-2
oolong,32k,dense 80M (ladder),beaker,slot,24,soft token (mean embedding),0.167,1,+logL-1,0,0.779,0.466,0.313,0.742,0.292,0.33,0.188,5.319148936170213,81.2,soft k=0.167 +logL-1
oolong,32k,dense 80M (ladder),beaker,slot,24,soft token (mean embedding),0.167,1,+logL+1,0,0.749,0.466,0.283,0.75,0.273,0.38,0.188,5.319148936170213,81.2,soft k=0.167 +logL+1
oolong,32k,dense 80M (ladder),beaker,slot,24,soft token (mean embedding),0.167,1,+logL+2,0,0.722,0.466,0.25599999999999995,0.758,0.251,0.42,0.188,5.319148936170213,81.2,soft k=0.167 +logL+2
oolong,32k,dense 80M (ladder),beaker,slot,24,soft token (mean embedding),0.167,1,const=mean logL,0,0.78,0.466,0.314,0.771,0.293,0.38,0.188,5.319148936170213,81.2,soft k=0.167 const=mean logL
oolong,32k,dense 80M (ladder),beaker,slot,24,soft token (mean embedding),0.167,1,const-4,0,0.858,0.466,0.39199999999999996,0.752,0.376,0.38,0.188,5.319148936170213,81.2,soft k=0.167 const-4
oolong,32k,dense 80M (ladder),beaker,slot,24,soft token (mean embedding),0.167,1,const-2,0,0.861,0.466,0.39499999999999996,0.752,0.375,0.33,0.188,5.319148936170213,81.2,soft k=0.167 const-2
oolong,32k,dense 80M (ladder),beaker,slot,24,soft token (mean embedding),0.167,1,const-1,0,0.858,0.466,0.39199999999999996,0.76,0.371,0.33,0.188,5.319148936170213,81.2,soft k=0.167 const-1
oolong,32k,dense 80M (ladder),beaker,slot,24,soft token (mean embedding),0.167,1,const+1,0,0.825,0.466,0.35899999999999993,0.752,0.343,0.38,0.188,5.319148936170213,81.2,soft k=0.167 const+1
oolong,32k,dense 80M (ladder),beaker,slot,24,soft token (mean embedding),0.083,1,no-bias,0,0.921,0.466,0.455,0.762,0.435,0.33,0.1,10.0,90.0,soft k=0.083 no-bias
oolong,32k,dense 80M (ladder),beaker,slot,24,soft token (mean embedding),0.083,1,+logL,0,0.749,0.466,0.283,0.768,0.26,0.29,0.1,10.0,90.0,soft k=0.083 +logL
oolong,32k,dense 80M (ladder),beaker,slot,24,soft token (mean embedding),0.083,1,+logL-2,0,0.872,0.466,0.40599999999999997,0.76,0.383,0.29,0.1,10.0,90.0,soft k=0.083 +logL-2
oolong,32k,dense 80M (ladder),beaker,slot,24,soft token (mean embedding),0.083,1,+logL-1,0,0.813,0.466,0.3469999999999999,0.768,0.328,0.29,0.1,10.0,90.0,soft k=0.083 +logL-1
oolong,32k,dense 80M (ladder),beaker,slot,24,soft token (mean embedding),0.083,1,+logL+1,0,0.707,0.466,0.24099999999999994,0.753,0.242,0.25,0.1,10.0,90.0,soft k=0.083 +logL+1
oolong,32k,dense 80M (ladder),beaker,slot,24,soft token (mean embedding),0.083,1,+logL+2,0,0.698,0.466,0.23199999999999993,0.749,0.274,0.33,0.1,10.0,90.0,soft k=0.083 +logL+2
oolong,32k,dense 80M (ladder),beaker,slot,24,soft token (mean embedding),0.083,1,const=mean logL,0,0.797,0.466,0.331,0.782,0.301,0.33,0.1,10.0,90.0,soft k=0.083 const=mean logL
oolong,32k,dense 80M (ladder),beaker,slot,24,soft token (mean embedding),0.083,1,const-4,0,0.944,0.466,0.4779999999999999,0.762,0.45,0.33,0.1,10.0,90.0,soft k=0.083 const-4
oolong,32k,dense 80M (ladder),beaker,slot,24,soft token (mean embedding),0.083,1,const-2,0,0.94,0.466,0.4739999999999999,0.762,0.448,0.33,0.1,10.0,90.0,soft k=0.083 const-2
oolong,32k,dense 80M (ladder),beaker,slot,24,soft token (mean embedding),0.083,1,const-1,0,0.932,0.466,0.466,0.762,0.442,0.33,0.1,10.0,90.0,soft k=0.083 const-1
oolong,32k,dense 80M (ladder),beaker,slot,24,soft token (mean embedding),0.083,1,const+1,0,0.902,0.466,0.436,0.762,0.418,0.33,0.1,10.0,90.0,soft k=0.083 const+1
oolong,32k,dense 80M (ladder),beaker,slot,24,soft token (mean embedding),0.0,1,no-bias,0,0.531,0.466,0.065,0.81,0.137,0.38,0.023,43.47826086956522,97.7,soft k=0.000 no-bias
oolong,32k,dense 80M (ladder),beaker,slot,24,soft token (mean embedding),0.0,1,+logL,0,0.537,0.466,0.07100000000000001,0.808,0.119,0.33,0.023,43.47826086956522,97.7,soft k=0.000 +logL
oolong,32k,dense 80M (ladder),beaker,slot,24,soft token (mean embedding),0.0,1,+logL-2,0,0.539,0.466,0.07300000000000001,0.792,0.132,0.38,0.023,43.47826086956522,97.7,soft k=0.000 +logL-2
oolong,32k,dense 80M (ladder),beaker,slot,24,soft token (mean embedding),0.0,1,+logL-1,0,0.537,0.466,0.07100000000000001,0.817,0.127,0.33,0.023,43.47826086956522,97.7,soft k=0.000 +logL-1
oolong,32k,dense 80M (ladder),beaker,slot,24,soft token (mean embedding),0.0,1,+logL+1,0,0.555,0.466,0.08900000000000002,0.797,0.137,0.38,0.023,43.47826086956522,97.7,soft k=0.000 +logL+1
oolong,32k,dense 80M (ladder),beaker,slot,24,soft token (mean embedding),0.0,1,+logL+2,0,0.628,0.466,0.16199999999999998,0.802,0.208,0.33,0.023,43.47826086956522,97.7,soft k=0.000 +logL+2
oolong,32k,dense 80M (ladder),beaker,slot,24,soft token (mean embedding),0.0,1,const=mean logL,0,0.545,0.466,0.07900000000000001,0.808,0.135,0.33,0.023,43.47826086956522,97.7,soft k=0.000 const=mean logL
oolong,32k,dense 80M (ladder),beaker,slot,24,soft token (mean embedding),0.0,1,const-4,0,0.521,0.466,0.05499999999999999,0.792,0.136,0.42,0.023,43.47826086956522,97.7,soft k=0.000 const-4
oolong,32k,dense 80M (ladder),beaker,slot,24,soft token (mean embedding),0.0,1,const-2,0,0.529,0.466,0.063,0.81,0.136,0.38,0.023,43.47826086956522,97.7,soft k=0.000 const-2
oolong,32k,dense 80M (ladder),beaker,slot,24,soft token (mean embedding),0.0,1,const-1,0,0.53,0.466,0.064,0.81,0.138,0.38,0.023,43.47826086956522,97.7,soft k=0.000 const-1
oolong,32k,dense 80M (ladder),beaker,slot,24,soft token (mean embedding),0.0,1,const+1,0,0.535,0.466,0.069,0.8,0.136,0.38,0.023,43.47826086956522,97.7,soft k=0.000 const+1
nq,32k,dense 48M (ladder),beaker,slot,24,full attention,1.0,1,,0,0.086,0.086,0.0,1.0,0.0,0.96,1.0,1.0,0.0,full
nq,32k,dense 48M (ladder),beaker,slot,24,soft token (mean embedding),0.333,1,no-bias,0,0.923,0.086,0.8370000000000001,0.797,0.844,0.33,0.34,2.941176470588235,65.99999999999999,soft k=0.333 no-bias
nq,32k,dense 48M (ladder),beaker,slot,24,soft token (mean embedding),0.333,1,+logL,0,1.022,0.086,0.936,0.739,0.956,0.21,0.34,2.941176470588235,65.99999999999999,soft k=0.333 +logL
nq,32k,dense 48M (ladder),beaker,slot,24,soft token (mean embedding),0.333,1,+logL-2,0,0.975,0.086,0.889,0.791,0.896,0.33,0.34,2.941176470588235,65.99999999999999,soft k=0.333 +logL-2
nq,32k,dense 48M (ladder),beaker,slot,24,soft token (mean embedding),0.333,1,+logL-1,0,1.013,0.086,0.9269999999999999,0.764,0.938,0.21,0.34,2.941176470588235,65.99999999999999,soft k=0.333 +logL-1
nq,32k,dense 48M (ladder),beaker,slot,24,soft token (mean embedding),0.333,1,+logL+1,0,1.021,0.086,0.9349999999999999,0.732,0.969,0.17,0.34,2.941176470588235,65.99999999999999,soft k=0.333 +logL+1
nq,32k,dense 48M (ladder),beaker,slot,24,soft token (mean embedding),0.333,1,+logL+2,0,1.192,0.086,1.1059999999999999,0.681,1.136,0.08,0.34,2.941176470588235,65.99999999999999,soft k=0.333 +logL+2
nq,32k,dense 48M (ladder),beaker,slot,24,soft token (mean embedding),0.333,1,const=mean logL,0,0.998,0.086,0.912,0.765,0.921,0.25,0.34,2.941176470588235,65.99999999999999,soft k=0.333 const=mean logL
nq,32k,dense 48M (ladder),beaker,slot,24,soft token (mean embedding),0.333,1,const-4,0,0.914,0.086,0.8280000000000001,0.797,0.835,0.33,0.34,2.941176470588235,65.99999999999999,soft k=0.333 const-4
nq,32k,dense 48M (ladder),beaker,slot,24,soft token (mean embedding),0.333,1,const-2,0,0.918,0.086,0.8320000000000001,0.797,0.839,0.33,0.34,2.941176470588235,65.99999999999999,soft k=0.333 const-2
nq,32k,dense 48M (ladder),beaker,slot,24,soft token (mean embedding),0.333,1,const-1,0,0.919,0.086,0.8330000000000001,0.797,0.84,0.33,0.34,2.941176470588235,65.99999999999999,soft k=0.333 const-1
nq,32k,dense 48M (ladder),beaker,slot,24,soft token (mean embedding),0.333,1,const+1,0,0.93,0.086,0.8440000000000001,0.803,0.851,0.33,0.34,2.941176470588235,65.99999999999999,soft k=0.333 const+1
nq,32k,dense 48M (ladder),beaker,slot,24,soft token (mean embedding),0.167,1,no-bias,0,1.139,0.086,1.053,0.72,1.064,0.17,0.177,5.649717514124294,82.3,soft k=0.167 no-bias
nq,32k,dense 48M (ladder),beaker,slot,24,soft token (mean embedding),0.167,1,+logL,0,1.149,0.086,1.063,0.707,1.083,0.17,0.177,5.649717514124294,82.3,soft k=0.167 +logL
nq,32k,dense 48M (ladder),beaker,slot,24,soft token (mean embedding),0.167,1,+logL-2,0,1.153,0.086,1.067,0.702,1.074,0.17,0.177,5.649717514124294,82.3,soft k=0.167 +logL-2
nq,32k,dense 48M (ladder),beaker,slot,24,soft token (mean embedding),0.167,1,+logL-1,0,1.15,0.086,1.0639999999999998,0.708,1.072,0.17,0.177,5.649717514124294,82.3,soft k=0.167 +logL-1
nq,32k,dense 48M (ladder),beaker,slot,24,soft token (mean embedding),0.167,1,+logL+1,0,1.087,0.086,1.001,0.669,1.028,0.12,0.177,5.649717514124294,82.3,soft k=0.167 +logL+1
nq,32k,dense 48M (ladder),beaker,slot,24,soft token (mean embedding),0.167,1,+logL+2,0,1.224,0.086,1.138,0.624,1.165,0.08,0.177,5.649717514124294,82.3,soft k=0.167 +logL+2
nq,32k,dense 48M (ladder),beaker,slot,24,soft token (mean embedding),0.167,1,const=mean logL,0,1.157,0.086,1.071,0.708,1.076,0.17,0.177,5.649717514124294,82.3,soft k=0.167 const=mean logL
nq,32k,dense 48M (ladder),beaker,slot,24,soft token (mean embedding),0.167,1,const-4,0,1.142,0.086,1.0559999999999998,0.714,1.069,0.17,0.177,5.649717514124294,82.3,soft k=0.167 const-4
nq,32k,dense 48M (ladder),beaker,slot,24,soft token (mean embedding),0.167,1,const-2,0,1.139,0.086,1.053,0.708,1.067,0.17,0.177,5.649717514124294,82.3,soft k=0.167 const-2
nq,32k,dense 48M (ladder),beaker,slot,24,soft token (mean embedding),0.167,1,const-1,0,1.136,0.086,1.0499999999999998,0.72,1.064,0.17,0.177,5.649717514124294,82.3,soft k=0.167 const-1
nq,32k,dense 48M (ladder),beaker,slot,24,soft token (mean embedding),0.167,1,const+1,0,1.141,0.086,1.055,0.72,1.065,0.17,0.177,5.649717514124294,82.3,soft k=0.167 const+1
nq,32k,dense 48M (ladder),beaker,slot,24,soft token (mean embedding),0.083,1,no-bias,0,1.205,0.086,1.119,0.701,1.184,0.08,0.097,10.309278350515463,90.3,soft k=0.083 no-bias
nq,32k,dense 48M (ladder),beaker,slot,24,soft token (mean embedding),0.083,1,+logL,0,1.159,0.086,1.073,0.688,1.124,0.04,0.097,10.309278350515463,90.3,soft k=0.083 +logL
nq,32k,dense 48M (ladder),beaker,slot,24,soft token (mean embedding),0.083,1,+logL-2,0,1.215,0.086,1.129,0.713,1.189,0.08,0.097,10.309278350515463,90.3,soft k=0.083 +logL-2
nq,32k,dense 48M (ladder),beaker,slot,24,soft token (mean embedding),0.083,1,+logL-1,0,1.192,0.086,1.1059999999999999,0.707,1.16,0.08,0.097,10.309278350515463,90.3,soft k=0.083 +logL-1
nq,32k,dense 48M (ladder),beaker,slot,24,soft token (mean embedding),0.083,1,+logL+1,0,1.165,0.086,1.079,0.676,1.134,0.08,0.097,10.309278350515463,90.3,soft k=0.083 +logL+1
nq,32k,dense 48M (ladder),beaker,slot,24,soft token (mean embedding),0.083,1,+logL+2,0,1.259,0.086,1.1729999999999998,0.63,1.21,0.08,0.097,10.309278350515463,90.3,soft k=0.083 +logL+2
nq,32k,dense 48M (ladder),beaker,slot,24,soft token (mean embedding),0.083,1,const=mean logL,0,1.196,0.086,1.1099999999999999,0.713,1.168,0.08,0.097,10.309278350515463,90.3,soft k=0.083 const=mean logL
nq,32k,dense 48M (ladder),beaker,slot,24,soft token (mean embedding),0.083,1,const-4,0,1.215,0.086,1.129,0.701,1.192,0.08,0.097,10.309278350515463,90.3,soft k=0.083 const-4
nq,32k,dense 48M (ladder),beaker,slot,24,soft token (mean embedding),0.083,1,const-2,0,1.217,0.086,1.131,0.701,1.194,0.08,0.097,10.309278350515463,90.3,soft k=0.083 const-2
nq,32k,dense 48M (ladder),beaker,slot,24,soft token (mean embedding),0.083,1,const-1,0,1.216,0.086,1.13,0.701,1.194,0.08,0.097,10.309278350515463,90.3,soft k=0.083 const-1
nq,32k,dense 48M (ladder),beaker,slot,24,soft token (mean embedding),0.083,1,const+1,0,1.201,0.086,1.115,0.707,1.179,0.08,0.097,10.309278350515463,90.3,soft k=0.083 const+1
nq,32k,dense 48M (ladder),beaker,slot,24,soft token (mean embedding),0.0,1,no-bias,0,0.796,0.086,0.7100000000000001,0.768,0.767,0.0,0.018,55.55555555555556,98.2,soft k=0.000 no-bias
nq,32k,dense 48M (ladder),beaker,slot,24,soft token (mean embedding),0.0,1,+logL,0,0.923,0.086,0.8370000000000001,0.748,0.886,0.0,0.018,55.55555555555556,98.2,soft k=0.000 +logL
nq,32k,dense 48M (ladder),beaker,slot,24,soft token (mean embedding),0.0,1,+logL-2,0,0.829,0.086,0.743,0.755,0.809,0.0,0.018,55.55555555555556,98.2,soft k=0.000 +logL-2
nq,32k,dense 48M (ladder),beaker,slot,24,soft token (mean embedding),0.0,1,+logL-1,0,0.847,0.086,0.761,0.755,0.824,0.0,0.018,55.55555555555556,98.2,soft k=0.000 +logL-1
nq,32k,dense 48M (ladder),beaker,slot,24,soft token (mean embedding),0.0,1,+logL+1,0,1.068,0.086,0.9820000000000001,0.679,1.021,0.0,0.018,55.55555555555556,98.2,soft k=0.000 +logL+1
nq,32k,dense 48M (ladder),beaker,slot,24,soft token (mean embedding),0.0,1,+logL+2,0,1.425,0.086,1.339,0.565,1.356,0.0,0.018,55.55555555555556,98.2,soft k=0.000 +logL+2
nq,32k,dense 48M (ladder),beaker,slot,24,soft token (mean embedding),0.0,1,const=mean logL,0,0.835,0.086,0.749,0.762,0.816,0.0,0.018,55.55555555555556,98.2,soft k=0.000 const=mean logL
nq,32k,dense 48M (ladder),beaker,slot,24,soft token (mean embedding),0.0,1,const-4,0,0.801,0.086,0.7150000000000001,0.767,0.773,0.0,0.018,55.55555555555556,98.2,soft k=0.000 const-4
nq,32k,dense 48M (ladder),beaker,slot,24,soft token (mean embedding),0.0,1,const-2,0,0.793,0.086,0.7070000000000001,0.774,0.764,0.0,0.018,55.55555555555556,98.2,soft k=0.000 const-2
nq,32k,dense 48M (ladder),beaker,slot,24,soft token (mean embedding),0.0,1,const-1,0,0.796,0.086,0.7100000000000001,0.774,0.768,0.0,0.018,55.55555555555556,98.2,soft k=0.000 const-1
nq,32k,dense 48M (ladder),beaker,slot,24,soft token (mean embedding),0.0,1,const+1,0,0.801,0.086,0.7150000000000001,0.775,0.774,0.0,0.018,55.55555555555556,98.2,soft k=0.000 const+1
outlier,32k,dense 160M (ladder),beaker,slot,24,full attention,1.0,1,,0,1.206,1.206,0.0,1.0,0.0,0.0,1.0,1.0,0.0,full
outlier,32k,dense 160M (ladder),beaker,slot,24,soft token (mean embedding),0.333,1,no-bias,0,1.686,1.206,0.48,0.74,0.711,0.0,0.348,2.873563218390805,65.2,soft k=0.333 no-bias
outlier,32k,dense 160M (ladder),beaker,slot,24,soft token (mean embedding),0.333,1,+logL,0,2.138,1.206,0.9319999999999999,0.615,1.063,0.0,0.348,2.873563218390805,65.2,soft k=0.333 +logL
outlier,32k,dense 160M (ladder),beaker,slot,24,soft token (mean embedding),0.333,1,+logL-2,0,1.779,1.206,0.573,0.716,0.793,0.0,0.348,2.873563218390805,65.2,soft k=0.333 +logL-2
outlier,32k,dense 160M (ladder),beaker,slot,24,soft token (mean embedding),0.333,1,+logL-1,0,1.947,1.206,0.7410000000000001,0.677,0.911,0.0,0.348,2.873563218390805,65.2,soft k=0.333 +logL-1
outlier,32k,dense 160M (ladder),beaker,slot,24,soft token (mean embedding),0.333,1,+logL+1,0,2.34,1.206,1.134,0.571,1.243,0.0,0.348,2.873563218390805,65.2,soft k=0.333 +logL+1
outlier,32k,dense 160M (ladder),beaker,slot,24,soft token (mean embedding),0.333,1,+logL+2,0,2.433,1.206,1.2269999999999999,0.542,1.354,0.0,0.348,2.873563218390805,65.2,soft k=0.333 +logL+2
outlier,32k,dense 160M (ladder),beaker,slot,24,soft token (mean embedding),0.333,1,const=mean logL,0,1.911,1.206,0.7050000000000001,0.677,0.884,0.0,0.348,2.873563218390805,65.2,soft k=0.333 const=mean logL
outlier,32k,dense 160M (ladder),beaker,slot,24,soft token (mean embedding),0.333,1,const-4,0,1.678,1.206,0.472,0.74,0.71,0.0,0.348,2.873563218390805,65.2,soft k=0.333 const-4
outlier,32k,dense 160M (ladder),beaker,slot,24,soft token (mean embedding),0.333,1,const-2,0,1.684,1.206,0.478,0.741,0.71,0.0,0.348,2.873563218390805,65.2,soft k=0.333 const-2
outlier,32k,dense 160M (ladder),beaker,slot,24,soft token (mean embedding),0.333,1,const-1,0,1.687,1.206,0.4810000000000001,0.745,0.712,0.0,0.348,2.873563218390805,65.2,soft k=0.333 const-1
outlier,32k,dense 160M (ladder),beaker,slot,24,soft token (mean embedding),0.333,1,const+1,0,1.697,1.206,0.4910000000000001,0.738,0.718,0.0,0.348,2.873563218390805,65.2,soft k=0.333 const+1
outlier,32k,dense 160M (ladder),beaker,slot,24,soft token (mean embedding),0.167,1,no-bias,0,1.693,1.206,0.4870000000000001,0.703,0.816,0.0,0.186,5.376344086021505,81.4,soft k=0.167 no-bias
outlier,32k,dense 160M (ladder),beaker,slot,24,soft token (mean embedding),0.167,1,+logL,0,2.426,1.206,1.2200000000000002,0.563,1.334,0.0,0.186,5.376344086021505,81.4,soft k=0.167 +logL
outlier,32k,dense 160M (ladder),beaker,slot,24,soft token (mean embedding),0.167,1,+logL-2,0,1.948,1.206,0.742,0.653,0.947,0.0,0.186,5.376344086021505,81.4,soft k=0.167 +logL-2
outlier,32k,dense 160M (ladder),beaker,slot,24,soft token (mean embedding),0.167,1,+logL-1,0,2.208,1.206,1.0020000000000002,0.61,1.143,0.0,0.186,5.376344086021505,81.4,soft k=0.167 +logL-1
outlier,32k,dense 160M (ladder),beaker,slot,24,soft token (mean embedding),0.167,1,+logL+1,0,2.54,1.206,1.334,0.538,1.461,0.0,0.186,5.376344086021505,81.4,soft k=0.167 +logL+1
outlier,32k,dense 160M (ladder),beaker,slot,24,soft token (mean embedding),0.167,1,+logL+2,0,2.648,1.206,1.4420000000000002,0.489,1.617,0.0,0.186,5.376344086021505,81.4,soft k=0.167 +logL+2
outlier,32k,dense 160M (ladder),beaker,slot,24,soft token (mean embedding),0.167,1,const=mean logL,0,2.149,1.206,0.9430000000000001,0.62,1.094,0.0,0.186,5.376344086021505,81.4,soft k=0.167 const=mean logL
outlier,32k,dense 160M (ladder),beaker,slot,24,soft token (mean embedding),0.167,1,const-4,0,1.662,1.206,0.45599999999999996,0.694,0.816,0.0,0.186,5.376344086021505,81.4,soft k=0.167 const-4
outlier,32k,dense 160M (ladder),beaker,slot,24,soft token (mean embedding),0.167,1,const-2,0,1.668,1.206,0.46199999999999997,0.696,0.816,0.0,0.186,5.376344086021505,81.4,soft k=0.167 const-2
outlier,32k,dense 160M (ladder),beaker,slot,24,soft token (mean embedding),0.167,1,const-1,0,1.677,1.206,0.4710000000000001,0.701,0.815,0.0,0.186,5.376344086021505,81.4,soft k=0.167 const-1
outlier,32k,dense 160M (ladder),beaker,slot,24,soft token (mean embedding),0.167,1,const+1,0,1.738,1.206,0.532,0.685,0.839,0.0,0.186,5.376344086021505,81.4,soft k=0.167 const+1
outlier,32k,dense 160M (ladder),beaker,slot,24,soft token (mean embedding),0.083,1,no-bias,0,1.681,1.206,0.4750000000000001,0.682,0.899,0.0,0.105,9.523809523809524,89.5,soft k=0.083 no-bias
outlier,32k,dense 160M (ladder),beaker,slot,24,soft token (mean embedding),0.083,1,+logL,0,2.503,1.206,1.2970000000000002,0.56,1.414,0.0,0.105,9.523809523809524,89.5,soft k=0.083 +logL
outlier,32k,dense 160M (ladder),beaker,slot,24,soft token (mean embedding),0.083,1,+logL-2,0,1.973,1.206,0.7670000000000001,0.652,1.02,0.0,0.105,9.523809523809524,89.5,soft k=0.083 +logL-2
outlier,32k,dense 160M (ladder),beaker,slot,24,soft token (mean embedding),0.083,1,+logL-1,0,2.268,1.206,1.0619999999999998,0.576,1.223,0.0,0.105,9.523809523809524,89.5,soft k=0.083 +logL-1
outlier,32k,dense 160M (ladder),beaker,slot,24,soft token (mean embedding),0.083,1,+logL+1,0,2.606,1.206,1.4,0.531,1.515,0.0,0.105,9.523809523809524,89.5,soft k=0.083 +logL+1
outlier,32k,dense 160M (ladder),beaker,slot,24,soft token (mean embedding),0.083,1,+logL+2,0,2.642,1.206,1.436,0.497,1.633,0.0,0.105,9.523809523809524,89.5,soft k=0.083 +logL+2
outlier,32k,dense 160M (ladder),beaker,slot,24,soft token (mean embedding),0.083,1,const=mean logL,0,2.216,1.206,1.0100000000000002,0.594,1.183,0.0,0.105,9.523809523809524,89.5,soft k=0.083 const=mean logL
outlier,32k,dense 160M (ladder),beaker,slot,24,soft token (mean embedding),0.083,1,const-4,0,1.631,1.206,0.42500000000000004,0.68,0.907,0.0,0.105,9.523809523809524,89.5,soft k=0.083 const-4
outlier,32k,dense 160M (ladder),beaker,slot,24,soft token (mean embedding),0.083,1,const-2,0,1.644,1.206,0.43799999999999994,0.675,0.905,0.0,0.105,9.523809523809524,89.5,soft k=0.083 const-2
outlier,32k,dense 160M (ladder),beaker,slot,24,soft token (mean embedding),0.083,1,const-1,0,1.657,1.206,0.45100000000000007,0.675,0.903,0.0,0.105,9.523809523809524,89.5,soft k=0.083 const-1
outlier,32k,dense 160M (ladder),beaker,slot,24,soft token (mean embedding),0.083,1,const+1,0,1.742,1.206,0.536,0.669,0.921,0.0,0.105,9.523809523809524,89.5,soft k=0.083 const+1
outlier,32k,dense 160M (ladder),beaker,slot,24,soft token (mean embedding),0.0,1,no-bias,0,1.512,1.206,0.30600000000000005,0.687,0.9,0.0,0.029,34.48275862068965,97.1,soft k=0.000 no-bias
outlier,32k,dense 160M (ladder),beaker,slot,24,soft token (mean embedding),0.0,1,+logL,0,2.34,1.206,1.134,0.583,1.359,0.0,0.029,34.48275862068965,97.1,soft k=0.000 +logL
outlier,32k,dense 160M (ladder),beaker,slot,24,soft token (mean embedding),0.0,1,+logL-2,0,1.89,1.206,0.6839999999999999,0.664,0.983,0.0,0.029,34.48275862068965,97.1,soft k=0.000 +logL-2
outlier,32k,dense 160M (ladder),beaker,slot,24,soft token (mean embedding),0.0,1,+logL-1,0,2.163,1.206,0.9569999999999999,0.612,1.229,0.0,0.029,34.48275862068965,97.1,soft k=0.000 +logL-1
outlier,32k,dense 160M (ladder),beaker,slot,24,soft token (mean embedding),0.0,1,+logL+1,0,2.442,1.206,1.2360000000000002,0.549,1.452,0.0,0.029,34.48275862068965,97.1,soft k=0.000 +logL+1
outlier,32k,dense 160M (ladder),beaker,slot,24,soft token (mean embedding),0.0,1,+logL+2,0,2.518,1.206,1.3119999999999998,0.49,1.646,0.0,0.029,34.48275862068965,97.1,soft k=0.000 +logL+2
outlier,32k,dense 160M (ladder),beaker,slot,24,soft token (mean embedding),0.0,1,const=mean logL,0,2.109,1.206,0.903,0.617,1.177,0.0,0.029,34.48275862068965,97.1,soft k=0.000 const=mean logL
outlier,32k,dense 160M (ladder),beaker,slot,24,soft token (mean embedding),0.0,1,const-4,0,1.458,1.206,0.252,0.68,0.962,0.0,0.029,34.48275862068965,97.1,soft k=0.000 const-4
outlier,32k,dense 160M (ladder),beaker,slot,24,soft token (mean embedding),0.0,1,const-2,0,1.482,1.206,0.276,0.676,0.955,0.0,0.029,34.48275862068965,97.1,soft k=0.000 const-2
outlier,32k,dense 160M (ladder),beaker,slot,24,soft token (mean embedding),0.0,1,const-1,0,1.496,1.206,0.29000000000000004,0.68,0.934,0.0,0.029,34.48275862068965,97.1,soft k=0.000 const-1
outlier,32k,dense 160M (ladder),beaker,slot,24,soft token (mean embedding),0.0,1,const+1,0,1.594,1.206,0.3880000000000001,0.702,0.882,0.0,0.029,34.48275862068965,97.1,soft k=0.000 const+1
contradiction,32k,dense 56M (ladder),beaker,oracle,24,full attention,1.0,1,,0,0.042,0.042,0.0,1.0,0.0,0.67,1.0,1.0,0.0,full
contradiction,32k,dense 56M (ladder),beaker,oracle,24,oracle mean K/V slot,0.333,1,+logL,1,0.088,0.042,0.04599999999999999,0.97,0.079,0.38,0.357,2.801120448179272,64.3,k=0.333 oracle meanKV +logL
contradiction,32k,dense 56M (ladder),beaker,oracle,24,oracle mean K/V slot,0.333,1,no-bias,1,0.109,0.042,0.067,0.969,0.087,0.33,0.357,2.801120448179272,64.3,k=0.333 oracle meanKV no-bias
contradiction,32k,dense 56M (ladder),beaker,oracle,24,oracle mean K/V slot,0.333,1,+logL-2,1,0.104,0.042,0.06199999999999999,0.969,0.085,0.33,0.357,2.801120448179272,64.3,k=0.333 oracle meanKV +logL-2
contradiction,32k,dense 56M (ladder),beaker,oracle,24,oracle mean K/V slot,0.333,1,+logL-1,1,0.095,0.042,0.053,0.973,0.081,0.38,0.357,2.801120448179272,64.3,k=0.333 oracle meanKV +logL-1
contradiction,32k,dense 56M (ladder),beaker,oracle,24,oracle mean K/V slot,0.333,1,+logL+1,1,0.092,0.042,0.049999999999999996,0.972,0.086,0.46,0.357,2.801120448179272,64.3,k=0.333 oracle meanKV +logL+1
contradiction,32k,dense 56M (ladder),beaker,oracle,24,oracle mean K/V slot,0.333,1,+logL+2,1,0.099,0.042,0.057,0.964,0.094,0.46,0.357,2.801120448179272,64.3,k=0.333 oracle meanKV +logL+2
contradiction,32k,dense 56M (ladder),beaker,oracle,24,soft token (mean embedding),0.333,1,no-bias,0,0.107,0.042,0.065,0.966,0.081,0.33,0.357,2.801120448179272,64.3,k=0.333 soft meanEmb no-bias
contradiction,32k,dense 56M (ladder),beaker,oracle,24,soft token (mean embedding),0.333,1,+logL,0,0.194,0.042,0.152,0.946,0.154,0.25,0.357,2.801120448179272,64.3,k=0.333 soft meanEmb +logL
contradiction,32k,dense 56M (ladder),beaker,oracle,24,oracle mean K/V slot,0.167,1,+logL,1,0.146,0.042,0.10399999999999998,0.956,0.157,0.17,0.196,5.1020408163265305,80.4,k=0.167 oracle meanKV +logL
contradiction,32k,dense 56M (ladder),beaker,oracle,24,oracle mean K/V slot,0.167,1,no-bias,1,0.163,0.042,0.121,0.95,0.154,0.17,0.196,5.1020408163265305,80.4,k=0.167 oracle meanKV no-bias
contradiction,32k,dense 56M (ladder),beaker,oracle,24,oracle mean K/V slot,0.167,1,+logL-2,1,0.161,0.042,0.119,0.953,0.158,0.17,0.196,5.1020408163265305,80.4,k=0.167 oracle meanKV +logL-2
contradiction,32k,dense 56M (ladder),beaker,oracle,24,oracle mean K/V slot,0.167,1,+logL-1,1,0.154,0.042,0.11199999999999999,0.95,0.158,0.12,0.196,5.1020408163265305,80.4,k=0.167 oracle meanKV +logL-1
contradiction,32k,dense 56M (ladder),beaker,oracle,24,oracle mean K/V slot,0.167,1,+logL+1,1,0.152,0.042,0.10999999999999999,0.956,0.167,0.21,0.196,5.1020408163265305,80.4,k=0.167 oracle meanKV +logL+1
contradiction,32k,dense 56M (ladder),beaker,oracle,24,oracle mean K/V slot,0.167,1,+logL+2,1,0.166,0.042,0.124,0.95,0.179,0.21,0.196,5.1020408163265305,80.4,k=0.167 oracle meanKV +logL+2
contradiction,32k,dense 56M (ladder),beaker,oracle,24,soft token (mean embedding),0.167,1,no-bias,0,0.16,0.042,0.118,0.952,0.145,0.12,0.196,5.1020408163265305,80.4,k=0.167 soft meanEmb no-bias
contradiction,32k,dense 56M (ladder),beaker,oracle,24,soft token (mean embedding),0.167,1,+logL,0,0.391,0.042,0.34900000000000003,0.885,0.337,0.0,0.196,5.1020408163265305,80.4,k=0.167 soft meanEmb +logL
contradiction,32k,dense 56M (ladder),beaker,oracle,24,oracle mean K/V slot,0.083,1,+logL,1,0.375,0.042,0.333,0.888,0.372,0.04,0.116,8.620689655172413,88.4,k=0.083 oracle meanKV +logL
contradiction,32k,dense 56M (ladder),beaker,oracle,24,oracle mean K/V slot,0.083,1,no-bias,1,0.38,0.042,0.338,0.899,0.354,0.04,0.116,8.620689655172413,88.4,k=0.083 oracle meanKV no-bias
contradiction,32k,dense 56M (ladder),beaker,oracle,24,oracle mean K/V slot,0.083,1,+logL-2,1,0.378,0.042,0.336,0.897,0.357,0.04,0.116,8.620689655172413,88.4,k=0.083 oracle meanKV +logL-2
contradiction,32k,dense 56M (ladder),beaker,oracle,24,oracle mean K/V slot,0.083,1,+logL-1,1,0.376,0.042,0.334,0.892,0.363,0.04,0.116,8.620689655172413,88.4,k=0.083 oracle meanKV +logL-1
contradiction,32k,dense 56M (ladder),beaker,oracle,24,oracle mean K/V slot,0.083,1,+logL+1,1,0.369,0.042,0.327,0.888,0.371,0.04,0.116,8.620689655172413,88.4,k=0.083 oracle meanKV +logL+1
contradiction,32k,dense 56M (ladder),beaker,oracle,24,oracle mean K/V slot,0.083,1,+logL+2,1,0.398,0.042,0.35600000000000004,0.88,0.4,0.0,0.116,8.620689655172413,88.4,k=0.083 oracle meanKV +logL+2
contradiction,32k,dense 56M (ladder),beaker,oracle,24,soft token (mean embedding),0.083,1,no-bias,0,0.376,0.042,0.334,0.892,0.349,0.04,0.116,8.620689655172413,88.4,k=0.083 soft meanEmb no-bias
contradiction,32k,dense 56M (ladder),beaker,oracle,24,soft token (mean embedding),0.083,1,+logL,0,0.791,0.042,0.749,0.773,0.718,0.0,0.116,8.620689655172413,88.4,k=0.083 soft meanEmb +logL
contradiction,32k,dense 56M (ladder),beaker,oracle,24,oracle mean K/V slot,0.0,1,+logL,1,0.47,0.042,0.428,0.855,0.468,0.0,0.036,27.77777777777778,96.39999999999999,k=0.000 oracle meanKV +logL
contradiction,32k,dense 56M (ladder),beaker,oracle,24,oracle mean K/V slot,0.0,1,no-bias,1,0.425,0.042,0.383,0.866,0.417,0.0,0.036,27.77777777777778,96.39999999999999,k=0.000 oracle meanKV no-bias
contradiction,32k,dense 56M (ladder),beaker,oracle,24,oracle mean K/V slot,0.0,1,+logL-2,1,0.42,0.042,0.378,0.87,0.414,0.04,0.036,27.77777777777778,96.39999999999999,k=0.000 oracle meanKV +logL-2
contradiction,32k,dense 56M (ladder),beaker,oracle,24,oracle mean K/V slot,0.0,1,+logL-1,1,0.442,0.042,0.4,0.866,0.439,0.04,0.036,27.77777777777778,96.39999999999999,k=0.000 oracle meanKV +logL-1
contradiction,32k,dense 56M (ladder),beaker,oracle,24,oracle mean K/V slot,0.0,1,+logL+1,1,0.513,0.042,0.47100000000000003,0.843,0.51,0.0,0.036,27.77777777777778,96.39999999999999,k=0.000 oracle meanKV +logL+1
contradiction,32k,dense 56M (ladder),beaker,oracle,24,oracle mean K/V slot,0.0,1,+logL+2,1,0.573,0.042,0.5309999999999999,0.833,0.562,0.0,0.036,27.77777777777778,96.39999999999999,k=0.000 oracle meanKV +logL+2
contradiction,32k,dense 56M (ladder),beaker,oracle,24,soft token (mean embedding),0.0,1,no-bias,0,0.425,0.042,0.383,0.867,0.413,0.0,0.036,27.77777777777778,96.39999999999999,k=0.000 soft meanEmb no-bias
contradiction,32k,dense 56M (ladder),beaker,oracle,24,soft token (mean embedding),0.0,1,+logL,0,0.798,0.042,0.756,0.768,0.757,0.0,0.036,27.77777777777778,96.39999999999999,k=0.000 soft meanEmb +logL
oolong,32k,dense 80M (ladder),beaker,oracle,24,full attention,1.0,1,,0,0.466,0.466,0.0,1.0,0.0,0.42,1.0,1.0,0.0,full
oolong,32k,dense 80M (ladder),beaker,oracle,24,oracle mean K/V slot,0.333,1,+logL,1,0.609,0.466,0.14299999999999996,0.781,0.265,0.38,0.355,2.8169014084507045,64.5,k=0.333 oracle meanKV +logL
oolong,32k,dense 80M (ladder),beaker,oracle,24,oracle mean K/V slot,0.333,1,no-bias,1,0.611,0.466,0.14499999999999996,0.799,0.263,0.38,0.355,2.8169014084507045,64.5,k=0.333 oracle meanKV no-bias
oolong,32k,dense 80M (ladder),beaker,oracle,24,oracle mean K/V slot,0.333,1,+logL-2,1,0.614,0.466,0.14799999999999996,0.789,0.265,0.38,0.355,2.8169014084507045,64.5,k=0.333 oracle meanKV +logL-2
oolong,32k,dense 80M (ladder),beaker,oracle,24,oracle mean K/V slot,0.333,1,+logL-1,1,0.612,0.466,0.14599999999999996,0.789,0.264,0.38,0.355,2.8169014084507045,64.5,k=0.333 oracle meanKV +logL-1
oolong,32k,dense 80M (ladder),beaker,oracle,24,oracle mean K/V slot,0.333,1,+logL+1,1,0.609,0.466,0.14299999999999996,0.789,0.268,0.38,0.355,2.8169014084507045,64.5,k=0.333 oracle meanKV +logL+1
oolong,32k,dense 80M (ladder),beaker,oracle,24,oracle mean K/V slot,0.333,1,+logL+2,1,0.6,0.466,0.13399999999999995,0.781,0.27,0.38,0.355,2.8169014084507045,64.5,k=0.333 oracle meanKV +logL+2
oolong,32k,dense 80M (ladder),beaker,oracle,24,soft token (mean embedding),0.333,1,no-bias,0,0.607,0.466,0.14099999999999996,0.797,0.251,0.38,0.355,2.8169014084507045,64.5,k=0.333 soft meanEmb no-bias
oolong,32k,dense 80M (ladder),beaker,oracle,24,soft token (mean embedding),0.333,1,+logL,0,0.586,0.466,0.11999999999999994,0.808,0.213,0.38,0.355,2.8169014084507045,64.5,k=0.333 soft meanEmb +logL
oolong,32k,dense 80M (ladder),beaker,oracle,24,oracle mean K/V slot,0.167,1,+logL,1,0.877,0.466,0.411,0.752,0.388,0.33,0.188,5.319148936170213,81.2,k=0.167 oracle meanKV +logL
oolong,32k,dense 80M (ladder),beaker,oracle,24,oracle mean K/V slot,0.167,1,no-bias,1,0.862,0.466,0.39599999999999996,0.76,0.376,0.33,0.188,5.319148936170213,81.2,k=0.167 oracle meanKV no-bias
oolong,32k,dense 80M (ladder),beaker,oracle,24,oracle mean K/V slot,0.167,1,+logL-2,1,0.869,0.466,0.40299999999999997,0.752,0.382,0.33,0.188,5.319148936170213,81.2,k=0.167 oracle meanKV +logL-2
oolong,32k,dense 80M (ladder),beaker,oracle,24,oracle mean K/V slot,0.167,1,+logL-1,1,0.869,0.466,0.40299999999999997,0.752,0.382,0.33,0.188,5.319148936170213,81.2,k=0.167 oracle meanKV +logL-1
oolong,32k,dense 80M (ladder),beaker,oracle,24,oracle mean K/V slot,0.167,1,+logL+1,1,0.885,0.466,0.419,0.752,0.394,0.33,0.188,5.319148936170213,81.2,k=0.167 oracle meanKV +logL+1
oolong,32k,dense 80M (ladder),beaker,oracle,24,oracle mean K/V slot,0.167,1,+logL+2,1,0.865,0.466,0.39899999999999997,0.752,0.388,0.33,0.188,5.319148936170213,81.2,k=0.167 oracle meanKV +logL+2
oolong,32k,dense 80M (ladder),beaker,oracle,24,soft token (mean embedding),0.167,1,no-bias,0,0.844,0.466,0.37799999999999995,0.76,0.362,0.33,0.188,5.319148936170213,81.2,k=0.167 soft meanEmb no-bias
oolong,32k,dense 80M (ladder),beaker,oracle,24,soft token (mean embedding),0.167,1,+logL,0,0.777,0.466,0.311,0.75,0.286,0.38,0.188,5.319148936170213,81.2,k=0.167 soft meanEmb +logL
oolong,32k,dense 80M (ladder),beaker,oracle,24,oracle mean K/V slot,0.083,1,+logL,1,0.95,0.466,0.48399999999999993,0.753,0.458,0.33,0.1,10.0,90.0,k=0.083 oracle meanKV +logL
oolong,32k,dense 80M (ladder),beaker,oracle,24,oracle mean K/V slot,0.083,1,no-bias,1,0.943,0.466,0.4769999999999999,0.762,0.447,0.33,0.1,10.0,90.0,k=0.083 oracle meanKV no-bias
oolong,32k,dense 80M (ladder),beaker,oracle,24,oracle mean K/V slot,0.083,1,+logL-2,1,0.945,0.466,0.4789999999999999,0.762,0.45,0.33,0.1,10.0,90.0,k=0.083 oracle meanKV +logL-2
oolong,32k,dense 80M (ladder),beaker,oracle,24,oracle mean K/V slot,0.083,1,+logL-1,1,0.948,0.466,0.48199999999999993,0.753,0.454,0.33,0.1,10.0,90.0,k=0.083 oracle meanKV +logL-1
oolong,32k,dense 80M (ladder),beaker,oracle,24,oracle mean K/V slot,0.083,1,+logL+1,1,0.939,0.466,0.4729999999999999,0.762,0.456,0.33,0.1,10.0,90.0,k=0.083 oracle meanKV +logL+1
oolong,32k,dense 80M (ladder),beaker,oracle,24,oracle mean K/V slot,0.083,1,+logL+2,1,0.905,0.466,0.439,0.755,0.435,0.38,0.1,10.0,90.0,k=0.083 oracle meanKV +logL+2
oolong,32k,dense 80M (ladder),beaker,oracle,24,soft token (mean embedding),0.083,1,no-bias,0,0.931,0.466,0.465,0.753,0.441,0.33,0.1,10.0,90.0,k=0.083 soft meanEmb no-bias
oolong,32k,dense 80M (ladder),beaker,oracle,24,soft token (mean embedding),0.083,1,+logL,0,0.751,0.466,0.285,0.768,0.263,0.29,0.1,10.0,90.0,k=0.083 soft meanEmb +logL
oolong,32k,dense 80M (ladder),beaker,oracle,24,oracle mean K/V slot,0.0,1,+logL,1,0.546,0.466,0.08000000000000002,0.773,0.164,0.42,0.023,43.47826086956522,97.7,k=0.000 oracle meanKV +logL
oolong,32k,dense 80M (ladder),beaker,oracle,24,oracle mean K/V slot,0.0,1,no-bias,1,0.518,0.466,0.05199999999999999,0.792,0.132,0.42,0.023,43.47826086956522,97.7,k=0.000 oracle meanKV no-bias
oolong,32k,dense 80M (ladder),beaker,oracle,24,oracle mean K/V slot,0.0,1,+logL-2,1,0.52,0.466,0.05399999999999999,0.781,0.139,0.42,0.023,43.47826086956522,97.7,k=0.000 oracle meanKV +logL-2
oolong,32k,dense 80M (ladder),beaker,oracle,24,oracle mean K/V slot,0.0,1,+logL-1,1,0.531,0.466,0.065,0.773,0.147,0.42,0.023,43.47826086956522,97.7,k=0.000 oracle meanKV +logL-1
oolong,32k,dense 80M (ladder),beaker,oracle,24,oracle mean K/V slot,0.0,1,+logL+1,1,0.571,0.466,0.10499999999999993,0.781,0.192,0.38,0.023,43.47826086956522,97.7,k=0.000 oracle meanKV +logL+1
oolong,32k,dense 80M (ladder),beaker,oracle,24,oracle mean K/V slot,0.0,1,+logL+2,1,0.573,0.466,0.10699999999999993,0.781,0.194,0.38,0.023,43.47826086956522,97.7,k=0.000 oracle meanKV +logL+2
oolong,32k,dense 80M (ladder),beaker,oracle,24,soft token (mean embedding),0.0,1,no-bias,0,0.534,0.466,0.068,0.81,0.139,0.38,0.023,43.47826086956522,97.7,k=0.000 soft meanEmb no-bias
oolong,32k,dense 80M (ladder),beaker,oracle,24,soft token (mean embedding),0.0,1,+logL,0,0.535,0.466,0.069,0.8,0.12,0.33,0.023,43.47826086956522,97.7,k=0.000 soft meanEmb +logL
nq,32k,dense 48M (ladder),beaker,oracle,24,full attention,1.0,1,,0,0.086,0.086,0.0,1.0,0.0,0.96,1.0,1.0,0.0,full
nq,32k,dense 48M (ladder),beaker,oracle,24,oracle mean K/V slot,0.333,1,+logL,1,0.943,0.086,0.857,0.803,0.859,0.33,0.34,2.941176470588235,65.99999999999999,k=0.333 oracle meanKV +logL
nq,32k,dense 48M (ladder),beaker,oracle,24,oracle mean K/V slot,0.333,1,no-bias,1,0.915,0.086,0.8290000000000001,0.797,0.836,0.33,0.34,2.941176470588235,65.99999999999999,k=0.333 oracle meanKV no-bias
nq,32k,dense 48M (ladder),beaker,oracle,24,oracle mean K/V slot,0.333,1,+logL-2,1,0.916,0.086,0.8300000000000001,0.797,0.837,0.33,0.34,2.941176470588235,65.99999999999999,k=0.333 oracle meanKV +logL-2
nq,32k,dense 48M (ladder),beaker,oracle,24,oracle mean K/V slot,0.333,1,+logL-1,1,0.922,0.086,0.8360000000000001,0.797,0.84,0.33,0.34,2.941176470588235,65.99999999999999,k=0.333 oracle meanKV +logL-1
nq,32k,dense 48M (ladder),beaker,oracle,24,oracle mean K/V slot,0.333,1,+logL+1,1,0.973,0.086,0.887,0.791,0.889,0.33,0.34,2.941176470588235,65.99999999999999,k=0.333 oracle meanKV +logL+1
nq,32k,dense 48M (ladder),beaker,oracle,24,oracle mean K/V slot,0.333,1,+logL+2,1,1.01,0.086,0.924,0.791,0.924,0.33,0.34,2.941176470588235,65.99999999999999,k=0.333 oracle meanKV +logL+2
nq,32k,dense 48M (ladder),beaker,oracle,24,soft token (mean embedding),0.333,1,no-bias,0,0.922,0.086,0.8360000000000001,0.797,0.842,0.33,0.34,2.941176470588235,65.99999999999999,k=0.333 soft meanEmb no-bias
nq,32k,dense 48M (ladder),beaker,oracle,24,soft token (mean embedding),0.333,1,+logL,0,1.012,0.086,0.926,0.739,0.944,0.21,0.34,2.941176470588235,65.99999999999999,k=0.333 soft meanEmb +logL
nq,32k,dense 48M (ladder),beaker,oracle,24,oracle mean K/V slot,0.167,1,+logL,1,1.203,0.086,1.117,0.72,1.115,0.17,0.177,5.649717514124294,82.3,k=0.167 oracle meanKV +logL
nq,32k,dense 48M (ladder),beaker,oracle,24,oracle mean K/V slot,0.167,1,no-bias,1,1.141,0.086,1.055,0.714,1.068,0.17,0.177,5.649717514124294,82.3,k=0.167 oracle meanKV no-bias
nq,32k,dense 48M (ladder),beaker,oracle,24,oracle mean K/V slot,0.167,1,+logL-2,1,1.147,0.086,1.061,0.72,1.073,0.17,0.177,5.649717514124294,82.3,k=0.167 oracle meanKV +logL-2
nq,32k,dense 48M (ladder),beaker,oracle,24,oracle mean K/V slot,0.167,1,+logL-1,1,1.165,0.086,1.079,0.72,1.087,0.17,0.177,5.649717514124294,82.3,k=0.167 oracle meanKV +logL-1
nq,32k,dense 48M (ladder),beaker,oracle,24,oracle mean K/V slot,0.167,1,+logL+1,1,1.252,0.086,1.166,0.726,1.154,0.17,0.177,5.649717514124294,82.3,k=0.167 oracle meanKV +logL+1
nq,32k,dense 48M (ladder),beaker,oracle,24,oracle mean K/V slot,0.167,1,+logL+2,1,1.286,0.086,1.2,0.732,1.181,0.17,0.177,5.649717514124294,82.3,k=0.167 oracle meanKV +logL+2
nq,32k,dense 48M (ladder),beaker,oracle,24,soft token (mean embedding),0.167,1,no-bias,0,1.137,0.086,1.051,0.72,1.063,0.17,0.177,5.649717514124294,82.3,k=0.167 soft meanEmb no-bias
nq,32k,dense 48M (ladder),beaker,oracle,24,soft token (mean embedding),0.167,1,+logL,0,1.155,0.086,1.069,0.707,1.089,0.17,0.177,5.649717514124294,82.3,k=0.167 soft meanEmb +logL
nq,32k,dense 48M (ladder),beaker,oracle,24,oracle mean K/V slot,0.083,1,+logL,1,1.264,0.086,1.178,0.689,1.231,0.08,0.097,10.309278350515463,90.3,k=0.083 oracle meanKV +logL
nq,32k,dense 48M (ladder),beaker,oracle,24,oracle mean K/V slot,0.083,1,no-bias,1,1.215,0.086,1.129,0.701,1.19,0.08,0.097,10.309278350515463,90.3,k=0.083 oracle meanKV no-bias
nq,32k,dense 48M (ladder),beaker,oracle,24,oracle mean K/V slot,0.083,1,+logL-2,1,1.228,0.086,1.142,0.695,1.202,0.08,0.097,10.309278350515463,90.3,k=0.083 oracle meanKV +logL-2
nq,32k,dense 48M (ladder),beaker,oracle,24,oracle mean K/V slot,0.083,1,+logL-1,1,1.24,0.086,1.154,0.689,1.209,0.08,0.097,10.309278350515463,90.3,k=0.083 oracle meanKV +logL-1
nq,32k,dense 48M (ladder),beaker,oracle,24,oracle mean K/V slot,0.083,1,+logL+1,1,1.297,0.086,1.2109999999999999,0.683,1.261,0.04,0.097,10.309278350515463,90.3,k=0.083 oracle meanKV +logL+1
nq,32k,dense 48M (ladder),beaker,oracle,24,oracle mean K/V slot,0.083,1,+logL+2,1,1.34,0.086,1.254,0.682,1.3,0.04,0.097,10.309278350515463,90.3,k=0.083 oracle meanKV +logL+2
nq,32k,dense 48M (ladder),beaker,oracle,24,soft token (mean embedding),0.083,1,no-bias,0,1.207,0.086,1.121,0.701,1.186,0.08,0.097,10.309278350515463,90.3,k=0.083 soft meanEmb no-bias
nq,32k,dense 48M (ladder),beaker,oracle,24,soft token (mean embedding),0.083,1,+logL,0,1.163,0.086,1.077,0.688,1.129,0.04,0.097,10.309278350515463,90.3,k=0.083 soft meanEmb +logL
nq,32k,dense 48M (ladder),beaker,oracle,24,oracle mean K/V slot,0.0,1,+logL,1,0.863,0.086,0.777,0.774,0.845,0.0,0.018,55.55555555555556,98.2,k=0.000 oracle meanKV +logL
nq,32k,dense 48M (ladder),beaker,oracle,24,oracle mean K/V slot,0.0,1,no-bias,1,0.805,0.086,0.7190000000000001,0.767,0.777,0.0,0.018,55.55555555555556,98.2,k=0.000 oracle meanKV no-bias
nq,32k,dense 48M (ladder),beaker,oracle,24,oracle mean K/V slot,0.0,1,+logL-2,1,0.825,0.086,0.739,0.767,0.8,0.0,0.018,55.55555555555556,98.2,k=0.000 oracle meanKV +logL-2
nq,32k,dense 48M (ladder),beaker,oracle,24,oracle mean K/V slot,0.0,1,+logL-1,1,0.843,0.086,0.757,0.767,0.822,0.0,0.018,55.55555555555556,98.2,k=0.000 oracle meanKV +logL-1
nq,32k,dense 48M (ladder),beaker,oracle,24,oracle mean K/V slot,0.0,1,+logL+1,1,0.902,0.086,0.8160000000000001,0.768,0.885,0.0,0.018,55.55555555555556,98.2,k=0.000 oracle meanKV +logL+1
nq,32k,dense 48M (ladder),beaker,oracle,24,oracle mean K/V slot,0.0,1,+logL+2,1,0.949,0.086,0.863,0.768,0.928,0.0,0.018,55.55555555555556,98.2,k=0.000 oracle meanKV +logL+2
nq,32k,dense 48M (ladder),beaker,oracle,24,soft token (mean embedding),0.0,1,no-bias,0,0.798,0.086,0.7120000000000001,0.774,0.77,0.0,0.018,55.55555555555556,98.2,k=0.000 soft meanEmb no-bias
nq,32k,dense 48M (ladder),beaker,oracle,24,soft token (mean embedding),0.0,1,+logL,0,0.926,0.086,0.8400000000000001,0.748,0.889,0.0,0.018,55.55555555555556,98.2,k=0.000 soft meanEmb +logL
outlier,32k,dense 160M (ladder),beaker,oracle,24,full attention,1.0,1,,0,1.206,1.206,0.0,1.0,0.0,0.0,1.0,1.0,0.0,full
outlier,32k,dense 160M (ladder),beaker,oracle,24,oracle mean K/V slot,0.333,1,+logL,1,1.748,1.206,0.542,0.745,0.712,0.0,0.348,2.873563218390805,65.2,k=0.333 oracle meanKV +logL
outlier,32k,dense 160M (ladder),beaker,oracle,24,oracle mean K/V slot,0.333,1,no-bias,1,1.678,1.206,0.472,0.74,0.709,0.0,0.348,2.873563218390805,65.2,k=0.333 oracle meanKV no-bias
outlier,32k,dense 160M (ladder),beaker,oracle,24,oracle mean K/V slot,0.333,1,+logL-2,1,1.69,1.206,0.484,0.738,0.706,0.0,0.348,2.873563218390805,65.2,k=0.333 oracle meanKV +logL-2
outlier,32k,dense 160M (ladder),beaker,oracle,24,oracle mean K/V slot,0.333,1,+logL-1,1,1.715,1.206,0.5090000000000001,0.741,0.709,0.0,0.348,2.873563218390805,65.2,k=0.333 oracle meanKV +logL-1
outlier,32k,dense 160M (ladder),beaker,oracle,24,oracle mean K/V slot,0.333,1,+logL+1,1,1.785,1.206,0.579,0.737,0.717,0.0,0.348,2.873563218390805,65.2,k=0.333 oracle meanKV +logL+1
outlier,32k,dense 160M (ladder),beaker,oracle,24,oracle mean K/V slot,0.333,1,+logL+2,1,1.812,1.206,0.6060000000000001,0.728,0.726,0.0,0.348,2.873563218390805,65.2,k=0.333 oracle meanKV +logL+2
outlier,32k,dense 160M (ladder),beaker,oracle,24,soft token (mean embedding),0.333,1,no-bias,0,1.685,1.206,0.4790000000000001,0.743,0.71,0.0,0.348,2.873563218390805,65.2,k=0.333 soft meanEmb no-bias
outlier,32k,dense 160M (ladder),beaker,oracle,24,soft token (mean embedding),0.333,1,+logL,0,2.142,1.206,0.9359999999999999,0.62,1.067,0.0,0.348,2.873563218390805,65.2,k=0.333 soft meanEmb +logL
outlier,32k,dense 160M (ladder),beaker,oracle,24,oracle mean K/V slot,0.167,1,+logL,1,1.769,1.206,0.563,0.712,0.81,0.0,0.186,5.376344086021505,81.4,k=0.167 oracle meanKV +logL
outlier,32k,dense 160M (ladder),beaker,oracle,24,oracle mean K/V slot,0.167,1,no-bias,1,1.665,1.206,0.4590000000000001,0.698,0.818,0.0,0.186,5.376344086021505,81.4,k=0.167 oracle meanKV no-bias
outlier,32k,dense 160M (ladder),beaker,oracle,24,oracle mean K/V slot,0.167,1,+logL-2,1,1.698,1.206,0.492,0.701,0.813,0.0,0.186,5.376344086021505,81.4,k=0.167 oracle meanKV +logL-2
outlier,32k,dense 160M (ladder),beaker,oracle,24,oracle mean K/V slot,0.167,1,+logL-1,1,1.734,1.206,0.528,0.71,0.811,0.0,0.186,5.376344086021505,81.4,k=0.167 oracle meanKV +logL-1
outlier,32k,dense 160M (ladder),beaker,oracle,24,oracle mean K/V slot,0.167,1,+logL+1,1,1.797,1.206,0.591,0.716,0.818,0.0,0.186,5.376344086021505,81.4,k=0.167 oracle meanKV +logL+1
outlier,32k,dense 160M (ladder),beaker,oracle,24,oracle mean K/V slot,0.167,1,+logL+2,1,1.831,1.206,0.625,0.712,0.832,0.0,0.186,5.376344086021505,81.4,k=0.167 oracle meanKV +logL+2
outlier,32k,dense 160M (ladder),beaker,oracle,24,soft token (mean embedding),0.167,1,no-bias,0,1.691,1.206,0.4850000000000001,0.7,0.814,0.0,0.186,5.376344086021505,81.4,k=0.167 soft meanEmb no-bias
outlier,32k,dense 160M (ladder),beaker,oracle,24,soft token (mean embedding),0.167,1,+logL,0,2.421,1.206,1.2149999999999999,0.57,1.329,0.0,0.186,5.376344086021505,81.4,k=0.167 soft meanEmb +logL
outlier,32k,dense 160M (ladder),beaker,oracle,24,oracle mean K/V slot,0.083,1,+logL,1,1.775,1.206,0.569,0.696,0.893,0.0,0.105,9.523809523809524,89.5,k=0.083 oracle meanKV +logL
outlier,32k,dense 160M (ladder),beaker,oracle,24,oracle mean K/V slot,0.083,1,no-bias,1,1.628,1.206,0.42199999999999993,0.678,0.905,0.0,0.105,9.523809523809524,89.5,k=0.083 oracle meanKV no-bias
outlier,32k,dense 160M (ladder),beaker,oracle,24,oracle mean K/V slot,0.083,1,+logL-2,1,1.675,1.206,0.4690000000000001,0.689,0.888,0.0,0.105,9.523809523809524,89.5,k=0.083 oracle meanKV +logL-2
outlier,32k,dense 160M (ladder),beaker,oracle,24,oracle mean K/V slot,0.083,1,+logL-1,1,1.716,1.206,0.51,0.702,0.885,0.0,0.105,9.523809523809524,89.5,k=0.083 oracle meanKV +logL-1
outlier,32k,dense 160M (ladder),beaker,oracle,24,oracle mean K/V slot,0.083,1,+logL+1,1,1.83,1.206,0.6240000000000001,0.696,0.912,0.0,0.105,9.523809523809524,89.5,k=0.083 oracle meanKV +logL+1
outlier,32k,dense 160M (ladder),beaker,oracle,24,oracle mean K/V slot,0.083,1,+logL+2,1,1.901,1.206,0.6950000000000001,0.694,0.941,0.0,0.105,9.523809523809524,89.5,k=0.083 oracle meanKV +logL+2
outlier,32k,dense 160M (ladder),beaker,oracle,24,soft token (mean embedding),0.083,1,no-bias,0,1.683,1.206,0.4770000000000001,0.684,0.899,0.0,0.105,9.523809523809524,89.5,k=0.083 soft meanEmb no-bias
outlier,32k,dense 160M (ladder),beaker,oracle,24,soft token (mean embedding),0.083,1,+logL,0,2.509,1.206,1.303,0.563,1.419,0.0,0.105,9.523809523809524,89.5,k=0.083 soft meanEmb +logL
outlier,32k,dense 160M (ladder),beaker,oracle,24,oracle mean K/V slot,0.0,1,+logL,1,1.574,1.206,0.3680000000000001,0.696,0.934,0.0,0.029,34.48275862068965,97.1,k=0.000 oracle meanKV +logL
outlier,32k,dense 160M (ladder),beaker,oracle,24,oracle mean K/V slot,0.0,1,no-bias,1,1.452,1.206,0.246,0.676,0.956,0.0,0.029,34.48275862068965,97.1,k=0.000 oracle meanKV no-bias
outlier,32k,dense 160M (ladder),beaker,oracle,24,oracle mean K/V slot,0.0,1,+logL-2,1,1.471,1.206,0.2650000000000001,0.676,0.919,0.0,0.029,34.48275862068965,97.1,k=0.000 oracle meanKV +logL-2
outlier,32k,dense 160M (ladder),beaker,oracle,24,oracle mean K/V slot,0.0,1,+logL-1,1,1.502,1.206,0.29600000000000004,0.694,0.907,0.0,0.029,34.48275862068965,97.1,k=0.000 oracle meanKV +logL-1
outlier,32k,dense 160M (ladder),beaker,oracle,24,oracle mean K/V slot,0.0,1,+logL+1,1,1.699,1.206,0.4930000000000001,0.71,1.002,0.0,0.029,34.48275862068965,97.1,k=0.000 oracle meanKV +logL+1
outlier,32k,dense 160M (ladder),beaker,oracle,24,oracle mean K/V slot,0.0,1,+logL+2,1,1.868,1.206,0.6620000000000001,0.705,1.103,0.0,0.029,34.48275862068965,97.1,k=0.000 oracle meanKV +logL+2
outlier,32k,dense 160M (ladder),beaker,oracle,24,soft token (mean embedding),0.0,1,no-bias,0,1.513,1.206,0.30699999999999994,0.689,0.9,0.0,0.029,34.48275862068965,97.1,k=0.000 soft meanEmb no-bias
outlier,32k,dense 160M (ladder),beaker,oracle,24,soft token (mean embedding),0.0,1,+logL,0,2.338,1.206,1.1320000000000001,0.583,1.36,0.0,0.029,34.48275862068965,97.1,k=0.000 soft meanEmb +logL
contradiction,32k,dense 56M (ladder),beaker,ceiling,24,full attention,1.0,1,,0,0.042,0.042,0.0,1.0,0.0,0.67,1.0,1.0,0.0,full
contradiction,32k,dense 56M (ladder),beaker,ceiling,24,soft token (mean embedding),0.333,1,no-bias,0,0.116,0.042,0.07400000000000001,0.965,0.092,0.38,0.351,2.8490028490028494,64.9,G=1 k=0.333 soft meanEmb no-bias
contradiction,32k,dense 56M (ladder),beaker,ceiling,24,soft token (mean embedding),0.333,1,+logL+0,0,0.21,0.042,0.16799999999999998,0.937,0.167,0.12,0.351,2.8490028490028494,64.9,G=1 k=0.333 soft meanEmb +logL+0
contradiction,32k,dense 56M (ladder),beaker,ceiling,24,oracle mean K/V slot,0.333,1,+logL+0,1,0.1,0.042,0.058,0.971,0.095,0.42,0.351,2.8490028490028494,64.9,G=1 k=0.333 oracle meanKV +logL+0
contradiction,32k,dense 56M (ladder),beaker,ceiling,24,oracle mean K/V slot,0.333,1,no-bias,1,0.116,0.042,0.07400000000000001,0.969,0.101,0.5,0.351,2.8490028490028494,64.9,G=1 k=0.333 oracle meanKV no-bias
contradiction,32k,dense 56M (ladder),beaker,ceiling,24,"fitted log-mass slot (k*, v*, c)",0.333,1,fitted c,1,0.119,0.042,0.07699999999999999,0.951,0.118,0.25,0.351,2.8490028490028494,64.9,"G=1 k=0.333 fitted slot (k*, v*, c)"
contradiction,32k,dense 56M (ladder),beaker,ceiling,24,soft token (mean embedding),0.083,1,no-bias,0,0.331,0.042,0.28900000000000003,0.897,0.31,0.04,0.116,8.620689655172413,88.4,G=1 k=0.083 soft meanEmb no-bias
contradiction,32k,dense 56M (ladder),beaker,ceiling,24,soft token (mean embedding),0.083,1,+logL+0,0,0.779,0.042,0.737,0.77,0.735,0.0,0.116,8.620689655172413,88.4,G=1 k=0.083 soft meanEmb +logL+0
contradiction,32k,dense 56M (ladder),beaker,ceiling,24,oracle mean K/V slot,0.083,1,+logL+0,1,0.393,0.042,0.35100000000000003,0.887,0.385,0.0,0.116,8.620689655172413,88.4,G=1 k=0.083 oracle meanKV +logL+0
contradiction,32k,dense 56M (ladder),beaker,ceiling,24,oracle mean K/V slot,0.083,1,no-bias,1,0.349,0.042,0.307,0.895,0.333,0.0,0.116,8.620689655172413,88.4,G=1 k=0.083 oracle meanKV no-bias
contradiction,32k,dense 56M (ladder),beaker,ceiling,24,"fitted log-mass slot (k*, v*, c)",0.083,1,fitted c,1,0.483,0.042,0.441,0.859,0.47,0.0,0.116,8.620689655172413,88.4,"G=1 k=0.083 fitted slot (k*, v*, c)"
contradiction,32k,dense 56M (ladder),beaker,ceiling,24,soft token (mean embedding),0.333,2,no-bias,0,0.12,0.042,0.07799999999999999,0.967,0.093,0.42,0.366,2.73224043715847,63.4,G=2 k=0.333 soft meanEmb no-bias
contradiction,32k,dense 56M (ladder),beaker,ceiling,24,soft token (mean embedding),0.333,2,+logL+0,0,0.19,0.042,0.148,0.938,0.152,0.21,0.366,2.73224043715847,63.4,G=2 k=0.333 soft meanEmb +logL+0
contradiction,32k,dense 56M (ladder),beaker,ceiling,24,oracle mean K/V slot,0.333,2,+logL+0,1,0.113,0.042,0.07100000000000001,0.963,0.1,0.33,0.366,2.73224043715847,63.4,G=2 k=0.333 oracle meanKV +logL+0
contradiction,32k,dense 56M (ladder),beaker,ceiling,24,oracle mean K/V slot,0.333,2,no-bias,1,0.128,0.042,0.086,0.959,0.107,0.33,0.366,2.73224043715847,63.4,G=2 k=0.333 oracle meanKV no-bias
contradiction,32k,dense 56M (ladder),beaker,ceiling,24,"fitted log-mass slot (k*, v*, c)",0.333,2,fitted c,1,0.119,0.042,0.07699999999999999,0.953,0.114,0.29,0.366,2.73224043715847,63.4,"G=2 k=0.333 fitted slot (k*, v*, c)"
contradiction,32k,dense 56M (ladder),beaker,ceiling,24,soft token (mean embedding),0.083,2,no-bias,0,0.536,0.042,0.49400000000000005,0.851,0.514,0.0,0.136,7.352941176470588,86.4,G=2 k=0.083 soft meanEmb no-bias
contradiction,32k,dense 56M (ladder),beaker,ceiling,24,soft token (mean embedding),0.083,2,+logL+0,0,0.794,0.042,0.752,0.744,0.749,0.0,0.136,7.352941176470588,86.4,G=2 k=0.083 soft meanEmb +logL+0
contradiction,32k,dense 56M (ladder),beaker,ceiling,24,oracle mean K/V slot,0.083,2,+logL+0,1,0.535,0.042,0.49300000000000005,0.85,0.524,0.0,0.136,7.352941176470588,86.4,G=2 k=0.083 oracle meanKV +logL+0
contradiction,32k,dense 56M (ladder),beaker,ceiling,24,oracle mean K/V slot,0.083,2,no-bias,1,0.566,0.042,0.5239999999999999,0.842,0.545,0.0,0.136,7.352941176470588,86.4,G=2 k=0.083 oracle meanKV no-bias
contradiction,32k,dense 56M (ladder),beaker,ceiling,24,"fitted log-mass slot (k*, v*, c)",0.083,2,fitted c,1,0.598,0.042,0.5559999999999999,0.822,0.59,0.0,0.136,7.352941176470588,86.4,"G=2 k=0.083 fitted slot (k*, v*, c)"
contradiction,32k,dense 56M (ladder),beaker,ceiling,24,soft token (mean embedding),0.333,4,no-bias,0,0.119,0.042,0.07699999999999999,0.963,0.092,0.33,0.396,2.525252525252525,60.4,G=4 k=0.333 soft meanEmb no-bias
contradiction,32k,dense 56M (ladder),beaker,ceiling,24,soft token (mean embedding),0.333,4,+logL+0,0,0.158,0.042,0.11599999999999999,0.958,0.119,0.25,0.396,2.525252525252525,60.4,G=4 k=0.333 soft meanEmb +logL+0
contradiction,32k,dense 56M (ladder),beaker,ceiling,24,oracle mean K/V slot,0.333,4,+logL+0,1,0.113,0.042,0.07100000000000001,0.956,0.1,0.29,0.396,2.525252525252525,60.4,G=4 k=0.333 oracle meanKV +logL+0
contradiction,32k,dense 56M (ladder),beaker,ceiling,24,oracle mean K/V slot,0.333,4,no-bias,1,0.133,0.042,0.091,0.955,0.114,0.33,0.396,2.525252525252525,60.4,G=4 k=0.333 oracle meanKV no-bias
contradiction,32k,dense 56M (ladder),beaker,ceiling,24,"fitted log-mass slot (k*, v*, c)",0.333,4,fitted c,1,0.133,0.042,0.091,0.952,0.123,0.25,0.396,2.525252525252525,60.4,"G=4 k=0.333 fitted slot (k*, v*, c)"
contradiction,32k,dense 56M (ladder),beaker,ceiling,24,soft token (mean embedding),0.083,4,no-bias,0,0.567,0.042,0.5249999999999999,0.84,0.538,0.0,0.177,5.649717514124294,82.3,G=4 k=0.083 soft meanEmb no-bias
contradiction,32k,dense 56M (ladder),beaker,ceiling,24,soft token (mean embedding),0.083,4,+logL+0,0,0.699,0.042,0.6569999999999999,0.792,0.661,0.0,0.177,5.649717514124294,82.3,G=4 k=0.083 soft meanEmb +logL+0
contradiction,32k,dense 56M (ladder),beaker,ceiling,24,oracle mean K/V slot,0.083,4,+logL+0,1,0.554,0.042,0.512,0.84,0.539,0.0,0.177,5.649717514124294,82.3,G=4 k=0.083 oracle meanKV +logL+0
contradiction,32k,dense 56M (ladder),beaker,ceiling,24,oracle mean K/V slot,0.083,4,no-bias,1,0.586,0.042,0.5439999999999999,0.835,0.561,0.0,0.177,5.649717514124294,82.3,G=4 k=0.083 oracle meanKV no-bias
contradiction,32k,dense 56M (ladder),beaker,ceiling,24,"fitted log-mass slot (k*, v*, c)",0.083,4,fitted c,1,0.58,0.042,0.5379999999999999,0.829,0.562,0.0,0.177,5.649717514124294,82.3,"G=4 k=0.083 fitted slot (k*, v*, c)"
contradiction,32k,dense 56M (ladder),beaker,ceiling,24,soft token (mean embedding),0.333,8,no-bias,0,0.106,0.042,0.064,0.965,0.085,0.29,0.453,2.2075055187637966,54.699999999999996,G=8 k=0.333 soft meanEmb no-bias
contradiction,32k,dense 56M (ladder),beaker,ceiling,24,soft token (mean embedding),0.333,8,+logL+0,0,0.146,0.042,0.10399999999999998,0.957,0.122,0.25,0.453,2.2075055187637966,54.699999999999996,G=8 k=0.333 soft meanEmb +logL+0
contradiction,32k,dense 56M (ladder),beaker,ceiling,24,oracle mean K/V slot,0.333,8,+logL+0,1,0.143,0.042,0.10099999999999998,0.949,0.126,0.17,0.453,2.2075055187637966,54.699999999999996,G=8 k=0.333 oracle meanKV +logL+0
contradiction,32k,dense 56M (ladder),beaker,ceiling,24,oracle mean K/V slot,0.333,8,no-bias,1,0.141,0.042,0.09899999999999998,0.95,0.121,0.21,0.453,2.2075055187637966,54.699999999999996,G=8 k=0.333 oracle meanKV no-bias
contradiction,32k,dense 56M (ladder),beaker,ceiling,24,"fitted log-mass slot (k*, v*, c)",0.333,8,fitted c,1,0.164,0.042,0.122,0.951,0.143,0.17,0.453,2.2075055187637966,54.699999999999996,"G=8 k=0.333 fitted slot (k*, v*, c)"
contradiction,32k,dense 56M (ladder),beaker,ceiling,24,soft token (mean embedding),0.083,8,no-bias,0,0.509,0.042,0.467,0.855,0.491,0.0,0.255,3.9215686274509802,74.5,G=8 k=0.083 soft meanEmb no-bias
contradiction,32k,dense 56M (ladder),beaker,ceiling,24,soft token (mean embedding),0.083,8,+logL+0,0,0.643,0.042,0.601,0.822,0.616,0.0,0.255,3.9215686274509802,74.5,G=8 k=0.083 soft meanEmb +logL+0
contradiction,32k,dense 56M (ladder),beaker,ceiling,24,oracle mean K/V slot,0.083,8,+logL+0,1,0.516,0.042,0.47400000000000003,0.84,0.492,0.0,0.255,3.9215686274509802,74.5,G=8 k=0.083 oracle meanKV +logL+0
contradiction,32k,dense 56M (ladder),beaker,ceiling,24,oracle mean K/V slot,0.083,8,no-bias,1,0.564,0.042,0.5219999999999999,0.834,0.536,0.0,0.255,3.9215686274509802,74.5,G=8 k=0.083 oracle meanKV no-bias
contradiction,32k,dense 56M (ladder),beaker,ceiling,24,"fitted log-mass slot (k*, v*, c)",0.083,8,fitted c,1,0.444,0.042,0.402,0.872,0.416,0.04,0.255,3.9215686274509802,74.5,"G=8 k=0.083 fitted slot (k*, v*, c)"
oolong,32k,dense 80M (ladder),beaker,ceiling,24,full attention,1.0,1,,0,0.466,0.466,0.0,1.0,0.0,0.42,1.0,1.0,0.0,full
oolong,32k,dense 80M (ladder),beaker,ceiling,24,soft token (mean embedding),0.333,1,no-bias,0,0.543,0.466,0.07700000000000001,0.835,0.275,0.46,0.348,2.873563218390805,65.2,G=1 k=0.333 soft meanEmb no-bias
oolong,32k,dense 80M (ladder),beaker,ceiling,24,soft token (mean embedding),0.333,1,+logL+2,0,0.599,0.466,0.13299999999999995,0.794,0.232,0.42,0.348,2.873563218390805,65.2,G=1 k=0.333 soft meanEmb +logL+2
oolong,32k,dense 80M (ladder),beaker,ceiling,24,oracle mean K/V slot,0.333,1,+logL+2,1,0.554,0.466,0.08800000000000002,0.813,0.284,0.42,0.348,2.873563218390805,65.2,G=1 k=0.333 oracle meanKV +logL+2
oolong,32k,dense 80M (ladder),beaker,ceiling,24,oracle mean K/V slot,0.333,1,no-bias,1,0.554,0.466,0.08800000000000002,0.813,0.281,0.42,0.348,2.873563218390805,65.2,G=1 k=0.333 oracle meanKV no-bias
oolong,32k,dense 80M (ladder),beaker,ceiling,24,"fitted log-mass slot (k*, v*, c)",0.333,1,fitted c,1,0.549,0.466,0.08300000000000002,0.799,0.276,0.46,0.348,2.873563218390805,65.2,"G=1 k=0.333 fitted slot (k*, v*, c)"
oolong,32k,dense 80M (ladder),beaker,ceiling,24,soft token (mean embedding),0.083,1,no-bias,0,0.884,0.466,0.418,0.758,0.455,0.38,0.103,9.708737864077671,89.7,G=1 k=0.083 soft meanEmb no-bias
oolong,32k,dense 80M (ladder),beaker,ceiling,24,soft token (mean embedding),0.083,1,+logL+2,0,0.776,0.466,0.31,0.733,0.299,0.38,0.103,9.708737864077671,89.7,G=1 k=0.083 soft meanEmb +logL+2
oolong,32k,dense 80M (ladder),beaker,ceiling,24,oracle mean K/V slot,0.083,1,+logL+2,1,0.883,0.466,0.417,0.755,0.455,0.38,0.103,9.708737864077671,89.7,G=1 k=0.083 oracle meanKV +logL+2
oolong,32k,dense 80M (ladder),beaker,ceiling,24,oracle mean K/V slot,0.083,1,no-bias,1,0.894,0.466,0.428,0.734,0.482,0.42,0.103,9.708737864077671,89.7,G=1 k=0.083 oracle meanKV no-bias
oolong,32k,dense 80M (ladder),beaker,ceiling,24,"fitted log-mass slot (k*, v*, c)",0.083,1,fitted c,1,0.851,0.466,0.38499999999999995,0.758,0.424,0.46,0.103,9.708737864077671,89.7,"G=1 k=0.083 fitted slot (k*, v*, c)"
oolong,32k,dense 80M (ladder),beaker,ceiling,24,soft token (mean embedding),0.333,2,no-bias,0,0.549,0.466,0.08300000000000002,0.821,0.274,0.42,0.359,2.785515320334262,64.1,G=2 k=0.333 soft meanEmb no-bias
oolong,32k,dense 80M (ladder),beaker,ceiling,24,soft token (mean embedding),0.333,2,+logL+2,0,0.609,0.466,0.14299999999999996,0.803,0.232,0.46,0.359,2.785515320334262,64.1,G=2 k=0.333 soft meanEmb +logL+2
oolong,32k,dense 80M (ladder),beaker,ceiling,24,oracle mean K/V slot,0.333,2,+logL+2,1,0.551,0.466,0.08500000000000002,0.815,0.275,0.42,0.359,2.785515320334262,64.1,G=2 k=0.333 oracle meanKV +logL+2
oolong,32k,dense 80M (ladder),beaker,ceiling,24,oracle mean K/V slot,0.333,2,no-bias,1,0.552,0.466,0.08600000000000002,0.821,0.281,0.42,0.359,2.785515320334262,64.1,G=2 k=0.333 oracle meanKV no-bias
oolong,32k,dense 80M (ladder),beaker,ceiling,24,"fitted log-mass slot (k*, v*, c)",0.333,2,fitted c,1,0.545,0.466,0.07900000000000001,0.831,0.269,0.42,0.359,2.785515320334262,64.1,"G=2 k=0.333 fitted slot (k*, v*, c)"
oolong,32k,dense 80M (ladder),beaker,ceiling,24,soft token (mean embedding),0.083,2,no-bias,0,0.855,0.466,0.38899999999999996,0.762,0.432,0.42,0.119,8.403361344537815,88.1,G=2 k=0.083 soft meanEmb no-bias
oolong,32k,dense 80M (ladder),beaker,ceiling,24,soft token (mean embedding),0.083,2,+logL+2,0,0.704,0.466,0.23799999999999993,0.777,0.253,0.42,0.119,8.403361344537815,88.1,G=2 k=0.083 soft meanEmb +logL+2
oolong,32k,dense 80M (ladder),beaker,ceiling,24,oracle mean K/V slot,0.083,2,+logL+2,1,0.824,0.466,0.35799999999999993,0.736,0.41,0.42,0.119,8.403361344537815,88.1,G=2 k=0.083 oracle meanKV +logL+2
oolong,32k,dense 80M (ladder),beaker,ceiling,24,oracle mean K/V slot,0.083,2,no-bias,1,0.88,0.466,0.414,0.748,0.463,0.38,0.119,8.403361344537815,88.1,G=2 k=0.083 oracle meanKV no-bias
oolong,32k,dense 80M (ladder),beaker,ceiling,24,"fitted log-mass slot (k*, v*, c)",0.083,2,fitted c,1,0.791,0.466,0.325,0.758,0.372,0.46,0.119,8.403361344537815,88.1,"G=2 k=0.083 fitted slot (k*, v*, c)"
oolong,32k,dense 80M (ladder),beaker,ceiling,24,soft token (mean embedding),0.333,4,no-bias,0,0.551,0.466,0.08500000000000002,0.821,0.274,0.42,0.381,2.6246719160104988,61.9,G=4 k=0.333 soft meanEmb no-bias
oolong,32k,dense 80M (ladder),beaker,ceiling,24,soft token (mean embedding),0.333,4,+logL+2,0,0.595,0.466,0.12899999999999995,0.803,0.235,0.46,0.381,2.6246719160104988,61.9,G=4 k=0.333 soft meanEmb +logL+2
oolong,32k,dense 80M (ladder),beaker,ceiling,24,oracle mean K/V slot,0.333,4,+logL+2,1,0.554,0.466,0.08800000000000002,0.816,0.275,0.42,0.381,2.6246719160104988,61.9,G=4 k=0.333 oracle meanKV +logL+2
oolong,32k,dense 80M (ladder),beaker,ceiling,24,oracle mean K/V slot,0.333,4,no-bias,1,0.556,0.466,0.09000000000000002,0.821,0.282,0.42,0.381,2.6246719160104988,61.9,G=4 k=0.333 oracle meanKV no-bias
oolong,32k,dense 80M (ladder),beaker,ceiling,24,"fitted log-mass slot (k*, v*, c)",0.333,4,fitted c,1,0.542,0.466,0.07600000000000001,0.831,0.268,0.42,0.381,2.6246719160104988,61.9,"G=4 k=0.333 fitted slot (k*, v*, c)"
oolong,32k,dense 80M (ladder),beaker,ceiling,24,soft token (mean embedding),0.083,4,no-bias,0,0.823,0.466,0.35699999999999993,0.762,0.409,0.42,0.149,6.7114093959731544,85.1,G=4 k=0.083 soft meanEmb no-bias
oolong,32k,dense 80M (ladder),beaker,ceiling,24,soft token (mean embedding),0.083,4,+logL+2,0,0.717,0.466,0.25099999999999995,0.74,0.311,0.46,0.149,6.7114093959731544,85.1,G=4 k=0.083 soft meanEmb +logL+2
oolong,32k,dense 80M (ladder),beaker,ceiling,24,oracle mean K/V slot,0.083,4,+logL+2,1,0.777,0.466,0.311,0.726,0.36,0.42,0.149,6.7114093959731544,85.1,G=4 k=0.083 oracle meanKV +logL+2
oolong,32k,dense 80M (ladder),beaker,ceiling,24,oracle mean K/V slot,0.083,4,no-bias,1,0.838,0.466,0.37199999999999994,0.748,0.427,0.46,0.149,6.7114093959731544,85.1,G=4 k=0.083 oracle meanKV no-bias
oolong,32k,dense 80M (ladder),beaker,ceiling,24,"fitted log-mass slot (k*, v*, c)",0.083,4,fitted c,1,0.738,0.466,0.27199999999999996,0.744,0.323,0.42,0.149,6.7114093959731544,85.1,"G=4 k=0.083 fitted slot (k*, v*, c)"
oolong,32k,dense 80M (ladder),beaker,ceiling,24,soft token (mean embedding),0.333,8,no-bias,0,0.55,0.466,0.08400000000000002,0.829,0.278,0.42,0.426,2.347417840375587,57.400000000000006,G=8 k=0.333 soft meanEmb no-bias
oolong,32k,dense 80M (ladder),beaker,ceiling,24,soft token (mean embedding),0.333,8,+logL+2,0,0.535,0.466,0.069,0.808,0.212,0.5,0.426,2.347417840375587,57.400000000000006,G=8 k=0.333 soft meanEmb +logL+2
oolong,32k,dense 80M (ladder),beaker,ceiling,24,oracle mean K/V slot,0.333,8,+logL+2,1,0.545,0.466,0.07900000000000001,0.845,0.272,0.46,0.426,2.347417840375587,57.400000000000006,G=8 k=0.333 oracle meanKV +logL+2
oolong,32k,dense 80M (ladder),beaker,ceiling,24,oracle mean K/V slot,0.333,8,no-bias,1,0.56,0.466,0.09400000000000003,0.829,0.284,0.42,0.426,2.347417840375587,57.400000000000006,G=8 k=0.333 oracle meanKV no-bias
oolong,32k,dense 80M (ladder),beaker,ceiling,24,"fitted log-mass slot (k*, v*, c)",0.333,8,fitted c,1,0.533,0.466,0.067,0.84,0.264,0.42,0.426,2.347417840375587,57.400000000000006,"G=8 k=0.333 fitted slot (k*, v*, c)"
oolong,32k,dense 80M (ladder),beaker,ceiling,24,soft token (mean embedding),0.083,8,no-bias,0,0.802,0.466,0.336,0.74,0.406,0.46,0.21,4.761904761904762,79.0,G=8 k=0.083 soft meanEmb no-bias
oolong,32k,dense 80M (ladder),beaker,ceiling,24,soft token (mean embedding),0.083,8,+logL+2,0,0.666,0.466,0.2,0.76,0.255,0.5,0.21,4.761904761904762,79.0,G=8 k=0.083 soft meanEmb +logL+2
oolong,32k,dense 80M (ladder),beaker,ceiling,24,oracle mean K/V slot,0.083,8,+logL+2,1,0.715,0.466,0.24899999999999994,0.751,0.298,0.42,0.21,4.761904761904762,79.0,G=8 k=0.083 oracle meanKV +logL+2
oolong,32k,dense 80M (ladder),beaker,ceiling,24,oracle mean K/V slot,0.083,8,no-bias,1,0.801,0.466,0.335,0.762,0.393,0.42,0.21,4.761904761904762,79.0,G=8 k=0.083 oracle meanKV no-bias
oolong,32k,dense 80M (ladder),beaker,ceiling,24,"fitted log-mass slot (k*, v*, c)",0.083,8,fitted c,1,0.688,0.466,0.22199999999999992,0.765,0.281,0.46,0.21,4.761904761904762,79.0,"G=8 k=0.083 fitted slot (k*, v*, c)"
nq,32k,dense 48M (ladder),beaker,ceiling,24,full attention,1.0,1,,0,0.086,0.086,0.0,1.0,0.0,0.96,1.0,1.0,0.0,full
nq,32k,dense 48M (ladder),beaker,ceiling,24,soft token (mean embedding),0.333,1,no-bias,0,0.94,0.086,0.854,0.792,0.884,0.29,0.344,2.906976744186047,65.60000000000001,G=1 k=0.333 soft meanEmb no-bias
nq,32k,dense 48M (ladder),beaker,ceiling,24,soft token (mean embedding),0.333,1,+logL+0,0,1.058,0.086,0.9720000000000001,0.771,0.997,0.17,0.344,2.906976744186047,65.60000000000001,G=1 k=0.333 soft meanEmb +logL+0
nq,32k,dense 48M (ladder),beaker,ceiling,24,oracle mean K/V slot,0.333,1,+logL+0,1,0.959,0.086,0.873,0.792,0.901,0.29,0.344,2.906976744186047,65.60000000000001,G=1 k=0.333 oracle meanKV +logL+0
nq,32k,dense 48M (ladder),beaker,ceiling,24,oracle mean K/V slot,0.333,1,no-bias,1,0.941,0.086,0.855,0.792,0.885,0.29,0.344,2.906976744186047,65.60000000000001,G=1 k=0.333 oracle meanKV no-bias
nq,32k,dense 48M (ladder),beaker,ceiling,24,"fitted log-mass slot (k*, v*, c)",0.333,1,fitted c,1,0.972,0.086,0.886,0.785,0.923,0.29,0.344,2.906976744186047,65.60000000000001,"G=1 k=0.333 fitted slot (k*, v*, c)"
nq,32k,dense 48M (ladder),beaker,ceiling,24,soft token (mean embedding),0.083,1,no-bias,0,1.254,0.086,1.168,0.688,1.184,0.0,0.1,10.0,90.0,G=1 k=0.083 soft meanEmb no-bias
nq,32k,dense 48M (ladder),beaker,ceiling,24,soft token (mean embedding),0.083,1,+logL+0,0,1.259,0.086,1.1729999999999998,0.669,1.172,0.0,0.1,10.0,90.0,G=1 k=0.083 soft meanEmb +logL+0
nq,32k,dense 48M (ladder),beaker,ceiling,24,oracle mean K/V slot,0.083,1,+logL+0,1,1.318,0.086,1.232,0.682,1.244,0.0,0.1,10.0,90.0,G=1 k=0.083 oracle meanKV +logL+0
nq,32k,dense 48M (ladder),beaker,ceiling,24,oracle mean K/V slot,0.083,1,no-bias,1,1.271,0.086,1.1849999999999998,0.682,1.204,0.0,0.1,10.0,90.0,G=1 k=0.083 oracle meanKV no-bias
nq,32k,dense 48M (ladder),beaker,ceiling,24,"fitted log-mass slot (k*, v*, c)",0.083,1,fitted c,1,1.306,0.086,1.22,0.676,1.228,0.0,0.1,10.0,90.0,"G=1 k=0.083 fitted slot (k*, v*, c)"
nq,32k,dense 48M (ladder),beaker,ceiling,24,soft token (mean embedding),0.333,2,no-bias,0,0.945,0.086,0.859,0.792,0.889,0.29,0.348,2.873563218390805,65.2,G=2 k=0.333 soft meanEmb no-bias
nq,32k,dense 48M (ladder),beaker,ceiling,24,soft token (mean embedding),0.333,2,+logL+0,0,1.02,0.086,0.934,0.779,0.959,0.21,0.348,2.873563218390805,65.2,G=2 k=0.333 soft meanEmb +logL+0
nq,32k,dense 48M (ladder),beaker,ceiling,24,oracle mean K/V slot,0.333,2,+logL+0,1,0.961,0.086,0.875,0.792,0.903,0.29,0.348,2.873563218390805,65.2,G=2 k=0.333 oracle meanKV +logL+0
nq,32k,dense 48M (ladder),beaker,ceiling,24,oracle mean K/V slot,0.333,2,no-bias,1,0.946,0.086,0.86,0.798,0.89,0.29,0.348,2.873563218390805,65.2,G=2 k=0.333 oracle meanKV no-bias
nq,32k,dense 48M (ladder),beaker,ceiling,24,"fitted log-mass slot (k*, v*, c)",0.333,2,fitted c,1,0.971,0.086,0.885,0.785,0.92,0.29,0.348,2.873563218390805,65.2,"G=2 k=0.333 fitted slot (k*, v*, c)"
nq,32k,dense 48M (ladder),beaker,ceiling,24,soft token (mean embedding),0.083,2,no-bias,0,1.257,0.086,1.1709999999999998,0.688,1.186,0.0,0.106,9.433962264150944,89.4,G=2 k=0.083 soft meanEmb no-bias
nq,32k,dense 48M (ladder),beaker,ceiling,24,soft token (mean embedding),0.083,2,+logL+0,0,1.245,0.086,1.159,0.692,1.162,0.0,0.106,9.433962264150944,89.4,G=2 k=0.083 soft meanEmb +logL+0
nq,32k,dense 48M (ladder),beaker,ceiling,24,oracle mean K/V slot,0.083,2,+logL+0,1,1.297,0.086,1.2109999999999999,0.676,1.226,0.0,0.106,9.433962264150944,89.4,G=2 k=0.083 oracle meanKV +logL+0
nq,32k,dense 48M (ladder),beaker,ceiling,24,oracle mean K/V slot,0.083,2,no-bias,1,1.258,0.086,1.172,0.688,1.185,0.0,0.106,9.433962264150944,89.4,G=2 k=0.083 oracle meanKV no-bias
nq,32k,dense 48M (ladder),beaker,ceiling,24,"fitted log-mass slot (k*, v*, c)",0.083,2,fitted c,1,1.275,0.086,1.1889999999999998,0.676,1.203,0.0,0.106,9.433962264150944,89.4,"G=2 k=0.083 fitted slot (k*, v*, c)"
nq,32k,dense 48M (ladder),beaker,ceiling,24,soft token (mean embedding),0.333,4,no-bias,0,0.945,0.086,0.859,0.785,0.891,0.29,0.357,2.801120448179272,64.3,G=4 k=0.333 soft meanEmb no-bias
nq,32k,dense 48M (ladder),beaker,ceiling,24,soft token (mean embedding),0.333,4,+logL+0,0,1.066,0.086,0.9800000000000001,0.778,1.003,0.17,0.357,2.801120448179272,64.3,G=4 k=0.333 soft meanEmb +logL+0
nq,32k,dense 48M (ladder),beaker,ceiling,24,oracle mean K/V slot,0.333,4,+logL+0,1,0.964,0.086,0.878,0.785,0.907,0.29,0.357,2.801120448179272,64.3,G=4 k=0.333 oracle meanKV +logL+0
nq,32k,dense 48M (ladder),beaker,ceiling,24,oracle mean K/V slot,0.333,4,no-bias,1,0.946,0.086,0.86,0.785,0.892,0.29,0.357,2.801120448179272,64.3,G=4 k=0.333 oracle meanKV no-bias
nq,32k,dense 48M (ladder),beaker,ceiling,24,"fitted log-mass slot (k*, v*, c)",0.333,4,fitted c,1,0.978,0.086,0.892,0.778,0.927,0.25,0.357,2.801120448179272,64.3,"G=4 k=0.333 fitted slot (k*, v*, c)"
nq,32k,dense 48M (ladder),beaker,ceiling,24,soft token (mean embedding),0.083,4,no-bias,0,1.245,0.086,1.159,0.688,1.162,0.0,0.117,8.547008547008547,88.3,G=4 k=0.083 soft meanEmb no-bias
nq,32k,dense 48M (ladder),beaker,ceiling,24,soft token (mean embedding),0.083,4,+logL+0,0,1.258,0.086,1.172,0.692,1.193,0.0,0.117,8.547008547008547,88.3,G=4 k=0.083 soft meanEmb +logL+0
nq,32k,dense 48M (ladder),beaker,ceiling,24,oracle mean K/V slot,0.083,4,+logL+0,1,1.256,0.086,1.17,0.682,1.182,0.0,0.117,8.547008547008547,88.3,G=4 k=0.083 oracle meanKV +logL+0
nq,32k,dense 48M (ladder),beaker,ceiling,24,oracle mean K/V slot,0.083,4,no-bias,1,1.23,0.086,1.144,0.688,1.155,0.0,0.117,8.547008547008547,88.3,G=4 k=0.083 oracle meanKV no-bias
nq,32k,dense 48M (ladder),beaker,ceiling,24,"fitted log-mass slot (k*, v*, c)",0.083,4,fitted c,1,1.226,0.086,1.14,0.676,1.153,0.0,0.117,8.547008547008547,88.3,"G=4 k=0.083 fitted slot (k*, v*, c)"
nq,32k,dense 48M (ladder),beaker,ceiling,24,soft token (mean embedding),0.333,8,no-bias,0,0.948,0.086,0.862,0.791,0.892,0.29,0.373,2.680965147453083,62.7,G=8 k=0.333 soft meanEmb no-bias
nq,32k,dense 48M (ladder),beaker,ceiling,24,soft token (mean embedding),0.333,8,+logL+0,0,0.944,0.086,0.858,0.798,0.887,0.33,0.373,2.680965147453083,62.7,G=8 k=0.333 soft meanEmb +logL+0
nq,32k,dense 48M (ladder),beaker,ceiling,24,oracle mean K/V slot,0.333,8,+logL+0,1,0.966,0.086,0.88,0.778,0.909,0.25,0.373,2.680965147453083,62.7,G=8 k=0.333 oracle meanKV +logL+0
nq,32k,dense 48M (ladder),beaker,ceiling,24,oracle mean K/V slot,0.333,8,no-bias,1,0.953,0.086,0.867,0.784,0.898,0.25,0.373,2.680965147453083,62.7,G=8 k=0.333 oracle meanKV no-bias
nq,32k,dense 48M (ladder),beaker,ceiling,24,"fitted log-mass slot (k*, v*, c)",0.333,8,fitted c,1,0.961,0.086,0.875,0.791,0.908,0.25,0.373,2.680965147453083,62.7,"G=8 k=0.333 fitted slot (k*, v*, c)"
nq,32k,dense 48M (ladder),beaker,ceiling,24,soft token (mean embedding),0.083,8,no-bias,0,1.227,0.086,1.141,0.688,1.161,0.0,0.14,7.142857142857142,86.0,G=8 k=0.083 soft meanEmb no-bias
nq,32k,dense 48M (ladder),beaker,ceiling,24,soft token (mean embedding),0.083,8,+logL+0,0,1.25,0.086,1.164,0.693,1.196,0.0,0.14,7.142857142857142,86.0,G=8 k=0.083 soft meanEmb +logL+0
nq,32k,dense 48M (ladder),beaker,ceiling,24,oracle mean K/V slot,0.083,8,+logL+0,1,1.232,0.086,1.146,0.682,1.164,0.0,0.14,7.142857142857142,86.0,G=8 k=0.083 oracle meanKV +logL+0
nq,32k,dense 48M (ladder),beaker,ceiling,24,oracle mean K/V slot,0.083,8,no-bias,1,1.189,0.086,1.103,0.693,1.122,0.0,0.14,7.142857142857142,86.0,G=8 k=0.083 oracle meanKV no-bias
nq,32k,dense 48M (ladder),beaker,ceiling,24,"fitted log-mass slot (k*, v*, c)",0.083,8,fitted c,1,1.142,0.086,1.0559999999999998,0.693,1.071,0.0,0.14,7.142857142857142,86.0,"G=8 k=0.083 fitted slot (k*, v*, c)"
outlier,32k,dense 160M (ladder),beaker,ceiling,24,full attention,1.0,1,,0,1.206,1.206,0.0,1.0,0.0,0.0,1.0,1.0,0.0,full
outlier,32k,dense 160M (ladder),beaker,ceiling,24,soft token (mean embedding),0.333,1,no-bias,0,1.691,1.206,0.4850000000000001,0.735,0.741,0.0,0.351,2.8490028490028494,64.9,G=1 k=0.333 soft meanEmb no-bias
outlier,32k,dense 160M (ladder),beaker,ceiling,24,soft token (mean embedding),0.333,1,+logL+0,0,2.235,1.206,1.029,0.618,1.142,0.0,0.351,2.8490028490028494,64.9,G=1 k=0.333 soft meanEmb +logL+0
outlier,32k,dense 160M (ladder),beaker,ceiling,24,oracle mean K/V slot,0.333,1,+logL+0,1,1.755,1.206,0.5489999999999999,0.744,0.744,0.0,0.351,2.8490028490028494,64.9,G=1 k=0.333 oracle meanKV +logL+0
outlier,32k,dense 160M (ladder),beaker,ceiling,24,oracle mean K/V slot,0.333,1,no-bias,1,1.681,1.206,0.4750000000000001,0.739,0.743,0.0,0.351,2.8490028490028494,64.9,G=1 k=0.333 oracle meanKV no-bias
outlier,32k,dense 160M (ladder),beaker,ceiling,24,"fitted log-mass slot (k*, v*, c)",0.333,1,fitted c,1,1.825,1.206,0.619,0.734,0.776,0.0,0.351,2.8490028490028494,64.9,"G=1 k=0.333 fitted slot (k*, v*, c)"
outlier,32k,dense 160M (ladder),beaker,ceiling,24,soft token (mean embedding),0.083,1,no-bias,0,1.68,1.206,0.474,0.671,0.92,0.0,0.114,8.771929824561402,88.6,G=1 k=0.083 soft meanEmb no-bias
outlier,32k,dense 160M (ladder),beaker,ceiling,24,soft token (mean embedding),0.083,1,+logL+0,0,2.457,1.206,1.251,0.538,1.412,0.0,0.114,8.771929824561402,88.6,G=1 k=0.083 soft meanEmb +logL+0
outlier,32k,dense 160M (ladder),beaker,ceiling,24,oracle mean K/V slot,0.083,1,+logL+0,1,1.766,1.206,0.56,0.693,0.899,0.0,0.114,8.771929824561402,88.6,G=1 k=0.083 oracle meanKV +logL+0
outlier,32k,dense 160M (ladder),beaker,ceiling,24,oracle mean K/V slot,0.083,1,no-bias,1,1.643,1.206,0.43700000000000006,0.664,0.918,0.0,0.114,8.771929824561402,88.6,G=1 k=0.083 oracle meanKV no-bias
outlier,32k,dense 160M (ladder),beaker,ceiling,24,"fitted log-mass slot (k*, v*, c)",0.083,1,fitted c,1,1.892,1.206,0.6859999999999999,0.7,0.938,0.0,0.114,8.771929824561402,88.6,"G=1 k=0.083 fitted slot (k*, v*, c)"
outlier,32k,dense 160M (ladder),beaker,ceiling,24,soft token (mean embedding),0.333,2,no-bias,0,1.7,1.206,0.494,0.739,0.736,0.0,0.355,2.8169014084507045,64.5,G=2 k=0.333 soft meanEmb no-bias
outlier,32k,dense 160M (ladder),beaker,ceiling,24,soft token (mean embedding),0.333,2,+logL+0,0,2.285,1.206,1.0790000000000002,0.627,1.163,0.0,0.355,2.8169014084507045,64.5,G=2 k=0.333 soft meanEmb +logL+0
outlier,32k,dense 160M (ladder),beaker,ceiling,24,oracle mean K/V slot,0.333,2,+logL+0,1,1.747,1.206,0.5410000000000001,0.744,0.746,0.0,0.355,2.8169014084507045,64.5,G=2 k=0.333 oracle meanKV +logL+0
outlier,32k,dense 160M (ladder),beaker,ceiling,24,oracle mean K/V slot,0.333,2,no-bias,1,1.683,1.206,0.4770000000000001,0.744,0.74,0.0,0.355,2.8169014084507045,64.5,G=2 k=0.333 oracle meanKV no-bias
outlier,32k,dense 160M (ladder),beaker,ceiling,24,"fitted log-mass slot (k*, v*, c)",0.333,2,fitted c,1,1.787,1.206,0.581,0.732,0.768,0.0,0.355,2.8169014084507045,64.5,"G=2 k=0.333 fitted slot (k*, v*, c)"
outlier,32k,dense 160M (ladder),beaker,ceiling,24,soft token (mean embedding),0.083,2,no-bias,0,1.692,1.206,0.486,0.691,0.904,0.0,0.12,8.333333333333334,88.0,G=2 k=0.083 soft meanEmb no-bias
outlier,32k,dense 160M (ladder),beaker,ceiling,24,soft token (mean embedding),0.083,2,+logL+0,0,2.463,1.206,1.2570000000000001,0.549,1.418,0.0,0.12,8.333333333333334,88.0,G=2 k=0.083 soft meanEmb +logL+0
outlier,32k,dense 160M (ladder),beaker,ceiling,24,oracle mean K/V slot,0.083,2,+logL+0,1,1.75,1.206,0.544,0.7,0.898,0.0,0.12,8.333333333333334,88.0,G=2 k=0.083 oracle meanKV +logL+0
outlier,32k,dense 160M (ladder),beaker,ceiling,24,oracle mean K/V slot,0.083,2,no-bias,1,1.631,1.206,0.42500000000000004,0.673,0.91,0.0,0.12,8.333333333333334,88.0,G=2 k=0.083 oracle meanKV no-bias
outlier,32k,dense 160M (ladder),beaker,ceiling,24,"fitted log-mass slot (k*, v*, c)",0.083,2,fitted c,1,1.837,1.206,0.631,0.695,0.919,0.0,0.12,8.333333333333334,88.0,"G=2 k=0.083 fitted slot (k*, v*, c)"
outlier,32k,dense 160M (ladder),beaker,ceiling,24,soft token (mean embedding),0.333,4,no-bias,0,1.726,1.206,0.52,0.742,0.741,0.0,0.364,2.7472527472527473,63.6,G=4 k=0.333 soft meanEmb no-bias
outlier,32k,dense 160M (ladder),beaker,ceiling,24,soft token (mean embedding),0.333,4,+logL+0,0,2.191,1.206,0.9849999999999999,0.619,1.074,0.0,0.364,2.7472527472527473,63.6,G=4 k=0.333 soft meanEmb +logL+0
outlier,32k,dense 160M (ladder),beaker,ceiling,24,oracle mean K/V slot,0.333,4,+logL+0,1,1.755,1.206,0.5489999999999999,0.747,0.749,0.0,0.364,2.7472527472527473,63.6,G=4 k=0.333 oracle meanKV +logL+0
outlier,32k,dense 160M (ladder),beaker,ceiling,24,oracle mean K/V slot,0.333,4,no-bias,1,1.698,1.206,0.492,0.739,0.741,0.0,0.364,2.7472527472527473,63.6,G=4 k=0.333 oracle meanKV no-bias
outlier,32k,dense 160M (ladder),beaker,ceiling,24,"fitted log-mass slot (k*, v*, c)",0.333,4,fitted c,1,1.779,1.206,0.573,0.73,0.778,0.0,0.364,2.7472527472527473,63.6,"G=4 k=0.333 fitted slot (k*, v*, c)"
outlier,32k,dense 160M (ladder),beaker,ceiling,24,soft token (mean embedding),0.083,4,no-bias,0,1.72,1.206,0.514,0.693,0.902,0.0,0.132,7.575757575757575,86.8,G=4 k=0.083 soft meanEmb no-bias
outlier,32k,dense 160M (ladder),beaker,ceiling,24,soft token (mean embedding),0.083,4,+logL+0,0,2.327,1.206,1.121,0.574,1.296,0.0,0.132,7.575757575757575,86.8,G=4 k=0.083 soft meanEmb +logL+0
outlier,32k,dense 160M (ladder),beaker,ceiling,24,oracle mean K/V slot,0.083,4,+logL+0,1,1.737,1.206,0.5310000000000001,0.702,0.895,0.0,0.132,7.575757575757575,86.8,G=4 k=0.083 oracle meanKV +logL+0
outlier,32k,dense 160M (ladder),beaker,ceiling,24,oracle mean K/V slot,0.083,4,no-bias,1,1.62,1.206,0.41400000000000015,0.671,0.91,0.0,0.132,7.575757575757575,86.8,G=4 k=0.083 oracle meanKV no-bias
outlier,32k,dense 160M (ladder),beaker,ceiling,24,"fitted log-mass slot (k*, v*, c)",0.083,4,fitted c,1,1.799,1.206,0.593,0.693,0.903,0.0,0.132,7.575757575757575,86.8,"G=4 k=0.083 fitted slot (k*, v*, c)"
outlier,32k,dense 160M (ladder),beaker,ceiling,24,soft token (mean embedding),0.333,8,no-bias,0,1.77,1.206,0.5640000000000001,0.733,0.767,0.0,0.382,2.6178010471204187,61.8,G=8 k=0.333 soft meanEmb no-bias
outlier,32k,dense 160M (ladder),beaker,ceiling,24,soft token (mean embedding),0.333,8,+logL+0,0,2.11,1.206,0.9039999999999999,0.655,0.994,0.0,0.382,2.6178010471204187,61.8,G=8 k=0.333 soft meanEmb +logL+0
outlier,32k,dense 160M (ladder),beaker,ceiling,24,oracle mean K/V slot,0.333,8,+logL+0,1,1.781,1.206,0.575,0.735,0.767,0.0,0.382,2.6178010471204187,61.8,G=8 k=0.333 oracle meanKV +logL+0
outlier,32k,dense 160M (ladder),beaker,ceiling,24,oracle mean K/V slot,0.333,8,no-bias,1,1.723,1.206,0.5170000000000001,0.733,0.755,0.0,0.382,2.6178010471204187,61.8,G=8 k=0.333 oracle meanKV no-bias
outlier,32k,dense 160M (ladder),beaker,ceiling,24,"fitted log-mass slot (k*, v*, c)",0.333,8,fitted c,1,1.779,1.206,0.573,0.733,0.774,0.0,0.382,2.6178010471204187,61.8,"G=8 k=0.333 fitted slot (k*, v*, c)"
outlier,32k,dense 160M (ladder),beaker,ceiling,24,soft token (mean embedding),0.083,8,no-bias,0,1.73,1.206,0.524,0.691,0.891,0.0,0.156,6.410256410256411,84.39999999999999,G=8 k=0.083 soft meanEmb no-bias
outlier,32k,dense 160M (ladder),beaker,ceiling,24,soft token (mean embedding),0.083,8,+logL+0,0,2.207,1.206,1.001,0.611,1.203,0.0,0.156,6.410256410256411,84.39999999999999,G=8 k=0.083 soft meanEmb +logL+0
outlier,32k,dense 160M (ladder),beaker,ceiling,24,oracle mean K/V slot,0.083,8,+logL+0,1,1.721,1.206,0.5150000000000001,0.698,0.885,0.0,0.156,6.410256410256411,84.39999999999999,G=8 k=0.083 oracle meanKV +logL+0
outlier,32k,dense 160M (ladder),beaker,ceiling,24,oracle mean K/V slot,0.083,8,no-bias,1,1.61,1.206,0.40400000000000014,0.669,0.907,0.0,0.156,6.410256410256411,84.39999999999999,G=8 k=0.083 oracle meanKV no-bias
outlier,32k,dense 160M (ladder),beaker,ceiling,24,"fitted log-mass slot (k*, v*, c)",0.083,8,fitted c,1,1.761,1.206,0.5549999999999999,0.696,0.864,0.0,0.156,6.410256410256411,84.39999999999999,"G=8 k=0.083 fitted slot (k*, v*, c)"
contradiction,32k,dense 56M (ladder),sneetches,slot,24,full attention,1.0,1,,0,0.071,0.071,0.0,1.0,0.0,0.58,1.0,1.0,0.0,full
contradiction,32k,dense 56M (ladder),sneetches,slot,24,soft token (mean embedding),0.333,1,no-bias,0,0.081,0.071,0.010000000000000009,0.966,0.098,0.46,0.357,2.801120448179272,64.3,soft k=0.333 no-bias
contradiction,32k,dense 56M (ladder),sneetches,slot,24,soft token (mean embedding),0.333,1,+logL,0,0.168,0.071,0.09700000000000002,0.944,0.166,0.25,0.357,2.801120448179272,64.3,soft k=0.333 +logL
contradiction,32k,dense 56M (ladder),sneetches,slot,24,soft token (mean embedding),0.333,1,+logL-2,0,0.096,0.071,0.02500000000000001,0.959,0.114,0.42,0.357,2.801120448179272,64.3,soft k=0.333 +logL-2
contradiction,32k,dense 56M (ladder),sneetches,slot,24,soft token (mean embedding),0.333,1,+logL-1,0,0.111,0.071,0.04000000000000001,0.957,0.123,0.42,0.357,2.801120448179272,64.3,soft k=0.333 +logL-1
contradiction,32k,dense 56M (ladder),sneetches,slot,24,soft token (mean embedding),0.333,1,+logL+1,0,0.311,0.071,0.24,0.902,0.285,0.04,0.357,2.801120448179272,64.3,soft k=0.333 +logL+1
contradiction,32k,dense 56M (ladder),sneetches,slot,24,soft token (mean embedding),0.333,1,+logL+2,0,0.693,0.071,0.622,0.796,0.636,0.0,0.357,2.801120448179272,64.3,soft k=0.333 +logL+2
contradiction,32k,dense 56M (ladder),sneetches,slot,24,soft token (mean embedding),0.333,1,const=mean logL,0,0.172,0.071,0.10099999999999999,0.946,0.17,0.25,0.357,2.801120448179272,64.3,soft k=0.333 const=mean logL
contradiction,32k,dense 56M (ladder),sneetches,slot,24,soft token (mean embedding),0.333,1,const-4,0,0.084,0.071,0.013000000000000012,0.966,0.095,0.42,0.357,2.801120448179272,64.3,soft k=0.333 const-4
contradiction,32k,dense 56M (ladder),sneetches,slot,24,soft token (mean embedding),0.333,1,const-2,0,0.081,0.071,0.010000000000000009,0.969,0.095,0.46,0.357,2.801120448179272,64.3,soft k=0.333 const-2
contradiction,32k,dense 56M (ladder),sneetches,slot,24,soft token (mean embedding),0.333,1,const-1,0,0.08,0.071,0.009000000000000008,0.966,0.096,0.46,0.357,2.801120448179272,64.3,soft k=0.333 const-1
contradiction,32k,dense 56M (ladder),sneetches,slot,24,soft token (mean embedding),0.333,1,const+1,0,0.088,0.071,0.017,0.962,0.105,0.46,0.357,2.801120448179272,64.3,soft k=0.333 const+1
contradiction,32k,dense 56M (ladder),sneetches,slot,24,soft token (mean embedding),0.167,1,no-bias,0,0.183,0.071,0.112,0.934,0.231,0.17,0.194,5.154639175257731,80.60000000000001,soft k=0.167 no-bias
contradiction,32k,dense 56M (ladder),sneetches,slot,24,soft token (mean embedding),0.167,1,+logL,0,0.439,0.071,0.368,0.86,0.448,0.08,0.194,5.154639175257731,80.60000000000001,soft k=0.167 +logL
contradiction,32k,dense 56M (ladder),sneetches,slot,24,soft token (mean embedding),0.167,1,+logL-2,0,0.216,0.071,0.14500000000000002,0.923,0.257,0.21,0.194,5.154639175257731,80.60000000000001,soft k=0.167 +logL-2
contradiction,32k,dense 56M (ladder),sneetches,slot,24,soft token (mean embedding),0.167,1,+logL-1,0,0.29,0.071,0.21899999999999997,0.904,0.318,0.12,0.194,5.154639175257731,80.60000000000001,soft k=0.167 +logL-1
contradiction,32k,dense 56M (ladder),sneetches,slot,24,soft token (mean embedding),0.167,1,+logL+1,0,0.709,0.071,0.638,0.792,0.668,0.0,0.194,5.154639175257731,80.60000000000001,soft k=0.167 +logL+1
contradiction,32k,dense 56M (ladder),sneetches,slot,24,soft token (mean embedding),0.167,1,+logL+2,0,1.001,0.071,0.9299999999999999,0.685,0.942,0.0,0.194,5.154639175257731,80.60000000000001,soft k=0.167 +logL+2
contradiction,32k,dense 56M (ladder),sneetches,slot,24,soft token (mean embedding),0.167,1,const=mean logL,0,0.442,0.071,0.371,0.857,0.452,0.08,0.194,5.154639175257731,80.60000000000001,soft k=0.167 const=mean logL
contradiction,32k,dense 56M (ladder),sneetches,slot,24,soft token (mean embedding),0.167,1,const-4,0,0.176,0.071,0.105,0.937,0.221,0.17,0.194,5.154639175257731,80.60000000000001,soft k=0.167 const-4
contradiction,32k,dense 56M (ladder),sneetches,slot,24,soft token (mean embedding),0.167,1,const-2,0,0.178,0.071,0.107,0.938,0.224,0.17,0.194,5.154639175257731,80.60000000000001,soft k=0.167 const-2
contradiction,32k,dense 56M (ladder),sneetches,slot,24,soft token (mean embedding),0.167,1,const-1,0,0.181,0.071,0.11,0.93,0.229,0.17,0.194,5.154639175257731,80.60000000000001,soft k=0.167 const-1
contradiction,32k,dense 56M (ladder),sneetches,slot,24,soft token (mean embedding),0.167,1,const+1,0,0.194,0.071,0.12300000000000001,0.931,0.239,0.17,0.194,5.154639175257731,80.60000000000001,soft k=0.167 const+1
contradiction,32k,dense 56M (ladder),sneetches,slot,24,soft token (mean embedding),0.083,1,no-bias,0,0.315,0.071,0.244,0.903,0.334,0.04,0.114,8.771929824561402,88.6,soft k=0.083 no-bias
contradiction,32k,dense 56M (ladder),sneetches,slot,24,soft token (mean embedding),0.083,1,+logL,0,0.757,0.071,0.686,0.773,0.733,0.0,0.114,8.771929824561402,88.6,soft k=0.083 +logL
contradiction,32k,dense 56M (ladder),sneetches,slot,24,soft token (mean embedding),0.083,1,+logL-2,0,0.395,0.071,0.324,0.884,0.409,0.04,0.114,8.771929824561402,88.6,soft k=0.083 +logL-2
contradiction,32k,dense 56M (ladder),sneetches,slot,24,soft token (mean embedding),0.083,1,+logL-1,0,0.54,0.071,0.46900000000000003,0.841,0.539,0.04,0.114,8.771929824561402,88.6,soft k=0.083 +logL-1
contradiction,32k,dense 56M (ladder),sneetches,slot,24,soft token (mean embedding),0.083,1,+logL+1,0,0.985,0.071,0.914,0.691,0.931,0.0,0.114,8.771929824561402,88.6,soft k=0.083 +logL+1
contradiction,32k,dense 56M (ladder),sneetches,slot,24,soft token (mean embedding),0.083,1,+logL+2,0,1.053,0.071,0.982,0.641,1.002,0.0,0.114,8.771929824561402,88.6,soft k=0.083 +logL+2
contradiction,32k,dense 56M (ladder),sneetches,slot,24,soft token (mean embedding),0.083,1,const=mean logL,0,0.758,0.071,0.687,0.77,0.74,0.0,0.114,8.771929824561402,88.6,soft k=0.083 const=mean logL
contradiction,32k,dense 56M (ladder),sneetches,slot,24,soft token (mean embedding),0.083,1,const-4,0,0.328,0.071,0.257,0.902,0.346,0.04,0.114,8.771929824561402,88.6,soft k=0.083 const-4
contradiction,32k,dense 56M (ladder),sneetches,slot,24,soft token (mean embedding),0.083,1,const-2,0,0.326,0.071,0.255,0.899,0.349,0.04,0.114,8.771929824561402,88.6,soft k=0.083 const-2
contradiction,32k,dense 56M (ladder),sneetches,slot,24,soft token (mean embedding),0.083,1,const-1,0,0.321,0.071,0.25,0.9,0.343,0.04,0.114,8.771929824561402,88.6,soft k=0.083 const-1
contradiction,32k,dense 56M (ladder),sneetches,slot,24,soft token (mean embedding),0.083,1,const+1,0,0.341,0.071,0.27,0.894,0.357,0.04,0.114,8.771929824561402,88.6,soft k=0.083 const+1
contradiction,32k,dense 56M (ladder),sneetches,slot,24,soft token (mean embedding),0.0,1,no-bias,0,0.424,0.071,0.353,0.865,0.441,0.0,0.036,27.77777777777778,96.39999999999999,soft k=0.000 no-bias
contradiction,32k,dense 56M (ladder),sneetches,slot,24,soft token (mean embedding),0.0,1,+logL,0,0.75,0.071,0.679,0.768,0.725,0.0,0.036,27.77777777777778,96.39999999999999,soft k=0.000 +logL
contradiction,32k,dense 56M (ladder),sneetches,slot,24,soft token (mean embedding),0.0,1,+logL-2,0,0.52,0.071,0.449,0.842,0.517,0.0,0.036,27.77777777777778,96.39999999999999,soft k=0.000 +logL-2
contradiction,32k,dense 56M (ladder),sneetches,slot,24,soft token (mean embedding),0.0,1,+logL-1,0,0.653,0.071,0.5820000000000001,0.806,0.638,0.0,0.036,27.77777777777778,96.39999999999999,soft k=0.000 +logL-1
contradiction,32k,dense 56M (ladder),sneetches,slot,24,soft token (mean embedding),0.0,1,+logL+1,0,0.918,0.071,0.8470000000000001,0.706,0.88,0.0,0.036,27.77777777777778,96.39999999999999,soft k=0.000 +logL+1
contradiction,32k,dense 56M (ladder),sneetches,slot,24,soft token (mean embedding),0.0,1,+logL+2,0,1.129,0.071,1.058,0.605,1.075,0.0,0.036,27.77777777777778,96.39999999999999,soft k=0.000 +logL+2
contradiction,32k,dense 56M (ladder),sneetches,slot,24,soft token (mean embedding),0.0,1,const=mean logL,0,0.762,0.071,0.6910000000000001,0.772,0.736,0.0,0.036,27.77777777777778,96.39999999999999,soft k=0.000 const=mean logL
contradiction,32k,dense 56M (ladder),sneetches,slot,24,soft token (mean embedding),0.0,1,const-4,0,0.45,0.071,0.379,0.861,0.474,0.0,0.036,27.77777777777778,96.39999999999999,soft k=0.000 const-4
contradiction,32k,dense 56M (ladder),sneetches,slot,24,soft token (mean embedding),0.0,1,const-2,0,0.443,0.071,0.372,0.86,0.464,0.0,0.036,27.77777777777778,96.39999999999999,soft k=0.000 const-2
contradiction,32k,dense 56M (ladder),sneetches,slot,24,soft token (mean embedding),0.0,1,const-1,0,0.422,0.071,0.351,0.869,0.441,0.0,0.036,27.77777777777778,96.39999999999999,soft k=0.000 const-1
contradiction,32k,dense 56M (ladder),sneetches,slot,24,soft token (mean embedding),0.0,1,const+1,0,0.454,0.071,0.383,0.854,0.464,0.0,0.036,27.77777777777778,96.39999999999999,soft k=0.000 const+1
contradiction,32k,dense 56M (ladder),sneetches,oracle,24,full attention,1.0,1,,0,0.071,0.071,0.0,1.0,0.0,0.58,1.0,1.0,0.0,full
contradiction,32k,dense 56M (ladder),sneetches,oracle,24,oracle mean K/V slot,0.333,1,+logL,1,0.08,0.071,0.009000000000000008,0.968,0.108,0.5,0.357,2.801120448179272,64.3,k=0.333 oracle meanKV +logL
contradiction,32k,dense 56M (ladder),sneetches,oracle,24,oracle mean K/V slot,0.333,1,no-bias,1,0.088,0.071,0.017,0.962,0.096,0.38,0.357,2.801120448179272,64.3,k=0.333 oracle meanKV no-bias
contradiction,32k,dense 56M (ladder),sneetches,oracle,24,oracle mean K/V slot,0.333,1,+logL-2,1,0.087,0.071,0.016,0.965,0.097,0.38,0.357,2.801120448179272,64.3,k=0.333 oracle meanKV +logL-2
contradiction,32k,dense 56M (ladder),sneetches,oracle,24,oracle mean K/V slot,0.333,1,+logL-1,1,0.084,0.071,0.013000000000000012,0.966,0.102,0.5,0.357,2.801120448179272,64.3,k=0.333 oracle meanKV +logL-1
contradiction,32k,dense 56M (ladder),sneetches,oracle,24,oracle mean K/V slot,0.333,1,+logL+1,1,0.084,0.071,0.013000000000000012,0.965,0.119,0.5,0.357,2.801120448179272,64.3,k=0.333 oracle meanKV +logL+1
contradiction,32k,dense 56M (ladder),sneetches,oracle,24,oracle mean K/V slot,0.333,1,+logL+2,1,0.099,0.071,0.02800000000000001,0.957,0.134,0.42,0.357,2.801120448179272,64.3,k=0.333 oracle meanKV +logL+2
contradiction,32k,dense 56M (ladder),sneetches,oracle,24,soft token (mean embedding),0.333,1,no-bias,0,0.081,0.071,0.010000000000000009,0.966,0.098,0.46,0.357,2.801120448179272,64.3,k=0.333 soft meanEmb no-bias
contradiction,32k,dense 56M (ladder),sneetches,oracle,24,soft token (mean embedding),0.333,1,+logL,0,0.168,0.071,0.09700000000000002,0.943,0.166,0.21,0.357,2.801120448179272,64.3,k=0.333 soft meanEmb +logL
contradiction,32k,dense 56M (ladder),sneetches,oracle,24,oracle mean K/V slot,0.167,1,+logL,1,0.168,0.071,0.09700000000000002,0.927,0.239,0.21,0.194,5.154639175257731,80.60000000000001,k=0.167 oracle meanKV +logL
contradiction,32k,dense 56M (ladder),sneetches,oracle,24,oracle mean K/V slot,0.167,1,no-bias,1,0.18,0.071,0.109,0.935,0.226,0.08,0.194,5.154639175257731,80.60000000000001,k=0.167 oracle meanKV no-bias
contradiction,32k,dense 56M (ladder),sneetches,oracle,24,oracle mean K/V slot,0.167,1,+logL-2,1,0.177,0.071,0.106,0.932,0.229,0.17,0.194,5.154639175257731,80.60000000000001,k=0.167 oracle meanKV +logL-2
contradiction,32k,dense 56M (ladder),sneetches,oracle,24,oracle mean K/V slot,0.167,1,+logL-1,1,0.171,0.071,0.10000000000000002,0.931,0.233,0.17,0.194,5.154639175257731,80.60000000000001,k=0.167 oracle meanKV +logL-1
contradiction,32k,dense 56M (ladder),sneetches,oracle,24,oracle mean K/V slot,0.167,1,+logL+1,1,0.184,0.071,0.113,0.926,0.261,0.21,0.194,5.154639175257731,80.60000000000001,k=0.167 oracle meanKV +logL+1
contradiction,32k,dense 56M (ladder),sneetches,oracle,24,oracle mean K/V slot,0.167,1,+logL+2,1,0.209,0.071,0.138,0.928,0.287,0.25,0.194,5.154639175257731,80.60000000000001,k=0.167 oracle meanKV +logL+2
contradiction,32k,dense 56M (ladder),sneetches,oracle,24,soft token (mean embedding),0.167,1,no-bias,0,0.183,0.071,0.112,0.931,0.231,0.17,0.194,5.154639175257731,80.60000000000001,k=0.167 soft meanEmb no-bias
contradiction,32k,dense 56M (ladder),sneetches,oracle,24,soft token (mean embedding),0.167,1,+logL,0,0.439,0.071,0.368,0.86,0.447,0.08,0.194,5.154639175257731,80.60000000000001,k=0.167 soft meanEmb +logL
contradiction,32k,dense 56M (ladder),sneetches,oracle,24,oracle mean K/V slot,0.083,1,+logL,1,0.334,0.071,0.263,0.892,0.396,0.04,0.114,8.771929824561402,88.6,k=0.083 oracle meanKV +logL
contradiction,32k,dense 56M (ladder),sneetches,oracle,24,oracle mean K/V slot,0.083,1,no-bias,1,0.332,0.071,0.261,0.902,0.35,0.04,0.114,8.771929824561402,88.6,k=0.083 oracle meanKV no-bias
contradiction,32k,dense 56M (ladder),sneetches,oracle,24,oracle mean K/V slot,0.083,1,+logL-2,1,0.33,0.071,0.259,0.904,0.357,0.08,0.114,8.771929824561402,88.6,k=0.083 oracle meanKV +logL-2
contradiction,32k,dense 56M (ladder),sneetches,oracle,24,oracle mean K/V slot,0.083,1,+logL-1,1,0.333,0.071,0.262,0.904,0.378,0.04,0.114,8.771929824561402,88.6,k=0.083 oracle meanKV +logL-1
contradiction,32k,dense 56M (ladder),sneetches,oracle,24,oracle mean K/V slot,0.083,1,+logL+1,1,0.331,0.071,0.26,0.891,0.401,0.12,0.114,8.771929824561402,88.6,k=0.083 oracle meanKV +logL+1
contradiction,32k,dense 56M (ladder),sneetches,oracle,24,oracle mean K/V slot,0.083,1,+logL+2,1,0.354,0.071,0.283,0.889,0.427,0.12,0.114,8.771929824561402,88.6,k=0.083 oracle meanKV +logL+2
contradiction,32k,dense 56M (ladder),sneetches,oracle,24,soft token (mean embedding),0.083,1,no-bias,0,0.314,0.071,0.243,0.902,0.333,0.04,0.114,8.771929824561402,88.6,k=0.083 soft meanEmb no-bias
contradiction,32k,dense 56M (ladder),sneetches,oracle,24,soft token (mean embedding),0.083,1,+logL,0,0.757,0.071,0.686,0.777,0.734,0.0,0.114,8.771929824561402,88.6,k=0.083 soft meanEmb +logL
contradiction,32k,dense 56M (ladder),sneetches,oracle,24,oracle mean K/V slot,0.0,1,+logL,1,0.444,0.071,0.373,0.854,0.482,0.0,0.036,27.77777777777778,96.39999999999999,k=0.000 oracle meanKV +logL
contradiction,32k,dense 56M (ladder),sneetches,oracle,24,oracle mean K/V slot,0.0,1,no-bias,1,0.433,0.071,0.362,0.873,0.463,0.0,0.036,27.77777777777778,96.39999999999999,k=0.000 oracle meanKV no-bias
contradiction,32k,dense 56M (ladder),sneetches,oracle,24,oracle mean K/V slot,0.0,1,+logL-2,1,0.444,0.071,0.373,0.867,0.477,0.0,0.036,27.77777777777778,96.39999999999999,k=0.000 oracle meanKV +logL-2
contradiction,32k,dense 56M (ladder),sneetches,oracle,24,oracle mean K/V slot,0.0,1,+logL-1,1,0.439,0.071,0.368,0.855,0.478,0.0,0.036,27.77777777777778,96.39999999999999,k=0.000 oracle meanKV +logL-1
contradiction,32k,dense 56M (ladder),sneetches,oracle,24,oracle mean K/V slot,0.0,1,+logL+1,1,0.495,0.071,0.424,0.85,0.528,0.0,0.036,27.77777777777778,96.39999999999999,k=0.000 oracle meanKV +logL+1
contradiction,32k,dense 56M (ladder),sneetches,oracle,24,oracle mean K/V slot,0.0,1,+logL+2,1,0.561,0.071,0.49000000000000005,0.817,0.589,0.0,0.036,27.77777777777778,96.39999999999999,k=0.000 oracle meanKV +logL+2
contradiction,32k,dense 56M (ladder),sneetches,oracle,24,soft token (mean embedding),0.0,1,no-bias,0,0.427,0.071,0.356,0.867,0.445,0.0,0.036,27.77777777777778,96.39999999999999,k=0.000 soft meanEmb no-bias
contradiction,32k,dense 56M (ladder),sneetches,oracle,24,soft token (mean embedding),0.0,1,+logL,0,0.751,0.071,0.68,0.766,0.725,0.0,0.036,27.77777777777778,96.39999999999999,k=0.000 soft meanEmb +logL
oolong,32k,dense 80M (ladder),sneetches,slot,24,full attention,1.0,1,,0,0.507,0.507,0.0,1.0,0.0,0.29,1.0,1.0,0.0,full
oolong,32k,dense 80M (ladder),sneetches,slot,24,soft token (mean embedding),0.333,1,no-bias,0,0.591,0.507,0.08399999999999996,0.909,0.131,0.25,0.359,2.785515320334262,64.1,soft k=0.333 no-bias
oolong,32k,dense 80M (ladder),sneetches,slot,24,soft token (mean embedding),0.333,1,+logL,0,0.609,0.507,0.10199999999999998,0.904,0.125,0.29,0.359,2.785515320334262,64.1,soft k=0.333 +logL
oolong,32k,dense 80M (ladder),sneetches,slot,24,soft token (mean embedding),0.333,1,+logL-2,0,0.604,0.507,0.09699999999999998,0.896,0.143,0.29,0.359,2.785515320334262,64.1,soft k=0.333 +logL-2
oolong,32k,dense 80M (ladder),sneetches,slot,24,soft token (mean embedding),0.333,1,+logL-1,0,0.598,0.507,0.09099999999999997,0.904,0.126,0.25,0.359,2.785515320334262,64.1,soft k=0.333 +logL-1
oolong,32k,dense 80M (ladder),sneetches,slot,24,soft token (mean embedding),0.333,1,+logL+1,0,0.64,0.507,0.133,0.91,0.139,0.25,0.359,2.785515320334262,64.1,soft k=0.333 +logL+1
oolong,32k,dense 80M (ladder),sneetches,slot,24,soft token (mean embedding),0.333,1,+logL+2,0,0.665,0.507,0.15800000000000003,0.901,0.164,0.29,0.359,2.785515320334262,64.1,soft k=0.333 +logL+2
oolong,32k,dense 80M (ladder),sneetches,slot,24,soft token (mean embedding),0.333,1,const=mean logL,0,0.601,0.507,0.09399999999999997,0.904,0.122,0.29,0.359,2.785515320334262,64.1,soft k=0.333 const=mean logL
oolong,32k,dense 80M (ladder),sneetches,slot,24,soft token (mean embedding),0.333,1,const-4,0,0.601,0.507,0.09399999999999997,0.909,0.142,0.25,0.359,2.785515320334262,64.1,soft k=0.333 const-4
oolong,32k,dense 80M (ladder),sneetches,slot,24,soft token (mean embedding),0.333,1,const-2,0,0.595,0.507,0.08799999999999997,0.9,0.145,0.29,0.359,2.785515320334262,64.1,soft k=0.333 const-2
oolong,32k,dense 80M (ladder),sneetches,slot,24,soft token (mean embedding),0.333,1,const-1,0,0.591,0.507,0.08399999999999996,0.9,0.141,0.29,0.359,2.785515320334262,64.1,soft k=0.333 const-1
oolong,32k,dense 80M (ladder),sneetches,slot,24,soft token (mean embedding),0.333,1,const+1,0,0.6,0.507,0.09299999999999997,0.904,0.137,0.25,0.359,2.785515320334262,64.1,soft k=0.333 const+1
oolong,32k,dense 80M (ladder),sneetches,slot,24,soft token (mean embedding),0.167,1,no-bias,0,0.872,0.507,0.365,0.851,0.354,0.29,0.197,5.0761421319796955,80.3,soft k=0.167 no-bias
oolong,32k,dense 80M (ladder),sneetches,slot,24,soft token (mean embedding),0.167,1,+logL,0,0.874,0.507,0.367,0.84,0.343,0.33,0.197,5.0761421319796955,80.3,soft k=0.167 +logL
oolong,32k,dense 80M (ladder),sneetches,slot,24,soft token (mean embedding),0.167,1,+logL-2,0,0.875,0.507,0.368,0.851,0.364,0.29,0.197,5.0761421319796955,80.3,soft k=0.167 +logL-2
oolong,32k,dense 80M (ladder),sneetches,slot,24,soft token (mean embedding),0.167,1,+logL-1,0,0.88,0.507,0.373,0.851,0.359,0.29,0.197,5.0761421319796955,80.3,soft k=0.167 +logL-1
oolong,32k,dense 80M (ladder),sneetches,slot,24,soft token (mean embedding),0.167,1,+logL+1,0,0.871,0.507,0.364,0.83,0.329,0.33,0.197,5.0761421319796955,80.3,soft k=0.167 +logL+1
oolong,32k,dense 80M (ladder),sneetches,slot,24,soft token (mean embedding),0.167,1,+logL+2,0,0.899,0.507,0.392,0.816,0.361,0.25,0.197,5.0761421319796955,80.3,soft k=0.167 +logL+2
oolong,32k,dense 80M (ladder),sneetches,slot,24,soft token (mean embedding),0.167,1,const=mean logL,0,0.871,0.507,0.364,0.84,0.336,0.33,0.197,5.0761421319796955,80.3,soft k=0.167 const=mean logL
oolong,32k,dense 80M (ladder),sneetches,slot,24,soft token (mean embedding),0.167,1,const-4,0,0.89,0.507,0.383,0.851,0.367,0.29,0.197,5.0761421319796955,80.3,soft k=0.167 const-4
oolong,32k,dense 80M (ladder),sneetches,slot,24,soft token (mean embedding),0.167,1,const-2,0,0.885,0.507,0.378,0.851,0.361,0.29,0.197,5.0761421319796955,80.3,soft k=0.167 const-2
oolong,32k,dense 80M (ladder),sneetches,slot,24,soft token (mean embedding),0.167,1,const-1,0,0.878,0.507,0.371,0.851,0.354,0.29,0.197,5.0761421319796955,80.3,soft k=0.167 const-1
oolong,32k,dense 80M (ladder),sneetches,slot,24,soft token (mean embedding),0.167,1,const+1,0,0.881,0.507,0.374,0.851,0.368,0.29,0.197,5.0761421319796955,80.3,soft k=0.167 const+1
oolong,32k,dense 80M (ladder),sneetches,slot,24,soft token (mean embedding),0.083,1,no-bias,0,0.947,0.507,0.43999999999999995,0.839,0.412,0.25,0.111,9.00900900900901,88.9,soft k=0.083 no-bias
oolong,32k,dense 80M (ladder),sneetches,slot,24,soft token (mean embedding),0.083,1,+logL,0,0.927,0.507,0.42000000000000004,0.825,0.394,0.21,0.111,9.00900900900901,88.9,soft k=0.083 +logL
oolong,32k,dense 80M (ladder),sneetches,slot,24,soft token (mean embedding),0.083,1,+logL-2,0,0.941,0.507,0.43399999999999994,0.839,0.402,0.25,0.111,9.00900900900901,88.9,soft k=0.083 +logL-2
oolong,32k,dense 80M (ladder),sneetches,slot,24,soft token (mean embedding),0.083,1,+logL-1,0,0.932,0.507,0.42500000000000004,0.839,0.391,0.25,0.111,9.00900900900901,88.9,soft k=0.083 +logL-1
oolong,32k,dense 80M (ladder),sneetches,slot,24,soft token (mean embedding),0.083,1,+logL+1,0,0.917,0.507,0.41000000000000003,0.809,0.373,0.21,0.111,9.00900900900901,88.9,soft k=0.083 +logL+1
oolong,32k,dense 80M (ladder),sneetches,slot,24,soft token (mean embedding),0.083,1,+logL+2,0,0.934,0.507,0.42700000000000005,0.816,0.352,0.12,0.111,9.00900900900901,88.9,soft k=0.083 +logL+2
oolong,32k,dense 80M (ladder),sneetches,slot,24,soft token (mean embedding),0.083,1,const=mean logL,0,0.923,0.507,0.41600000000000004,0.82,0.393,0.17,0.111,9.00900900900901,88.9,soft k=0.083 const=mean logL
oolong,32k,dense 80M (ladder),sneetches,slot,24,soft token (mean embedding),0.083,1,const-4,0,0.947,0.507,0.43999999999999995,0.833,0.419,0.21,0.111,9.00900900900901,88.9,soft k=0.083 const-4
oolong,32k,dense 80M (ladder),sneetches,slot,24,soft token (mean embedding),0.083,1,const-2,0,0.957,0.507,0.44999999999999996,0.839,0.422,0.25,0.111,9.00900900900901,88.9,soft k=0.083 const-2
oolong,32k,dense 80M (ladder),sneetches,slot,24,soft token (mean embedding),0.083,1,const-1,0,0.958,0.507,0.45099999999999996,0.839,0.421,0.25,0.111,9.00900900900901,88.9,soft k=0.083 const-1
oolong,32k,dense 80M (ladder),sneetches,slot,24,soft token (mean embedding),0.083,1,const+1,0,0.947,0.507,0.43999999999999995,0.839,0.409,0.25,0.111,9.00900900900901,88.9,soft k=0.083 const+1
oolong,32k,dense 80M (ladder),sneetches,slot,24,soft token (mean embedding),0.0,1,no-bias,0,0.82,0.507,0.31299999999999994,0.861,0.274,0.25,0.031,32.25806451612903,96.89999999999999,soft k=0.000 no-bias
oolong,32k,dense 80M (ladder),sneetches,slot,24,soft token (mean embedding),0.0,1,+logL,0,0.85,0.507,0.34299999999999997,0.793,0.321,0.33,0.031,32.25806451612903,96.89999999999999,soft k=0.000 +logL
oolong,32k,dense 80M (ladder),sneetches,slot,24,soft token (mean embedding),0.0,1,+logL-2,0,0.821,0.507,0.31399999999999995,0.858,0.282,0.25,0.031,32.25806451612903,96.89999999999999,soft k=0.000 +logL-2
oolong,32k,dense 80M (ladder),sneetches,slot,24,soft token (mean embedding),0.0,1,+logL-1,0,0.827,0.507,0.31999999999999995,0.843,0.294,0.29,0.031,32.25806451612903,96.89999999999999,soft k=0.000 +logL-1
oolong,32k,dense 80M (ladder),sneetches,slot,24,soft token (mean embedding),0.0,1,+logL+1,0,0.834,0.507,0.32699999999999996,0.783,0.348,0.33,0.031,32.25806451612903,96.89999999999999,soft k=0.000 +logL+1
oolong,32k,dense 80M (ladder),sneetches,slot,24,soft token (mean embedding),0.0,1,+logL+2,0,0.919,0.507,0.41200000000000003,0.759,0.459,0.38,0.031,32.25806451612903,96.89999999999999,soft k=0.000 +logL+2
oolong,32k,dense 80M (ladder),sneetches,slot,24,soft token (mean embedding),0.0,1,const=mean logL,0,0.841,0.507,0.33399999999999996,0.799,0.318,0.33,0.031,32.25806451612903,96.89999999999999,soft k=0.000 const=mean logL
oolong,32k,dense 80M (ladder),sneetches,slot,24,soft token (mean embedding),0.0,1,const-4,0,0.839,0.507,0.33199999999999996,0.856,0.287,0.25,0.031,32.25806451612903,96.89999999999999,soft k=0.000 const-4
oolong,32k,dense 80M (ladder),sneetches,slot,24,soft token (mean embedding),0.0,1,const-2,0,0.83,0.507,0.32299999999999995,0.856,0.28,0.25,0.031,32.25806451612903,96.89999999999999,soft k=0.000 const-2
oolong,32k,dense 80M (ladder),sneetches,slot,24,soft token (mean embedding),0.0,1,const-1,0,0.828,0.507,0.32099999999999995,0.866,0.276,0.25,0.031,32.25806451612903,96.89999999999999,soft k=0.000 const-1
oolong,32k,dense 80M (ladder),sneetches,slot,24,soft token (mean embedding),0.0,1,const+1,0,0.815,0.507,0.30799999999999994,0.858,0.274,0.25,0.031,32.25806451612903,96.89999999999999,soft k=0.000 const+1
oolong,32k,dense 80M (ladder),sneetches,oracle,24,full attention,1.0,1,,0,0.507,0.507,0.0,1.0,0.0,0.29,1.0,1.0,0.0,full
oolong,32k,dense 80M (ladder),sneetches,oracle,24,oracle mean K/V slot,0.333,1,+logL,1,0.604,0.507,0.09699999999999998,0.909,0.137,0.25,0.359,2.785515320334262,64.1,k=0.333 oracle meanKV +logL
oolong,32k,dense 80M (ladder),sneetches,oracle,24,oracle mean K/V slot,0.333,1,no-bias,1,0.606,0.507,0.09899999999999998,0.905,0.143,0.25,0.359,2.785515320334262,64.1,k=0.333 oracle meanKV no-bias
oolong,32k,dense 80M (ladder),sneetches,oracle,24,oracle mean K/V slot,0.333,1,+logL-2,1,0.61,0.507,0.10299999999999998,0.905,0.143,0.25,0.359,2.785515320334262,64.1,k=0.333 oracle meanKV +logL-2
oolong,32k,dense 80M (ladder),sneetches,oracle,24,oracle mean K/V slot,0.333,1,+logL-1,1,0.606,0.507,0.09899999999999998,0.909,0.139,0.25,0.359,2.785515320334262,64.1,k=0.333 oracle meanKV +logL-1
oolong,32k,dense 80M (ladder),sneetches,oracle,24,oracle mean K/V slot,0.333,1,+logL+1,1,0.604,0.507,0.09699999999999998,0.909,0.132,0.25,0.359,2.785515320334262,64.1,k=0.333 oracle meanKV +logL+1
oolong,32k,dense 80M (ladder),sneetches,oracle,24,oracle mean K/V slot,0.333,1,+logL+2,1,0.613,0.507,0.10599999999999998,0.909,0.133,0.25,0.359,2.785515320334262,64.1,k=0.333 oracle meanKV +logL+2
oolong,32k,dense 80M (ladder),sneetches,oracle,24,soft token (mean embedding),0.333,1,no-bias,0,0.59,0.507,0.08299999999999996,0.909,0.133,0.25,0.359,2.785515320334262,64.1,k=0.333 soft meanEmb no-bias
oolong,32k,dense 80M (ladder),sneetches,oracle,24,soft token (mean embedding),0.333,1,+logL,0,0.604,0.507,0.09699999999999998,0.904,0.124,0.29,0.359,2.785515320334262,64.1,k=0.333 soft meanEmb +logL
oolong,32k,dense 80M (ladder),sneetches,oracle,24,oracle mean K/V slot,0.167,1,+logL,1,0.874,0.507,0.367,0.851,0.368,0.29,0.197,5.0761421319796955,80.3,k=0.167 oracle meanKV +logL
oolong,32k,dense 80M (ladder),sneetches,oracle,24,oracle mean K/V slot,0.167,1,no-bias,1,0.894,0.507,0.387,0.851,0.38,0.29,0.197,5.0761421319796955,80.3,k=0.167 oracle meanKV no-bias
oolong,32k,dense 80M (ladder),sneetches,oracle,24,oracle mean K/V slot,0.167,1,+logL-2,1,0.889,0.507,0.382,0.851,0.375,0.29,0.197,5.0761421319796955,80.3,k=0.167 oracle meanKV +logL-2
oolong,32k,dense 80M (ladder),sneetches,oracle,24,oracle mean K/V slot,0.167,1,+logL-1,1,0.884,0.507,0.377,0.851,0.374,0.29,0.197,5.0761421319796955,80.3,k=0.167 oracle meanKV +logL-1
oolong,32k,dense 80M (ladder),sneetches,oracle,24,oracle mean K/V slot,0.167,1,+logL+1,1,0.859,0.507,0.352,0.851,0.353,0.29,0.197,5.0761421319796955,80.3,k=0.167 oracle meanKV +logL+1
oolong,32k,dense 80M (ladder),sneetches,oracle,24,oracle mean K/V slot,0.167,1,+logL+2,1,0.845,0.507,0.33799999999999997,0.851,0.339,0.29,0.197,5.0761421319796955,80.3,k=0.167 oracle meanKV +logL+2
oolong,32k,dense 80M (ladder),sneetches,oracle,24,soft token (mean embedding),0.167,1,no-bias,0,0.872,0.507,0.365,0.851,0.353,0.29,0.197,5.0761421319796955,80.3,k=0.167 soft meanEmb no-bias
oolong,32k,dense 80M (ladder),sneetches,oracle,24,soft token (mean embedding),0.167,1,+logL,0,0.874,0.507,0.367,0.84,0.344,0.33,0.197,5.0761421319796955,80.3,k=0.167 soft meanEmb +logL
oolong,32k,dense 80M (ladder),sneetches,oracle,24,oracle mean K/V slot,0.083,1,+logL,1,0.942,0.507,0.43499999999999994,0.839,0.413,0.29,0.111,9.00900900900901,88.9,k=0.083 oracle meanKV +logL
oolong,32k,dense 80M (ladder),sneetches,oracle,24,oracle mean K/V slot,0.083,1,no-bias,1,0.949,0.507,0.44199999999999995,0.833,0.419,0.21,0.111,9.00900900900901,88.9,k=0.083 oracle meanKV no-bias
oolong,32k,dense 80M (ladder),sneetches,oracle,24,oracle mean K/V slot,0.083,1,+logL-2,1,0.946,0.507,0.43899999999999995,0.839,0.419,0.25,0.111,9.00900900900901,88.9,k=0.083 oracle meanKV +logL-2
oolong,32k,dense 80M (ladder),sneetches,oracle,24,oracle mean K/V slot,0.083,1,+logL-1,1,0.944,0.507,0.43699999999999994,0.833,0.413,0.21,0.111,9.00900900900901,88.9,k=0.083 oracle meanKV +logL-1
oolong,32k,dense 80M (ladder),sneetches,oracle,24,oracle mean K/V slot,0.083,1,+logL+1,1,0.938,0.507,0.43099999999999994,0.839,0.407,0.29,0.111,9.00900900900901,88.9,k=0.083 oracle meanKV +logL+1
oolong,32k,dense 80M (ladder),sneetches,oracle,24,oracle mean K/V slot,0.083,1,+logL+2,1,0.932,0.507,0.42500000000000004,0.836,0.4,0.29,0.111,9.00900900900901,88.9,k=0.083 oracle meanKV +logL+2
oolong,32k,dense 80M (ladder),sneetches,oracle,24,soft token (mean embedding),0.083,1,no-bias,0,0.951,0.507,0.44399999999999995,0.839,0.414,0.25,0.111,9.00900900900901,88.9,k=0.083 soft meanEmb no-bias
oolong,32k,dense 80M (ladder),sneetches,oracle,24,soft token (mean embedding),0.083,1,+logL,0,0.93,0.507,0.42300000000000004,0.82,0.395,0.17,0.111,9.00900900900901,88.9,k=0.083 soft meanEmb +logL
oolong,32k,dense 80M (ladder),sneetches,oracle,24,oracle mean K/V slot,0.0,1,+logL,1,0.847,0.507,0.33999999999999997,0.856,0.294,0.25,0.031,32.25806451612903,96.89999999999999,k=0.000 oracle meanKV +logL
oolong,32k,dense 80M (ladder),sneetches,oracle,24,oracle mean K/V slot,0.0,1,no-bias,1,0.841,0.507,0.33399999999999996,0.859,0.288,0.25,0.031,32.25806451612903,96.89999999999999,k=0.000 oracle meanKV no-bias
oolong,32k,dense 80M (ladder),sneetches,oracle,24,oracle mean K/V slot,0.0,1,+logL-2,1,0.84,0.507,0.33299999999999996,0.856,0.286,0.25,0.031,32.25806451612903,96.89999999999999,k=0.000 oracle meanKV +logL-2
oolong,32k,dense 80M (ladder),sneetches,oracle,24,oracle mean K/V slot,0.0,1,+logL-1,1,0.839,0.507,0.33199999999999996,0.856,0.288,0.25,0.031,32.25806451612903,96.89999999999999,k=0.000 oracle meanKV +logL-1
oolong,32k,dense 80M (ladder),sneetches,oracle,24,oracle mean K/V slot,0.0,1,+logL+1,1,0.846,0.507,0.33899999999999997,0.835,0.299,0.25,0.031,32.25806451612903,96.89999999999999,k=0.000 oracle meanKV +logL+1
oolong,32k,dense 80M (ladder),sneetches,oracle,24,oracle mean K/V slot,0.0,1,+logL+2,1,0.822,0.507,0.31499999999999995,0.834,0.303,0.29,0.031,32.25806451612903,96.89999999999999,k=0.000 oracle meanKV +logL+2
oolong,32k,dense 80M (ladder),sneetches,oracle,24,soft token (mean embedding),0.0,1,no-bias,0,0.82,0.507,0.31299999999999994,0.858,0.275,0.25,0.031,32.25806451612903,96.89999999999999,k=0.000 soft meanEmb no-bias
oolong,32k,dense 80M (ladder),sneetches,oracle,24,soft token (mean embedding),0.0,1,+logL,0,0.849,0.507,0.34199999999999997,0.789,0.321,0.33,0.031,32.25806451612903,96.89999999999999,k=0.000 soft meanEmb +logL
contradiction,8k,dense 56M (ladder),sneetches,slot,24,full attention,1.0,1,,0,0.01,0.01,0.0,1.0,0.0,0.92,1.0,1.0,0.0,full
contradiction,8k,dense 56M (ladder),sneetches,slot,24,soft token (mean embedding),0.333,1,no-bias,0,0.027,0.01,0.017,0.988,0.025,0.71,0.381,2.6246719160104988,61.9,soft k=0.333 no-bias
contradiction,8k,dense 56M (ladder),sneetches,slot,24,soft token (mean embedding),0.333,1,+logL,0,0.072,0.01,0.06199999999999999,0.988,0.065,0.75,0.381,2.6246719160104988,61.9,soft k=0.333 +logL
contradiction,8k,dense 56M (ladder),sneetches,slot,24,soft token (mean embedding),0.333,1,+logL-2,0,0.033,0.01,0.023,0.988,0.031,0.71,0.381,2.6246719160104988,61.9,soft k=0.333 +logL-2
contradiction,8k,dense 56M (ladder),sneetches,slot,24,soft token (mean embedding),0.333,1,+logL-1,0,0.049,0.01,0.039,0.987,0.045,0.67,0.381,2.6246719160104988,61.9,soft k=0.333 +logL-1
contradiction,8k,dense 56M (ladder),sneetches,slot,24,soft token (mean embedding),0.333,1,+logL+1,0,0.168,0.01,0.158,0.948,0.154,0.25,0.381,2.6246719160104988,61.9,soft k=0.333 +logL+1
contradiction,8k,dense 56M (ladder),sneetches,slot,24,soft token (mean embedding),0.333,1,+logL+2,0,0.398,0.01,0.388,0.891,0.378,0.0,0.381,2.6246719160104988,61.9,soft k=0.333 +logL+2
contradiction,8k,dense 56M (ladder),sneetches,slot,24,soft token (mean embedding),0.333,1,const=mean logL,0,0.078,0.01,0.068,0.986,0.07,0.67,0.381,2.6246719160104988,61.9,soft k=0.333 const=mean logL
contradiction,8k,dense 56M (ladder),sneetches,slot,24,soft token (mean embedding),0.333,1,const-4,0,0.028,0.01,0.018000000000000002,0.99,0.025,0.75,0.381,2.6246719160104988,61.9,soft k=0.333 const-4
contradiction,8k,dense 56M (ladder),sneetches,slot,24,soft token (mean embedding),0.333,1,const-2,0,0.029,0.01,0.019000000000000003,0.988,0.027,0.71,0.381,2.6246719160104988,61.9,soft k=0.333 const-2
contradiction,8k,dense 56M (ladder),sneetches,slot,24,soft token (mean embedding),0.333,1,const-1,0,0.027,0.01,0.017,0.988,0.024,0.71,0.381,2.6246719160104988,61.9,soft k=0.333 const-1
contradiction,8k,dense 56M (ladder),sneetches,slot,24,soft token (mean embedding),0.333,1,const+1,0,0.028,0.01,0.018000000000000002,0.99,0.027,0.75,0.381,2.6246719160104988,61.9,soft k=0.333 const+1
contradiction,8k,dense 56M (ladder),sneetches,slot,24,soft token (mean embedding),0.167,1,no-bias,0,0.063,0.01,0.053,0.978,0.061,0.62,0.228,4.385964912280701,77.2,soft k=0.167 no-bias
contradiction,8k,dense 56M (ladder),sneetches,slot,24,soft token (mean embedding),0.167,1,+logL,0,0.203,0.01,0.193,0.938,0.195,0.21,0.228,4.385964912280701,77.2,soft k=0.167 +logL
contradiction,8k,dense 56M (ladder),sneetches,slot,24,soft token (mean embedding),0.167,1,+logL-2,0,0.073,0.01,0.063,0.983,0.072,0.71,0.228,4.385964912280701,77.2,soft k=0.167 +logL-2
contradiction,8k,dense 56M (ladder),sneetches,slot,24,soft token (mean embedding),0.167,1,+logL-1,0,0.103,0.01,0.093,0.971,0.1,0.54,0.228,4.385964912280701,77.2,soft k=0.167 +logL-1
contradiction,8k,dense 56M (ladder),sneetches,slot,24,soft token (mean embedding),0.167,1,+logL+1,0,0.475,0.01,0.46499999999999997,0.862,0.453,0.04,0.228,4.385964912280701,77.2,soft k=0.167 +logL+1
contradiction,8k,dense 56M (ladder),sneetches,slot,24,soft token (mean embedding),0.167,1,+logL+2,0,0.765,0.01,0.755,0.774,0.739,0.0,0.228,4.385964912280701,77.2,soft k=0.167 +logL+2
contradiction,8k,dense 56M (ladder),sneetches,slot,24,soft token (mean embedding),0.167,1,const=mean logL,0,0.233,0.01,0.223,0.939,0.225,0.33,0.228,4.385964912280701,77.2,soft k=0.167 const=mean logL
contradiction,8k,dense 56M (ladder),sneetches,slot,24,soft token (mean embedding),0.167,1,const-4,0,0.06,0.01,0.049999999999999996,0.98,0.057,0.58,0.228,4.385964912280701,77.2,soft k=0.167 const-4
contradiction,8k,dense 56M (ladder),sneetches,slot,24,soft token (mean embedding),0.167,1,const-2,0,0.067,0.01,0.057,0.98,0.065,0.58,0.228,4.385964912280701,77.2,soft k=0.167 const-2
contradiction,8k,dense 56M (ladder),sneetches,slot,24,soft token (mean embedding),0.167,1,const-1,0,0.064,0.01,0.054,0.98,0.062,0.58,0.228,4.385964912280701,77.2,soft k=0.167 const-1
contradiction,8k,dense 56M (ladder),sneetches,slot,24,soft token (mean embedding),0.167,1,const+1,0,0.065,0.01,0.055,0.983,0.064,0.71,0.228,4.385964912280701,77.2,soft k=0.167 const+1
contradiction,8k,dense 56M (ladder),sneetches,slot,24,soft token (mean embedding),0.083,1,no-bias,0,0.114,0.01,0.10400000000000001,0.967,0.114,0.42,0.148,6.756756756756757,85.2,soft k=0.083 no-bias
contradiction,8k,dense 56M (ladder),sneetches,slot,24,soft token (mean embedding),0.083,1,+logL,0,0.505,0.01,0.495,0.852,0.491,0.0,0.148,6.756756756756757,85.2,soft k=0.083 +logL
contradiction,8k,dense 56M (ladder),sneetches,slot,24,soft token (mean embedding),0.083,1,+logL-2,0,0.183,0.01,0.173,0.944,0.18,0.17,0.148,6.756756756756757,85.2,soft k=0.083 +logL-2
contradiction,8k,dense 56M (ladder),sneetches,slot,24,soft token (mean embedding),0.083,1,+logL-1,0,0.284,0.01,0.27399999999999997,0.914,0.278,0.08,0.148,6.756756756756757,85.2,soft k=0.083 +logL-1
contradiction,8k,dense 56M (ladder),sneetches,slot,24,soft token (mean embedding),0.083,1,+logL+1,0,0.719,0.01,0.709,0.77,0.696,0.0,0.148,6.756756756756757,85.2,soft k=0.083 +logL+1
contradiction,8k,dense 56M (ladder),sneetches,slot,24,soft token (mean embedding),0.083,1,+logL+2,0,0.879,0.01,0.869,0.716,0.856,0.0,0.148,6.756756756756757,85.2,soft k=0.083 +logL+2
contradiction,8k,dense 56M (ladder),sneetches,slot,24,soft token (mean embedding),0.083,1,const=mean logL,0,0.504,0.01,0.494,0.845,0.487,0.0,0.148,6.756756756756757,85.2,soft k=0.083 const=mean logL
contradiction,8k,dense 56M (ladder),sneetches,slot,24,soft token (mean embedding),0.083,1,const-4,0,0.122,0.01,0.112,0.965,0.123,0.5,0.148,6.756756756756757,85.2,soft k=0.083 const-4
contradiction,8k,dense 56M (ladder),sneetches,slot,24,soft token (mean embedding),0.083,1,const-2,0,0.118,0.01,0.108,0.961,0.119,0.46,0.148,6.756756756756757,85.2,soft k=0.083 const-2
contradiction,8k,dense 56M (ladder),sneetches,slot,24,soft token (mean embedding),0.083,1,const-1,0,0.113,0.01,0.10300000000000001,0.968,0.113,0.46,0.148,6.756756756756757,85.2,soft k=0.083 const-1
contradiction,8k,dense 56M (ladder),sneetches,slot,24,soft token (mean embedding),0.083,1,const+1,0,0.135,0.01,0.125,0.961,0.134,0.33,0.148,6.756756756756757,85.2,soft k=0.083 const+1
contradiction,8k,dense 56M (ladder),sneetches,slot,24,soft token (mean embedding),0.0,1,no-bias,0,0.233,0.01,0.223,0.938,0.225,0.12,0.08,12.5,92.0,soft k=0.000 no-bias
contradiction,8k,dense 56M (ladder),sneetches,slot,24,soft token (mean embedding),0.0,1,+logL,0,0.619,0.01,0.609,0.802,0.601,0.0,0.08,12.5,92.0,soft k=0.000 +logL
contradiction,8k,dense 56M (ladder),sneetches,slot,24,soft token (mean embedding),0.0,1,+logL-2,0,0.33,0.01,0.32,0.909,0.321,0.08,0.08,12.5,92.0,soft k=0.000 +logL-2
contradiction,8k,dense 56M (ladder),sneetches,slot,24,soft token (mean embedding),0.0,1,+logL-1,0,0.435,0.01,0.425,0.871,0.421,0.0,0.08,12.5,92.0,soft k=0.000 +logL-1
contradiction,8k,dense 56M (ladder),sneetches,slot,24,soft token (mean embedding),0.0,1,+logL+1,0,0.805,0.01,0.795,0.761,0.784,0.0,0.08,12.5,92.0,soft k=0.000 +logL+1
contradiction,8k,dense 56M (ladder),sneetches,slot,24,soft token (mean embedding),0.0,1,+logL+2,0,0.921,0.01,0.911,0.718,0.898,0.0,0.08,12.5,92.0,soft k=0.000 +logL+2
contradiction,8k,dense 56M (ladder),sneetches,slot,24,soft token (mean embedding),0.0,1,const=mean logL,0,0.635,0.01,0.625,0.801,0.616,0.0,0.08,12.5,92.0,soft k=0.000 const=mean logL
contradiction,8k,dense 56M (ladder),sneetches,slot,24,soft token (mean embedding),0.0,1,const-4,0,0.253,0.01,0.243,0.922,0.245,0.08,0.08,12.5,92.0,soft k=0.000 const-4
contradiction,8k,dense 56M (ladder),sneetches,slot,24,soft token (mean embedding),0.0,1,const-2,0,0.24,0.01,0.22999999999999998,0.93,0.233,0.12,0.08,12.5,92.0,soft k=0.000 const-2
contradiction,8k,dense 56M (ladder),sneetches,slot,24,soft token (mean embedding),0.0,1,const-1,0,0.239,0.01,0.22899999999999998,0.932,0.231,0.12,0.08,12.5,92.0,soft k=0.000 const-1
contradiction,8k,dense 56M (ladder),sneetches,slot,24,soft token (mean embedding),0.0,1,const+1,0,0.272,0.01,0.262,0.92,0.265,0.04,0.08,12.5,92.0,soft k=0.000 const+1
contradiction,8k,dense 56M (ladder),sneetches,oracle,24,full attention,1.0,1,,0,0.01,0.01,0.0,1.0,0.0,0.92,1.0,1.0,0.0,full
contradiction,8k,dense 56M (ladder),sneetches,oracle,24,oracle mean K/V slot,0.333,1,+logL,1,0.027,0.01,0.017,0.99,0.025,0.75,0.381,2.6246719160104988,61.9,k=0.333 oracle meanKV +logL
contradiction,8k,dense 56M (ladder),sneetches,oracle,24,oracle mean K/V slot,0.333,1,no-bias,1,0.03,0.01,0.019999999999999997,0.987,0.027,0.67,0.381,2.6246719160104988,61.9,k=0.333 oracle meanKV no-bias
contradiction,8k,dense 56M (ladder),sneetches,oracle,24,oracle mean K/V slot,0.333,1,+logL-2,1,0.029,0.01,0.019000000000000003,0.988,0.026,0.71,0.381,2.6246719160104988,61.9,k=0.333 oracle meanKV +logL-2
contradiction,8k,dense 56M (ladder),sneetches,oracle,24,oracle mean K/V slot,0.333,1,+logL-1,1,0.028,0.01,0.018000000000000002,0.988,0.026,0.71,0.381,2.6246719160104988,61.9,k=0.333 oracle meanKV +logL-1
contradiction,8k,dense 56M (ladder),sneetches,oracle,24,oracle mean K/V slot,0.333,1,+logL+1,1,0.029,0.01,0.019000000000000003,0.99,0.027,0.71,0.381,2.6246719160104988,61.9,k=0.333 oracle meanKV +logL+1
contradiction,8k,dense 56M (ladder),sneetches,oracle,24,oracle mean K/V slot,0.333,1,+logL+2,1,0.04,0.01,0.03,0.989,0.038,0.71,0.381,2.6246719160104988,61.9,k=0.333 oracle meanKV +logL+2
contradiction,8k,dense 56M (ladder),sneetches,oracle,24,soft token (mean embedding),0.333,1,no-bias,0,0.027,0.01,0.017,0.988,0.025,0.71,0.381,2.6246719160104988,61.9,k=0.333 soft meanEmb no-bias
contradiction,8k,dense 56M (ladder),sneetches,oracle,24,soft token (mean embedding),0.333,1,+logL,0,0.072,0.01,0.06199999999999999,0.988,0.065,0.75,0.381,2.6246719160104988,61.9,k=0.333 soft meanEmb +logL
contradiction,8k,dense 56M (ladder),sneetches,oracle,24,oracle mean K/V slot,0.167,1,+logL,1,0.058,0.01,0.048,0.981,0.057,0.62,0.228,4.385964912280701,77.2,k=0.167 oracle meanKV +logL
contradiction,8k,dense 56M (ladder),sneetches,oracle,24,oracle mean K/V slot,0.167,1,no-bias,1,0.059,0.01,0.048999999999999995,0.979,0.056,0.54,0.228,4.385964912280701,77.2,k=0.167 oracle meanKV no-bias
contradiction,8k,dense 56M (ladder),sneetches,oracle,24,oracle mean K/V slot,0.167,1,+logL-2,1,0.058,0.01,0.048,0.981,0.056,0.62,0.228,4.385964912280701,77.2,k=0.167 oracle meanKV +logL-2
contradiction,8k,dense 56M (ladder),sneetches,oracle,24,oracle mean K/V slot,0.167,1,+logL-1,1,0.058,0.01,0.048,0.98,0.057,0.58,0.228,4.385964912280701,77.2,k=0.167 oracle meanKV +logL-1
contradiction,8k,dense 56M (ladder),sneetches,oracle,24,oracle mean K/V slot,0.167,1,+logL+1,1,0.063,0.01,0.053,0.981,0.062,0.62,0.228,4.385964912280701,77.2,k=0.167 oracle meanKV +logL+1
contradiction,8k,dense 56M (ladder),sneetches,oracle,24,oracle mean K/V slot,0.167,1,+logL+2,1,0.077,0.01,0.067,0.98,0.077,0.58,0.228,4.385964912280701,77.2,k=0.167 oracle meanKV +logL+2
contradiction,8k,dense 56M (ladder),sneetches,oracle,24,soft token (mean embedding),0.167,1,no-bias,0,0.061,0.01,0.051,0.978,0.06,0.58,0.228,4.385964912280701,77.2,k=0.167 soft meanEmb no-bias
contradiction,8k,dense 56M (ladder),sneetches,oracle,24,soft token (mean embedding),0.167,1,+logL,0,0.207,0.01,0.19699999999999998,0.937,0.2,0.21,0.228,4.385964912280701,77.2,k=0.167 soft meanEmb +logL
contradiction,8k,dense 56M (ladder),sneetches,oracle,24,oracle mean K/V slot,0.083,1,+logL,1,0.13,0.01,0.12000000000000001,0.962,0.131,0.42,0.148,6.756756756756757,85.2,k=0.083 oracle meanKV +logL
contradiction,8k,dense 56M (ladder),sneetches,oracle,24,oracle mean K/V slot,0.083,1,no-bias,1,0.119,0.01,0.109,0.965,0.119,0.46,0.148,6.756756756756757,85.2,k=0.083 oracle meanKV no-bias
contradiction,8k,dense 56M (ladder),sneetches,oracle,24,oracle mean K/V slot,0.083,1,+logL-2,1,0.119,0.01,0.109,0.968,0.12,0.5,0.148,6.756756756756757,85.2,k=0.083 oracle meanKV +logL-2
contradiction,8k,dense 56M (ladder),sneetches,oracle,24,oracle mean K/V slot,0.083,1,+logL-1,1,0.124,0.01,0.114,0.965,0.124,0.42,0.148,6.756756756756757,85.2,k=0.083 oracle meanKV +logL-1
contradiction,8k,dense 56M (ladder),sneetches,oracle,24,oracle mean K/V slot,0.083,1,+logL+1,1,0.155,0.01,0.145,0.952,0.155,0.33,0.148,6.756756756756757,85.2,k=0.083 oracle meanKV +logL+1
contradiction,8k,dense 56M (ladder),sneetches,oracle,24,oracle mean K/V slot,0.083,1,+logL+2,1,0.183,0.01,0.173,0.951,0.185,0.33,0.148,6.756756756756757,85.2,k=0.083 oracle meanKV +logL+2
contradiction,8k,dense 56M (ladder),sneetches,oracle,24,soft token (mean embedding),0.083,1,no-bias,0,0.115,0.01,0.10500000000000001,0.965,0.114,0.38,0.148,6.756756756756757,85.2,k=0.083 soft meanEmb no-bias
contradiction,8k,dense 56M (ladder),sneetches,oracle,24,soft token (mean embedding),0.083,1,+logL,0,0.508,0.01,0.498,0.85,0.494,0.0,0.148,6.756756756756757,85.2,k=0.083 soft meanEmb +logL
contradiction,8k,dense 56M (ladder),sneetches,oracle,24,oracle mean K/V slot,0.0,1,+logL,1,0.25,0.01,0.24,0.931,0.244,0.08,0.08,12.5,92.0,k=0.000 oracle meanKV +logL
contradiction,8k,dense 56M (ladder),sneetches,oracle,24,oracle mean K/V slot,0.0,1,no-bias,1,0.246,0.01,0.236,0.93,0.238,0.08,0.08,12.5,92.0,k=0.000 oracle meanKV no-bias
contradiction,8k,dense 56M (ladder),sneetches,oracle,24,oracle mean K/V slot,0.0,1,+logL-2,1,0.246,0.01,0.236,0.931,0.239,0.08,0.08,12.5,92.0,k=0.000 oracle meanKV +logL-2
contradiction,8k,dense 56M (ladder),sneetches,oracle,24,oracle mean K/V slot,0.0,1,+logL-1,1,0.248,0.01,0.238,0.929,0.241,0.08,0.08,12.5,92.0,k=0.000 oracle meanKV +logL-1
contradiction,8k,dense 56M (ladder),sneetches,oracle,24,oracle mean K/V slot,0.0,1,+logL+1,1,0.266,0.01,0.256,0.929,0.258,0.12,0.08,12.5,92.0,k=0.000 oracle meanKV +logL+1
contradiction,8k,dense 56M (ladder),sneetches,oracle,24,oracle mean K/V slot,0.0,1,+logL+2,1,0.294,0.01,0.284,0.926,0.286,0.04,0.08,12.5,92.0,k=0.000 oracle meanKV +logL+2
contradiction,8k,dense 56M (ladder),sneetches,oracle,24,soft token (mean embedding),0.0,1,no-bias,0,0.236,0.01,0.22599999999999998,0.938,0.227,0.12,0.08,12.5,92.0,k=0.000 soft meanEmb no-bias
contradiction,8k,dense 56M (ladder),sneetches,oracle,24,soft token (mean embedding),0.0,1,+logL,0,0.623,0.01,0.613,0.806,0.605,0.0,0.08,12.5,92.0,k=0.000 soft meanEmb +logL
oolong,8k,dense 80M (ladder),sneetches,slot,24,full attention,1.0,1,,0,0.444,0.444,0.0,1.0,0.0,0.38,1.0,1.0,0.0,full
oolong,8k,dense 80M (ladder),sneetches,slot,24,soft token (mean embedding),0.333,1,no-bias,0,0.67,0.444,0.22600000000000003,0.912,0.203,0.42,0.377,2.6525198938992043,62.3,soft k=0.333 no-bias
oolong,8k,dense 80M (ladder),sneetches,slot,24,soft token (mean embedding),0.333,1,+logL,0,0.636,0.444,0.192,0.906,0.188,0.42,0.377,2.6525198938992043,62.3,soft k=0.333 +logL
oolong,8k,dense 80M (ladder),sneetches,slot,24,soft token (mean embedding),0.333,1,+logL-2,0,0.655,0.444,0.21100000000000002,0.912,0.189,0.42,0.377,2.6525198938992043,62.3,soft k=0.333 +logL-2
oolong,8k,dense 80M (ladder),sneetches,slot,24,soft token (mean embedding),0.333,1,+logL-1,0,0.639,0.444,0.195,0.912,0.186,0.42,0.377,2.6525198938992043,62.3,soft k=0.333 +logL-1
oolong,8k,dense 80M (ladder),sneetches,slot,24,soft token (mean embedding),0.333,1,+logL+1,0,0.62,0.444,0.176,0.92,0.182,0.42,0.377,2.6525198938992043,62.3,soft k=0.333 +logL+1
oolong,8k,dense 80M (ladder),sneetches,slot,24,soft token (mean embedding),0.333,1,+logL+2,0,0.615,0.444,0.17099999999999999,0.905,0.199,0.33,0.377,2.6525198938992043,62.3,soft k=0.333 +logL+2
oolong,8k,dense 80M (ladder),sneetches,slot,24,soft token (mean embedding),0.333,1,const=mean logL,0,0.628,0.444,0.184,0.92,0.181,0.42,0.377,2.6525198938992043,62.3,soft k=0.333 const=mean logL
oolong,8k,dense 80M (ladder),sneetches,slot,24,soft token (mean embedding),0.333,1,const-4,0,0.684,0.444,0.24000000000000005,0.912,0.221,0.42,0.377,2.6525198938992043,62.3,soft k=0.333 const-4
oolong,8k,dense 80M (ladder),sneetches,slot,24,soft token (mean embedding),0.333,1,const-2,0,0.688,0.444,0.24399999999999994,0.912,0.222,0.42,0.377,2.6525198938992043,62.3,soft k=0.333 const-2
oolong,8k,dense 80M (ladder),sneetches,slot,24,soft token (mean embedding),0.333,1,const-1,0,0.679,0.444,0.23500000000000004,0.912,0.213,0.42,0.377,2.6525198938992043,62.3,soft k=0.333 const-1
oolong,8k,dense 80M (ladder),sneetches,slot,24,soft token (mean embedding),0.333,1,const+1,0,0.665,0.444,0.22100000000000003,0.912,0.196,0.42,0.377,2.6525198938992043,62.3,soft k=0.333 const+1
oolong,8k,dense 80M (ladder),sneetches,slot,24,soft token (mean embedding),0.167,1,no-bias,0,0.951,0.444,0.5069999999999999,0.925,0.376,0.29,0.219,4.566210045662101,78.10000000000001,soft k=0.167 no-bias
oolong,8k,dense 80M (ladder),sneetches,slot,24,soft token (mean embedding),0.167,1,+logL,0,0.863,0.444,0.419,0.925,0.373,0.29,0.219,4.566210045662101,78.10000000000001,soft k=0.167 +logL
oolong,8k,dense 80M (ladder),sneetches,slot,24,soft token (mean embedding),0.167,1,+logL-2,0,0.896,0.444,0.452,0.925,0.356,0.29,0.219,4.566210045662101,78.10000000000001,soft k=0.167 +logL-2
oolong,8k,dense 80M (ladder),sneetches,slot,24,soft token (mean embedding),0.167,1,+logL-1,0,0.876,0.444,0.432,0.925,0.356,0.29,0.219,4.566210045662101,78.10000000000001,soft k=0.167 +logL-1
oolong,8k,dense 80M (ladder),sneetches,slot,24,soft token (mean embedding),0.167,1,+logL+1,0,0.854,0.444,0.41,0.925,0.376,0.29,0.219,4.566210045662101,78.10000000000001,soft k=0.167 +logL+1
oolong,8k,dense 80M (ladder),sneetches,slot,24,soft token (mean embedding),0.167,1,+logL+2,0,0.828,0.444,0.38399999999999995,0.916,0.371,0.33,0.219,4.566210045662101,78.10000000000001,soft k=0.167 +logL+2
oolong,8k,dense 80M (ladder),sneetches,slot,24,soft token (mean embedding),0.167,1,const=mean logL,0,0.869,0.444,0.425,0.925,0.372,0.29,0.219,4.566210045662101,78.10000000000001,soft k=0.167 const=mean logL
oolong,8k,dense 80M (ladder),sneetches,slot,24,soft token (mean embedding),0.167,1,const-4,0,0.954,0.444,0.51,0.925,0.379,0.29,0.219,4.566210045662101,78.10000000000001,soft k=0.167 const-4
oolong,8k,dense 80M (ladder),sneetches,slot,24,soft token (mean embedding),0.167,1,const-2,0,0.968,0.444,0.524,0.925,0.382,0.29,0.219,4.566210045662101,78.10000000000001,soft k=0.167 const-2
oolong,8k,dense 80M (ladder),sneetches,slot,24,soft token (mean embedding),0.167,1,const-1,0,0.959,0.444,0.5149999999999999,0.925,0.382,0.29,0.219,4.566210045662101,78.10000000000001,soft k=0.167 const-1
oolong,8k,dense 80M (ladder),sneetches,slot,24,soft token (mean embedding),0.167,1,const+1,0,0.923,0.444,0.47900000000000004,0.925,0.365,0.29,0.219,4.566210045662101,78.10000000000001,soft k=0.167 const+1
oolong,8k,dense 80M (ladder),sneetches,slot,24,soft token (mean embedding),0.083,1,no-bias,0,0.912,0.444,0.468,0.882,0.501,0.25,0.137,7.2992700729927,86.3,soft k=0.083 no-bias
oolong,8k,dense 80M (ladder),sneetches,slot,24,soft token (mean embedding),0.083,1,+logL,0,0.876,0.444,0.432,0.888,0.448,0.29,0.137,7.2992700729927,86.3,soft k=0.083 +logL
oolong,8k,dense 80M (ladder),sneetches,slot,24,soft token (mean embedding),0.083,1,+logL-2,0,0.887,0.444,0.443,0.888,0.498,0.25,0.137,7.2992700729927,86.3,soft k=0.083 +logL-2
oolong,8k,dense 80M (ladder),sneetches,slot,24,soft token (mean embedding),0.083,1,+logL-1,0,0.874,0.444,0.43,0.894,0.464,0.29,0.137,7.2992700729927,86.3,soft k=0.083 +logL-1
oolong,8k,dense 80M (ladder),sneetches,slot,24,soft token (mean embedding),0.083,1,+logL+1,0,0.875,0.444,0.431,0.888,0.443,0.29,0.137,7.2992700729927,86.3,soft k=0.083 +logL+1
oolong,8k,dense 80M (ladder),sneetches,slot,24,soft token (mean embedding),0.083,1,+logL+2,0,0.861,0.444,0.417,0.894,0.439,0.38,0.137,7.2992700729927,86.3,soft k=0.083 +logL+2
oolong,8k,dense 80M (ladder),sneetches,slot,24,soft token (mean embedding),0.083,1,const=mean logL,0,0.876,0.444,0.432,0.888,0.455,0.29,0.137,7.2992700729927,86.3,soft k=0.083 const=mean logL
oolong,8k,dense 80M (ladder),sneetches,slot,24,soft token (mean embedding),0.083,1,const-4,0,0.925,0.444,0.48100000000000004,0.882,0.519,0.25,0.137,7.2992700729927,86.3,soft k=0.083 const-4
oolong,8k,dense 80M (ladder),sneetches,slot,24,soft token (mean embedding),0.083,1,const-2,0,0.927,0.444,0.48300000000000004,0.902,0.507,0.25,0.137,7.2992700729927,86.3,soft k=0.083 const-2
oolong,8k,dense 80M (ladder),sneetches,slot,24,soft token (mean embedding),0.083,1,const-1,0,0.925,0.444,0.48100000000000004,0.896,0.502,0.21,0.137,7.2992700729927,86.3,soft k=0.083 const-1
oolong,8k,dense 80M (ladder),sneetches,slot,24,soft token (mean embedding),0.083,1,const+1,0,0.907,0.444,0.463,0.882,0.511,0.25,0.137,7.2992700729927,86.3,soft k=0.083 const+1
oolong,8k,dense 80M (ladder),sneetches,slot,24,soft token (mean embedding),0.0,1,no-bias,0,0.905,0.444,0.461,0.879,0.394,0.25,0.063,15.873015873015873,93.7,soft k=0.000 no-bias
oolong,8k,dense 80M (ladder),sneetches,slot,24,soft token (mean embedding),0.0,1,+logL,0,0.883,0.444,0.439,0.88,0.387,0.33,0.063,15.873015873015873,93.7,soft k=0.000 +logL
oolong,8k,dense 80M (ladder),sneetches,slot,24,soft token (mean embedding),0.0,1,+logL-2,0,0.879,0.444,0.435,0.879,0.377,0.25,0.063,15.873015873015873,93.7,soft k=0.000 +logL-2
oolong,8k,dense 80M (ladder),sneetches,slot,24,soft token (mean embedding),0.0,1,+logL-1,0,0.878,0.444,0.434,0.88,0.376,0.33,0.063,15.873015873015873,93.7,soft k=0.000 +logL-1
oolong,8k,dense 80M (ladder),sneetches,slot,24,soft token (mean embedding),0.0,1,+logL+1,0,0.89,0.444,0.446,0.866,0.401,0.33,0.063,15.873015873015873,93.7,soft k=0.000 +logL+1
oolong,8k,dense 80M (ladder),sneetches,slot,24,soft token (mean embedding),0.0,1,+logL+2,0,0.913,0.444,0.46900000000000003,0.87,0.42,0.42,0.063,15.873015873015873,93.7,soft k=0.000 +logL+2
oolong,8k,dense 80M (ladder),sneetches,slot,24,soft token (mean embedding),0.0,1,const=mean logL,0,0.88,0.444,0.436,0.866,0.388,0.33,0.063,15.873015873015873,93.7,soft k=0.000 const=mean logL
oolong,8k,dense 80M (ladder),sneetches,slot,24,soft token (mean embedding),0.0,1,const-4,0,0.908,0.444,0.464,0.879,0.391,0.25,0.063,15.873015873015873,93.7,soft k=0.000 const-4
oolong,8k,dense 80M (ladder),sneetches,slot,24,soft token (mean embedding),0.0,1,const-2,0,0.905,0.444,0.461,0.879,0.393,0.25,0.063,15.873015873015873,93.7,soft k=0.000 const-2
oolong,8k,dense 80M (ladder),sneetches,slot,24,soft token (mean embedding),0.0,1,const-1,0,0.902,0.444,0.458,0.879,0.39,0.25,0.063,15.873015873015873,93.7,soft k=0.000 const-1
oolong,8k,dense 80M (ladder),sneetches,slot,24,soft token (mean embedding),0.0,1,const+1,0,0.888,0.444,0.444,0.879,0.383,0.25,0.063,15.873015873015873,93.7,soft k=0.000 const+1
oolong,8k,dense 80M (ladder),sneetches,oracle,24,full attention,1.0,1,,0,0.444,0.444,0.0,1.0,0.0,0.38,1.0,1.0,0.0,full
oolong,8k,dense 80M (ladder),sneetches,oracle,24,oracle mean K/V slot,0.333,1,+logL,1,0.694,0.444,0.24999999999999994,0.912,0.222,0.42,0.377,2.6525198938992043,62.3,k=0.333 oracle meanKV +logL
oolong,8k,dense 80M (ladder),sneetches,oracle,24,oracle mean K/V slot,0.333,1,no-bias,1,0.688,0.444,0.24399999999999994,0.912,0.22,0.42,0.377,2.6525198938992043,62.3,k=0.333 oracle meanKV no-bias
oolong,8k,dense 80M (ladder),sneetches,oracle,24,oracle mean K/V slot,0.333,1,+logL-2,1,0.692,0.444,0.24799999999999994,0.912,0.223,0.42,0.377,2.6525198938992043,62.3,k=0.333 oracle meanKV +logL-2
oolong,8k,dense 80M (ladder),sneetches,oracle,24,oracle mean K/V slot,0.333,1,+logL-1,1,0.693,0.444,0.24899999999999994,0.912,0.225,0.42,0.377,2.6525198938992043,62.3,k=0.333 oracle meanKV +logL-1
oolong,8k,dense 80M (ladder),sneetches,oracle,24,oracle mean K/V slot,0.333,1,+logL+1,1,0.692,0.444,0.24799999999999994,0.912,0.218,0.42,0.377,2.6525198938992043,62.3,k=0.333 oracle meanKV +logL+1
oolong,8k,dense 80M (ladder),sneetches,oracle,24,oracle mean K/V slot,0.333,1,+logL+2,1,0.686,0.444,0.24200000000000005,0.912,0.203,0.42,0.377,2.6525198938992043,62.3,k=0.333 oracle meanKV +logL+2
oolong,8k,dense 80M (ladder),sneetches,oracle,24,soft token (mean embedding),0.333,1,no-bias,0,0.67,0.444,0.22600000000000003,0.912,0.202,0.42,0.377,2.6525198938992043,62.3,k=0.333 soft meanEmb no-bias
oolong,8k,dense 80M (ladder),sneetches,oracle,24,soft token (mean embedding),0.333,1,+logL,0,0.635,0.444,0.191,0.926,0.187,0.42,0.377,2.6525198938992043,62.3,k=0.333 soft meanEmb +logL
oolong,8k,dense 80M (ladder),sneetches,oracle,24,oracle mean K/V slot,0.167,1,+logL,1,0.985,0.444,0.5409999999999999,0.925,0.394,0.29,0.219,4.566210045662101,78.10000000000001,k=0.167 oracle meanKV +logL
oolong,8k,dense 80M (ladder),sneetches,oracle,24,oracle mean K/V slot,0.167,1,no-bias,1,0.955,0.444,0.5109999999999999,0.925,0.378,0.29,0.219,4.566210045662101,78.10000000000001,k=0.167 oracle meanKV no-bias
oolong,8k,dense 80M (ladder),sneetches,oracle,24,oracle mean K/V slot,0.167,1,+logL-2,1,0.964,0.444,0.52,0.925,0.382,0.29,0.219,4.566210045662101,78.10000000000001,k=0.167 oracle meanKV +logL-2
oolong,8k,dense 80M (ladder),sneetches,oracle,24,oracle mean K/V slot,0.167,1,+logL-1,1,0.972,0.444,0.528,0.925,0.386,0.29,0.219,4.566210045662101,78.10000000000001,k=0.167 oracle meanKV +logL-1
oolong,8k,dense 80M (ladder),sneetches,oracle,24,oracle mean K/V slot,0.167,1,+logL+1,1,0.999,0.444,0.5549999999999999,0.925,0.399,0.29,0.219,4.566210045662101,78.10000000000001,k=0.167 oracle meanKV +logL+1
oolong,8k,dense 80M (ladder),sneetches,oracle,24,oracle mean K/V slot,0.167,1,+logL+2,1,1.017,0.444,0.573,0.925,0.406,0.29,0.219,4.566210045662101,78.10000000000001,k=0.167 oracle meanKV +logL+2
oolong,8k,dense 80M (ladder),sneetches,oracle,24,soft token (mean embedding),0.167,1,no-bias,0,0.954,0.444,0.51,0.925,0.376,0.29,0.219,4.566210045662101,78.10000000000001,k=0.167 soft meanEmb no-bias
oolong,8k,dense 80M (ladder),sneetches,oracle,24,soft token (mean embedding),0.167,1,+logL,0,0.864,0.444,0.42,0.925,0.374,0.29,0.219,4.566210045662101,78.10000000000001,k=0.167 soft meanEmb +logL
oolong,8k,dense 80M (ladder),sneetches,oracle,24,oracle mean K/V slot,0.083,1,+logL,1,0.943,0.444,0.49899999999999994,0.896,0.528,0.21,0.137,7.2992700729927,86.3,k=0.083 oracle meanKV +logL
oolong,8k,dense 80M (ladder),sneetches,oracle,24,oracle mean K/V slot,0.083,1,no-bias,1,0.914,0.444,0.47000000000000003,0.882,0.513,0.25,0.137,7.2992700729927,86.3,k=0.083 oracle meanKV no-bias
oolong,8k,dense 80M (ladder),sneetches,oracle,24,oracle mean K/V slot,0.083,1,+logL-2,1,0.928,0.444,0.48400000000000004,0.882,0.521,0.25,0.137,7.2992700729927,86.3,k=0.083 oracle meanKV +logL-2
oolong,8k,dense 80M (ladder),sneetches,oracle,24,oracle mean K/V slot,0.083,1,+logL-1,1,0.933,0.444,0.48900000000000005,0.882,0.525,0.25,0.137,7.2992700729927,86.3,k=0.083 oracle meanKV +logL-1
oolong,8k,dense 80M (ladder),sneetches,oracle,24,oracle mean K/V slot,0.083,1,+logL+1,1,0.949,0.444,0.5049999999999999,0.916,0.534,0.29,0.137,7.2992700729927,86.3,k=0.083 oracle meanKV +logL+1
oolong,8k,dense 80M (ladder),sneetches,oracle,24,oracle mean K/V slot,0.083,1,+logL+2,1,0.953,0.444,0.5089999999999999,0.916,0.527,0.29,0.137,7.2992700729927,86.3,k=0.083 oracle meanKV +logL+2
oolong,8k,dense 80M (ladder),sneetches,oracle,24,soft token (mean embedding),0.083,1,no-bias,0,0.914,0.444,0.47000000000000003,0.882,0.504,0.25,0.137,7.2992700729927,86.3,k=0.083 soft meanEmb no-bias
oolong,8k,dense 80M (ladder),sneetches,oracle,24,soft token (mean embedding),0.083,1,+logL,0,0.877,0.444,0.433,0.888,0.455,0.29,0.137,7.2992700729927,86.3,k=0.083 soft meanEmb +logL
oolong,8k,dense 80M (ladder),sneetches,oracle,24,oracle mean K/V slot,0.0,1,+logL,1,0.944,0.444,0.49999999999999994,0.879,0.427,0.25,0.063,15.873015873015873,93.7,k=0.000 oracle meanKV +logL
oolong,8k,dense 80M (ladder),sneetches,oracle,24,oracle mean K/V slot,0.0,1,no-bias,1,0.902,0.444,0.458,0.879,0.39,0.25,0.063,15.873015873015873,93.7,k=0.000 oracle meanKV no-bias
oolong,8k,dense 80M (ladder),sneetches,oracle,24,oracle mean K/V slot,0.0,1,+logL-2,1,0.907,0.444,0.463,0.879,0.394,0.25,0.063,15.873015873015873,93.7,k=0.000 oracle meanKV +logL-2
oolong,8k,dense 80M (ladder),sneetches,oracle,24,oracle mean K/V slot,0.0,1,+logL-1,1,0.918,0.444,0.47400000000000003,0.879,0.404,0.25,0.063,15.873015873015873,93.7,k=0.000 oracle meanKV +logL-1
oolong,8k,dense 80M (ladder),sneetches,oracle,24,oracle mean K/V slot,0.0,1,+logL+1,1,0.973,0.444,0.5289999999999999,0.868,0.458,0.25,0.063,15.873015873015873,93.7,k=0.000 oracle meanKV +logL+1
oolong,8k,dense 80M (ladder),sneetches,oracle,24,oracle mean K/V slot,0.0,1,+logL+2,1,0.993,0.444,0.5489999999999999,0.844,0.483,0.25,0.063,15.873015873015873,93.7,k=0.000 oracle meanKV +logL+2
oolong,8k,dense 80M (ladder),sneetches,oracle,24,soft token (mean embedding),0.0,1,no-bias,0,0.904,0.444,0.46,0.879,0.394,0.25,0.063,15.873015873015873,93.7,k=0.000 soft meanEmb no-bias
oolong,8k,dense 80M (ladder),sneetches,oracle,24,soft token (mean embedding),0.0,1,+logL,0,0.878,0.444,0.434,0.87,0.387,0.33,0.063,15.873015873015873,93.7,k=0.000 soft meanEmb +logL
contradiction,32k,dense 56M (ladder),sneetches,ceiling,24,full attention,1.0,1,,0,0.071,0.071,0.0,1.0,0.0,0.58,1.0,1.0,0.0,full
contradiction,32k,dense 56M (ladder),sneetches,ceiling,24,soft token (mean embedding),0.333,1,no-bias,0,0.11,0.071,0.03900000000000001,0.962,0.123,0.29,0.352,2.8409090909090913,64.8,G=1 k=0.333 soft meanEmb no-bias
contradiction,32k,dense 56M (ladder),sneetches,ceiling,24,soft token (mean embedding),0.333,1,+logL+0,0,0.205,0.071,0.134,0.928,0.207,0.04,0.352,2.8409090909090913,64.8,G=1 k=0.333 soft meanEmb +logL+0
contradiction,32k,dense 56M (ladder),sneetches,ceiling,24,oracle mean K/V slot,0.333,1,+logL+0,1,0.094,0.071,0.023000000000000007,0.961,0.127,0.38,0.352,2.8409090909090913,64.8,G=1 k=0.333 oracle meanKV +logL+0
contradiction,32k,dense 56M (ladder),sneetches,ceiling,24,oracle mean K/V slot,0.333,1,no-bias,1,0.108,0.071,0.037000000000000005,0.965,0.118,0.38,0.352,2.8409090909090913,64.8,G=1 k=0.333 oracle meanKV no-bias
contradiction,32k,dense 56M (ladder),sneetches,ceiling,24,"fitted log-mass slot (k*, v*, c)",0.333,1,fitted c,1,0.105,0.071,0.034,0.953,0.142,0.29,0.352,2.8409090909090913,64.8,"G=1 k=0.333 fitted slot (k*, v*, c)"
contradiction,32k,dense 56M (ladder),sneetches,ceiling,24,soft token (mean embedding),0.083,1,no-bias,0,0.367,0.071,0.296,0.891,0.373,0.04,0.117,8.547008547008547,88.3,G=1 k=0.083 soft meanEmb no-bias
contradiction,32k,dense 56M (ladder),sneetches,ceiling,24,soft token (mean embedding),0.083,1,+logL+0,0,0.816,0.071,0.745,0.765,0.794,0.0,0.117,8.547008547008547,88.3,G=1 k=0.083 soft meanEmb +logL+0
contradiction,32k,dense 56M (ladder),sneetches,ceiling,24,oracle mean K/V slot,0.083,1,+logL+0,1,0.374,0.071,0.303,0.893,0.394,0.04,0.117,8.547008547008547,88.3,G=1 k=0.083 oracle meanKV +logL+0
contradiction,32k,dense 56M (ladder),sneetches,ceiling,24,oracle mean K/V slot,0.083,1,no-bias,1,0.358,0.071,0.287,0.898,0.36,0.04,0.117,8.547008547008547,88.3,G=1 k=0.083 oracle meanKV no-bias
contradiction,32k,dense 56M (ladder),sneetches,ceiling,24,"fitted log-mass slot (k*, v*, c)",0.083,1,fitted c,1,0.472,0.071,0.40099999999999997,0.869,0.504,0.04,0.117,8.547008547008547,88.3,"G=1 k=0.083 fitted slot (k*, v*, c)"
contradiction,32k,dense 56M (ladder),sneetches,ceiling,24,soft token (mean embedding),0.333,2,no-bias,0,0.125,0.071,0.054000000000000006,0.951,0.136,0.21,0.367,2.7247956403269757,63.3,G=2 k=0.333 soft meanEmb no-bias
contradiction,32k,dense 56M (ladder),sneetches,ceiling,24,soft token (mean embedding),0.333,2,+logL+0,0,0.218,0.071,0.14700000000000002,0.93,0.227,0.08,0.367,2.7247956403269757,63.3,G=2 k=0.333 soft meanEmb +logL+0
contradiction,32k,dense 56M (ladder),sneetches,ceiling,24,oracle mean K/V slot,0.333,2,+logL+0,1,0.115,0.071,0.04400000000000001,0.954,0.141,0.25,0.367,2.7247956403269757,63.3,G=2 k=0.333 oracle meanKV +logL+0
contradiction,32k,dense 56M (ladder),sneetches,ceiling,24,oracle mean K/V slot,0.333,2,no-bias,1,0.128,0.071,0.05700000000000001,0.959,0.137,0.25,0.367,2.7247956403269757,63.3,G=2 k=0.333 oracle meanKV no-bias
contradiction,32k,dense 56M (ladder),sneetches,ceiling,24,"fitted log-mass slot (k*, v*, c)",0.333,2,fitted c,1,0.11,0.071,0.03900000000000001,0.954,0.142,0.21,0.367,2.7247956403269757,63.3,"G=2 k=0.333 fitted slot (k*, v*, c)"
contradiction,32k,dense 56M (ladder),sneetches,ceiling,24,soft token (mean embedding),0.083,2,no-bias,0,0.538,0.071,0.467,0.855,0.541,0.0,0.137,7.2992700729927,86.3,G=2 k=0.083 soft meanEmb no-bias
contradiction,32k,dense 56M (ladder),sneetches,ceiling,24,soft token (mean embedding),0.083,2,+logL+0,0,0.777,0.071,0.7060000000000001,0.786,0.741,0.0,0.137,7.2992700729927,86.3,G=2 k=0.083 soft meanEmb +logL+0
contradiction,32k,dense 56M (ladder),sneetches,ceiling,24,oracle mean K/V slot,0.083,2,+logL+0,1,0.525,0.071,0.454,0.852,0.552,0.0,0.137,7.2992700729927,86.3,G=2 k=0.083 oracle meanKV +logL+0
contradiction,32k,dense 56M (ladder),sneetches,ceiling,24,oracle mean K/V slot,0.083,2,no-bias,1,0.52,0.071,0.449,0.848,0.533,0.0,0.137,7.2992700729927,86.3,G=2 k=0.083 oracle meanKV no-bias
contradiction,32k,dense 56M (ladder),sneetches,ceiling,24,"fitted log-mass slot (k*, v*, c)",0.083,2,fitted c,1,0.583,0.071,0.512,0.849,0.591,0.0,0.137,7.2992700729927,86.3,"G=2 k=0.083 fitted slot (k*, v*, c)"
contradiction,32k,dense 56M (ladder),sneetches,ceiling,24,soft token (mean embedding),0.333,4,no-bias,0,0.12,0.071,0.049,0.952,0.134,0.12,0.397,2.5188916876574305,60.3,G=4 k=0.333 soft meanEmb no-bias
contradiction,32k,dense 56M (ladder),sneetches,ceiling,24,soft token (mean embedding),0.333,4,+logL+0,0,0.17,0.071,0.09900000000000002,0.942,0.187,0.08,0.397,2.5188916876574305,60.3,G=4 k=0.333 soft meanEmb +logL+0
contradiction,32k,dense 56M (ladder),sneetches,ceiling,24,oracle mean K/V slot,0.333,4,+logL+0,1,0.123,0.071,0.052000000000000005,0.947,0.151,0.12,0.397,2.5188916876574305,60.3,G=4 k=0.333 oracle meanKV +logL+0
contradiction,32k,dense 56M (ladder),sneetches,ceiling,24,oracle mean K/V slot,0.333,4,no-bias,1,0.127,0.071,0.05600000000000001,0.955,0.141,0.21,0.397,2.5188916876574305,60.3,G=4 k=0.333 oracle meanKV no-bias
contradiction,32k,dense 56M (ladder),sneetches,ceiling,24,"fitted log-mass slot (k*, v*, c)",0.333,4,fitted c,1,0.121,0.071,0.05,0.951,0.144,0.33,0.397,2.5188916876574305,60.3,"G=4 k=0.333 fitted slot (k*, v*, c)"
contradiction,32k,dense 56M (ladder),sneetches,ceiling,24,soft token (mean embedding),0.083,4,no-bias,0,0.599,0.071,0.528,0.839,0.596,0.0,0.178,5.617977528089888,82.2,G=4 k=0.083 soft meanEmb no-bias
contradiction,32k,dense 56M (ladder),sneetches,ceiling,24,soft token (mean embedding),0.083,4,+logL+0,0,0.706,0.071,0.635,0.793,0.698,0.0,0.178,5.617977528089888,82.2,G=4 k=0.083 soft meanEmb +logL+0
contradiction,32k,dense 56M (ladder),sneetches,ceiling,24,oracle mean K/V slot,0.083,4,+logL+0,1,0.509,0.071,0.438,0.852,0.534,0.0,0.178,5.617977528089888,82.2,G=4 k=0.083 oracle meanKV +logL+0
contradiction,32k,dense 56M (ladder),sneetches,ceiling,24,oracle mean K/V slot,0.083,4,no-bias,1,0.549,0.071,0.47800000000000004,0.846,0.549,0.0,0.178,5.617977528089888,82.2,G=4 k=0.083 oracle meanKV no-bias
contradiction,32k,dense 56M (ladder),sneetches,ceiling,24,"fitted log-mass slot (k*, v*, c)",0.083,4,fitted c,1,0.532,0.071,0.461,0.85,0.538,0.04,0.178,5.617977528089888,82.2,"G=4 k=0.083 fitted slot (k*, v*, c)"
contradiction,32k,dense 56M (ladder),sneetches,ceiling,24,soft token (mean embedding),0.333,8,no-bias,0,0.116,0.071,0.04500000000000001,0.947,0.153,0.08,0.454,2.202643171806167,54.6,G=8 k=0.333 soft meanEmb no-bias
contradiction,32k,dense 56M (ladder),sneetches,ceiling,24,soft token (mean embedding),0.333,8,+logL+0,0,0.156,0.071,0.085,0.941,0.184,0.17,0.454,2.202643171806167,54.6,G=8 k=0.333 soft meanEmb +logL+0
contradiction,32k,dense 56M (ladder),sneetches,ceiling,24,oracle mean K/V slot,0.333,8,+logL+0,1,0.156,0.071,0.085,0.942,0.176,0.08,0.454,2.202643171806167,54.6,G=8 k=0.333 oracle meanKV +logL+0
contradiction,32k,dense 56M (ladder),sneetches,ceiling,24,oracle mean K/V slot,0.333,8,no-bias,1,0.155,0.071,0.084,0.937,0.178,0.0,0.454,2.202643171806167,54.6,G=8 k=0.333 oracle meanKV no-bias
contradiction,32k,dense 56M (ladder),sneetches,ceiling,24,"fitted log-mass slot (k*, v*, c)",0.333,8,fitted c,1,0.191,0.071,0.12000000000000001,0.945,0.18,0.17,0.454,2.202643171806167,54.6,"G=8 k=0.333 fitted slot (k*, v*, c)"
contradiction,32k,dense 56M (ladder),sneetches,ceiling,24,soft token (mean embedding),0.083,8,no-bias,0,0.543,0.071,0.47200000000000003,0.863,0.558,0.0,0.256,3.90625,74.4,G=8 k=0.083 soft meanEmb no-bias
contradiction,32k,dense 56M (ladder),sneetches,ceiling,24,soft token (mean embedding),0.083,8,+logL+0,0,0.62,0.071,0.549,0.832,0.618,0.0,0.256,3.90625,74.4,G=8 k=0.083 soft meanEmb +logL+0
contradiction,32k,dense 56M (ladder),sneetches,ceiling,24,oracle mean K/V slot,0.083,8,+logL+0,1,0.456,0.071,0.385,0.866,0.457,0.04,0.256,3.90625,74.4,G=8 k=0.083 oracle meanKV +logL+0
contradiction,32k,dense 56M (ladder),sneetches,ceiling,24,oracle mean K/V slot,0.083,8,no-bias,1,0.514,0.071,0.443,0.856,0.514,0.04,0.256,3.90625,74.4,G=8 k=0.083 oracle meanKV no-bias
contradiction,32k,dense 56M (ladder),sneetches,ceiling,24,"fitted log-mass slot (k*, v*, c)",0.083,8,fitted c,1,0.419,0.071,0.348,0.887,0.388,0.04,0.256,3.90625,74.4,"G=8 k=0.083 fitted slot (k*, v*, c)"
oolong,32k,dense 80M (ladder),sneetches,ceiling,24,full attention,1.0,1,,0,0.507,0.507,0.0,1.0,0.0,0.29,1.0,1.0,0.0,full
oolong,32k,dense 80M (ladder),sneetches,ceiling,24,soft token (mean embedding),0.333,1,no-bias,0,0.757,0.507,0.25,0.922,0.196,0.33,0.35,2.857142857142857,65.0,G=1 k=0.333 soft meanEmb no-bias
oolong,32k,dense 80M (ladder),sneetches,ceiling,24,soft token (mean embedding),0.333,1,+logL+2,0,0.793,0.507,0.28600000000000003,0.897,0.226,0.33,0.35,2.857142857142857,65.0,G=1 k=0.333 soft meanEmb +logL+2
oolong,32k,dense 80M (ladder),sneetches,ceiling,24,oracle mean K/V slot,0.333,1,+logL+2,1,0.754,0.507,0.247,0.884,0.214,0.29,0.35,2.857142857142857,65.0,G=1 k=0.333 oracle meanKV +logL+2
oolong,32k,dense 80M (ladder),sneetches,ceiling,24,oracle mean K/V slot,0.333,1,no-bias,1,0.763,0.507,0.256,0.905,0.204,0.29,0.35,2.857142857142857,65.0,G=1 k=0.333 oracle meanKV no-bias
oolong,32k,dense 80M (ladder),sneetches,ceiling,24,"fitted log-mass slot (k*, v*, c)",0.333,1,fitted c,1,0.75,0.507,0.243,0.894,0.201,0.33,0.35,2.857142857142857,65.0,"G=1 k=0.333 fitted slot (k*, v*, c)"
oolong,32k,dense 80M (ladder),sneetches,ceiling,24,soft token (mean embedding),0.083,1,no-bias,0,0.981,0.507,0.474,0.843,0.424,0.25,0.113,8.849557522123893,88.7,G=1 k=0.083 soft meanEmb no-bias
oolong,32k,dense 80M (ladder),sneetches,ceiling,24,soft token (mean embedding),0.083,1,+logL+2,0,0.848,0.507,0.34099999999999997,0.81,0.322,0.21,0.113,8.849557522123893,88.7,G=1 k=0.083 soft meanEmb +logL+2
oolong,32k,dense 80M (ladder),sneetches,ceiling,24,oracle mean K/V slot,0.083,1,+logL+2,1,0.952,0.507,0.44499999999999995,0.843,0.436,0.25,0.113,8.849557522123893,88.7,G=1 k=0.083 oracle meanKV +logL+2
oolong,32k,dense 80M (ladder),sneetches,ceiling,24,oracle mean K/V slot,0.083,1,no-bias,1,1.008,0.507,0.501,0.843,0.45,0.25,0.113,8.849557522123893,88.7,G=1 k=0.083 oracle meanKV no-bias
oolong,32k,dense 80M (ladder),sneetches,ceiling,24,"fitted log-mass slot (k*, v*, c)",0.083,1,fitted c,1,0.924,0.507,0.41700000000000004,0.843,0.413,0.25,0.113,8.849557522123893,88.7,"G=1 k=0.083 fitted slot (k*, v*, c)"
oolong,32k,dense 80M (ladder),sneetches,ceiling,24,soft token (mean embedding),0.333,2,no-bias,0,0.775,0.507,0.268,0.902,0.191,0.29,0.365,2.73972602739726,63.5,G=2 k=0.333 soft meanEmb no-bias
oolong,32k,dense 80M (ladder),sneetches,ceiling,24,soft token (mean embedding),0.333,2,+logL+2,0,0.8,0.507,0.29300000000000004,0.865,0.205,0.25,0.365,2.73972602739726,63.5,G=2 k=0.333 soft meanEmb +logL+2
oolong,32k,dense 80M (ladder),sneetches,ceiling,24,oracle mean K/V slot,0.333,2,+logL+2,1,0.757,0.507,0.25,0.902,0.209,0.29,0.365,2.73972602739726,63.5,G=2 k=0.333 oracle meanKV +logL+2
oolong,32k,dense 80M (ladder),sneetches,ceiling,24,oracle mean K/V slot,0.333,2,no-bias,1,0.769,0.507,0.262,0.908,0.194,0.33,0.365,2.73972602739726,63.5,G=2 k=0.333 oracle meanKV no-bias
oolong,32k,dense 80M (ladder),sneetches,ceiling,24,"fitted log-mass slot (k*, v*, c)",0.333,2,fitted c,1,0.746,0.507,0.239,0.909,0.19,0.29,0.365,2.73972602739726,63.5,"G=2 k=0.333 fitted slot (k*, v*, c)"
oolong,32k,dense 80M (ladder),sneetches,ceiling,24,soft token (mean embedding),0.083,2,no-bias,0,1.007,0.507,0.4999999999999999,0.843,0.431,0.25,0.133,7.518796992481203,86.7,G=2 k=0.083 soft meanEmb no-bias
oolong,32k,dense 80M (ladder),sneetches,ceiling,24,soft token (mean embedding),0.083,2,+logL+2,0,0.81,0.507,0.30300000000000005,0.845,0.264,0.21,0.133,7.518796992481203,86.7,G=2 k=0.083 soft meanEmb +logL+2
oolong,32k,dense 80M (ladder),sneetches,ceiling,24,oracle mean K/V slot,0.083,2,+logL+2,1,0.897,0.507,0.39,0.851,0.376,0.25,0.133,7.518796992481203,86.7,G=2 k=0.083 oracle meanKV +logL+2
oolong,32k,dense 80M (ladder),sneetches,ceiling,24,oracle mean K/V slot,0.083,2,no-bias,1,1.015,0.507,0.5079999999999999,0.843,0.445,0.25,0.133,7.518796992481203,86.7,G=2 k=0.083 oracle meanKV no-bias
oolong,32k,dense 80M (ladder),sneetches,ceiling,24,"fitted log-mass slot (k*, v*, c)",0.083,2,fitted c,1,0.9,0.507,0.393,0.851,0.377,0.25,0.133,7.518796992481203,86.7,"G=2 k=0.083 fitted slot (k*, v*, c)"
oolong,32k,dense 80M (ladder),sneetches,ceiling,24,soft token (mean embedding),0.333,4,no-bias,0,0.774,0.507,0.267,0.915,0.183,0.29,0.395,2.531645569620253,60.5,G=4 k=0.333 soft meanEmb no-bias
oolong,32k,dense 80M (ladder),sneetches,ceiling,24,soft token (mean embedding),0.333,4,+logL+2,0,0.796,0.507,0.28900000000000003,0.903,0.23,0.29,0.395,2.531645569620253,60.5,G=4 k=0.333 soft meanEmb +logL+2
oolong,32k,dense 80M (ladder),sneetches,ceiling,24,oracle mean K/V slot,0.333,4,+logL+2,1,0.776,0.507,0.269,0.891,0.2,0.29,0.395,2.531645569620253,60.5,G=4 k=0.333 oracle meanKV +logL+2
oolong,32k,dense 80M (ladder),sneetches,ceiling,24,oracle mean K/V slot,0.333,4,no-bias,1,0.774,0.507,0.267,0.912,0.191,0.29,0.395,2.531645569620253,60.5,G=4 k=0.333 oracle meanKV no-bias
oolong,32k,dense 80M (ladder),sneetches,ceiling,24,"fitted log-mass slot (k*, v*, c)",0.333,4,fitted c,1,0.759,0.507,0.252,0.909,0.184,0.29,0.395,2.531645569620253,60.5,"G=4 k=0.333 fitted slot (k*, v*, c)"
oolong,32k,dense 80M (ladder),sneetches,ceiling,24,soft token (mean embedding),0.083,4,no-bias,0,0.972,0.507,0.46499999999999997,0.843,0.405,0.25,0.174,5.74712643678161,82.60000000000001,G=4 k=0.083 soft meanEmb no-bias
oolong,32k,dense 80M (ladder),sneetches,ceiling,24,soft token (mean embedding),0.083,4,+logL+2,0,0.827,0.507,0.31999999999999995,0.832,0.311,0.25,0.174,5.74712643678161,82.60000000000001,G=4 k=0.083 soft meanEmb +logL+2
oolong,32k,dense 80M (ladder),sneetches,ceiling,24,oracle mean K/V slot,0.083,4,+logL+2,1,0.834,0.507,0.32699999999999996,0.843,0.294,0.29,0.174,5.74712643678161,82.60000000000001,G=4 k=0.083 oracle meanKV +logL+2
oolong,32k,dense 80M (ladder),sneetches,ceiling,24,oracle mean K/V slot,0.083,4,no-bias,1,0.974,0.507,0.46699999999999997,0.843,0.404,0.25,0.174,5.74712643678161,82.60000000000001,G=4 k=0.083 oracle meanKV no-bias
oolong,32k,dense 80M (ladder),sneetches,ceiling,24,"fitted log-mass slot (k*, v*, c)",0.083,4,fitted c,1,0.862,0.507,0.355,0.851,0.326,0.25,0.174,5.74712643678161,82.60000000000001,"G=4 k=0.083 fitted slot (k*, v*, c)"
oolong,32k,dense 80M (ladder),sneetches,ceiling,24,soft token (mean embedding),0.333,8,no-bias,0,0.769,0.507,0.262,0.911,0.192,0.29,0.455,2.1978021978021975,54.49999999999999,G=8 k=0.333 soft meanEmb no-bias
oolong,32k,dense 80M (ladder),sneetches,ceiling,24,soft token (mean embedding),0.333,8,+logL+2,0,0.767,0.507,0.26,0.901,0.196,0.25,0.455,2.1978021978021975,54.49999999999999,G=8 k=0.333 soft meanEmb +logL+2
oolong,32k,dense 80M (ladder),sneetches,ceiling,24,oracle mean K/V slot,0.333,8,+logL+2,1,0.757,0.507,0.25,0.911,0.162,0.33,0.455,2.1978021978021975,54.49999999999999,G=8 k=0.333 oracle meanKV +logL+2
oolong,32k,dense 80M (ladder),sneetches,ceiling,24,oracle mean K/V slot,0.333,8,no-bias,1,0.767,0.507,0.26,0.905,0.186,0.29,0.455,2.1978021978021975,54.49999999999999,G=8 k=0.333 oracle meanKV no-bias
oolong,32k,dense 80M (ladder),sneetches,ceiling,24,"fitted log-mass slot (k*, v*, c)",0.333,8,fitted c,1,0.744,0.507,0.237,0.932,0.154,0.29,0.455,2.1978021978021975,54.49999999999999,"G=8 k=0.333 fitted slot (k*, v*, c)"
oolong,32k,dense 80M (ladder),sneetches,ceiling,24,soft token (mean embedding),0.083,8,no-bias,0,0.922,0.507,0.41500000000000004,0.843,0.365,0.25,0.255,3.9215686274509802,74.5,G=8 k=0.083 soft meanEmb no-bias
oolong,32k,dense 80M (ladder),sneetches,ceiling,24,soft token (mean embedding),0.083,8,+logL+2,0,0.837,0.507,0.32999999999999996,0.843,0.318,0.25,0.255,3.9215686274509802,74.5,G=8 k=0.083 soft meanEmb +logL+2
oolong,32k,dense 80M (ladder),sneetches,ceiling,24,oracle mean K/V slot,0.083,8,+logL+2,1,0.784,0.507,0.277,0.855,0.212,0.29,0.255,3.9215686274509802,74.5,G=8 k=0.083 oracle meanKV +logL+2
oolong,32k,dense 80M (ladder),sneetches,ceiling,24,oracle mean K/V slot,0.083,8,no-bias,1,0.92,0.507,0.41300000000000003,0.839,0.349,0.25,0.255,3.9215686274509802,74.5,G=8 k=0.083 oracle meanKV no-bias
oolong,32k,dense 80M (ladder),sneetches,ceiling,24,"fitted log-mass slot (k*, v*, c)",0.083,8,fitted c,1,0.78,0.507,0.273,0.864,0.232,0.29,0.255,3.9215686274509802,74.5,"G=8 k=0.083 fitted slot (k*, v*, c)"
contradiction,8k,dense 56M (ladder),sneetches,ceiling,24,full attention,1.0,1,,0,0.01,0.01,0.0,1.0,0.0,0.92,1.0,1.0,0.0,full
contradiction,8k,dense 56M (ladder),sneetches,ceiling,24,soft token (mean embedding),0.333,1,no-bias,0,0.027,0.01,0.017,0.991,0.022,0.83,0.373,2.680965147453083,62.7,G=1 k=0.333 soft meanEmb no-bias
contradiction,8k,dense 56M (ladder),sneetches,ceiling,24,soft token (mean embedding),0.333,1,+logL+0,0,0.101,0.01,0.09100000000000001,0.973,0.092,0.42,0.373,2.680965147453083,62.7,G=1 k=0.333 soft meanEmb +logL+0
contradiction,8k,dense 56M (ladder),sneetches,ceiling,24,oracle mean K/V slot,0.333,1,+logL+0,1,0.026,0.01,0.016,0.989,0.022,0.71,0.373,2.680965147453083,62.7,G=1 k=0.333 oracle meanKV +logL+0
contradiction,8k,dense 56M (ladder),sneetches,ceiling,24,oracle mean K/V slot,0.333,1,no-bias,1,0.028,0.01,0.018000000000000002,0.988,0.023,0.71,0.373,2.680965147453083,62.7,G=1 k=0.333 oracle meanKV no-bias
contradiction,8k,dense 56M (ladder),sneetches,ceiling,24,"fitted log-mass slot (k*, v*, c)",0.333,1,fitted c,1,0.049,0.01,0.039,0.981,0.042,0.62,0.373,2.680965147453083,62.7,"G=1 k=0.333 fitted slot (k*, v*, c)"
contradiction,8k,dense 56M (ladder),sneetches,ceiling,24,soft token (mean embedding),0.083,1,no-bias,0,0.102,0.01,0.092,0.973,0.095,0.46,0.158,6.329113924050633,84.2,G=1 k=0.083 soft meanEmb no-bias
contradiction,8k,dense 56M (ladder),sneetches,ceiling,24,soft token (mean embedding),0.083,1,+logL+0,0,0.501,0.01,0.491,0.857,0.481,0.0,0.158,6.329113924050633,84.2,G=1 k=0.083 soft meanEmb +logL+0
contradiction,8k,dense 56M (ladder),sneetches,ceiling,24,oracle mean K/V slot,0.083,1,+logL+0,1,0.109,0.01,0.099,0.965,0.106,0.42,0.158,6.329113924050633,84.2,G=1 k=0.083 oracle meanKV +logL+0
contradiction,8k,dense 56M (ladder),sneetches,ceiling,24,oracle mean K/V slot,0.083,1,no-bias,1,0.098,0.01,0.08800000000000001,0.971,0.094,0.42,0.158,6.329113924050633,84.2,G=1 k=0.083 oracle meanKV no-bias
contradiction,8k,dense 56M (ladder),sneetches,ceiling,24,"fitted log-mass slot (k*, v*, c)",0.083,1,fitted c,1,0.195,0.01,0.185,0.942,0.188,0.12,0.158,6.329113924050633,84.2,"G=1 k=0.083 fitted slot (k*, v*, c)"
contradiction,8k,dense 56M (ladder),sneetches,ceiling,24,soft token (mean embedding),0.333,2,no-bias,0,0.032,0.01,0.022,0.99,0.028,0.75,0.388,2.5773195876288657,61.199999999999996,G=2 k=0.333 soft meanEmb no-bias
contradiction,8k,dense 56M (ladder),sneetches,ceiling,24,soft token (mean embedding),0.333,2,+logL+0,0,0.09,0.01,0.08,0.973,0.083,0.46,0.388,2.5773195876288657,61.199999999999996,G=2 k=0.333 soft meanEmb +logL+0
contradiction,8k,dense 56M (ladder),sneetches,ceiling,24,oracle mean K/V slot,0.333,2,+logL+0,1,0.04,0.01,0.03,0.986,0.037,0.67,0.388,2.5773195876288657,61.199999999999996,G=2 k=0.333 oracle meanKV +logL+0
contradiction,8k,dense 56M (ladder),sneetches,ceiling,24,oracle mean K/V slot,0.333,2,no-bias,1,0.037,0.01,0.026999999999999996,0.987,0.032,0.67,0.388,2.5773195876288657,61.199999999999996,G=2 k=0.333 oracle meanKV no-bias
contradiction,8k,dense 56M (ladder),sneetches,ceiling,24,"fitted log-mass slot (k*, v*, c)",0.333,2,fitted c,1,0.046,0.01,0.036,0.986,0.04,0.67,0.388,2.5773195876288657,61.199999999999996,"G=2 k=0.333 fitted slot (k*, v*, c)"
contradiction,8k,dense 56M (ladder),sneetches,ceiling,24,soft token (mean embedding),0.083,2,no-bias,0,0.258,0.01,0.248,0.926,0.253,0.17,0.178,5.617977528089888,82.2,G=2 k=0.083 soft meanEmb no-bias
contradiction,8k,dense 56M (ladder),sneetches,ceiling,24,soft token (mean embedding),0.083,2,+logL+0,0,0.518,0.01,0.508,0.842,0.5,0.04,0.178,5.617977528089888,82.2,G=2 k=0.083 soft meanEmb +logL+0
contradiction,8k,dense 56M (ladder),sneetches,ceiling,24,oracle mean K/V slot,0.083,2,+logL+0,1,0.211,0.01,0.20099999999999998,0.942,0.209,0.21,0.178,5.617977528089888,82.2,G=2 k=0.083 oracle meanKV +logL+0
contradiction,8k,dense 56M (ladder),sneetches,ceiling,24,oracle mean K/V slot,0.083,2,no-bias,1,0.225,0.01,0.215,0.938,0.223,0.17,0.178,5.617977528089888,82.2,G=2 k=0.083 oracle meanKV no-bias
contradiction,8k,dense 56M (ladder),sneetches,ceiling,24,"fitted log-mass slot (k*, v*, c)",0.083,2,fitted c,1,0.293,0.01,0.283,0.925,0.285,0.12,0.178,5.617977528089888,82.2,"G=2 k=0.083 fitted slot (k*, v*, c)"
contradiction,8k,dense 56M (ladder),sneetches,ceiling,24,soft token (mean embedding),0.333,4,no-bias,0,0.05,0.01,0.04,0.984,0.045,0.67,0.418,2.3923444976076556,58.20000000000001,G=4 k=0.333 soft meanEmb no-bias
contradiction,8k,dense 56M (ladder),sneetches,ceiling,24,soft token (mean embedding),0.333,4,+logL+0,0,0.069,0.01,0.059000000000000004,0.978,0.064,0.58,0.418,2.3923444976076556,58.20000000000001,G=4 k=0.333 soft meanEmb +logL+0
contradiction,8k,dense 56M (ladder),sneetches,ceiling,24,oracle mean K/V slot,0.333,4,+logL+0,1,0.043,0.01,0.032999999999999995,0.986,0.041,0.71,0.418,2.3923444976076556,58.20000000000001,G=4 k=0.333 oracle meanKV +logL+0
contradiction,8k,dense 56M (ladder),sneetches,ceiling,24,oracle mean K/V slot,0.333,4,no-bias,1,0.045,0.01,0.034999999999999996,0.987,0.041,0.71,0.418,2.3923444976076556,58.20000000000001,G=4 k=0.333 oracle meanKV no-bias
contradiction,8k,dense 56M (ladder),sneetches,ceiling,24,"fitted log-mass slot (k*, v*, c)",0.333,4,fitted c,1,0.045,0.01,0.034999999999999996,0.981,0.041,0.67,0.418,2.3923444976076556,58.20000000000001,"G=4 k=0.333 fitted slot (k*, v*, c)"
contradiction,8k,dense 56M (ladder),sneetches,ceiling,24,soft token (mean embedding),0.083,4,no-bias,0,0.28,0.01,0.27,0.928,0.278,0.12,0.218,4.587155963302752,78.2,G=4 k=0.083 soft meanEmb no-bias
contradiction,8k,dense 56M (ladder),sneetches,ceiling,24,soft token (mean embedding),0.083,4,+logL+0,0,0.436,0.01,0.426,0.887,0.416,0.04,0.218,4.587155963302752,78.2,G=4 k=0.083 soft meanEmb +logL+0
contradiction,8k,dense 56M (ladder),sneetches,ceiling,24,oracle mean K/V slot,0.083,4,+logL+0,1,0.247,0.01,0.237,0.93,0.244,0.17,0.218,4.587155963302752,78.2,G=4 k=0.083 oracle meanKV +logL+0
contradiction,8k,dense 56M (ladder),sneetches,ceiling,24,oracle mean K/V slot,0.083,4,no-bias,1,0.241,0.01,0.23099999999999998,0.932,0.24,0.12,0.218,4.587155963302752,78.2,G=4 k=0.083 oracle meanKV no-bias
contradiction,8k,dense 56M (ladder),sneetches,ceiling,24,"fitted log-mass slot (k*, v*, c)",0.083,4,fitted c,1,0.302,0.01,0.292,0.918,0.295,0.04,0.218,4.587155963302752,78.2,"G=4 k=0.083 fitted slot (k*, v*, c)"
contradiction,8k,dense 56M (ladder),sneetches,ceiling,24,soft token (mean embedding),0.333,8,no-bias,0,0.067,0.01,0.057,0.98,0.064,0.58,0.474,2.109704641350211,52.6,G=8 k=0.333 soft meanEmb no-bias
contradiction,8k,dense 56M (ladder),sneetches,ceiling,24,soft token (mean embedding),0.333,8,+logL+0,0,0.077,0.01,0.067,0.98,0.074,0.62,0.474,2.109704641350211,52.6,G=8 k=0.333 soft meanEmb +logL+0
contradiction,8k,dense 56M (ladder),sneetches,ceiling,24,oracle mean K/V slot,0.333,8,+logL+0,1,0.068,0.01,0.058,0.98,0.062,0.71,0.474,2.109704641350211,52.6,G=8 k=0.333 oracle meanKV +logL+0
contradiction,8k,dense 56M (ladder),sneetches,ceiling,24,oracle mean K/V slot,0.333,8,no-bias,1,0.063,0.01,0.053,0.981,0.059,0.62,0.474,2.109704641350211,52.6,G=8 k=0.333 oracle meanKV no-bias
contradiction,8k,dense 56M (ladder),sneetches,ceiling,24,"fitted log-mass slot (k*, v*, c)",0.333,8,fitted c,1,0.075,0.01,0.065,0.973,0.068,0.42,0.474,2.109704641350211,52.6,"G=8 k=0.333 fitted slot (k*, v*, c)"
contradiction,8k,dense 56M (ladder),sneetches,ceiling,24,soft token (mean embedding),0.083,8,no-bias,0,0.269,0.01,0.259,0.933,0.267,0.25,0.295,3.3898305084745766,70.5,G=8 k=0.083 soft meanEmb no-bias
contradiction,8k,dense 56M (ladder),sneetches,ceiling,24,soft token (mean embedding),0.083,8,+logL+0,0,0.319,0.01,0.309,0.903,0.311,0.08,0.295,3.3898305084745766,70.5,G=8 k=0.083 soft meanEmb +logL+0
contradiction,8k,dense 56M (ladder),sneetches,ceiling,24,oracle mean K/V slot,0.083,8,+logL+0,1,0.261,0.01,0.251,0.936,0.259,0.21,0.295,3.3898305084745766,70.5,G=8 k=0.083 oracle meanKV +logL+0
contradiction,8k,dense 56M (ladder),sneetches,ceiling,24,oracle mean K/V slot,0.083,8,no-bias,1,0.289,0.01,0.27899999999999997,0.932,0.289,0.21,0.295,3.3898305084745766,70.5,G=8 k=0.083 oracle meanKV no-bias
contradiction,8k,dense 56M (ladder),sneetches,ceiling,24,"fitted log-mass slot (k*, v*, c)",0.083,8,fitted c,1,0.232,0.01,0.222,0.942,0.226,0.21,0.295,3.3898305084745766,70.5,"G=8 k=0.083 fitted slot (k*, v*, c)"
oolong,8k,dense 80M (ladder),sneetches,ceiling,24,full attention,1.0,1,,0,0.444,0.444,0.0,1.0,0.0,0.38,1.0,1.0,0.0,full
oolong,8k,dense 80M (ladder),sneetches,ceiling,24,soft token (mean embedding),0.333,1,no-bias,0,0.755,0.444,0.311,0.905,0.323,0.33,0.374,2.6737967914438503,62.6,G=1 k=0.333 soft meanEmb no-bias
oolong,8k,dense 80M (ladder),sneetches,ceiling,24,soft token (mean embedding),0.333,1,+logL+2,0,0.6,0.444,0.15599999999999997,0.917,0.218,0.38,0.374,2.6737967914438503,62.6,G=1 k=0.333 soft meanEmb +logL+2
oolong,8k,dense 80M (ladder),sneetches,ceiling,24,oracle mean K/V slot,0.333,1,+logL+2,1,0.798,0.444,0.35400000000000004,0.911,0.331,0.38,0.374,2.6737967914438503,62.6,G=1 k=0.333 oracle meanKV +logL+2
oolong,8k,dense 80M (ladder),sneetches,ceiling,24,oracle mean K/V slot,0.333,1,no-bias,1,0.771,0.444,0.327,0.905,0.338,0.33,0.374,2.6737967914438503,62.6,G=1 k=0.333 oracle meanKV no-bias
oolong,8k,dense 80M (ladder),sneetches,ceiling,24,"fitted log-mass slot (k*, v*, c)",0.333,1,fitted c,1,0.788,0.444,0.34400000000000003,0.903,0.32,0.33,0.374,2.6737967914438503,62.6,"G=1 k=0.333 fitted slot (k*, v*, c)"
oolong,8k,dense 80M (ladder),sneetches,ceiling,24,soft token (mean embedding),0.083,1,no-bias,0,0.947,0.444,0.5029999999999999,0.922,0.402,0.29,0.142,7.042253521126761,85.8,G=1 k=0.083 soft meanEmb no-bias
oolong,8k,dense 80M (ladder),sneetches,ceiling,24,soft token (mean embedding),0.083,1,+logL+2,0,0.832,0.444,0.38799999999999996,0.927,0.296,0.33,0.142,7.042253521126761,85.8,G=1 k=0.083 soft meanEmb +logL+2
oolong,8k,dense 80M (ladder),sneetches,ceiling,24,oracle mean K/V slot,0.083,1,+logL+2,1,0.947,0.444,0.5029999999999999,0.922,0.372,0.29,0.142,7.042253521126761,85.8,G=1 k=0.083 oracle meanKV +logL+2
oolong,8k,dense 80M (ladder),sneetches,ceiling,24,oracle mean K/V slot,0.083,1,no-bias,1,0.952,0.444,0.508,0.922,0.396,0.29,0.142,7.042253521126761,85.8,G=1 k=0.083 oracle meanKV no-bias
oolong,8k,dense 80M (ladder),sneetches,ceiling,24,"fitted log-mass slot (k*, v*, c)",0.083,1,fitted c,1,0.905,0.444,0.461,0.916,0.336,0.25,0.142,7.042253521126761,85.8,"G=1 k=0.083 fitted slot (k*, v*, c)"
oolong,8k,dense 80M (ladder),sneetches,ceiling,24,soft token (mean embedding),0.333,2,no-bias,0,0.767,0.444,0.323,0.911,0.339,0.38,0.387,2.5839793281653747,61.3,G=2 k=0.333 soft meanEmb no-bias
oolong,8k,dense 80M (ladder),sneetches,ceiling,24,soft token (mean embedding),0.333,2,+logL+2,0,0.58,0.444,0.13599999999999995,0.925,0.189,0.38,0.387,2.5839793281653747,61.3,G=2 k=0.333 soft meanEmb +logL+2
oolong,8k,dense 80M (ladder),sneetches,ceiling,24,oracle mean K/V slot,0.333,2,+logL+2,1,0.776,0.444,0.332,0.891,0.313,0.33,0.387,2.5839793281653747,61.3,G=2 k=0.333 oracle meanKV +logL+2
oolong,8k,dense 80M (ladder),sneetches,ceiling,24,oracle mean K/V slot,0.333,2,no-bias,1,0.77,0.444,0.326,0.905,0.335,0.33,0.387,2.5839793281653747,61.3,G=2 k=0.333 oracle meanKV no-bias
oolong,8k,dense 80M (ladder),sneetches,ceiling,24,"fitted log-mass slot (k*, v*, c)",0.333,2,fitted c,1,0.755,0.444,0.311,0.891,0.296,0.33,0.387,2.5839793281653747,61.3,"G=2 k=0.333 fitted slot (k*, v*, c)"
oolong,8k,dense 80M (ladder),sneetches,ceiling,24,soft token (mean embedding),0.083,2,no-bias,0,0.947,0.444,0.5029999999999999,0.922,0.407,0.29,0.16,6.25,84.0,G=2 k=0.083 soft meanEmb no-bias
oolong,8k,dense 80M (ladder),sneetches,ceiling,24,soft token (mean embedding),0.083,2,+logL+2,0,0.769,0.444,0.325,0.933,0.233,0.38,0.16,6.25,84.0,G=2 k=0.083 soft meanEmb +logL+2
oolong,8k,dense 80M (ladder),sneetches,ceiling,24,oracle mean K/V slot,0.083,2,+logL+2,1,0.914,0.444,0.47000000000000003,0.922,0.331,0.29,0.16,6.25,84.0,G=2 k=0.083 oracle meanKV +logL+2
oolong,8k,dense 80M (ladder),sneetches,ceiling,24,oracle mean K/V slot,0.083,2,no-bias,1,0.974,0.444,0.53,0.922,0.414,0.29,0.16,6.25,84.0,G=2 k=0.083 oracle meanKV no-bias
oolong,8k,dense 80M (ladder),sneetches,ceiling,24,"fitted log-mass slot (k*, v*, c)",0.083,2,fitted c,1,0.893,0.444,0.449,0.922,0.308,0.33,0.16,6.25,84.0,"G=2 k=0.083 fitted slot (k*, v*, c)"
oolong,8k,dense 80M (ladder),sneetches,ceiling,24,soft token (mean embedding),0.333,4,no-bias,0,0.777,0.444,0.333,0.905,0.34,0.33,0.413,2.4213075060532687,58.699999999999996,G=4 k=0.333 soft meanEmb no-bias
oolong,8k,dense 80M (ladder),sneetches,ceiling,24,soft token (mean embedding),0.333,4,+logL+2,0,0.587,0.444,0.14299999999999996,0.911,0.184,0.42,0.413,2.4213075060532687,58.699999999999996,G=4 k=0.333 soft meanEmb +logL+2
oolong,8k,dense 80M (ladder),sneetches,ceiling,24,oracle mean K/V slot,0.333,4,+logL+2,1,0.764,0.444,0.32,0.883,0.306,0.29,0.413,2.4213075060532687,58.699999999999996,G=4 k=0.333 oracle meanKV +logL+2
oolong,8k,dense 80M (ladder),sneetches,ceiling,24,oracle mean K/V slot,0.333,4,no-bias,1,0.779,0.444,0.335,0.883,0.338,0.29,0.413,2.4213075060532687,58.699999999999996,G=4 k=0.333 oracle meanKV no-bias
oolong,8k,dense 80M (ladder),sneetches,ceiling,24,"fitted log-mass slot (k*, v*, c)",0.333,4,fitted c,1,0.753,0.444,0.309,0.883,0.306,0.29,0.413,2.4213075060532687,58.699999999999996,"G=4 k=0.333 fitted slot (k*, v*, c)"
oolong,8k,dense 80M (ladder),sneetches,ceiling,24,soft token (mean embedding),0.083,4,no-bias,0,0.942,0.444,0.49799999999999994,0.916,0.4,0.33,0.196,5.1020408163265305,80.4,G=4 k=0.083 soft meanEmb no-bias
oolong,8k,dense 80M (ladder),sneetches,ceiling,24,soft token (mean embedding),0.083,4,+logL+2,0,0.775,0.444,0.331,0.942,0.232,0.29,0.196,5.1020408163265305,80.4,G=4 k=0.083 soft meanEmb +logL+2
oolong,8k,dense 80M (ladder),sneetches,ceiling,24,oracle mean K/V slot,0.083,4,+logL+2,1,0.895,0.444,0.451,0.902,0.321,0.25,0.196,5.1020408163265305,80.4,G=4 k=0.083 oracle meanKV +logL+2
oolong,8k,dense 80M (ladder),sneetches,ceiling,24,oracle mean K/V slot,0.083,4,no-bias,1,0.948,0.444,0.504,0.916,0.41,0.33,0.196,5.1020408163265305,80.4,G=4 k=0.083 oracle meanKV no-bias
oolong,8k,dense 80M (ladder),sneetches,ceiling,24,"fitted log-mass slot (k*, v*, c)",0.083,4,fitted c,1,0.858,0.444,0.414,0.916,0.288,0.25,0.196,5.1020408163265305,80.4,"G=4 k=0.083 fitted slot (k*, v*, c)"
oolong,8k,dense 80M (ladder),sneetches,ceiling,24,soft token (mean embedding),0.333,8,no-bias,0,0.77,0.444,0.326,0.905,0.327,0.33,0.465,2.150537634408602,53.49999999999999,G=8 k=0.333 soft meanEmb no-bias
oolong,8k,dense 80M (ladder),sneetches,ceiling,24,soft token (mean embedding),0.333,8,+logL+2,0,0.626,0.444,0.182,0.889,0.219,0.42,0.465,2.150537634408602,53.49999999999999,G=8 k=0.333 soft meanEmb +logL+2
oolong,8k,dense 80M (ladder),sneetches,ceiling,24,oracle mean K/V slot,0.333,8,+logL+2,1,0.723,0.444,0.27899999999999997,0.897,0.27,0.38,0.465,2.150537634408602,53.49999999999999,G=8 k=0.333 oracle meanKV +logL+2
oolong,8k,dense 80M (ladder),sneetches,ceiling,24,oracle mean K/V slot,0.333,8,no-bias,1,0.763,0.444,0.319,0.905,0.32,0.33,0.465,2.150537634408602,53.49999999999999,G=8 k=0.333 oracle meanKV no-bias
oolong,8k,dense 80M (ladder),sneetches,ceiling,24,"fitted log-mass slot (k*, v*, c)",0.333,8,fitted c,1,0.728,0.444,0.284,0.891,0.274,0.33,0.465,2.150537634408602,53.49999999999999,"G=8 k=0.333 fitted slot (k*, v*, c)"
oolong,8k,dense 80M (ladder),sneetches,ceiling,24,soft token (mean embedding),0.083,8,no-bias,0,0.914,0.444,0.47000000000000003,0.916,0.357,0.33,0.267,3.745318352059925,73.3,G=8 k=0.083 soft meanEmb no-bias
oolong,8k,dense 80M (ladder),sneetches,ceiling,24,soft token (mean embedding),0.083,8,+logL+2,0,0.828,0.444,0.38399999999999995,0.927,0.254,0.38,0.267,3.745318352059925,73.3,G=8 k=0.083 soft meanEmb +logL+2
oolong,8k,dense 80M (ladder),sneetches,ceiling,24,oracle mean K/V slot,0.083,8,+logL+2,1,0.821,0.444,0.37699999999999995,0.914,0.27,0.33,0.267,3.745318352059925,73.3,G=8 k=0.083 oracle meanKV +logL+2
oolong,8k,dense 80M (ladder),sneetches,ceiling,24,oracle mean K/V slot,0.083,8,no-bias,1,0.907,0.444,0.463,0.916,0.36,0.33,0.267,3.745318352059925,73.3,G=8 k=0.083 oracle meanKV no-bias
oolong,8k,dense 80M (ladder),sneetches,ceiling,24,"fitted log-mass slot (k*, v*, c)",0.083,8,fitted c,1,0.741,0.444,0.297,0.928,0.216,0.33,0.267,3.745318352059925,73.3,"G=8 k=0.083 fitted slot (k*, v*, c)"
contradiction,32k,s5 2k-trained 4B (local),horton,slot,24,full attention,1.0,1,,0,0.022,0.022,0.0,1.0,0.0,0.83,1.0,1.0,0.0,full
contradiction,32k,s5 2k-trained 4B (local),horton,slot,24,soft token (mean embedding),0.333,1,no-bias,0,0.049,0.022,0.027000000000000003,0.982,0.052,0.62,0.357,2.801120448179272,64.3,soft k=0.333 no-bias
contradiction,32k,s5 2k-trained 4B (local),horton,slot,24,soft token (mean embedding),0.333,1,+logL,0,0.099,0.022,0.07700000000000001,0.973,0.105,0.5,0.357,2.801120448179272,64.3,soft k=0.333 +logL
contradiction,32k,s5 2k-trained 4B (local),horton,slot,24,soft token (mean embedding),0.333,1,+logL-2,0,0.037,0.022,0.015,0.98,0.042,0.67,0.357,2.801120448179272,64.3,soft k=0.333 +logL-2
contradiction,32k,s5 2k-trained 4B (local),horton,slot,24,soft token (mean embedding),0.333,1,+logL-1,0,0.061,0.022,0.039,0.972,0.066,0.58,0.357,2.801120448179272,64.3,soft k=0.333 +logL-1
contradiction,32k,s5 2k-trained 4B (local),horton,slot,24,soft token (mean embedding),0.333,1,+logL+1,0,0.157,0.022,0.135,0.96,0.162,0.33,0.357,2.801120448179272,64.3,soft k=0.333 +logL+1
contradiction,32k,s5 2k-trained 4B (local),horton,slot,24,soft token (mean embedding),0.333,1,+logL+2,0,0.279,0.022,0.257,0.935,0.282,0.17,0.357,2.801120448179272,64.3,soft k=0.333 +logL+2
contradiction,32k,s5 2k-trained 4B (local),horton,slot,24,soft token (mean embedding),0.333,1,const=mean logL,0,0.108,0.022,0.086,0.971,0.113,0.54,0.357,2.801120448179272,64.3,soft k=0.333 const=mean logL
contradiction,32k,s5 2k-trained 4B (local),horton,slot,24,soft token (mean embedding),0.333,1,const-4,0,0.069,0.022,0.04700000000000001,0.982,0.072,0.62,0.357,2.801120448179272,64.3,soft k=0.333 const-4
contradiction,32k,s5 2k-trained 4B (local),horton,slot,24,soft token (mean embedding),0.333,1,const-2,0,0.063,0.022,0.041,0.985,0.066,0.67,0.357,2.801120448179272,64.3,soft k=0.333 const-2
contradiction,32k,s5 2k-trained 4B (local),horton,slot,24,soft token (mean embedding),0.333,1,const-1,0,0.057,0.022,0.035,0.982,0.06,0.62,0.357,2.801120448179272,64.3,soft k=0.333 const-1
contradiction,32k,s5 2k-trained 4B (local),horton,slot,24,soft token (mean embedding),0.333,1,const+1,0,0.042,0.022,0.020000000000000004,0.981,0.045,0.58,0.357,2.801120448179272,64.3,soft k=0.333 const+1
contradiction,32k,s5 2k-trained 4B (local),horton,slot,24,soft token (mean embedding),0.167,1,no-bias,0,0.207,0.022,0.185,0.959,0.217,0.33,0.194,5.154639175257731,80.60000000000001,soft k=0.167 no-bias
contradiction,32k,s5 2k-trained 4B (local),horton,slot,24,soft token (mean embedding),0.167,1,+logL,0,0.29,0.022,0.26799999999999996,0.933,0.298,0.17,0.194,5.154639175257731,80.60000000000001,soft k=0.167 +logL
contradiction,32k,s5 2k-trained 4B (local),horton,slot,24,soft token (mean embedding),0.167,1,+logL-2,0,0.198,0.022,0.17600000000000002,0.954,0.208,0.33,0.194,5.154639175257731,80.60000000000001,soft k=0.167 +logL-2
contradiction,32k,s5 2k-trained 4B (local),horton,slot,24,soft token (mean embedding),0.167,1,+logL-1,0,0.211,0.022,0.189,0.952,0.221,0.29,0.194,5.154639175257731,80.60000000000001,soft k=0.167 +logL-1
contradiction,32k,s5 2k-trained 4B (local),horton,slot,24,soft token (mean embedding),0.167,1,+logL+1,0,0.399,0.022,0.377,0.915,0.406,0.12,0.194,5.154639175257731,80.60000000000001,soft k=0.167 +logL+1
contradiction,32k,s5 2k-trained 4B (local),horton,slot,24,soft token (mean embedding),0.167,1,+logL+2,0,0.572,0.022,0.5499999999999999,0.878,0.578,0.04,0.194,5.154639175257731,80.60000000000001,soft k=0.167 +logL+2
contradiction,32k,s5 2k-trained 4B (local),horton,slot,24,soft token (mean embedding),0.167,1,const=mean logL,0,0.284,0.022,0.26199999999999996,0.929,0.292,0.21,0.194,5.154639175257731,80.60000000000001,soft k=0.167 const=mean logL
contradiction,32k,s5 2k-trained 4B (local),horton,slot,24,soft token (mean embedding),0.167,1,const-4,0,0.307,0.022,0.285,0.939,0.316,0.17,0.194,5.154639175257731,80.60000000000001,soft k=0.167 const-4
contradiction,32k,s5 2k-trained 4B (local),horton,slot,24,soft token (mean embedding),0.167,1,const-2,0,0.273,0.022,0.251,0.949,0.282,0.25,0.194,5.154639175257731,80.60000000000001,soft k=0.167 const-2
contradiction,32k,s5 2k-trained 4B (local),horton,slot,24,soft token (mean embedding),0.167,1,const-1,0,0.242,0.022,0.22,0.95,0.252,0.25,0.194,5.154639175257731,80.60000000000001,soft k=0.167 const-1
contradiction,32k,s5 2k-trained 4B (local),horton,slot,24,soft token (mean embedding),0.167,1,const+1,0,0.193,0.022,0.171,0.953,0.202,0.38,0.194,5.154639175257731,80.60000000000001,soft k=0.167 const+1
contradiction,32k,s5 2k-trained 4B (local),horton,slot,24,soft token (mean embedding),0.083,1,no-bias,0,0.496,0.022,0.474,0.913,0.514,0.04,0.114,8.771929824561402,88.6,soft k=0.083 no-bias
contradiction,32k,s5 2k-trained 4B (local),horton,slot,24,soft token (mean embedding),0.083,1,+logL,0,0.514,0.022,0.492,0.894,0.528,0.04,0.114,8.771929824561402,88.6,soft k=0.083 +logL
contradiction,32k,s5 2k-trained 4B (local),horton,slot,24,soft token (mean embedding),0.083,1,+logL-2,0,0.445,0.022,0.423,0.91,0.463,0.08,0.114,8.771929824561402,88.6,soft k=0.083 +logL-2
contradiction,32k,s5 2k-trained 4B (local),horton,slot,24,soft token (mean embedding),0.083,1,+logL-1,0,0.431,0.022,0.409,0.913,0.447,0.08,0.114,8.771929824561402,88.6,soft k=0.083 +logL-1
contradiction,32k,s5 2k-trained 4B (local),horton,slot,24,soft token (mean embedding),0.083,1,+logL+1,0,0.692,0.022,0.6699999999999999,0.867,0.704,0.0,0.114,8.771929824561402,88.6,soft k=0.083 +logL+1
contradiction,32k,s5 2k-trained 4B (local),horton,slot,24,soft token (mean embedding),0.083,1,+logL+2,0,0.879,0.022,0.857,0.828,0.89,0.0,0.114,8.771929824561402,88.6,soft k=0.083 +logL+2
contradiction,32k,s5 2k-trained 4B (local),horton,slot,24,soft token (mean embedding),0.083,1,const=mean logL,0,0.513,0.022,0.491,0.89,0.528,0.04,0.114,8.771929824561402,88.6,soft k=0.083 const=mean logL
contradiction,32k,s5 2k-trained 4B (local),horton,slot,24,soft token (mean embedding),0.083,1,const-4,0,0.693,0.022,0.6709999999999999,0.88,0.712,0.0,0.114,8.771929824561402,88.6,soft k=0.083 const-4
contradiction,32k,s5 2k-trained 4B (local),horton,slot,24,soft token (mean embedding),0.083,1,const-2,0,0.626,0.022,0.604,0.893,0.645,0.0,0.114,8.771929824561402,88.6,soft k=0.083 const-2
contradiction,32k,s5 2k-trained 4B (local),horton,slot,24,soft token (mean embedding),0.083,1,const-1,0,0.567,0.022,0.5449999999999999,0.905,0.586,0.04,0.114,8.771929824561402,88.6,soft k=0.083 const-1
contradiction,32k,s5 2k-trained 4B (local),horton,slot,24,soft token (mean embedding),0.083,1,const+1,0,0.455,0.022,0.433,0.909,0.474,0.04,0.114,8.771929824561402,88.6,soft k=0.083 const+1
contradiction,32k,s5 2k-trained 4B (local),horton,slot,24,soft token (mean embedding),0.0,1,no-bias,0,1.58,0.022,1.558,0.759,1.572,0.04,0.036,27.77777777777778,96.39999999999999,soft k=0.000 no-bias
contradiction,32k,s5 2k-trained 4B (local),horton,slot,24,soft token (mean embedding),0.0,1,+logL,0,2.246,0.022,2.224,0.667,2.23,0.0,0.036,27.77777777777778,96.39999999999999,soft k=0.000 +logL
contradiction,32k,s5 2k-trained 4B (local),horton,slot,24,soft token (mean embedding),0.0,1,+logL-2,0,1.789,0.022,1.767,0.735,1.77,0.0,0.036,27.77777777777778,96.39999999999999,soft k=0.000 +logL-2
contradiction,32k,s5 2k-trained 4B (local),horton,slot,24,soft token (mean embedding),0.0,1,+logL-1,0,1.994,0.022,1.972,0.707,1.978,0.0,0.036,27.77777777777778,96.39999999999999,soft k=0.000 +logL-1
contradiction,32k,s5 2k-trained 4B (local),horton,slot,24,soft token (mean embedding),0.0,1,+logL+1,0,2.524,0.022,2.5020000000000002,0.64,2.506,0.0,0.036,27.77777777777778,96.39999999999999,soft k=0.000 +logL+1
contradiction,32k,s5 2k-trained 4B (local),horton,slot,24,soft token (mean embedding),0.0,1,+logL+2,0,2.754,0.022,2.732,0.606,2.738,0.0,0.036,27.77777777777778,96.39999999999999,soft k=0.000 +logL+2
contradiction,32k,s5 2k-trained 4B (local),horton,slot,24,soft token (mean embedding),0.0,1,const=mean logL,0,2.261,0.022,2.2390000000000003,0.667,2.243,0.0,0.036,27.77777777777778,96.39999999999999,soft k=0.000 const=mean logL
contradiction,32k,s5 2k-trained 4B (local),horton,slot,24,soft token (mean embedding),0.0,1,const-4,0,1.638,0.022,1.6159999999999999,0.735,1.632,0.0,0.036,27.77777777777778,96.39999999999999,soft k=0.000 const-4
contradiction,32k,s5 2k-trained 4B (local),horton,slot,24,soft token (mean embedding),0.0,1,const-2,0,1.58,0.022,1.558,0.747,1.574,0.0,0.036,27.77777777777778,96.39999999999999,soft k=0.000 const-2
contradiction,32k,s5 2k-trained 4B (local),horton,slot,24,soft token (mean embedding),0.0,1,const-1,0,1.568,0.022,1.546,0.765,1.561,0.0,0.036,27.77777777777778,96.39999999999999,soft k=0.000 const-1
contradiction,32k,s5 2k-trained 4B (local),horton,slot,24,soft token (mean embedding),0.0,1,const+1,0,1.65,0.022,1.628,0.753,1.637,0.0,0.036,27.77777777777778,96.39999999999999,soft k=0.000 const+1
contradiction,8k,s5 2k-trained 4B (local),horton,slot,24,full attention,1.0,1,,0,0.001,0.001,0.0,1.0,0.0,1.0,1.0,1.0,0.0,full
contradiction,8k,s5 2k-trained 4B (local),horton,slot,24,soft token (mean embedding),0.333,1,no-bias,0,0.037,0.001,0.036,0.986,0.037,0.67,0.381,2.6246719160104988,61.9,soft k=0.333 no-bias
contradiction,8k,s5 2k-trained 4B (local),horton,slot,24,soft token (mean embedding),0.333,1,+logL,0,0.154,0.001,0.153,0.977,0.153,0.5,0.381,2.6246719160104988,61.9,soft k=0.333 +logL
contradiction,8k,s5 2k-trained 4B (local),horton,slot,24,soft token (mean embedding),0.333,1,+logL-2,0,0.065,0.001,0.064,0.979,0.065,0.46,0.381,2.6246719160104988,61.9,soft k=0.333 +logL-2
contradiction,8k,s5 2k-trained 4B (local),horton,slot,24,soft token (mean embedding),0.333,1,+logL-1,0,0.115,0.001,0.114,0.978,0.115,0.5,0.381,2.6246719160104988,61.9,soft k=0.333 +logL-1
contradiction,8k,s5 2k-trained 4B (local),horton,slot,24,soft token (mean embedding),0.333,1,+logL+1,0,0.193,0.001,0.192,0.964,0.193,0.42,0.381,2.6246719160104988,61.9,soft k=0.333 +logL+1
contradiction,8k,s5 2k-trained 4B (local),horton,slot,24,soft token (mean embedding),0.333,1,+logL+2,0,0.221,0.001,0.22,0.958,0.221,0.33,0.381,2.6246719160104988,61.9,soft k=0.333 +logL+2
contradiction,8k,s5 2k-trained 4B (local),horton,slot,24,soft token (mean embedding),0.333,1,const=mean logL,0,0.142,0.001,0.141,0.977,0.142,0.54,0.381,2.6246719160104988,61.9,soft k=0.333 const=mean logL
contradiction,8k,s5 2k-trained 4B (local),horton,slot,24,soft token (mean embedding),0.333,1,const-4,0,0.046,0.001,0.045,0.986,0.046,0.71,0.381,2.6246719160104988,61.9,soft k=0.333 const-4
contradiction,8k,s5 2k-trained 4B (local),horton,slot,24,soft token (mean embedding),0.333,1,const-2,0,0.041,0.001,0.04,0.985,0.041,0.67,0.381,2.6246719160104988,61.9,soft k=0.333 const-2
contradiction,8k,s5 2k-trained 4B (local),horton,slot,24,soft token (mean embedding),0.333,1,const-1,0,0.037,0.001,0.036,0.988,0.037,0.71,0.381,2.6246719160104988,61.9,soft k=0.333 const-1
contradiction,8k,s5 2k-trained 4B (local),horton,slot,24,soft token (mean embedding),0.333,1,const+1,0,0.041,0.001,0.04,0.99,0.041,0.71,0.381,2.6246719160104988,61.9,soft k=0.333 const+1
contradiction,8k,s5 2k-trained 4B (local),horton,slot,24,soft token (mean embedding),0.167,1,no-bias,0,0.085,0.001,0.084,0.978,0.086,0.46,0.228,4.385964912280701,77.2,soft k=0.167 no-bias
contradiction,8k,s5 2k-trained 4B (local),horton,slot,24,soft token (mean embedding),0.167,1,+logL,0,0.262,0.001,0.261,0.954,0.262,0.21,0.228,4.385964912280701,77.2,soft k=0.167 +logL
contradiction,8k,s5 2k-trained 4B (local),horton,slot,24,soft token (mean embedding),0.167,1,+logL-2,0,0.131,0.001,0.13,0.967,0.132,0.42,0.228,4.385964912280701,77.2,soft k=0.167 +logL-2
contradiction,8k,s5 2k-trained 4B (local),horton,slot,24,soft token (mean embedding),0.167,1,+logL-1,0,0.21,0.001,0.209,0.957,0.21,0.29,0.228,4.385964912280701,77.2,soft k=0.167 +logL-1
contradiction,8k,s5 2k-trained 4B (local),horton,slot,24,soft token (mean embedding),0.167,1,+logL+1,0,0.313,0.001,0.312,0.937,0.313,0.04,0.228,4.385964912280701,77.2,soft k=0.167 +logL+1
contradiction,8k,s5 2k-trained 4B (local),horton,slot,24,soft token (mean embedding),0.167,1,+logL+2,0,0.368,0.001,0.367,0.928,0.367,0.0,0.228,4.385964912280701,77.2,soft k=0.167 +logL+2
contradiction,8k,s5 2k-trained 4B (local),horton,slot,24,soft token (mean embedding),0.167,1,const=mean logL,0,0.256,0.001,0.255,0.956,0.256,0.21,0.228,4.385964912280701,77.2,soft k=0.167 const=mean logL
contradiction,8k,s5 2k-trained 4B (local),horton,slot,24,soft token (mean embedding),0.167,1,const-4,0,0.125,0.001,0.124,0.967,0.126,0.29,0.228,4.385964912280701,77.2,soft k=0.167 const-4
contradiction,8k,s5 2k-trained 4B (local),horton,slot,24,soft token (mean embedding),0.167,1,const-2,0,0.101,0.001,0.1,0.969,0.102,0.29,0.228,4.385964912280701,77.2,soft k=0.167 const-2
contradiction,8k,s5 2k-trained 4B (local),horton,slot,24,soft token (mean embedding),0.167,1,const-1,0,0.089,0.001,0.088,0.973,0.089,0.42,0.228,4.385964912280701,77.2,soft k=0.167 const-1
contradiction,8k,s5 2k-trained 4B (local),horton,slot,24,soft token (mean embedding),0.167,1,const+1,0,0.091,0.001,0.09,0.977,0.092,0.46,0.228,4.385964912280701,77.2,soft k=0.167 const+1
contradiction,8k,s5 2k-trained 4B (local),horton,slot,24,soft token (mean embedding),0.083,1,no-bias,0,0.183,0.001,0.182,0.966,0.184,0.33,0.148,6.756756756756757,85.2,soft k=0.083 no-bias
contradiction,8k,s5 2k-trained 4B (local),horton,slot,24,soft token (mean embedding),0.083,1,+logL,0,0.34,0.001,0.339,0.934,0.341,0.08,0.148,6.756756756756757,85.2,soft k=0.083 +logL
contradiction,8k,s5 2k-trained 4B (local),horton,slot,24,soft token (mean embedding),0.083,1,+logL-2,0,0.205,0.001,0.204,0.952,0.206,0.29,0.148,6.756756756756757,85.2,soft k=0.083 +logL-2
contradiction,8k,s5 2k-trained 4B (local),horton,slot,24,soft token (mean embedding),0.083,1,+logL-1,0,0.275,0.001,0.274,0.939,0.276,0.21,0.148,6.756756756756757,85.2,soft k=0.083 +logL-1
contradiction,8k,s5 2k-trained 4B (local),horton,slot,24,soft token (mean embedding),0.083,1,+logL+1,0,0.439,0.001,0.438,0.917,0.439,0.04,0.148,6.756756756756757,85.2,soft k=0.083 +logL+1
contradiction,8k,s5 2k-trained 4B (local),horton,slot,24,soft token (mean embedding),0.083,1,+logL+2,0,0.542,0.001,0.541,0.889,0.541,0.0,0.148,6.756756756756757,85.2,soft k=0.083 +logL+2
contradiction,8k,s5 2k-trained 4B (local),horton,slot,24,soft token (mean embedding),0.083,1,const=mean logL,0,0.331,0.001,0.33,0.937,0.331,0.08,0.148,6.756756756756757,85.2,soft k=0.083 const=mean logL
contradiction,8k,s5 2k-trained 4B (local),horton,slot,24,soft token (mean embedding),0.083,1,const-4,0,0.288,0.001,0.287,0.94,0.29,0.17,0.148,6.756756756756757,85.2,soft k=0.083 const-4
contradiction,8k,s5 2k-trained 4B (local),horton,slot,24,soft token (mean embedding),0.083,1,const-2,0,0.242,0.001,0.241,0.955,0.243,0.21,0.148,6.756756756756757,85.2,soft k=0.083 const-2
contradiction,8k,s5 2k-trained 4B (local),horton,slot,24,soft token (mean embedding),0.083,1,const-1,0,0.215,0.001,0.214,0.962,0.216,0.29,0.148,6.756756756756757,85.2,soft k=0.083 const-1
contradiction,8k,s5 2k-trained 4B (local),horton,slot,24,soft token (mean embedding),0.083,1,const+1,0,0.164,0.001,0.163,0.964,0.165,0.29,0.148,6.756756756756757,85.2,soft k=0.083 const+1
contradiction,8k,s5 2k-trained 4B (local),horton,slot,24,soft token (mean embedding),0.0,1,no-bias,0,0.446,0.001,0.445,0.922,0.446,0.04,0.08,12.5,92.0,soft k=0.000 no-bias
contradiction,8k,s5 2k-trained 4B (local),horton,slot,24,soft token (mean embedding),0.0,1,+logL,0,0.934,0.001,0.933,0.842,0.935,0.0,0.08,12.5,92.0,soft k=0.000 +logL
contradiction,8k,s5 2k-trained 4B (local),horton,slot,24,soft token (mean embedding),0.0,1,+logL-2,0,0.586,0.001,0.585,0.9,0.587,0.04,0.08,12.5,92.0,soft k=0.000 +logL-2
contradiction,8k,s5 2k-trained 4B (local),horton,slot,24,soft token (mean embedding),0.0,1,+logL-1,0,0.739,0.001,0.738,0.878,0.739,0.0,0.08,12.5,92.0,soft k=0.000 +logL-1
contradiction,8k,s5 2k-trained 4B (local),horton,slot,24,soft token (mean embedding),0.0,1,+logL+1,0,1.119,0.001,1.118,0.82,1.119,0.0,0.08,12.5,92.0,soft k=0.000 +logL+1
contradiction,8k,s5 2k-trained 4B (local),horton,slot,24,soft token (mean embedding),0.0,1,+logL+2,0,1.261,0.001,1.26,0.794,1.26,0.0,0.08,12.5,92.0,soft k=0.000 +logL+2
contradiction,8k,s5 2k-trained 4B (local),horton,slot,24,soft token (mean embedding),0.0,1,const=mean logL,0,0.94,0.001,0.939,0.84,0.94,0.0,0.08,12.5,92.0,soft k=0.000 const=mean logL
contradiction,8k,s5 2k-trained 4B (local),horton,slot,24,soft token (mean embedding),0.0,1,const-4,0,0.621,0.001,0.62,0.879,0.622,0.04,0.08,12.5,92.0,soft k=0.000 const-4
contradiction,8k,s5 2k-trained 4B (local),horton,slot,24,soft token (mean embedding),0.0,1,const-2,0,0.499,0.001,0.498,0.903,0.499,0.04,0.08,12.5,92.0,soft k=0.000 const-2
contradiction,8k,s5 2k-trained 4B (local),horton,slot,24,soft token (mean embedding),0.0,1,const-1,0,0.462,0.001,0.461,0.919,0.463,0.08,0.08,12.5,92.0,soft k=0.000 const-1
contradiction,8k,s5 2k-trained 4B (local),horton,slot,24,soft token (mean embedding),0.0,1,const+1,0,0.484,0.001,0.483,0.917,0.485,0.04,0.08,12.5,92.0,soft k=0.000 const+1
contradiction,32k,Qwen3-4B dense 56M (pure attention),beaker,slot,24,full attention,1.0,1,,0,0.097,0.097,0.0,1.0,0.0,0.38,1.0,1.0,0.0,full
contradiction,32k,Qwen3-4B dense 56M (pure attention),beaker,slot,24,soft token (mean embedding),0.333,1,no-bias,0,0.176,0.097,0.07899999999999999,0.95,0.162,0.25,0.358,2.793296089385475,64.2,soft k=0.333 no-bias
contradiction,32k,Qwen3-4B dense 56M (pure attention),beaker,slot,24,soft token (mean embedding),0.333,1,+logL,0,0.155,0.097,0.057999999999999996,0.949,0.138,0.21,0.358,2.793296089385475,64.2,soft k=0.333 +logL
contradiction,32k,Qwen3-4B dense 56M (pure attention),beaker,slot,24,soft token (mean embedding),0.333,1,+logL-2,0,0.153,0.097,0.055999999999999994,0.955,0.143,0.21,0.358,2.793296089385475,64.2,soft k=0.333 +logL-2
contradiction,32k,Qwen3-4B dense 56M (pure attention),beaker,slot,24,soft token (mean embedding),0.333,1,+logL-1,0,0.147,0.097,0.04999999999999999,0.951,0.137,0.17,0.358,2.793296089385475,64.2,soft k=0.333 +logL-1
contradiction,32k,Qwen3-4B dense 56M (pure attention),beaker,slot,24,soft token (mean embedding),0.333,1,+logL+1,0,0.275,0.097,0.17800000000000002,0.918,0.221,0.0,0.358,2.793296089385475,64.2,soft k=0.333 +logL+1
contradiction,32k,Qwen3-4B dense 56M (pure attention),beaker,slot,24,soft token (mean embedding),0.333,1,+logL+2,0,0.952,0.097,0.855,0.704,0.844,0.0,0.358,2.793296089385475,64.2,soft k=0.333 +logL+2
contradiction,32k,Qwen3-4B dense 56M (pure attention),beaker,slot,24,soft token (mean embedding),0.333,1,const=mean logL,0,0.154,0.097,0.056999999999999995,0.949,0.132,0.21,0.358,2.793296089385475,64.2,soft k=0.333 const=mean logL
contradiction,32k,Qwen3-4B dense 56M (pure attention),beaker,slot,24,soft token (mean embedding),0.333,1,const-4,0,0.191,0.097,0.094,0.948,0.174,0.17,0.358,2.793296089385475,64.2,soft k=0.333 const-4
contradiction,32k,Qwen3-4B dense 56M (pure attention),beaker,slot,24,soft token (mean embedding),0.333,1,const-2,0,0.188,0.097,0.091,0.945,0.173,0.12,0.358,2.793296089385475,64.2,soft k=0.333 const-2
contradiction,32k,Qwen3-4B dense 56M (pure attention),beaker,slot,24,soft token (mean embedding),0.333,1,const-1,0,0.185,0.097,0.088,0.948,0.169,0.21,0.358,2.793296089385475,64.2,soft k=0.333 const-1
contradiction,32k,Qwen3-4B dense 56M (pure attention),beaker,slot,24,soft token (mean embedding),0.333,1,const+1,0,0.16,0.097,0.063,0.952,0.151,0.25,0.358,2.793296089385475,64.2,soft k=0.333 const+1
contradiction,32k,Qwen3-4B dense 56M (pure attention),beaker,slot,24,soft token (mean embedding),0.167,1,no-bias,0,0.166,0.097,0.069,0.94,0.141,0.12,0.196,5.1020408163265305,80.4,soft k=0.167 no-bias
contradiction,32k,Qwen3-4B dense 56M (pure attention),beaker,slot,24,soft token (mean embedding),0.167,1,+logL,0,0.18,0.097,0.08299999999999999,0.944,0.146,0.21,0.196,5.1020408163265305,80.4,soft k=0.167 +logL
contradiction,32k,Qwen3-4B dense 56M (pure attention),beaker,slot,24,soft token (mean embedding),0.167,1,+logL-2,0,0.134,0.097,0.037000000000000005,0.957,0.115,0.25,0.196,5.1020408163265305,80.4,soft k=0.167 +logL-2
contradiction,32k,Qwen3-4B dense 56M (pure attention),beaker,slot,24,soft token (mean embedding),0.167,1,+logL-1,0,0.13,0.097,0.033,0.953,0.113,0.21,0.196,5.1020408163265305,80.4,soft k=0.167 +logL-1
contradiction,32k,Qwen3-4B dense 56M (pure attention),beaker,slot,24,soft token (mean embedding),0.167,1,+logL+1,0,0.412,0.097,0.31499999999999995,0.88,0.338,0.0,0.196,5.1020408163265305,80.4,soft k=0.167 +logL+1
contradiction,32k,Qwen3-4B dense 56M (pure attention),beaker,slot,24,soft token (mean embedding),0.167,1,+logL+2,0,1.184,0.097,1.087,0.593,1.076,0.0,0.196,5.1020408163265305,80.4,soft k=0.167 +logL+2
contradiction,32k,Qwen3-4B dense 56M (pure attention),beaker,slot,24,soft token (mean embedding),0.167,1,const=mean logL,0,0.195,0.097,0.098,0.94,0.158,0.12,0.196,5.1020408163265305,80.4,soft k=0.167 const=mean logL
contradiction,32k,Qwen3-4B dense 56M (pure attention),beaker,slot,24,soft token (mean embedding),0.167,1,const-4,0,0.184,0.097,0.087,0.941,0.159,0.12,0.196,5.1020408163265305,80.4,soft k=0.167 const-4
contradiction,32k,Qwen3-4B dense 56M (pure attention),beaker,slot,24,soft token (mean embedding),0.167,1,const-2,0,0.182,0.097,0.08499999999999999,0.941,0.155,0.12,0.196,5.1020408163265305,80.4,soft k=0.167 const-2
contradiction,32k,Qwen3-4B dense 56M (pure attention),beaker,slot,24,soft token (mean embedding),0.167,1,const-1,0,0.178,0.097,0.08099999999999999,0.943,0.153,0.17,0.196,5.1020408163265305,80.4,soft k=0.167 const-1
contradiction,32k,Qwen3-4B dense 56M (pure attention),beaker,slot,24,soft token (mean embedding),0.167,1,const+1,0,0.141,0.097,0.043999999999999984,0.951,0.122,0.21,0.196,5.1020408163265305,80.4,soft k=0.167 const+1
contradiction,32k,Qwen3-4B dense 56M (pure attention),beaker,slot,24,soft token (mean embedding),0.083,1,no-bias,0,0.172,0.097,0.07499999999999998,0.942,0.171,0.12,0.114,8.771929824561402,88.6,soft k=0.083 no-bias
contradiction,32k,Qwen3-4B dense 56M (pure attention),beaker,slot,24,soft token (mean embedding),0.083,1,+logL,0,0.205,0.097,0.10799999999999998,0.938,0.185,0.25,0.114,8.771929824561402,88.6,soft k=0.083 +logL
contradiction,32k,Qwen3-4B dense 56M (pure attention),beaker,slot,24,soft token (mean embedding),0.083,1,+logL-2,0,0.139,0.097,0.04200000000000001,0.954,0.133,0.21,0.114,8.771929824561402,88.6,soft k=0.083 +logL-2
contradiction,32k,Qwen3-4B dense 56M (pure attention),beaker,slot,24,soft token (mean embedding),0.083,1,+logL-1,0,0.137,0.097,0.04000000000000001,0.951,0.128,0.25,0.114,8.771929824561402,88.6,soft k=0.083 +logL-1
contradiction,32k,Qwen3-4B dense 56M (pure attention),beaker,slot,24,soft token (mean embedding),0.083,1,+logL+1,0,0.454,0.097,0.357,0.857,0.381,0.0,0.114,8.771929824561402,88.6,soft k=0.083 +logL+1
contradiction,32k,Qwen3-4B dense 56M (pure attention),beaker,slot,24,soft token (mean embedding),0.083,1,+logL+2,0,1.337,0.097,1.24,0.55,1.228,0.0,0.114,8.771929824561402,88.6,soft k=0.083 +logL+2
contradiction,32k,Qwen3-4B dense 56M (pure attention),beaker,slot,24,soft token (mean embedding),0.083,1,const=mean logL,0,0.221,0.097,0.124,0.937,0.2,0.17,0.114,8.771929824561402,88.6,soft k=0.083 const=mean logL
contradiction,32k,Qwen3-4B dense 56M (pure attention),beaker,slot,24,soft token (mean embedding),0.083,1,const-4,0,0.202,0.097,0.10500000000000001,0.938,0.196,0.12,0.114,8.771929824561402,88.6,soft k=0.083 const-4
contradiction,32k,Qwen3-4B dense 56M (pure attention),beaker,slot,24,soft token (mean embedding),0.083,1,const-2,0,0.192,0.097,0.095,0.939,0.186,0.12,0.114,8.771929824561402,88.6,soft k=0.083 const-2
contradiction,32k,Qwen3-4B dense 56M (pure attention),beaker,slot,24,soft token (mean embedding),0.083,1,const-1,0,0.184,0.097,0.087,0.942,0.18,0.12,0.114,8.771929824561402,88.6,soft k=0.083 const-1
contradiction,32k,Qwen3-4B dense 56M (pure attention),beaker,slot,24,soft token (mean embedding),0.083,1,const+1,0,0.151,0.097,0.05399999999999999,0.948,0.151,0.12,0.114,8.771929824561402,88.6,soft k=0.083 const+1
contradiction,32k,Qwen3-4B dense 56M (pure attention),beaker,slot,24,soft token (mean embedding),0.0,1,no-bias,0,0.158,0.097,0.061,0.945,0.146,0.08,0.036,27.77777777777778,96.39999999999999,soft k=0.000 no-bias
contradiction,32k,Qwen3-4B dense 56M (pure attention),beaker,slot,24,soft token (mean embedding),0.0,1,+logL,0,0.221,0.097,0.124,0.923,0.198,0.04,0.036,27.77777777777778,96.39999999999999,soft k=0.000 +logL
contradiction,32k,Qwen3-4B dense 56M (pure attention),beaker,slot,24,soft token (mean embedding),0.0,1,+logL-2,0,0.171,0.097,0.07400000000000001,0.94,0.155,0.12,0.036,27.77777777777778,96.39999999999999,soft k=0.000 +logL-2
contradiction,32k,Qwen3-4B dense 56M (pure attention),beaker,slot,24,soft token (mean embedding),0.0,1,+logL-1,0,0.174,0.097,0.07699999999999999,0.941,0.154,0.12,0.036,27.77777777777778,96.39999999999999,soft k=0.000 +logL-1
contradiction,32k,Qwen3-4B dense 56M (pure attention),beaker,slot,24,soft token (mean embedding),0.0,1,+logL+1,0,0.498,0.097,0.401,0.842,0.433,0.0,0.036,27.77777777777778,96.39999999999999,soft k=0.000 +logL+1
contradiction,32k,Qwen3-4B dense 56M (pure attention),beaker,slot,24,soft token (mean embedding),0.0,1,+logL+2,0,1.195,0.097,1.098,0.634,1.096,0.0,0.036,27.77777777777778,96.39999999999999,soft k=0.000 +logL+2
contradiction,32k,Qwen3-4B dense 56M (pure attention),beaker,slot,24,soft token (mean embedding),0.0,1,const=mean logL,0,0.23,0.097,0.133,0.92,0.21,0.0,0.036,27.77777777777778,96.39999999999999,soft k=0.000 const=mean logL
contradiction,32k,Qwen3-4B dense 56M (pure attention),beaker,slot,24,soft token (mean embedding),0.0,1,const-4,0,0.184,0.097,0.087,0.938,0.173,0.04,0.036,27.77777777777778,96.39999999999999,soft k=0.000 const-4
contradiction,32k,Qwen3-4B dense 56M (pure attention),beaker,slot,24,soft token (mean embedding),0.0,1,const-2,0,0.172,0.097,0.07499999999999998,0.941,0.16,0.08,0.036,27.77777777777778,96.39999999999999,soft k=0.000 const-2
contradiction,32k,Qwen3-4B dense 56M (pure attention),beaker,slot,24,soft token (mean embedding),0.0,1,const-1,0,0.16,0.097,0.063,0.95,0.15,0.08,0.036,27.77777777777778,96.39999999999999,soft k=0.000 const-1
contradiction,32k,Qwen3-4B dense 56M (pure attention),beaker,slot,24,soft token (mean embedding),0.0,1,const+1,0,0.153,0.097,0.055999999999999994,0.949,0.142,0.12,0.036,27.77777777777778,96.39999999999999,soft k=0.000 const+1
contradiction,32k,dense 56M (ladder),beaker,pooledkv,24,full attention,1.0,1,,0,0.042,0.042,0.0,1.0,0.0,0.67,1.0,1.0,0.0,full
contradiction,32k,dense 56M (ladder),beaker,pooledkv,24,"pooled K/V attention (all tokens kept, GDN intact)",0.333,1,+logL,1,0.381,0.042,0.339,0.884,0.348,0.04,1.0,1.0,0.0,pooledKV k=0.333 +logL
contradiction,32k,dense 56M (ladder),beaker,pooledkv,24,"pooled K/V attention (all tokens kept, GDN intact)",0.333,1,no-bias,1,0.368,0.042,0.326,0.896,0.331,0.04,1.0,1.0,0.0,pooledKV k=0.333 no-bias
contradiction,32k,dense 56M (ladder),beaker,pooledkv,24,"pooled K/V attention (all tokens kept, GDN intact)",0.167,1,+logL,1,0.353,0.042,0.311,0.899,0.328,0.0,1.0,1.0,0.0,pooledKV k=0.167 +logL
contradiction,32k,dense 56M (ladder),beaker,pooledkv,24,"pooled K/V attention (all tokens kept, GDN intact)",0.167,1,no-bias,1,0.337,0.042,0.29500000000000004,0.907,0.308,0.0,1.0,1.0,0.0,pooledKV k=0.167 no-bias
contradiction,32k,dense 56M (ladder),beaker,pooledkv,24,"pooled K/V attention (all tokens kept, GDN intact)",0.083,1,+logL,1,0.325,0.042,0.28300000000000003,0.906,0.309,0.0,1.0,1.0,0.0,pooledKV k=0.083 +logL
contradiction,32k,dense 56M (ladder),beaker,pooledkv,24,"pooled K/V attention (all tokens kept, GDN intact)",0.083,1,no-bias,1,0.275,0.042,0.233,0.923,0.255,0.08,1.0,1.0,0.0,pooledKV k=0.083 no-bias
contradiction,32k,dense 56M (ladder),beaker,pooledkv,24,"pooled K/V attention (all tokens kept, GDN intact)",0.0,1,+logL,1,0.198,0.042,0.156,0.929,0.195,0.17,1.0,1.0,0.0,pooledKV k=0.000 +logL
contradiction,32k,dense 56M (ladder),beaker,pooledkv,24,"pooled K/V attention (all tokens kept, GDN intact)",0.0,1,no-bias,1,0.198,0.042,0.156,0.941,0.17,0.08,1.0,1.0,0.0,pooledKV k=0.000 no-bias
oolong,32k,dense 80M (ladder),beaker,pooledkv,24,full attention,1.0,1,,0,0.466,0.466,0.0,1.0,0.0,0.42,1.0,1.0,0.0,full
oolong,32k,dense 80M (ladder),beaker,pooledkv,24,"pooled K/V attention (all tokens kept, GDN intact)",0.333,1,+logL,1,0.555,0.466,0.08900000000000002,0.816,0.244,0.42,1.0,1.0,0.0,pooledKV k=0.333 +logL
oolong,32k,dense 80M (ladder),beaker,pooledkv,24,"pooled K/V attention (all tokens kept, GDN intact)",0.333,1,no-bias,1,0.553,0.466,0.08700000000000002,0.816,0.243,0.42,1.0,1.0,0.0,pooledKV k=0.333 no-bias
oolong,32k,dense 80M (ladder),beaker,pooledkv,24,"pooled K/V attention (all tokens kept, GDN intact)",0.167,1,+logL,1,0.699,0.466,0.23299999999999993,0.785,0.328,0.42,1.0,1.0,0.0,pooledKV k=0.167 +logL
oolong,32k,dense 80M (ladder),beaker,pooledkv,24,"pooled K/V attention (all tokens kept, GDN intact)",0.167,1,no-bias,1,0.695,0.466,0.22899999999999993,0.791,0.313,0.46,1.0,1.0,0.0,pooledKV k=0.167 no-bias
oolong,32k,dense 80M (ladder),beaker,pooledkv,24,"pooled K/V attention (all tokens kept, GDN intact)",0.083,1,+logL,1,0.706,0.466,0.23999999999999994,0.791,0.327,0.5,1.0,1.0,0.0,pooledKV k=0.083 +logL
oolong,32k,dense 80M (ladder),beaker,pooledkv,24,"pooled K/V attention (all tokens kept, GDN intact)",0.083,1,no-bias,1,0.691,0.466,0.22499999999999992,0.808,0.287,0.42,1.0,1.0,0.0,pooledKV k=0.083 no-bias
oolong,32k,dense 80M (ladder),beaker,pooledkv,24,"pooled K/V attention (all tokens kept, GDN intact)",0.0,1,+logL,1,0.627,0.466,0.16099999999999998,0.808,0.236,0.42,1.0,1.0,0.0,pooledKV k=0.000 +logL
oolong,32k,dense 80M (ladder),beaker,pooledkv,24,"pooled K/V attention (all tokens kept, GDN intact)",0.0,1,no-bias,1,0.53,0.466,0.064,0.838,0.144,0.42,1.0,1.0,0.0,pooledKV k=0.000 no-bias
nq,32k,dense 48M (ladder),beaker,pooledkv,24,full attention,1.0,1,,0,0.086,0.086,0.0,1.0,0.0,0.96,1.0,1.0,0.0,full
nq,32k,dense 48M (ladder),beaker,pooledkv,24,"pooled K/V attention (all tokens kept, GDN intact)",0.333,1,+logL,1,0.745,0.086,0.659,0.841,0.687,0.38,1.0,1.0,0.0,pooledKV k=0.333 +logL
nq,32k,dense 48M (ladder),beaker,pooledkv,24,"pooled K/V attention (all tokens kept, GDN intact)",0.333,1,no-bias,1,0.698,0.086,0.612,0.841,0.641,0.38,1.0,1.0,0.0,pooledKV k=0.333 no-bias
nq,32k,dense 48M (ladder),beaker,pooledkv,24,"pooled K/V attention (all tokens kept, GDN intact)",0.167,1,+logL,1,0.957,0.086,0.871,0.776,0.905,0.12,1.0,1.0,0.0,pooledKV k=0.167 +logL
nq,32k,dense 48M (ladder),beaker,pooledkv,24,"pooled K/V attention (all tokens kept, GDN intact)",0.167,1,no-bias,1,0.93,0.086,0.8440000000000001,0.777,0.882,0.12,1.0,1.0,0.0,pooledKV k=0.167 no-bias
nq,32k,dense 48M (ladder),beaker,pooledkv,24,"pooled K/V attention (all tokens kept, GDN intact)",0.083,1,+logL,1,1.047,0.086,0.961,0.743,1.03,0.08,1.0,1.0,0.0,pooledKV k=0.083 +logL
nq,32k,dense 48M (ladder),beaker,pooledkv,24,"pooled K/V attention (all tokens kept, GDN intact)",0.083,1,no-bias,1,1.037,0.086,0.951,0.743,1.017,0.04,1.0,1.0,0.0,pooledKV k=0.083 no-bias
nq,32k,dense 48M (ladder),beaker,pooledkv,24,"pooled K/V attention (all tokens kept, GDN intact)",0.0,1,+logL,1,0.893,0.086,0.807,0.741,0.849,0.0,1.0,1.0,0.0,pooledKV k=0.000 +logL
nq,32k,dense 48M (ladder),beaker,pooledkv,24,"pooled K/V attention (all tokens kept, GDN intact)",0.0,1,no-bias,1,0.849,0.086,0.763,0.754,0.807,0.0,1.0,1.0,0.0,pooledKV k=0.000 no-bias
outlier,32k,dense 160M (ladder),beaker,pooledkv,8,full attention,1.0,1,,0,1.2,1.2,0.0,1.0,0.0,0.0,1.0,1.0,0.0,full
outlier,32k,dense 160M (ladder),beaker,pooledkv,8,"pooled K/V attention (all tokens kept, GDN intact)",0.333,1,+logL,1,1.825,1.2,0.625,0.733,0.776,0.0,1.0,1.0,0.0,pooledKV k=0.333 +logL
outlier,32k,dense 160M (ladder),beaker,pooledkv,8,"pooled K/V attention (all tokens kept, GDN intact)",0.333,1,no-bias,1,1.745,1.2,0.5450000000000002,0.733,0.754,0.0,1.0,1.0,0.0,pooledKV k=0.333 no-bias
outlier,32k,dense 160M (ladder),beaker,pooledkv,8,"pooled K/V attention (all tokens kept, GDN intact)",0.167,1,+logL,1,1.807,1.2,0.607,0.693,0.802,0.0,1.0,1.0,0.0,pooledKV k=0.167 +logL
outlier,32k,dense 160M (ladder),beaker,pooledkv,8,"pooled K/V attention (all tokens kept, GDN intact)",0.167,1,no-bias,1,1.689,1.2,0.4890000000000001,0.679,0.8,0.0,1.0,1.0,0.0,pooledKV k=0.167 no-bias
outlier,32k,dense 160M (ladder),beaker,pooledkv,8,"pooled K/V attention (all tokens kept, GDN intact)",0.083,1,+logL,1,1.796,1.2,0.5960000000000001,0.679,0.834,0.0,1.0,1.0,0.0,pooledKV k=0.083 +logL
outlier,32k,dense 160M (ladder),beaker,pooledkv,8,"pooled K/V attention (all tokens kept, GDN intact)",0.083,1,no-bias,1,1.594,1.2,0.39400000000000013,0.643,0.834,0.0,1.0,1.0,0.0,pooledKV k=0.083 no-bias
outlier,32k,dense 160M (ladder),beaker,pooledkv,8,"pooled K/V attention (all tokens kept, GDN intact)",0.0,1,+logL,1,1.56,1.2,0.3600000000000001,0.727,0.794,0.0,1.0,1.0,0.0,pooledKV k=0.000 +logL
outlier,32k,dense 160M (ladder),beaker,pooledkv,8,"pooled K/V attention (all tokens kept, GDN intact)",0.0,1,no-bias,1,1.456,1.2,0.256,0.672,0.969,0.0,1.0,1.0,0.0,pooledKV k=0.000 no-bias
